CASE_ID,ACCIDENT_YEAR,PROC_DATE,JURIS,COLLISION_DATE,COLLISION_TIME,OFFICER_ID,REPORTING_DISTRICT,DAY_OF_WEEK,CHP_SHIFT,POPULATION,CNTY_CITY_LOC,SPECIAL_COND,BEAT_TYPE,CHP_BEAT_TYPE,CITY_DIVISION_LAPD,CHP_BEAT_CLASS,BEAT_NUMBER,PRIMARY_RD,SECONDARY_RD,DISTANCE,DIRECTION,INTERSECTION,WEATHER_1,WEATHER_2,STATE_HWY_IND,CALTRANS_COUNTY,CALTRANS_DISTRICT,STATE_ROUTE,ROUTE_SUFFIX,POSTMILE_PREFIX,POSTMILE,LOCATION_TYPE,RAMP_INTERSECTION,SIDE_OF_HWY,TOW_AWAY,COLLISION_SEVERITY,NUMBER_KILLED,NUMBER_INJURED,PARTY_COUNT,PRIMARY_COLL_FACTOR,PCF_CODE_OF_VIOL,PCF_VIOL_CATEGORY,PCF_VIOLATION,PCF_VIOL_SUBSECTION,HIT_AND_RUN,TYPE_OF_COLLISION,MVIW,PED_ACTION,ROAD_SURFACE,ROAD_COND_1,ROAD_COND_2,LIGHTING,CONTROL_DEVICE,CHP_ROAD_TYPE,PEDESTRIAN_ACCIDENT,BICYCLE_ACCIDENT,MOTORCYCLE_ACCIDENT,TRUCK_ACCIDENT,NOT_PRIVATE_PROPERTY,ALCOHOL_INVOLVED,STWD_VEHTYPE_AT_FAULT,CHP_VEHTYPE_AT_FAULT,COUNT_SEVERE_INJ,COUNT_VISIBLE_INJ,COUNT_COMPLAINT_PAIN,COUNT_PED_KILLED,COUNT_PED_INJURED,COUNT_BICYCLIST_KILLED,COUNT_BICYCLIST_INJURED,COUNT_MC_KILLED,COUNT_MC_INJURED,PRIMARY_RAMP,SECONDARY_RAMP,LATITUDE,LONGITUDE,COUNTY,CITY,POINT_X,POINT_Y
8369171,2017,2017-05-25,1905,2017-04-28,1538,1142,61-4,5,5,4,1905,0,0,0,,0,002,"SIERRA MADRE AV","VERNON ST",0.00,,Y,A,-,N,,,,,,,,,,Y,3,0,3,2,A,-,03,22350,,N,D,C,A,A,H,-,A,A,0,,,,,Y,Y,A,01,0,3,0,0,0,0,0,0,0,"- ","- ",34.142830000000004,-117.91807,"LOS ANGELES",AZUSA,-117.91803006000001,34.14287006
8371081,2017,2018-03-21,1942,2017-04-28,2150,40151,1846,5,5,7,1942,0,0,0,R,0,18A35,"IMPERIAL HWY","SUCCESS AV",100.00,W,N,A,-,N,,,,,,,,,,Y,4,0,1,2,A,-,08,22107,,N,B,C,A,A,H,-,D,D,0,,,,,Y,Y,A,01,0,0,1,0,0,0,0,0,0,"- ","- ",,,"LOS ANGELES","LOS ANGELES",-118.24964900000001,33.929470000000002
8371572,2017,2017-05-25,1900,2017-04-22,2320,530600,0631,6,5,6,1985,0,0,0,,0,61T1,"SAND CANYON RD","CONDOR RIDGE RD",263.00,S,N,A,-,N,,,,,,,,,,Y,3,0,1,1,A,-,01,23152,A,N,E,I,A,A,H,-,C,D,0,,,,,Y,Y,D,22,0,1,0,0,0,0,0,0,0,"- ","- ",,,"LOS ANGELES","SANTA CLARITA",-118.41645723000001,34.400088080000003
8371723,2017,2017-05-23,1933,2017-04-11,1902,1012,22,2,5,6,1933,0,0,0,,0,003,"2ND AV","ARBOR VITAE ST",0.00,,Y,A,-,N,,,,,,,,,,N,4,0,1,2,A,-,12,22450,A,F,D,C,A,A,H,-,B,D,0,,,,,Y,Y,A,01,0,0,1,0,0,0,0,0,0,"- ","- ",33.952719999999999,-118.31881,"LOS ANGELES",INGLEWOOD,-118.31885013,33.952720069999998
8413185,2017,2018-06-20,1925,2017-07-02,2245,25361,1,7,5,6,1925,0,0,0,,0,214,"PACIFIC AV","RT 134",100.00,N,N,A,-,Y,LA,7,134,-,R,6.574,R,4,E,Y,3,0,2,2,A,-,01,23152,A,N,D,C,A,A,H,-,C,A,0,,,,,Y,Y,A,01,0,1,1,0,0,0,0,0,0,"- ","- ",,,"LOS ANGELES",GLENDALE,-118.26451487,34.156102570000002
8429603,2017,2017-08-18,1942,2017-08-05,1030,42247,1283,6,5,7,1942,0,0,0,L,0,12A31,"CENTURY BL","VAN NESS AV",0.00,,Y,A,-,N,,,,,,,,,,N,4,0,1,2,A,-,09,21804,A,N,D,C,A,A,H,-,A,A,0,,,,,Y,Y,A,01,0,0,1,0,0,0,0,0,0,"- ","- ",,,"LOS ANGELES","LOS ANGELES",-118.31772005000001,33.94546004
8434840,2017,2017-08-24,1941,2017-08-09,2302,11012,,3,5,7,1941,0,0,0,,0,,"4TH ST","ALAMITOS AV",24.00,W,N,A,-,N,,,,,,,,,,Y,3,0,3,2,A,-,01,23153,A,F,C,C,A,A,H,-,C,A,0,,,Y,,Y,Y,A,,0,2,1,0,0,0,0,0,1,"- ","- ",,,"LOS ANGELES","LONG BEACH",-118.1813585,33.77174419
8435959,2017,2017-09-28,1922,2017-08-09,2139,687,4,3,5,6,1922,0,0,0,,0,,"VALLEY BL","DURFEE AV",275.00,W,N,A,-,N,,,,,,,,,,Y,3,0,1,1,A,-,01,23152,A,M,B,I,A,A,H,-,C,D,0,,,,,Y,Y,I,11,0,1,0,0,0,0,0,0,0,"- ","- ",34.059919999999998,-118.01406,"LOS ANGELES","EL MONTE",-118.01401806,34.060129830000001
8460517,2017,2017-10-05,1941,2017-09-16,0342,6170,,6,5,7,1941,0,0,0,,0,,"PACIFIC AV",BURNETT,150.00,S,N,A,-,N,,,,,,,,,,Y,4,0,2,3,A,-,07,21658,A,M,B,C,A,A,H,-,C,D,0,,,,,Y,Y,A,,0,0,2,0,0,0,0,0,0,"- ","- ",,,"LOS ANGELES","LONG BEACH",-118.19377,33.80033865
8465414,2017,2019-04-10,1900,2017-09-24,1809,476816,1335,7,5,5,1908,0,0,0,,0,130T,"ARTESIA BL","CLARK AV",551.00,W,N,A,-,N,,,,,,,,,,Y,1,1,2,3,A,-,03,22350,,N,D,C,A,A,H,-,B,D,0,,,Y,,Y,Y,C,02,0,0,2,0,0,0,0,1,0,"- ","- ",,,"LOS ANGELES",BELLFLOWER,-118.13569142,33.874850000000002
8466647,2017,2017-10-13,1900,2017-09-13,0440,548793,04,3,5,4,1936,0,0,0,,0,43T1,"BEACH BL","ROSECRANS AV",0.00,,Y,A,-,N,,,,,,,,,,Y,4,0,1,2,A,-,01,23152,A,N,D,C,A,A,H,-,C,A,0,,,,,Y,Y,A,01,0,0,1,0,0,0,0,0,0,"- ","- ",,,"LOS ANGELES","LA MIRADA",-117.98739009000001,33.896270039999997
8482921,2017,2017-11-02,1942,2017-10-22,0055,39128,0901,7,5,7,1942,0,0,0,I,0,9A5,"ORION AV","SATICOY ST",0.00,,Y,A,-,N,,,,,,,,,,N,4,0,1,2,A,-,09,21804,A,F,-,G,A,-,-,-,C,A,0,,Y,,,Y,Y,L,04,0,0,1,0,0,0,1,0,0,"- ","- ",,,"LOS ANGELES","LOS ANGELES",-118.47056009000001,34.208450059999997
8486992,2017,2018-01-03,1955,2017-10-21,2305,42251,49,6,5,6,1955,0,0,0,,0,001,"WEBER ST","LAUREL AV",26.00,S,N,A,-,N,,,,,,,,,,Y,2,0,1,2,A,-,01,23152,A,N,D,C,A,A,H,-,C,D,0,,,,,Y,Y,A,01,1,0,0,0,0,0,0,0,0,"- ","- ",,,"LOS ANGELES",POMONA,-117.77268828,34.06380875
8489803,2017,2017-12-01,1941,2017-10-25,1536,10996,,3,5,7,1941,0,0,0,,0,,"PACIFIC COAST HWY","MAINE AV",12.00,E,N,A,-,N,,,,,,,,,,Y,4,0,3,3,A,-,03,22350,,M,C,C,A,A,H,-,A,D,0,,,,,Y,Y,A,,0,0,3,0,0,0,0,0,0,"- ","- ",,,"LOS ANGELES","LONG BEACH",-118.20065059,33.789870000000001
8497400,2017,2017-12-28,1934,2017-09-25,0638,778,WESTC,1,5,1,1934,0,0,0,,0,001,"ARROW HWY","AZUSA CANYON RD",4224.00,E,N,A,-,N,,,,,,,,,,Y,4,0,1,2,A,-,03,22350,,F,C,C,A,A,H,-,A,D,0,,,,,Y,Y,A,01,0,0,1,0,0,0,0,0,0,"- ","- ",,,"LOS ANGELES",IRWINDALE,-117.92905985,34.106907919999998
8498046,2017,2017-12-08,1942,2017-11-14,1920,40899,2058,2,5,7,1942,0,0,0,,0,20T59,"HOOVER ST","CARONDELET ST",0.00,,Y,A,-,N,,,,,,,,,,Y,4,0,2,2,A,-,01,23152,A,N,C,C,A,A,H,-,C,D,0,,,,,Y,Y,A,01,0,0,2,0,0,0,0,0,0,"- ","- ",,,"LOS ANGELES","LOS ANGELES",-118.28422008,34.053750020000003
8498062,2017,2017-12-08,1942,2017-11-03,0300,39022,2074,5,5,7,1942,0,0,0,,0,7T23,"PICO BL","ARDMORE AV",95.00,E,N,A,-,N,,,,,,,,,,Y,3,0,1,3,A,-,01,23152,A,N,A,E,A,A,H,-,C,D,0,,,,,Y,Y,A,01,0,1,0,0,0,0,0,0,0,"- ","- ",,,"LOS ANGELES","LOS ANGELES",-118.30223700000001,34.047220000000003
8503500,2017,2017-12-14,1931,2017-11-11,2018,5318,,6,5,5,1931,0,0,0,,0,,"SATURN AV","RUGBY AV",0.00,,Y,A,-,N,,,,,,,,,,Y,3,0,2,2,A,-,01,23153,A,N,D,C,A,A,H,-,C,D,0,,,,,Y,Y,A,01,0,2,0,0,0,0,0,0,0,"- ","- ",,,"LOS ANGELES","HUNTINGTON PARK",-118.22655008,33.976910089999997
8506930,2017,2018-01-24,1942,2017-10-24,1100,42867,18,2,5,7,1942,0,0,0,R,0,18A17,"IMPERIAL HWY",BROADWAY,0.00,,Y,A,-,N,,,,,,,,,,Y,4,0,2,2,A,-,12,21453,A,N,D,C,A,A,H,-,A,A,0,,,,,Y,Y,-,"- ",0,0,2,0,0,0,0,0,0,"- ","- ",,,"LOS ANGELES","LOS ANGELES",-118.27846004,33.931010020000002
8511171,2017,2017-12-22,1925,2017-12-10,0211,25311,270,7,5,6,1925,0,0,0,,0,002,"SAN FERNANDO RD","WINDSOR RD",66.00,S,N,A,-,N,,,,,,,,,,N,2,0,1,2,A,-,08,22107,,F,B,B,A,A,H,-,C,D,0,,,,,Y,Y,-,,1,0,0,0,0,0,0,0,0,"- ","- ",,,"LOS ANGELES",GLENDALE,-118.2639779,34.136336
8520600,2017,2018-02-03,1942,2017-12-01,1920,37611,1309,5,5,7,1942,0,0,0,M,0,13A9,"EAST WASHINGTON BL","S PERRINO PL",885.00,W,N,A,-,N,,,,,,,,,,Y,4,0,2,2,A,-,01,23152,A,N,C,C,A,A,H,-,C,D,0,,,,,Y,Y,D,22,0,0,2,0,0,0,0,0,0,"- ","- ",,,"LOS ANGELES","LOS ANGELES",-118.22397284,34.017400000000002
8527641,2017,2018-01-17,1942,2017-12-26,1940,32774,2146,2,5,7,1942,0,0,0,,0,21A57,"TOPANGA CANYON BL","GAULT ST",110.00,N,N,A,-,N,,,,,,,,,,N,4,0,4,3,A,-,03,22350,,F,C,C,A,A,H,-,C,D,0,,,,,Y,Y,-,99,0,0,4,0,0,0,0,0,0,"- ","- ",,,"LOS ANGELES","LOS ANGELES",-118.60594,34.199551769999999
8528384,2017,2018-01-19,1900,2017-12-25,2245,527381,2607,1,5,6,1950,0,0,0,,0,262T1,"55TH ST EAST","AVENUE R-8",0.00,,Y,A,-,N,,,,,,,,,,Y,4,0,2,2,A,-,01,23152,A,M,D,C,A,-,H,-,C,A,0,,,,,Y,Y,D,22,0,0,2,0,0,0,0,0,0,"- ","- ",,,"LOS ANGELES",PALMDALE,-118.03173012000001,34.565260100000003
8544994,2018,2018-02-08,1928,2018-01-20,2248,403,509,6,5,5,1928,0,0,0,,0,002,"120TH ST","KORNBLUM AV",107.00,W,N,A,G,N,,,,,,,,,,Y,2,0,1,7,A,-,01,23152,,N,C,C,A,A,H,-,C,D,0,,,,,Y,Y,A,01,1,0,0,0,0,0,0,0,0,"- ","- ",33.923709869384766,-118.33757781982422,"LOS ANGELES",HAWTHORNE,-118.33776092529297,33.923686981201172
8546699,2018,2018-02-07,1942,2018-01-24,1015,38191,1693,3,5,7,1942,0,0,0,P,0,16A81,"STRATHERN ST","WHITSETT AV",140.00,E,N,A,-,N,,,,,,,,,,N,3,0,1,2,A,-,03,22350,,F,G,B,E,A,H,-,A,D,0,Y,,,,Y,Y,-,99,0,1,0,0,1,0,0,0,0,"- ","- ",,,"LOS ANGELES","LOS ANGELES",-118.40480804443359,34.215728759765625
8578193,2018,2018-03-16,1942,2018-03-01,2345,39451,0668,4,5,7,1942,0,0,0,F,0,6EL1W3,"SUNSET BL","WILTON PL",15.00,W,N,C,-,N,,,,,,,,,,Y,4,0,1,3,A,-,01,23152,A,N,C,C,A,B,H,-,C,A,0,,,,,Y,Y,A,01,0,0,1,0,0,0,0,0,0,"- ","- ",,,"LOS ANGELES","LOS ANGELES",-118.31365203857422,34.098079681396484
8598062,2018,2018-06-20,1900,2018-02-20,0403,YAUS,0973,2,5,4,1979,0,0,0,,0,91T1,"SANTA MONICA BL","FORMOSA AV",0.00,,Y,A,-,N,,,,,,,,,,Y,3,0,2,2,A,-,04,21703,,N,C,C,A,A,H,-,C,A,0,,,,,Y,Y,A,01,0,2,0,0,0,0,0,0,0,"- ","- ",,,"LOS ANGELES","WEST HOLLYWOOD",-118.34625244140625,34.090709686279297
8602177,2018,2018-05-16,1942,2018-04-26,1553,43273,0326,4,5,7,1942,0,0,0,C,0,3A18,"KENWOOD AV","29TH ST",0.00,,Y,A,-,N,,,,,,,,,,Y,4,0,3,3,A,-,01,23152,A,N,A,C,A,A,H,-,A,D,0,,,,,Y,Y,A,01,0,0,3,0,0,0,0,0,0,"- ","- ",,,"LOS ANGELES","LOS ANGELES",-118.29911041259766,34.029140472412109
8604122,2018,2018-07-30,1942,2018-04-16,1030,42973,1367,1,5,7,1942,0,0,0,M,0,13A63,"48TH PL","COMPTON AV",200.00,E,N,A,-,N,,,,,,,,,,N,4,0,1,2,A,-,09,21804,A,N,D,C,A,A,H,-,A,D,0,,,,,Y,Y,A,01,0,0,1,0,0,0,0,0,0,"- ","- ",,,"LOS ANGELES","LOS ANGELES",-118.24712371826172,33.999351501464844
8605610,2018,2018-05-09,1900,2018-04-22,2330,538995,2619,7,5,6,1950,0,0,0,,0,263T1,"SIERRA HWY","AVENUE P",0.00,,Y,A,-,N,,,,,,,,,,Y,3,0,1,2,A,-,01,23152,A,N,C,C,A,A,H,-,C,A,0,,,,,Y,Y,A,01,0,1,0,0,0,0,0,0,0,"- ","- ",34.601451873779297,-118.12110137939453,"LOS ANGELES",PALMDALE,-118.12130737304688,34.601810455322266
8606369,2018,2018-05-16,1948,2018-03-20,1227,356,1948,2,5,5,1948,0,0,0,,0,024,"SOUTH GARFIELD AV","RIGGIN ST",35.00,S,N,A,-,N,,,,,,,,,,Y,4,0,1,2,A,-,01,23152,A,M,C,C,A,A,H,-,A,A,0,,,,,Y,Y,-,,0,0,1,0,0,0,0,0,0,"- ","- ",,,"LOS ANGELES","MONTEREY PARK",-118.13051605224609,34.036624908447266
8608229,2018,2018-05-08,1941,2018-04-12,2017,10538,,4,5,7,1941,0,0,0,,0,,"ATLANTIC AV","60TH ST",50.00,S,N,A,-,N,,,,,,,,,,Y,4,0,1,4,A,-,08,22107,,N,B,E,A,A,H,-,C,D,0,,,,,Y,Y,A,,0,0,1,0,0,0,0,0,0,"- ","- ",,,"LOS ANGELES","LONG BEACH",-118.18506622314453,33.863571166992188
8630831,2018,2018-06-06,1942,2018-05-28,1050,36700,0341,1,5,7,1942,0,0,0,C,0,3A63,"RODEO RD","E LA CIENEGA BL",100.00,E,N,A,-,N,,,,,,,,,,Y,4,0,1,2,A,-,01,23152,A,N,C,C,A,A,H,-,A,A,0,,,,,Y,Y,A,01,0,0,1,0,0,0,0,0,0,"- ","- ",,,"LOS ANGELES","LOS ANGELES",-118.37203216552734,34.021690368652344
8642842,2018,2018-07-02,1942,2018-04-29,1640,40656,1203,7,5,7,1942,0,0,0,L,0,12X66,"48TH ST","SAINT ANDREWS PL",294.00,W,N,A,-,N,,,,,,,,,,Y,3,0,1,4,A,-,07,21658,A,N,B,E,A,A,H,-,A,D,0,,,,,Y,Y,A,01,0,1,0,0,0,0,0,0,0,"- ","- ",,,"LOS ANGELES","LOS ANGELES",-118.31231689453125,34.000045776367188
8648083,2017,2018-08-20,1902,2017-12-23,1035,745,1,6,5,5,1902,0,0,0,,0,001,"SANTA ANITA CANYON RD","ARNO DR",5280.00,N,N,A,-,N,,,,,,,,,,Y,1,1,0,1,A,-,01,23153,A,N,F,I,A,A,H,-,A,D,0,,,,,Y,Y,D,22,0,0,0,0,0,0,0,0,0,"- ","- ",,,"LOS ANGELES",ARCADIA,-118.029453,34.176931000000003
8648308,2018,2020-05-26,1942,2018-10-15,2015,39299,0393,1,5,7,1942,0,0,0,C,0,3A73,"CRENSHAW BL","STOCKER ST",140.00,S,N,A,-,N,,,,,,,,,,N,1,1,0,2,A,-,11,21955,,N,G,B,D,A,H,-,C,A,0,Y,,,,Y,Y,N,60,0,0,0,1,0,0,0,0,0,"- ","- ",,,"LOS ANGELES","LOS ANGELES",-118.3350830078125,34.008045196533203
8648510,2018,2020-05-26,1942,2018-12-15,2215,42451,0819,6,5,7,1942,0,0,0,H,0,8A29,"SUNSET BL","MAPLETON DR",276.00,E,N,A,-,N,,,,,,,,,,N,1,1,0,2,A,-,11,21954,A,F,G,B,D,A,H,-,C,D,0,Y,,,,Y,Y,N,60,0,0,0,1,0,0,0,0,0,"- ","- ",,,"LOS ANGELES","LOS ANGELES",-118.43186187744141,34.082309722900391
8659466,2018,2018-07-19,1942,2018-06-18,2330,43175,1437,1,5,7,1942,0,0,0,N,0,14A27,"VENICE BL","SEPULVEDA BL",100.00,E,N,A,-,N,,,,,,,,,,Y,4,0,1,2,A,-,03,22350,,F,C,C,A,A,H,-,C,A,0,,,,,Y,Y,A,01,0,0,1,0,0,0,0,0,0,"- ","- ",,,"LOS ANGELES","LOS ANGELES",-118.41697692871094,34.013130187988281
8662914,2018,2018-07-18,1907,2018-06-25,0220,239,1,1,5,4,1907,0,0,0,,0,,"OTIS AV","GAGE AV",0.00,,Y,A,-,N,,,,,,,,,,Y,3,0,1,2,A,-,01,23152,A,N,D,C,A,A,H,-,C,A,0,,,,,Y,Y,A,01,0,1,0,0,0,0,0,0,0,"- ","- ",33.978599548339844,-118.19243621826172,"LOS ANGELES",BELL,-118.19268798828125,33.978618621826172
8666003,2018,2018-08-30,1900,2018-07-03,2312,548793,0453,2,5,6,1949,0,0,0,,0,43T1,"STUDEBAKER RD","RT 105",0.00,,Y,A,-,Y,LA,7,105,-,R,18.144,I,5,E,Y,3,0,1,1,A,-,01,23152,A,N,E,I,A,A,H,-,C,A,0,,,,,Y,Y,A,01,0,1,0,0,0,0,0,0,0,"- ",EF,,,"LOS ANGELES",NORWALK,-118.09930419921875,33.914264678955078
8674532,2017,2018-08-16,1918,2017-10-21,1726,1155,1918,6,5,4,1918,0,0,0,,0,4A4D,"SEPULVEDA BL","JANISANN AV",0.00,,Y,A,-,N,,,,,,,,,,Y,3,0,1,1,A,-,01,23152,A,N,E,I,A,A,H,-,A,D,0,,,,,Y,Y,A,01,0,1,0,0,0,0,0,0,0,"- ","- ",,,"LOS ANGELES","CULVER CITY",-118.39672001,33.996800069999999
8704834,2018,2018-10-12,1955,2018-09-25,1930,42439,13,2,5,6,1955,0,0,0,,0,003,"N TOWNE AV","ROOSEVELT AV",0.00,,Y,A,-,N,,,,,,,,,,Y,2,0,2,2,A,-,01,23152,A,N,C,C,A,A,H,-,C,D,0,,,,,Y,Y,A,01,1,0,1,0,0,0,0,0,0,"- ","- ",,,"LOS ANGELES",POMONA,-117.74195098876953,34.072719573974609
8708871,2018,2018-10-12,1942,2018-09-02,2200,40325,0236,7,5,7,1942,0,0,0,B,0,2A56,"BEVERLY BL","BONNIE BRAE ST",70.00,E,N,A,-,N,,,,,,,,,,N,4,0,1,2,A,-,11,21954,A,N,G,B,D,A,H,-,C,A,0,Y,,,,Y,Y,A,01,0,0,1,0,1,0,0,0,0,"- ","- ",,,"LOS ANGELES","LOS ANGELES",-118.26779174804688,34.065528869628906
8716208,2018,2018-10-16,1961,2018-09-15,2030,10387,1961,6,5,3,1961,0,0,0,,0,001,"GLENOAKS BL","GLENOAKS BL 1900",0.00,,Y,A,-,N,,,,,,,,,,Y,4,0,1,2,A,-,01,23152,A,M,C,C,A,A,-,-,C,A,0,,,,,Y,Y,A,07,0,0,1,0,0,0,0,0,0,"- ","- ",,,"LOS ANGELES","SAN FERNANDO",-118.436378,34.296973999999999
8734306,2018,2018-11-28,1942,2018-08-26,0020,33403,0814,7,5,7,1942,0,0,0,H,0,8A59,"BARRINGTON AV","BARRINGTON CT",150.00,S,N,A,-,N,,,,,,,,,,Y,3,0,1,3,A,-,01,23152,A,N,D,E,A,A,H,-,C,A,0,,,,,Y,Y,A,01,0,1,0,0,0,0,0,0,0,"- ","- ",,,"LOS ANGELES","LOS ANGELES",-118.46919250488281,34.064552307128906
8736638,2018,2018-11-26,1942,2018-07-15,1350,32305,1268,7,5,7,1942,0,0,0,L,0,12A45,"MAIN ST","84TH PL",200.00,S,N,A,-,N,,,,,,,,,,Y,4,0,1,2,A,-,01,23152,A,F,D,C,A,A,H,-,A,D,0,,,,,Y,Y,A,01,0,0,1,0,0,0,0,0,0,"- ","- ",,,"LOS ANGELES","LOS ANGELES",-118.27388763427734,33.961811065673828
8763573,2018,2019-01-02,1900,2018-12-09,1815,610418,1133,7,5,6,1992,0,0,0,,0,112T1,"AVENUE J","3RD ST EAST",0.00,,Y,A,-,N,,,,,,,,,,Y,4,0,1,2,A,-,01,23152,A,M,B,C,A,A,H,-,C,D,0,,,,,Y,Y,A,01,0,0,1,0,0,0,0,0,0,"- ","- ",,,"LOS ANGELES",LANCASTER,-118.12640380859375,34.689468383789062
8767769,2018,2019-01-08,1941,2018-12-09,1156,10919,,7,5,7,1941,0,0,0,,0,901T,"CEDAR AV","6TH ST",0.00,,Y,A,-,N,,,,,,,,,,Y,2,0,4,3,A,-,12,21453,A,N,D,C,F,A,H,-,A,A,0,Y,,,Y,Y,Y,F,,2,1,1,0,1,0,0,0,0,"- ","- ",,,"LOS ANGELES","LONG BEACH",-118.19506072998047,33.774139404296875
8790448,2018,2019-02-01,1920,2018-11-22,0135,12611,,4,5,6,1920,0,0,0,,0,003,"FIRESTONE BL","OLD RIVER SCHOOL RD",3.00,W,N,C,-,N,,,,,,,,,,Y,3,0,1,1,A,-,01,23152,A,N,E,I,A,B,H,-,C,A,0,,,,,Y,Y,A,01,0,1,0,0,0,0,0,0,0,"- ","- ",,,"LOS ANGELES",DOWNEY,-118.14900970458984,33.947189331054688
8790996,2018,2019-02-02,1969,2018-12-02,1944,10228,,7,5,5,1969,0,0,0,,0,001,"SOUTHERN AVE","CALDEN AV",345.00,E,N,A,-,N,,,,,,,,,,N,2,0,1,2,A,-,11,21954,A,N,G,B,D,A,H,-,C,A,0,Y,,,,Y,Y,N,60,1,0,0,0,1,0,0,0,0,"- ","- ",,,"LOS ANGELES","SOUTH GATE",-118.22767639160156,33.953353881835938
8794526,2019,2019-04-11,1942,2019-01-07,0225,42491,2196,1,5,7,1942,0,0,0,,0,21A73,"TOPANGA CANYON BL","MULHOLLAND DR",30.00,N,N,C,-,Y,LA,7,27,-,-,11.070,H,-,N,Y,4,0,1,2,A,-,01,23152,A,N,B,E,A,B,H,-,C,D,0,,,,,Y,Y,A,01,0,0,1,0,0,0,0,0,0,"- ","- ",,,"LOS ANGELES","LOS ANGELES",-118.60479736328125,34.151317596435547
8799064,2018,2019-02-15,1942,2018-12-31,0215,42876,0235,1,5,7,1942,0,0,0,B,0,2A17,"S CARONDELET ST","BEVERLY BL",35.00,S,N,A,-,N,,,,,,,,,,Y,3,0,1,1,A,-,01,23152,A,N,F,I,A,A,H,-,-,D,0,,,,,Y,Y,A,07,0,1,0,0,0,0,0,0,0,"- ","- ",,,"LOS ANGELES","LOS ANGELES",-118.27500915527344,34.068691253662109
8806536,2019,2019-03-05,1941,2019-02-12,2333,11101,,2,5,7,1941,0,0,0,,0,,"GLADYS AV","GLADYS AV 1330",60.00,E,N,A,-,N,,,,,,,,,,Y,4,0,1,1,D,-,00,,,N,E,I,A,A,E,-,C,D,0,,,,,Y,Y,-,"- ",0,0,1,0,0,0,0,0,0,"- ","- ",,,"LOS ANGELES","LONG BEACH",,
8806697,2019,2019-03-06,1942,2019-01-09,0940,38982,0218,3,5,7,1942,0,0,0,B,0,2A39,"GLENDALE BL",PARK,43.00,N,N,A,-,N,,,,,,,,,,N,4,0,4,3,A,-,03,22350,,N,-,C,A,-,H,-,A,D,0,,,,,Y,Y,D,22,0,0,4,0,0,0,0,0,0,"- ","- ",,,"LOS ANGELES","LOS ANGELES",-118.26143646240234,34.076042175292969
8807562,2019,2019-03-05,1942,2019-01-19,1740,34426,0233,6,5,7,1942,0,0,0,B,0,2A17,"BEVERLY BL","VENDOME ST",97.00,E,N,A,-,N,,,,,,,,,,Y,4,0,2,3,A,-,09,21801,A,N,D,C,A,A,H,-,C,D,0,,,,,Y,Y,J,48,0,0,2,0,0,0,0,0,0,"- ","- ",,,"LOS ANGELES","LOS ANGELES",-118.28190612792969,34.071685791015625
8821086,2019,2019-03-25,1955,2019-03-03,0500,42439,69,7,5,6,1955,0,0,0,,0,005,"MISSION BL","TEMPLE AV",120.00,E,N,A,-,N,,,,,,,,,,Y,3,0,1,2,A,-,01,23152,A,N,C,C,A,B,H,-,C,A,0,,,Y,,Y,Y,C,02,0,1,0,0,0,0,0,0,1,"- ","- ",,,"LOS ANGELES",POMONA,-117.79782104492188,34.040794372558594
8824041,2018,2019-03-25,1924,2018-03-05,1550,111072,20,1,5,5,1924,0,0,0,,0,001,"EL SEGUNDO BL","WESTERN AV",247.00,W,N,A,-,N,,,,,,,,,,N,4,0,1,3,A,-,03,22350,,N,C,C,A,A,H,-,A,D,0,,,,,Y,Y,A,01,0,0,1,0,0,0,0,0,0,"- ","- ",33.916439056396484,-118.30908966064453,"LOS ANGELES",GARDENA,-118.30989074707031,33.916439056396484
8825460,2019,2019-03-28,1942,2019-03-04,1435,41933,1269,1,5,7,1942,0,0,0,L,0,25722,"E 85TH ST","TOWNE AV",127.00,W,N,A,-,N,,,,,,,,,,N,4,0,1,2,A,-,01,23152,A,N,H,C,A,A,H,-,A,D,0,,,,,Y,Y,A,01,0,0,1,0,0,0,0,0,0,"- ","- ",,,"LOS ANGELES","LOS ANGELES",-118.26771545410156,33.961021423339844
8828538,2019,2019-04-08,1900,2019-03-22,1921,550490,1133,5,5,6,1992,0,0,0,,0,111T2,"AVE K","5TH ST EAST",0.00,,Y,A,-,N,,,,,,,,,,Y,3,0,2,2,A,-,09,21801,A,N,D,C,A,A,H,-,C,A,0,,,,,Y,Y,A,01,0,1,1,0,0,0,0,0,0,"- ","- ",,,"LOS ANGELES",LANCASTER,-118.12127685546875,34.674999237060547
8835630,2019,2019-04-10,1955,2019-03-25,2022,42522,07,1,5,6,1955,0,0,0,,0,003,"HOLT AV","TOWNE AV",252.00,W,N,A,-,N,,,,,,,,,,Y,4,0,2,2,A,-,01,23153,A,F,D,C,A,A,H,-,C,A,0,,,,,Y,Y,A,01,0,0,2,0,0,0,0,0,0,"- ","- ",,,"LOS ANGELES",POMONA,-117.74240875244141,34.062568664550781
8842012,2019,2019-04-22,1942,2019-03-03,2130,39299,1395,7,5,7,1942,0,0,0,M,0,13A93,"EAST FLORENCE AV","AVALON BL",0.00,,Y,B,-,N,,,,,,,,,,Y,4,0,2,2,A,-,01,23152,A,N,C,C,A,A,H,-,C,A,0,,,,,Y,Y,A,01,0,0,2,0,0,0,0,0,0,"- ","- ",,,"LOS ANGELES","LOS ANGELES",-118.26518249511719,33.974708557128906
8869179,2019,2019-06-04,1942,2019-05-25,0120,41274,2187,6,5,7,1942,0,0,0,,0,21A97,"BETRON ST","SERRANIA AV",0.00,,N,A,-,N,,,,,,,,,,Y,3,0,1,3,A,-,01,23152,A,N,B,E,A,A,H,-,C,D,0,,,,,Y,Y,A,07,0,1,0,0,0,0,0,0,0,"- ","- ",,,"LOS ANGELES","LOS ANGELES",-118.58837890625,34.162448883056641