CASE_ID,ACCIDENT_YEAR,PROC_DATE,JURIS,COLLISION_DATE,COLLISION_TIME,OFFICER_ID,REPORTING_DISTRICT,DAY_OF_WEEK,CHP_SHIFT,POPULATION,CNTY_CITY_LOC,SPECIAL_COND,BEAT_TYPE,CHP_BEAT_TYPE,CITY_DIVISION_LAPD,CHP_BEAT_CLASS,BEAT_NUMBER,PRIMARY_RD,SECONDARY_RD,DISTANCE,DIRECTION,INTERSECTION,WEATHER_1,WEATHER_2,STATE_HWY_IND,CALTRANS_COUNTY,CALTRANS_DISTRICT,STATE_ROUTE,ROUTE_SUFFIX,POSTMILE_PREFIX,POSTMILE,LOCATION_TYPE,RAMP_INTERSECTION,SIDE_OF_HWY,TOW_AWAY,COLLISION_SEVERITY,NUMBER_KILLED,NUMBER_INJURED,PARTY_COUNT,PRIMARY_COLL_FACTOR,PCF_CODE_OF_VIOL,PCF_VIOL_CATEGORY,PCF_VIOLATION,PCF_VIOL_SUBSECTION,HIT_AND_RUN,TYPE_OF_COLLISION,MVIW,PED_ACTION,ROAD_SURFACE,ROAD_COND_1,ROAD_COND_2,LIGHTING,CONTROL_DEVICE,CHP_ROAD_TYPE,PEDESTRIAN_ACCIDENT,BICYCLE_ACCIDENT,MOTORCYCLE_ACCIDENT,TRUCK_ACCIDENT,NOT_PRIVATE_PROPERTY,ALCOHOL_INVOLVED,STWD_VEHTYPE_AT_FAULT,CHP_VEHTYPE_AT_FAULT,COUNT_SEVERE_INJ,COUNT_VISIBLE_INJ,COUNT_COMPLAINT_PAIN,COUNT_PED_KILLED,COUNT_PED_INJURED,COUNT_BICYCLIST_KILLED,COUNT_BICYCLIST_INJURED,COUNT_MC_KILLED,COUNT_MC_INJURED,PRIMARY_RAMP,SECONDARY_RAMP,LATITUDE,LONGITUDE,COUNTY,CITY,POINT_X,POINT_Y
6375816,2014,2015-11-14,9525,2014-01-31,0040,20505,,5,3,5,1906,0,1,1,,2,103,"RT 10","FRANCISQUITO AV",1000.00,E,N,B,-,Y,LA,7,10,-,-,32.871,R,2,W,Y,4,0,1,1,A,-,03,22350,,N,E,I,A,B,H,-,C,D,1,,,,,Y,Y,A,01,0,0,1,0,0,0,0,0,0,"- ","- ",34.069719999999997,-117.97127999999999,"LOS ANGELES","BALDWIN PARK",-117.97046564999999,34.0691311
6380748,2014,2014-06-04,1942,2014-01-25,1340,36571,375,6,5,7,1942,0,0,0,,0,12T73,"39TH ST","VAN NESS AV",36.00,E,N,A,-,N,,,,,,,,,,Y,3,0,1,2,A,-,01,23152,A,N,C,C,A,A,H,-,A,A,0,,,,,Y,Y,A,01,0,1,0,0,0,0,0,0,0,"- ","- ",,,"LOS ANGELES","LOS ANGELES",-118.31697147,34.01462239
6380765,2014,2014-06-03,1947,2014-01-08,2036,1327,,3,5,5,1947,0,0,0,,0,00C,"BEVERLY BL","MONTEBELLO BL",0.00,,Y,A,-,N,,,,,,,,,,Y,4,0,3,2,A,-,01,23152,A,N,D,C,A,A,H,-,C,A,0,,,,,Y,Y,-,,0,0,3,0,0,0,0,0,0,"- ","- ",,,"LOS ANGELES",MONTEBELLO,-118.10597002999999,34.017170110000002
6381883,2014,2014-06-18,1941,2014-02-17,1200,6135,,1,5,7,1941,0,0,0,,0,,"ATHERTON ST",BELLFLOWER,3.00,E,N,A,-,N,,,,,,,,,,N,4,0,1,2,A,-,10,21950,A,N,G,B,B,A,H,-,A,A,0,Y,,,,Y,Y,A,,0,0,1,0,1,0,0,0,0,"- ","- ",,,"LOS ANGELES","LONG BEACH",-118.12470023,33.788501050000001
6388073,2014,2016-01-19,9580,2014-02-10,0215,20159,,1,3,7,1942,0,1,2,,2,104,"RT 101","DESOTO AV",300.00,S,N,A,-,Y,LA,7,101,-,-,24.134,R,2,N,N,4,0,1,2,A,-,01,23152,A,N,C,C,A,A,H,-,C,D,1,,,,,Y,Y,A,01,0,0,1,0,0,0,0,0,0,TO,"- ",34.168219999999998,-118.58611000000001,"LOS ANGELES","LOS ANGELES",-118.58495859,34.168039839999999
6391065,2013,2014-03-13,9530,2013-05-11,0220,20446,,6,3,9,1900,0,3,5,,2,001,"SANTA FE AV","INDEPENDENCE AV",10.00,N,N,A,-,N,,,,,,,,,,Y,3,0,1,2,A,-,01,23152,A,N,E,I,A,A,H,-,C,D,0,,,,,Y,Y,A,01,0,1,0,0,0,0,0,0,0,"- ","- ",33.960160000000002,-118.22573,"LOS ANGELES",UNINCORPORATED,-118.226482,33.960386399999997
6391089,2013,2014-03-14,9530,2013-05-05,0155,20369,,7,3,7,1941,0,1,1,,2,430,"RT 405","WOODRUFF AV",251.00,N,N,B,-,Y,LA,7,405,-,-,1.720,H,-,N,Y,3,0,2,1,A,-,01,23152,A,N,E,I,A,A,H,-,C,D,1,,,,,Y,Y,A,01,0,2,0,0,0,0,0,0,0,"- ","- ",33.802599999999998,-118.11622,"LOS ANGELES","LONG BEACH",-118.11616189999999,33.802499099999999
6391534,2013,2014-03-17,9530,2013-04-20,0020,20358,,6,3,7,1942,0,1,3,,2,310,"RT 91","VERMONT AV",30.00,E,N,A,-,Y,LA,7,91,-,-,6.020,H,-,W,Y,3,0,3,3,A,-,01,23152,A,N,C,C,A,A,H,-,C,A,1,,,,,Y,Y,A,07,0,1,2,0,0,0,0,0,0,"- ","- ",33.872839999999997,-118.29062999999999,"LOS ANGELES","LOS ANGELES",-118.2915921,33.872864900000003
6393249,2014,2016-01-13,9535,2014-01-26,2340,19725,,7,3,4,1962,0,1,1,,2,421,"RT 10","NEW AV",10.00,E,N,A,-,Y,LA,7,10,-,-,24.874,R,1,W,Y,2,0,2,2,A,-,01,23152,A,N,C,C,A,A,H,-,C,D,0,,,,,Y,Y,A,01,1,1,0,0,0,0,0,0,0,TO,"- ",34.071950000000001,-118.10814000000001,"LOS ANGELES","SAN GABRIEL",-118.10759484,34.072013069999997
6393607,2014,2014-06-20,1942,2014-02-02,2025,31749,1253,7,5,7,1942,0,0,0,L,0,12L20,"WESTERN AV","76TH ST",150.00,S,N,C,-,N,,,,,,,,,,N,3,0,1,2,A,-,01,23152,A,N,C,C,A,B,H,-,C,D,0,,,Y,,Y,Y,C,02,0,1,0,0,0,0,0,0,1,"- ","- ",,,"LOS ANGELES","LOS ANGELES",-118.309005,33.970483999999999
6400184,2014,2014-04-12,1941,2014-02-21,2213,6178,,5,5,7,1941,0,0,0,,0,,"SANTA FE AV","25TH ST",0.00,,Y,A,-,N,,,,,,,,,,Y,4,0,1,2,A,-,08,22107,,N,B,C,A,A,H,-,C,A,0,,,,,Y,Y,A,,0,0,1,0,0,0,0,0,0,"- ","- ",,,"LOS ANGELES","LONG BEACH",-118.21552004,33.802560120000003
6404456,2014,2014-06-16,1942,2014-02-03,2110,40545,0256,1,5,7,1942,0,0,0,B,0,2T15,"BONNIE BRAE ST","WILSHIRE BL",0.00,,Y,A,-,N,,,,,,,,,,Y,3,0,1,2,A,-,01,23152,A,N,D,C,A,A,H,-,C,A,0,,,,,Y,Y,A,08,0,1,0,0,0,0,0,0,0,"- ","- ",,,"LOS ANGELES","LOS ANGELES",-118.27363002,34.056920060000003
6410382,2014,2014-06-27,1956,2014-03-03,1921,1290,22,1,5,5,1956,0,0,0,,0,002,"EMERALD ST","PROSPECT AV",33.00,W,N,A,-,N,,,,,,,,,,Y,4,0,1,2,A,-,01,23152,A,N,C,C,A,A,H,-,C,A,0,,,,,Y,Y,A,07,0,0,1,0,0,0,0,0,0,"- ","- ",,,"LOS ANGELES","REDONDO BEACH",-118.37668801,33.842601629999997
6413568,2014,2014-06-24,1942,2014-03-04,2000,24475,0784,2,5,7,1942,0,0,0,G,0,6T7,"LA BREA BL","21ST ST",10.00,W,N,A,-,N,,,,,,,,,,N,3,0,1,2,A,-,12,21453,A,F,D,G,A,A,H,-,C,A,0,,Y,,,Y,Y,-,99,0,1,0,0,0,0,1,0,0,"- ","- ",,,"LOS ANGELES","LOS ANGELES",-118.34847032,34.038443950000001
6419132,2014,2014-06-30,1942,2014-02-26,1805,37903,0676,3,5,7,1942,0,0,0,F,0,6T2,"SEWARD ST","MELROSE AV",160.00,N,N,A,-,N,,,,,,,,,,Y,3,0,2,2,A,-,01,23152,A,F,B,C,A,A,H,-,C,D,0,,,,,Y,Y,A,07,0,1,1,0,0,0,0,0,0,"- ","- ",,,"LOS ANGELES","LOS ANGELES",-118.33315,34.083908819999998
6420062,2014,2015-01-28,1928,2014-02-07,0053,365,529,5,5,5,1928,0,0,0,,0,0H2,"CRENSHAW BL","NORTHROP AV",14.00,N,N,B,-,N,,,,,,,,,,N,4,0,1,2,A,-,01,23152,B,N,C,C,A,B,H,-,C,A,0,,,,,Y,Y,A,01,0,0,1,0,0,0,0,0,0,"- ","- ",,,"LOS ANGELES",HAWTHORNE,-118.32652,33.919728999999997
6423105,2014,2014-06-19,1969,2014-01-26,1230,10048,PATRO,7,5,5,1969,0,0,0,,0,0AJ,"CENTRAL BL","UTAH AV",5.00,E,N,B,-,N,,,,,,,,,,N,2,0,3,2,A,-,01,23152,A,N,D,C,A,A,H,-,A,D,0,,,,,Y,Y,A,01,1,2,0,0,0,0,0,0,0,"- ","- ",,,"LOS ANGELES","SOUTH GATE",,
6423167,2014,2015-01-27,1925,2014-02-15,1103,24115,4,6,5,6,1925,0,0,0,,0,235,"CALIFORNIA AV","MARYLAND AV",0.00,,Y,A,-,N,,,,,,,,,,Y,4,0,1,2,A,-,12,21453,A,N,D,C,A,A,H,-,A,A,0,,,,,Y,Y,A,01,0,0,1,0,0,0,0,0,0,"- ","- ",,,"LOS ANGELES",GLENDALE,-118.25377,34.149910009999999
6429422,2014,2016-01-19,9580,2014-02-12,0005,18637,,3,3,7,1942,0,1,2,,2,102,"RT 101","BALBOA BL",10.00,N,N,A,-,Y,LA,7,101,-,-,19.240,H,-,N,Y,3,0,1,1,A,-,01,23152,A,N,E,I,A,A,H,-,D,D,1,,,,,Y,Y,A,07,0,1,0,0,0,0,0,0,0,"- ","- ",34.170999999999999,-118.50198,"LOS ANGELES","LOS ANGELES",-118.50147376,34.170716820000003
6434730,2014,2014-07-01,1942,2014-03-09,2250,25495,0657,7,5,7,1942,0,0,0,F,0,2TL23,"SANTA MONICA BL","WILTON PL",58.00,W,N,A,-,N,,,,,,,,,,N,2,0,1,2,A,-,11,21954,A,N,G,B,D,A,H,-,C,A,0,Y,,,,Y,Y,N,60,1,0,0,0,1,0,0,0,0,"- ","- ",,,"LOS ANGELES","LOS ANGELES",-118.3137612,34.09075
6434738,2014,2016-02-03,1942,2014-03-13,2250,33757,1464,4,5,7,1942,0,0,0,N,0,20T59,"LINCOLN BL","BLUFF CREEK TRAIL",0.00,,Y,A,-,Y,LA,7,1,-,-,29.812,I,5,N,Y,4,0,3,2,A,-,12,21453,A,N,D,C,A,A,H,-,C,A,0,,,,,Y,Y,-,"- ",0,0,3,0,0,0,0,0,0,"- ","- ",,,"LOS ANGELES","LOS ANGELES",-118.42744703,33.967645599999997
6440332,2014,2014-06-23,1956,2014-03-13,0013,1268,639,4,5,5,1956,0,0,0,,0,003,"190TH ST","FLAGLER LN",323.00,E,N,A,-,N,,,,,,,,,,Y,2,0,5,2,A,-,01,23152,A,N,B,E,A,A,H,-,C,A,0,,,,,Y,Y,A,01,1,3,1,0,0,0,0,0,0,"- ","- ",,,"LOS ANGELES","REDONDO BEACH",-118.37835,33.858212000000002
6441877,2014,2014-09-29,1972,2014-03-07,0225,17860,,5,5,6,1972,0,0,0,,0,,"GRANT AV","234TH ST",335.00,N,N,A,-,N,,,,,,,,,,Y,4,0,1,3,A,-,01,23152,A,N,C,E,A,A,H,-,C,D,0,,,,,Y,Y,A,,0,0,1,0,0,0,0,0,0,"- ","- ",,,"LOS ANGELES",TORRANCE,-118.35625824,33.815318570000002
6449293,2014,2014-07-15,1942,2014-03-18,2315,35916,701,2,5,7,1942,0,0,0,,0,7L40,"LA CIENEGA BL","MELROSE PL",0.00,,Y,A,-,N,,,,,,,,,,N,4,0,1,2,A,-,09,21801,A,F,D,C,A,A,H,-,C,D,0,,,,,Y,Y,-,99,0,0,1,0,0,0,0,0,0,"- ","- ",,,"LOS ANGELES","LOS ANGELES",-118.37651013,34.083610059999998
6453387,2014,2014-07-17,9565,2014-04-21,0055,20490,,1,3,9,1900,0,3,5,,2,005,"PALAWAN WY","ADMIRALTY WY",1800.00,S,N,A,-,N,,,,,,,,,,Y,4,0,1,1,A,-,01,23152,A,N,E,I,A,A,H,-,C,D,0,,,,,Y,Y,A,07,0,0,1,0,0,0,0,0,0,"- ","- ",33.982080000000003,-118.45241,"LOS ANGELES",UNINCORPORATED,-118.45573,33.98171
6456399,2014,2014-07-10,1942,2014-04-17,0205,34561,1656,4,5,7,1942,0,0,0,P,0,15T45,"FOOTHILL BL","MOUNT GLEASON AV",62.00,W,N,B,-,N,,,,,,,,,,Y,3,0,2,1,A,-,01,23152,A,N,E,I,A,A,H,-,C,D,0,,,,,Y,Y,D,22,0,2,0,0,0,0,0,0,0,"- ","- ",,,"LOS ANGELES","LOS ANGELES",-118.30283265,34.259211989999997
6460556,2014,2014-07-09,1942,2014-04-16,1540,37146,0331,3,5,7,1942,0,0,0,C,0,3TL57,"LA BREA AV","FERNDALE ST",20.00,S,N,A,-,N,,,,,,,,,,Y,3,0,1,2,A,-,"- ",,,N,G,B,D,A,H,-,A,D,0,Y,,,,Y,Y,N,60,0,1,0,0,1,0,0,0,0,"- ","- ",,,"LOS ANGELES","LOS ANGELES",-118.35195071,34.030457920000003
6463771,2013,2014-04-24,9525,2013-10-25,2350,20544,,5,3,5,1926,0,1,1,,2,207,"RT 210","LONEHILL AV",1056.00,E,N,A,-,Y,LA,7,210,-,R,44.360,H,-,W,Y,3,0,1,1,A,-,01,23152,A,N,E,I,A,A,H,-,C,D,1,,,,,Y,Y,A,01,0,1,0,0,0,0,0,0,0,"- ","- ",34.121110000000002,-117.82678,"LOS ANGELES",GLENDORA,-117.8247791,34.120733799999996
6464098,2014,2014-07-11,1900,2014-03-23,2100,443554,2920,7,5,5,1990,0,0,0,,0,,"WILLAPA LN","PLATINA DR",0.00,,N,-,-,N,,,,,,,,,,Y,4,0,1,3,A,-,01,23152,A,M,B,E,A,A,H,-,C,D,0,,,,,Y,Y,A,01,0,0,1,0,0,0,0,0,0,"- ","- ",,,"LOS ANGELES","DIAMOND BAR",-117.80602005,34.028650069999998
6465686,2013,2014-05-09,1942,2013-12-29,0255,39359,1151,7,5,7,1942,0,0,0,K,0,2T15,"W SUNSET BL","MARIPOSA AV",0.00,E,N,A,G,N,,,,,,,,,,Y,3,0,1,3,A,-,01,23152,A,N,C,E,A,A,H,-,C,D,0,,,,,Y,Y,A,01,0,1,0,0,0,0,0,0,0,"- ","- ",,,"LOS ANGELES","LOS ANGELES",-118.2994423,34.098124900000002
6467812,2014,2014-07-19,1942,2014-04-06,1300,38285,2138,7,5,7,1942,0,0,0,,0,17TL14,"SATICOY ST","MASON AV",15.00,W,N,A,-,N,,,,,,,,,,N,4,0,1,2,A,-,03,22350,,F,C,C,A,A,H,-,A,D,0,,,,,Y,Y,-,99,0,0,1,0,0,0,0,0,0,"- ","- ",,,"LOS ANGELES","LOS ANGELES",-118.57976952999999,34.20834
6469589,2014,2014-07-28,1925,2014-04-05,1756,20873,02,6,5,6,1925,0,0,0,,0,278,"SOUTH BRAND BL","SAN FERNANDO RD",36.00,S,N,A,-,N,,,,,,,,,,N,3,0,1,2,A,-,11,21456,B,N,G,B,B,A,H,-,B,A,0,Y,,,,Y,Y,N,60,0,1,0,0,1,0,0,0,0,"- ","- ",,,"LOS ANGELES",GLENDALE,-118.25515312,34.12385802
6480204,2014,2014-07-23,1942,2014-04-24,2000,31652,1959,4,5,7,1942,0,0,0,,0,19T73,"DEVONSHIRE ST","FILMORE AV",325.00,E,N,A,-,N,,,,,,,,,,Y,3,0,1,2,A,-,08,22107,,F,B,C,A,A,H,-,C,D,0,,,,,Y,Y,-,99,0,1,0,0,0,0,0,0,0,"- ","- ",,,"LOS ANGELES","LOS ANGELES",,
6482975,2014,2014-07-08,1941,2014-05-20,0229,10153,,2,5,7,1941,0,0,0,,0,,"LONG BEACH BL","56TH ST",618.00,N,N,A,-,N,,,,,,,,,,N,3,0,1,2,-,-,"- ",,,N,G,B,E,A,H,-,C,D,0,Y,,,,Y,Y,-,"- ",0,1,0,0,1,0,0,0,0,"- ","- ",,,"LOS ANGELES","LONG BEACH",-118.19813000000001,33.858930000000001
6505362,2014,2014-07-25,1942,2014-05-18,1430,32565,1412,7,5,7,1942,0,0,0,N,0,20TL56,"PACIFIC AV","BROOKS AV",0.00,,Y,A,-,N,,,,,,,,,,N,3,0,3,2,A,-,09,21801,A,F,D,C,A,A,H,-,A,A,0,,,,,Y,Y,-,99,0,1,2,0,0,0,0,0,0,"- ","- ",,,"LOS ANGELES","LOS ANGELES",-118.47537008,33.991600040000002
6511698,2014,2016-04-20,9590,2014-05-31,0448,020757,,6,3,7,1942,0,1,1,,2,085,"RT 5","HYPERION AV",81.00,N,N,A,-,Y,LA,7,5,-,-,23.670,H,-,S,Y,4,0,1,1,A,-,01,23152,A,N,E,I,A,A,H,-,C,D,1,,,,,Y,Y,A,01,0,0,1,0,0,0,0,0,0,"- ","- ",34.113109999999999,-118.26721999999999,"LOS ANGELES","LOS ANGELES",-118.26568263,34.112090000000002
6524266,2014,2014-08-06,1942,2014-05-17,0100,31152,1149,6,5,7,1942,0,0,0,K,0,1TL11,"AVE 52","BOMER DR",2.00,W,N,F,-,N,,,,,,,,,,N,3,0,1,2,D,-,00,,,F,G,B,B,A,H,-,C,A,0,Y,,,,Y,Y,-,"- ",0,1,0,0,1,0,0,0,0,"- ","- ",,,"LOS ANGELES","LOS ANGELES",-118.19778438,34.104274099999998
6526554,2014,2015-11-19,9540,2014-04-04,1555,018502,,5,2,9,1900,0,1,1,,2,508,"RT 5","TEMPLIN HWY",4752.00,S,N,A,-,Y,LA,7,5,-,R,65.070,H,-,N,Y,2,0,2,1,A,-,08,22107,,N,E,I,A,A,H,-,A,D,1,,,,,Y,Y,A,01,1,1,0,0,0,0,0,0,0,"- ","- ",34.558840000000004,-118.67577,"LOS ANGELES",UNINCORPORATED,-118.67882161,34.560217629999997
6532497,2014,2014-08-04,1922,2014-05-17,2100,658,57,6,5,6,1922,0,0,0,,0,003,COGSWELL,FINEVIEW,150.00,S,N,A,-,N,,,,,,,,,,N,4,0,1,2,D,-,00,,,F,A,G,A,A,H,-,C,D,0,,Y,,,Y,Y,-,"- ",0,0,1,0,0,0,1,0,0,"- ","- ",,,"LOS ANGELES","EL MONTE",-118.03169487,34.051853819999998
6540703,2014,2014-07-25,1942,2014-04-27,1150,31152,0185,7,5,7,1942,0,0,0,A,0,2TL15,BROADWAY,"11TH ST",27.00,S,N,A,-,N,,,,,,,,,,N,3,0,1,2,A,-,10,21950,C,N,G,B,B,A,H,-,A,A,0,Y,,,,Y,Y,I,20,0,1,0,0,1,0,0,0,0,"- ","- ",,,"LOS ANGELES","LOS ANGELES",-118.259057,34.039527
6547166,2014,2014-08-13,1920,2014-06-14,0355,11992,,6,5,6,1920,0,0,0,,0,003,"SUVA ST","WILEY BURKE AV",300.00,E,N,A,-,N,,,,,,,,,,Y,4,0,1,2,A,-,08,22107,,M,C,E,A,A,H,-,D,D,0,,,,,Y,Y,A,07,0,0,1,0,0,0,0,0,0,"- ","- ",,,"LOS ANGELES",DOWNEY,-118.13169789,33.962960610000003
6553003,2014,2014-08-21,1942,2014-06-24,0910,39639,0422,2,5,7,1942,0,0,0,D,0,4T43,"DALY ST","DARWIN AV",0.00,,Y,A,-,N,,,,,,,,,,Y,3,0,2,2,A,-,09,21801,A,N,A,C,A,A,H,-,A,D,0,,,,,Y,Y,A,01,0,1,1,0,0,0,0,0,0,"- ","- ",,,"LOS ANGELES","LOS ANGELES",-118.21550010999999,34.067520049999999
6559670,2014,2014-07-30,1900,2014-04-23,0856,484034,,3,5,4,1939,0,0,0,,0,,"FREEMAN AV","MANHATTAN BEACH BL",0.00,,Y,A,-,N,,,,,,,,,,Y,4,0,1,2,A,-,03,22350,,F,D,C,A,A,H,-,A,A,0,,,,,Y,Y,A,01,0,0,1,0,0,0,0,0,0,"- ","- ",,,"LOS ANGELES",LAWNDALE,-118.34892005,33.887450020000003
6572922,2014,2014-09-02,1900,2014-07-23,0515,530600,2607,3,5,6,1950,0,0,0,,0,263T1,"AVENUE S","45TH ST EAST",0.00,,Y,A,-,N,,,,,,,,,,Y,4,0,2,2,A,-,12,22450,A,M,D,C,A,A,H,-,A,A,0,,,,,Y,Y,A,07,0,0,2,0,0,0,0,0,0,"- ","- ",,,"LOS ANGELES",PALMDALE,-118.04954005,34.558090040000003
6573931,2014,2016-05-31,9590,2014-07-13,0120,20697,,7,3,6,1953,0,1,1,,2,015,"RT 110","YORK BL",75.00,N,N,A,-,Y,LA,7,110,-,-,29.530,H,-,S,Y,3,0,2,1,A,-,01,23152,A,N,E,I,A,A,H,-,C,D,1,,,,,Y,Y,A,01,0,1,1,0,0,0,0,0,0,"- ","- ",34.112209999999997,-118.17677,"LOS ANGELES",PASADENA,-118.17648181,34.113387070000002
6575327,2014,2014-08-12,1942,2014-04-16,0315,39049,0645,3,5,7,1942,0,0,0,F,0,6A49,"HOLLYWOOD BL",HIGHLAND,20.00,W,N,A,-,N,,,,,,,,,,Y,4,0,1,3,A,-,01,23152,A,N,D,C,A,A,H,-,C,A,0,,,,,Y,Y,A,01,0,0,1,0,0,0,0,0,0,"- ","- ",,,"LOS ANGELES","LOS ANGELES",-118.33875594,34.101550000000003
6579581,2014,2016-04-23,9530,2014-06-18,2315,20080,,3,3,6,1972,0,1,1,,2,400,"RT 405","CRENSHAW BL",100.00,N,N,A,-,Y,LA,7,405,-,-,15.490,H,-,S,N,3,0,1,2,A,-,01,23152,A,M,C,C,A,A,H,-,C,D,1,,,,,Y,Y,A,01,0,1,0,0,0,0,0,0,0,"- ","- ",33.863900000000001,-118.3271,"LOS ANGELES",TORRANCE,-118.32690558,33.86458494
6580070,2013,2014-10-28,9550,2013-06-05,0155,020418,,3,3,9,1900,0,3,5,,2,003,"PUNTA DEL ESTE DR","MONTE CRISTO DR",100.00,S,N,A,-,N,,,,,,,,,,Y,3,0,1,2,A,-,01,23152,A,N,C,C,A,A,H,-,C,D,0,,,,,Y,Y,A,01,0,1,0,0,0,0,0,0,0,"- ","- ",33.900109999999998,-117.95501,"LOS ANGELES",UNINCORPORATED,-117.9551639,33.980056099999999
6581230,2014,2014-08-28,1942,2014-07-20,1245,26319,1705,7,5,7,1942,0,0,0,Q,0,19TL74,"SAN FERNANDO RD","SUNSHINE CANYON RD",250.00,N,N,A,-,N,,,,,,,,,,Y,2,0,3,1,A,-,03,22350,,N,E,I,A,A,H,-,A,A,0,,,,,Y,Y,A,07,3,0,0,0,0,0,0,0,0,"- ","- ",,,"LOS ANGELES","LOS ANGELES",-118.50340941,34.324184240000001
6584874,2014,2014-09-05,1942,2014-08-05,2230,38357,0101,2,5,7,1942,0,0,0,A,0,4T43,"STADIUM WY","ELYSIAN PARK AV",11.00,W,N,A,-,N,,,,,,,,,,N,4,0,1,2,A,-,01,23152,A,N,G,B,E,A,H,-,C,A,0,Y,,,,Y,Y,D,22,0,0,1,0,1,0,0,0,0,"- ","- ",,,"LOS ANGELES","LOS ANGELES",-118.24311491,34.086098079999999
6592446,2014,2014-09-04,1928,2014-08-09,0653,384,520,6,5,5,1928,0,0,0,,0,0H3,"YUKON AV","ROSECRANS AV",0.00,,Y,A,-,N,,,,,,,,,,Y,4,0,1,3,A,-,01,23152,A,N,D,E,A,A,H,-,A,A,0,,,,,Y,Y,A,01,0,0,1,0,0,0,0,0,0,"- ","- ",,,"LOS ANGELES",HAWTHORNE,-118.33523002,33.901930100000001
6601850,2014,2016-01-12,1942,2014-07-31,1625,38996,1037,4,5,7,1942,0,0,0,J,0,9TL56,"BALBOA BL","VICTORY BL",650.00,S,N,A,-,N,,,,,,,,,,Y,3,0,1,3,A,-,01,23152,A,N,A,C,A,A,H,-,A,D,0,,,,,Y,Y,A,01,0,1,0,0,0,0,0,0,0,"- ","- ",,,"LOS ANGELES","LOS ANGELES",-118.50123631,34.184853560000001
6605505,2014,2014-09-19,1942,2014-08-20,2235,39184,0363,3,5,7,1942,0,0,0,C,0,3T5W3,"SANTA ROSALIA DR","MARLTON AV",0.00,,Y,A,-,N,,,,,,,,,,Y,4,0,2,2,A,-,01,23152,A,F,C,C,A,A,H,-,C,D,0,,,,,Y,Y,A,01,0,0,2,0,0,0,0,0,0,"- ","- ",,,"LOS ANGELES","LOS ANGELES",-118.33981008000001,34.010390039999997
6606393,2015,2016-01-29,1975,2015-10-26,2349,353,,1,5,6,1975,0,0,0,,0,004,"VALINDA AV","MERCED AV",84.00,N,N,A,-,N,,,,,,,,,,Y,1,1,0,2,A,-,01,23153,A,F,C,G,A,A,H,-,C,D,0,,Y,,,Y,Y,-,,0,0,0,0,0,1,0,0,0,"- ","- ",,,"LOS ANGELES","WEST COVINA",-117.92553452,34.054220239999999
6606730,2014,2014-09-19,1955,2014-08-13,0041,30497,0026,3,5,6,1955,0,0,0,,0,002,"E ARROW HWY","GAREY AV",500.00,E,N,A,-,N,,,,,,,,,,Y,3,0,1,2,A,-,08,22107,,N,C,E,A,A,H,-,C,A,0,,,,,Y,Y,A,01,0,1,0,0,0,0,0,0,0,"- ","- ",,,"LOS ANGELES",POMONA,-117.74772283,34.08993332
6612519,2014,2014-09-16,1942,2014-08-19,2155,39096,1566,2,5,7,1942,0,0,0,O,0,9T57W3,"VINELAND AV","MOORPARK ST",108.00,S,N,A,-,N,,,,,,,,,,Y,3,0,1,7,A,-,01,23152,A,N,B,E,A,A,H,-,C,D,0,,,,,Y,Y,A,01,0,1,0,0,0,0,0,0,0,"- ","- ",,,"LOS ANGELES","LOS ANGELES",-118.37032000000001,34.150063789999997
6614895,2014,2014-09-15,1905,2014-08-29,1834,1135,123,5,5,4,1905,0,0,0,,0,001,"1ST ST","ROCKVALE AV",77.00,W,N,A,-,N,,,,,,,,,,Y,3,0,2,2,A,-,05,21650,,N,A,C,A,A,H,-,A,A,0,,,,,Y,Y,A,01,0,1,1,0,0,0,0,0,0,"- ","- ",,,"LOS ANGELES",AZUSA,-117.89658,34.121544999999998
6616252,2014,2014-09-24,1967,2014-08-17,2032,40166,935,7,5,2,1967,0,0,0,,0,SOUTH,HILL,"ORANGE AV",43.00,E,N,A,-,N,,,,,,,,,,Y,4,0,2,2,A,-,01,23153,A,N,C,C,A,A,H,-,C,A,0,,,,,Y,Y,A,01,0,0,2,0,0,0,0,0,0,"- ","- ",,,"LOS ANGELES","SIGNAL HILL",-118.17619876000001,33.797130000000003
6621722,2014,2015-09-25,1942,2014-04-26,2230,36654,1864,6,5,7,1942,0,0,0,R,0,18E15,"CENTRAL AV","IMPERIAL HWY",20.00,N,N,A,-,N,,,,,,,,,,Y,4,0,1,2,A,-,01,23152,A,N,A,C,A,A,H,-,C,A,0,,,,,Y,Y,A,01,0,0,1,0,0,0,0,0,0,"- ","- ",,,"LOS ANGELES","LOS ANGELES",-118.25423128,33.929524839999999
6622848,2014,2014-09-25,1942,2014-08-31,0550,35330,1472,7,5,7,1942,0,0,0,N,0,14A49,"VISTA DEL MAR","WATERVIEW ST",30.00,N,N,A,-,N,,,,,,,,,,Y,4,0,1,1,A,-,03,22350,,N,E,I,A,A,G,-,C,D,0,,,,,Y,Y,A,01,0,0,1,0,0,0,0,0,0,"- ","- ",,,"LOS ANGELES","LOS ANGELES",-118.44707677,33.953066370000002
6630498,2014,2016-05-28,9590,2014-08-30,0314,20527,,6,3,7,1942,0,1,1,,2,053,"RT 110","RT 10",400.00,N,N,A,-,Y,LA,7,110,-,-,21.520,H,-,S,Y,4,0,1,1,A,-,01,23152,A,N,E,I,A,A,H,-,C,D,1,,,,,Y,Y,D,22,0,0,1,0,0,0,0,0,0,"- ","- ",34.036909999999999,-118.27324,"LOS ANGELES","LOS ANGELES",-118.27388516000001,34.039763290000003