CASE_ID,ACCIDENT_YEAR,PROC_DATE,JURIS,COLLISION_DATE,COLLISION_TIME,OFFICER_ID,REPORTING_DISTRICT,DAY_OF_WEEK,CHP_SHIFT,POPULATION,CNTY_CITY_LOC,SPECIAL_COND,BEAT_TYPE,CHP_BEAT_TYPE,CITY_DIVISION_LAPD,CHP_BEAT_CLASS,BEAT_NUMBER,PRIMARY_RD,SECONDARY_RD,DISTANCE,DIRECTION,INTERSECTION,WEATHER_1,WEATHER_2,STATE_HWY_IND,CALTRANS_COUNTY,CALTRANS_DISTRICT,STATE_ROUTE,ROUTE_SUFFIX,POSTMILE_PREFIX,POSTMILE,LOCATION_TYPE,RAMP_INTERSECTION,SIDE_OF_HWY,TOW_AWAY,COLLISION_SEVERITY,NUMBER_KILLED,NUMBER_INJURED,PARTY_COUNT,PRIMARY_COLL_FACTOR,PCF_CODE_OF_VIOL,PCF_VIOL_CATEGORY,PCF_VIOLATION,PCF_VIOL_SUBSECTION,HIT_AND_RUN,TYPE_OF_COLLISION,MVIW,PED_ACTION,ROAD_SURFACE,ROAD_COND_1,ROAD_COND_2,LIGHTING,CONTROL_DEVICE,CHP_ROAD_TYPE,PEDESTRIAN_ACCIDENT,BICYCLE_ACCIDENT,MOTORCYCLE_ACCIDENT,TRUCK_ACCIDENT,NOT_PRIVATE_PROPERTY,ALCOHOL_INVOLVED,STWD_VEHTYPE_AT_FAULT,CHP_VEHTYPE_AT_FAULT,COUNT_SEVERE_INJ,COUNT_VISIBLE_INJ,COUNT_COMPLAINT_PAIN,COUNT_PED_KILLED,COUNT_PED_INJURED,COUNT_BICYCLIST_KILLED,COUNT_BICYCLIST_INJURED,COUNT_MC_KILLED,COUNT_MC_INJURED,PRIMARY_RAMP,SECONDARY_RAMP,LATITUDE,LONGITUDE,COUNTY,CITY,POINT_X,POINT_Y
7109861,2015,2016-01-21,1942,2015-11-01,0045,30083,0153,7,5,7,1942,0,0,0,A,0,11T21,"7TH ST","SPRING ST",0.00,,Y,A,-,N,,,,,,,,,,Y,3,0,10,9,A,-,01,23152,A,N,B,C,F,A,H,-,C,D,0,Y,,Y,,Y,Y,D,22,0,3,7,0,5,0,0,0,1,"- ","- ",,,"LOS ANGELES","LOS ANGELES",-118.25233009,34.044539999999998
7110380,2015,2015-11-16,1942,2015-10-27,2305,36589,2071,2,5,7,1942,0,0,0,,0,6T7,"ARLINGTON AV","21ST ST",0.00,,Y,A,-,N,,,,,,,,,,Y,3,0,2,2,A,-,01,23152,A,F,C,C,A,A,H,-,C,-,0,,,,,Y,Y,A,01,0,1,1,0,0,0,0,0,0,"- ","- ",,,"LOS ANGELES","LOS ANGELES",-118.31771000000001,34.037990000000001
7113594,2015,2016-04-06,1942,2015-10-29,1340,31288,1211,4,5,7,1942,0,0,0,L,0,3T57,"SLAUSON AV","CRENSHAW BL",75.00,E,N,A,-,N,,,,,,,,,,N,4,0,1,4,A,-,03,22350,,F,-,C,A,A,H,-,A,A,0,,,,,Y,Y,-,99,0,0,1,0,0,0,0,0,0,"- ","- ",,,"LOS ANGELES","LOS ANGELES",-118.33066306000001,33.98901
7113701,2015,2017-02-01,1941,2015-10-25,1831,6321,,7,5,7,1941,0,0,0,,0,,"PACIFIC COAST HWY","W HAYES AV",108.00,W,N,A,-,Y,LA,7,1,-,-,7.980,H,-,S,Y,2,0,2,1,A,-,07,21658,A,N,E,I,A,A,H,-,B,D,0,,,,,Y,Y,A,,1,0,1,0,0,0,0,0,0,"- ","- ",,,"LOS ANGELES","LONG BEACH",-118.21902277,33.789816879999997
7114002,2015,2015-12-07,1942,2015-10-25,1950,40971,0337,7,5,7,1942,0,0,0,C,0,12T41,"NORMANDIE AV","39TH ST",101.00,N,N,A,-,N,,,,,,,,,,Y,3,0,1,4,A,-,01,23152,A,F,C,E,E,A,H,-,C,D,0,Y,,,,Y,Y,A,07,0,1,0,0,1,0,0,0,0,"- ","- ",,,"LOS ANGELES","LOS ANGELES",-118.30017204000001,34.015796969999997
7114981,2015,2015-11-12,1942,2015-10-31,2105,37304,2173,6,5,7,1942,0,0,0,,0,9T53,"BURBANK BL","FALLBROOK AV",60.00,W,N,A,-,N,,,,,,,,,,N,4,0,1,2,A,-,01,23152,A,N,C,C,A,A,H,-,C,D,0,,,,,Y,Y,A,07,0,0,1,0,0,0,0,0,0,"- ","- ",,,"LOS ANGELES","LOS ANGELES",-118.62352804,34.171970000000002
7115087,2015,2015-11-18,1942,2015-10-18,0135,33815,0401,7,5,7,1942,0,0,0,D,0,4A15,"AVENUE 39","E GRIFFIN AV",45.00,E,N,A,-,N,,,,,,,,,,Y,3,0,1,2,A,-,01,23152,A,M,C,E,A,A,H,-,C,D,0,,,,,Y,Y,A,01,0,1,0,0,0,0,0,0,0,"- ","- ",,,"LOS ANGELES","LOS ANGELES",-118.20638977,34.088660939999997
7121630,2015,2015-11-30,1955,2015-10-31,0855,42227,4,6,5,6,1955,0,0,0,,0,089,"RESERVOIR ST","PHILADELPHIA ST",33.00,S,N,A,-,N,,,,,,,,,,Y,4,0,2,3,A,-,01,23152,A,N,B,C,A,A,H,-,A,A,0,,,,,Y,Y,A,01,0,0,2,0,0,0,0,0,0,"- ","- ",,,"LOS ANGELES",POMONA,-117.73176598000001,34.033629609999998
7127238,2015,2015-12-23,1942,2015-12-09,2100,39299,0763,3,5,7,1942,0,0,0,G,0,8T35,"VENICE BL","SPAULDING AV",0.00,,Y,E,-,N,,,,,,,,,,Y,4,0,4,2,A,-,01,23152,A,F,C,C,A,A,H,-,C,D,0,,,,,Y,Y,A,01,0,0,4,0,0,0,0,0,0,"- ","- ",,,"LOS ANGELES","LOS ANGELES",-118.36578009999999,34.042050070000002
7128152,2015,2015-12-04,1942,2015-11-15,2145,39041,1383,7,5,7,1942,0,0,0,M,0,13X76,"E 62ND ST","E 62ND ST 131",0.00,,N,A,-,N,,,,,,,,,,Y,4,0,1,3,A,-,01,23152,A,N,B,E,A,A,H,-,D,D,0,,,,,Y,Y,-,,0,0,1,0,0,0,0,0,0,"- ","- ",,,"LOS ANGELES","LOS ANGELES",-118.27277100000001,33.983331
7137763,2015,2015-12-18,1900,2015-12-05,1400,438096,2313,6,5,5,1919,0,0,0,,0,232,"DEL AMO BL","MAPES AV",367.00,W,N,A,-,N,,,,,,,,,,Y,2,0,2,2,A,-,05,21650,,N,A,C,A,A,H,-,A,A,0,,,,,Y,Y,A,01,2,0,0,0,0,0,0,0,0,"- ","- ",,,"LOS ANGELES",CERRITOS,-118.09023566,33.845994810000001
7138044,2015,2015-12-21,1942,2015-11-30,2115,40899,0819,1,5,7,1942,0,0,0,H,0,8T35,"BEVERLY GLEN BL","CHARING CROSS RD",457.00,N,N,A,-,N,,,,,,,,,,Y,3,0,1,3,A,-,01,23152,A,N,C,E,A,A,H,-,C,D,0,,,,,Y,Y,A,01,0,1,0,0,0,0,0,0,0,"- ","- ",,,"LOS ANGELES","LOS ANGELES",-118.43351996,34.078730210000003
7138089,2015,2015-12-21,1969,2015-11-06,1921,10114,PATRO,5,5,5,1969,0,0,0,,0,003,"TWEEDY BL","SAN MIGUEL AV",158.00,E,N,A,-,N,,,,,,,,,,Y,2,0,1,2,A,-,11,21954,A,N,A,B,D,A,H,-,C,A,0,Y,,,,Y,Y,N,60,1,0,0,0,1,0,0,0,0,"- ","- ",,,"LOS ANGELES","SOUTH GATE",-118.20039429000001,33.943625240000003
7144754,2015,2016-01-05,1942,2015-12-16,1930,32760,666,3,5,7,1942,0,0,0,,0,6A67,"W SUNSET BL","HUDSON AV",40.00,W,N,A,-,N,,,,,,,,,,N,3,0,1,2,A,-,11,21954,A,N,G,B,D,A,H,-,C,D,0,Y,,,,Y,Y,N,60,0,1,0,0,1,0,0,0,0,"- ","- ",,,"LOS ANGELES","LOS ANGELES",-118.33172187,34.097990000000003
7146039,2015,2015-12-30,1942,2015-12-14,2145,40795,1248,1,5,7,1942,0,0,0,L,0,12A3,"FLORENCE AV",HOOVER,0.00,,Y,A,-,N,,,,,,,,,,Y,4,0,2,3,A,-,01,23152,A,N,A,C,A,A,H,-,C,A,0,,,,,Y,Y,A,01,0,0,2,0,0,0,0,0,0,"- ","- ",,,"LOS ANGELES","LOS ANGELES",-118.28711011,33.974640110000003
7149410,2015,2016-01-06,1941,2015-12-25,1523,10802,,5,5,7,1941,0,0,0,,0,,"ANAHEIM ST","REDONDO AV",0.00,,Y,A,-,N,,,,,,,,,,Y,2,0,2,3,A,-,01,23153,A,N,A,B,F,A,H,-,A,A,0,Y,,,,Y,Y,A,,2,0,0,0,1,0,0,0,0,"- ","- ",,,"LOS ANGELES","LONG BEACH",-118.15242000000001,33.782600090000003
7155835,2015,2016-01-19,1976,2015-12-14,1206,420,,1,5,3,1964,0,0,0,,0,001,"SORENSEN AV","BAKER PL",90.00,S,N,A,-,N,,,,,,,,,,Y,2,0,1,1,A,-,01,23152,A,N,E,I,A,A,H,-,A,D,0,,,,,Y,Y,A,01,1,0,0,0,0,0,0,0,0,"- ","- ",,,"LOS ANGELES","SANTA FE SPRINGS",-118.06206374999999,33.960493390000003
7157775,2015,2016-01-20,1925,2015-07-03,2149,24179,279,5,5,6,1925,0,0,0,,0,003,"E CHEVY CHASE DR","GLENDALE AV",234.00,W,N,A,-,N,,,,,,,,,,N,4,0,1,2,A,-,21,22106,,N,G,B,C,A,H,-,C,D,0,Y,,,,Y,Y,A,,0,0,1,0,1,0,0,0,0,"- ","- ",,,"LOS ANGELES",GLENDALE,-118.25276172,34.133519999999997
7164826,2016,2016-02-08,1900,2016-01-01,0651,457374,1432,5,5,4,1937,0,0,0,,0,143T1,"HACIENDA BL","AMAR RD",0.00,,Y,A,-,N,,,,,,,,,,Y,4,0,2,2,A,-,01,23152,A,N,D,C,A,A,H,-,A,A,0,,,,,Y,Y,A,01,0,0,2,0,0,0,0,0,0,"- ","- ",,,"LOS ANGELES","LA PUENTE",-117.94999009999999,34.037080109999998
7167373,2016,2016-02-04,1967,2016-01-23,0353,131,914,6,5,2,1967,0,0,0,,0,SOUTH,"ORANGE AV",WILLOW,196.00,S,N,A,-,N,,,,,,,,,,Y,4,0,1,1,A,-,01,23152,A,M,E,I,A,A,H,-,C,D,0,,,,,Y,Y,A,01,0,0,1,0,0,0,0,0,0,"- ","- ",,,"LOS ANGELES","SIGNAL HILL",-118.17633754000001,33.803862549999998
7170962,2015,2016-02-02,1941,2015-01-09,0211,10784,,5,5,7,1941,0,0,0,,0,,"EAST 15TH ST","LINDEN AV",150.00,E,N,A,-,N,,,,,,,,,,Y,4,0,1,3,A,-,01,23152,B,N,-,E,A,A,H,-,C,D,0,,,,,Y,Y,D,,0,0,1,0,0,0,0,0,0,"- ","- ",,,"LOS ANGELES","LONG BEACH",-118.18616736,33.785789999999999
7172512,2016,2016-02-02,1941,2016-01-14,1355,6185,,4,5,7,1941,0,0,0,,0,,PACIFIC,ANAHEIM,0.00,,Y,A,-,N,,,,,,,,,,N,3,0,1,2,A,-,11,21456,B,F,G,B,B,A,H,-,A,A,0,Y,,,,Y,Y,N,,0,1,0,0,1,0,0,0,0,"- ","- ",,,"LOS ANGELES","LONG BEACH",-118.19373012,33.782600029999998
7175358,2015,2016-02-03,1928,2015-12-30,1938,376,519,3,5,5,1928,0,0,0,,0,0H3,"PRAIRIE AV","137TH ST",22.00,S,N,A,-,N,,,,,,,,,,Y,3,0,2,2,A,-,01,23152,A,N,D,C,A,A,H,-,C,A,0,,,,,Y,Y,A,01,0,2,0,0,0,0,0,0,0,"- ","- ",33.907510000000002,-118.34396,"LOS ANGELES",HAWTHORNE,-118.34387,33.907429659999998
7175708,2016,2016-02-05,1942,2016-01-04,2001,40325,1375,1,5,7,1942,0,0,0,M,0,2T15,"HOOPER AV","55TH ST",84.00,N,N,A,-,N,,,,,,,,,,Y,4,0,2,3,A,-,21,22106,,M,G,B,E,A,H,-,C,D,0,Y,,,,Y,Y,A,01,0,0,2,0,2,0,0,0,0,"- ","- ",,,"LOS ANGELES","LOS ANGELES",-118.25212499,33.993230330000003
7177245,2016,2016-02-18,1900,2016-01-29,1935,532239,1136,5,5,6,1992,0,0,0,,0,112T1,"AVENUE J","50TH ST EAST",1177.00,W,N,A,-,N,,,,,,,,,,Y,3,0,3,2,A,-,01,23153,A,F,B,C,A,A,H,-,D,D,0,,,,,Y,Y,A,07,0,1,2,0,0,0,0,0,0,"- ","- ",,,"LOS ANGELES",LANCASTER,-118.04511677000001,34.689955740000002
7177483,2016,2016-08-15,1938,2016-01-10,0037,676,217,7,5,4,1938,0,0,0,,0,003,"BASELINE RD",LANDEROS,56.00,E,N,B,-,N,,,,,,,,,,Y,3,0,1,1,A,-,01,23152,A,M,E,I,A,A,H,-,C,D,0,,,,,Y,Y,-,,0,1,0,0,0,0,0,0,0,"- ","- ",,,"LOS ANGELES","LA VERNE",-117.76036544,34.121659999999999
7179045,2014,2016-02-16,1910,2014-12-03,1845,04223,,3,5,4,1910,0,0,0,,0,009,"S ROBERTSON BL","E WILSHIRE BL",0.00,,Y,A,-,N,,,,,,,,,,N,4,0,1,2,A,-,04,21703,,N,C,C,A,B,H,-,C,A,0,,,,,Y,Y,A,01,0,0,1,0,0,0,0,0,0,"- ","- ",34.066949999999999,-118.39570000000001,"LOS ANGELES","BEVERLY HILLS",-118.38369004,34.067050109999997
7180369,2015,2016-02-17,1900,2015-12-19,1925,523746,,6,5,5,1952,0,0,0,,0,,"GARFIELD AV","SOMERSET BL",100.00,N,N,A,-,N,,,,,,,,,,Y,4,0,2,2,A,-,01,23152,A,N,D,C,A,A,H,-,A,D,0,,,,,Y,Y,A,07,0,0,2,0,0,0,0,0,0,"- ","- ",,,"LOS ANGELES",PARAMOUNT,-118.16884,33.896704229999997
7184283,2016,2016-02-19,1941,2016-01-16,1710,10774,,6,5,7,1941,0,0,0,,0,,"ORANGE AV","WERNER ST",199.00,N,N,A,-,N,,,,,,,,,,Y,3,0,3,2,A,-,05,21651,C,F,A,C,A,A,H,-,A,D,0,,,,,Y,Y,A,,0,2,1,0,0,0,0,0,0,"- ","- ",,,"LOS ANGELES","LONG BEACH",-118.17635186,33.784055629999997
7187849,2016,2016-02-22,1947,2016-01-02,0354,1366,,6,5,5,1947,0,0,0,,0,00B,"N MONTEBELLO BL","LA MERCED AV",580.00,N,N,A,-,N,,,,,,,,,,Y,2,0,1,1,A,-,01,23152,A,N,E,I,A,A,H,-,C,A,0,,,,,Y,Y,A,01,1,0,0,0,0,0,0,0,0,"- ","- ",,,"LOS ANGELES",MONTEBELLO,-118.10328837,34.023739540000001
7190159,2016,2018-09-27,1942,2016-04-24,0210,31652,1049,7,5,7,1942,0,0,0,J,0,19T73,"BURBANK BL","WOODLEY AV",1688.00,W,N,A,-,N,,,,,,,,,,Y,1,1,0,1,A,-,08,22107,,N,E,I,A,A,H,-,C,D,0,,,,,Y,Y,A,01,0,0,0,0,0,0,0,0,0,"- ","- ",,,"LOS ANGELES","LOS ANGELES",-118.48075639,34.169659490000001
7190719,2016,2018-09-27,1942,2016-12-10,1845,36911,0522,6,5,7,1942,0,0,0,E,0,3T57,"ANAHEIM ST","GULF AV",45.00,E,N,B,-,N,,,,,,,,,,N,1,1,0,2,A,-,11,21955,,F,G,B,D,A,H,-,C,D,0,Y,,,,Y,Y,N,60,0,0,0,1,0,0,0,0,0,"- ","- ",,,"LOS ANGELES","LOS ANGELES",-118.27275246000001,33.779417260000002
7191162,2016,2016-02-23,1942,2016-02-12,1200,40995,0668,5,5,7,1942,0,0,0,F,0,6A45,"SUNSET BL","WESTERN AV",0.00,,Y,A,-,N,,,,,,,,,,N,4,0,1,2,A,-,12,21453,A,F,C,C,A,A,H,-,A,A,0,,,,,Y,Y,-,99,0,0,1,0,0,0,0,0,0,"- ","- ",,,"LOS ANGELES","LOS ANGELES",-118.30922006999999,34.098100100000003
7197484,2015,2016-03-02,1910,2015-01-24,0202,04205,,6,5,4,1910,0,0,0,,0,004,"BENEDICT CANYON DR","SUNSET BL",0.00,,Y,A,-,N,,,,,,,,,,Y,4,0,1,2,A,-,12,21453,A,F,D,C,A,A,H,-,C,A,0,,,,,Y,Y,A,01,0,0,1,0,0,0,0,0,0,"- ","- ",34.080100000000002,-118.41421,"LOS ANGELES","BEVERLY HILLS",-118.4142301,34.080110040000001
7199812,2015,2017-03-29,1900,2015-03-29,2210,532446,2846,7,5,5,1915,0,0,0,,0,2874,"ALONDRA BL","PANNES AV",6.00,E,N,A,-,N,,,,,,,,,,N,1,1,0,3,A,-,10,21950,A,F,G,B,B,A,H,-,C,D,0,Y,,,,Y,Y,D,22,0,0,0,1,0,0,0,0,0,"- ","- ",,,"LOS ANGELES",COMPTON,-118.20215028,33.888710379999999
7200068,2017,2019-04-08,1900,2017-02-26,1833,455208,2835,7,5,5,1915,0,0,0,,0,283T1,"ALONDRA BL","OLEANDER AV",0.00,,Y,A,-,N,,,,,,,,,,Y,1,1,0,1,A,-,01,23152,A,N,E,I,A,A,H,-,C,A,0,,,,,Y,Y,A,01,0,0,0,0,0,0,0,0,0,"- ","- ",,,"LOS ANGELES",COMPTON,-118.22825012,33.888550039999998
8000449,2016,2016-03-25,1942,2016-03-20,2320,41179,1467,7,5,7,1942,0,0,0,N,0,6TL7,"CENTER DR","PARK TERRACE DR",6.00,E,N,A,-,N,,,,,,,,,,Y,3,0,2,1,A,-,01,23152,A,N,E,I,A,A,H,-,C,D,0,,,,,Y,Y,A,01,0,1,1,0,0,0,0,0,0,"- ","- ",,,"LOS ANGELES","LOS ANGELES",-118.39273458,33.977789719999997
8007215,2016,2016-04-04,1924,2016-02-07,0334,115237,19,7,5,5,1924,0,0,0,,0,001,"BUDLONG AV","TETON ST",100.00,S,N,A,-,N,,,,,,,,,,Y,4,0,1,2,A,-,01,23152,A,N,H,E,A,A,H,-,C,D,0,,,,,Y,Y,A,01,0,0,1,0,0,0,0,0,0,"- ","- ",33.907890000000002,-118.29603,"LOS ANGELES",GARDENA,-118.29607,33.907615739999997
8009422,2016,2016-04-08,1942,2016-02-28,2100,36622,1972,7,5,7,1942,0,0,0,,0,19A1,"NORDHOFF ST","SEPULVEDA BL",0.00,,Y,A,-,N,,,,,,,,,,Y,4,0,2,2,A,-,09,21801,A,N,D,C,A,A,H,-,C,A,0,,,,,Y,Y,A,07,0,0,2,0,0,0,0,0,0,"- ","- ",,,"LOS ANGELES","LOS ANGELES",-118.46771002,34.235530089999997
8018572,2016,2016-04-27,1942,2016-04-10,1820,40850,1464,7,5,7,1942,0,0,0,N,0,14X16,"CELEDON CREEK","AUGUSTIN PL",0.00,,Y,A,-,N,,,,,,,,,,N,4,0,1,2,A,-,"- ",,,N,B,B,E,A,H,-,A,D,0,Y,,,,Y,Y,-,"- ",0,0,1,0,1,0,0,0,0,"- ","- ",,,"LOS ANGELES","LOS ANGELES",-118.42236010000001,33.975100009999998
8019515,2016,2016-04-21,1942,2016-04-07,2300,37724,1864,4,5,7,1942,0,0,0,R,0,18T23,"118TH ST","CENTRAL AV",120.00,E,N,A,-,N,,,,,,,,,,Y,4,0,1,2,A,-,01,23152,A,N,B,E,A,A,H,-,C,D,0,,,,Y,Y,Y,A,01,0,0,1,0,0,0,0,0,0,"- ","- ",,,"LOS ANGELES","LOS ANGELES",-118.25392534,33.9263616
8020192,2016,2016-04-12,1942,2016-03-24,1000,38471,1562,4,5,7,1942,0,0,0,O,0,19TL75,"WHITSETT AV","SARAH ST",0.00,,Y,A,-,N,,,,,,,,,,Y,4,0,2,3,A,-,09,21801,A,N,A,C,A,A,H,-,A,A,0,,,,,Y,Y,A,01,0,0,2,0,0,0,0,0,0,"- ","- ",,,"LOS ANGELES","LOS ANGELES",-118.40525013,34.153990090000001
8022081,2016,2016-04-19,1907,2016-03-10,2040,235,1,4,5,4,1907,0,0,0,,0,,"GAGE AV","OTIS AV",22.00,N,N,A,-,N,,,,,,,,,,N,4,0,1,2,A,-,09,21801,A,F,D,C,A,A,H,-,C,A,0,,,,,Y,Y,A,01,0,0,1,0,0,0,0,0,0,"- ","- ",33.9786,-118.19244,"LOS ANGELES",BELL,-118.19269,33.978619999999999
8022305,2016,2016-04-20,1922,2016-04-06,1129,576,,3,5,6,1922,0,0,0,,0,,"GARVEY AV","SANTA ANITA AV",200.00,E,N,A,-,N,,,,,,,,,,Y,4,0,2,6,A,-,01,23152,A,N,C,C,A,A,H,-,A,A,0,,,,,Y,Y,A,01,0,0,2,0,0,0,0,0,0,"- ","- ",,,"LOS ANGELES","EL MONTE",-118.04184126,34.062759999999997
8022934,2016,2016-04-25,1942,2016-04-09,0030,41752,1525,6,5,7,1942,0,0,0,O,0,15A33,"VICTORY BL","CARPENTER AV",75.00,W,N,C,-,N,,,,,,,,,,Y,3,0,1,2,A,-,01,23152,A,N,C,E,A,B,H,-,C,D,0,,,,,Y,Y,A,07,0,1,0,0,0,0,0,0,0,"- ","- ",,,"LOS ANGELES","LOS ANGELES",-118.39131745,34.18667473
8024414,2016,2016-08-29,1942,2016-04-21,2005,40119,1003,4,5,7,1942,0,0,0,J,0,21TL64,"ROSCOE BL","RESEDA BL",0.00,,Y,A,-,N,,,,,,,,,,Y,2,0,3,4,A,-,01,23152,A,N,D,C,-,A,H,-,C,A,0,Y,,,,Y,Y,A,07,1,1,1,0,1,0,0,0,0,"- ","- ",,,"LOS ANGELES","LOS ANGELES",-118.53608004,34.220750039999999
8024532,2016,2016-05-02,1942,2016-04-19,1713,41240,1043,2,5,7,1942,0,0,0,J,0,10A83,"RESEDA BL","OXNARD ST",60.00,S,N,A,-,N,,,,,,,,,,N,4,0,1,2,A,-,08,22100,A,N,D,C,A,A,H,-,A,A,0,,,,,Y,Y,A,01,0,0,1,0,0,0,0,0,0,"- ","- ",,,"LOS ANGELES","LOS ANGELES",-118.53601587999999,34.179815480000002
8028349,2016,2017-02-28,1976,2016-04-13,2204,393,1976,3,5,5,1976,0,0,0,,0,001,"E WHITTIER BL","NORWALK BL",192.00,W,N,A,-,Y,LA,7,72,-,-,6.320,H,-,S,Y,2,0,3,2,A,-,01,23153,A,N,C,C,A,A,H,-,C,A,0,,,,,Y,Y,A,07,1,0,2,0,0,0,0,0,0,"- ","- ",,,"LOS ANGELES",WHITTIER,-118.06466459000001,33.990341209999997
8029328,2016,2016-08-12,1900,2016-03-31,0100,532236,0977,4,5,4,1979,0,0,0,,0,91T4,"SANTA MONICA BL","ROBERTSON BL",0.00,,Y,A,-,N,,,,,,,,,,N,3,0,1,2,A,-,10,21950,A,N,G,B,B,A,H,-,C,A,0,Y,,,,Y,Y,A,01,0,1,0,0,1,0,0,0,0,"- ","- ",,,"LOS ANGELES","WEST HOLLYWOOD",-118.38555009,34.083950029999997
8033396,2016,2016-05-06,1942,2016-04-18,2140,39624,2022,1,5,7,1942,0,0,0,,0,6T7,"WILTON PL","5TH ST",65.00,S,N,A,-,N,,,,,,,,,,N,3,0,1,2,A,-,03,22350,A,N,C,E,A,A,H,-,C,D,0,,,,,Y,Y,A,01,0,1,0,0,0,0,0,0,0,"- ","- ",,,"LOS ANGELES","LOS ANGELES",-118.31406,34.065141730000001
8033782,2016,2016-05-10,1928,2016-04-25,1320,378,509,1,5,5,1928,0,0,0,,0,502,"CRENSHAW BL","EL SEGUNDO BL",0.00,,Y,A,-,N,,,,,,,,,,N,4,0,2,2,A,-,09,21804,A,N,D,C,A,A,H,-,A,D,0,,,,,Y,Y,A,01,0,0,2,0,0,0,0,0,0,"- ","- ",33.91639,-118.32651,"LOS ANGELES",HAWTHORNE,-118.32660011999999,33.916440049999999
8035661,2016,2016-08-29,1900,2016-04-17,2045,551350,0460,7,5,4,1936,0,0,0,,0,46T1,"IMPERIAL HWY","LA MIRADA BL",125.00,W,N,A,-,N,,,,,,,,,,N,4,0,1,2,A,-,03,22350,,N,C,C,A,A,H,-,C,A,0,,,,,Y,Y,A,01,0,0,1,0,0,0,0,0,0,"- ","- ",,,"LOS ANGELES","LA MIRADA",-118.01240079999999,33.917237040000003
8038230,2016,2016-05-18,1942,2016-05-07,2035,36733,1794,6,5,7,1942,0,0,0,Q,0,17T17,"LINDLEY AV","PARTHENIA ST",60.00,N,N,A,-,N,,,,,,,,,,N,4,0,1,2,A,-,01,23152,A,N,D,C,A,A,H,-,C,D,0,,,,,Y,Y,D,22,0,0,1,0,0,0,0,0,0,"- ","- ",,,"LOS ANGELES","LOS ANGELES",-118.52735,34.228834589999998
8039460,2016,2016-05-25,1942,2016-05-14,0110,39281,1964,6,5,7,1942,0,0,0,,0,15T43,"VAN NUYS BL","NORDHOFF ST",2.00,N,N,A,-,N,,,,,,,,,,Y,4,0,1,1,A,-,01,23152,A,M,A,I,A,A,H,-,C,A,0,,,,,Y,Y,A,01,0,0,1,0,0,0,0,0,0,"- ","- ",,,"LOS ANGELES","LOS ANGELES",-118.45025,34.235415490000001
8041735,2016,2016-05-26,1965,2016-05-10,1243,2905,4E,2,5,5,1965,0,0,0,,0,004,"WILSHIRE BL","21ST ST",32.00,W,N,A,-,N,,,,,,,,,,Y,3,0,1,1,A,-,01,23152,A,N,E,I,A,A,H,-,A,D,0,,,,,Y,Y,A,01,0,1,0,0,0,0,0,0,0,"- ","- ",,,"LOS ANGELES","SANTA MONICA",-118.48237207,34.032045940000003
8041740,2016,2016-05-26,1965,2016-05-07,0118,3865,0B1L,6,5,5,1965,0,0,0,,0,16-538,"OCEAN AV","SANTA MONICA BL",0.00,,Y,A,-,N,,,,,,,,,,Y,4,0,2,1,A,-,08,22107,A,N,A,I,A,A,H,-,C,A,0,,,,,Y,Y,A,01,0,0,2,0,0,0,0,0,0,"- ","- ",,,"LOS ANGELES","SANTA MONICA",-118.49807007,34.014070029999999
8044974,2016,2016-05-31,1942,2016-05-17,0623,31476,1353,2,5,7,1942,0,0,0,M,0,2TL15,"AVALON BL","VERNON AV",0.00,,Y,A,-,N,,,,,,,,,,N,3,0,1,2,A,-,11,21954,A,M,G,B,E,A,H,-,A,A,0,Y,,,,Y,Y,N,60,0,1,0,0,1,0,0,0,0,"- ","- ",,,"LOS ANGELES","LOS ANGELES",-118.26527004,34.003870089999999
8047918,2016,2016-06-01,1942,2016-04-12,1640,36926,1183,2,5,7,1942,0,0,0,K,0,4TL4,"SCOTT AV","ECHO PARK AV",75.00,E,N,A,-,N,,,,,,,,,,N,4,0,2,2,A,-,01,23152,A,N,C,C,A,A,H,-,A,D,0,,,,,Y,Y,A,01,0,0,2,0,0,0,0,0,0,"- ","- ",,,"LOS ANGELES","LOS ANGELES",-118.2552044,34.079789390000002
8047958,2016,2016-06-10,1942,2016-05-09,0551,37050,0453,1,5,7,1942,0,0,0,D,0,4A71,"ECHANDIA ST","JUDSON ST",35.00,S,N,A,-,N,,,,,,,,,,Y,3,0,1,2,A,-,01,23152,A,N,D,E,A,A,H,-,A,D,0,,,,,Y,Y,A,01,0,1,0,0,0,0,0,0,0,"- ","- ",,,"LOS ANGELES","LOS ANGELES",-118.21698377,34.053356229999999
8048183,2016,2016-05-26,1946,2016-03-05,0824,16,1946,6,5,4,1946,0,0,0,,0,002,DUARTE,MAYFLOWER,0.00,,Y,B,-,N,,,,,,,,,,Y,4,0,1,2,A,-,09,21801,A,N,A,C,A,A,H,-,A,A,0,,,,,Y,Y,D,22,0,0,1,0,0,0,0,0,0,"- ","- ",,,"LOS ANGELES",MONROVIA,-118.00944006,34.132220070000002
8048670,2016,2017-02-18,1942,2016-04-15,2105,38138,0861,5,5,7,1942,0,0,0,H,0,8A1,"RT 1","SUNSET BL",1000.00,S,N,A,-,Y,LA,7,1,-,-,39.140,H,-,S,Y,4,0,1,3,A,-,01,23152,A,N,B,C,A,A,H,-,C,-,0,,,,,Y,Y,A,07,0,0,1,0,0,0,0,0,0,"- ","- ",,,"LOS ANGELES","LOS ANGELES",-118.55256730000001,34.038899440000002
8051424,2016,2016-06-03,1955,2016-05-23,1855,42146,0004,1,5,6,1955,0,0,0,,0,001,"PARK AV","MISSION BL",0.00,S,N,A,-,N,,,,,,,,,,Y,4,0,1,2,A,-,01,23152,A,N,C,C,A,A,H,-,A,A,0,,,,,Y,Y,A,01,0,0,1,0,0,0,0,0,0,"- ","- ",,,"LOS ANGELES",POMONA,-117.75441007000001,34.054990080000003
8053502,2016,2016-06-09,1900,2016-04-30,0300,552550,1369,6,5,5,1952,0,0,0,,0,133B,"DOWNEY AV","ALONDRA BL",42.00,S,N,A,-,N,,,,,,,,,,Y,4,0,1,1,A,-,01,23152,A,N,-,I,A,A,H,-,C,D,0,,,,,Y,Y,A,01,0,0,1,0,0,0,0,0,0,"- ","- ",,,"LOS ANGELES",PARAMOUNT,-118.15146,33.889174830000002