CASE_ID,ACCIDENT_YEAR,PROC_DATE,JURIS,COLLISION_DATE,COLLISION_TIME,OFFICER_ID,REPORTING_DISTRICT,DAY_OF_WEEK,CHP_SHIFT,POPULATION,CNTY_CITY_LOC,SPECIAL_COND,BEAT_TYPE,CHP_BEAT_TYPE,CITY_DIVISION_LAPD,CHP_BEAT_CLASS,BEAT_NUMBER,PRIMARY_RD,SECONDARY_RD,DISTANCE,DIRECTION,INTERSECTION,WEATHER_1,WEATHER_2,STATE_HWY_IND,CALTRANS_COUNTY,CALTRANS_DISTRICT,STATE_ROUTE,ROUTE_SUFFIX,POSTMILE_PREFIX,POSTMILE,LOCATION_TYPE,RAMP_INTERSECTION,SIDE_OF_HWY,TOW_AWAY,COLLISION_SEVERITY,NUMBER_KILLED,NUMBER_INJURED,PARTY_COUNT,PRIMARY_COLL_FACTOR,PCF_CODE_OF_VIOL,PCF_VIOL_CATEGORY,PCF_VIOLATION,PCF_VIOL_SUBSECTION,HIT_AND_RUN,TYPE_OF_COLLISION,MVIW,PED_ACTION,ROAD_SURFACE,ROAD_COND_1,ROAD_COND_2,LIGHTING,CONTROL_DEVICE,CHP_ROAD_TYPE,PEDESTRIAN_ACCIDENT,BICYCLE_ACCIDENT,MOTORCYCLE_ACCIDENT,TRUCK_ACCIDENT,NOT_PRIVATE_PROPERTY,ALCOHOL_INVOLVED,STWD_VEHTYPE_AT_FAULT,CHP_VEHTYPE_AT_FAULT,COUNT_SEVERE_INJ,COUNT_VISIBLE_INJ,COUNT_COMPLAINT_PAIN,COUNT_PED_KILLED,COUNT_PED_INJURED,COUNT_BICYCLIST_KILLED,COUNT_BICYCLIST_INJURED,COUNT_MC_KILLED,COUNT_MC_INJURED,PRIMARY_RAMP,SECONDARY_RAMP,LATITUDE,LONGITUDE,COUNTY,CITY,POINT_X,POINT_Y
90172581,2016,2016-05-04,9580,2016-04-21,2236,020619,,4,3,7,1942,0,1,2,,2,102,"US-101 N/B (VENTURA FREEWAY)",I-405,1320.00,N,N,A,-,Y,,,101,,,,,,N,Y,3,0,1,3,A,-,03,22350,,N,C,C,A,A,H,-,D,D,0,,,,,Y,Y,A,01,0,1,0,0,0,0,0,0,0,"- ","- ",34.162759999999999,-118.4714,"LOS ANGELES","LOS ANGELES",-118.47139264,34.162766230000003
90191094,2016,2016-05-31,9545,2016-05-28,2350,020996,,6,3,9,1900,0,3,5,,2,004,"50TH STREET EAST","AVENUE P",2112.00,N,N,A,-,N,,,,,,,,,,Y,2,0,4,2,A,-,06,21751,,N,D,C,A,A,H,-,D,D,0,,,,,Y,Y,A,01,1,2,1,0,0,0,0,0,0,"- ","- ",34.607790000000001,-118.04091,"LOS ANGELES",UNINCORPORATED,-118.04092429000001,34.607770340000002
90191883,2016,2016-06-01,9540,2016-05-30,1603,021214,,1,2,7,1942,0,1,1,,2,210,"I-210 W/B (FOOTHILL FREEWAY) TO I-5 S/B","YARNELL ST",3590.00,W,N,A,-,Y,,,210,,,,R,,W,Y,3,0,2,2,A,-,01,23152,A,N,C,C,A,A,H,-,A,D,0,,,,,Y,Y,A,07,0,1,1,0,0,0,0,0,0,"- ","- ",34.317410000000002,-118.48891999999999,"LOS ANGELES","LOS ANGELES",-118.48891999999999,34.317410000000002
90192915,2016,2016-06-02,9525,2016-05-07,1825,020869,,6,2,1,1934,0,1,1,,2,203,"I-210 W/B TO MT. OLIVE DR.","I-605 N/B (SAN GABRIEL RIVER FREEWAY)",300.00,E,N,B,-,Y,,,,,,,,,,N,3,0,1,1,A,-,01,23152,A,N,E,I,A,A,H,-,A,D,0,,,Y,,Y,Y,C,02,0,1,0,0,0,0,0,0,1,"- ","- ",34.860599999999998,-117.5724,"LOS ANGELES",IRWINDALE,,
9019440,2019,2020-01-28,1942,2019-11-30,1740,42993,335,6,5,7,1942,0,0,0,,0,3A62WY,"ARLINGTON AV","30TH AV",0.00,,Y,C,-,N,,,,,,,,,,Y,4,0,1,3,A,-,03,22350,,N,C,A,A,B,H,-,B,D,0,,,,,Y,Y,A,01,0,0,1,0,0,0,0,0,0,"- ","- ",,,"LOS ANGELES","LOS ANGELES",-118.31765747070312,34.027381896972656
90202430,2016,2016-06-15,9590,2016-05-15,0600,021201,,7,1,7,1942,0,1,2,,2,073,"US-101 S/B (HOLLYWOOD FREEWAY)","SUNSET BLVD.",350.00,S,N,A,-,Y,,,101,,,,,,S,Y,3,0,1,1,A,-,08,22107,,N,E,I,A,A,H,-,D,D,0,,,,,Y,Y,A,01,0,1,0,0,0,0,0,0,0,"- ","- ",34.09695,-118.31379,"LOS ANGELES","LOS ANGELES",-118.31378907,34.096950790000001
90202740,2016,2016-06-16,9550,2016-06-11,0200,020531,,6,3,9,1900,0,1,3,,2,602,"STATE ROUTE 60 W/B (POMONA FREEWAY)","NOGALES STREET",150.00,E,N,A,-,Y,,,60,,,,,,W,Y,4,0,1,1,A,-,01,23152,F,N,E,I,A,A,H,-,D,D,0,,,,,Y,Y,A,08,0,0,1,0,0,0,0,0,0,"- ","- ",33.994169999999997,-117.88517,"LOS ANGELES",UNINCORPORATED,-117.88517290999999,33.994271830000002
9020502,2019,2020-01-27,1976,2019-10-31,0830,491,1976,4,5,3,1964,0,0,0,,0,002,"IMPERIAL HWY","BLOOMFIELD AV",84.00,E,N,A,-,N,,,,,,,,,,N,2,0,1,2,A,-,06,21750,,F,B,C,A,A,H,-,A,D,0,,,,,Y,Y,A,01,1,0,0,0,0,0,0,0,0,"- ","- ",,,"LOS ANGELES","SANTA FE SPRINGS",-118.06363677978516,33.917171478271484
90205861,2016,2016-06-21,9540,2016-06-18,0235,019337,,6,3,6,1985,0,1,3,,1,144,"SR-14 N/B (AVF) TO PLACERITA CYN RD","PLACERITA CANYON RD",87.00,S,N,A,-,Y,,,14,,,,R,,N,Y,3,0,1,1,A,-,01,23152,A,N,E,I,A,A,H,-,C,D,0,,,,,Y,Y,A,01,0,1,0,0,0,0,0,0,0,"- ","- ",34.376429999999999,-118.49294999999999,"LOS ANGELES","SANTA CLARITA",-118.49294999999999,34.376429999999999
90210331,2016,2016-06-27,9590,2016-05-22,0250,021124,,7,3,7,1942,0,1,1,,2,064,"I-10 E/B (SANTA MONICA FREEWAY)","SAN PEDRO STREET",600.00,E,N,A,-,Y,,,10,,,,,,E,Y,4,0,1,1,A,-,08,22107,,N,E,I,A,A,H,-,D,D,0,,,,,Y,Y,A,01,0,0,1,0,0,0,0,0,0,"- ","- ",34.028640000000003,-118.25436999999999,"LOS ANGELES","LOS ANGELES",-118.25439799999999,34.028588229999997
90211116,2016,2016-07-19,9565,2016-06-12,2100,021011,,7,2,9,1900,0,1,1,,2,012,"I-105 W/B","NORMANDIE AVE",150.00,E,N,A,-,Y,,,105,,,,,,W,Y,3,0,1,3,A,-,08,22107,,N,B,C,A,A,H,-,D,D,0,,,Y,,Y,Y,A,01,0,1,0,0,0,0,0,0,1,"- ","- ",33.927689999999998,-118.29994000000001,"LOS ANGELES",UNINCORPORATED,-118.29995456,33.92775365
90212013,2016,2016-06-29,9590,2016-05-07,2120,021124,,6,2,7,1942,0,1,2,,2,070,"US-101 (HOF)","BENTON WAY",200.00,S,N,A,-,Y,,,101,,,,,,,N,4,0,1,2,A,-,03,22350,,F,C,C,A,A,H,-,C,D,0,,,,,Y,Y,-,99,0,0,1,0,0,0,0,0,0,"- ","- ",34.075020000000002,-118.27352,"LOS ANGELES","LOS ANGELES",-118.27352627,34.075001909999997
90214469,2016,2016-07-01,9550,2016-06-17,0205,020795,,5,3,7,1941,0,1,3,,2,090,"STATE ROUTE 91 W/B (ARTESIA FREEWAY)","PARAMOUNT BOULEVARD",250.00,E,N,A,-,Y,,,91,,,,,,W,Y,3,0,1,1,A,-,01,23152,A,N,F,A,A,A,H,-,C,D,0,,,Y,,Y,Y,C,02,0,1,0,0,0,0,0,0,1,"- ","- ",33.875999999999998,-118.169,"LOS ANGELES","LONG BEACH",-118.16898768,33.87610213
90220589,2016,2016-07-12,9540,2016-07-02,0102,020306,,6,3,7,1942,0,1,1,,2,210,"I-210 WESTBOUND (FOOTHILL FWY)","POLK ST",790.00,W,N,A,-,Y,,,210,,,,,,W,Y,2,0,1,1,A,-,08,22107,,N,E,I,A,A,H,-,C,D,0,,,Y,,Y,Y,C,02,1,0,0,0,0,0,0,0,1,"- ","- ",34.318199999999997,-118.44172,"LOS ANGELES","LOS ANGELES",-118.44180127999999,34.318098169999999
90230235,2016,2016-08-08,9525,2016-07-05,0230,020632,,2,3,5,1990,0,1,3,,2,604,"SR-60 E/B (POMONA FREEWAY)","DIAMOND BAR BLVD.",2112.00,E,N,A,-,Y,,,60,,,,,,E,Y,2,0,2,3,A,-,01,23152,A,N,C,C,E,A,H,-,D,D,0,Y,,,,Y,Y,A,07,1,1,0,0,1,0,0,0,0,"- ","- ",34.025930000000002,-117.80497,"LOS ANGELES","DIAMOND BAR",-117.80492952,34.025798420000001
90233874,2016,2016-08-01,9580,2016-07-19,1500,019483,,2,2,7,1942,0,1,3,,2,171,"SR-170 S/B (HOLLYWOOD FWY.)","SHERMAN WAY",550.00,N,N,A,-,Y,,,170,,,,,,S,Y,2,0,1,1,A,-,08,22107,,F,E,I,A,A,H,-,A,D,0,,,,,Y,Y,D,22,1,0,0,0,0,0,0,0,0,"- ","- ",34.203270000000003,-118.40486,"LOS ANGELES","LOS ANGELES",-118.4047723,34.203313639999998
90237643,2016,2016-08-04,9525,2016-07-24,0416,020847,,7,3,6,1975,0,1,1,,2,106,"I-10 E/B (SAN BERNARDINO FREEWAY)","AZUSA AVE",22.00,E,N,A,-,Y,,,10,,,,,,E,Y,4,0,3,2,A,-,01,23152,A,N,C,C,A,A,H,-,C,D,0,,,,,Y,Y,A,01,0,0,3,0,0,0,0,0,0,"- ","- ",34.072139999999997,-117.90687,"LOS ANGELES","WEST COVINA",-117.90687065,34.072048539999997
9024257,2019,2020-02-19,1942,2019-12-29,0140,38033,1011,7,5,7,1942,0,0,0,J,0,10A21,"SHERMAN WAY","WILBUR AV",0.00,,Y,A,-,N,,,,,,,,,,Y,2,0,2,2,A,-,03,22350,,N,E,I,A,A,H,-,C,A,0,,,,,Y,Y,A,01,2,0,0,0,0,0,0,0,0,"- ","- ",,,"LOS ANGELES","LOS ANGELES",-118.54476165771484,34.201171875
90251791,2016,2016-08-24,9550,2016-08-19,0300,020551,,5,3,6,1949,0,1,1,,2,651,"INTERSTATE 605 N/B","ROSECRANS AVE.",500.00,S,N,A,-,Y,,,605,,,,,,N,Y,3,0,1,2,A,-,01,23152,A,M,C,C,A,A,H,-,C,D,0,,,,Y,Y,Y,A,01,0,1,0,0,0,0,0,0,0,"- ","- ",33.898890000000002,-118.10477,"LOS ANGELES",NORWALK,-118.10482806,33.898885210000003
90255659,2016,2016-08-29,9580,2016-08-21,0115,021015,,7,3,7,1942,0,1,1,,2,404,"I-405 N/B TRANSITION TO US-101 N/B","VENTURA BLVD",1650.00,N,N,A,-,Y,,,405,,,,R,,N,Y,3,0,1,1,A,-,01,23152,A,N,E,I,A,A,H,-,D,D,0,,,,,Y,Y,A,01,0,1,0,0,0,0,0,0,0,"- ","- ",34.158769999999997,-118.46805999999999,"LOS ANGELES","LOS ANGELES",-118.46805999999999,34.158769999999997
90261282,2016,2016-09-06,9540,2016-08-26,0336,013893,,5,3,6,1985,0,1,3,,1,144,"SR-14 NORTHBOUND","THE SANTA CLARA RIVER.",654.00,N,N,A,-,Y,,,,,,,,,,Y,4,0,2,5,C,-,18,,,N,E,C,A,A,H,-,D,D,0,,,,Y,Y,Y,-,"- ",0,0,2,0,0,0,0,0,0,"- ","- ",34.245370000000001,-118.26376,"LOS ANGELES","SANTA CLARITA",,
90264054,2016,2016-09-08,9550,2016-08-30,0445,020974,,2,3,9,1900,0,2,4,,1,031,"HACIENDA BOULEVARD","GALE AVENUE",175.00,N,N,A,-,N,,,,,,,,,,N,3,0,1,2,A,-,01,23152,A,N,C,C,A,A,H,-,C,D,0,,,,Y,Y,Y,A,01,0,1,0,0,0,0,0,0,0,"- ","- ",34.01135,-117.96261,"LOS ANGELES",UNINCORPORATED,-117.96283335,34.011293909999999
90266305,2016,2016-09-13,9580,2016-09-09,2335,021013,,5,3,9,1900,0,1,3,,1,271,"SR-27 S/B (TOPANGA CYN. BLVD.)","SR-1 N/B (PACIFIC COAST HWY.)",3960.00,N,N,A,-,Y,,,27,,,,,,S,Y,2,0,4,2,A,-,01,23152,A,N,A,C,A,A,H,-,D,D,0,,,,,Y,Y,A,01,3,1,0,0,0,0,0,0,0,"- ","- ",34.05565,-118.58199999999999,"LOS ANGELES",UNINCORPORATED,-118.58205004,34.055570680000002
90266489,2016,2016-09-13,9540,2016-09-11,1140,021395,,7,1,9,1900,0,1,1,,2,510,"I-5 N/B AT THE ISLANDS","WHITAKER SAND SHED",7920.00,N,N,A,-,Y,,,5,,,,R,,N,Y,2,0,5,3,A,-,01,23152,A,F,B,C,A,A,H,-,A,D,0,,,,Y,Y,Y,A,01,1,4,0,0,0,0,0,0,0,"- ","- ",34.612229999999997,-118.71236,"LOS ANGELES",UNINCORPORATED,-118.71236,34.612229999999997
9027713,2020,2020-05-29,1942,2020-02-06,2045,42011,1203,4,5,7,1942,0,0,0,L,0,12A3,"S WESTERN AV","W 48TH ST",0.00,,Y,A,-,N,,,,,,,,,,Y,3,0,1,2,A,-,01,23152,A,N,D,C,A,A,H,-,C,A,0,,,,,Y,Y,A,01,0,1,0,0,0,0,0,0,0,"- ","- ",,,"LOS ANGELES","LOS ANGELES",-118.30892944335938,34.00006103515625
90297001,2016,2016-10-20,9590,2016-10-07,0025,018529,9590,5,3,7,1942,0,1,1,,2,061,"I-10 W/B (SMF)","ARLINGTON AVE.",550.00,E,N,B,-,Y,,,10,,,,,,W,Y,3,0,2,2,A,-,08,22107,,N,C,C,A,A,C,D,C,A,0,,,,,Y,Y,A,01,0,1,1,0,0,0,0,0,0,"- ","- ",34.036900000000003,-118.31762999999999,"LOS ANGELES","LOS ANGELES",-118.31761812000001,34.036821590000002
90301814,2016,2016-10-26,9525,2016-10-16,0354,020544,,7,3,6,1955,0,1,3,,2,572,"SR-57 N/B (ORANGE FREEWAY)","VIA VERDE AVE",1056.00,S,N,A,-,Y,,,,,,,,,,Y,3,0,1,2,A,-,01,23152,A,N,B,C,A,A,H,-,C,D,0,,,,,Y,Y,A,01,0,1,0,0,0,0,0,0,0,"- ","- ",34.073880000000003,-117.81128,"LOS ANGELES",POMONA,-117.81167748999999,34.075719290000002
90305697,2016,2016-10-28,9540,2016-10-19,0330,021395,,3,3,9,1900,0,1,3,,1,144,"SR-14 N/B(AVF) TO PLACERITA CANYON ROAD","PLACERITA CANYON RD",355.00,S,N,A,-,Y,,,14,,,,R,,N,Y,2,0,1,1,A,-,01,23152,A,N,E,I,A,A,H,-,C,D,0,,,,,Y,Y,A,01,1,0,0,0,0,0,0,0,0,"- ","- ",34.376309999999997,-118.4939,"LOS ANGELES",UNINCORPORATED,-118.4939,34.376309999999997
90313569,2016,2016-11-08,9530,2016-10-27,0325,020140,,4,3,7,1941,0,1,3,,2,320,"SR-91 E/B TO I-710 S/B","BUTLER AVE.",300.00,E,N,A,-,Y,,,91,,,,R,,E,Y,3,0,1,1,A,-,01,23152,A,N,E,I,A,A,H,-,C,D,0,,,,,Y,Y,D,22,0,1,0,0,0,0,0,0,0,"- ","- ",33.873919999999998,-118.19622,"LOS ANGELES","LONG BEACH",-118.19622,33.873919999999998
90322454,2016,2016-11-17,9535,2016-10-15,0210,020825,,6,3,5,1948,0,1,1,,2,420,"I-10 E/B TO I-710 S/B","RAMONA BOULEVARD",63.00,N,N,A,-,Y,,,10,,,,R,,E,Y,3,0,1,1,A,-,01,23152,A,N,E,I,A,A,H,-,C,D,0,,,,,Y,Y,D,22,0,1,0,0,0,0,0,0,0,"- ","- ",34.060119999999998,-118.16575,"LOS ANGELES","MONTEREY PARK",-118.16575,34.060119999999998
90326706,2016,2016-11-21,9580,2016-11-18,1810,021187,,5,2,7,1942,0,1,2,,2,100,"US-101 N/B (VENTURA FREEWAY)","LAUREL CANYON BLVD",100.00,N,N,A,-,Y,,,101,,,,,,N,Y,3,0,1,3,A,-,01,23152,A,N,D,C,A,A,H,-,D,D,0,,,,,Y,Y,A,01,0,1,0,0,0,0,0,0,0,"- ","- ",34.155500000000004,-118.39964000000001,"LOS ANGELES","LOS ANGELES",-118.39979309,34.155119149999997
90328320,2016,2016-11-23,9535,2016-11-03,1305,018221,,4,1,6,1922,0,1,1,,2,400,"I-10 (SAN BERNARDINO FREEWAY) E/B","SAN GABRIEL RIVER",110.00,W,N,A,-,Y,,,10,,,,,,E,Y,4,0,1,3,A,-,01,23152,A,M,C,C,A,A,H,-,A,D,0,,,,,Y,Y,A,01,0,0,1,0,0,0,0,0,0,"- ","- ",34.064140000000002,-118.00602000000001,"LOS ANGELES","EL MONTE",-118.00602775999999,34.064194639999997
90330320,2016,2016-11-28,9530,2016-11-26,2249,020699,,6,3,9,1900,0,3,5,,2,003,"ATLANTIC AVE. (14900 BLOCK)","SAN LUIS ST.",315.00,N,N,B,-,N,,,,,,,,,,Y,3,0,2,5,A,-,01,23152,A,N,B,E,A,A,H,-,C,D,0,,,,,Y,Y,A,01,0,2,0,0,0,0,0,0,0,"- ","- ",33.897730000000003,-118.19362,"LOS ANGELES",UNINCORPORATED,-118.19354803,33.897862449999998
90335268,2016,2016-12-01,9550,2016-11-19,1825,021274,,6,2,9,1900,0,3,5,,2,002,"COTEAU DRIVE","LOMA DRIVE",391.00,W,N,A,-,N,,,,,,,,,,Y,3,0,1,3,A,-,01,23152,A,M,C,E,A,A,H,-,C,D,0,,,,,Y,Y,A,01,0,1,0,0,0,0,0,0,0,"- ","- ",33.92324,-118.03476999999999,"LOS ANGELES",UNINCORPORATED,-118.03468124,33.923219590000002
9033568,2020,2020-03-13,1900,2020-01-18,1740,623651,2835,6,5,5,1915,0,0,0,,0,283T1,"ALONDRA BL","WILMINGTON AV",128.00,E,N,A,-,N,,,,,,,,,,Y,4,0,1,2,A,-,01,23153,G,N,C,C,A,A,H,-,C,D,0,,,,,Y,Y,A,01,0,0,1,0,0,0,0,0,0,"- ","- ",,,"LOS ANGELES",COMPTON,-118.23667907714844,33.888568878173828
90339381,2016,2016-12-07,9580,2016-11-19,0225,020451,,6,3,7,1942,0,1,3,,2,115,"SR-118 W/B (RONALD REAGAN FWY.)","FOX ST",375.00,E,N,A,-,Y,,,118,,,,,,W,Y,4,0,2,2,A,-,01,23152,A,N,B,C,A,A,H,-,D,D,0,,,,,Y,Y,A,01,0,0,2,0,0,0,0,0,0,"- ","- ",34.265979999999999,-118.45204,"LOS ANGELES","LOS ANGELES",-118.45204117,34.266006470000001
90353664,2016,2016-12-27,9590,2016-12-11,2212,016915,,7,3,7,1942,0,1,2,,2,071,"US-101 S/B (SANTA ANA FREEWAY)","MISSION RD",50.00,N,N,A,-,Y,,,101,,,,,,S,N,4,0,1,2,A,-,07,21658,A,M,B,C,A,A,H,-,C,D,0,,,,,Y,Y,A,01,0,0,1,0,0,0,0,0,0,"- ","- ",34.052680000000002,-118.22696999999999,"LOS ANGELES","LOS ANGELES",-118.22696551999999,34.052703440000002
90357418,2016,2016-12-29,9590,2016-12-20,0200,021245,,2,3,7,1942,0,1,2,,2,071,"US-101 S/B (SAF) TO ALAMEDA ST.","CENTER ST.",775.00,N,N,A,-,Y,,,101,,,,R,,S,Y,3,0,2,2,A,-,01,23152,A,N,E,I,A,A,H,-,C,A,0,,,,,Y,Y,A,01,0,1,1,0,0,0,0,0,0,"- ","- ",34.053310000000003,-118.2341,"LOS ANGELES","LOS ANGELES",-118.2341,34.053310000000003
9036173,2020,2020-03-18,1941,2020-01-12,2322,11253,,7,5,7,1941,0,0,0,,0,,"SPRING ST","LAKEWOOD BL",167.00,W,N,A,-,N,,,,,,,,,,Y,2,0,2,2,A,-,01,23152,B,N,H,C,A,A,H,-,C,A,0,,,,,Y,Y,A,,1,0,1,0,0,0,0,0,0,"- ","- ",,,"LOS ANGELES","LONG BEACH",-118.13986968994141,33.812717437744141
90363454,2016,2017-03-27,9535,2016-11-24,2335,021126,,4,3,3,1914,0,1,1,,2,501,"I-5 (SANTA ANA FREEWAY) S/B","ATLANTIC BLVD",385.00,N,N,A,-,Y,,,5,,,,,,S,Y,4,0,1,3,A,-,01,23152,A,N,C,C,A,A,H,-,C,D,0,,,,,Y,Y,A,01,0,0,1,0,0,0,0,0,0,"- ","- ",34.010860000000001,-118.16083999999999,"LOS ANGELES",COMMERCE,-118.16082056,34.010886820000003
90363985,2016,2017-01-09,9545,2016-12-30,0725,018862,,5,1,9,1900,0,3,5,,2,004,"AVENUE M","50TH ST  E",0.00,,Y,B,C,N,,,,,,,,,,Y,3,0,1,2,A,-,01,23152,A,N,D,C,A,B,H,-,A,D,0,,,,Y,Y,Y,A,01,0,1,0,0,0,0,0,0,0,"- ","- ",34.646009999999997,-118.04089,"LOS ANGELES",UNINCORPORATED,-118.0408901,34.646020100000001
90366519,2016,2017-04-04,9535,2016-12-25,1630,020851,,7,2,9,1900,0,1,1,,2,651,"I-605 (SAN GABRIEL FWY) S/B",SR-60,2000.00,N,N,A,-,Y,,,605,,,,,,S,Y,3,0,5,3,A,-,01,23152,F,N,C,C,A,A,H,-,A,D,0,,,,,Y,Y,A,01,0,1,4,0,0,0,0,0,0,"- ","- ",34.039549999999998,-118.01873999999999,"LOS ANGELES",UNINCORPORATED,-118.01875281,34.039581740000003
9036789,2020,2020-03-18,1942,2020-01-18,2355,42771,1802,6,5,7,1942,0,0,0,R,0,18A35,FIGUEROA,91ST,0.00,,Y,A,-,N,,,,,,,,,,N,4,0,1,2,A,-,03,22350,,N,C,C,A,A,H,-,C,A,0,,,,,Y,Y,D,22,0,0,1,0,0,0,0,0,0,"- ","- ",,,"LOS ANGELES","LOS ANGELES",-118.28272247314453,33.954200744628906
90376698,2016,2017-10-27,9525,2016-11-19,2249,019890,,6,3,6,1955,0,1,3,,2,605,"SR-60 W/B TO SR-71 N/B","RIO RANCH ROAD",2305.00,N,N,A,-,Y,,,,,,,,,,Y,1,1,0,1,A,-,00,23152,G,N,E,I,A,A,H,-,C,D,0,,,Y,,Y,Y,C,02,0,0,0,0,0,0,0,1,0,"- ","- ",34.026690000000002,-117.75235000000001,"LOS ANGELES",POMONA,,
90380156,2017,2017-01-27,9580,2017-01-20,2032,020728,,5,2,7,1942,0,1,2,,2,104,"US-101 N/B TO DE SOTO AVENUE","DE SOTO AVE",40.00,S,N,B,-,Y,,,101,,,,R,,N,Y,4,0,1,2,A,-,01,23152,A,N,C,C,A,B,H,-,C,D,0,,,,,Y,Y,A,01,0,0,1,0,0,0,0,0,0,"- ","- ",34.16836,-118.58750999999999,"LOS ANGELES","LOS ANGELES",-118.58750999999999,34.16836
90381506,2017,2017-01-30,9535,2017-01-21,0355,021000,,6,3,3,1914,0,1,1,,2,501,"I-5 SB TO GARFIELD AVE","GARFIELD AVE",645.00,E,N,A,-,Y,,,5,,,,R,,S,Y,4,0,1,1,A,-,03,22350,,N,E,I,A,A,H,-,C,A,0,,,,,Y,Y,A,01,0,0,1,0,0,0,0,0,0,"- ","- ",33.985460000000003,-118.13596,"LOS ANGELES",COMMERCE,-118.13596,33.985460000000003
90392714,2016,2017-02-14,9550,2016-09-17,0503,021311,,6,3,9,1900,0,3,5,,2,001,"MINES BOULEVARD","DUCHESS DRIVE",18.00,E,N,A,-,N,,,,,,,,,,Y,1,1,3,2,A,-,01,23152,A,N,A,C,A,A,H,-,C,D,0,,,,,Y,Y,A,01,1,0,2,0,0,0,0,0,0,"- ","- ",33.978619999999999,-118.06614,"LOS ANGELES",UNINCORPORATED,-118.06616941,33.978634049999997
90418183,2017,2017-03-23,9545,2017-02-14,1810,015589,,2,2,9,1900,0,3,5,,2,003,"ANGELES FOREST HIGHWAY","UPPER BIG TUJUNGA CANYON ROAD",20592.00,N,N,A,-,N,,,,,,,,,,Y,1,1,2,3,A,-,01,23152,A,N,A,C,A,A,H,-,D,D,0,,,,,Y,Y,D,22,2,0,0,0,0,0,0,0,0,"- ","- ",34.374839999999999,-118.09868,"LOS ANGELES",UNINCORPORATED,-118.09921543999999,34.374663400000003
90418938,2017,2017-03-23,9550,2017-03-21,1010,020594,,2,1,1,1932,0,1,1,,2,650,"I-605 S/B","PECK ROAD",500.00,S,N,B,-,Y,,,,,,,,,,Y,3,0,1,1,A,-,08,22107,,N,E,I,A,A,H,-,A,D,0,,,,,Y,Y,A,07,0,1,0,0,0,0,0,0,0,"- ","- ",34.136899999999997,-118.21791,"LOS ANGELES",INDUSTRY,-118.03896354,34.026621570000003
90426353,2017,2017-04-03,9530,2017-03-24,0120,021252,,5,3,9,1900,0,3,5,,2,006,"HAMILTON AVE (BLOCK 20600)","TORRANCE BLVD.",421.00,N,N,A,-,N,,,,,,,,,,Y,2,0,1,1,A,-,01,23152,A,N,E,I,A,A,H,-,C,D,0,,,Y,,Y,Y,C,02,1,0,0,0,0,0,0,0,1,"- ","- ",33.503500000000003,-118.1711,"LOS ANGELES",UNINCORPORATED,-118.28656422,33.843173129999997
90430296,2017,2017-05-24,9565,2017-02-20,0155,021058,,1,3,9,1900,0,3,5,,2,004,"104TH ST","BURL AVE",17.00,W,N,C,-,N,,,,,,,,,,Y,3,0,2,1,A,-,01,23152,A,N,E,I,A,B,H,-,C,D,0,,,,,Y,Y,A,01,0,1,1,0,0,0,0,0,0,"- ","- ",33.941670000000002,-118.62551999999999,"LOS ANGELES",UNINCORPORATED,-118.36250594000001,33.941800520000001
90431607,2017,2017-04-11,9530,2017-04-02,1400,021016,,7,2,9,1900,0,3,5,,2,001,"JUNIPER ST. (9600 BLOCK)","97TH ST.",95.00,N,N,A,-,N,,,,,,,,,,Y,3,0,1,2,A,-,11,21954,A,N,G,B,D,A,H,-,A,D,0,Y,,,,Y,Y,N,60,0,1,0,0,1,0,0,0,0,"- ","- ",33.565510000000003,-118.13584,"LOS ANGELES",UNINCORPORATED,-118.23291771,33.948520520000002
90451347,2017,2017-05-08,9530,2017-05-07,2240,021174,,7,3,9,1900,0,1,3,,2,310,"SR-91 W/B (ARTESIA FREEWAY)","SUSANA RD.",10.00,W,N,B,-,Y,,,,,,,,,,Y,4,0,1,2,A,-,01,23152,A,N,E,I,A,A,H,-,C,D,0,,,,,Y,Y,A,01,0,0,1,0,0,0,0,0,0,"- ","- ",33.872700000000002,-118.2015,"LOS ANGELES",UNINCORPORATED,-118.20718223999999,33.873575369999998
90451740,2017,2017-06-06,9525,2017-04-22,1342,021080,,6,1,9,1900,0,3,5,,2,004,"SANDYHOOK AVE (1200 N BLOCK)","FAIRGROVE AVE",132.00,N,N,A,-,N,,,,,,,,,,Y,3,0,1,1,A,-,01,23152,A,N,E,J,A,A,H,-,A,D,0,,,,,Y,Y,A,08,0,1,0,0,0,0,0,0,0,"- ","- ",34.044670000000004,-117.95269,"LOS ANGELES",UNINCORPORATED,-117.95250582,34.044798550000003
90465861,2017,2017-05-29,9535,2017-04-26,2200,020851,,3,3,6,1922,0,1,1,,2,401,"I-10 (SAN BERNARDINO FREEWAY) W/B","COGSWELL RD.",300.00,W,N,A,-,Y,,,10,,,,,,W,Y,3,0,1,2,A,-,01,23152,A,N,C,C,A,A,H,-,C,D,0,,,,,Y,Y,A,01,0,1,0,0,0,0,0,0,0,"- ","- ",34.067340000000002,-118.01879,"LOS ANGELES","EL MONTE",-118.01901635999999,34.066855269999998