CASE_ID,ACCIDENT_YEAR,PROC_DATE,JURIS,COLLISION_DATE,COLLISION_TIME,OFFICER_ID,REPORTING_DISTRICT,DAY_OF_WEEK,CHP_SHIFT,POPULATION,CNTY_CITY_LOC,SPECIAL_COND,BEAT_TYPE,CHP_BEAT_TYPE,CITY_DIVISION_LAPD,CHP_BEAT_CLASS,BEAT_NUMBER,PRIMARY_RD,SECONDARY_RD,DISTANCE,DIRECTION,INTERSECTION,WEATHER_1,WEATHER_2,STATE_HWY_IND,CALTRANS_COUNTY,CALTRANS_DISTRICT,STATE_ROUTE,ROUTE_SUFFIX,POSTMILE_PREFIX,POSTMILE,LOCATION_TYPE,RAMP_INTERSECTION,SIDE_OF_HWY,TOW_AWAY,COLLISION_SEVERITY,NUMBER_KILLED,NUMBER_INJURED,PARTY_COUNT,PRIMARY_COLL_FACTOR,PCF_CODE_OF_VIOL,PCF_VIOL_CATEGORY,PCF_VIOLATION,PCF_VIOL_SUBSECTION,HIT_AND_RUN,TYPE_OF_COLLISION,MVIW,PED_ACTION,ROAD_SURFACE,ROAD_COND_1,ROAD_COND_2,LIGHTING,CONTROL_DEVICE,CHP_ROAD_TYPE,PEDESTRIAN_ACCIDENT,BICYCLE_ACCIDENT,MOTORCYCLE_ACCIDENT,TRUCK_ACCIDENT,NOT_PRIVATE_PROPERTY,ALCOHOL_INVOLVED,STWD_VEHTYPE_AT_FAULT,CHP_VEHTYPE_AT_FAULT,COUNT_SEVERE_INJ,COUNT_VISIBLE_INJ,COUNT_COMPLAINT_PAIN,COUNT_PED_KILLED,COUNT_PED_INJURED,COUNT_BICYCLIST_KILLED,COUNT_BICYCLIST_INJURED,COUNT_MC_KILLED,COUNT_MC_INJURED,PRIMARY_RAMP,SECONDARY_RAMP,LATITUDE,LONGITUDE,COUNTY,CITY,POINT_X,POINT_Y
91032286,2019,2019-07-17,9575,2019-07-14,0542,020846,,7,3,7,1942,0,1,3,,2,043,"SR-134 W/B TO SR-134 W/B (VENTURA FWY)","LOS ANGELES RIVER",2640.00,W,N,A,-,Y,,,134,,,,R,,W,Y,3,0,1,1,A,-,01,23152,A,N,E,J,A,A,H,-,C,D,0,,,,,Y,Y,A,01,0,1,0,0,0,0,0,0,0,"- ","- ",34.153068542480469,-118.28209686279297,"LOS ANGELES","LOS ANGELES",-118.28209686279297,34.153068542480469
91035314,2019,2019-07-22,9565,2019-06-02,0708,022153,,7,1,9,1900,0,2,4,,2,022,"NORMANDIE AVE","W. 112TH STREET",8.00,N,N,B,-,N,,,,,,,,,,Y,3,0,1,1,A,-,01,23152,A,N,E,I,A,A,H,-,A,D,0,,,,,Y,Y,D,22,0,1,0,0,0,0,0,0,0,"- ","- ",33.932849884033203,-118.30043029785156,"LOS ANGELES",UNINCORPORATED,-118.30030822753906,33.932823181152344
91042230,2019,2019-07-31,9565,2019-07-28,0700,021021,,7,1,9,1900,0,1,1,,2,010,"I-105 W/B",I-405,600.00,E,N,A,-,Y,,,,,,,,,,Y,4,0,1,2,A,-,03,22350,,N,C,C,A,A,H,-,A,D,0,,,,,Y,Y,A,01,0,0,1,0,0,0,0,0,0,"- ","- ",33.931598663330078,-118.38838195800781,"LOS ANGELES",UNINCORPORATED,-118.36824798583984,33.930221557617188
91042409,2019,2019-07-31,9530,2019-06-29,0000,021709,,6,3,6,1972,0,1,1,,2,400,"I-405 N/B (SAN DIEGO FREEWAY)","WESTERN AVE.",1500.00,S,N,A,-,Y,,,,,,,,,,Y,2,0,1,2,A,-,01,23152,A,N,B,C,A,A,H,-,C,D,0,,,,,Y,Y,A,01,1,0,0,0,0,0,0,0,0,"- ","- ",33.859928131103516,-118.30303192138672,"LOS ANGELES",TORRANCE,-118.30917358398438,33.859939575195312
9104583,2020,2020-10-29,1942,2020-05-28,2000,39107,,4,5,7,1942,0,0,0,,0,4A53,"MISSION RD","RICHMOND ST",300.00,S,N,A,-,N,,,,,,,,,,N,3,0,1,2,D,-,00,,,F,B,C,A,A,H,-,C,A,0,,,,,Y,Y,-,"- ",0,1,0,0,0,0,0,0,0,"- ","- ",,,"LOS ANGELES","LOS ANGELES",-118.22454833984375,34.054824829101562
91049466,2019,2019-08-12,9575,2019-08-05,0146,021283,,1,3,7,1942,0,1,3,,2,044,"SR-134 W/B TO SR-170 N/B","RIVERSIDE DR.",1071.00,E,N,A,-,Y,,,134,,,,R,,W,Y,3,0,1,1,A,-,01,23152,A,N,E,I,A,A,H,-,D,D,0,,,,,Y,Y,A,07,0,1,0,0,0,0,0,0,0,"- ","- ",34.153041839599609,-118.37429809570312,"LOS ANGELES","LOS ANGELES",-118.37429809570312,34.153041839599609
91058764,2019,2019-08-26,9545,2019-08-18,0147,020547,,7,3,6,1992,0,1,3,,2,011,"SR-14 S/B FROM AVENUE J-8","AVENUE J-8",700.00,N,N,A,-,Y,,,14,,,,R,,S,N,4,0,1,1,A,-,01,23152,A,N,E,I,A,A,H,-,C,D,0,,,,,Y,Y,A,01,0,0,1,0,0,0,0,0,0,"- ","- ",34.683689117431641,-118.16635131835938,"LOS ANGELES",LANCASTER,-118.16635131835938,34.683689117431641
91061082,2019,2019-08-28,9590,2019-08-23,2145,021291,,5,2,7,1942,0,1,2,,2,071,"US-101 S/B (SANTA ANA FREEWAY)","ALAMEDA ST.",600.00,S,N,A,-,Y,,,101,,,,,,S,N,4,0,2,2,A,-,02,22400,A,N,C,C,A,A,H,-,C,D,0,,,,,Y,Y,A,07,0,0,2,0,0,0,0,0,0,"- ","- ",34.053611755371094,-118.23538970947266,"LOS ANGELES","LOS ANGELES",-118.23538970947266,34.053707122802734
9106729,2020,2020-11-30,1942,2020-05-15,2155,41957,0821,5,5,7,1942,0,0,0,H,0,8A1,PCH,"TAHITI AV",300.00,N,N,A,-,Y,LA,7,1,-,-,38.270,H,-,S,Y,4,0,4,6,A,-,01,23152,A,F,C,C,A,A,H,-,C,D,0,,,,,Y,Y,A,01,0,0,4,0,0,0,0,0,0,"- ","- ",,,"LOS ANGELES","LOS ANGELES",-118.53861999511719,34.037162780761719
91067464,2019,2019-09-04,9530,2019-08-25,2007,021994,,7,2,9,1900,0,1,1,,2,120,"I-110 N/B (HARBOR FREEWAY)","SEPULVEDA BOULEVARD",1426.00,S,N,A,-,Y,,,110,,,,,,N,Y,4,0,1,2,A,-,01,23152,A,N,B,C,A,A,H,-,D,D,0,,,,,Y,Y,A,01,0,0,1,0,0,0,0,0,0,"- ","- ",33.80535888671875,-118.28826141357422,"LOS ANGELES",UNINCORPORATED,-118.28832244873047,33.805374145507812
9106976,2020,2020-09-16,1942,2020-03-12,2045,42251,2136,4,5,7,1942,0,0,0,,0,21A57,"SHERMAN WY","ETON AV",190.00,E,N,C,-,N,,,,,,,,,,Y,2,0,1,2,A,-,11,21954,A,N,G,B,D,A,H,-,C,A,0,Y,,,,Y,Y,N,60,1,0,0,0,1,0,0,0,0,"- ","- ",,,"LOS ANGELES","LOS ANGELES",-118.59485626220703,34.201084136962891
91074936,2019,2019-09-16,9530,2019-09-15,1945,021709,,7,2,9,1900,0,1,1,,2,210,"I-105 W/B (GLENN ANDERSON FWY)","WILMINGTON AVE.",500.00,W,N,A,-,Y,,,105,,,,,,W,N,4,0,1,2,A,-,01,23152,A,N,C,C,A,A,H,-,C,A,0,,,,,Y,Y,D,22,0,0,1,0,0,0,0,0,0,"- ","- ",33.92864990234375,-118.24053955078125,"LOS ANGELES",UNINCORPORATED,-118.24054718017578,33.928585052490234
91076311,2019,2019-09-17,9530,2019-09-05,2050,020548,,4,2,7,1942,0,1,1,,2,400,"I-405 S/B (SAN DIEGO FREEWAY)","NORMANDIE AVE.",980.00,S,N,A,-,Y,,,405,,,,,,S,Y,4,0,2,4,A,-,01,23152,A,N,C,C,A,A,H,-,C,D,0,,,,,Y,Y,A,07,0,0,2,0,0,0,0,0,0,"- ","- ",33.859668731689453,-118.29521942138672,"LOS ANGELES","LOS ANGELES",-118.29521942138672,33.859729766845703
91083875,2019,2020-01-03,9550,2019-06-05,0205,022012,,3,3,5,1919,0,1,3,,2,091,"STATE ROUTE 91 EASTBOUND","PIONEER BOULEVARD",1430.00,W,N,A,-,Y,,,91,,,,,,E,Y,1,1,0,1,A,-,01,23152,A,N,E,I,A,A,H,-,D,D,0,,,,,Y,Y,A,01,0,0,0,0,0,0,0,0,0,"- ","- ",33.876190185546875,-118.08719635009766,"LOS ANGELES",CERRITOS,-118.08720397949219,33.876438140869141
9108756,2020,2020-10-29,1942,2020-05-24,0550,41729,0321,7,5,7,1942,0,0,0,C,0,3A1,"LA BREA AV","OBAMA BLVD",0.00,,Y,A,-,N,,,,,,,,,,N,4,0,1,2,A,-,01,23152,A,N,D,C,A,A,H,-,A,A,0,,,,,Y,Y,A,01,0,0,1,0,0,0,0,0,0,"- ","- ",,,"LOS ANGELES","LOS ANGELES",-118.35561,34.021529999999998
91095832,2019,2019-10-11,9580,2019-10-09,0035,020404,,3,3,7,1942,0,1,2,,2,102,"US-101 N/B (HOLLYWOOD FREEWAY)","HAYVENHURST AVE",350.00,N,N,A,-,Y,,,101,,,,,,N,N,3,0,3,3,A,-,08,22107,,F,B,D,A,A,H,-,D,D,0,,,,,Y,Y,-,99,0,3,0,0,0,0,0,0,0,"- ","- ",34.16619873046875,-118.49423217773438,"LOS ANGELES","LOS ANGELES",-118.49418640136719,34.166275024414062
91098288,2019,2019-10-16,9530,2019-10-14,2305,022083,,1,3,9,1900,0,3,5,,2,002,"EL SEGUNDO BLVD.","ALAMEDA ST.",0.00,,Y,A,-,N,,,,,,,,,,Y,3,0,2,2,A,-,01,23152,A,N,D,C,A,A,H,-,C,B,0,,,,,Y,Y,A,01,0,2,0,0,0,0,0,0,0,"- ","- ",33.916229248046875,-118.22360229492188,"LOS ANGELES",UNINCORPORATED,-118.22357940673828,33.916179656982422
91098478,2019,2019-10-16,9530,2019-10-05,1200,022197,,6,1,9,1900,0,3,5,,2,001,"HOLMES AVE. (5900 BLOCK)","60TH ST",10.00,N,N,A,-,N,,,,,,,,,,Y,4,0,2,2,A,-,03,22350,,F,C,C,A,A,H,-,A,D,0,,,,,Y,Y,A,07,0,0,2,0,0,0,0,0,0,"- ","- ",33.985759735107422,-118.24127960205078,"LOS ANGELES",UNINCORPORATED,-118.24121856689453,33.985637664794922
9109997,2020,2020-10-28,1928,2020-05-31,0516,50416,530,7,5,5,1928,0,0,0,,0,501,"IMPERIAL HWY","ACACIA AV",90.00,W,N,A,-,N,,,,,,,,,,Y,4,0,3,2,A,-,03,22350,,N,C,C,A,A,H,-,B,A,0,,,,,Y,Y,A,01,0,0,3,0,0,0,0,0,0,"- ","- ",33.930938720703125,-118.35131072998047,"LOS ANGELES",HAWTHORNE,-118.35170745849609,33.930961608886719
91108819,2019,2019-10-29,9590,2019-10-13,0335,021835,,7,3,7,1942,0,1,2,,2,071,"US-101 S/B (HOF)","CORONADO STREET",250.00,S,N,A,-,Y,,,101,,,,,,S,Y,2,0,4,2,A,-,01,23152,A,N,E,I,A,A,H,-,C,D,0,,,,,Y,Y,A,01,2,0,2,0,0,0,0,0,0,"- ","- ",34.073940277099609,-118.27146911621094,"LOS ANGELES","LOS ANGELES",-118.27146911621094,34.073947906494141
91114664,2019,2019-11-06,9580,2019-10-29,2334,022036,,2,3,7,1942,0,1,1,,2,404,"I-405 N/B (SAN DIEGO FWY)","SEPULVEDA BLVD",250.00,S,N,A,G,Y,,,,,,,,,,Y,4,0,1,1,A,-,01,23152,A,N,B,I,A,A,H,-,C,D,0,,,,,Y,Y,A,01,0,0,1,0,0,0,0,0,0,"- ","- ",34.147701263427734,-118.56980133056641,"LOS ANGELES","LOS ANGELES",-118.4696044921875,34.147838592529297
91116223,2019,2019-11-08,9545,2019-11-02,2141,020547,,6,2,6,1950,0,1,3,,2,021,"SR-14 N/B","TECHNOLOGY DR",150.00,N,N,A,-,Y,,,14,,,,,,N,Y,4,0,1,1,A,-,01,23152,A,N,E,I,A,A,H,-,C,D,0,,,,,Y,Y,A,07,0,0,1,0,0,0,0,0,0,"- ","- ",34.59490966796875,-118.13478851318359,"LOS ANGELES",PALMDALE,-118.13472747802734,34.594940185546875
91116775,2018,2019-11-08,9550,2018-12-02,0222,020617,,7,3,5,1919,0,1,3,,2,092,"STATE ROUTE 91 (ARTESIA FREEWAY) EAST","BLOOMFIELD AVENUE",150.00,W,N,A,-,Y,,,91,,,,,,,Y,4,0,2,2,A,-,03,22350,,N,C,C,A,A,H,-,D,D,0,,,,,Y,Y,A,07,0,0,2,0,0,0,0,0,0,"- ","- ",33.875541687011719,-118.06436157226562,"LOS ANGELES",CERRITOS,-118.06434631347656,33.875576019287109
91129046,2019,2019-11-25,9525,2019-11-17,1710,020907,,7,2,9,1900,0,3,5,,2,003,"AMAR RD. (16000 BLOCK)","ECHELON AVE",60.00,W,N,A,-,N,,,,,,,,,,Y,2,0,1,1,A,-,01,23152,A,N,F,A,A,A,H,-,C,A,0,,,Y,,Y,Y,C,02,1,0,0,0,0,0,0,0,1,"- ","- ",34.036170959472656,-117.93470001220703,"LOS ANGELES",UNINCORPORATED,-117.93478393554688,34.036186218261719
91132609,2019,2019-12-02,9575,2019-11-23,0405,017148,,6,3,7,1942,0,1,1,,2,061,"I-210 W/B (FOOTHILL FREEWAY)","OSBORNE BLVD",550.00,E,N,A,-,Y,,,210,,,,,,W,Y,3,0,1,1,A,-,08,22107,,N,F,I,A,A,H,-,D,D,0,,,,,Y,Y,A,01,0,1,0,0,0,0,0,0,0,"- ","- ",34.274620056152344,-118.37873077392578,"LOS ANGELES","LOS ANGELES",-118.37872314453125,34.274677276611328
91132895,2019,2019-12-02,9575,2019-11-24,2210,021784,,7,3,9,1900,0,3,5,,2,002,"WINDSOR AVE.","CHEVRON CT.",10.00,S,N,A,-,Y,,,,,,,,,,Y,4,0,2,2,A,-,01,23152,A,N,D,C,A,A,H,-,C,D,0,,,,,Y,Y,A,07,0,0,2,0,0,0,0,0,0,"- ","- ",34.187931060791016,-118.16864013671875,"LOS ANGELES",UNINCORPORATED,-118.16863250732422,34.187911987304688
9114015,2020,2020-08-24,1942,2020-06-11,1125,38191,1723,4,5,7,1942,0,0,0,Q,0,17A23,"SAN JOSE ST","MASON AV",343.00,W,N,A,-,N,,,,,,,,,,Y,3,0,1,1,A,-,01,23152,A,N,E,I,A,A,H,-,A,A,0,,,,,Y,Y,A,07,0,1,0,0,0,0,0,0,0,"- ","- ",,,"LOS ANGELES","LOS ANGELES",-118.58097076416016,34.260829925537109
91142262,2019,2019-12-12,9530,2019-11-17,1950,021792,,7,2,9,1900,0,3,5,,2,003,"CASTLEGATE AVE. (15000 BLOCK)","SAN LUIS ST.",145.00,S,N,A,-,N,,,,,,,,,,Y,3,0,1,3,A,-,01,23152,A,M,B,E,A,A,H,-,C,D,0,,,,,Y,Y,A,01,0,1,0,0,0,0,0,0,0,"- ","- ",33.896778106689453,-118.19667816162109,"LOS ANGELES",UNINCORPORATED,-118.19672393798828,33.896553039550781
91146847,2019,2019-12-19,9590,2019-12-04,0120,022404,,3,3,7,1942,0,1,2,,2,073,"US-101 S/B (HOF) TO VINE ST.","IVAR AVE.",50.00,N,N,B,C,Y,,,101,,,,R,,S,Y,3,0,1,1,A,-,01,23152,A,N,E,I,A,B,H,-,C,D,0,,,,,Y,Y,A,01,0,1,0,0,0,0,0,0,0,"- ","- ",34.106498718261719,-118.32900238037109,"LOS ANGELES","LOS ANGELES",-118.32900238037109,34.106498718261719
91152018,2019,2019-12-24,9565,2019-12-23,0019,022145,,1,3,9,1900,0,3,5,,2,002,"VAN NESS AVENUE","CENTURY BOULEVARD",0.00,,Y,C,-,N,,,,,,,,,,Y,3,0,3,2,A,-,01,23152,A,N,C,C,A,B,H,-,C,A,0,,,,,Y,Y,A,01,0,2,1,0,0,0,0,0,0,"- ","- ",33.945358276367188,-118.3177490234375,"LOS ANGELES",UNINCORPORATED,-118.31771850585938,33.945461273193359
91154478,2019,2019-12-30,9565,2019-12-14,0250,022014,,6,3,9,1900,0,1,1,,2,060,"I-405 S/B TO I-105","LENNOX BLVD",1015.00,S,N,A,-,Y,,,405,,,,R,,S,Y,2,0,1,1,A,-,01,23152,A,N,E,I,A,A,H,-,C,D,0,,,,,Y,Y,A,01,1,0,0,0,0,0,0,0,0,"- ","- ",33.935470581054688,-118.36872100830078,"LOS ANGELES",UNINCORPORATED,-118.36872100830078,33.935470581054688
91154887,2019,2019-12-30,9550,2019-12-19,2350,021872,,4,3,3,1964,0,1,1,,2,501,"I-5 N/B","ALONDRA BOULEVARD",800.00,N,N,A,-,Y,,,5,,,,,,N,Y,3,0,3,2,A,-,01,23152,A,N,C,C,A,A,H,-,D,D,0,,,,,Y,Y,A,07,0,1,2,0,0,0,0,0,0,"- ","- ",33.889198303222656,-118.03787231445312,"LOS ANGELES","SANTA FE SPRINGS",-118.03794860839844,33.889057159423828
9115661,2019,2020-08-10,1942,2019-10-04,0240,42576,1772,5,5,7,1942,0,0,0,Q,0,17A81,WINNETKA,"SUPERIOR AV",0.00,,Y,A,-,N,,,,,,,,,,N,4,0,2,2,A,-,12,21453,,N,D,C,A,A,H,-,A,A,0,,,,,Y,Y,A,07,0,0,2,0,0,0,0,0,0,"- ","- ",,,"LOS ANGELES","LOS ANGELES",-118.57122039794922,34.246139526367188
91157320,2019,2020-01-02,9530,2019-12-23,0210,021094,,1,3,7,1941,0,1,1,,2,072,"I-710 S/B (LONG BEACH FREEWAY)","WILLOW ST.",20.00,N,N,C,-,Y,,,,,,,,,,N,4,0,1,1,A,-,01,23152,A,N,E,I,A,B,H,-,D,D,0,,,,,Y,Y,A,01,0,0,1,0,0,0,0,0,0,"- ","- ",33.481708526611328,-118.12270355224609,"LOS ANGELES","LONG BEACH",-118.20754241943359,33.804443359375
91159718,2019,2020-01-06,9530,2019-12-11,1715,020140,,3,2,9,1900,0,3,5,,2,002,"AVALON BLVD (14100 BLOCK)","139TH ST.",540.00,S,N,A,-,N,,,,,,,,,,Y,4,0,1,2,A,-,01,23152,A,N,D,C,A,A,H,-,B,D,0,,,,,Y,Y,A,08,0,0,1,0,0,0,0,0,0,"- ","- ",33.9039306640625,-118.26532745361328,"LOS ANGELES",UNINCORPORATED,-118.26529693603516,33.904018402099609
91163445,2019,2020-02-20,9550,2019-12-31,1745,022164,,2,2,9,1900,0,3,5,,2,002,"IMPERIAL HIGHWAY W/B","LEFFINGWELL ROAD",60.00,E,N,A,-,Y,,,,,,,,,,Y,4,0,1,3,A,-,01,23152,A,F,C,C,A,A,H,-,C,D,0,,,,,Y,Y,D,22,0,0,1,0,0,0,0,0,0,"- ","- ",33.916999816894531,-118.04949951171875,"LOS ANGELES",UNINCORPORATED,-118.04994964599609,33.916893005371094
91164092,2020,2020-01-13,9565,2020-01-11,2230,021889,,6,3,5,1965,0,1,1,,2,081,"I-10 W/B","11TH ST",600.00,E,N,A,-,Y,,,10,,,,,,W,Y,2,0,2,4,A,-,01,23152,A,N,B,C,A,A,H,-,D,D,0,,,,,Y,Y,A,01,1,0,1,0,0,0,0,0,0,"- ","- ",34.018119812011719,-118.48098754882812,"LOS ANGELES","SANTA MONICA",-118.48110961914062,34.018272399902344
91176185,2020,2020-01-29,9575,2020-01-19,0105,021344,,7,3,9,1900,0,3,5,,2,008,"DEL MAR BOULEVARD (BLOCK 3500E)","LOTUS AVENUE",13.00,W,N,A,-,N,,,,,,,,,,Y,3,0,1,1,A,-,01,23152,A,N,E,I,A,A,H,-,C,A,0,,,,,Y,Y,A,07,0,1,0,0,0,0,0,0,0,"- ","- ",34.142391204833984,-118.07653045654297,"LOS ANGELES",UNINCORPORATED,-118.07645416259766,34.142250061035156
91182479,2020,2020-02-07,9590,2020-02-01,2015,021667,,6,2,7,1942,0,1,1,,2,041,"I-5 S/B (GOLDEN STATE FREEWAY)","SOTO STREET",550.00,S,N,A,-,Y,,,,,,,,,,Y,4,0,1,2,A,-,01,23152,A,N,C,C,A,A,H,-,C,D,0,,,,,Y,Y,A,01,0,0,1,0,0,0,0,0,0,"- ","- ",34.028850555419922,-118.21690368652344,"LOS ANGELES","LOS ANGELES",-118.21881866455078,34.029270172119141
9119853,2020,2020-08-12,1944,2020-05-31,1848,365,1944,7,5,4,1944,0,0,0,,0,004,"AVIATION BL","33RD ST",431.00,N,N,A,-,N,,,,,,,,,,N,3,0,1,2,A,-,08,22107,,N,B,G,A,A,H,-,A,D,0,,Y,,,Y,Y,L,04,0,1,0,0,0,0,1,0,0,"- ","- ",,,"LOS ANGELES","MANHATTAN BEACH",-118.37870788574219,33.899852752685547
9120367,2020,2020-07-24,1972,2020-01-28,1537,12825,,2,5,6,1972,0,0,0,,0,,"HAWTHORNE BL","230TH ST",13.00,S,N,A,-,N,,,,,,,,,,N,4,0,1,2,A,-,10,21950,A,N,G,B,B,A,H,-,A,A,0,Y,,,,Y,Y,A,,0,0,1,0,1,0,0,0,0,"- ","- ",,,"LOS ANGELES",TORRANCE,-118.35121154785156,33.818386077880859
91208907,2020,2020-03-16,9525,2020-03-07,0154,021980,,6,3,5,1906,0,1,1,,2,103,"I-10 W/B TO I-605 N/B","I-605 N/B (SAN GABRIEL RIVER FWY)",300.00,E,N,A,-,Y,,,10,,,,R,,W,Y,4,0,1,1,A,-,01,23152,A,N,E,I,A,A,H,-,D,D,0,,,,,Y,Y,A,07,0,0,1,0,0,0,0,0,0,"- ","- ",34.066028594970703,-117.99893951416016,"LOS ANGELES","BALDWIN PARK",-117.99893951416016,34.066028594970703
91208966,2020,2020-03-16,9565,2020-03-05,0120,022423,,4,3,7,1942,0,1,1,,2,010,"I-105 W/B TO I-405 S/B","120TH ST",100.00,N,N,A,-,Y,,,,,,,,,,Y,4,0,1,2,A,-,03,22350,,N,C,C,A,A,H,-,C,D,0,,,Y,,Y,Y,C,02,0,0,1,0,0,0,0,0,1,"- ","- ",33.924160003662109,-118.369140625,"LOS ANGELES","LOS ANGELES",,
91209783,2020,2020-03-17,9530,2020-03-08,0310,021902,,7,3,7,1941,0,1,3,,2,320,"SR-91 W/B TO I-710 S/B","I-710 S/B (LONG BEACH FREEWAY)",75.00,W,N,C,-,Y,,,91,,,,R,,W,Y,3,0,1,1,A,-,01,23152,A,N,E,I,A,B,H,-,C,D,0,,,,,Y,Y,A,01,0,1,0,0,0,0,0,0,0,"- ","- ",33.876510620117188,-118.19332885742188,"LOS ANGELES","LONG BEACH",-118.19332885742188,33.876510620117188
9121039,2020,2020-09-11,1942,2020-06-28,2245,36814,0251,7,5,7,1942,0,0,0,B,0,2A45,"S LA FAYETTE PARK PL","WILSHIRE BL",0.00,,Y,A,-,N,,,,,,,,,,N,3,0,1,2,A,-,11,21456,B,F,G,B,B,A,H,-,C,A,0,Y,,,,Y,Y,N,60,0,1,0,0,1,0,0,0,0,"- ","- ",,,"LOS ANGELES","LOS ANGELES",-118.28327178955078,34.061351776123047
91215084,2020,2020-03-24,9525,2020-03-16,0002,021748,,1,3,4,1905,0,1,1,,2,204,"I-210 E/B TO VERNON AVE","VERNON AVE",340.00,W,N,A,-,Y,,,210,,,,R,,E,Y,3,0,1,1,A,-,01,23152,A,N,F,A,A,A,H,-,C,D,0,,,Y,,Y,Y,C,02,0,1,0,0,0,0,0,0,1,"- ","- ",34.126571655273438,-117.91728210449219,"LOS ANGELES",AZUSA,-117.91728210449219,34.126571655273438
91229429,2020,2020-04-24,9580,2020-04-03,2233,021607,,5,3,7,1942,0,1,1,,2,407,"I-405 S/B (SAN DIEGO FWY)","CHATSWORTH ST",80.00,N,N,B,-,Y,,,405,,,,,,S,Y,4,0,1,2,A,-,07,21658,A,N,C,C,A,A,H,-,C,D,0,,,,,Y,Y,A,01,0,0,1,0,0,0,0,0,0,"- ","- ",34.264881134033203,-118.47235107421875,"LOS ANGELES","LOS ANGELES",-118.47229766845703,34.264881134033203
91235607,2020,2020-05-11,9575,2020-04-28,2237,022503,,2,3,5,1902,0,1,1,,2,065,"I-210 E/B (FOOTHILL FREEWAY)","SANTA ANITA AVE.",1370.00,W,N,A,-,Y,,,,,,,,,,Y,2,0,1,2,A,-,01,23152,A,N,B,C,A,A,H,-,C,D,0,,,,,Y,Y,A,01,1,0,0,0,0,0,0,0,0,"- ","- ",34.128448486328125,-118.08760833740234,"LOS ANGELES",ARCADIA,-118.0361328125,34.148235321044922
91248334,2020,2020-06-08,9530,2020-05-31,0240,022453,,7,3,9,1900,0,1,1,,2,210,"I-105 W/B (GLENN ANDERSON FWY)","COMPTON AVE.",270.00,W,N,A,-,Y,,,105,,,,,,W,Y,3,0,1,2,A,-,08,22107,,N,E,I,A,A,H,-,C,D,0,,,,,Y,Y,A,01,0,1,0,0,0,0,0,0,0,"- ","- ",33.928958892822266,-118.2470703125,"LOS ANGELES",UNINCORPORATED,-118.2470703125,33.928947448730469
91252836,2020,2020-06-16,9545,2020-06-15,0530,018058,,1,3,9,1900,0,3,5,,2,001,"SIERRA HIGHWAY","AVENUE C",280.00,N,N,A,-,N,,,,,,,,,,Y,4,0,1,1,A,-,08,22107,,N,F,A,A,A,H,-,A,D,0,,,,,Y,Y,A,07,0,0,1,0,0,0,0,0,0,"- ","- ",34.79254150390625,-118.151611328125,"LOS ANGELES",UNINCORPORATED,-118.15158843994141,34.79241943359375
91260272,2020,2020-06-29,9525,2020-06-22,2335,021931,,1,3,6,1975,0,1,1,,2,106,"I-10 E/B (SAN BERNARDINO FWY)","VINCENT AVE",2640.00,E,N,A,-,Y,,,10,,,,,,E,Y,3,0,1,1,A,-,01,23152,A,N,E,I,A,A,H,-,D,D,0,,,,,Y,Y,A,01,0,1,0,0,0,0,0,0,0,"- ","- ",34.072200775146484,-117.91989898681641,"LOS ANGELES","WEST COVINA",-117.91989898681641,34.072151184082031
91261859,2020,2020-07-01,9535,2020-06-21,1805,022159,,7,2,9,1900,0,1,1,,2,501,"I-5 (SANTA ANA FREEWAY) S/B","OLYMPIC BLVD.",85.00,N,N,A,-,Y,,,5,,,,,,S,Y,3,0,1,2,A,-,01,23152,A,N,C,C,A,A,H,-,A,D,0,,,,,Y,Y,A,07,0,1,0,0,0,0,0,0,0,"- ","- ",34.019489288330078,-118.17862701416016,"LOS ANGELES",UNINCORPORATED,-118.1788330078125,34.019050598144531
91264031,2020,2020-07-06,9590,2020-07-02,0747,019008,,4,1,7,1942,0,1,2,,2,071,"US-101 SOUTHBOUND (SANTA ANA FREEWAY)","ALAMEDA STREET",600.00,S,N,B,-,Y,,,101,,,,,,S,Y,3,0,1,1,A,-,01,23152,A,N,E,I,A,A,H,-,A,D,0,,,,,Y,Y,A,01,0,1,0,0,0,0,0,0,0,"- ","- ",34.05364990234375,-118.23686218261719,"LOS ANGELES","LOS ANGELES",-118.23684692382812,34.053768157958984
91270792,2020,2020-07-20,9575,2020-07-08,2048,020918,,3,2,6,1925,0,1,3,,2,042,"SR-2 E/B FROM SR-134 E/B","HARVEY DR.",430.00,W,N,A,-,Y,,,,,,,,,,Y,3,0,1,1,A,-,01,23152,A,N,E,I,A,A,H,-,C,D,0,,,,,Y,Y,A,01,0,1,0,0,0,0,0,0,0,"- ","- ",34.147838592529297,-118.23052215576172,"LOS ANGELES",GLENDALE,,