CASE_ID,ACCIDENT_YEAR,PROC_DATE,JURIS,COLLISION_DATE,COLLISION_TIME,OFFICER_ID,REPORTING_DISTRICT,DAY_OF_WEEK,CHP_SHIFT,POPULATION,CNTY_CITY_LOC,SPECIAL_COND,BEAT_TYPE,CHP_BEAT_TYPE,CITY_DIVISION_LAPD,CHP_BEAT_CLASS,BEAT_NUMBER,PRIMARY_RD,SECONDARY_RD,DISTANCE,DIRECTION,INTERSECTION,WEATHER_1,WEATHER_2,STATE_HWY_IND,CALTRANS_COUNTY,CALTRANS_DISTRICT,STATE_ROUTE,ROUTE_SUFFIX,POSTMILE_PREFIX,POSTMILE,LOCATION_TYPE,RAMP_INTERSECTION,SIDE_OF_HWY,TOW_AWAY,COLLISION_SEVERITY,NUMBER_KILLED,NUMBER_INJURED,PARTY_COUNT,PRIMARY_COLL_FACTOR,PCF_CODE_OF_VIOL,PCF_VIOL_CATEGORY,PCF_VIOLATION,PCF_VIOL_SUBSECTION,HIT_AND_RUN,TYPE_OF_COLLISION,MVIW,PED_ACTION,ROAD_SURFACE,ROAD_COND_1,ROAD_COND_2,LIGHTING,CONTROL_DEVICE,CHP_ROAD_TYPE,PEDESTRIAN_ACCIDENT,BICYCLE_ACCIDENT,MOTORCYCLE_ACCIDENT,TRUCK_ACCIDENT,NOT_PRIVATE_PROPERTY,ALCOHOL_INVOLVED,STWD_VEHTYPE_AT_FAULT,CHP_VEHTYPE_AT_FAULT,COUNT_SEVERE_INJ,COUNT_VISIBLE_INJ,COUNT_COMPLAINT_PAIN,COUNT_PED_KILLED,COUNT_PED_INJURED,COUNT_BICYCLIST_KILLED,COUNT_BICYCLIST_INJURED,COUNT_MC_KILLED,COUNT_MC_INJURED,PRIMARY_RAMP,SECONDARY_RAMP,LATITUDE,LONGITUDE,COUNTY,CITY,POINT_X,POINT_Y
6292894,2017,2019-04-05,1900,2017-07-12,1808,473596,2612,3,5,6,1950,0,0,0,,0,262T1,"RANCHO VISTA BL","SEVILLE AV",344.00,E,N,A,-,N,,,,,,,,,,Y,1,1,0,2,A,-,09,21804,A,N,D,C,A,A,D,-,A,A,0,,,Y,,Y,Y,A,01,0,0,0,0,0,0,0,1,0,"- ","- ",,,"LOS ANGELES",PALMDALE,-118.18700579999999,34.602897830000003
6294811,2013,2014-05-08,1955,2013-11-18,1420,40590,14,1,5,6,1955,0,0,0,,0,003,"SAN ANTONIO AV","HOLT AV",150.00,S,N,A,-,N,,,,,,,,,,N,4,0,1,2,A,-,09,21804,A,M,D,G,A,A,H,-,A,A,0,,Y,,,Y,Y,A,07,0,0,1,0,0,0,1,0,0,"- ","- ",,,"LOS ANGELES",POMONA,-117.7368637,34.062302899999999
6295758,2013,2014-05-20,1942,2013-12-09,0340,40820,0985,1,5,7,1942,0,0,0,I,0,21T65,"MOORPARK ST","VAN NUYS BL",0.00,,Y,A,-,N,,,,,,,,,,Y,4,0,1,2,A,-,12,21453,A,F,D,C,A,A,H,-,C,A,0,,,,,Y,Y,A,01,0,0,1,0,0,0,0,0,0,"- ","- ",,,"LOS ANGELES","LOS ANGELES",-118.4487123,34.151904899999998
6298547,2013,2014-05-05,1942,2013-11-09,0520,40398,2197,6,5,7,1942,0,0,0,,0,10TL35,"ARUNDEL DR","ARUNDEL PL",306.00,E,N,A,-,N,,,,,,,,,,Y,3,0,1,1,A,-,01,23152,A,N,E,I,A,A,H,-,B,D,0,,,,,Y,Y,A,01,0,1,0,0,0,0,0,0,0,"- ","- ",,,"LOS ANGELES","LOS ANGELES",,
6300301,2013,2014-05-05,1942,2013-11-12,1350,32372,1001,2,5,7,1942,0,0,0,J,0,35M55,"ROSCOE BL","TAMPA AV",240.00,W,N,B,-,N,,,,,,,,,,N,4,0,3,2,A,-,09,21801,A,N,D,C,A,A,H,-,A,D,0,,,,,Y,Y,A,01,0,0,3,0,0,0,0,0,0,"- ","- ",,,"LOS ANGELES","LOS ANGELES",-118.5543746,34.220451400000002
6301217,2013,2014-05-09,1922,2013-11-19,0434,563,,2,5,6,1922,0,0,0,,0,,"DURFEE AV","MOREHOUSE ST",0.00,,Y,A,-,N,,,,,,,,,,Y,3,0,1,4,A,-,01,23152,A,N,E,I,A,A,H,-,C,D,0,,,,,Y,Y,A,07,0,1,0,0,0,0,0,0,0,"- ","- ",,,"LOS ANGELES","EL MONTE",-118.0215922,34.052545000000002
6307153,2013,2014-05-21,1942,2013-12-19,1740,31557,1663,4,5,7,1942,0,0,0,P,0,35MX10,"SHELDON ST","SAN FERNANDO RD",3.00,W,N,B,-,Y,,,,,,,,,,N,4,0,1,1,A,-,01,23152,A,M,E,I,A,B,H,-,C,D,0,,,,,Y,Y,A,07,0,0,1,0,0,0,0,0,0,"- ","- ",,,"LOS ANGELES","LOS ANGELES",-118.39376970000001,34.239279500000002
6309138,2013,2014-05-30,1942,2013-12-06,1935,38354,0923,5,5,7,1942,0,0,0,I,0,21T65,"VAN NUYS BL","VICTORY BL",0.00,,Y,A,-,N,,,,,,,,,,Y,4,0,2,2,A,-,09,21801,A,N,D,C,A,A,H,-,C,-,0,,,,,Y,Y,A,07,0,0,2,0,0,0,0,0,0,"- ","- ",,,"LOS ANGELES","LOS ANGELES",-118.4487323,34.186655000000002
6314924,2013,2014-05-29,1920,2013-12-30,0937,11033,,1,5,6,1920,0,0,0,,0,002,"FIRESTONE BL","PARAMOUNT BL",41.00,W,N,A,-,N,,,,,,,,,,N,4,0,1,2,A,-,03,22350,,N,C,C,A,A,H,-,A,A,0,,,,,Y,Y,A,,0,0,1,0,0,0,0,0,0,"- ","- ",,,"LOS ANGELES",DOWNEY,-118.1381962,33.942734899999998
6314999,2013,2014-05-27,1942,2013-12-08,1815,40212,2031,7,5,7,1942,0,0,0,,0,20A14,"WESTERN AV","WILSHIRE BL",120.00,N,N,A,-,N,,,,,,,,,,N,3,0,5,3,A,-,01,23152,A,N,C,C,A,A,H,-,B,A,0,,,,,Y,Y,A,01,0,1,4,0,0,0,0,0,0,"- ","- ",,,"LOS ANGELES","LOS ANGELES",-118.30909370000001,34.0620239
6322934,2013,2014-05-23,1942,2013-12-29,0210,38356,1964,7,5,7,1942,0,0,0,,0,9TL53,"VAN NUYS BL","NORDHOFF AV",64.00,N,N,A,-,N,,,,,,,,,,Y,4,0,1,2,A,-,01,23152,A,N,A,C,A,A,H,-,C,A,0,,,,,Y,Y,A,01,0,0,1,0,0,0,0,0,0,"- ","- ",,,"LOS ANGELES","LOS ANGELES",-118.45028189999999,34.235570000000003
6326752,2013,2014-05-23,1900,2013-12-08,0145,527056,2620,7,5,6,1950,0,0,0,,0,264T1,"50TH ST EAST","RT 138",0.00,S,Y,A,-,Y,LA,7,138,-,R,48.520,I,6,W,Y,3,0,1,1,A,-,03,22350,,N,F,A,A,C,H,-,D,D,0,,,,,Y,Y,A,01,0,1,0,0,0,0,0,0,0,"- ","- ",,,"LOS ANGELES",PALMDALE,-118.04502650000001,34.577620899999999
6328021,2014,2014-06-02,1942,2014-01-01,0500,40567,0991,3,5,7,1942,0,0,0,I,0,17TL17,"BEVERLY GLEN BL","KNOBHILL DR",120.00,N,N,A,-,N,,,,,,,,,,Y,2,0,2,1,A,-,01,23152,A,N,E,I,A,A,H,-,C,D,0,,,,,Y,Y,A,01,1,1,0,0,0,0,0,0,0,"- ","- ",,,"LOS ANGELES","LOS ANGELES",-118.452361,34.136210720000001
6328025,2014,2015-08-14,1942,2014-01-01,0155,25495,0668,3,5,7,1942,0,0,0,F,0,7T23,"WESTERN AV","FOUNTAIN AV",235.00,S,N,A,-,N,,,,,,,,,,Y,3,0,1,2,A,-,01,23152,A,N,A,C,A,A,H,-,C,A,0,,,,,Y,Y,A,01,0,1,0,0,0,0,0,0,0,"- ","- ",,,"LOS ANGELES","LOS ANGELES",-118.30920999999999,34.094235560000001
6332362,2013,2014-05-13,9575,2013-12-01,0210,20634,,7,3,7,1942,0,1,1,,2,060,"RT 210","FOOTHILL BL",10.00,E,N,A,-,Y,LA,7,210,-,R,5.762,R,2,W,Y,3,0,1,1,A,-,01,23152,A,M,E,I,A,A,H,-,D,D,1,,,,,Y,Y,A,01,0,1,0,0,0,0,0,0,0,"- ","- ",34.287739999999999,-118.40913999999999,"LOS ANGELES","LOS ANGELES",-118.4105193,34.290999399999997
6337531,2014,2014-06-04,1942,2014-01-10,2245,37511,2062,5,5,7,1942,0,0,0,,0,7T23,WESTERN,"MONETTE PL",10.00,N,N,A,-,N,,,,,,,,,,Y,4,0,1,2,A,-,01,23152,A,N,C,C,A,A,H,-,C,A,0,,,,,Y,Y,A,01,0,0,1,0,0,0,0,0,0,"- ","- ",,,"LOS ANGELES","LOS ANGELES",-118.30907999999999,34.053567430000001
6339946,2013,2014-05-19,1942,2013-12-24,2300,40705,1265,2,5,7,1942,0,0,0,L,0,18T23,"NORMANDIE AV","MANCHESTER AV",25.00,N,N,A,-,N,,,,,,,,,,Y,4,0,2,2,A,-,03,22350,,F,C,D,A,A,H,-,C,D,0,,,,,Y,Y,A,01,0,0,2,0,0,0,0,0,0,"- ","- ",,,"LOS ANGELES","LOS ANGELES",-118.3002922,33.960062800000003
6342181,2013,2014-05-19,1900,2013-12-16,1430,540241,26377,1,5,6,1950,0,0,0,,0,263T1,"47TH ST","AVE R",219.00,S,N,A,-,N,,,,,,,,,,N,4,0,1,2,A,-,03,22350,,M,C,C,A,A,H,-,A,A,0,,,,,Y,Y,-,"- ",0,0,1,0,0,0,0,0,0,"- ","- ",,,"LOS ANGELES",PALMDALE,-118.0450822,34.572184499999999
6342403,2014,2015-11-14,9525,2014-01-18,0020,020232,,6,3,6,1975,0,1,1,,2,106,"RT 10","CITRUS AV",1584.00,E,N,A,-,Y,LA,7,10,-,-,37.800,H,-,E,Y,3,0,1,2,A,-,01,23152,A,N,C,C,A,A,H,-,D,D,1,,,,Y,Y,Y,A,01,0,1,0,0,0,0,0,0,0,"- ","- ",34.071309999999997,-117.87954000000001,"LOS ANGELES","WEST COVINA",-117.88489362,34.071847779999999
6344520,2013,2014-02-24,9530,2013-05-18,0400,20406,,6,3,9,1900,0,1,1,,2,210,"RT 105","CENTRAL AV",200.00,E,N,A,-,Y,LA,7,105,-,R,8.970,H,-,W,Y,3,0,1,1,A,-,01,23152,A,N,E,I,A,A,H,-,C,D,6,,,,,Y,Y,A,01,0,1,0,0,0,0,0,0,0,"- ","- ",33.928420000000003,-118.25143,"LOS ANGELES",UNINCORPORATED,-118.2540836,33.928228599999997
6344560,2013,2014-02-25,9530,2013-05-03,2014,20375,,5,2,9,1900,0,3,5,,2,001,"92ND ST","ZAMORA AV",0.00,,Y,A,-,N,,,,,,,,,,Y,3,0,2,2,A,-,09,21802,A,N,D,C,A,A,H,-,C,A,0,,,,,Y,Y,A,01,0,1,1,0,0,0,0,0,0,"- ","- ",33.953299999999999,-118.25165,"LOS ANGELES",UNINCORPORATED,-118.2516622,33.953304899999999
6346964,2013,2014-05-20,9590,2013-12-28,2250,20348,,6,3,7,1942,0,1,1,,2,085,"RT 5","LOS FELIZ BL",200.00,S,N,A,-,Y,LA,7,5,-,-,24.290,H,-,S,N,3,0,1,1,A,-,01,23152,A,N,E,I,A,A,H,-,C,D,1,,,,,Y,Y,A,01,0,1,0,0,0,0,0,0,0,"- ","- ",34.113460000000003,-118.26864999999999,"LOS ANGELES","LOS ANGELES",-118.27074930000001,34.119399299999998
6348634,2013,2014-02-01,9530,2013-02-14,2044,020367,,4,2,9,1900,0,3,5,,2,002,"REDONDO BEACH BL","AVALON BL",0.00,,Y,A,-,N,,,,,,,,,,Y,4,0,3,3,A,-,01,23152,A,N,D,C,A,A,H,-,C,A,0,,,,,Y,Y,A,01,0,0,3,0,0,0,0,0,0,"- ","- ",33.893129999999999,-118.26532,"LOS ANGELES",UNINCORPORATED,-118.2653523,33.893204900000001
6348637,2013,2014-02-01,9530,2013-02-03,2305,020457,,7,3,9,1900,0,3,5,,2,005,"MANHATTAN BEACH BL","PRAIRIE AV",0.00,,Y,A,-,N,,,,,,,,,,Y,4,0,2,2,A,-,01,23152,A,F,D,C,A,A,H,-,C,A,0,,,,,Y,Y,A,01,0,0,2,0,0,0,0,0,0,"- ","- ",33.887459999999997,-118.34383,"LOS ANGELES",UNINCORPORATED,-118.3438723,33.887364900000001
6352127,2014,2014-06-10,1962,2014-01-19,1908,113,1962,7,5,4,1962,0,0,0,,0,025,"LAFAYETTE ST","PEARL ST",0.00,,-,A,-,N,,,,,,,,,,N,3,0,1,1,A,-,17,21663,,N,E,I,A,A,H,-,C,D,0,,Y,,,Y,Y,L,04,0,1,0,0,0,0,1,0,0,"- ","- ",,,"LOS ANGELES","SAN GABRIEL",-118.09509006,34.09311005
6353051,2014,2015-12-29,9540,2014-01-11,2342,19592,,6,3,9,1900,0,1,1,,2,511,"RT 5","TEMPLIN HWY",11616.00,N,N,A,-,Y,LA,7,5,-,R,68.200,H,-,S,Y,3,0,1,1,A,-,01,23152,A,N,E,I,A,A,H,-,D,D,1,,,,,Y,Y,A,01,0,1,0,0,0,0,0,0,0,"- ","- ",34.59601,-118.71212,"LOS ANGELES",UNINCORPORATED,-118.71210254,34.592945659999998
6355609,2013,2014-05-16,1942,2013-11-30,0145,38956,0911,6,5,7,1942,0,0,0,I,0,15T45,"SEPULVEDA BL","SHERMAN WY",160.00,E,N,A,-,N,,,,,,,,,,N,4,0,1,2,A,-,05,21650,,N,D,G,A,A,H,-,E,D,0,,Y,,,Y,Y,L,04,0,0,1,0,0,0,1,0,0,"- ","- ",,,"LOS ANGELES","LOS ANGELES",,
6359509,2013,2014-05-20,1942,2013-12-01,0100,40731,1651,7,5,7,1942,0,0,0,P,0,9T57,"LAUREL CANYON BL","MONTAGUE ST",400.00,N,N,A,-,N,,,,,,,,,,Y,3,0,1,3,A,-,01,23152,A,N,B,E,A,A,H,-,C,D,0,,,,,Y,Y,A,01,0,1,0,0,0,0,0,0,0,"- ","- ",,,"LOS ANGELES","LOS ANGELES",-118.4172461,34.244707699999999
6360287,2014,2014-06-12,1942,2014-01-30,2325,36828,0171,4,5,7,1942,0,0,0,A,0,1EL4,"OLYMPIC BL","COTTAGE PL",65.00,W,N,A,-,N,,,,,,,,,,Y,3,0,2,4,A,-,01,23152,A,N,D,E,A,A,H,-,C,D,0,,,,,Y,Y,A,01,0,1,1,0,0,0,0,0,0,"- ","- ",,,"LOS ANGELES","LOS ANGELES",-118.26530517,34.045291030000001
6360965,2014,2014-06-06,1942,2014-01-12,2345,40025,0765,7,5,7,1942,0,0,0,G,0,20TL59,"SAN VICENTE BL","HIGHLAND AV",165.00,W,N,A,-,N,,,,,,,,,,Y,3,0,2,6,A,-,01,23152,A,F,C,C,A,A,H,-,C,D,0,,,,,Y,Y,A,01,0,1,1,0,0,0,0,0,0,"- ","- ",,,"LOS ANGELES","LOS ANGELES",-118.34338941999999,34.049808769999999
6363419,2014,2014-06-07,1920,2014-01-29,0148,12035,,3,5,6,1920,0,0,0,,0,004,"TELEGRAPH RD","PASSONS BL",130.00,W,N,E,-,N,,,,,,,,,,Y,2,0,3,2,A,-,01,23153,A,N,C,E,A,A,H,-,C,D,0,,,,Y,Y,Y,A,,1,1,1,0,0,0,0,0,0,"- ","- ",,,"LOS ANGELES",DOWNEY,-118.10304478,33.955881990000002
6368890,2013,2014-05-22,1942,2013-10-31,2355,25311,1162,4,5,7,1942,0,0,0,K,0,11A71,"SUNSET BL","VIRGIL BL",20.00,W,N,A,-,N,,,,,,,,,,N,3,0,2,3,A,-,03,22350,,F,C,G,A,A,H,-,C,A,0,,Y,,,Y,Y,-,99,0,2,0,0,0,0,2,0,0,"- ","- ",,,"LOS ANGELES","LOS ANGELES",-118.2875081,34.098147400000002
6370408,2014,2015-12-30,9540,2014-01-10,0150,19856,,5,3,9,1900,0,1,3,,1,144,"RT 14","SAND CANYON RD",3750.00,S,N,A,-,Y,LA,7,14,-,-,32.730,H,-,N,Y,3,0,1,1,A,-,01,23152,A,M,E,I,A,A,H,-,C,D,1,,,,,Y,Y,A,01,0,1,0,0,0,0,0,0,0,"- ","- ",34.42062,-118.43307,"LOS ANGELES",UNINCORPORATED,-118.43424392,34.420223999999997
6374997,2013,2014-06-02,9575,2013-12-15,2300,019920,,7,3,9,1900,0,3,5,,2,008,"GOLDEN WEST AV","LEMON AV",165.00,N,N,A,-,N,,,,,,,,,,N,3,0,1,1,A,-,01,23152,A,M,E,I,A,A,H,-,C,D,0,,,,,Y,Y,D,22,0,1,0,0,0,0,0,0,0,"- ","- ",34.118589999999998,-118.05880000000001,"LOS ANGELES",UNINCORPORATED,-118.0588695,34.1185014
6375357,2014,2014-07-03,1942,2014-01-20,2025,40476,1209,1,5,7,1942,0,0,0,L,0,3T5,"FLOWER ST","48TH ST",50.00,N,N,A,-,N,,,,,,,,,,Y,4,0,1,2,A,-,01,23152,A,N,C,E,A,A,H,-,C,D,0,,,,,Y,Y,A,01,0,0,1,0,0,0,0,0,0,"- ","- ",,,"LOS ANGELES","LOS ANGELES",-118.28139903,33.999356919999997
6375652,2014,2014-06-09,9525,2014-01-17,2030,019491,,5,2,9,1900,0,3,5,,2,003,"YORBITA RD","ALTARIO ST",5.00,W,N,A,-,N,,,,,,,,,,Y,4,0,3,2,A,-,01,23152,A,N,B,C,A,A,H,-,D,D,0,,,,,Y,Y,D,22,0,0,3,0,0,0,0,0,0,"- ","- ",34.010759999999998,-117.90289,"LOS ANGELES",UNINCORPORATED,-117.90300452,34.010703550000002
6376829,2014,2014-06-19,1900,2014-02-09,0215,506937,0641,7,5,6,1985,0,0,0,,0,62T1,"GROVEPARK DR","PAMPLICO DR",100.00,E,N,A,-,N,,,,,,,,,,Y,3,0,1,2,A,-,01,23152,A,N,D,E,A,A,H,-,C,D,0,,,,,Y,Y,A,07,0,1,0,0,0,0,0,0,0,"- ","- ",,,"LOS ANGELES","SANTA CLARITA",-118.52173429,34.4472381
6377695,2014,2015-12-28,1942,2014-01-10,2140,40025,823,5,5,7,1942,0,0,0,,0,8T35,"PACIFIC COAST HWY","CHAUTAUQUA BL",1300.00,N,N,A,-,Y,LA,7,1,-,-,37.300,H,-,N,N,3,0,1,2,A,-,11,21955,,N,G,B,D,A,H,-,C,D,0,Y,,,,Y,Y,N,60,0,1,0,0,1,0,0,0,0,"- ","- ",,,"LOS ANGELES","LOS ANGELES",-118.5231928,34.0303228
6380004,2014,2015-11-10,9590,2014-02-13,0532,16642,,4,3,7,1942,0,1,1,,2,052,"RT 110","VENICE BL",25.00,N,N,A,-,Y,LA,7,110,-,-,21.500,H,-,N,Y,3,0,2,3,A,-,01,23152,A,N,E,I,A,A,H,-,D,D,1,,,,Y,Y,Y,A,01,0,1,1,0,0,0,0,0,0,"- ","- ",34.040840000000003,-118.27351,"LOS ANGELES","LOS ANGELES",-118.27372724,34.039382250000003
6381102,2013,2014-04-01,9530,2013-08-09,0110,020624,,5,3,9,1900,0,3,5,,2,001,"FIRESTONE BL","HOOPER AV",156.00,W,N,A,-,N,,,,,,,,,,Y,3,0,3,2,A,-,"- ",,,N,A,C,A,A,H,-,C,A,0,,,,,Y,Y,A,01,0,2,1,0,0,0,0,0,0,"- ","- ",33.960149999999999,-118.25496,"LOS ANGELES",UNINCORPORATED,-118.2545255,33.960154799999998
6381946,2014,2014-06-14,1942,2014-02-08,0055,35675,0937,6,5,7,1942,0,0,0,I,0,9A37,"WOODMAN AV","VICTORY BL",0.00,,Y,A,-,N,,,,,,,,,,Y,4,0,2,1,A,-,01,23152,,N,E,I,A,A,H,-,C,A,0,,,,,Y,Y,A,07,0,0,2,0,0,0,0,0,0,"- ","- ",,,"LOS ANGELES","LOS ANGELES",-118.43126014000001,34.186680090000003
6382076,2014,2015-11-10,9590,2014-02-02,0110,19110,,7,3,7,1942,0,1,1,,2,051,"RT 110","MARTIN LUTHER KING BL",200.00,S,N,A,-,Y,LA,7,110,-,-,19.450,H,-,S,Y,4,0,1,2,A,-,01,23152,A,N,C,C,A,A,H,-,C,D,1,,,,,Y,Y,A,01,0,0,1,0,0,0,0,0,0,"- ","- ",34.010390000000001,-118.28128,"LOS ANGELES","LOS ANGELES",-118.28112735000001,34.010692970000001
6382892,2013,2014-06-10,9530,2013-12-28,0510,020636,,6,3,5,1943,0,1,1,,2,210,"RT 105","LONG BEACH BL",100.00,E,N,A,-,Y,LA,7,105,-,R,11.640,H,-,W,Y,3,0,2,2,A,-,01,23152,A,N,C,C,A,A,H,-,C,D,6,,,,Y,Y,Y,A,07,0,1,1,0,0,0,0,0,0,"- ","- ",33.924849999999999,-118.2093,"LOS ANGELES",LYNWOOD,-118.2087497,33.924588999999997
6383409,2013,2014-04-30,9530,2013-11-03,0145,020567,,7,3,7,1941,0,1,1,,2,420,"RT 405","SANTA FE AV",528.00,S,N,A,-,Y,LA,7,405,-,-,7.990,H,-,S,Y,4,0,3,2,A,-,01,23152,A,N,C,C,A,A,H,-,C,D,1,,,,,Y,Y,A,01,0,0,3,0,0,0,0,0,0,"- ","- ",33.82544,-118.21442,"LOS ANGELES","LONG BEACH",-118.2158367,33.825267400000001
6383762,2013,2014-05-01,9530,2013-11-02,1610,20315,,6,2,9,1900,0,3,5,,2,001,"COMPTON AV","68TH ST",42.00,S,N,A,-,N,,,,,,,,,,Y,4,0,1,3,A,-,01,23152,A,N,C,C,A,A,H,-,A,D,0,,,,,Y,Y,A,01,0,0,1,0,0,0,0,0,0,"- ","- ",33.978630000000003,-118.24773,"LOS ANGELES",UNINCORPORATED,-118.24779220000001,33.978339699999999
6383902,2013,2014-05-07,9530,2013-11-09,0033,020457,,6,3,7,1941,0,1,3,,2,320,"RT 91","RT 710",90.00,E,N,A,-,Y,LA,7,710,-,-,12.871,R,2,S,Y,3,0,1,1,A,-,01,23152,A,N,E,I,A,A,H,-,D,D,1,,,,,Y,Y,A,01,0,1,0,0,0,0,0,0,0,"- ","- ",33.876719999999999,-118.1923,"LOS ANGELES","LONG BEACH",-118.1938521,33.872934899999997
6384442,2013,2014-05-24,9530,2013-12-25,0215,20231,,3,3,5,1977,0,1,3,,2,310,"RT 91","MAIN ST",120.00,E,N,A,-,Y,LA,7,91,-,R,7.060,R,2,W,Y,4,0,1,1,A,-,01,23152,A,N,E,J,A,A,H,-,D,D,1,,,,,Y,Y,A,01,0,0,1,0,0,0,0,0,0,TO,"- ",33.873289999999997,-118.27437,"LOS ANGELES",CARSON,-118.2687521,33.872914899999998
6385342,2014,2014-06-13,1920,2014-02-08,0528,12323,,6,5,6,1920,0,0,0,,0,001,"FIRESTONE BL","STEWART AND GRAY RD",60.00,E,N,A,-,N,,,,,,,,,,Y,4,0,1,1,A,-,01,23153,B,N,E,I,A,B,G,-,C,A,0,,,,,Y,Y,A,,0,0,1,0,0,0,0,0,0,"- ","- ",,,"LOS ANGELES",DOWNEY,-118.11168209,33.929301299999999
6389482,2014,2014-06-18,1942,2014-01-26,0330,41297,0897,7,5,7,1942,0,0,0,H,0,8A29,"S BEVERLY DR","HARLOW AV",180.00,N,N,A,-,N,,,,,,,,,,Y,4,0,1,2,A,-,01,23152,A,N,B,E,A,A,H,-,C,D,0,,,,,Y,Y,A,01,0,0,1,0,0,0,0,0,0,"- ","- ",,,"LOS ANGELES","LOS ANGELES",-118.3992499,34.030197649999998
6390457,2014,2014-06-09,1942,2014-01-21,1655,40099,0479,2,5,7,1942,0,0,0,D,0,4TL4,WHITTIER,ESPERANZA,0.00,W,N,A,-,N,,,,,,,,,,Y,4,0,2,3,A,-,01,23152,A,N,C,C,A,A,H,-,A,A,0,,,,,Y,Y,A,01,0,0,2,0,0,0,0,0,0,"- ","- ",,,"LOS ANGELES","LOS ANGELES",-118.19609007,34.025630059999997
6391053,2013,2014-03-14,9530,2013-05-10,2325,20376,,5,3,7,1941,0,1,1,,2,430,"RT 405","LAKEWOOD BL",1584.00,N,N,A,-,Y,LA,7,405,-,-,3.240,H,-,N,Y,4,0,1,1,A,-,01,23152,A,N,E,I,A,A,H,-,C,D,1,,,,,Y,Y,A,01,0,0,1,0,0,0,0,0,0,"- ","- ",33.806710000000002,-118.14579000000001,"LOS ANGELES","LONG BEACH",-118.1425887,33.805898999999997
6394326,2014,2015-11-13,9535,2014-02-08,0035,19125,,6,3,4,1907,0,1,1,,2,072,"RT 710","ATLANTIC BL",590.00,S,N,B,-,Y,LA,7,710,-,-,21.760,H,-,N,Y,3,0,1,1,A,-,01,23152,A,N,E,I,A,A,H,-,D,D,1,,,,,Y,Y,A,07,0,1,0,0,0,0,0,0,0,"- ","- ",33.995289999999997,-118.17663,"LOS ANGELES",BELL,-118.176748,33.995108160000001
6396034,2014,2016-01-13,9590,2014-02-03,0020,20352,,1,3,7,1942,0,1,1,,2,062,"RT 10","VENICE BL",300.00,N,N,B,-,Y,LA,7,10,-,-,14.812,R,3,E,Y,3,0,1,1,A,-,01,23152,C,N,E,I,A,B,H,-,C,D,1,,,,,Y,Y,A,01,0,1,0,0,0,0,0,0,0,"- ","- ",34.039029999999997,-118.27204,"LOS ANGELES","LOS ANGELES",-118.27443757,34.038106380000002
6398571,2014,2015-11-07,9590,2014-01-28,0725,17586,,2,1,7,1942,0,1,2,,2,073,"RT 101","CAHUENGA BL",150.00,N,N,A,-,Y,LA,7,101,-,-,7.530,H,-,S,Y,4,0,1,2,A,-,01,23152,A,N,C,C,A,A,H,-,A,D,1,,,,,Y,Y,A,07,0,0,1,0,0,0,0,0,0,"- ","- ",34.108629999999998,-118.3322,"LOS ANGELES","LOS ANGELES",-118.33179795,34.108447470000002
6398617,2014,2014-06-09,1942,2014-01-05,0045,38818,0334,7,5,7,1942,0,0,0,C,0,3A73,"ADAMS BL",BRONSON,100.00,E,N,A,-,N,,,,,,,,,,Y,2,0,2,2,A,-,03,22350,,N,A,C,A,A,H,-,C,A,0,,,,,Y,Y,A,01,1,1,0,0,0,0,0,0,0,"- ","- ",,,"LOS ANGELES","LOS ANGELES",-118.33347059,34.032587880000001
6408324,2014,2014-06-27,1942,2014-03-06,2005,38273,2138,4,5,7,1942,0,0,0,,0,9T53,"MASON AV","VALERIO ST",10.00,N,N,A,-,N,,,,,,,,,,N,2,0,1,2,A,-,10,21950,A,N,G,B,B,A,H,-,C,D,0,Y,,,,Y,Y,D,22,1,0,0,0,1,0,0,0,0,"- ","- ",,,"LOS ANGELES","LOS ANGELES",-118.57971000000001,34.204717430000002
6410381,2014,2016-03-05,9590,2014-03-01,0217,20244,,6,3,7,1942,0,1,1,,2,010,"RT 110","TUNNEL #4",100.00,N,N,C,-,Y,LA,7,110,-,-,25.488,R,2,N,Y,3,0,3,1,A,-,01,23152,A,F,E,I,A,B,H,-,C,D,1,,,,,Y,Y,A,01,0,3,0,0,0,0,0,0,0,"- ","- ",34.08032,-118.22743,"LOS ANGELES","LOS ANGELES",-118.2268416,34.079510509999999
6410666,2013,2014-04-15,9565,2013-09-22,1545,020513,,7,2,9,1900,0,2,4,,2,0031,"MULLEN ST","57TH ST",210.00,S,N,A,-,N,,,,,,,,,,Y,4,0,1,2,A,-,01,23152,A,N,H,I,A,A,H,-,A,D,0,,,,,Y,Y,A,01,0,0,1,0,0,0,0,0,0,"- ","- ",33.990189999999998,-118.33906,"LOS ANGELES",UNINCORPORATED,-118.3388722,33.990258900000001
6411257,2014,2014-06-12,1906,2014-02-26,1800,2876,,3,5,5,1906,0,0,0,,0,,"MERCED AV","BIG DALTON AV",0.00,,Y,A,-,N,,,,,,,,,,N,4,0,1,2,D,-,00,,,N,D,G,A,A,H,-,B,D,0,,Y,,,Y,Y,-,"- ",0,0,1,0,0,0,1,0,0,"- ","- ",,,"LOS ANGELES","BALDWIN PARK",-117.96274006,34.073510110000001
6411453,2013,2014-04-22,9530,2013-10-20,0333,20547,,7,3,6,1972,0,1,1,,2,400,"RT 405","ARTESIA BL",500.00,N,N,A,-,Y,LA,7,405,-,-,16.680,H,-,N,Y,4,0,1,1,A,-,01,23152,A,N,E,I,A,A,H,-,D,D,1,,,,,Y,Y,A,01,0,0,1,0,0,0,0,0,0,"- ","- ",33.873100000000001,-118.34229000000001,"LOS ANGELES",TORRANCE,-118.3439024,33.875421199999998