CASE_ID,ACCIDENT_YEAR,PROC_DATE,JURIS,COLLISION_DATE,COLLISION_TIME,OFFICER_ID,REPORTING_DISTRICT,DAY_OF_WEEK,CHP_SHIFT,POPULATION,CNTY_CITY_LOC,SPECIAL_COND,BEAT_TYPE,CHP_BEAT_TYPE,CITY_DIVISION_LAPD,CHP_BEAT_CLASS,BEAT_NUMBER,PRIMARY_RD,SECONDARY_RD,DISTANCE,DIRECTION,INTERSECTION,WEATHER_1,WEATHER_2,STATE_HWY_IND,CALTRANS_COUNTY,CALTRANS_DISTRICT,STATE_ROUTE,ROUTE_SUFFIX,POSTMILE_PREFIX,POSTMILE,LOCATION_TYPE,RAMP_INTERSECTION,SIDE_OF_HWY,TOW_AWAY,COLLISION_SEVERITY,NUMBER_KILLED,NUMBER_INJURED,PARTY_COUNT,PRIMARY_COLL_FACTOR,PCF_CODE_OF_VIOL,PCF_VIOL_CATEGORY,PCF_VIOLATION,PCF_VIOL_SUBSECTION,HIT_AND_RUN,TYPE_OF_COLLISION,MVIW,PED_ACTION,ROAD_SURFACE,ROAD_COND_1,ROAD_COND_2,LIGHTING,CONTROL_DEVICE,CHP_ROAD_TYPE,PEDESTRIAN_ACCIDENT,BICYCLE_ACCIDENT,MOTORCYCLE_ACCIDENT,TRUCK_ACCIDENT,NOT_PRIVATE_PROPERTY,ALCOHOL_INVOLVED,STWD_VEHTYPE_AT_FAULT,CHP_VEHTYPE_AT_FAULT,COUNT_SEVERE_INJ,COUNT_VISIBLE_INJ,COUNT_COMPLAINT_PAIN,COUNT_PED_KILLED,COUNT_PED_INJURED,COUNT_BICYCLIST_KILLED,COUNT_BICYCLIST_INJURED,COUNT_MC_KILLED,COUNT_MC_INJURED,PRIMARY_RAMP,SECONDARY_RAMP,LATITUDE,LONGITUDE,COUNTY,CITY,POINT_X,POINT_Y
7123418,2015,2015-11-30,1942,2015-11-13,1600,40572,0581,5,5,7,1942,0,0,0,E,0,5A84W5,"25TH ST","MERMAID DR",300.00,E,N,A,-,N,,,,,,,,,,Y,4,0,2,2,A,-,03,22350,,N,C,C,A,A,H,-,A,D,0,,,,,Y,Y,A,01,0,0,2,0,0,0,0,0,0,"- ","- ",,,"LOS ANGELES","LOS ANGELES",-118.32326025,33.726731839999999
7126191,2015,2015-12-02,1942,2015-10-01,1315,37857,0647,4,5,7,1942,0,0,0,F,0,20A1,"SUNSET BL","MORNINGSIDE CT",35.00,W,N,A,-,N,,,,,,,,,,N,4,0,1,2,A,-,07,21658,A,N,B,C,A,A,H,-,A,A,0,,,Y,,Y,Y,A,01,0,0,1,0,0,0,0,0,1,"- ","- ",,,"LOS ANGELES","LOS ANGELES",-118.32787539,34.097999999999999
7127126,2015,2015-12-24,1942,2015-11-20,1725,41956,0205,5,5,7,1942,0,0,0,B,0,2A76,"SUNSET BL","PARKMAN AV",0.00,,Y,A,-,N,,,,,,,,,,N,4,0,1,2,A,-,10,21950,A,N,A,B,B,A,H,-,C,A,0,Y,,,,Y,Y,-,,0,0,1,0,1,0,0,0,0,"- ","- ",,,"LOS ANGELES","LOS ANGELES",-118.27332010000001,34.082920100000003
7127273,2015,2015-12-23,1942,2015-12-03,1750,41327,0499,4,5,7,1942,0,0,0,D,0,11A62,"MIRASOL ST","E OLYMPIC BL",0.00,,Y,A,-,N,,,,,,,,,,N,4,0,1,2,A,-,01,23152,A,N,B,C,A,A,H,-,B,A,0,,,,,Y,Y,A,01,0,0,1,0,0,0,0,0,0,"- ","- ",,,"LOS ANGELES","LOS ANGELES",-118.1995101,34.018810070000001
7127279,2015,2016-08-05,1942,2015-12-11,0130,32316,0631,5,5,7,1942,0,0,0,F,0,6A77,"LAUREL CANYON","KIRKWOOD DR",225.00,S,N,B,-,N,,,,,,,,,,Y,3,0,1,1,A,-,03,22350,,N,E,I,A,B,H,-,C,D,0,,,,,Y,Y,A,01,0,1,0,0,0,0,0,0,0,"- ","- ",,,"LOS ANGELES","LOS ANGELES",-118.36902327999999,34.108584430000001
7128102,2015,2017-02-01,1942,2015-11-01,1625,37613,1444,7,5,7,1942,0,0,0,N,0,14TL52,"LINCOLN BL","MARINA POINTE DR",0.00,,Y,A,-,Y,LA,7,1,-,-,31.371,I,5,S,Y,4,0,1,2,A,-,12,21453,A,N,D,C,A,A,H,-,A,A,0,,,Y,,Y,Y,A,01,0,0,1,0,0,0,0,0,1,"- ","- ",,,"LOS ANGELES","LOS ANGELES",-118.44361658,33.985632889999998
7130097,2015,2015-12-09,1942,2015-11-21,0250,40754,1249,6,5,7,1942,0,0,0,L,0,12X56,68TH,"FIGUEROA ST",0.00,,Y,A,-,N,,,,,,,,,,Y,4,0,1,2,A,-,03,22350,A,F,D,C,A,A,-,-,C,D,0,,,,,Y,Y,-,99,0,0,1,0,0,0,0,0,0,"- ","- ",,,"LOS ANGELES","LOS ANGELES",-118.28271003,33.97829007
7130113,2015,2015-12-09,1942,2015-11-23,1850,40740,1256,1,5,7,1942,0,0,0,L,0,12A15,"FLORENCE AV",BROADWAY,190.00,W,N,A,-,N,,,,,,,,,,Y,3,0,4,3,A,-,01,23152,A,N,C,C,A,A,H,-,C,D,0,,,,,Y,Y,A,01,0,1,3,0,0,0,0,0,0,"- ","- ",,,"LOS ANGELES","LOS ANGELES",-118.27895545,33.97466
7130851,2015,2015-12-10,1942,2015-11-21,1605,39745,,6,5,7,1942,0,0,0,,0,1TL24,"AVALON BL","43RD ST",29.00,S,N,A,-,N,,,,,,,,,,Y,3,0,1,3,A,-,01,23152,A,N,B,C,A,A,H,-,A,D,0,,,,,Y,Y,A,01,0,1,0,0,0,0,0,0,0,"- ","- ",,,"LOS ANGELES","LOS ANGELES",-118.26527,34.005600469999997
7131821,2015,2015-12-18,1942,2015-12-07,1826,40811,2145,1,5,7,1942,0,0,0,,0,21TL64,"VANOWEN ST","GLADE AV",180.00,W,N,A,-,N,,,,,,,,,,Y,3,0,3,6,A,-,01,23152,A,N,C,C,A,A,H,-,C,D,0,,,,,Y,Y,A,01,0,1,2,0,0,0,0,0,0,"- ","- ",,,"LOS ANGELES","LOS ANGELES",-118.60871426,34.193739999999998
7132493,2015,2016-02-09,1926,2015-11-29,1708,3836,,7,5,5,1926,0,0,0,,0,001,FOOTHILL,WILDWOOD,0.00,,Y,A,-,N,,,,,,,,,,N,4,0,1,2,A,-,01,23152,A,N,C,C,A,A,H,-,D,D,0,,,,,Y,Y,A,01,0,0,1,0,0,0,0,0,0,"- ","- ",,,"LOS ANGELES",GLENDORA,-117.87803003000001,34.136040010000002
7134433,2015,2017-02-02,1900,2015-10-31,0340,527381,2607,6,5,6,1950,0,0,0,,0,262,"AVENUE R","47TH ST EAST",0.00,,Y,A,-,Y,LA,7,138,-,-,48.961,I,6,W,Y,4,0,1,1,A,-,08,22107,,N,F,I,A,A,H,-,C,A,0,,,,,Y,Y,-,"- ",0,0,1,0,0,0,0,0,0,"- ","- ",,,"LOS ANGELES",PALMDALE,-118.04499986,34.572923709999998
7135992,2015,2016-02-09,1942,2015-12-01,1250,36238,0455,2,5,7,1942,0,0,0,D,0,1T11,"SOTO ST","CESAR E CHAVEZ",48.00,S,N,A,-,N,,,,,,,,,,N,2,0,1,2,A,-,11,21954,A,N,G,-,D,A,H,-,A,D,0,Y,,,,Y,Y,N,60,1,0,0,0,1,0,0,0,0,"- ","- ",,,"LOS ANGELES","LOS ANGELES",-118.20788115000001,34.046692450000002
7136951,2015,2015-12-17,1942,2015-11-28,0730,32973,0404,6,5,7,1942,0,0,0,D,0,11TL32,"MONTEREY RD","AVENUE 60",301.00,N,N,A,-,N,,,,,,,,,,Y,3,0,1,2,A,-,01,23140,A,N,B,E,A,A,H,-,A,D,0,,,,,Y,Y,A,01,0,1,0,0,0,0,0,0,0,"- ","- ",,,"LOS ANGELES","LOS ANGELES",-118.18375695,34.106293979999997
7141591,2015,2016-01-04,1941,2015-12-10,1851,10538,,4,5,7,1941,0,0,0,,0,,"ATLANTIC AV","ATLANTIC PL",115.00,N,N,A,-,N,,,,,,,,,,N,2,0,1,2,C,-,18,,,N,A,B,D,A,H,-,D,D,0,Y,,,,Y,Y,-,"- ",1,0,0,0,1,0,0,0,0,"- ","- ",,,"LOS ANGELES","LONG BEACH",-118.18595000000001,33.880569999999999
7141861,2015,2015-12-30,1942,2015-12-21,2250,40383,0911,1,5,7,1942,0,0,0,I,0,17T17,"VANOWEN ST","N SEPULVEDA BL",40.00,E,N,A,-,N,,,,,,,,,,Y,4,0,2,2,A,-,01,23152,A,F,C,C,A,B,H,-,C,A,0,,,,,Y,Y,A,01,0,0,2,0,0,0,0,0,0,"- ","- ",,,"LOS ANGELES","LOS ANGELES",-118.46604796,34.193919999999999
7142193,2015,2015-12-28,1900,2015-12-03,2020,236790,1127,4,5,6,1992,0,0,0,,0,111T1,"AVENUE I","20TH ST W",0.00,,Y,A,-,N,,,,,,,,,,Y,2,0,1,2,A,-,01,23153,A,F,D,C,A,A,H,-,C,A,0,,,,,Y,Y,A,07,1,0,0,0,0,0,0,0,0,"- ","- ",,,"LOS ANGELES",LANCASTER,-118.16597001,34.704050000000002
7142288,2015,2015-12-29,1941,2015-12-03,1923,10120,,4,5,7,1941,0,0,0,,0,,"ANAHEIM ST","CHESTNUT AV",210.00,W,N,A,-,N,,,,,,,,,,Y,4,0,1,2,A,-,09,21802,A,N,H,C,A,A,H,-,C,D,0,,,Y,,Y,Y,A,,0,0,1,0,0,0,0,0,1,"- ","- ",,,"LOS ANGELES","LONG BEACH",-118.19703968,33.782600000000002
7146280,2015,2016-01-04,1942,2015-12-19,2200,25495,0732,6,5,7,1942,0,0,0,G,0,7TL23,"FAIRFAX AV","DREXEL ST",83.00,S,N,A,-,N,,,,,,,,,,N,4,0,2,2,A,-,09,21804,A,N,D,C,A,B,H,-,C,D,0,,,,,Y,Y,A,07,0,0,2,0,0,0,0,0,0,"- ","- ",,,"LOS ANGELES","LOS ANGELES",-118.36141000000001,34.06800235
7147628,2015,2016-01-04,1965,2015-12-20,0215,3821,0B2A,7,5,5,1965,0,0,0,,0,B002,"4TH ST","HOLLISTER AV",84.00,S,N,A,-,N,,,,,,,,,,Y,3,0,1,2,A,-,01,23152,A,N,A,E,A,B,H,-,C,A,0,,,,,Y,Y,A,01,0,1,0,0,0,0,0,0,0,"- ","- ",36.997070000000001,-121.06579000000001,"LOS ANGELES","SANTA MONICA",-118.48321122999999,34.005644140000001
7149461,2015,2016-01-07,1931,2015-12-19,2037,5302,1931,6,5,5,1931,0,0,0,,0,004,"STATE ST","W GRAND AV",0.00,,Y,A,-,N,,,,,,,,,,N,3,0,1,2,A,-,12,22450,A,F,G,G,B,B,H,-,C,A,0,Y,,,,Y,Y,A,01,0,1,0,0,1,0,0,0,0,"- ","- ",,,"LOS ANGELES","HUNTINGTON PARK",-118.21029005,33.967600060000002
7149707,2015,2016-01-11,1942,2015-12-14,0100,37724,0314,1,5,7,1942,0,0,0,C,0,3TL5,"ADAMS BL","GRAMERCY PL",120.00,E,N,B,-,N,,,,,,,,,,Y,3,0,1,3,A,-,01,23152,A,F,B,E,E,B,H,-,C,D,0,Y,,,,Y,Y,A,01,0,1,0,0,1,0,0,0,0,"- ","- ",,,"LOS ANGELES","LOS ANGELES",-118.31293476,34.03266584
7149710,2015,2016-01-07,1931,2015-12-28,0811,5281,1931,1,5,5,1931,0,0,0,,0,001,"CLARENDON AV","RUGBY AV",193.00,W,N,B,-,N,,,,,,,,,,Y,4,0,1,2,A,-,05,21650,,F,D,C,A,A,H,-,A,D,0,,,,,Y,Y,A,01,0,0,1,0,0,0,0,0,0,"- ","- ",,,"LOS ANGELES","HUNTINGTON PARK",-118.22720533,33.983535170000003
7154844,2015,2016-01-09,1942,2015-12-24,1255,39701,1049,4,5,7,1942,0,0,0,J,0,9TL56,"WOODLEY AV","VICTORY BL",2500.00,S,N,A,-,N,,,,,,,,,,Y,3,0,1,1,A,-,"- ",,,N,E,I,A,A,H,-,A,D,0,,,,,Y,Y,A,01,0,1,0,0,0,0,0,0,0,"- ","- ",,,"LOS ANGELES","LOS ANGELES",-118.48263507,34.180025200000003
7155417,2016,2016-01-14,1931,2016-01-02,0210,5248,1931,6,5,5,1931,0,0,0,,0,ONE,"PACIFIC BL","E SLAUSON AV",20.00,N,N,A,-,N,,,,,,,,,,Y,4,0,3,2,A,-,03,22350,,F,C,C,A,A,H,-,C,A,0,,,,,Y,Y,A,07,0,0,3,0,0,0,0,0,0,"- ","- ",,,"LOS ANGELES","HUNTINGTON PARK",-118.22521,33.989254850000002
7157548,2015,2016-01-26,1924,2015-09-04,1927,115237,44,5,5,5,1924,0,0,0,,0,006,"ARTESIA BL","WESTERN AV",300.00,E,N,A,-,N,,,,,,,,,,N,4,0,1,4,A,-,03,22350,,N,B,C,A,A,A,-,C,A,0,,,,,Y,Y,D,23,0,0,1,0,0,0,0,0,0,"- ","- ",,,"LOS ANGELES",GARDENA,-118.30817359,33.872810000000001
7159865,2015,2016-01-20,1969,2015-12-20,1313,10194,PATRO,7,5,5,1969,0,0,0,,0,002,"TWEEDY BL","CALIFORNIA AV",0.00,,Y,A,-,N,,,,,,,,,,Y,4,0,3,4,D,-,00,,,F,D,C,A,A,H,-,A,A,0,,,,,Y,Y,-,"- ",0,0,3,0,0,0,0,0,0,"- ","- ",,,"LOS ANGELES","SOUTH GATE",-118.20754006,33.944400029999997
7160746,2015,2016-01-22,1900,2015-12-23,1440,196195,1412,3,5,1,1932,0,0,0,,0,141T5,"TEMPLE AV","PEREZ PL",2112.00,N,N,A,-,N,,,,,,,,,,Y,4,0,1,1,A,-,03,22350,,N,E,I,A,A,H,-,A,D,0,,,,,Y,Y,A,01,0,0,1,0,0,0,0,0,0,"- ","- ",34.059420000000003,-117.99651,"LOS ANGELES",INDUSTRY,-117.99642863,34.059082230000001
7162653,2015,2016-12-21,9530,2015-09-22,2300,21089,,2,3,5,1977,0,1,1,,2,410,"RT 405","WILMINGTON AV",1214.00,N,N,A,-,Y,LA,7,405,-,-,9.900,H,-,S,Y,3,0,1,2,A,-,01,23152,A,N,C,C,A,A,D,-,C,D,1,,,,,Y,Y,A,01,0,1,0,0,0,0,0,0,0,"- ","- ",33.825769999999999,-118.24715,"LOS ANGELES",CARSON,-118.24720646999999,33.825759769999998
7166523,2016,2016-01-27,1942,2016-01-10,0240,37733,LOSAN,7,5,7,1942,0,0,0,,0,0396,"VERMONT AV","VERNON AV",0.00,,Y,B,-,N,,,,,,,,,,Y,4,0,1,2,A,-,01,23152,A,N,D,C,A,A,H,-,C,A,0,,,,,Y,Y,A,08,0,0,1,0,0,0,0,0,0,"- ","- ",,,"LOS ANGELES","LOS ANGELES",-118.29157008,34.003680090000003
7166816,2016,2016-01-28,1942,2016-01-15,1615,39058,0667,5,5,7,1942,0,0,0,F,0,8TL35,"SANTA MONICA BL","BRONSON AV",40.00,E,N,A,-,N,,,,,,,,,,N,3,0,2,2,A,-,01,23152,A,N,C,C,A,A,H,-,A,A,0,,,,,Y,Y,A,01,0,1,1,0,0,0,0,0,0,"- ","- ",,,"LOS ANGELES","LOS ANGELES",-118.31781814,34.09075
7167137,2016,2016-02-03,1975,2016-01-15,1747,640,,5,5,6,1975,0,0,0,,0,003,CALIFORNIA,VINE,252.00,S,N,B,-,N,,,,,,,,,,N,4,0,8,3,A,-,01,23153,A,N,C,C,A,A,H,-,C,D,0,,,,,Y,Y,-,,0,0,8,0,0,0,0,0,0,"- ","- ",,,"LOS ANGELES","WEST COVINA",-117.94039764,34.058790819999999
7168476,2015,2016-01-28,1966,2015-12-09,1730,10760,,3,5,3,1966,0,0,0,,0,003,"W SIERRA MADRE BL","MICHILLINDA AV",497.00,E,N,A,-,N,,,,,,,,,,N,4,0,1,2,A,-,06,21755,,N,D,C,A,A,H,-,C,D,0,,,,,Y,Y,D,22,0,0,1,0,0,0,0,0,0,"- ","- ",,,"LOS ANGELES","SIERRA MADRE",-118.06804556,34.16166071
7170151,2015,2016-02-20,1942,2015-12-19,1800,41204,0176,6,5,7,1942,0,0,0,A,0,1FB91W,"S LOS ANGELES ST","8TH ST",100.00,N,N,A,B,N,,,,,,,,,,Y,4,0,1,3,A,-,01,23152,A,M,B,E,A,B,H,-,C,D,0,,,,,Y,Y,-,"- ",0,0,1,0,0,0,0,0,0,"- ","- ",,,"LOS ANGELES","LOS ANGELES",-118.25206188,34.042060409999998
7171611,2016,2018-09-27,1922,2016-01-17,0750,651,24,7,5,6,1922,0,0,0,,0,001,"VALLEY BL","GIBSON RD",0.00,,Y,A,-,N,,,,,,,,,,N,1,1,0,2,D,-,00,,,F,G,B,-,A,H,-,A,A,0,Y,,,,Y,Y,-,"- ",0,0,0,1,0,0,0,0,0,"- ","- ",,,"LOS ANGELES","EL MONTE",-118.05071011,34.078160080000004
7172112,2015,2016-02-12,1976,2015-12-28,1527,356,,1,5,3,1964,0,0,0,,0,,"CARMENITA RD","ROSECRANS AV",100.00,N,N,A,-,N,,,,,,,,,,Y,4,0,1,3,A,-,01,23152,A,N,C,C,A,A,H,-,A,D,0,,,,,Y,Y,D,22,0,0,1,0,0,0,0,0,0,"- ","- ",,,"LOS ANGELES","SANTA FE SPRINGS",-118.04665414999999,33.902754170000001
7176639,2016,2016-02-04,1942,2016-01-17,0250,40219,1035,7,5,7,1942,0,0,0,J,0,10A3,"LINDLEY AV","VANOWEN ST",350.00,S,N,E,-,N,,,,,,,,,,Y,4,0,1,2,A,-,03,22350,,N,D,E,A,A,H,-,C,D,0,,,,,Y,Y,A,01,0,0,1,0,0,0,0,0,0,"- ","- ",,,"LOS ANGELES","LOS ANGELES",-118.52729265000001,34.192909909999997
7178476,2015,2017-03-28,1900,2015-12-09,1934,533005,1332,3,5,5,1908,0,0,0,,0,133T2,"ALONDRA BL","CLARK AV",82.00,E,N,A,-,N,,,,,,,,,,Y,1,1,0,2,A,-,09,21804,A,N,D,G,A,A,H,-,C,A,0,,Y,,,Y,Y,L,04,0,0,0,0,0,1,0,0,0,"- ","- ",,,"LOS ANGELES",BELLFLOWER,-118.13371042,33.889303910000002
7179112,2014,2016-02-20,1910,2014-06-07,2228,4169,,6,5,4,1910,0,0,0,,0,,"WILSHIRE BL","BEVERLY DR",0.00,,Y,A,-,N,,,,,,,,,,N,4,0,1,2,A,-,10,21950,A,N,G,B,B,A,H,-,C,A,0,Y,,,,Y,Y,-,,0,0,1,0,1,0,0,0,0,"- ","- ",,,"LOS ANGELES","BEVERLY HILLS",-118.39919007,34.067070020000003
7182923,2016,2016-03-28,1942,2016-03-05,2100,37856,1004,6,5,7,1942,0,0,0,J,0,10A21,"RESEDA BL","STRATHERN ST",275.00,N,N,B,C,N,,,,,,,,,,Y,3,0,1,3,A,-,01,23152,A,N,B,C,A,B,H,-,C,D,0,,,,,Y,Y,A,01,0,1,0,0,0,0,0,0,0,"- ","- ",,,"LOS ANGELES","LOS ANGELES",-118.53607,34.216404359999999
7184279,2016,2016-02-24,1941,2016-01-16,1712,10639,,6,5,7,1941,0,0,0,,0,,"CHERRY AV","21ST ST",308.00,S,N,A,-,N,,,,,,,,,,Y,4,0,2,5,A,-,07,21658,A,M,B,C,A,A,H,-,A,D,0,,,,,Y,Y,-,"- ",0,0,2,0,0,0,0,0,0,"- ","- ",,,"LOS ANGELES","LONG BEACH",-118.167793,33.794471999999999
7187309,2015,2016-03-02,1910,2015-01-06,0213,03845,,2,5,4,1910,0,0,0,,0,004,"W LOMITAS AV","N RODEO DR",0.00,,Y,A,-,N,,,,,,,,,,Y,3,0,1,1,A,-,03,22350,,N,E,I,A,A,H,-,C,D,0,,,,,Y,Y,A,01,0,1,0,0,0,0,0,0,0,"- ","- ",34.07846,-118.41364,"LOS ANGELES","BEVERLY HILLS",-118.41348008999999,34.078510049999998
7190077,2016,2018-09-27,1942,2016-02-22,0310,39745,0411,1,5,7,1942,0,0,0,D,0,4T43,BROADWAY,"AVENUE 21",11.00,S,N,A,-,N,,,,,,,,,,Y,1,1,1,1,A,-,01,23152,A,N,E,I,A,A,H,-,C,D,0,,,,,Y,Y,A,01,0,1,0,0,0,0,0,0,0,"- ","- ",,,"LOS ANGELES","LOS ANGELES",-118.26712693,34.029393329999998
7190300,2016,2018-09-26,1942,2016-07-15,1840,31652,1915,5,5,7,1942,0,0,0,,0,19T73,"GLENOAKS BL","DYER ST",79.00,S,N,A,-,N,,,,,,,,,,N,1,1,0,2,A,-,11,21954,A,N,G,B,D,A,H,-,A,D,0,Y,,,,Y,Y,N,60,0,0,0,1,0,0,0,0,0,"- ","- ",,,"LOS ANGELES","LOS ANGELES",-118.44427398000001,34.303386840000002
7190358,2016,2016-09-13,1933,2016-03-15,0754,924,25,2,5,6,1933,0,0,0,,0,002,"CENTURY BL","FLOWER ST",16.00,E,N,A,-,N,,,,,,,,,,Y,1,1,0,2,A,-,11,21954,A,N,G,B,D,A,H,-,A,D,0,Y,,,,Y,Y,N,60,0,0,0,1,0,0,0,0,0,"- ","- ",,,"LOS ANGELES",INGLEWOOD,-118.34663734,33.945450000000001
7190578,2016,2016-11-23,1942,2016-10-15,2110,41316,1009,6,5,7,1942,0,0,0,J,0,15T43,"ROSCOE BL","WOODLEY AV",0.00,,Y,B,-,N,,,,,,,,,,Y,1,1,6,5,A,-,01,23152,A,N,D,C,A,A,H,-,C,A,0,,,,,Y,Y,A,08,0,0,6,0,0,0,0,0,0,"- ","- ",,,"LOS ANGELES","LOS ANGELES",-118.48367,34.221340079999997
7190582,2016,2018-09-27,1900,2016-10-23,1900,602999,1122,7,5,6,1992,0,0,0,,0,111T1,"AVENUE J","DATE AV",8.00,E,N,A,-,N,,,,,,,,,,Y,1,1,0,2,A,-,11,21954,A,N,G,B,D,A,H,-,C,D,0,Y,,,,Y,Y,N,60,0,0,0,1,0,0,0,0,0,"- ","- ",,,"LOS ANGELES",LANCASTER,-118.13940344,34.689459999999997
7190797,2015,2016-02-26,1976,2015-11-19,2012,328,,4,5,5,1976,0,0,0,,0,001,"BEVERLY BL","PIONEER BL",3.00,E,N,A,-,N,,,,,,,,,,N,4,0,1,2,A,-,12,21453,A,N,H,G,A,A,H,-,C,A,0,,Y,,,Y,Y,A,01,0,0,1,0,0,0,1,0,0,"- ","- ",,,"LOS ANGELES",WHITTIER,-118.06287232,34.003734829999999
7192450,2016,2016-02-25,1900,2016-01-29,1105,410544,2811,5,5,5,1915,0,0,0,,0,282T1A,"ROSECRANS AV","CENTRAL AV",118.00,E,N,A,-,N,,,,,,,,,,Y,4,0,1,2,A,-,01,23152,A,N,C,C,A,A,H,-,A,A,0,,,,,Y,Y,A,01,0,0,1,0,0,0,0,0,0,"- ","- ",,,"LOS ANGELES",COMPTON,-118.25355999999999,33.902810000000002
7193179,2016,2016-03-04,1900,2016-02-21,0630,535239,2113,7,5,5,1943,0,0,0,,0,212T4,"ABBOTT RD","MCNERNEY AV",55.00,E,N,A,-,N,,,,,,,,,,Y,3,0,1,3,A,-,01,23152,A,M,C,E,A,A,H,-,B,A,0,,,,,Y,Y,A,01,0,1,0,0,0,0,0,0,0,"- ","- ",,,"LOS ANGELES",LYNWOOD,-118.19735969,33.935277249999999
7195934,2016,2016-03-01,1900,2016-02-24,1139,510509,1138,3,5,6,1992,0,0,0,,0,112T1,"AVENUE K","75TH ST EAST",211.00,E,N,A,-,N,,,,,,,,,,N,4,0,1,2,A,-,06,21750,A,F,C,C,A,A,H,-,A,D,0,,,,,Y,Y,A,01,0,0,1,0,0,0,0,0,0,"- ","- ",,,"LOS ANGELES",LANCASTER,-117.995694,34.675367000000001
7196078,2015,2016-03-01,1910,2015-11-30,0730,3633,,1,5,4,1910,0,0,0,,0,007,"GREGORY WY","LA PEER DR",15.00,E,N,A,-,N,,,,,,,,,,N,3,0,1,2,A,-,10,21950,A,N,G,B,B,A,H,-,A,D,0,Y,,,,Y,Y,-,,0,1,0,0,1,0,0,0,0,"- ","- ",34.062190000000001,-118.38657000000001,"LOS ANGELES","BEVERLY HILLS",-118.38657057,34.062220000000003
7196923,2016,2016-03-15,1942,2016-02-15,2115,41502,0656,1,5,7,1942,0,0,0,F,0,6A76,"ROMAINE ST","COLE AV",0.00,,Y,A,-,N,,,,,,,,,,Y,3,0,1,5,A,-,01,23152,A,N,B,E,A,A,H,-,C,D,0,,,,,Y,Y,A,01,0,1,0,0,0,0,0,0,0,"- ","- ",,,"LOS ANGELES","LOS ANGELES",-118.32988,34.088910060000003
7197603,2016,2017-04-01,1900,2016-02-08,0510,510899,2603,1,5,6,1950,0,0,0,,0,264T1,"40TH ST EAST","AVENUE S-8",450.00,S,N,A,-,N,,,,,,,,,,Y,3,0,1,3,A,-,01,23152,E,N,B,C,A,A,H,-,C,D,0,,,,,Y,Y,A,01,0,1,0,0,0,0,0,0,0,"- ","- ",,,"LOS ANGELES",PALMDALE,-118.05853315,34.548656219999998
7198353,2016,2016-03-10,1900,2016-02-19,2210,529403,0468,5,5,4,1936,0,0,0,,0,46T2,"BEACH BL","ROSECRANS AV",89.00,S,N,A,-,N,,,,,,,,,,N,4,0,3,2,A,-,01,23152,A,N,C,C,A,A,H,-,A,A,0,,,,,Y,Y,D,22,0,0,3,0,0,0,0,0,0,"- ","- ",,,"LOS ANGELES","LA MIRADA",-117.98754336,33.896062180000001
7199729,2016,2018-09-27,1918,2016-05-07,1341,742,,6,5,4,1918,0,0,0,,0,2TL22,"OVERLAND AV","FRESHMAN DR",160.00,S,N,B,-,N,,,,,,,,,,Y,1,1,0,2,A,-,03,22350,,N,E,I,A,A,H,-,A,D,0,,,Y,,Y,Y,C,02,0,0,0,0,0,0,0,1,0,"- ","- ",34.00179,-118.39116,"LOS ANGELES","CULVER CITY",-118.3909797,34.001403670000002
7200015,2017,2019-04-08,1942,2017-02-13,2010,41977,0523,1,5,7,1942,0,0,0,E,0,5T21,"JOHN S GIBSON BL","CHANNEL ST",3562.00,N,N,A,-,N,,,,,,,,,,Y,1,1,0,1,A,-,03,22350,A,N,A,I,A,A,H,-,C,A,0,,,,,Y,Y,A,07,0,0,0,0,0,0,0,0,0,"- ","- ",,,"LOS ANGELES","LOS ANGELES",-118.28412274999999,33.761557250000003
7200026,2017,2019-04-08,1942,2017-03-03,2155,25495,1453,5,5,7,1942,0,0,0,N,0,7T23,"MAXELLA AV","TIVOLI AV",173.00,W,N,A,-,N,,,,,,,,,,Y,1,1,0,2,A,-,03,22350,,N,B,C,A,A,H,-,C,D,0,,,,,Y,Y,D,22,0,0,0,0,0,0,0,0,0,"- ","- ",,,"LOS ANGELES","LOS ANGELES",-118.43678539,33.989025699999999
7202234,2016,2016-03-07,1942,2016-02-21,1850,38007,0814,7,5,7,1942,0,0,0,H,0,7T23,"W SUNSET BL","S CHURCH LN",35.00,W,N,A,-,N,,,,,,,,,,N,4,0,1,2,A,-,03,22350,,F,C,C,A,A,H,-,C,D,0,,,,,Y,Y,-,99,0,0,1,0,0,0,0,0,0,"- ","- ",,,"LOS ANGELES","LOS ANGELES",-118.46751888999999,34.072390550000001
7203878,2016,2016-03-11,1969,2016-02-20,0538,10125,PATRO,6,5,5,1969,0,0,0,,0,001,"SOUTHERN AV","STANFORD AV",290.00,W,N,A,-,N,,,,,,,,,,Y,4,0,1,4,A,-,08,22107,,N,B,C,A,A,H,-,B,D,0,,,,,Y,Y,A,01,0,0,1,0,0,0,0,0,0,"- ","- ",,,"LOS ANGELES","SOUTH GATE",-118.22036730000001,33.952576350000001
7205781,2016,2016-03-17,1942,2016-03-06,1830,40899,2074,7,5,7,1942,0,0,0,,0,8T35,"PICO BL","ARDMORE AV",5.00,E,N,A,-,N,,,,,,,,,,Y,4,0,1,2,A,-,01,23152,A,F,C,C,A,A,H,-,C,D,0,,,,,Y,Y,A,01,0,0,1,0,0,0,0,0,0,"- ","- ",,,"LOS ANGELES","LOS ANGELES",-118.30253353000001,34.047220000000003
7207491,2016,2016-03-16,1942,2016-02-27,1125,40065,1256,6,5,7,1942,0,0,0,L,0,,"HOOVER ST","73RD ST",0.00,,Y,A,-,N,,,,,,,,,,N,4,0,1,2,A,-,03,22350,A,F,C,C,A,A,H,-,A,D,0,,,,,Y,Y,-,99,0,0,1,0,0,0,0,0,0,"- ","- ",,,"LOS ANGELES","LOS ANGELES",-118.28711011,33.973640039999999