CASE_ID,ACCIDENT_YEAR,PROC_DATE,JURIS,COLLISION_DATE,COLLISION_TIME,OFFICER_ID,REPORTING_DISTRICT,DAY_OF_WEEK,CHP_SHIFT,POPULATION,CNTY_CITY_LOC,SPECIAL_COND,BEAT_TYPE,CHP_BEAT_TYPE,CITY_DIVISION_LAPD,CHP_BEAT_CLASS,BEAT_NUMBER,PRIMARY_RD,SECONDARY_RD,DISTANCE,DIRECTION,INTERSECTION,WEATHER_1,WEATHER_2,STATE_HWY_IND,CALTRANS_COUNTY,CALTRANS_DISTRICT,STATE_ROUTE,ROUTE_SUFFIX,POSTMILE_PREFIX,POSTMILE,LOCATION_TYPE,RAMP_INTERSECTION,SIDE_OF_HWY,TOW_AWAY,COLLISION_SEVERITY,NUMBER_KILLED,NUMBER_INJURED,PARTY_COUNT,PRIMARY_COLL_FACTOR,PCF_CODE_OF_VIOL,PCF_VIOL_CATEGORY,PCF_VIOLATION,PCF_VIOL_SUBSECTION,HIT_AND_RUN,TYPE_OF_COLLISION,MVIW,PED_ACTION,ROAD_SURFACE,ROAD_COND_1,ROAD_COND_2,LIGHTING,CONTROL_DEVICE,CHP_ROAD_TYPE,PEDESTRIAN_ACCIDENT,BICYCLE_ACCIDENT,MOTORCYCLE_ACCIDENT,TRUCK_ACCIDENT,NOT_PRIVATE_PROPERTY,ALCOHOL_INVOLVED,STWD_VEHTYPE_AT_FAULT,CHP_VEHTYPE_AT_FAULT,COUNT_SEVERE_INJ,COUNT_VISIBLE_INJ,COUNT_COMPLAINT_PAIN,COUNT_PED_KILLED,COUNT_PED_INJURED,COUNT_BICYCLIST_KILLED,COUNT_BICYCLIST_INJURED,COUNT_MC_KILLED,COUNT_MC_INJURED,PRIMARY_RAMP,SECONDARY_RAMP,LATITUDE,LONGITUDE,COUNTY,CITY,POINT_X,POINT_Y
8161024,2016,2016-11-09,1942,2016-10-20,2355,41779,1728,4,5,7,1942,0,0,0,Q,0,17X22,"SAN FERNANDO MISSION BL","RESEDA BL",1800.00,E,N,A,-,N,,,,,,,,,,Y,2,0,1,2,A,-,01,23152,A,N,B,E,A,A,H,-,C,D,0,,,,,Y,Y,A,01,1,0,0,0,0,0,0,0,0,"- ","- ",,,"LOS ANGELES","LOS ANGELES",-118.53016739,34.271908770000003
8161114,2016,2016-11-09,1942,2016-09-25,0115,40928,0985,7,5,7,1942,0,0,0,I,0,19T75,"VAN NUYS BL","RIVERSIDE DR",192.00,S,N,A,-,N,,,,,,,,,,Y,2,0,1,1,A,-,03,22350,,N,E,I,A,A,H,-,C,D,0,,,,,Y,Y,A,01,1,0,0,0,0,0,0,0,0,"- ","- ",,,"LOS ANGELES","LOS ANGELES",-118.4487,34.157483640000002
8162227,2016,2016-11-14,1942,2016-09-17,1715,41262,0397,6,5,7,1942,0,0,0,C,0,3A98,"WALTON AV","43RD ST",220.00,N,N,A,-,N,,,,,,,,,,Y,4,0,1,2,A,-,01,23152,A,N,B,E,A,A,H,-,A,D,0,,,,,Y,Y,A,01,0,0,1,0,0,0,0,0,0,"- ","- ",,,"LOS ANGELES","LOS ANGELES",-118.29482679,34.006083269999998
81639038,2021,2021-12-01,1969,2021-11-14,0502,10231,PATRO,7,5,5,1969,0,0,0,,0,005,"CALDEN AV","FILESTONE BLVD",162.00,S,N,A,-,N,,,,,,,,,,Y,4,0,3,3,A,-,01,23152,A,N,C,E,A,A,H,-,C,A,0,,,,,Y,Y,A,01,0,0,3,0,0,0,0,0,0,"- ","- ",33.957248687744141,-118.22889709472656,"LOS ANGELES","SOUTH GATE",-118.22908020019531,33.956699371337891
8164116,2016,2016-11-07,1942,2016-10-28,2015,38326,2144,5,5,7,1942,0,0,0,,0,17T17,"VANOWEN ST","SHOUP AV",0.00,,Y,A,-,N,,,,,,,,,,Y,4,0,1,2,A,-,01,23152,A,N,D,C,A,A,H,-,C,A,0,,,,,Y,Y,A,01,0,0,1,0,0,0,0,0,0,"- ","- ",,,"LOS ANGELES","LOS ANGELES",-118.61463008,34.193730109999997
8166815,2016,2017-03-28,1941,2016-02-19,0645,6068,,5,5,7,1941,0,0,0,,0,,"ARTESIA BL",BUTLER,24.00,E,N,A,-,N,,,,,,,,,,Y,1,1,0,2,A,-,08,22107,,N,G,B,-,A,H,-,A,A,0,Y,,,,Y,Y,A,,0,0,0,1,0,0,0,0,0,"- ","- ",,,"LOS ANGELES","LONG BEACH",-118.1968911,33.87424
8167068,2018,2020-05-26,1942,2018-01-31,0525,38191,1655,3,5,7,1942,0,0,0,P,0,16A35,"SUNLAND BL","RANCHO CABALLO DR",128.00,W,N,A,-,N,,,,,,,,,,Y,1,1,0,1,A,-,03,22350,,N,E,I,A,A,H,-,D,D,0,,,,,Y,Y,A,01,0,0,0,0,0,0,0,0,0,"- ","- ",,,"LOS ANGELES","LOS ANGELES",-118.34584808349609,34.251495361328125
8167554,2018,2020-05-26,1942,2018-02-01,2035,38171,1344,4,5,7,1942,0,0,0,M,0,13A43,"MCKINLEY AV","41ST PL",47.00,N,N,A,-,N,,,,,,,,,,Y,1,1,0,1,A,-,03,22350,,N,E,J,A,A,H,-,C,D,0,,,Y,,Y,Y,C,03,0,0,0,0,0,0,0,1,0,"- ","- ",,,"LOS ANGELES","LOS ANGELES",-118.26132202148438,34.008358001708984
8169197,2016,2016-11-17,1900,2016-10-15,1905,602269,0453,6,5,6,1949,0,0,0,,0,43T1,"PIONEER BL","BRINLEY ST",0.00,,Y,A,-,N,,,,,,,,,,Y,4,0,1,2,A,-,03,22350,,M,A,C,A,A,H,-,C,D,0,,,,,Y,Y,A,01,0,0,1,0,0,0,0,0,0,"- ","- ",,,"LOS ANGELES",NORWALK,-118.08273007,33.906570070000001
81702891,2021,2022-02-17,1948,2021-12-31,0801,480,1948,5,5,5,1948,0,0,0,,0,002,"BALTIMORE AV","S/C/L OF HILLIARD AVE",9.00,N,N,A,-,N,,,,,,,,,,N,3,0,1,2,A,-,10,21952,,F,G,B,B,A,H,-,A,D,0,Y,,,,Y,Y,D,22,0,1,0,0,1,0,0,0,0,"- ","- ",,,"LOS ANGELES","MONTEREY PARK",-118.12445831298828,34.067363739013672
8173633,2016,2016-11-29,1942,2016-10-28,0305,40690,0642,5,5,7,1942,0,0,0,F,0,6T7,"FOUNTAIN AV","SIERRA BONITA AV",0.00,,Y,A,-,N,,,,,,,,,,Y,3,0,1,1,A,-,01,23152,A,N,E,I,A,A,H,-,C,D,0,,,,,Y,Y,A,01,0,1,0,0,0,0,0,0,0,"- ","- ",,,"LOS ANGELES","LOS ANGELES",-118.35393003999999,34.094400039999996
8173649,2016,2016-11-29,1942,2016-10-23,2100,41623,0779,7,5,7,1942,0,0,0,G,0,7A85,WASHINGTON,ARLINGTON,213.00,W,N,A,-,N,,,,,,,,,,Y,3,0,1,2,A,-,07,21658,A,F,B,C,A,B,H,-,C,A,0,,,,,Y,Y,-,99,0,1,0,0,0,0,0,0,0,"- ","- ",,,"LOS ANGELES","LOS ANGELES",-118.31843173,34.03989
8174467,2016,2016-12-01,1942,2016-10-30,0115,36599,1617,7,5,7,1942,0,0,0,P,0,10T37,"SHERMAN GROVE AV","FORSYTHE ST",30.00,S,N,A,-,N,,,,,,,,,,Y,3,0,1,3,A,-,01,23152,A,N,B,E,A,A,H,-,D,B,0,,,,,Y,Y,D,22,0,1,0,0,0,0,0,0,0,"- ","- ",,,"LOS ANGELES","LOS ANGELES",-118.32007183,34.266137739999998
8176802,2016,2016-11-29,1900,2016-09-10,0330,600904,1365,6,5,5,1952,0,0,0,,0,136B,"PARAMOUNT BL","ROSECRANS AV",48.00,S,N,A,-,N,,,,,,,,,,N,4,0,1,2,A,-,00,21054,A,N,G,B,D,A,H,-,C,A,0,Y,,,,Y,Y,N,60,0,0,1,0,1,0,0,0,0,"- ","- ",,,"LOS ANGELES",PARAMOUNT,-118.16023982999999,33.903618369999997
8177299,2016,2017-02-14,1929,2016-11-25,1924,199,1929,5,5,3,1929,0,0,0,,0,001,"RT 1","4TH ST",39.00,N,N,A,-,Y,LA,7,1,-,-,20.840,H,-,N,Y,4,0,1,2,A,-,01,23152,A,N,C,C,A,A,H,-,C,D,0,,,Y,,Y,Y,C,03,0,0,1,0,0,0,0,0,1,"- ","- ",,,"LOS ANGELES","HERMOSA BEACH",-118.3910345,33.858026760000001
8179601,2016,2016-12-12,1955,2016-11-27,0121,41472,0088,7,5,6,1955,0,0,0,,0,004,"RIVERSIDE DR","TOWNE AV",0.00,,Y,A,-,N,,,,,,,,,,Y,4,0,2,1,A,-,01,23152,A,N,E,I,A,A,H,-,A,-,0,,,,,Y,Y,A,01,0,0,2,0,0,0,0,0,0,"- ","- ",,,"LOS ANGELES",POMONA,-117.7401,34.019030000000001
8181889,2016,2017-01-10,1975,2016-11-24,2345,437,,4,5,6,1975,0,0,0,,0,005,"SOUTH AZUSA AV","AROMA AV",0.00,,Y,A,-,N,,,,,,,,,,,4,0,1,1,A,-,01,23152,A,N,F,J,A,A,H,-,C,-,0,,,,,Y,Y,-,,0,0,1,0,0,0,0,0,0,"- ","- ",,,"LOS ANGELES","WEST COVINA",-117.90804000999999,34.047370049999998
8181968,2016,2016-12-07,1900,2016-11-06,0050,530600,0613,7,5,6,1985,0,0,0,,0,61T1,"SOLEDAD CANYON RD","GAILXY AV",235.00,N,N,A,-,N,,,,,,,,,,Y,3,0,2,1,A,-,01,23152,E,N,E,I,A,A,H,-,C,D,0,,,,,Y,Y,A,07,0,2,0,0,0,0,0,0,0,"- ","- ",,,"LOS ANGELES","SANTA CLARITA",-118.4283416,34.426383250000001
8182596,2016,2016-12-08,1942,2016-11-16,1620,40053,1243,3,5,7,1942,0,0,0,L,0,3T51,"VAN NESS AV","GAGE AV",5.00,N,N,A,-,N,,,,,,,,,,Y,4,0,3,3,A,-,12,21453,A,N,C,C,A,A,H,-,A,A,0,,,,,Y,Y,A,07,0,0,3,0,0,0,0,0,0,"- ","- ",,,"LOS ANGELES","LOS ANGELES",-118.31770982,33.981853710000003
8182604,2016,2016-12-09,1942,2016-11-16,0555,42375,1232,3,5,7,1942,0,0,0,L,0,12AUS,"WEST BL","59TH ST",0.00,,Y,A,-,N,,,,,,,,,,N,4,0,1,2,A,-,10,21950,A,F,G,B,D,A,H,-,A,D,0,Y,,,,Y,Y,-,99,0,0,1,0,1,0,0,0,0,"- ","- ",,,"LOS ANGELES","LOS ANGELES",-118.33519001000001,33.987160009999997
8183910,2016,2016-12-15,1900,2016-10-29,1830,533418,2313,6,5,5,1919,0,0,0,,0,230E,"195TH ST","STUDEBAKER RD",0.00,,Y,A,-,N,,,,,,,,,,Y,3,0,5,2,A,-,09,21801,A,N,A,C,A,A,H,-,C,A,0,,,,,Y,Y,A,01,0,2,3,0,0,0,0,0,0,"- ","- ",,,"LOS ANGELES",CERRITOS,-118.09961004,33.853270019999997
8184037,2016,2016-12-13,1942,2016-12-02,1500,33534,2139,5,5,7,1942,0,0,0,,0,35M42,"SATICOY ST","WINNETKA AV",450.00,E,N,A,-,N,,,,,,,,,,N,4,0,1,3,A,-,03,22350,,M,C,E,A,A,H,-,A,D,0,,,,Y,Y,Y,-,99,0,0,1,0,0,0,0,0,0,"- ","- ",,,"LOS ANGELES","LOS ANGELES",-118.56951545,34.208320880000002
8184486,2016,2016-12-13,1942,2016-10-27,1700,41681,RD114,4,5,7,1942,0,0,0,,0,11A62,"HYPERION AV","UDELL CT",0.00,,Y,A,-,N,,,,,,,,,,Y,2,0,2,2,A,-,09,21804,A,N,D,C,A,A,H,-,A,D,0,,,,,Y,Y,-,,1,1,0,0,0,0,0,0,0,"- ","- ",,,"LOS ANGELES","LOS ANGELES",-118.27549002000001,34.097440030000001
8185024,2016,2016-12-15,1942,2016-12-02,2130,38399,2155,5,5,7,1942,0,0,0,,0,21X56,"TOPANGA CANYON BL","VICTORY BL",20.00,N,N,A,-,N,,,,,,,,,,N,4,0,1,2,A,-,04,21703,,N,C,C,A,A,H,-,C,A,0,,,,,Y,Y,A,01,0,0,1,0,0,0,0,0,0,"- ","- ",,,"LOS ANGELES","LOS ANGELES",-118.60589,34.18697487
8187820,2016,2017-01-12,1931,2016-12-10,2122,5311,1931,6,5,5,1931,0,0,0,,0,003,"SEVILLE AV","SATURN AV",200.00,S,N,B,-,N,,,,,,,,,,N,4,0,1,2,A,-,04,21703,,N,C,C,A,A,H,-,C,D,0,,,,,Y,Y,D,23,0,0,1,0,0,0,0,0,0,"- ","- ",,,"LOS ANGELES","HUNTINGTON PARK",-118.22250983000001,33.976361779999998
8192612,2016,2017-01-10,1901,2016-11-13,0420,268,22,7,5,5,1901,0,0,0,,0,003,"MAIN ST","HAMPDEN TER",120.00,E,N,A,-,N,,,,,,,,,,Y,3,0,2,2,A,-,01,23152,A,N,E,E,A,A,H,-,C,D,0,,,,,Y,Y,A,01,0,1,1,0,0,0,0,0,0,"- ","- ",,,"LOS ANGELES",ALHAMBRA,-118.15603066,34.095396270000002
8193000,2016,2017-01-12,1920,2016-11-10,2115,12323,,4,5,6,1920,0,0,0,,0,002,"PARAMOUNT BL","IMPERIAL HWY",60.00,S,N,A,-,N,,,,,,,,,,Y,4,0,2,3,A,-,01,23152,A,M,D,C,A,A,H,-,C,A,0,,,,,Y,Y,A,07,0,0,2,0,0,0,0,0,0,"- ","- ",,,"LOS ANGELES",DOWNEY,-118.15215073,33.923955370000002
8197154,2016,2017-01-05,1900,2016-12-17,0030,530329,2821,6,5,5,1915,0,0,0,,0,282E,"ROSECRANS AV","WILLOW AV",0.00,,Y,A,-,N,,,,,,,,,,Y,4,0,1,3,A,-,01,23152,A,N,A,C,A,A,H,-,C,D,0,,,,,Y,Y,A,01,0,0,1,0,0,0,0,0,0,"- ","- ",,,"LOS ANGELES",COMPTON,-118.21747005,33.903330109999999
8199098,2016,2017-01-04,1900,2016-10-20,0620,536624,1260,4,5,3,1991,0,0,0,,0,121T1,"LA CANADA CREST DR","LA CANADA PLAZA RD",155.00,E,N,A,-,N,,,,,,,,,,N,3,0,1,2,A,-,01,23152,A,M,B,E,A,A,H,-,D,D,0,,,,,Y,Y,A,07,0,1,0,0,0,0,0,0,0,"- ","- ",,,"LOS ANGELES","LA CANADA-FLINTRIDGE",-118.22447423,34.214621059999999
8199454,2016,2017-01-10,1972,2016-10-27,1146,19767,,4,5,6,1972,0,0,0,,0,,"GREENWOOD AV","230TH ST",197.00,S,N,A,-,N,,,,,,,,,,Y,3,0,1,1,A,-,01,23152,A,N,E,I,A,A,H,-,A,D,0,,,,,Y,Y,A,,0,1,0,0,0,0,0,0,0,"- ","- ",,,"LOS ANGELES",TORRANCE,-118.33426136,33.818047270000001
8199534,2016,2017-01-19,1942,2016-09-17,2000,41333,2097,6,5,7,1942,0,0,0,,0,20A45,BUDLONG,"20TH ST",40.00,N,N,A,-,N,,,,,,,,,,Y,3,0,1,2,A,-,01,23152,A,M,C,E,A,A,H,-,C,-,0,,,,,Y,Y,A,01,0,1,0,0,0,0,0,0,0,"- ","- ",,,"LOS ANGELES","LOS ANGELES",-118.29622122000001,34.038259699999998
8201909,2016,2016-12-30,1972,2016-11-25,0207,19939,,5,5,6,1972,0,0,0,,0,,"CRENSHAW BL","CHERRY AV",0.00,,Y,A,-,N,,,,,,,,,,Y,4,0,1,2,A,-,01,23152,A,N,D,C,A,-,H,-,C,A,0,,,,,Y,Y,A,,0,0,1,0,0,0,0,0,0,"- ","- ",,,"LOS ANGELES",TORRANCE,-118.3265001,33.880090090000003
8207171,2016,2017-01-10,1900,2016-12-18,0155,510899,2619,7,5,6,1950,0,0,0,,0,264T1,"SIERRA HWY","SIERRA CT",492.00,S,N,A,-,N,,,,,,,,,,Y,2,0,2,2,A,-,01,23153,A,N,D,C,A,A,H,-,C,D,0,,,,,Y,Y,D,22,1,1,0,0,0,0,0,0,0,"- ","- ",,,"LOS ANGELES",PALMDALE,-118.12719746,34.638812459999997
8282999,2016,2017-01-24,1941,2016-12-23,1828,10221,,5,5,7,1941,0,0,0,,0,,"LONG BEACH BL","DEL AMO BL",0.00,,Y,C,-,N,,,,,,,,,,Y,4,0,3,2,A,-,12,21453,A,N,D,C,A,B,H,-,C,A,0,,,,,Y,Y,A,,0,0,3,0,0,0,0,0,0,"- ","- ",,,"LOS ANGELES","LONG BEACH",-118.19388008,33.846810079999997
8283278,2016,2017-01-20,1942,2016-12-05,0420,37613,2076,1,5,7,1942,0,0,0,,0,7T23,"PICO BL","CATALINA AV",65.00,E,N,A,-,N,,,,,,,,,,Y,3,0,1,4,A,-,01,23152,A,N,C,E,A,A,H,-,C,D,0,,,,,Y,Y,A,01,0,1,0,0,0,0,0,0,0,"- ","- ",,,"LOS ANGELES","LOS ANGELES",-118.29450586,34.047272329999998
8284801,2017,2017-01-30,1942,2017-01-12,2140,41977,0518,4,5,7,1942,0,0,0,E,0,5T21,"LOMITA BL","AVALON BL",7.00,W,N,A,-,N,,,,,,,,,,N,4,0,1,3,A,-,01,23152,A,F,B,-,A,A,H,-,C,A,0,,,,,Y,Y,D,22,0,0,1,0,0,0,0,0,0,"- ","- ",,,"LOS ANGELES","LOS ANGELES",-118.26396298,33.799159230000001
8285749,2017,2017-01-27,1942,2017-01-15,0150,40383,1944,7,5,7,1942,0,0,0,,0,9T53,"LAUREL CANYON BL","BRAND BL",30.00,S,N,A,-,N,,,,,,,,,,Y,4,0,2,2,A,-,01,23152,A,N,C,C,A,A,H,-,C,A,0,,,,,Y,Y,D,22,0,0,2,0,0,0,0,0,0,"- ","- ",,,"LOS ANGELES","LOS ANGELES",-118.44918058,34.274791260000001
8287224,2017,2017-01-25,1942,2017-01-01,0215,42413,1273,7,5,7,1942,0,0,0,L,0,12T73,"WESTERN AV","88TH ST",330.00,S,N,A,-,N,,,,,,,,,,N,2,0,1,2,A,-,01,23152,A,N,G,B,D,A,H,-,C,D,0,Y,,,,Y,Y,A,08,1,0,0,0,1,0,0,0,0,"- ","- ",,,"LOS ANGELES","LOS ANGELES",,
8292153,2017,2017-05-04,1942,2017-03-17,0130,39235,1595,5,5,7,1942,0,0,0,O,0,15A85,"BERRY DR","BERRY DR 3873",0.00,,N,A,-,N,,,,,,,,,,Y,4,0,1,1,A,-,01,23152,A,N,H,J,A,A,H,-,C,D,0,,,,,Y,Y,A,07,0,0,1,0,0,0,0,0,0,"- ","- ",,,"LOS ANGELES","LOS ANGELES",-118.382189,34.137110999999997
8292441,2017,2017-04-11,1931,2017-03-11,2351,5309,1931,6,5,5,1931,0,0,0,,0,003,"SATURN AV","PACIFIC BL",48.00,E,N,A,-,N,,,,,,,,,,Y,4,0,1,3,A,-,08,22107,,N,C,E,A,A,H,-,C,A,0,,,,,Y,Y,A,01,0,0,1,0,0,0,0,0,0,"- ","- ",,,"LOS ANGELES","HUNTINGTON PARK",-118.225032,33.976909999999997
8294745,2017,2018-01-06,1900,2017-01-09,0036,524507,0530,1,5,5,1959,0,0,0,,0,53TIEM,"RT 164","LOWER AZUSA RD",54.00,S,N,B,-,Y,LA,7,164,-,-,6.640,H,-,N,Y,4,0,2,3,A,-,01,23152,A,M,C,C,A,B,H,-,D,A,0,,,,,Y,Y,A,01,0,0,2,0,0,0,0,0,0,"- ","- ",,,"LOS ANGELES",ROSEMEAD,-118.07328542,34.086975119999998
8296321,2017,2017-02-14,1942,2017-01-15,0735,27259,0379,7,5,7,1942,0,0,0,C,0,3TL5,"MARTIN LUTHER KING BL","NORMANDIE AV",0.00,,Y,B,-,N,,,,,,,,,,Y,3,0,6,3,A,-,01,23152,A,N,D,C,A,A,H,-,A,A,0,,,,,Y,Y,D,22,0,2,4,0,0,0,0,0,0,"- ","- ",,,"LOS ANGELES","LOS ANGELES",-118.30018003000001,34.010870089999997
8296833,2016,2017-02-10,1942,2016-12-25,0350,42025,0354,7,5,7,1942,0,0,0,C,0,3A15,"JEFFERSON BL","ARLINGTON AV",0.00,,Y,A,-,N,,,,,,,,,,N,4,0,3,2,A,-,12,21453,A,F,D,C,A,A,H,-,C,A,0,,,,,Y,Y,-,99,0,0,3,0,0,0,0,0,0,"- ","- ",,,"LOS ANGELES","LOS ANGELES",-118.31766012999999,34.025530009999997
8296871,2017,2017-02-10,1942,2017-01-28,0856,42662,396,6,5,7,1942,0,0,0,,0,3A41,"W MARTIN LUTHER KING BL","MENLO AV",300.00,E,N,A,-,N,,,,,,,,,,Y,4,0,1,3,A,-,01,23152,A,N,A,C,A,A,H,-,A,D,0,,,,,Y,Y,A,01,0,0,1,0,0,0,0,0,0,"- ","- ",,,"LOS ANGELES","LOS ANGELES",-118.28913421,34.010984090000001
8299150,2015,2017-02-17,1933,2015-01-08,2025,982,129,4,5,6,1933,0,0,0,,0,003,"CENTURY BL","CRENSHAW BL",42.00,E,N,A,-,N,,,,,,,,,,N,4,0,1,2,A,-,08,22107,,F,B,C,A,A,H,-,C,A,0,,,,,Y,Y,A,01,0,0,1,0,0,0,0,0,0,"- ","- ",,,"LOS ANGELES",INGLEWOOD,-118.32634178000001,33.94547
8299240,2015,2017-02-16,1933,2015-05-07,2104,989,18,4,5,6,1933,0,0,0,,0,003,"PINCAY DR","RENAISSANCE GATEWAY",28.00,E,N,C,-,N,,,,,,,,,,Y,4,0,1,3,A,-,03,22350,,N,C,E,A,B,H,-,C,D,0,,,,,Y,Y,A,01,0,0,1,0,0,0,0,0,0,"- ","- ",,,"LOS ANGELES",INGLEWOOD,-118.332266,33.956180000000003
8301969,2017,2017-02-22,1942,2017-01-27,2030,41957,0765,5,5,7,1942,0,0,0,G,0,6T7,"LA BREA AV","VENICE BL",70.00,N,N,A,-,N,,,,,,,,,,N,4,0,3,2,A,-,03,22350,,N,C,C,A,A,H,-,C,D,0,,,,,Y,Y,D,22,0,0,3,0,0,0,0,0,0,"- ","- ",,,"LOS ANGELES","LOS ANGELES",-118.34536946999999,34.046052789999997
8302271,2017,2017-02-22,1942,2017-01-13,2350,41633,0898,5,5,7,1942,0,0,0,H,0,8A95,"CADILLAC AV","S HALM AV",20.00,W,N,A,-,N,,,,,,,,,,Y,3,0,1,4,A,-,01,23152,A,N,B,E,A,A,H,-,C,D,0,,,,,Y,Y,A,01,0,1,0,0,0,0,0,0,0,"- ","- ",,,"LOS ANGELES","LOS ANGELES",-118.3821727,34.039606880000001
8304114,2017,2017-02-09,1942,2017-01-29,1930,42437,WVAL,7,5,7,1942,0,0,0,,0,10A39,"LEADWELL ST","DENSMORE AV",73.00,W,N,A,-,N,,,,,,,,,,Y,4,0,1,2,A,-,01,23153,A,F,B,E,A,A,H,-,C,D,0,,,,,Y,Y,A,01,0,0,1,0,0,0,0,0,0,"- ","- ",,,"LOS ANGELES","LOS ANGELES",-118.47736098999999,34.203907809999997
8308795,2017,2017-02-15,1942,2017-02-07,1815,40065,1761,2,5,7,1942,0,0,0,Q,0,35Q42,"OWENSMOUTH AV","MARILLA ST",70.00,N,N,B,-,N,,,,,,,,,,Y,4,0,1,3,A,-,01,23152,A,F,C,C,A,A,H,-,C,A,0,,,,,Y,Y,A,01,0,0,1,0,0,0,0,0,0,"- ","- ",,,"LOS ANGELES","LOS ANGELES",-118.60169161,34.247812029999999
8316383,2016,2017-03-04,1942,2016-12-18,0025,41619,0656,7,5,7,1942,0,0,0,F,0,6A49,"SANTA MONICA BL","EL CENTRO AV",10.00,W,N,A,-,Y,LA,7,2,-,-,11.711,I,5,E,N,4,0,1,2,A,-,11,21954,A,F,G,B,E,A,H,-,C,D,0,Y,,,,Y,Y,N,60,0,0,1,0,1,0,0,0,0,"- ","- ",,,"LOS ANGELES","LOS ANGELES",-118.32447119,34.090748349999998
8317868,2017,2017-03-10,1900,2017-02-16,1940,602458,1124,4,5,6,1992,0,0,0,,0,111T1,"W AVENUE L","RT 14",328.00,E,N,B,-,N,,,,,,,,,,Y,4,0,2,2,A,-,01,23152,A,N,C,C,A,B,H,-,C,A,0,,,,,Y,Y,A,01,0,0,2,0,0,0,0,0,0,"- ","- ",,,"LOS ANGELES",LANCASTER,-118.15212699999999,34.660260999999998
8318549,2017,2018-02-15,1942,2017-02-24,2320,40388,1585,5,5,7,1942,0,0,0,O,0,19T73,"VINELAND AV","RT 101",0.00,,Y,A,-,Y,LA,7,101,-,-,10.999,R,4,N,N,4,0,1,2,A,-,01,23152,A,N,D,C,A,A,H,-,C,A,0,,,,,Y,Y,A,07,0,0,1,0,0,0,0,0,0,"- ",NF,,,"LOS ANGELES","LOS ANGELES",-118.36865075999999,34.145677919999997
8318647,2016,2017-02-27,1900,2016-08-11,1244,515401,0251,4,5,4,1945,0,0,0,,0,28T,"ATLANTIC BL","60TH ST",59.00,S,N,A,-,N,,,,,,,,,,Y,4,0,2,2,A,-,10,21950,A,N,D,C,A,A,H,-,A,D,0,,,,,Y,Y,A,07,0,0,2,0,0,0,0,0,0,"- ","- ",,,"LOS ANGELES",MAYWOOD,-118.18590063000001,33.985159119999999
8319668,2017,2017-03-09,1902,2017-02-20,2156,752,26,1,5,5,1902,0,0,0,,0,004,"BALDWIN AV","CAMINO REAL AV",186.00,N,N,B,-,N,,,,,,,,,,N,4,0,1,3,A,-,01,23152,A,F,C,C,A,A,H,-,C,A,0,,,,,Y,Y,A,07,0,0,1,0,0,0,0,0,0,"- ","- ",,,"LOS ANGELES",ARCADIA,-118.05514282,34.122899019999998
8319761,2017,2017-03-09,1942,2017-01-23,1530,40726,1341,1,5,7,1942,0,0,0,M,0,24T54,"BROADWAY PL","39TH ST",0.00,,Y,B,-,N,,,,,,,,,,Y,4,0,1,3,A,-,01,23153,A,N,D,C,A,B,H,-,-,A,0,,,,,Y,Y,A,01,0,0,1,0,0,0,0,0,0,"- ","- ",,,"LOS ANGELES","LOS ANGELES",-118.27679007,34.012090110000003
8320180,2017,2017-03-13,1942,2017-02-19,0150,36023,,7,5,7,1942,0,0,0,,0,,"92ND ST","COMPTON AV",45.00,W,N,B,-,N,,,,,,,,,,N,3,0,1,2,A,-,01,23152,A,N,H,G,A,A,H,-,C,A,0,,Y,,,Y,Y,D,22,0,1,0,0,0,0,1,0,0,"- ","- ",,,"LOS ANGELES","LOS ANGELES",-118.247658,33.95333565
8320415,2017,2017-03-13,1942,2017-02-11,0020,37511,0758,6,5,7,1942,0,0,0,G,0,7T23,"OLYMPIC BL","HUDSON AV",20.00,W,N,B,-,N,,,,,,,,,,Y,3,0,1,1,A,-,01,23153,A,N,E,I,A,B,H,-,C,D,0,,,,,Y,Y,A,01,0,1,0,0,0,0,0,0,0,"- ","- ",,,"LOS ANGELES","LOS ANGELES",-118.33501587000001,34.056981880000002
8320440,2017,2017-03-13,1942,2017-02-20,2120,41917,1255,1,5,7,1942,0,0,0,L,0,18T23,"HALLDALE AV","74TH ST",160.00,N,N,A,-,N,,,,,,,,,,Y,2,0,1,2,A,-,01,23152,A,N,A,E,A,A,H,-,C,D,0,,,,,Y,Y,A,01,1,0,0,0,0,0,0,0,0,"- ","- ",,,"LOS ANGELES","LOS ANGELES",-118.30245669999999,33.973188810000003
8322748,2017,2017-03-15,1976,2017-02-20,2109,10195,TRAFF,1,5,5,1976,0,0,0,,0,,"COLIMA RD","YOUNGWOOD DR",78.00,S,N,A,-,N,,,,,,,,,,Y,3,0,2,2,A,-,01,23153,A,N,C,C,A,A,H,-,C,A,0,,,,,Y,Y,D,22,0,2,0,0,0,0,0,0,0,"- ","- ",,,"LOS ANGELES",WHITTIER,-118.00260514,33.954843289999999
8325874,2017,2017-03-22,1926,2017-03-01,0131,0028,,3,5,5,1926,0,0,0,,0,,"LONE HILL AV","FOOTHILL BL",990.00,N,N,A,-,N,,,,,,,,,,Y,3,0,1,1,A,-,01,23152,A,N,E,I,A,A,H,-,C,D,0,,,,,Y,Y,A,01,0,1,0,0,0,0,0,0,0,"- ","- ",,,"LOS ANGELES",GLENDORA,-117.82817386000001,34.138834699999997
8327519,2017,2018-02-16,1942,2017-01-15,0250,30575,2134,7,5,7,1942,0,0,0,,0,6E233,"TOPANGA CANYON BL","GAULT ST",213.00,S,N,A,B,Y,LA,7,27,-,-,14.370,H,-,S,Y,2,0,1,5,A,-,03,22350,,M,E,I,A,A,H,-,C,D,0,,,,,Y,Y,A,07,1,0,0,0,0,0,0,0,0,"- ","- ",,,"LOS ANGELES","LOS ANGELES",-118.60602019,34.198446240000003
8328195,2017,2017-03-20,1941,2017-03-02,2220,5881,,4,5,7,1941,0,0,0,,0,,"PARAMOUNT BL","65TH ST",0.00,,Y,A,-,N,,,,,,,,,,Y,4,0,2,2,A,-,03,22350,,N,C,E,A,A,H,-,C,D,0,,,,,Y,Y,A,,0,0,2,0,0,0,0,0,0,"- ","- ",,,"LOS ANGELES","LONG BEACH",-118.15997013,33.872460009999998