CASE_ID,ACCIDENT_YEAR,PROC_DATE,JURIS,COLLISION_DATE,COLLISION_TIME,OFFICER_ID,REPORTING_DISTRICT,DAY_OF_WEEK,CHP_SHIFT,POPULATION,CNTY_CITY_LOC,SPECIAL_COND,BEAT_TYPE,CHP_BEAT_TYPE,CITY_DIVISION_LAPD,CHP_BEAT_CLASS,BEAT_NUMBER,PRIMARY_RD,SECONDARY_RD,DISTANCE,DIRECTION,INTERSECTION,WEATHER_1,WEATHER_2,STATE_HWY_IND,CALTRANS_COUNTY,CALTRANS_DISTRICT,STATE_ROUTE,ROUTE_SUFFIX,POSTMILE_PREFIX,POSTMILE,LOCATION_TYPE,RAMP_INTERSECTION,SIDE_OF_HWY,TOW_AWAY,COLLISION_SEVERITY,NUMBER_KILLED,NUMBER_INJURED,PARTY_COUNT,PRIMARY_COLL_FACTOR,PCF_CODE_OF_VIOL,PCF_VIOL_CATEGORY,PCF_VIOLATION,PCF_VIOL_SUBSECTION,HIT_AND_RUN,TYPE_OF_COLLISION,MVIW,PED_ACTION,ROAD_SURFACE,ROAD_COND_1,ROAD_COND_2,LIGHTING,CONTROL_DEVICE,CHP_ROAD_TYPE,PEDESTRIAN_ACCIDENT,BICYCLE_ACCIDENT,MOTORCYCLE_ACCIDENT,TRUCK_ACCIDENT,NOT_PRIVATE_PROPERTY,ALCOHOL_INVOLVED,STWD_VEHTYPE_AT_FAULT,CHP_VEHTYPE_AT_FAULT,COUNT_SEVERE_INJ,COUNT_VISIBLE_INJ,COUNT_COMPLAINT_PAIN,COUNT_PED_KILLED,COUNT_PED_INJURED,COUNT_BICYCLIST_KILLED,COUNT_BICYCLIST_INJURED,COUNT_MC_KILLED,COUNT_MC_INJURED,PRIMARY_RAMP,SECONDARY_RAMP,LATITUDE,LONGITUDE,COUNTY,CITY,POINT_X,POINT_Y
8692348,2018,2018-10-09,1942,2018-08-13,1805,42093,1912,1,5,7,1942,0,0,0,,0,19X8,"FOOTHILL BL","DE GARMO AV",5.00,N,N,A,-,N,,,,,,,,,,N,3,0,1,2,A,-,06,21754,,N,B,C,A,A,H,-,A,D,0,,,Y,,Y,Y,C,02,0,1,0,0,0,0,0,0,1,"- ","- ",,,"LOS ANGELES","LOS ANGELES",-118.47161102294922,34.322891235351562
8692978,2018,2018-09-28,1928,2018-09-02,1449,292,509,7,5,5,1928,0,0,0,,0,502,"KORNBLUM AV","EL SEGUNDO BL",86.00,N,N,A,-,N,,,,,,,,,,Y,4,0,1,4,A,-,03,22350,,N,A,E,A,A,H,-,A,D,0,,,,,Y,Y,A,01,0,0,1,0,0,0,0,0,0,"- ","- ",33.916431427001953,-118.33735656738281,"LOS ANGELES",HAWTHORNE,-118.33740234375,33.916656494140625
8694251,2018,2018-09-18,1942,2018-08-05,2030,36698,1345,7,5,7,1942,0,0,0,M,0,13A27,"S CENTRAL AV","42ND ST",28.00,S,N,A,-,N,,,,,,,,,,Y,2,0,2,3,A,-,01,23152,A,N,G,B,E,A,H,-,C,D,0,Y,,,,Y,Y,D,22,1,0,1,0,1,0,0,0,0,"- ","- ",,,"LOS ANGELES","LOS ANGELES",-118.25649261474609,34.007442474365234
8695056,2018,2018-09-21,1962,2018-08-02,1742,148,1962,4,5,4,1962,0,0,0,,0,003,"MISSION RD","MANLEY DR",53.00,E,N,A,-,N,,,,,,,,,,Y,4,0,1,3,A,-,03,22350,,N,C,C,A,A,H,-,A,D,0,,,,,Y,Y,A,01,0,0,1,0,0,0,0,0,0,"- ","- ",34.094940185546875,-118.10163879394531,"LOS ANGELES","SAN GABRIEL",-118.1014404296875,34.094837188720703
8695230,2018,2018-09-21,1942,2018-07-17,1115,37770,0822,2,5,7,1942,0,0,0,H,0,8A1,"W SUNSET BL","MARQUEZ PL",1000.00,W,N,A,-,N,,,,,,,,,,Y,3,0,1,2,A,-,01,23152,A,N,D,C,A,A,H,-,A,A,0,,,,,Y,Y,A,01,0,1,0,0,0,0,0,0,0,"- ","- ",,,"LOS ANGELES","LOS ANGELES",-118.55184936523438,34.042079925537109
8695784,2018,2018-10-02,1942,2018-09-11,1215,42469,1799,2,5,7,1942,0,0,0,Q,0,17A95,"ROSCOE PL","WOODLEY AV",80.00,E,N,A,-,N,,,,,,,,,,Y,4,0,3,4,A,-,01,23152,A,N,C,C,A,A,H,-,A,A,0,,,,,Y,Y,A,01,0,0,3,0,0,0,0,0,0,"- ","- ",,,"LOS ANGELES","LOS ANGELES",-118.48340606689453,34.221340179443359
8700841,2018,2018-09-27,1920,2018-07-29,0459,13299,,7,5,6,1920,0,0,0,,0,001,"CARFAX AV","BELCHER ST",2.00,N,N,A,-,N,,,,,,,,,,Y,3,0,1,2,A,-,01,23152,A,N,F,E,A,A,H,-,D,A,0,,,,,Y,Y,A,01,0,1,0,0,0,0,0,0,0,"- ","- ",,,"LOS ANGELES",DOWNEY,-118.11180877685547,33.91064453125
8701277,2018,2018-09-20,1975,2018-09-01,1008,436,WCPD,6,5,6,1975,0,0,0,,0,005,"AMAR RD","W PORT ST",0.00,,Y,A,-,N,,,,,,,,,,Y,2,0,3,2,A,-,09,21801,A,N,D,C,A,A,H,-,A,A,0,,,,,Y,Y,A,01,1,2,0,0,0,0,0,0,0,"- ","- ",,,"LOS ANGELES","WEST COVINA",-117.90666961669922,34.027370452880859
8701381,2018,2018-09-24,1942,2018-08-25,2000,42251,1034,6,5,7,1942,0,0,0,J,0,10A21,"LINDLEY AV","CALVERT ST",16.00,S,N,A,-,N,,,,,,,,,,Y,3,0,1,1,A,-,01,23152,A,N,E,I,A,A,H,-,C,D,0,,,,,Y,Y,A,07,0,1,0,0,0,0,0,0,0,"- ","- ",,,"LOS ANGELES","LOS ANGELES",-118.52725219726562,34.181777954101562
8701612,2018,2018-09-21,1942,2018-08-17,1810,41378,1138,5,5,7,1942,0,0,0,K,0,11A12,"FIGUEROA ST","AVENUE 60",5.00,N,N,A,-,N,,,,,,,,,,Y,4,0,4,2,A,-,01,23153,A,N,C,C,A,A,-,-,A,A,0,,,,,Y,Y,A,01,0,0,4,0,0,0,0,0,0,"- ","- ",,,"LOS ANGELES","LOS ANGELES",-118.18976593017578,34.111076354980469
8702077,2018,2018-09-27,1942,2018-08-20,0050,42839,0427,1,5,7,1942,0,0,0,D,0,4A15,"TOURMALINE LN","HUNTINGTON DR",50.00,S,N,A,-,N,,,,,,,,,,Y,4,0,1,1,A,-,03,22350,,N,E,J,A,A,H,-,C,D,0,,,,,Y,Y,-,,0,0,1,0,0,0,0,0,0,"- ","- ",,,"LOS ANGELES","LOS ANGELES",-118.19341278076172,34.079811096191406
8702288,2018,2018-09-28,1942,2018-09-18,2340,42565,1908,2,5,7,1942,0,0,0,,0,19A7,"HUBBARD ST","FENTON AV",500.00,E,N,A,-,N,,,,,,,,,,Y,4,0,1,5,A,-,01,23152,A,N,C,C,A,A,H,-,C,D,0,,,,,Y,Y,A,01,0,0,1,0,0,0,0,0,0,"- ","- ",,,"LOS ANGELES","LOS ANGELES",-118.42323303222656,34.313716888427734
8702545,2017,2018-10-02,1942,2017-11-28,1630,42924,0359,2,5,7,1942,0,0,0,C,0,3A99,NORMANDIE,"35TH ST",0.00,,Y,A,-,N,,,,,,,,,,N,3,0,1,2,A,-,07,21658,A,F,C,G,A,A,H,-,B,D,0,,Y,,,Y,Y,L,04,0,1,0,0,0,0,1,0,0,"- ","- ",,,"LOS ANGELES","LOS ANGELES",-118.30024005,34.024630039999998
8702583,2018,2018-10-09,1920,2018-09-02,2031,13285,DOWNR,7,5,6,1920,0,0,0,,0,005,"FIRESTONE BL","LA REINA AV",0.00,,Y,A,-,N,,,,,,,,,,N,4,0,2,2,A,-,03,22350,,F,C,C,A,A,H,-,A,D,0,,,,,Y,Y,A,01,0,0,2,0,0,0,0,0,0,"- ","- ",,,"LOS ANGELES",DOWNEY,-118.13490295410156,33.941070556640625
8708906,2018,2018-10-24,1967,2018-09-29,0049,128,,6,5,2,1967,0,0,0,,0,NORTH,"WALNUT AV","28TH ST",202.00,S,N,A,-,N,,,,,,,,,,Y,3,0,1,1,A,-,01,23152,A,N,E,I,A,A,H,-,C,D,0,,,,,Y,Y,D,22,0,1,0,0,0,0,0,0,0,"- ","- ",,,"LOS ANGELES","SIGNAL HILL",-118.17198181152344,33.807476043701172
8709842,2018,2018-10-22,1953,2018-08-25,1814,5020,1953,6,5,6,1953,0,0,0,,0,,"CORSON ST","HILL AV",0.00,,Y,A,-,N,,,,,,,,,,Y,3,0,5,2,A,-,01,23153,A,N,C,C,A,A,H,-,A,A,0,,,,,Y,Y,A,01,0,2,3,0,0,0,0,0,0,"- ","- ",,,"LOS ANGELES",PASADENA,-118.12138366699219,34.151771545410156
8710961,2018,2018-10-22,1942,2018-09-19,1610,43439,1752,3,5,7,1942,0,0,0,Q,0,17A48,"DE SOTO AV","SUPERIOR ST",0.00,,Y,A,-,N,,,,,,,,,,Y,3,0,2,2,A,-,01,23152,A,N,D,C,A,A,H,-,A,A,0,,,,,Y,Y,A,01,0,1,1,0,0,0,0,0,0,"- ","- ",,,"LOS ANGELES","LOS ANGELES",-118.58856964111328,34.246368408203125
8713370,2018,2018-11-07,1900,2018-08-31,1902,625546,1335,5,5,5,1908,0,0,0,,0,133T2,"ARTESIA BL","LAKEWOOD BL",486.00,W,N,A,-,N,,,,,,,,,,N,3,0,1,3,A,-,01,23152,A,N,B,E,A,A,H,-,A,D,0,,,,,Y,Y,A,01,0,1,0,0,0,0,0,0,0,"- ","- ",,,"LOS ANGELES",BELLFLOWER,-118.14418792724609,33.874809265136719
8714361,2018,2018-10-23,1942,2018-07-01,1300,40007,"RD 05",7,5,7,1942,0,0,0,,0,5X64,"ANAHEIM ST",FRAMPTON,140.00,W,N,A,-,N,,,,,,,,,,N,4,0,1,2,A,-,05,21651,A,F,B,C,A,A,H,-,A,A,0,,,,,Y,Y,-,99,0,0,1,0,0,0,0,0,0,"- ","- ",33.783798217773438,-118.30052185058594,"LOS ANGELES","LOS ANGELES",-118.30036926269531,33.783725738525391
8715446,2018,2018-11-29,1942,2018-10-16,1720,43256,,2,5,7,1942,0,0,0,,0,0551,"SUMMERLAND AV","HANSFORD AV",0.00,,Y,A,-,N,,,,,,,,,,N,4,0,1,2,A,-,09,21801,A,F,G,G,A,A,H,-,A,D,0,,Y,,,Y,Y,-,99,0,0,1,0,0,0,1,0,0,"- ","- ",,,"LOS ANGELES","LOS ANGELES",-118.3028564453125,33.746971130371094
8721211,2018,2018-10-22,1942,2018-08-19,0255,38707,1803,7,5,7,1942,0,0,0,R,0,12L50,"MANCHESTER AV","CROCKER ST",150.00,W,N,A,-,N,,,,,,,,,,Y,3,0,1,2,A,-,11,21954,A,F,G,B,D,A,H,-,C,D,0,Y,,,,Y,Y,N,60,0,1,0,0,1,0,0,0,0,"- ","- ",,,"LOS ANGELES","LOS ANGELES",-118.26859283447266,33.960109710693359
8721293,2018,2018-11-13,1942,2018-10-04,2127,37575,1427,4,5,7,1942,0,0,0,N,0,14T47,"NATIONAL BL","SEPULVEDA BL",226.00,W,N,A,-,N,,,,,,,,,,Y,4,0,2,2,A,-,01,23152,A,N,D,C,A,A,H,-,C,A,0,,,,,Y,Y,A,01,0,0,2,0,0,0,0,0,0,"- ","- ",,,"LOS ANGELES","LOS ANGELES",-118.42933654785156,34.027095794677734
8721617,2018,2018-11-05,1900,2018-10-08,0645,615165,0617,1,5,6,1985,0,0,0,,0,61T1,"GOLDEN VALLEY RD","HIGHLAND DR",427.00,W,N,A,-,N,,,,,,,,,,Y,4,0,2,3,A,-,01,23152,A,N,B,C,A,A,D,-,B,D,0,,,,,Y,Y,A,01,0,0,2,0,0,0,0,0,0,"- ","- ",34.395198822021484,-118.48269653320312,"LOS ANGELES","SANTA CLARITA",-118.48262786865234,34.395210266113281
8721875,2018,2018-11-19,1972,2018-07-01,0008,20170,,7,5,6,1972,0,0,0,,0,,"CRENSHAW BL","TORRANCE CROSS RD",440.00,S,N,A,-,N,,,,,,,,,,Y,4,0,1,2,A,-,09,21804,A,N,D,C,A,A,H,-,C,A,0,,,,,Y,Y,A,,0,0,1,0,0,0,0,0,0,"- ","- ",,,"LOS ANGELES",TORRANCE,-118.32798699999999,33.803108999999999
8722294,2018,2018-11-05,1901,2018-09-10,1011,180,2,1,5,5,1901,0,0,0,,0,001,"ATLANTIC BL","MAIN ST",91.00,N,N,A,-,N,,,,,,,,,,Y,2,0,2,4,A,-,01,23153,A,F,B,C,F,A,H,-,A,A,0,Y,,,,Y,Y,A,01,1,1,0,0,2,0,0,0,0,"- ","- ",,,"LOS ANGELES",ALHAMBRA,-118.1346435546875,34.091819763183594
8725548,2018,2018-10-30,1941,2018-10-06,1924,11273,,6,5,7,1941,0,0,0,,0,,"CHERRY AV","S 3RD ST",30.00,S,N,A,-,N,,,,,,,,,,N,3,0,1,2,A,-,11,21954,A,N,G,B,D,A,H,-,C,A,0,Y,,,,Y,Y,N,,0,1,0,0,1,0,0,0,0,"- ","- ",,,"LOS ANGELES","LONG BEACH",-118.167669,33.768898999999998
8726626,2018,2018-11-28,1900,2018-10-05,2319,625432,1138,5,5,6,1992,0,0,0,,0,112T2,"AVENUE K","80TH ST EAST",0.00,,Y,A,-,N,,,,,,,,,,Y,3,0,1,2,A,-,01,23152,A,F,A,C,A,A,H,-,D,D,0,,,,,Y,Y,D,22,0,1,0,0,0,0,0,0,0,"- ","- ",,,"LOS ANGELES",LANCASTER,-117.98738861083984,34.675411224365234
8728237,2018,2018-11-07,1942,2018-10-20,2200,37353,1531,6,5,7,1942,0,0,0,O,0,15A43,"COLDWATER CANYON AV","CHANDLER BL",295.00,S,N,A,-,N,,,,,,,,,,Y,4,0,1,5,A,-,01,23152,A,M,B,E,A,A,H,-,C,A,0,,,,,Y,Y,D,22,0,0,1,0,0,0,0,0,0,"- ","- ",,,"LOS ANGELES","LOS ANGELES",-118.41380310058594,34.167861938476562
8728263,2018,2018-11-30,1942,2018-10-11,1710,42995,1516,4,5,7,1942,0,0,0,O,0,15U2,VANOWEN,"LEMP AV",100.00,W,N,A,-,N,,,,,,,,,,Y,2,0,1,3,A,-,01,23152,A,N,C,E,A,A,H,-,A,D,0,,,,,Y,Y,-,"- ",1,0,0,0,0,0,0,0,0,"- ","- ",,,"LOS ANGELES","LOS ANGELES",-118.38484191894531,34.193939208984375
8728938,2018,2018-11-09,1942,2018-10-14,1710,42771,1822,7,5,7,1942,0,0,0,R,0,18A34,"MAIN ST",101ST,0.00,,Y,A,-,N,,,,,,,,,,N,4,0,1,2,A,-,09,21802,A,N,D,C,A,A,H,-,A,D,0,,,,,Y,Y,A,01,0,0,1,0,0,0,0,0,0,"- ","- ",,,"LOS ANGELES","LOS ANGELES",-118.27388000488281,33.944660186767578
8729316,2018,2018-11-14,1907,2018-10-07,0435,243,2,7,5,4,1907,0,0,0,,0,,"ATLANTIC AV","GAGE AV",383.00,S,N,A,-,N,,,,,,,,,,Y,3,0,1,1,A,-,01,23152,A,N,E,I,A,A,H,-,C,D,0,,,,,Y,Y,A,01,0,1,0,0,0,0,0,0,0,"- ","- ",33.976058959960938,-118.18675231933594,"LOS ANGELES",BELL,-118.18719482421875,33.976966857910156
8733649,2018,2018-11-08,1942,2018-10-14,0305,43259,2005,7,5,7,1942,0,0,0,,0,20A53,"NORMANDIE AV","OAKWOOD AV",0.00,,Y,A,-,N,,,,,,,,,,N,4,0,1,2,A,-,12,21453,A,N,D,G,A,A,H,-,C,A,0,,Y,,,Y,Y,L,04,0,0,1,0,0,0,1,0,0,"- ","- ",,,"LOS ANGELES","LOS ANGELES",-118.30043029785156,34.077640533447266
8733793,2018,2018-12-20,1941,2018-10-18,1015,6117,,4,5,7,1941,0,0,0,,0,,"ATLANTIC AV","ARTESIA BL",10.00,N,N,-,-,N,,,,,,,,,,N,4,0,1,2,A,-,03,22350,,N,C,C,A,A,H,-,A,A,0,,,,,Y,Y,A,,0,0,1,0,0,0,0,0,0,"- ","- ",,,"LOS ANGELES","LONG BEACH",-118.18618011474609,33.874408721923828
8735934,2019,2019-04-15,1942,2019-03-18,1645,40849,0765,1,5,7,1942,0,0,0,G,0,,"TREMAINE AV","SAN VICENTE BL",0.00,,Y,A,-,N,,,,,,,,,,Y,4,0,1,2,A,-,09,21800,A,N,D,C,A,A,H,-,A,D,0,,,,,Y,Y,A,01,0,0,1,0,0,0,0,0,0,"- ","- ",,,"LOS ANGELES","LOS ANGELES",-118.34073638916016,34.048851013183594
8737205,2018,2019-01-31,1942,2018-10-27,2155,39523,0532,6,5,7,1942,0,0,0,E,0,5A24,"PACIFIC COAST HWY",WILMINGTON,0.00,,Y,A,-,Y,LA,7,1,-,-,11.220,H,-,S,Y,3,0,1,4,A,-,03,22350,,N,C,C,A,A,H,-,C,D,0,,,,,Y,Y,A,01,0,1,0,0,0,0,0,0,0,"- ","- ",,,"LOS ANGELES","LOS ANGELES",-118.27530670166016,33.790473937988281
8739602,2018,2019-01-22,1900,2018-11-01,0202,529400,1431,4,5,4,1937,0,0,0,,0,143T2,"NELSON AV","ELDON AV",95.00,W,N,A,-,N,,,,,,,,,,N,3,0,1,2,A,-,01,23152,A,N,C,E,A,A,H,-,C,D,0,,,,,Y,Y,A,07,0,1,0,0,0,0,0,0,0,"- ","- ",34.029598236083984,-117.96196746826172,"LOS ANGELES","LA PUENTE",-117.96194458007812,34.029491424560547
8740110,2018,2018-12-12,1953,2018-10-05,0049,6800,1953,5,5,6,1953,0,0,0,,0,002,"ORANGE GROVE BL","RAYMOND AV",0.00,,Y,A,-,N,,,,,,,,,,Y,2,0,2,2,A,-,12,21453,A,N,F,C,A,A,H,-,C,A,0,,,,,Y,Y,A,01,1,1,0,0,0,0,0,0,0,"- ","- ",,,"LOS ANGELES",PASADENA,-118.14901733398438,34.157821655273438
8741316,2018,2018-12-04,1900,2018-10-20,0345,274533,1334,6,5,5,1908,0,0,0,,0,133T1,"BELLFLOWER BL","HARVARD ST",187.00,S,N,A,-,N,,,,,,,,,,Y,3,0,1,4,A,-,08,22107,,N,C,E,A,A,H,-,C,D,0,,,,,Y,Y,A,07,0,1,0,0,0,0,0,0,0,"- ","- ",33.887851715087891,-118.18524932861328,"LOS ANGELES",BELLFLOWER,-118.12532806396484,33.887928009033203
8745036,2018,2018-11-30,1942,2018-11-10,1940,42818,1023,6,5,7,1942,0,0,0,J,0,10A21,"TAMPA AV","HART ST",0.00,,Y,A,-,N,,,,,,,,,,Y,4,0,1,2,A,-,09,21801,A,N,B,C,A,A,H,-,C,A,0,,,,,Y,Y,D,22,0,0,1,0,0,0,0,0,0,"- ","- ",,,"LOS ANGELES","LOS ANGELES",-118.55345916748047,34.197460174560547
8745740,2018,2018-12-31,1942,2018-11-12,0030,37353,1517,1,5,7,1942,0,0,0,O,0,15A27,"VINELAND AV","VANOWEN ST",1000.00,N,N,A,-,N,,,,,,,,,,Y,3,0,1,2,A,-,01,23152,A,N,C,E,A,A,H,-,C,A,0,,,,,Y,Y,A,01,0,1,0,0,0,0,0,0,0,"- ","- ",,,"LOS ANGELES","LOS ANGELES",-118.37032318115234,34.196693420410156
8749897,2018,2019-01-11,1941,2018-11-18,1526,10574,,7,5,7,1941,0,0,0,,0,006,"RT 710",BROADWAY,280.00,N,N,A,-,N,,,,,,,,,,Y,4,0,1,2,A,-,03,22350,,N,C,C,A,A,H,-,A,D,0,,,Y,,Y,Y,C,,0,0,1,0,0,0,0,0,1,NO,"- ",,,"LOS ANGELES","LONG BEACH",-118.20851999999999,33.767384
8750800,2018,2018-12-27,1942,2018-11-22,2024,34561,1526,4,5,7,1942,0,0,0,O,0,15A27,"LANKERSHIM BL","OXNARD ST",80.00,S,N,A,-,N,,,,,,,,,,Y,3,0,2,3,A,-,01,23152,A,N,C,C,A,A,H,-,C,A,0,,,,,Y,Y,A,07,0,2,0,0,0,0,0,0,0,"- ","- ",,,"LOS ANGELES","LOS ANGELES",-118.38329315185547,34.179225921630859
8751029,2018,2019-01-18,1942,2018-11-07,1210,38995,1522,3,5,7,1942,0,0,0,O,0,15A21,"VANOWEN ST","COLDWATER CANYON AV",10.00,E,N,A,-,N,,,,,,,,,,N,3,0,1,1,A,-,03,22350,,N,E,I,A,A,H,-,A,D,0,,Y,,,Y,Y,L,04,0,1,0,0,0,0,1,0,0,"- ","- ",,,"LOS ANGELES","LOS ANGELES",-118.41376495361328,34.193939208984375
8751096,2018,2018-12-11,1942,2018-10-27,2235,42927,0456,6,5,7,1942,0,0,0,D,0,HOBK,"FOLSOM ST","MALABAR ST",0.00,,Y,A,-,N,,,,,,,,,,Y,4,0,4,2,A,-,01,23153,,N,C,C,A,A,H,-,C,A,0,,,,,Y,Y,A,01,0,0,4,0,0,0,0,0,0,"- ","- ",,,"LOS ANGELES","LOS ANGELES",,
8751098,2018,2019-01-16,1942,2018-11-01,2350,43373,0464,4,5,7,1942,0,0,0,D,0,4A71,"CHICAGO ST","4TH ST",0.00,,Y,A,-,N,,,,,,,,,,N,4,0,1,2,A,-,10,21950,A,F,G,B,B,A,H,-,C,A,0,Y,,,,Y,Y,-,99,0,0,1,0,1,0,0,0,0,"- ","- ",,,"LOS ANGELES","LOS ANGELES",-118.21424102783203,34.041721343994141
8759541,2018,2019-03-07,1975,2018-12-09,1903,395,CITRU,7,5,6,1975,0,0,0,,0,005,"LAKES DR","VINCENT AV",9.00,E,N,A,-,N,,,,,,,,,,Y,4,0,1,2,A,-,01,23153,,F,C,-,A,A,H,-,C,D,0,,,,,Y,Y,D,22,0,0,1,0,0,0,0,0,0,"- ","- ",,,"LOS ANGELES","WEST COVINA",-117.92672729492188,34.069717407226562
8762854,2017,2018-12-27,1942,2017-11-19,2120,36946,1795,7,5,7,1942,0,0,0,Q,0,17XL78,"BALBOA BL","ROSCOE BL",300.00,N,N,A,-,N,,,,,,,,,,Y,3,0,3,3,A,-,01,23152,A,N,A,C,A,A,H,-,C,D,0,,,,,Y,Y,A,01,0,3,0,0,0,0,0,0,0,"- ","- ",,,"LOS ANGELES","LOS ANGELES",-118.50264,34.222022920000001
8765240,2018,2019-01-07,1941,2018-12-02,0116,11029,,7,5,7,1941,0,0,0,,0,,"RT 710","6TH ST",12.00,E,N,A,-,N,,,,,,,,,,N,4,0,2,2,A,-,01,23153,A,N,A,C,A,A,H,-,-,D,0,,,,,Y,Y,A,,0,0,2,0,0,0,0,0,0,"- ","- ",,,"LOS ANGELES","LONG BEACH",,
8766533,2018,2019-01-18,1906,2018-12-21,1919,4428,,5,5,5,1906,0,0,0,,0,002,"STEWART AV","ROCKENBACH ST",82.00,S,N,A,-,N,,,,,,,,,,Y,3,0,1,2,A,-,08,22107,,N,C,E,A,A,H,-,C,D,0,,,,,Y,Y,A,01,0,1,0,0,0,0,0,0,0,"- ","- ",,,"LOS ANGELES","BALDWIN PARK",-117.96923828125,34.094226837158203
8767207,2018,2019-01-15,1942,2018-11-03,1500,42528,1523,6,5,7,1942,0,0,0,O,0,15A21,KITTRIDGE,ALCOVE,50.00,W,N,A,-,N,,,,,,,,,,N,3,0,1,2,A,-,09,21804,A,N,A,C,A,A,H,-,A,D,0,,,,,Y,Y,A,01,0,1,0,0,0,0,0,0,0,"- ","- ",,,"LOS ANGELES","LOS ANGELES",-118.41293334960938,34.190330505371094
8767725,2018,2019-01-04,1942,2018-11-21,1020,40141,1757,3,5,7,1942,0,0,0,Q,0,17A49,"BALBOA BL","MAYALL ST",0.00,,Y,A,-,N,,,,,,,,,,Y,3,0,3,2,A,-,12,21453,A,N,D,C,A,A,H,-,A,A,0,,,,,Y,Y,A,01,0,2,1,0,0,0,0,0,0,"- ","- ",,,"LOS ANGELES","LOS ANGELES",-118.50237274169922,34.253849029541016
8767970,2018,2019-02-02,1942,2018-12-21,2300,26947,1918,5,5,7,1942,0,0,0,,0,19A7,"N FOOTHILL BL","MACLAY ST",35.00,S,N,A,-,N,,,,,,,,,,Y,4,0,2,3,A,-,01,23152,A,N,C,C,A,A,D,-,C,D,0,,,,,Y,Y,D,22,0,0,2,0,0,0,0,0,0,NO,"- ",,,"LOS ANGELES","LOS ANGELES",-118.42044067382812,34.298446655273438
8768336,2018,2019-01-04,1942,2018-11-14,1105,34168,0489,3,5,7,1942,0,0,0,D,0,HOBK,"SOTO ST","SHORT ST",6.00,S,N,A,-,N,,,,,,,,,,Y,4,0,2,2,A,-,09,21801,A,N,D,C,A,B,H,-,A,D,0,,,,,Y,Y,A,01,0,0,2,0,0,0,0,0,0,"- ","- ",,,"LOS ANGELES","LOS ANGELES",-118.21966552734375,34.026264190673828
8768465,2018,2019-01-03,1942,2018-11-05,2235,40730,1112,1,5,7,1942,0,0,0,K,0,11A17,"YORK BL","AVENUE 43",295.00,S,N,A,-,N,,,,,,,,,,Y,4,0,1,2,A,-,01,23152,A,N,C,E,A,A,H,-,C,D,0,,,,,Y,Y,A,01,0,0,1,0,0,0,0,0,0,"- ","- ",,,"LOS ANGELES","LOS ANGELES",-118.22516632080078,34.123897552490234
8769414,2018,2019-01-31,1976,2018-12-14,0329,477,,5,5,5,1976,0,0,0,,0,,"MAR VISTA ST","CALIFORNIA AV",180.00,E,N,A,-,N,,,,,,,,,,Y,3,0,1,1,A,-,01,23152,A,N,E,I,A,A,H,-,C,D,0,,,,,Y,Y,A,01,0,1,0,0,0,0,0,0,0,"- ","- ",,,"LOS ANGELES",WHITTIER,-118.01496887207031,33.966098785400391
8771783,2018,2019-01-09,1900,2018-10-25,2206,579547,0976,4,5,4,1979,0,0,0,,0,93T4,"FOUNTAIN AV","HAVENHURST DR",0.00,,Y,A,-,N,,,,,,,,,,N,3,0,1,2,A,-,01,21221,5,N,D,J,A,A,H,-,C,A,0,,,Y,,Y,Y,C,03,0,1,0,0,0,0,0,0,1,"- ","- ",,,"LOS ANGELES","WEST HOLLYWOOD",-118.36746215820312,34.094371795654297
8772216,2018,2019-01-18,1942,2018-12-31,1450,41514,1567,1,5,7,1942,0,0,0,O,0,15A67,"W VALLEY SPRING LN","CAHUENGA BL",5.00,W,N,A,-,N,,,,,,,,,,Y,3,0,1,1,A,-,01,23152,A,M,E,I,A,A,H,-,A,A,0,,,,,Y,Y,A,01,0,1,0,0,0,0,0,0,0,"- ","- ",,,"LOS ANGELES","LOS ANGELES",-118.36147308349609,34.146751403808594
8773595,2018,2019-02-01,1976,2018-12-08,0122,465,1976,6,5,5,1976,0,0,0,,0,004,"WHITTIER BL","SANTA GERTRUDES AV",26.00,W,N,A,-,Y,LA,7,72,-,-,0.990,H,-,S,N,4,0,1,2,A,-,01,23152,A,M,C,C,A,A,H,-,C,D,0,,,,,Y,Y,A,01,0,0,1,0,0,0,0,0,0,"- ","- ",,,"LOS ANGELES",WHITTIER,-117.99265289306641,33.944026947021484
8774363,2018,2019-01-18,1942,2018-12-26,0025,41957,0745,3,5,7,1942,0,0,0,G,0,7A33,"DETROIT ST","8TH ST",100.00,S,N,A,-,N,,,,,,,,,,Y,4,0,1,3,A,-,01,23152,A,M,B,E,A,A,H,-,C,D,0,,,,,Y,Y,A,07,0,0,1,0,0,0,0,0,0,"- ","- ",,,"LOS ANGELES","LOS ANGELES",-118.34593200683594,34.060279846191406
8775498,2018,2019-01-26,1942,2018-12-05,1530,37952,0212,3,5,7,1942,0,0,0,B,0,2A12,"BEVERLY BL","N JUANITA",25.00,W,N,B,C,N,,,,,,,,,,N,4,0,2,3,A,-,10,21950,A,F,G,B,B,B,H,-,A,D,0,Y,,,,Y,Y,-,99,0,0,2,0,2,0,0,0,0,"- ","- ",,,"LOS ANGELES","LOS ANGELES",-118.29061126708984,34.076309204101562
8776553,2019,2019-02-02,1942,2019-01-06,0210,41161,2027,7,5,7,1942,0,0,0,,0,20A45,"6TH ST","BERENDO ST",45.00,W,N,A,-,N,,,,,,,,,,Y,3,0,2,2,A,-,01,23152,A,F,A,C,A,B,H,-,C,D,0,,,,,Y,Y,A,01,0,1,1,0,0,0,0,0,0,"- ","- ",,,"LOS ANGELES","LOS ANGELES",-118.29428100585938,34.063610076904297