CASE_ID,ACCIDENT_YEAR,PROC_DATE,JURIS,COLLISION_DATE,COLLISION_TIME,OFFICER_ID,REPORTING_DISTRICT,DAY_OF_WEEK,CHP_SHIFT,POPULATION,CNTY_CITY_LOC,SPECIAL_COND,BEAT_TYPE,CHP_BEAT_TYPE,CITY_DIVISION_LAPD,CHP_BEAT_CLASS,BEAT_NUMBER,PRIMARY_RD,SECONDARY_RD,DISTANCE,DIRECTION,INTERSECTION,WEATHER_1,WEATHER_2,STATE_HWY_IND,CALTRANS_COUNTY,CALTRANS_DISTRICT,STATE_ROUTE,ROUTE_SUFFIX,POSTMILE_PREFIX,POSTMILE,LOCATION_TYPE,RAMP_INTERSECTION,SIDE_OF_HWY,TOW_AWAY,COLLISION_SEVERITY,NUMBER_KILLED,NUMBER_INJURED,PARTY_COUNT,PRIMARY_COLL_FACTOR,PCF_CODE_OF_VIOL,PCF_VIOL_CATEGORY,PCF_VIOLATION,PCF_VIOL_SUBSECTION,HIT_AND_RUN,TYPE_OF_COLLISION,MVIW,PED_ACTION,ROAD_SURFACE,ROAD_COND_1,ROAD_COND_2,LIGHTING,CONTROL_DEVICE,CHP_ROAD_TYPE,PEDESTRIAN_ACCIDENT,BICYCLE_ACCIDENT,MOTORCYCLE_ACCIDENT,TRUCK_ACCIDENT,NOT_PRIVATE_PROPERTY,ALCOHOL_INVOLVED,STWD_VEHTYPE_AT_FAULT,CHP_VEHTYPE_AT_FAULT,COUNT_SEVERE_INJ,COUNT_VISIBLE_INJ,COUNT_COMPLAINT_PAIN,COUNT_PED_KILLED,COUNT_PED_INJURED,COUNT_BICYCLIST_KILLED,COUNT_BICYCLIST_INJURED,COUNT_MC_KILLED,COUNT_MC_INJURED,PRIMARY_RAMP,SECONDARY_RAMP,LATITUDE,LONGITUDE,COUNTY,CITY,POINT_X,POINT_Y
8777770,2018,2019-01-24,1942,2018-12-25,0055,40325,1333,2,5,7,1942,0,0,0,M,0,13A43,"SAN PEDRO ST","29TH ST",0.00,,Y,B,-,N,,,,,,,,,,N,4,0,1,2,A,-,10,21950,A,F,G,B,B,B,H,-,C,A,0,Y,,,,Y,Y,-,99,0,0,1,0,1,0,0,0,0,"- ","- ",,,"LOS ANGELES","LOS ANGELES",-118.26300048828125,34.0189208984375
8777819,2018,2019-01-28,1941,2018-12-24,2152,11228,,1,5,7,1941,0,0,0,,0,,"SHORELINE DR","ELECTRIC BOX #P5479974",21.00,W,N,B,C,N,,,,,,,,,,N,4,0,1,2,A,-,10,21950,,N,D,B,D,B,H,-,C,D,0,Y,,,,Y,Y,A,,0,0,1,0,1,0,0,0,0,"- ","- ",,,"LOS ANGELES","LONG BEACH",,
8779058,2019,2019-02-06,1942,2019-01-08,0045,42111,1269,2,5,7,1942,0,0,0,L,0,12A53,"83RD ST","SAN PEDRO",100.00,E,N,A,-,N,,,,,,,,,,Y,4,0,2,2,A,-,09,21804,A,N,D,C,A,A,H,-,C,D,0,,,,,Y,Y,D,22,0,0,2,0,0,0,0,0,0,"- ","- ",,,"LOS ANGELES","LOS ANGELES",-118.26920318603516,33.963726043701172
8779340,2019,2019-02-05,1942,2019-01-18,0100,37511,0773,5,5,7,1942,0,0,0,G,0,7A73,"WEST WASHINGTON BL","S CLOVERDALE AV",0.00,,Y,B,-,N,,,,,,,,,,Y,4,0,1,3,A,-,01,23152,A,N,C,E,A,A,H,-,C,D,0,,,,,Y,Y,A,01,0,0,1,0,0,0,0,0,0,"- ","- ",,,"LOS ANGELES","LOS ANGELES",-118.35391998291016,34.041351318359375
8779659,2018,2019-02-01,1900,2018-12-18,1709,606079,2611,2,5,6,1950,0,0,0,,0,263T1,"RT 138","3RD ST EAST",0.00,,Y,A,-,Y,LA,7,138,-,-,43.950,I,6,W,N,3,0,1,2,A,-,11,21954,A,N,G,B,D,A,H,-,C,A,0,Y,,,,Y,Y,N,60,0,1,0,0,1,0,0,0,0,"- ","- ",34.579879760742188,-118.12480163574219,"LOS ANGELES",PALMDALE,-118.12483978271484,34.579856872558594
8781017,2018,2019-02-01,1942,2018-11-28,1430,37952,0412,3,5,7,1942,0,0,0,D,0,4A3,"PASADENA AV","DALY ST",65.00,W,N,A,-,N,,,,,,,,,,Y,4,0,2,2,A,-,01,23152,A,N,C,C,A,A,H,-,A,D,0,,,,,Y,Y,A,01,0,0,2,0,0,0,0,0,0,"- ","- ",,,"LOS ANGELES","LOS ANGELES",-118.21591949462891,34.076473236083984
8782934,2018,2019-01-28,1907,2018-12-20,1555,209,1,4,5,4,1907,0,0,0,,0,,"GAGE AV","RIVERSIDE AV",124.00,W,N,A,-,N,,,,,,,,,,Y,3,0,1,2,A,-,01,23152,A,N,D,C,A,A,H,-,A,A,0,,,,,Y,Y,A,07,0,1,0,0,0,0,0,0,0,"- ","- ",33.979030609130859,-118.19454193115234,"LOS ANGELES",BELL,-118.19529724121094,33.978900909423828
8783408,2018,2019-01-26,1901,2018-12-15,1047,102,23,6,5,5,1901,0,0,0,,0,003,MAIN,FREMONT,0.00,,Y,A,-,N,,,,,,,,,,N,2,0,1,2,A,-,10,21950,A,F,-,B,B,A,H,-,A,A,0,Y,,,,Y,Y,A,08,1,0,0,0,1,0,0,0,0,"- ","- ",,,"LOS ANGELES",ALHAMBRA,-118.152099609375,34.095321655273438
8785879,2019,2019-02-04,1941,2019-01-02,1928,11222,,3,5,7,1941,0,0,0,,0,,"HARDING ST","CHERRY AV",0.00,W,N,A,-,N,,,,,,,,,,Y,4,0,1,2,A,-,03,22350,,F,C,C,A,A,-,-,C,A,0,,,,,Y,Y,A,,0,0,1,0,0,0,0,0,0,"- ","- ",,,"LOS ANGELES","LONG BEACH",-118.16860961914062,33.86737060546875
8786158,2018,2019-02-05,1942,2018-12-15,0740,40008,1372,6,5,7,1942,0,0,0,M,0,13A85,"E 57TH ST","S SAN PEDRO ST",150.00,E,N,A,-,N,,,,,,,,,,Y,4,0,1,2,A,-,01,23152,A,N,B,C,A,A,H,-,A,D,0,,,,,Y,Y,A,01,0,0,1,0,0,0,0,0,0,"- ","- ",,,"LOS ANGELES","LOS ANGELES",-118.26963806152344,33.990680694580078
8790102,2019,2019-02-20,1942,2019-01-17,0215,42597,10,4,5,7,1942,0,0,0,J,0,10X23,"BIANCA AV","BIANCA AV 8119",0.00,,N,A,-,N,,,,,,,,,,N,4,0,1,2,A,-,03,22350,,N,B,C,A,B,H,-,C,D,0,,,,,Y,Y,-,99,0,0,1,0,0,0,0,0,0,"- ","- ",,,"LOS ANGELES","LOS ANGELES",-118.51340500000001,34.217846999999999
8790496,2018,2019-01-31,1924,2018-10-27,2333,80453,G17,6,5,5,1924,0,0,0,,0,8T4,"ROSECRANS AV","NORMANDIE AV",200.00,W,N,A,-,N,,,,,,,,,,Y,4,0,1,3,A,-,01,23152,A,M,B,C,A,A,H,-,C,D,0,,,,,Y,Y,A,07,0,0,1,0,0,0,0,0,0,"- ","- ",33.901908874511719,-118.30040740966797,"LOS ANGELES",GARDENA,-118.30109405517578,33.901901245117188
8791432,2019,2019-03-18,1969,2019-01-28,0040,10200,PATRO,1,5,5,1969,0,0,0,,0,005,"GARFIELD AV","SOUTHERN AV",300.00,S,N,A,-,N,,,,,,,,,,Y,4,0,1,1,A,-,01,23152,A,N,E,I,A,A,H,-,C,D,0,,,,,Y,Y,D,22,0,0,1,0,0,0,0,0,0,"- ","- ",,,"LOS ANGELES","SOUTH GATE",-118.16680145263672,33.943817138671875
8792884,2019,2019-03-07,1922,2019-01-23,0747,662,,3,5,6,1922,0,0,0,,0,002,"RANCHITO ST","LA MADERA AV",100.00,E,N,A,-,N,,,,,,,,,,N,4,0,1,2,A,-,03,22350,,N,C,C,A,A,H,-,A,D,0,,,,,Y,Y,A,01,0,0,1,0,0,0,0,0,0,"- ","- ",34.087001800537109,-118.00900268554688,"LOS ANGELES","EL MONTE",-118.01001739501953,34.087123870849609
8793469,2019,2019-02-25,1942,2019-01-12,2240,40388,2137,6,5,7,1942,0,0,0,,0,21A5,"SATICOY ST","DE SOTO AV",0.00,,Y,A,-,N,,,,,,,,,,Y,2,0,4,2,A,-,09,21801,A,N,A,C,A,A,H,-,C,A,0,,,,,Y,Y,A,07,1,2,1,0,0,0,0,0,0,"- ","- ",,,"LOS ANGELES","LOS ANGELES",-118.58847808837891,34.208328247070312
8795828,2019,2019-02-13,1900,2019-01-01,0120,626575,ANTEL,2,5,6,1992,0,0,0,,0,112B,"DIVISION ST","JACKMAN ST",141.00,N,N,A,-,N,,,,,,,,,,Y,3,0,1,4,A,-,01,23152,A,M,-,E,A,A,H,-,C,D,0,,,,,Y,Y,A,01,0,1,0,0,0,0,0,0,0,"- ","- ",,,"LOS ANGELES",LANCASTER,-118.13043212890625,34.702705383300781
8797956,2018,2019-02-08,1942,2018-11-07,0525,39151,0395,3,5,7,1942,0,0,0,C,0,3A99,"42ND ST","GRAMERCY PL",180.00,W,N,A,-,N,,,,,,,,,,N,4,0,1,3,A,-,03,22350,,N,C,E,A,A,H,-,B,D,0,,,,,Y,Y,A,01,0,0,1,0,0,0,0,0,0,"- ","- ",,,"LOS ANGELES","LOS ANGELES",-118.31442260742188,34.007228851318359
8798279,2019,2019-02-13,1942,2019-01-17,2335,37782,0455,4,5,7,1942,0,0,0,D,0,0459,"CESAR E CHAVEZ","SOTO ST",45.00,W,N,A,-,N,,,,,,,,,,N,3,0,1,2,A,-,11,21955,,N,G,B,E,A,H,-,C,A,0,Y,,,,Y,Y,N,60,0,1,0,0,1,0,0,0,0,"- ","- ",,,"LOS ANGELES","LOS ANGELES",-118.20793914794922,34.046871185302734
8798451,2018,2019-02-20,1942,2018-12-21,1750,34599,1723,5,5,7,1942,0,0,0,Q,0,17A23,"DEVONSHIRE ST","DE SOTO AV",120.00,E,N,A,-,N,,,,,,,,,,N,4,0,2,2,A,-,09,21804,A,N,D,C,A,A,H,-,C,A,0,,,,,Y,Y,A,01,0,0,2,0,0,0,0,0,0,"- ","- ",,,"LOS ANGELES","LOS ANGELES",-118.58818054199219,34.257251739501953
8805126,2019,2019-02-27,1942,2019-01-15,1410,41158,1963,2,5,7,1942,0,0,0,,0,19A75,"VAN NUYS BL","NOVICE ST",280.00,N,N,C,-,N,,,,,,,,,,N,4,0,1,2,B,-,22,,,N,D,G,A,B,H,-,A,D,0,,Y,,,Y,Y,L,04,0,0,1,0,0,0,1,0,0,"- ","- ",,,"LOS ANGELES","LOS ANGELES",-118.45025634765625,34.244419097900391
8805848,2019,2019-02-20,1942,2019-02-03,1400,41973,1256,7,5,7,1942,0,0,0,L,0,12A57,"S BROADWAY","N FLORENCE AV",118.00,N,N,C,-,N,,,,,,,,,,Y,4,0,1,2,A,-,08,22107,,N,D,C,A,B,H,-,A,A,0,,,,,Y,Y,A,01,0,0,1,0,0,0,0,0,0,"- ","- ",,,"LOS ANGELES","LOS ANGELES",-118.27832794189453,33.974983215332031
8805852,2019,2019-02-20,1942,2019-02-02,1930,43106,361,6,5,7,1942,0,0,0,,0,3A31,"LA BREA AV","RODEO RD",0.00,,Y,C,-,N,,,,,,,,,,N,3,0,1,2,A,-,10,21950,A,F,D,B,B,B,H,-,C,A,0,Y,,,,Y,Y,-,"- ",0,1,0,0,1,0,0,0,0,"- ","- ",,,"LOS ANGELES","LOS ANGELES",-118.35561370849609,34.021530151367188
8806589,2019,2019-02-28,1942,2019-02-16,0100,43309,2091,6,5,7,1942,0,0,0,,0,20A71,"ARLINGTON AV",21ST,20.00,S,N,B,-,N,,,,,,,,,,Y,2,0,3,2,A,-,01,23152,A,F,A,C,A,B,H,-,C,B,0,,,,,Y,Y,A,01,1,0,2,0,0,0,0,0,0,"- ","- ",,,"LOS ANGELES","LOS ANGELES",-118.31771087646484,34.038043975830078
8807882,2019,2019-03-19,1942,2019-02-04,0050,43320,0558,1,5,7,1942,0,0,0,E,0,5A55,"PACIFIC AV","OLIVER ST",0.00,,Y,A,-,N,,,,,,,,,,N,3,0,1,2,A,-,03,22350,,F,D,C,A,A,-,-,C,A,0,,,,,Y,Y,-,99,0,1,0,0,0,0,0,0,0,"- ","- ",,,"LOS ANGELES","LOS ANGELES",-118.28787231445312,33.7469482421875
8808023,2019,2021-05-25,1973,2019-01-01,2033,648,1973,2,5,1,1973,0,0,0,,0,0A3,"BANDINI BL","ATLANTIC BL",0.00,,Y,A,-,N,,,,,,,,,,N,1,1,0,1,A,-,07,21658,A,N,E,I,A,A,D,H,C,A,0,,,Y,,Y,Y,C,02,0,0,0,0,0,0,0,1,0,"- ","- ",,,"LOS ANGELES",VERNON,-118.17546081542969,33.998348236083984
8808155,2019,2021-05-25,1955,2019-04-12,0243,40437,35,5,5,6,1955,0,0,0,,0,002,"LA VERNE AV","PROMENADE ST",129.00,W,N,A,-,N,,,,,,,,,,Y,1,1,0,1,A,-,08,22107,,N,E,I,A,A,H,-,C,D,0,,,,,Y,Y,A,07,0,0,0,0,0,0,0,0,0,"- ","- ",,,"LOS ANGELES",POMONA,-117.75238800048828,34.086215972900391
8810754,2018,2019-03-11,1933,2018-11-26,2140,1027,17,1,5,6,1933,0,0,0,,0,002,"LA BREA AV","TAMARACK AV",0.00,,Y,A,-,N,,,,,,,,,,N,4,0,1,2,A,-,11,21954,A,N,G,B,D,A,H,-,C,A,0,Y,,,,Y,Y,N,60,0,0,1,0,1,0,0,0,0,"- ","- ",33.954841613769531,-118.35237884521484,"LOS ANGELES",INGLEWOOD,-118.35253143310547,33.954689025878906
8810825,2018,2019-03-15,1933,2018-11-30,2245,1040,24,5,5,6,1933,0,0,0,,0,002,"ARBOR VITAE ST","INGLEWOOD AV",297.00,W,N,A,-,N,,,,,,,,,,N,2,0,1,2,A,-,03,22350,,F,G,B,D,A,H,-,C,A,0,Y,,,Y,Y,Y,F,86,1,0,0,0,1,0,0,0,0,"- ","- ",33.9527587890625,-118.36151885986328,"LOS ANGELES",INGLEWOOD,-118.36252593994141,33.952701568603516
8810860,2019,2019-03-15,1942,2019-02-21,0900,40404,0341,4,5,7,1942,0,0,0,C,0,25T23,"LA CIENEGA BL","RODEO RD",500.00,S,N,A,-,N,,,,,,,,,,Y,4,0,1,2,A,-,01,23152,A,N,C,C,A,A,H,-,A,D,0,,,,,Y,Y,D,22,0,0,1,0,0,0,0,0,0,"- ","- ",,,"LOS ANGELES","LOS ANGELES",-118.37242889404297,34.020328521728516
8812350,2019,2019-03-01,1942,2019-02-15,0255,40389,0666,5,5,7,1942,0,0,0,F,0,6A45,"LEXINGTON AV","WILCOX AV",11.00,E,N,A,-,N,,,,,,,,,,Y,3,0,1,2,A,-,01,23152,A,N,D,C,A,D,H,-,C,A,0,,,,,Y,Y,A,01,0,1,0,0,0,0,0,0,0,"- ","- ",,,"LOS ANGELES","LOS ANGELES",-118.33100128173828,34.092529296875
8815359,2019,2019-05-07,1942,2019-02-11,1830,43630,1767,1,5,7,1942,0,0,0,Q,0,17A67,WILBUR,PLUMMER,0.00,,Y,A,-,N,,,,,,,,,,Y,3,0,3,2,A,-,09,21801,A,N,A,C,A,A,H,-,C,A,0,,,,,Y,Y,A,01,0,1,2,0,0,0,0,0,0,"- ","- ",,,"LOS ANGELES","LOS ANGELES",-118.54483032226562,34.242729187011719
8816038,2019,2019-04-18,1942,2019-02-21,2116,40065,1526,4,5,7,1942,0,0,0,O,0,15A27,"HAMLIN ST","LANKERSHIM BL",0.00,,Y,A,-,N,,,,,,,,,,Y,3,0,2,2,A,-,01,23152,A,F,B,E,A,A,H,-,C,D,0,,,,,Y,Y,A,01,0,1,1,0,0,0,0,0,0,"- ","- ",,,"LOS ANGELES","LOS ANGELES",-118.38778686523438,34.188758850097656
8816050,2019,2019-03-26,1942,2019-02-23,2020,41274,1995,6,5,7,1942,0,0,0,,0,19A93,"VAN NUYS BL","ARMINTA ST",0.00,,Y,A,-,N,,,,,,,,,,Y,4,0,2,2,A,-,01,23152,A,N,C,C,A,A,H,-,C,A,0,,,,,Y,Y,A,01,0,0,2,0,0,0,0,0,0,"- ","- ",,,"LOS ANGELES","LOS ANGELES",-118.44925689697266,34.213409423828125
8816678,2019,2019-03-13,1942,2019-01-21,1740,42970,1469,1,5,7,1942,0,0,0,N,0,14A49,"CENTINELA AV","LA TIJERA BL",417.00,W,N,A,-,N,,,,,,,,,,N,4,0,2,2,A,-,08,22107,,N,B,C,A,A,H,-,A,D,0,,,,,Y,Y,A,01,0,0,2,0,0,0,0,0,0,"- ","- ",,,"LOS ANGELES","LOS ANGELES",-118.37319946289062,33.977237701416016
8817304,2019,2019-03-14,1942,2019-02-11,0015,42836,1566,1,5,7,1942,0,0,0,O,0,15A67,"RIVERSIDE DR","VINELAND AV",0.00,,Y,A,-,N,,,,,,,,,,Y,3,0,1,2,A,-,12,21453,A,N,D,C,A,A,H,-,C,A,0,,,,,Y,Y,A,01,0,1,0,0,0,0,0,0,0,"- ","- ",,,"LOS ANGELES","LOS ANGELES",-118.37033081054688,34.152408599853516
8819466,2018,2019-03-21,1942,2018-12-20,1735,43005,1864,4,5,7,1942,0,0,0,R,0,18A44,"MAIN ST","IMPERIAL HWY",0.00,,N,A,-,N,,,,,,,,,,N,4,0,2,2,A,-,03,22350,,F,C,C,A,A,H,-,C,A,0,,,,,Y,Y,-,99,0,0,2,0,0,0,0,0,0,"- ","- ",,,"LOS ANGELES","LOS ANGELES",-118.41596984863281,33.931461334228516
8820417,2019,2019-05-07,1942,2019-03-01,2220,43044,0374,5,5,7,1942,0,0,0,C,0,3A15,"ARLINGTON AV","RODEO RD",0.00,,Y,B,-,N,,,,,,,,,,N,4,0,3,2,A,-,09,21801,A,N,A,C,A,A,H,-,C,-,0,,,,,Y,Y,-,,0,0,3,0,0,0,0,0,0,"- ","- ",,,"LOS ANGELES","LOS ANGELES",-118.31819152832031,34.018268585205078
8821424,2019,2019-03-21,1942,2019-02-19,0210,39222,1516,2,5,7,1942,0,0,0,O,0,15A27,"KITTRIDGE ST","LEMP AV",0.00,,Y,A,-,N,,,,,,,,,,N,3,0,1,3,A,-,01,23152,A,M,D,E,A,A,H,-,C,D,0,,,,,Y,Y,A,01,0,1,0,0,0,0,0,0,0,"- ","- ",,,"LOS ANGELES","LOS ANGELES",-118.38450622558594,34.190311431884766
8821590,2019,2019-03-25,1942,2019-02-28,0730,37505,0275,4,5,7,1942,0,0,0,B,0,2A75,"OLYMPIC BL","BURLINGTON AV",96.00,W,N,A,-,N,,,,,,,,,,Y,3,0,2,2,A,-,03,22350,,N,C,C,A,A,H,-,A,A,0,,,,,Y,Y,A,07,0,1,1,0,0,0,0,0,0,"- ","- ",,,"LOS ANGELES","LOS ANGELES",-118.27682495117188,34.050357818603516
8824029,2018,2019-03-25,1924,2018-03-02,2225,115299,G19,5,5,5,1924,0,0,0,,0,0G2,"VERMONT AV","CARNELIAN PLACE",261.00,N,N,A,-,N,,,,,,,,,,Y,4,0,1,2,A,-,01,23152,A,N,A,C,A,B,H,-,C,D,0,,,,,Y,Y,A,01,0,0,1,0,0,0,0,0,0,"- ","- ",33.904720306396484,-118.291748046875,"LOS ANGELES",GARDENA,-118.29193878173828,33.905605316162109
8825387,2019,2019-03-27,1942,2019-03-02,0640,40404,1273,6,5,7,1942,0,0,0,L,0,12A73,"W MANCHESTER AV","HALLDALE AV",10.00,W,N,C,-,N,,,,,,,,,,Y,3,0,1,1,A,-,01,23152,A,N,E,I,A,B,H,-,A,A,0,,,,,Y,Y,A,01,0,1,0,0,0,0,0,0,0,"- ","- ",,,"LOS ANGELES","LOS ANGELES",-118.30252075195312,33.959999084472656
8828477,2019,2019-04-08,1941,2019-03-18,0352,11018,,1,5,7,1941,0,0,0,,0,,"6TH ST","ALMOND AV",12.00,W,N,A,-,N,,,,,,,,,,N,2,0,1,2,D,-,00,,,N,G,B,E,A,H,-,C,D,0,Y,,,,Y,Y,-,"- ",1,0,0,0,1,0,0,0,0,"- ","- ",,,"LOS ANGELES","LONG BEACH",-118.17476654052734,33.774158477783203
8830387,2019,2019-03-28,1942,2019-02-11,1945,40325,1361,1,5,7,1942,0,0,0,M,0,13A61,BROADWAY,"VERNON AV",0.00,,Y,A,-,N,,,,,,,,,,N,4,0,1,2,A,-,09,21801,A,N,D,C,A,A,H,-,C,A,0,,,,,Y,Y,A,01,0,0,1,0,0,0,0,0,0,"- ","- ",,,"LOS ANGELES","LOS ANGELES",-118.27837371826172,34.003799438476562
8832560,2019,2019-04-04,1976,2019-03-20,1654,266,,3,5,5,1976,0,0,0,,0,,"JANINE DR","BOGARDUS AV",192.00,W,N,B,-,N,,,,,,,,,,Y,3,0,1,1,A,-,01,23152,A,N,E,I,A,A,H,-,A,D,0,,,,,Y,Y,A,01,0,1,0,0,0,0,0,0,0,"- ","- ",,,"LOS ANGELES",WHITTIER,-117.98531341552734,33.946475982666016
8833128,2018,2019-04-12,1924,2018-03-25,1438,112953,G21,7,5,5,1924,0,0,0,,0,8L3D,"MARINE AV","DUBLIN AV",0.00,,Y,A,-,N,,,,,,,,,,Y,3,0,3,2,A,-,09,21801,A,N,A,C,A,A,H,-,A,D,0,,,,,Y,Y,A,01,0,2,1,0,0,0,0,0,0,"- ","- ",33.894668579101562,-118.32216644287109,"LOS ANGELES",GARDENA,-118.32219696044922,33.894660949707031
8833156,2019,2019-04-12,1942,2019-03-25,0810,43746,0583,1,5,7,1942,0,0,0,E,0,5A85,"25TH ST","CONSTILATION WY",65.00,,N,A,-,N,,,,,,,,,,N,4,0,1,2,A,-,03,22350,,N,C,C,A,A,H,-,A,D,0,,,,,Y,Y,A,01,0,0,1,0,0,0,0,0,0,"- ","- ",,,"LOS ANGELES","LOS ANGELES",-118.30911254882812,33.721591949462891
8835535,2019,2019-04-12,1900,2019-03-25,1645,606079,2607,1,5,6,1950,0,0,0,,0,264T1,"47TH ST EAST","FORT TEJON RD",250.00,S,N,A,-,N,,,138,,,,,,,Y,4,0,1,2,A,-,01,23140,A,N,C,C,A,A,H,-,A,A,0,,,,,Y,Y,A,01,0,0,1,0,0,0,0,0,0,"- ","- ",34.552738189697266,-118.04534149169922,"LOS ANGELES",PALMDALE,-118.04465484619141,34.553295135498047
8838729,2019,2019-04-11,1942,2019-03-22,0130,40689,0111,5,5,7,1942,0,0,0,A,0,1A1,"HILL ST","COLLEGE ST",480.00,N,N,B,-,N,,,,,,,,,,Y,3,0,1,3,A,-,01,23152,A,N,C,E,F,A,H,-,C,D,0,Y,,,,Y,Y,A,01,0,1,0,0,1,0,0,0,0,"- ","- ",,,"LOS ANGELES","LOS ANGELES",-118.23811340332031,34.065647125244141
8843550,2019,2019-05-09,1942,2019-04-20,2001,43259,2038,6,5,7,1942,0,0,0,,0,20A88,"VERMONT AV","WILSHIRE BL",0.00,,Y,A,-,N,,,,,,,,,,N,4,0,1,2,A,-,10,21950,A,F,G,B,B,A,H,-,C,A,0,Y,,,,Y,Y,-,99,0,0,1,0,1,0,0,0,0,"- ","- ",,,"LOS ANGELES","LOS ANGELES",-118.29167938232422,34.061801910400391
8843678,2018,2019-05-25,1942,2018-11-08,1100,42290,1371,4,5,7,1942,0,0,0,M,0,13A27,BROADWAY,"54TH ST",250.00,N,N,A,-,N,,,,,,,,,,Y,4,0,1,1,A,-,01,23152,B,N,E,J,A,A,H,-,A,D,0,,,,,Y,Y,A,01,0,0,1,0,0,0,0,0,0,"- ","- ",,,"LOS ANGELES","LOS ANGELES",-118.27833099999999,33.993986999999997
8847257,2018,2019-05-14,1924,2018-04-09,0007,114642,33,1,5,5,1924,0,0,0,,0,8T3,"REDONDO BEACH BL","WESTERN AV",394.00,E,N,A,-,N,,,,,,,,,,Y,4,0,1,2,A,-,01,23152,A,N,D,C,A,A,H,-,C,D,0,,,,,Y,Y,A,01,0,0,1,0,0,0,0,0,0,"- ","- ",33.888519287109375,-118.30914306640625,"LOS ANGELES",GARDENA,-118.30796051025391,33.888900756835938
8847383,2019,2019-05-17,1900,2019-04-27,1609,637499,1135,6,5,6,1992,0,0,0,,0,112T1,"AVE I","20TH ST EAST",839.00,E,N,A,-,N,,,,,,,,,,N,4,0,1,2,A,-,05,21202,A,N,B,G,A,A,H,-,A,D,0,,Y,,,Y,Y,L,04,0,0,1,0,0,0,1,0,0,"- ","- ",,,"LOS ANGELES",LANCASTER,-118.09209442138672,34.704277038574219
8849121,2019,2019-05-02,1924,2019-04-11,1945,80431,48,4,5,5,1924,0,0,0,,0,8T3,"VERMONT AV","GARDENA BL",248.00,S,N,A,-,N,,,,,,,,,,Y,4,0,1,2,A,-,01,23152,A,N,C,E,A,A,H,-,C,D,0,,,,,Y,Y,A,07,0,0,1,0,0,0,0,0,0,"- ","- ",33.892478942871094,-118.29727935791016,"LOS ANGELES",GARDENA,-118.29128265380859,33.880908966064453
8850656,2018,2019-04-30,1942,2018-08-25,1733,42700,1256,6,5,7,1942,0,0,0,L,0,12A46W,"FLORENCE AV","BONSALLO AV",12.00,W,N,A,-,N,,,,,,,,,,Y,4,0,5,3,A,-,01,23152,F,N,C,C,A,A,H,-,A,A,0,,,,,Y,Y,A,01,0,0,5,0,0,0,0,0,0,"- ","- ",,,"LOS ANGELES","LOS ANGELES",-118.28601837158203,33.974651336669922
8855336,2019,2019-05-10,1942,2019-04-14,0015,25907,0926,7,5,7,1942,0,0,0,I,0,21TL65,"VICTORY BL","CALHOUN AV",200.00,E,N,A,-,N,,,,,,,,,,Y,3,0,1,4,A,-,01,23152,,N,B,E,A,A,H,-,C,A,0,,,,,Y,Y,-,,0,1,0,0,0,0,0,0,0,"- ","- ",,,"LOS ANGELES","LOS ANGELES",-118.44149780273438,34.186664581298828
8855576,2019,2019-05-16,1942,2019-04-28,2035,40388,0911,7,5,7,1942,0,0,0,I,0,9A23,"SEPULVEDA BL","GAULT ST",10.00,N,N,A,-,N,,,,,,,,,,N,4,0,1,2,A,-,09,21801,A,N,D,C,A,A,H,-,C,A,0,,,,,Y,Y,A,01,0,0,1,0,0,0,0,0,0,"- ","- ",,,"LOS ANGELES","LOS ANGELES",-118.46620178222656,34.199356079101562
8855621,2019,2019-05-23,1942,2019-05-02,2320,40065,1017,4,5,7,1942,0,0,0,J,0,,"SATICOY ST","WHITE OAK AV",465.00,W,N,A,-,N,,,,,,,,,,N,4,0,1,2,A,-,01,23152,A,N,D,C,A,A,H,-,C,D,0,,,Y,,Y,Y,D,22,0,0,1,0,0,0,0,0,1,"- ","- ",,,"LOS ANGELES","LOS ANGELES",-118.52013397216797,34.208404541015625
8856347,2019,2019-05-20,1942,2019-05-05,0050,43719,2034,7,5,7,1942,0,0,0,,0,20A13,"W 8TH ST","IROLO ST",0.00,,Y,A,-,N,,,,,,,,,,N,3,0,1,2,A,-,11,21456,B,N,G,B,B,A,H,-,C,A,0,Y,,,,Y,Y,N,60,0,1,0,0,1,0,0,0,0,"- ","- ",,,"LOS ANGELES","LOS ANGELES",-118.3009033203125,34.057731628417969
8856398,2019,2019-05-17,1942,2019-04-28,1135,33458,1545,7,5,7,1942,0,0,0,O,0,15A43,"BURBANK BL","LAUREL CANYON BL",0.00,,Y,A,-,N,,,,,,,,,,N,3,0,2,2,A,-,09,21801,A,N,A,C,A,A,H,-,A,A,0,,,,,Y,Y,A,08,0,1,1,0,0,0,0,0,0,"- ","- ",,,"LOS ANGELES","LOS ANGELES",-118.39650726318359,34.172130584716797
8856554,2019,2019-05-14,1942,2019-03-12,2040,39062,1323,2,5,7,1942,0,0,0,M,0,13A13,"E 22ND ST","S SAN PEDRO ST",0.00,,Y,A,-,N,,,,,,,,,,N,2,0,1,2,A,-,11,21950,B,N,G,B,B,A,H,-,C,A,0,Y,,,,Y,Y,N,60,1,0,0,0,1,0,0,0,0,"- ","- ",,,"LOS ANGELES","LOS ANGELES",-118.25919342041016,34.024898529052734
8856888,2019,2019-05-10,1948,2019-02-11,0238,448,1948,1,5,5,1948,0,0,0,,0,001,"FREMONT AV","MONTEREY PASS RD",36.00,W,N,A,-,N,,,,,,,,,,Y,3,0,1,1,A,-,01,23152,A,N,A,I,A,A,H,-,C,A,0,,,,,Y,Y,-,,0,1,0,0,0,0,0,0,0,"- ","- ",,,"LOS ANGELES","MONTEREY PARK",-118.14472961425781,34.058605194091797