CASE_ID,ACCIDENT_YEAR,PROC_DATE,JURIS,COLLISION_DATE,COLLISION_TIME,OFFICER_ID,REPORTING_DISTRICT,DAY_OF_WEEK,CHP_SHIFT,POPULATION,CNTY_CITY_LOC,SPECIAL_COND,BEAT_TYPE,CHP_BEAT_TYPE,CITY_DIVISION_LAPD,CHP_BEAT_CLASS,BEAT_NUMBER,PRIMARY_RD,SECONDARY_RD,DISTANCE,DIRECTION,INTERSECTION,WEATHER_1,WEATHER_2,STATE_HWY_IND,CALTRANS_COUNTY,CALTRANS_DISTRICT,STATE_ROUTE,ROUTE_SUFFIX,POSTMILE_PREFIX,POSTMILE,LOCATION_TYPE,RAMP_INTERSECTION,SIDE_OF_HWY,TOW_AWAY,COLLISION_SEVERITY,NUMBER_KILLED,NUMBER_INJURED,PARTY_COUNT,PRIMARY_COLL_FACTOR,PCF_CODE_OF_VIOL,PCF_VIOL_CATEGORY,PCF_VIOLATION,PCF_VIOL_SUBSECTION,HIT_AND_RUN,TYPE_OF_COLLISION,MVIW,PED_ACTION,ROAD_SURFACE,ROAD_COND_1,ROAD_COND_2,LIGHTING,CONTROL_DEVICE,CHP_ROAD_TYPE,PEDESTRIAN_ACCIDENT,BICYCLE_ACCIDENT,MOTORCYCLE_ACCIDENT,TRUCK_ACCIDENT,NOT_PRIVATE_PROPERTY,ALCOHOL_INVOLVED,STWD_VEHTYPE_AT_FAULT,CHP_VEHTYPE_AT_FAULT,COUNT_SEVERE_INJ,COUNT_VISIBLE_INJ,COUNT_COMPLAINT_PAIN,COUNT_PED_KILLED,COUNT_PED_INJURED,COUNT_BICYCLIST_KILLED,COUNT_BICYCLIST_INJURED,COUNT_MC_KILLED,COUNT_MC_INJURED,PRIMARY_RAMP,SECONDARY_RAMP,LATITUDE,LONGITUDE,COUNTY,CITY,POINT_X,POINT_Y
90097007,2016,2016-01-18,9590,2016-01-16,2310,021124,,6,3,7,1942,0,1,1,,2,065,"I-10 W/B (SANTA MONICA FREEWAY)","LOS ANGELES ST. U/C",200.00,E,N,A,-,Y,,,10,,,,,,W,Y,3,0,4,2,A,-,01,23152,A,N,C,C,A,A,H,-,C,D,0,,,Y,,Y,Y,C,02,0,1,3,0,0,0,0,0,1,"- ","- ",34.031610000000001,-118.26089,"LOS ANGELES","LOS ANGELES",-118.26089297,34.031600300000001
90097214,2015,2016-01-18,9590,2015-11-19,1904,020663,,4,2,7,1942,0,1,1,,2,081,"I-5 S/B (GOLDEN STATE FREEWAY)","CESAR CHAVEZ AVENUE",20.00,S,N,A,-,Y,,,5,,,,,,S,Y,3,0,1,2,A,-,01,23152,A,N,C,C,A,A,H,-,D,D,0,,,,,Y,Y,A,01,0,1,0,0,0,0,0,0,0,"- ","- ",34.049289999999999,-118.21422,"LOS ANGELES","LOS ANGELES",-118.21425137,34.049295549999997
90099429,2015,2016-01-21,9525,2015-11-26,0155,020869,,4,3,6,1955,0,1,3,,2,605,"SR-60 WB TO PHILLIPS RANCH ROAD","PHILLIPS RANCH ROAD",1056.00,E,N,A,-,Y,,,60,,,,R,,W,Y,3,0,1,1,A,-,01,23152,A,N,F,I,A,A,H,-,D,D,0,,,Y,,Y,Y,C,02,0,1,0,0,0,0,0,0,1,"- ","- ",34.024389999999997,-117.76909000000001,"LOS ANGELES",POMONA,-117.76909000000001,34.024389999999997
90099651,2016,2016-01-21,9550,2016-01-12,0115,021123,,2,3,6,1920,0,1,1,,2,150,"I-105 (CENTURY FREEWAY)","LAKEWOOD BLVD.",3700.00,E,N,A,-,Y,,,105,,,,,,,Y,2,0,2,3,A,-,01,23152,A,N,C,C,A,A,H,-,D,D,0,,,,Y,Y,Y,A,01,2,0,0,0,0,0,0,0,0,"- ","- ",33.913229999999999,-118.12799,"LOS ANGELES",DOWNEY,-118.12799013,33.913274059999999
90102198,2015,2016-01-26,9525,2015-12-02,0005,020611,,3,3,4,1960,0,1,3,,2,572,"SR-57 N/B (ORANGE FREEWAY)","VIA VERDE AVE",1000.00,S,N,A,-,Y,,,57,,,,,,N,Y,4,0,1,2,A,-,01,23152,A,N,C,C,A,A,H,-,C,D,0,,,,Y,Y,Y,D,22,0,0,1,0,0,0,0,0,0,"- ","- ",34.074590000000001,-117.8105,"LOS ANGELES","SAN DIMAS",-117.81054616999999,34.074549750000003
90103147,2016,2016-01-26,9565,2016-01-24,0313,020653,,7,3,7,1942,0,3,5,,2,002,"103RD ST","WESTERN AVE",0.00,,Y,A,-,N,,,,,,,,,,Y,2,0,2,2,A,-,01,23152,A,N,D,C,A,A,H,-,C,D,0,,,,,Y,Y,A,01,2,0,0,0,0,0,0,0,0,"- ","- ",33.943190000000001,-118.30901,"LOS ANGELES","LOS ANGELES",-118.30903008,33.943190059999999
90111515,2016,2016-02-09,9550,2016-02-06,1825,021110,,6,2,9,1900,0,3,5,,2,002,"REIS STREET","BLUFORD AVENUE",114.00,W,N,A,-,N,,,,,,,,,,Y,3,0,1,1,A,-,01,23152,A,N,E,I,A,A,H,-,A,D,0,,,,,Y,Y,A,01,0,1,0,0,0,0,0,0,0,"- ","- ",33.950940000000003,-118.05054,"LOS ANGELES",UNINCORPORATED,-118.05058054,33.95094769
90121345,2016,2016-02-23,9580,2016-02-14,1850,020153,,7,2,9,1900,0,1,3,,1,121,"SR-1 S/B (PACIFIC COAST HWY.)","MULHOLLAND HWY",2066.00,S,N,A,-,Y,,,1,,,,,,S,Y,3,0,2,2,A,-,01,23152,A,N,B,E,A,A,H,-,D,D,0,,,,,Y,Y,A,01,0,1,1,0,0,0,0,0,0,"- ","- ",34.046959999999999,-118.92791,"LOS ANGELES",UNINCORPORATED,-118.9279114,34.047004029999997
90125323,2016,2016-02-29,9580,2016-02-07,0402,020836,,7,3,7,1942,0,1,2,,2,105,"US-101 S/B (VENTURA FREEWAY)","RESEDA BLVD",528.00,N,N,A,-,Y,,,101,,,,,,S,Y,4,0,1,2,A,-,01,23152,A,N,C,C,A,A,H,-,D,D,0,,,,,Y,Y,A,01,0,0,1,0,0,0,0,0,0,"- ","- ",34.173279999999998,-118.54204,"LOS ANGELES","LOS ANGELES",-118.54204000999999,34.173279620000002
90126225,2016,2016-03-01,9550,2016-02-20,0105,021042,,6,3,9,1900,0,3,5,,2,004,"WEDGEWORTH DRIVE","FOREST GLEN DRIVE",188.00,W,N,A,-,N,,,,,,,,,,Y,4,0,1,2,A,-,01,23152,A,N,A,E,A,A,H,-,C,D,0,,,,,Y,Y,A,01,0,0,1,0,0,0,0,0,0,"- ","- ",33.997999999999998,-117.94278,"LOS ANGELES",UNINCORPORATED,-117.94264966999999,33.997992770000003
90131755,2016,2016-03-08,9550,2016-02-28,0150,020959,,7,3,5,1919,0,1,1,,2,652,"INTERSTATE 605 S/B","STATE ROUTE 91 E/B (ARTESIA FREEWAY)",150.00,S,N,A,-,Y,,,605,,,,,,S,Y,3,0,2,2,A,-,03,22350,,N,D,C,A,A,H,-,C,D,0,,,,,Y,Y,A,01,0,2,0,0,0,0,0,0,0,"- ","- ",33.87576,-118.10235,"LOS ANGELES",CERRITOS,-118.10241237,33.875737180000002
90139245,2016,2016-03-18,9540,2016-03-15,2200,020055,,2,3,9,1900,0,2,4,,2,072,"LAKE HUGHES RD","RIDGE ROUTE RD",15840.00,E,N,A,-,N,,,,,,,,,,Y,2,0,1,1,A,-,01,23152,A,N,E,I,A,A,H,-,D,D,0,,,,,Y,Y,D,22,1,0,0,0,0,0,0,0,0,"- ","- ",34.516829999999999,-118.58208,"LOS ANGELES",UNINCORPORATED,-118.58150607,34.517121199999998
90139956,2016,2016-03-21,9590,2016-02-04,2319,021040,,4,3,7,1942,0,1,1,,2,010,"SR-110 N/B (ARROYO SECO PARKWAY)","AVE. 60",400.00,S,N,A,-,Y,,,,,,,,,,Y,4,0,1,3,A,-,03,22350,,N,C,C,A,A,H,-,D,D,0,,,,,Y,Y,A,01,0,0,1,0,0,0,0,0,0,"- ","- ",34.10698,-118.18541,"LOS ANGELES","LOS ANGELES",-118.18697950000001,34.106857939999998
90140475,2016,2016-03-21,9530,2016-03-19,1600,017860,,6,2,7,1941,0,1,1,,2,420,"NB 405 TO SB 710",I-710,289.00,N,N,A,-,Y,,,,,,,,,,Y,3,0,1,1,A,-,01,23152,A,N,E,I,A,A,H,-,A,D,0,,,,,Y,Y,A,07,0,1,0,0,0,0,0,0,0,"- ","- ",33.827509999999997,-118.20911,"LOS ANGELES","LONG BEACH",-118.20759,33.826569999999997
90141532,2016,2016-03-22,9535,2016-03-04,2221,020416,,5,3,9,1900,0,3,5,,2,001,"MEDNIK AVE","1ST STREET",0.00,,Y,A,-,N,,,,,,,,,,Y,3,0,4,2,A,-,01,23152,A,N,D,C,A,A,H,-,C,A,0,,,,,Y,Y,D,22,0,2,2,0,0,0,0,0,0,"- ","- ",34.213419999999999,-118.94265,"LOS ANGELES",UNINCORPORATED,-118.16186006,34.037040040000001
90141588,2016,2016-03-22,9545,2016-03-12,2030,019295,,6,2,9,1900,0,3,5,,2,004,"AVENUE O","90TH ST E",0.00,,Y,A,-,N,,,,,,,,,,Y,4,0,1,1,A,-,01,23152,A,N,E,I,A,A,H,-,C,A,0,,,,,Y,Y,A,07,0,0,1,0,0,0,0,0,0,"- ","- ",34.616799999999998,-117.96973,"LOS ANGELES",UNINCORPORATED,-117.96955014,34.616660029999998
90141637,2016,2016-03-22,9535,2016-01-31,0405,020814,,7,3,5,1952,0,1,1,,2,104,"I-105 E/B (CENTURY FREEWAY)",I-710,1500.00,E,N,A,-,Y,,,105,,,,,,E,Y,2,0,2,1,A,-,08,22107,,N,E,I,A,A,H,-,C,D,0,,,,,Y,Y,A,07,1,0,1,0,0,0,0,0,0,"- ","- ",33.911050000000003,-118.17435999999999,"LOS ANGELES",PARAMOUNT,-118.17435722,33.911079430000001
90149566,2016,2016-04-04,9575,2016-03-10,1741,021144,,4,2,7,1942,0,1,1,,2,060,"I-210 E/B (FOOTHILL FREEWAY)","TERRA BELLA ST",200.00,E,N,B,-,Y,,,210,,,,,,E,Y,3,0,1,2,A,-,01,23152,A,N,F,I,A,A,H,-,B,D,0,,,,,Y,Y,A,01,0,1,0,0,0,0,0,0,0,"- ","- ",34.277079999999998,-118.38943999999999,"LOS ANGELES","LOS ANGELES",-118.38944234,34.277068579999998
90150069,2016,2016-04-04,9590,2016-03-20,0320,021072,,7,3,7,1942,0,1,1,,2,083,"I-5 S/B (GOLDEN STATE FREEWAY)","MISSION ROAD",800.00,N,N,A,-,Y,,,5,,,,,,S,Y,3,0,2,2,A,-,01,23152,A,N,C,C,A,A,H,-,C,D,0,,,,,Y,Y,A,01,0,1,1,0,0,0,0,0,0,"- ","- ",34.062179999999998,-118.21572999999999,"LOS ANGELES","LOS ANGELES",-118.21575147,34.062172449999998
90151993,2016,2016-04-06,9530,2016-02-29,1250,018385,,1,1,9,1900,0,3,5,,2,003,"ATLANTIC AVE.","ROSECRANS AVE.",200.00,S,N,A,-,N,,,,,,,,,,N,3,0,1,2,A,-,11,21954,A,N,G,B,D,A,H,-,A,D,0,Y,,,,Y,Y,N,60,0,1,0,0,1,0,0,0,0,"- ","- ",33.902380000000001,-118.19517,"LOS ANGELES",UNINCORPORATED,-118.19390349,33.903022380000003
9015313,2019,2020-02-20,1920,2019-12-17,1147,12605,DOWN,2,5,6,1920,0,0,0,,0,004,"LAKEWOOD BL","LUBEC ST",100.00,S,N,A,-,N,,,,,,,,,,Y,4,0,1,2,A,-,01,23152,G,N,C,C,A,A,H,-,A,D,0,,,,,Y,Y,A,01,0,0,1,0,0,0,0,0,0,"- ","- ",,,"LOS ANGELES",DOWNEY,-118.11546325683594,33.950637817382812
90157642,2016,2016-04-14,9590,2016-03-06,0225,021179,,7,3,7,1942,0,1,2,,2,071,"US-101 S/B (SANTA ANA FREEWAY)","CESAR CHAVEZ AVE.",50.00,N,N,C,-,Y,,,,,,,,,,Y,3,0,1,1,A,-,01,23152,A,N,E,I,A,B,H,-,C,D,0,,,,,Y,Y,A,01,0,1,0,0,0,0,0,0,0,"- ","- ",34.05294,-118.22322,"LOS ANGELES","LOS ANGELES",,
90159298,2016,2016-04-18,9540,2016-04-01,0001,021214,,5,3,9,1900,0,1,1,,2,510,"I-5 N/B (GOLDEN STATE FREEWAY)","VISTA DEL LAGO RD.",10032.00,S,N,A,-,Y,,,5,,,,,,N,Y,3,0,1,1,A,-,01,23152,A,N,E,I,A,A,H,-,D,D,0,,,,,Y,Y,A,01,0,1,0,0,0,0,0,0,0,"- ","- ",34.640810000000002,-118.74878,"LOS ANGELES",UNINCORPORATED,-118.74885543000001,34.64073664
90160573,2016,2016-04-19,9590,2016-02-28,0150,020348,,7,3,7,1942,0,1,1,,2,010,"SR-110 NB (ARROYO SECO PARKWAY)","STADIUM WAY O/C",300.00,N,N,A,-,Y,,,110,,,,,,N,Y,4,0,1,2,A,-,01,23152,A,N,B,C,A,A,H,-,C,D,0,,,,,Y,Y,A,01,0,0,1,0,0,0,0,0,0,"- ","- ",34.072400000000002,-118.2346,"LOS ANGELES","LOS ANGELES",-118.2345583,34.072372199999997
90161004,2016,2016-04-19,9565,2016-04-10,0140,020480,,7,3,5,1965,0,1,S,,2,001,"SR-1 N/B (PACIFIC COAST HWY)","MAIN STREET",300.00,W,N,B,-,Y,,,1,,,,,,N,Y,3,0,1,1,A,-,01,23152,A,N,E,I,A,A,H,-,C,D,0,,,,,Y,Y,A,07,0,1,0,0,0,0,0,0,0,"- ","- ",34.012270000000001,-118.49366000000001,"LOS ANGELES","SANTA MONICA",-118.49344623,34.011929160000001
90166851,2016,2016-05-19,9580,2016-04-16,1720,020153,,6,2,9,1900,0,2,4,,1,128,"KANAN RD","MULHOLLAND HWY",0.00,,Y,A,-,Y,,,,,,,,,,Y,3,0,3,2,A,-,01,23152,A,N,D,C,A,A,H,-,A,D,0,,,,,Y,Y,A,01,0,3,0,0,0,0,0,0,0,"- ","- ",34.057830000000003,-118.48761,"LOS ANGELES",UNINCORPORATED,,
90167724,2016,2016-04-28,9530,2016-04-19,0230,020714,,2,3,7,1941,0,1,1,,2,071,"I-710 S/B (LONG BEACH FREEWAY)","DEL AMO BLVD.",400.00,S,N,A,-,Y,,,,,,,,,,Y,3,0,1,1,A,-,01,23152,A,N,E,I,A,A,H,-,D,D,0,,,,,Y,Y,A,01,0,1,0,0,0,0,0,0,0,"- ","- ",33.836979999999997,-118.21305,"LOS ANGELES","LONG BEACH",-118.20579662999999,33.845483479999999
90174322,2016,2016-05-06,9540,2016-04-30,0703,019254,,6,1,9,1900,0,1,3,,2,146,"SR-14 N/B (ANTELOPE VALLEY FREEWAY)","ESCONDIDO CANYON ROAD",6336.00,N,N,A,-,Y,,,14,,,,,,N,Y,4,0,1,2,A,-,01,23152,A,M,C,C,A,A,H,-,A,D,0,,,,Y,Y,Y,-,99,0,0,1,0,0,0,0,0,0,"- ","- ",34.497480000000003,-118.2664,"LOS ANGELES",UNINCORPORATED,-118.26641601,34.49758971
9017751,2019,2020-02-11,1942,2019-12-18,2150,43890,328,3,5,7,1942,0,0,0,,0,3A19,"S FIGUEROA ST","28TH ST",150.00,N,N,A,-,N,,,,,,,,,,N,4,0,1,2,B,-,22,,,N,-,B,-,A,H,-,C,A,0,Y,,,,Y,Y,-,"- ",0,0,1,0,1,0,0,0,0,"- ","- ",,,"LOS ANGELES","LOS ANGELES",-118.27712249755859,34.026451110839844
90177861,2016,2016-05-12,9545,2016-05-05,1648,015589,,4,2,9,1900,0,1,3,,1,012,SR-138,"90TH ST  W",0.00,,Y,A,-,Y,,,138,,,,,,,Y,2,0,1,2,A,-,01,23152,A,N,D,C,A,A,H,-,A,A,0,,,,Y,Y,Y,A,01,1,0,0,0,0,0,0,0,0,"- ","- ",34.776440000000001,-118.29009000000001,"LOS ANGELES",UNINCORPORATED,-118.29008998,34.776432190000001
9017880,2019,2020-02-10,1942,2019-12-31,2005,42364,0329,2,5,7,1942,0,0,0,C,0,3A57,"S FIGUEROA ST","W JEFFERSON BL",0.00,,Y,A,-,N,,,,,,,,,,N,3,0,1,2,A,-,12,21453,A,N,H,G,A,A,H,-,C,A,0,,Y,,,Y,Y,L,04,0,1,0,0,0,0,1,0,0,"- ","- ",,,"LOS ANGELES","LOS ANGELES",-118.27999877929688,34.021949768066406
90186611,2016,2016-05-25,9590,2016-05-03,2308,020527,,2,3,7,1942,0,1,1,,2,010,"SR-110 N/B (ARROYO SECO PARKWAY)","TUNNEL #2",50.00,N,N,A,-,Y,,,110,,,,,,N,Y,4,0,2,2,A,-,01,23152,A,N,C,C,A,A,E,-,C,D,0,,,,,Y,Y,A,01,0,0,2,0,0,0,0,0,0,"- ","- ",34.076740000000001,-118.23018999999999,"LOS ANGELES","LOS ANGELES",-118.23017910999999,34.076727220000002
90187270,2016,2016-05-25,9550,2016-05-19,1445,015382,,4,2,9,1900,0,3,5,,2,002,"BROADWAY AVE.","CHADSEY DR.",354.00,W,N,A,-,N,,,,,,,,,,Y,2,0,2,1,A,-,01,23152,A,N,E,I,A,A,H,-,A,D,0,,,,,Y,Y,A,01,1,0,1,0,0,0,0,0,0,"- ","- ",33.934959999999997,-118.02018,"LOS ANGELES",UNINCORPORATED,-118.02020684999999,33.934911020000001
90192189,2016,2016-06-01,9530,2016-05-24,2353,020080,,2,3,7,1941,0,1,1,,2,072,"I-710 N/B (LONG BEACH FREEWAY)","WILLOW ST.",723.00,S,N,A,-,Y,,,710,,,,,,N,Y,3,0,1,1,A,-,01,23152,A,N,E,I,A,A,H,-,C,D,0,,,,,Y,Y,A,01,0,1,0,0,0,0,0,0,0,"- ","- ",33.802520000000001,-118.20711,"LOS ANGELES","LONG BEACH",-118.20722447,33.802504140000003
90195570,2016,2016-06-07,9540,2016-05-28,1820,020255,,6,2,7,1942,0,1,1,,2,210,"I-210 W/B TO I-5 N/B","FOOTHILL BLVD",600.00,W,N,A,-,Y,,,210,,,,R,,W,Y,3,0,1,1,A,-,01,23152,A,N,E,I,A,A,H,-,A,D,0,,,,,Y,Y,A,01,0,1,0,0,0,0,0,0,0,"- ","- ",34.317659999999997,-118.48688,"LOS ANGELES","LOS ANGELES",-118.48688,34.317659999999997
90199870,2016,2016-06-13,9590,2016-03-31,2220,020985,,4,3,7,1942,0,1,1,,2,013,"SR-110 S/B (ARROYO SECO PARKWAY)","YORK BLVD.",210.00,N,N,A,-,Y,,,110,,,,,,S,Y,4,0,2,2,A,-,01,23152,A,N,D,C,A,A,H,-,C,D,0,,,,,Y,Y,A,01,0,0,2,0,0,0,0,0,0,"- ","- ",34.11345,-118.17704999999999,"LOS ANGELES","LOS ANGELES",-118.17691458,34.113202180000002
90200229,2016,2016-06-13,9590,2016-05-27,2055,021040,,5,2,7,1942,0,1,1,,2,084,"I-5 N/B (GSF) TO LOS FELIZ BLVD.","LOS FELIZ BLVD.",58.00,S,N,A,-,Y,,,5,,,,R,,N,Y,4,0,1,2,A,-,01,23152,A,N,C,C,A,A,H,-,D,D,0,,,,,Y,Y,D,22,0,0,1,0,0,0,0,0,0,"- ","- ",34.120710000000003,-118.27056,"LOS ANGELES","LOS ANGELES",-118.27056,34.120710000000003
90201862,2016,2016-06-15,9580,2016-05-31,1525,021077,,2,2,7,1942,1,4,S,,2,901,"VANOWEN ST. W/B (14800 BLOCK)","KESTER AVE",68.00,E,N,A,-,N,,,,,,,,,,N,4,0,1,2,A,-,08,22107,,N,B,C,A,A,H,-,A,D,0,,,,,Y,Y,-,99,0,0,1,0,0,0,0,0,0,"- ","- ",34.194000000000003,-118.45706,"LOS ANGELES","LOS ANGELES",-118.45721553,34.193919999999999
90202502,2016,2016-06-23,9550,2016-06-14,1545,018854,,2,2,6,1949,0,1,1,,2,651,"I-605 N/B","FLORENCE AVENUE",1000.00,S,N,A,-,Y,,,605,,,,,,N,N,3,0,1,2,A,-,01,23152,A,N,C,C,A,A,H,-,A,D,0,,,Y,,Y,Y,A,01,0,1,0,0,0,0,0,0,1,"- ","- ",33.931989999999999,-118.10124,"LOS ANGELES",NORWALK,-118.10123265999999,33.931986199999997
90204456,2016,2016-06-20,9590,2016-04-09,0710,020773,,6,1,7,1942,0,1,1,,2,013,"SR-110 S/B (ARROYO SECO PARKWAY)","AVENUE 52",300.00,S,N,B,-,Y,,,110,,,,,,S,Y,3,0,1,1,A,-,01,23152,A,N,E,I,A,A,H,-,A,D,0,,,,,Y,Y,A,07,0,1,0,0,0,0,0,0,0,"- ","- ",34.10266,-118.19786000000001,"LOS ANGELES","LOS ANGELES",-118.1978823,34.102722409999998
90205085,2016,2017-03-07,9530,2016-06-17,0055,021004,,5,3,5,1977,0,1,1,,2,410,"I-405 N/B (SAN DIEGO FREEWAY)","CARSON ST.",1100.00,S,N,A,-,Y,,,,,,,,,,Y,4,0,2,2,A,-,01,23152,A,N,C,C,A,A,H,-,C,D,0,,,,,Y,Y,A,01,0,0,2,0,0,0,0,0,0,"- ","- ",33.492440000000002,-118.15956,"LOS ANGELES",CARSON,-118.25573,33.83164
90209749,2016,2016-06-27,9540,2016-06-17,1145,016130,,5,1,9,1900,0,1,1,,2,511,"I-5 S/B (GOLDEN STATE FREEWAY)","VISTA DEL LAGO",10560.00,S,N,A,-,Y,,,5,,,,,,S,Y,3,0,1,2,A,-,01,23152,A,N,C,C,A,A,H,-,A,D,0,,,,Y,Y,Y,D,22,0,1,0,0,0,0,0,0,0,"- ","- ",34.628140000000002,-118.72447,"LOS ANGELES",UNINCORPORATED,-118.72443448999999,34.62818249
9021521,2019,2020-01-15,1942,2019-11-22,0730,42535,0356,5,5,7,1942,0,0,0,C,0,3A63,"35TH ST",DENKER,20.00,W,N,A,-,N,,,,,,,,,,N,3,0,1,2,A,-,08,22107,,N,D,C,A,A,H,-,A,D,0,,,Y,,Y,Y,-,"- ",0,1,0,0,0,0,0,0,1,"- ","- ",,,"LOS ANGELES","LOS ANGELES",-118.30479431152344,34.024639129638672
90217169,2016,2016-07-26,9530,2016-06-27,0250,021030,,1,3,7,1941,0,1,1,,2,072,"I-405 N/B FROM I-710 S/B",I-710,1098.00,N,N,A,-,Y,,,405,,,,R,,N,Y,1,1,1,1,A,-,01,23152,A,N,E,I,A,A,H,-,C,D,0,,,,,Y,Y,A,01,1,0,0,0,0,0,0,0,0,"- ","- ",33.826599999999999,-118.2111,"LOS ANGELES","LONG BEACH",-118.2111,33.826599999999999
90217650,2016,2016-07-07,9535,2016-06-07,1540,019839,,2,2,9,1900,0,2,4,,2,024,"WHITTIER BLVD","FORD BLVD",0.00,,Y,A,-,N,,,,,,,,,,N,4,0,1,2,A,-,01,23152,A,N,G,B,B,A,H,-,A,A,0,Y,,,,Y,Y,A,01,0,0,1,0,1,0,0,0,0,"- ","- ",34.02328,-118.17101,"LOS ANGELES",UNINCORPORATED,-118.17105008999999,34.023320120000001
90220396,2016,2016-07-11,9565,2016-07-02,0540,020800,,6,3,7,1942,0,1,1,,2,063,"I-405 S/B (SAN DIEGO FWY)","SANTA MONICA BLVD",200.00,N,N,A,-,Y,,,405,,,,,,S,Y,4,0,1,2,A,-,01,23152,A,N,B,C,A,A,H,-,C,D,0,,,,,Y,Y,A,01,0,0,1,0,0,0,0,0,0,"- ","- ",34.049419999999998,-118.44849000000001,"LOS ANGELES","LOS ANGELES",-118.44863162999999,34.04933364
90221459,2016,2016-07-13,9590,2016-05-25,2233,018510,,3,3,7,1942,0,1,2,,2,073,"US-101 S/B (HOLLYWOOD FREEWAY)","BARHAM BLVD.",100.00,N,N,A,-,Y,,,101,,,,,,S,Y,3,0,2,3,A,-,01,23152,A,N,C,C,A,A,H,-,C,D,0,,,,,Y,Y,A,01,0,1,1,0,0,0,0,0,0,"- ","- ",34.128869999999999,-118.34717000000001,"LOS ANGELES","LOS ANGELES",-118.3472273,34.128811140000003
90223357,2016,2016-07-15,9525,2016-07-03,0440,021074,,7,3,5,1906,0,1,1,,2,104,"I-10 E/B (SAN BERNARDINO FWY)","BALDWIN PARK BLVD",1000.00,E,N,A,-,Y,,,10,,,,,,E,Y,3,0,1,1,A,-,01,23152,A,N,E,I,A,A,H,-,E,D,0,,,,,Y,Y,A,01,0,1,0,0,0,0,0,0,0,"- ","- ",34.068179999999998,-117.97723999999999,"LOS ANGELES","BALDWIN PARK",-117.97722336,34.06804941
90224963,2016,2016-08-08,9590,2016-07-16,0208,021236,,6,3,7,1942,0,1,2,,2,072,"US 101 N/B (HOLLYWOOD FREEWAY)","BARHAM BLVD",800.00,S,N,A,-,Y,,,,,,,,,,Y,3,0,2,3,A,-,01,23152,A,N,B,C,A,A,H,-,C,D,0,,,,,Y,Y,A,01,0,1,1,0,0,0,0,0,0,"- ","- ",34.127119999999998,-118.34517,"LOS ANGELES","LOS ANGELES",-118.34522717999999,34.127167180000001
90231025,2016,2016-07-27,9550,2016-07-20,0230,019293,,3,3,6,1949,0,1,1,,2,651,"INTERSTATE 605 N/B","FIRESTONE BOULEVARD",500.00,N,N,A,-,Y,,,,,,,,,,Y,3,0,1,2,A,-,01,23152,A,N,B,C,A,A,H,-,C,D,0,,,,Y,Y,Y,A,01,0,1,0,0,0,0,0,0,0,"- ","- ",,,"LOS ANGELES",NORWALK,-118.10370647000001,33.925936899999996
90233979,2016,2016-08-01,9535,2016-07-17,0230,021117,,7,3,4,1907,0,1,1,,2,072,"I-710 (LONG BEACH FREEWAY) N/B","ATLANTIC BLVD.",900.00,S,N,A,-,Y,,,710,,,,,,N,Y,3,0,2,1,A,-,03,22350,,N,E,I,A,A,H,-,D,D,0,,,,,Y,Y,A,07,0,2,0,0,0,0,0,0,0,"- ","- ",33.99512,-118.17688,"LOS ANGELES",BELL,-118.17675525,33.99514473
9024006,2019,2020-02-19,1942,2019-12-23,2315,40388,1954,1,5,7,1942,0,0,0,,0,19A43,"MEMORIAL PARK DR","MAYALL ST",40.00,S,N,B,-,N,,,,,,,,,,Y,3,0,1,5,A,-,01,23152,A,N,C,E,A,B,H,-,C,D,0,,,,,Y,Y,A,01,0,1,0,0,0,0,0,0,0,"- ","- ",,,"LOS ANGELES","LOS ANGELES",,
9024312,2019,2020-02-28,1942,2019-12-29,1711,39720,1984,7,5,7,1942,0,0,0,,0,19X84,"WILLIS AV","CHASE ST",569.00,S,N,A,-,N,,,,,,,,,,N,4,0,2,2,A,-,01,23152,A,F,B,C,A,A,H,-,C,D,0,,,,,Y,Y,A,01,0,0,2,0,0,0,0,0,0,"- ","- ",,,"LOS ANGELES","LOS ANGELES",-118.45530700683594,34.223159790039062
90244553,2016,2016-08-15,9535,2016-07-28,0039,021154,,4,3,6,1922,0,1,1,,2,401,"I-10 (SAN BERNARDINO FREEWAY) W/B","DURFEE AVE",700.00,E,N,A,-,Y,,,10,,,,,,W,Y,3,0,1,1,A,-,01,23152,A,M,E,I,A,A,H,-,D,D,0,,,,,Y,Y,A,01,0,1,0,0,0,0,0,0,0,"- ","- ",34.06429,-118.00861999999999,"LOS ANGELES","EL MONTE",-118.00862312,34.064137899999999
9024605,2019,2020-02-08,1942,2019-12-24,1946,43454,0853,2,5,7,1942,0,0,0,H,0,8A53,"SAN MONICA BL","SAWTELLE BL",0.00,,Y,A,-,N,,,,,,,,,,Y,4,0,2,2,A,-,01,23152,A,N,D,C,A,A,H,-,C,A,0,,,,,Y,Y,A,01,0,0,2,0,0,0,0,0,0,"- ","- ",,,"LOS ANGELES","LOS ANGELES",-118.44843292236328,34.046489715576172
90250089,2016,2016-08-22,9535,2016-07-24,0259,017308,,7,3,5,1948,0,1,3,,2,601,"SR-60 (POMONA FREEWAY) W/B","ATLANTIC BLVD",240.00,E,N,A,-,Y,,,60,,,,,,W,Y,4,0,1,1,A,-,01,23152,A,N,E,I,A,A,H,-,C,D,0,,,,,Y,Y,A,01,0,0,1,0,0,0,0,0,0,"- ","- ",34.034999999999997,-118.1491,"LOS ANGELES","MONTEREY PARK",-118.14916321,34.034883870000002