CASE_ID,ACCIDENT_YEAR,PROC_DATE,JURIS,COLLISION_DATE,COLLISION_TIME,OFFICER_ID,REPORTING_DISTRICT,DAY_OF_WEEK,CHP_SHIFT,POPULATION,CNTY_CITY_LOC,SPECIAL_COND,BEAT_TYPE,CHP_BEAT_TYPE,CITY_DIVISION_LAPD,CHP_BEAT_CLASS,BEAT_NUMBER,PRIMARY_RD,SECONDARY_RD,DISTANCE,DIRECTION,INTERSECTION,WEATHER_1,WEATHER_2,STATE_HWY_IND,CALTRANS_COUNTY,CALTRANS_DISTRICT,STATE_ROUTE,ROUTE_SUFFIX,POSTMILE_PREFIX,POSTMILE,LOCATION_TYPE,RAMP_INTERSECTION,SIDE_OF_HWY,TOW_AWAY,COLLISION_SEVERITY,NUMBER_KILLED,NUMBER_INJURED,PARTY_COUNT,PRIMARY_COLL_FACTOR,PCF_CODE_OF_VIOL,PCF_VIOL_CATEGORY,PCF_VIOLATION,PCF_VIOL_SUBSECTION,HIT_AND_RUN,TYPE_OF_COLLISION,MVIW,PED_ACTION,ROAD_SURFACE,ROAD_COND_1,ROAD_COND_2,LIGHTING,CONTROL_DEVICE,CHP_ROAD_TYPE,PEDESTRIAN_ACCIDENT,BICYCLE_ACCIDENT,MOTORCYCLE_ACCIDENT,TRUCK_ACCIDENT,NOT_PRIVATE_PROPERTY,ALCOHOL_INVOLVED,STWD_VEHTYPE_AT_FAULT,CHP_VEHTYPE_AT_FAULT,COUNT_SEVERE_INJ,COUNT_VISIBLE_INJ,COUNT_COMPLAINT_PAIN,COUNT_PED_KILLED,COUNT_PED_INJURED,COUNT_BICYCLIST_KILLED,COUNT_BICYCLIST_INJURED,COUNT_MC_KILLED,COUNT_MC_INJURED,PRIMARY_RAMP,SECONDARY_RAMP,LATITUDE,LONGITUDE,COUNTY,CITY,POINT_X,POINT_Y
9092135,2020,2020-07-20,1942,2020-04-10,1010,38088,1283,5,5,7,1942,0,0,0,L,0,25T27,CENTURY,"HARVARD BL",100.00,E,N,C,-,N,,,,,,,,,,N,4,0,2,3,A,-,03,22350,,N,C,C,D,B,H,-,A,D,0,Y,,,,Y,Y,A,07,0,0,2,0,1,0,0,0,0,"- ","- ",,,"LOS ANGELES","LOS ANGELES",-118.30648803710938,33.945468902587891
90935721,2019,2019-02-28,9590,2019-02-19,0255,021998,,2,3,7,1942,0,1,1,,2,080,"I-5 N/B (GSF) TO I-10 E/B (SBF)","STATE ST.",50.00,S,N,A,-,Y,,,5,,,,R,,N,Y,3,0,1,1,A,-,01,23152,A,N,E,I,A,A,H,-,C,D,0,,,,,Y,Y,A,01,0,1,0,0,0,0,0,0,0,"- ","- ",34.053878784179688,-118.21327972412109,"LOS ANGELES","LOS ANGELES",-118.21327972412109,34.053878784179688
9093972,2020,2020-07-15,1942,2020-04-24,1535,39065,3A41,5,5,7,1942,0,0,0,,0,0311,"ADAMS BL","GENESEE AV",90.00,W,N,A,-,N,,,,,,,,,,N,4,0,1,2,A,-,01,23152,A,N,C,E,A,A,H,-,A,D,0,,,,,Y,Y,A,07,0,0,1,0,0,0,0,0,0,"- ","- ",,,"LOS ANGELES","LOS ANGELES",-118.37054443359375,34.032444000244141
90943769,2019,2019-03-11,9580,2019-02-28,0030,022046,,4,3,7,1942,0,1,3,,2,171,"SR-170 S/B (HOLLYWOOD FWY.)","MAGNOLIA BLVD",3168.00,N,N,B,-,Y,,,170,,,,,,S,Y,3,0,1,1,A,-,01,23152,A,N,E,I,A,B,H,-,C,D,0,,,,,Y,Y,A,01,0,1,0,0,0,0,0,0,0,"- ","- ",34.168708801269531,-118.38468933105469,"LOS ANGELES","LOS ANGELES",-118.38474273681641,34.168670654296875
90945810,2019,2019-03-14,9565,2019-03-04,2300,021163,,1,3,9,1900,0,2,4,,1,032,"SLAUSON AVE.","OVERHILL DR",0.00,,Y,A,-,N,,,,,,,,,,Y,3,0,2,2,A,-,09,21801,A,N,A,C,A,A,H,-,C,A,0,,,,,Y,Y,A,01,0,2,0,0,0,0,0,0,0,"- ","- ",33.988868713378906,-118.35418701171875,"LOS ANGELES",UNINCORPORATED,-118.35408782958984,33.9888916015625
9094695,2020,2020-08-18,1942,2020-04-07,2311,44016,0842,2,5,7,1942,0,0,0,H,0,8A36,"BARRINGTON AV","TEXAS AV",350.00,N,N,C,-,N,,,,,,,,,,Y,3,0,1,3,A,-,01,23152,A,N,D,C,A,B,H,-,C,D,0,,,,,Y,Y,A,07,0,1,0,0,0,0,0,0,0,"- ","- ",,,"LOS ANGELES","LOS ANGELES",-118.45970916748047,34.047966003417969
90954054,2019,2019-03-26,9525,2019-03-20,1555,019264,,3,2,9,1900,0,2,4,,2,045,"VALLEY BLVD. (13400 BLOCK)","ORANGE BLOSSOM AVE.",36.00,W,N,B,C,N,,,,,,,,,,N,2,0,1,2,A,-,11,21954,A,N,G,B,D,B,H,-,A,D,0,Y,,,,Y,Y,N,60,1,0,0,0,1,0,0,0,0,"- ","- ",34.048358917236328,-117.99462890625,"LOS ANGELES",UNINCORPORATED,-117.99459838867188,34.048347473144531
90961255,2019,2019-04-04,9580,2019-03-30,1835,020153,,6,2,3,1989,0,1,2,,2,107,"US-101 S/B (VENTURA FREEWAY)","LAS VIRGENES CANYON RD",500.00,N,N,A,-,Y,,,101,,,,,,S,Y,4,0,2,2,A,-,01,23152,A,N,C,C,A,A,H,-,A,D,0,,,,,Y,Y,D,22,0,0,2,0,0,0,0,0,0,"- ","- ",34.147960662841797,-118.69818878173828,"LOS ANGELES",CALABASAS,-118.69818115234375,34.14794921875
90969878,2019,2019-04-30,9535,2019-04-04,2145,022253,,4,2,6,1922,0,1,1,,2,401,"I-10 (SAN BERNARDINO FREEWAY) W/B","DURFEE AVE",483.00,W,N,A,-,Y,,,10,,,,,,W,Y,3,0,1,1,A,-,01,23152,A,N,E,I,A,A,H,-,C,D,0,,,,,Y,Y,A,01,0,1,0,0,0,0,0,0,0,"- ","- ",34.064769744873047,-118.01280212402344,"LOS ANGELES","EL MONTE",-118.01277923583984,34.064868927001953
9097182,2020,2020-08-14,1924,2020-03-20,2149,80431,01,5,5,5,1924,0,0,0,,0,8T3,"EL SEGUNDO BL","PURCHE AV",0.00,,Y,A,-,N,,,,,,,,,,Y,3,0,1,3,A,-,01,23152,A,N,A,C,A,A,H,-,C,D,0,,,,,Y,Y,A,01,0,1,0,0,0,0,0,0,0,"- ","- ",33.916488647460938,-118.32041168212891,"LOS ANGELES",GARDENA,-118.32044982910156,33.916450500488281
9097228,2020,2020-08-18,1924,2020-04-23,2302,80431,49,4,5,5,1924,0,0,0,,0,8T2,"166TH ST","BERENDO AV",178.00,W,N,A,-,N,,,,,,,,,,N,3,0,1,2,A,-,01,23152,A,N,C,E,A,A,H,-,C,D,0,,,,,Y,Y,A,01,0,1,0,0,0,0,0,0,0,"- ","- ",33.868179321289062,-118.29334259033203,"LOS ANGELES",GARDENA,-118.29400634765625,33.880229949951172
90977099,2019,2019-04-26,9580,2019-04-13,0410,022016,,6,3,7,1942,0,1,2,,2,104,"US-101 N/B (VENTURA FREEWAY)","WHITE OAK AVE",50.00,N,N,A,-,Y,,,101,,,,,,N,Y,4,0,1,3,A,-,01,23152,A,N,C,C,A,A,H,-,C,D,0,,,,,Y,Y,A,07,0,0,1,0,0,0,0,0,0,"- ","- ",34.171279907226562,-118.51866149902344,"LOS ANGELES","LOS ANGELES",-118.51866149902344,34.171283721923828
9097720,2019,2020-05-29,1924,2019-10-30,1918,80440,,3,5,5,1924,0,0,0,,0,0G1,"135TH ST","VAN NESS AV",0.00,,Y,A,-,N,,,,,,,,,,N,4,0,1,2,A,-,09,21801,A,N,D,C,A,A,H,-,C,D,0,,,,,Y,Y,A,01,0,0,1,0,0,0,0,0,0,"- ","- ",33.909221649169922,-118.31781005859375,"LOS ANGELES",GARDENA,-118.31786346435547,33.909198760986328
90979280,2019,2019-04-30,9525,2019-04-26,1818,021156,,5,2,4,1913,0,1,1,,2,209,"SR-210 W/B (FOOTHILL FWY)","BASELINE RD.",1056.00,W,N,A,-,Y,,,210,,,,,,W,Y,3,0,2,1,A,-,01,23152,A,N,E,I,A,A,H,-,A,D,0,,,,,Y,Y,A,07,0,2,0,0,0,0,0,0,0,"- ","- ",34.120258331298828,-117.70147705078125,"LOS ANGELES",CLAREMONT,-117.70147705078125,34.120220184326172
90988857,2019,2019-05-15,9575,2019-05-06,0344,021669,,1,3,7,1942,0,1,1,,2,053,"I-5 N/B TO SR-118","PAXTON STREET",250.00,S,N,B,-,Y,,,5,,,,R,,N,Y,2,0,1,1,A,-,01,23152,A,N,E,I,A,A,H,-,C,D,0,,,,,Y,Y,A,07,1,0,0,0,0,0,0,0,0,"- ","- ",34.262790679931641,-118.44046783447266,"LOS ANGELES","LOS ANGELES",-118.44046783447266,34.262790679931641
90991502,2019,2019-05-20,9550,2019-05-12,0200,022167,,7,3,6,1920,0,1,3,,2,090,"SR-91 (E/B) TO LAKEWOOD BLVD.","LAKEWOOD BOULEVARD",550.00,W,N,A,-,Y,,,,,,,,,,Y,2,0,6,1,A,-,01,23152,A,N,E,I,A,A,H,-,D,D,0,,,,,Y,Y,A,01,5,0,1,0,0,0,0,0,0,"- ","- ",33.876701354980469,-118.14450073242188,"LOS ANGELES",DOWNEY,-118.14443969726562,33.877208709716797
9099164,2020,2020-10-30,1900,2020-05-21,1807,610418,1137,4,5,6,1992,0,0,0,,0,111T1,"20TH ST EAST","AVENUE J",88.00,S,N,A,-,N,,,,,,,,,,Y,4,0,1,3,A,-,01,23152,A,N,C,C,A,A,H,-,A,A,0,,,,,Y,Y,D,22,0,0,1,0,0,0,0,0,0,"- ","- ",,,"LOS ANGELES",LANCASTER,-118.09477996826172,34.689388275146484
91000767,2019,2019-05-31,9580,2019-05-21,1736,022008,,2,2,7,1942,0,2,S,,2,901,"ARLETA AVE","BRANFORD ST",0.00,,Y,A,-,N,,,,,,,,,,Y,4,0,2,2,A,-,01,23152,A,N,D,C,A,A,H,-,A,A,0,,,,,Y,Y,A,01,0,0,2,0,0,0,0,0,0,"- ","- ",34.236068725585938,-118.41973114013672,"LOS ANGELES","LOS ANGELES",-118.41979217529297,34.236129760742188
91002110,2019,2019-06-03,9590,2019-05-24,1000,016230,,5,1,7,1942,0,1,1,,2,065,"I-10 W/B (SMF)","HOOPER AVE",200.00,E,N,A,-,Y,,,10,,,,,,W,Y,4,0,1,2,A,-,01,23152,A,N,C,C,A,A,H,-,A,D,0,,,,,Y,Y,A,01,0,0,1,0,0,0,0,0,0,"- ","- ",34.023811340332031,-118.24362945556641,"LOS ANGELES","LOS ANGELES",-118.24362945556641,34.023796081542969
91004510,2019,2019-06-06,9545,2019-05-30,2145,019414,,4,2,9,1900,0,3,5,,2,004,"90TH STREET EAST","EAST AVE Q-4",287.00,N,N,A,-,N,,,,,,,,,,Y,2,0,2,2,A,-,01,23152,A,N,A,C,A,A,H,-,D,D,0,,,,,Y,Y,A,01,1,0,1,0,0,0,0,0,0,"- ","- ",34.584171295166016,-117.96932983398438,"LOS ANGELES",UNINCORPORATED,-117.96927642822266,34.584217071533203
91004760,2019,2019-06-19,9535,2019-05-27,0405,021599,,1,3,5,1901,0,1,1,,2,420,"I-10 (SAN BERNARDINO FREEWAY) E/B","WARWICK RD POC",840.00,W,N,B,-,Y,,,10,,,,,,E,Y,4,0,1,2,A,-,01,23152,A,N,B,C,A,A,H,-,C,D,0,,,,,Y,Y,A,07,0,0,1,0,0,0,0,0,0,"- ","- ",34.064651489257812,-118.15760040283203,"LOS ANGELES",ALHAMBRA,-118.15766143798828,34.064762115478516
91011002,2019,2019-06-17,9530,2019-06-03,0025,021756,,1,3,7,1942,0,1,1,,2,120,"I-110 N/B (HARBOR FREEWAY)","GAFFEY ST.",225.00,N,N,A,-,Y,,,110,,,,,,N,Y,3,0,1,1,A,-,01,23152,A,M,B,A,A,A,H,-,C,D,0,,,,,Y,Y,A,01,0,1,0,0,0,0,0,0,0,"- ","- ",33.747058868408203,-118.29186248779297,"LOS ANGELES","LOS ANGELES",-118.29181671142578,33.747005462646484
91011197,2019,2019-06-17,9530,2019-06-05,1014,020080,,3,1,9,1900,0,3,5,,2,002,"WILLOWBROOK AVE.","124TH ST.",0.00,,Y,A,-,N,,,,,,,,,,Y,3,0,3,2,A,-,01,23152,A,F,D,C,A,A,H,-,A,A,0,,,,,Y,Y,A,01,0,1,2,0,0,0,0,0,0,"- ","- ",33.919841766357422,-118.23358917236328,"LOS ANGELES",UNINCORPORATED,-118.23361206054688,33.919818878173828
9101385,2020,2020-10-31,1942,2020-05-02,2045,43618,1258,6,5,7,1942,0,0,0,L,0,12A57,"FLORENCE AV","SAN PEDRO",200.00,W,N,A,-,N,,,,,,,,,,N,4,0,1,2,A,-,11,21954,A,F,G,B,D,A,H,-,C,D,0,Y,,,,Y,Y,N,60,0,0,1,0,1,0,0,0,0,"- ","- ",,,"LOS ANGELES","LOS ANGELES",-118.27022552490234,33.974689483642578
91014715,2019,2019-06-21,9525,2019-06-15,0835,021931,,6,1,5,1926,0,1,1,,2,206,"I-210 E/B (FOOTHILL FWY)","SUNFLOWER AVE",5280.00,W,N,A,-,Y,,,210,,,,,,E,Y,4,0,1,2,A,-,01,23152,A,N,C,C,A,A,H,-,A,D,0,,,,,Y,Y,A,01,0,0,1,0,0,0,0,0,0,"- ","- ",34.117210388183594,-117.85771179199219,"LOS ANGELES",GLENDORA,-117.85770416259766,34.117172241210938
91016765,2019,2019-06-25,9545,2019-06-15,1835,021642,,6,2,9,1900,0,3,5,,2,004,"AVENUE T","87TH ST  E",0.00,,Y,A,-,N,,,,,,,,,,Y,3,0,5,3,A,-,01,23152,A,N,D,C,A,A,H,-,A,A,0,,,,,Y,Y,A,07,0,2,3,0,0,0,0,0,0,"- ","- ",34.542911529541016,-117.97489929199219,"LOS ANGELES",UNINCORPORATED,-117.97483062744141,34.542911529541016
9102125,2020,2020-08-20,1955,2020-04-19,0315,41138,10,7,5,6,1955,0,0,0,,0,001,"TOWNE AV","LINCOLN AV",0.00,,Y,A,-,N,,,,,,,,,,Y,3,0,1,2,A,-,01,23152,A,N,C,C,A,A,H,-,C,A,0,,,Y,,Y,Y,C,02,0,1,0,0,0,0,0,0,1,"- ","- ",,,"LOS ANGELES",POMONA,-117.74186706542969,34.070690155029297
91025739,2019,2019-07-08,9575,2019-06-30,2155,021640,,7,2,6,1925,0,1,3,,2,090,"SR-2 W/B (GLENDALE FREEWAY)","FERN LN.",250.00,W,N,A,-,Y,,,2,,,,,,W,Y,4,0,1,1,A,-,01,23152,A,M,F,A,A,A,H,-,D,D,0,,,,,Y,Y,A,01,0,0,1,0,0,0,0,0,0,"- ","- ",34.185039520263672,-118.21774291992188,"LOS ANGELES",GLENDALE,-118.21771240234375,34.185035705566406
91026710,2019,2019-07-09,9550,2019-06-29,0340,022274,,6,3,5,1976,0,1,1,,2,650,"I-605 SB","WHITTIER BOULEVARD",820.00,S,N,A,-,Y,,,605,,,,,,S,Y,2,0,1,2,A,-,01,23152,A,N,D,C,A,A,H,-,C,D,0,,,,,Y,Y,A,01,1,0,0,0,0,0,0,0,0,"- ","- ",33.991138458251953,-118.06989288330078,"LOS ANGELES",WHITTIER,-118.06990814208984,33.991142272949219
91027555,2019,2019-07-09,9545,2019-06-30,2035,021642,,7,2,9,1900,0,2,4,,1,024,"ELIZABETH LAKE RD (10600 BLOCK)","SAN FRANCISQUITO CANYON RD",17424.00,E,N,A,-,N,,,,,,,,,,Y,3,0,1,1,A,-,01,23152,A,M,E,I,A,A,H,-,D,D,0,,,,,Y,Y,D,22,0,1,0,0,0,0,0,0,0,"- ","- ",34.630569458007812,-118.32444763183594,"LOS ANGELES",UNINCORPORATED,-118.32517242431641,34.630550384521484
9104210,2020,2020-11-03,1900,2020-05-04,1541,644560,1336,1,5,5,1908,0,0,0,,0,133T1,"ROSE ST","BELLFLOWER BL",100.00,E,N,A,-,N,,,,,,,,,,N,4,0,1,2,A,-,09,21804,A,N,D,G,A,A,H,-,A,D,0,,Y,,,Y,Y,L,04,0,0,1,0,0,0,1,0,0,"- ","- ",,,"LOS ANGELES",BELLFLOWER,-118.12490081787109,33.869651794433594
91042754,2019,2019-07-31,9580,2019-07-22,1645,018583,,1,2,3,1989,0,1,2,,2,107,"US-101 S/B (VENTURA FREEWAY)","LAS VIRGENES RD",30.00,N,N,A,-,Y,,,101,,,,,,S,Y,4,0,1,2,A,-,01,23152,A,N,C,C,A,A,H,-,A,D,0,,,,,Y,Y,A,01,0,0,1,0,0,0,0,0,0,"- ","- ",34.148159027099609,-118.69801330566406,"LOS ANGELES",CALABASAS,-118.69799041748047,34.148143768310547
91042931,2019,2019-07-31,9580,2019-07-20,0505,021544,,6,3,7,1942,0,1,2,,2,104,"US-101 N/B (VENTURA FREEWAY)","FALLBROOK AVE",1000.00,N,N,A,-,Y,,,101,,,,,,N,Y,4,0,1,2,A,-,01,23152,A,N,C,C,A,A,H,-,C,D,0,,,,,Y,Y,A,01,0,0,1,0,0,0,0,0,0,"- ","- ",34.163600921630859,-118.62638092041016,"LOS ANGELES","LOS ANGELES",-118.62638092041016,34.163597106933594
91045604,2019,2019-08-05,9590,2019-07-28,0145,021654,,7,3,7,1942,0,1,1,,2,053,"I-110 S/B (HAF) TO I-10 W/B (SMF)","VENICE BOULEVARD",600.00,N,N,A,-,Y,,,110,,,,R,,S,Y,4,0,1,1,A,-,01,23152,A,N,E,I,A,A,H,-,C,D,0,,,,,Y,Y,A,01,0,0,1,0,0,0,0,0,0,"- ","- ",34.041309356689453,-118.27397918701172,"LOS ANGELES","LOS ANGELES",-118.27397918701172,34.041309356689453
91055093,2019,2019-08-20,9590,2019-08-18,1040,022087,,7,1,7,1942,0,1,1,,2,051,"I-110 S/B (HARBOR FREEWAY)","GAGE AVE.",100.00,S,N,A,-,Y,,,,,,,,,,N,3,0,2,2,A,-,01,23152,A,N,C,C,A,A,H,-,A,D,0,,,,,Y,Y,A,01,0,2,0,0,0,0,0,0,0,"- ","- ",33.585498809814453,-118.16500091552734,"LOS ANGELES","LOS ANGELES",-118.28084564208984,33.982097625732422
9105612,2020,2020-10-31,1942,2020-05-24,2110,40388,1539,7,5,7,1942,0,0,0,O,0,15A39,"CAHUENGA BL","COLLINS ST",307.00,S,N,A,-,N,,,,,,,,,,N,2,0,1,2,A,-,11,21954,A,N,G,B,D,A,H,-,C,A,0,Y,,,,Y,Y,N,60,1,0,0,0,1,0,0,0,0,"- ","- ",,,"LOS ANGELES","LOS ANGELES",-118.36158752441406,34.173126220703125
91059986,2019,2019-08-27,9590,2019-08-04,0210,021823,,7,3,7,1942,0,1,1,,2,012,"SR-110 N/B (ARROYO SECO PARKWAY)","VIA MARISOL",250.00,S,N,A,-,Y,,,110,,,,,,N,Y,3,0,2,3,A,-,01,23152,A,M,C,C,A,A,H,-,C,D,0,,,,,Y,Y,A,01,0,2,0,0,0,0,0,0,0,"- ","- ",34.103481292724609,-118.19171905517578,"LOS ANGELES","LOS ANGELES",-118.19171905517578,34.103481292724609
91060707,2019,2019-08-27,9530,2019-08-11,0505,018745,,7,3,2,1967,0,1,1,,2,420,"I-405 S/B (SAN DIEGO FREEWAY)","ATLANTIC AVE.",528.00,S,N,B,-,Y,,,405,,,,,,S,Y,4,0,1,1,A,-,01,23152,A,N,E,I,A,A,H,-,C,D,0,,,,,Y,Y,A,07,0,0,1,0,0,0,0,0,0,"- ","- ",33.814468383789062,-118.18315887451172,"LOS ANGELES","SIGNAL HILL",-118.18312835693359,33.814571380615234
91061054,2019,2019-08-28,9530,2019-08-16,0400,020548,,5,3,7,1941,0,1,1,,2,073,"I-710 N/B TO PCH","PACIFIC COAST HWY.",290.00,N,N,A,-,Y,,,710,,,,R,,N,Y,4,0,1,1,A,-,01,23152,A,N,E,I,A,A,H,-,C,D,0,,,,,Y,Y,A,07,0,0,1,0,0,0,0,0,0,"- ","- ",33.790798187255859,-118.20826721191406,"LOS ANGELES","LONG BEACH",-118.20826721191406,33.790798187255859
91062375,2019,2019-08-29,9580,2019-08-20,0735,020400,,2,1,7,1942,0,1,1,,2,407,"I-405 S/B (SAN DIEGO FWY)","DEVONSHIRE ST",1320.00,S,N,A,-,Y,,,405,,,,,,S,Y,4,0,2,5,A,-,08,22107,,M,C,C,A,A,H,-,A,D,0,,,,,Y,Y,-,99,0,0,2,0,0,0,0,0,0,"- ","- ",34.254001617431641,-118.47205352783203,"LOS ANGELES","LOS ANGELES",-118.47239685058594,34.254001617431641
91065330,2019,2019-09-03,9565,2019-08-16,1845,022251,,5,2,9,1900,0,3,5,,2,003,"OLYMPIAD DR.","VICTORIA AVE.",0.00,,Y,A,-,N,,,,,,,,,,Y,2,0,1,2,A,-,01,23152,A,N,D,C,A,A,H,-,A,D,0,,,,,Y,Y,A,01,1,0,0,0,0,0,0,0,0,"- ","- ",34.002948760986328,-118.33310699462891,"LOS ANGELES",UNINCORPORATED,-118.33309173583984,34.0029296875
91066090,2019,2019-09-03,9565,2019-08-30,2200,022093,,5,3,9,1900,0,3,5,,2,002,"CENTURY BLVD","BUDLONG AVE",0.00,,Y,A,-,N,,,,,,,,,,Y,3,0,1,2,A,-,01,23152,A,F,G,B,B,A,H,-,C,A,0,Y,,,,Y,Y,A,01,0,1,0,0,1,0,0,0,0,"- ","- ",33.945468902587891,-118.29628753662109,"LOS ANGELES",UNINCORPORATED,-118.29615020751953,33.945491790771484
91071249,2019,2019-09-10,9590,2019-09-02,0315,022102,,1,3,7,1942,0,1,1,,2,052,"I-110 N/B (HARBOR FREEWAY)","FIGUEROA ST.",450.00,S,N,A,-,Y,,,110,,,,,,N,Y,3,0,1,1,A,-,01,23152,A,N,B,I,A,A,H,-,C,D,0,,,,,Y,Y,A,01,0,1,0,0,0,0,0,0,0,"- ","- ",34.029319763183594,-118.27417755126953,"LOS ANGELES","LOS ANGELES",-118.27428436279297,34.029312133789062
91078263,2019,2019-09-19,9535,2019-08-25,2120,022234,,7,2,6,1922,0,1,1,,2,400,"I-10 (SAN BERNARDINO FREEWAY) E/B","PECK RD.",200.00,E,N,A,-,Y,,,10,,,,,,E,Y,2,0,1,1,A,-,01,23152,A,N,E,J,A,A,H,-,B,D,0,,,,,Y,Y,A,01,1,0,0,0,0,0,0,0,0,"- ","- ",34.065399169921875,-118.01580047607422,"LOS ANGELES","EL MONTE",-118.01581573486328,34.065349578857422
9107891,2020,2020-08-07,1941,2020-02-13,2256,11126,,4,5,7,1941,0,0,0,,0,,"DEL AMO BL","LONG BEACH AV",150.00,E,N,A,-,Y,,,,,,,,,,N,2,0,1,2,A,-,00,20001,,F,E,B,D,A,H,-,C,D,0,Y,,,,Y,Y,A,,1,0,0,0,1,0,0,0,0,"- ","- ",,,"LOS ANGELES","LONG BEACH",-118.19387817382812,33.846809387207031
91087087,2019,2019-09-30,9575,2019-09-18,2203,020521,,3,3,7,1942,0,1,1,,2,061,"I-210 W/B TO SUNLAND BLVD","SUNLAND BOULEVARD",382.00,W,N,A,-,Y,,,210,,,,R,,W,Y,3,0,1,1,A,-,01,23152,A,N,E,I,A,A,H,-,D,D,0,,,,,Y,Y,A,01,0,1,0,0,0,0,0,0,0,"- ","- ",34.260921478271484,-118.33232879638672,"LOS ANGELES","LOS ANGELES",-118.33232879638672,34.260921478271484
91091906,2019,2019-10-07,9545,2019-09-27,2240,021851,,5,3,9,1900,0,1,3,,2,011,"SR-14 N/B","AVENUE D",3795.00,N,N,A,-,Y,,,14,,,,,,N,Y,3,0,1,1,A,-,01,23152,A,N,F,A,A,A,H,-,A,D,0,,,,,Y,Y,A,01,0,1,0,0,0,0,0,0,0,"- ","- ",34.785850524902344,-118.17073822021484,"LOS ANGELES",UNINCORPORATED,-118.17056274414062,34.785850524902344
91092100,2019,2019-10-07,9545,2019-07-19,0620,018862,,5,1,9,1900,0,3,5,,2,003,"ANGELES FOREST HWY","PACIFICO MOUNTAIN RD",2376.00,S,N,A,-,N,,,,,,,,,,Y,1,1,0,1,A,-,08,22107,,N,E,I,A,A,H,-,A,D,0,,,,,Y,Y,A,08,0,0,0,0,0,0,0,0,0,"- ","- ",34.388591766357422,-118.08524322509766,"LOS ANGELES",UNINCORPORATED,,
91092895,2019,2019-10-08,9575,2019-09-28,0350,021879,,6,3,7,1942,0,1,1,,2,053,"I-5 S/B (GOLDEN STATE FREEWAY)","OSBORNE ST",1500.00,S,N,A,-,Y,,,5,,,,,,S,Y,3,0,1,2,A,-,01,23152,A,N,C,C,A,A,H,-,D,D,0,,,,Y,Y,Y,A,01,0,1,0,0,0,0,0,0,0,"- ","- ",34.241199493408203,-118.41886901855469,"LOS ANGELES","LOS ANGELES",-118.41886138916016,34.2412109375
91094642,2019,2019-10-10,9565,2019-08-03,0340,022014,,6,3,9,1900,0,3,5,,2,003,"OLYMPIAD DRIVE","VICTORIA AVENUE",17.00,N,N,A,-,N,,,,,,,,,,Y,3,0,2,1,A,-,01,23152,A,N,E,I,A,A,H,-,C,A,0,,,,,Y,Y,A,01,0,2,0,0,0,0,0,0,0,"- ","- ",34.003021240234375,-118.33296203613281,"LOS ANGELES",UNINCORPORATED,-118.33306121826172,34.002971649169922
91102424,2019,2019-10-22,9565,2019-10-08,0155,021951,,2,3,7,1942,0,1,1,,2,061,"I-405 S/B (SAN DIEGO FWY)","CENTINELA AVE",1950.00,S,N,A,-,Y,,,405,,,,,,S,Y,3,0,1,1,A,-,01,23152,A,N,F,A,A,A,H,-,C,D,0,,,,,Y,Y,A,07,0,1,0,0,0,0,0,0,0,"- ","- ",33.976749420166016,-118.38832855224609,"LOS ANGELES","LOS ANGELES",-118.38823699951172,33.976943969726562
91102626,2019,2019-10-22,9535,2019-10-07,1140,022319,,1,1,9,1900,0,3,5,,2,001,"DITMAN AVE. (3000 BLOCK)","CESAR E CHAVEZ AVE.",155.00,S,N,A,-,N,,,,,,,,,,N,3,0,1,2,A,-,17,21200,,N,D,G,A,A,H,-,A,D,0,,Y,,,Y,Y,L,04,0,1,0,0,0,0,1,0,0,"- ","- ",34.040428161621094,-118.18930053710938,"LOS ANGELES",UNINCORPORATED,-118.18927001953125,34.040084838867188
91109003,2019,2019-10-29,9580,2019-10-24,1713,021627,,4,2,3,1989,0,1,2,,2,107,"US-101 S/B (VENTURA FREEWAY)","PARKWAY CALABASAS OVERCROSSING",950.00,N,N,A,-,Y,,,101,,,,,,S,Y,2,0,1,2,A,-,07,21658,A,N,C,C,A,A,H,-,A,D,0,,,Y,,Y,Y,A,07,1,0,0,0,0,0,0,0,1,"- ","- ",34.152259826660156,-118.65516662597656,"LOS ANGELES",CALABASAS,-118.65515899658203,34.152210235595703