CASE_ID,ACCIDENT_YEAR,PROC_DATE,JURIS,COLLISION_DATE,COLLISION_TIME,OFFICER_ID,REPORTING_DISTRICT,DAY_OF_WEEK,CHP_SHIFT,POPULATION,CNTY_CITY_LOC,SPECIAL_COND,BEAT_TYPE,CHP_BEAT_TYPE,CITY_DIVISION_LAPD,CHP_BEAT_CLASS,BEAT_NUMBER,PRIMARY_RD,SECONDARY_RD,DISTANCE,DIRECTION,INTERSECTION,WEATHER_1,WEATHER_2,STATE_HWY_IND,CALTRANS_COUNTY,CALTRANS_DISTRICT,STATE_ROUTE,ROUTE_SUFFIX,POSTMILE_PREFIX,POSTMILE,LOCATION_TYPE,RAMP_INTERSECTION,SIDE_OF_HWY,TOW_AWAY,COLLISION_SEVERITY,NUMBER_KILLED,NUMBER_INJURED,PARTY_COUNT,PRIMARY_COLL_FACTOR,PCF_CODE_OF_VIOL,PCF_VIOL_CATEGORY,PCF_VIOLATION,PCF_VIOL_SUBSECTION,HIT_AND_RUN,TYPE_OF_COLLISION,MVIW,PED_ACTION,ROAD_SURFACE,ROAD_COND_1,ROAD_COND_2,LIGHTING,CONTROL_DEVICE,CHP_ROAD_TYPE,PEDESTRIAN_ACCIDENT,BICYCLE_ACCIDENT,MOTORCYCLE_ACCIDENT,TRUCK_ACCIDENT,NOT_PRIVATE_PROPERTY,ALCOHOL_INVOLVED,STWD_VEHTYPE_AT_FAULT,CHP_VEHTYPE_AT_FAULT,COUNT_SEVERE_INJ,COUNT_VISIBLE_INJ,COUNT_COMPLAINT_PAIN,COUNT_PED_KILLED,COUNT_PED_INJURED,COUNT_BICYCLIST_KILLED,COUNT_BICYCLIST_INJURED,COUNT_MC_KILLED,COUNT_MC_INJURED,PRIMARY_RAMP,SECONDARY_RAMP,LATITUDE,LONGITUDE,COUNTY,CITY,POINT_X,POINT_Y
91112873,2019,2019-11-04,9580,2019-10-26,0427,022008,,6,3,7,1942,0,1,1,,2,404,"I-405 N/B (SAN DIEGO FWY)","SEPULVEDA BLVD",285.00,S,N,A,-,Y,,,405,,,,,,N,Y,4,0,4,2,A,-,01,23152,A,N,C,C,A,A,H,-,D,D,0,,,,,Y,Y,A,01,0,0,4,0,0,0,0,0,0,"- ","- ",34.147480010986328,-118.46987915039062,"LOS ANGELES","LOS ANGELES",-118.46977996826172,34.147426605224609
91114112,2019,2019-11-05,9580,2019-11-01,0135,020404,,5,3,9,1900,0,1,2,,2,111,"US-101 S/B (VENTURA FREEWAY)","LINDERO CANYON RD",690.00,N,N,A,-,Y,,,,,,,,,,Y,3,0,1,1,A,-,01,23152,A,N,E,J,A,A,H,-,D,D,0,,,,,Y,Y,A,01,0,1,0,0,0,0,0,0,0,"- ","- ",34.149360656738281,-118.8065185546875,"LOS ANGELES",UNINCORPORATED,-118.80635070800781,34.149639129638672
91115542,2019,2019-11-07,9580,2019-11-04,1723,022103,,1,2,7,1942,0,1,3,,2,170,"SR-170 N/B (HOLLYWOOD FWY.)","SHERMAN WAY",528.00,N,N,A,-,Y,,,170,,,,,,N,Y,4,0,1,3,A,-,03,22350,,N,C,C,A,A,H,-,A,D,0,,,,,Y,Y,D,22,0,0,1,0,0,0,0,0,0,"- ","- ",34.203319549560547,-118.40444183349609,"LOS ANGELES","LOS ANGELES",-118.40450286865234,34.203289031982422
91117708,2019,2019-11-12,9590,2019-11-02,2018,022160,,6,2,7,1942,0,1,1,,2,060,"I-10 E/B (SMF) FROM WASHINGTON BLVD.","WASHINGTON BLVD.",10.00,E,N,B,-,Y,,,10,,,,R,,E,N,4,0,1,2,A,-,10,21950,A,F,G,B,C,A,H,-,C,D,0,Y,,,,Y,Y,-,99,0,0,1,0,1,0,0,0,0,"- ","- ",34.034751892089844,-118.36876678466797,"LOS ANGELES","LOS ANGELES",-118.36876678466797,34.034751892089844
91123976,2019,2019-11-19,9525,2019-11-13,1315,019188,,3,1,9,1900,0,3,5,,2,002,"ARROW HIGHWAY","BARRANCA AVE",25.00,E,N,B,-,N,,,,,,,,,,Y,4,0,1,2,A,-,01,23152,A,N,C,C,A,A,H,-,A,A,0,,,,,Y,Y,A,07,0,0,1,0,0,0,0,0,0,"- ","- ",34.106681823730469,-117.881103515625,"LOS ANGELES",UNINCORPORATED,-117.88143157958984,34.106651306152344
91124274,2019,2019-11-20,9540,2019-11-11,1455,020875,,1,2,9,1900,0,1,3,,1,142,"SR-14 N/B (ANTELOPE VALLEY FREEWAY)","NEWHALL AVE",2750.00,S,N,A,-,Y,,,,,,,,,,Y,3,0,1,1,A,-,01,23152,A,N,E,I,A,A,H,-,A,D,0,,,,,Y,Y,A,01,0,1,0,0,0,0,0,0,0,"- ","- ",34.357608795166016,-118.50620269775391,"LOS ANGELES",UNINCORPORATED,-118.50635528564453,34.358016967773438
91125785,2019,2019-11-21,9580,2019-11-16,2245,021491,,6,3,7,1942,0,1,2,,2,104,"US-101 N/B (VENTURA FREEWAY)","DE SOTO AVE",0.00,,N,A,-,Y,,,101,,,,,,N,Y,3,0,1,2,A,-,01,23152,A,N,B,C,A,A,H,-,D,D,0,,,Y,,Y,Y,C,02,0,1,0,0,0,0,0,0,1,"- ","- ",34.168930053710938,-118.58013153076172,"LOS ANGELES","LOS ANGELES",-118.58012390136719,34.168903350830078
91128434,2019,2019-11-25,9575,2019-11-16,0348,021849,,6,3,6,1912,0,1,1,,2,051,"I-5 N/B (GOLDEN STATE FREEWAY)","BURBANK BLVD",1000.00,S,N,A,-,Y,,,5,,,,,,N,Y,3,0,1,2,A,-,01,23152,A,N,C,C,A,A,D,-,C,D,0,,,,Y,Y,Y,A,01,0,1,0,0,0,0,0,0,0,"- ","- ",34.181861877441406,-118.31452178955078,"LOS ANGELES",BURBANK,-118.31449890136719,34.181873321533203
91128506,2019,2019-11-25,9590,2019-11-03,0129,022417,,7,3,7,1942,0,1,1,,2,011,"SR 110 S/B (ASP)","COLLEGE ST",500.00,N,N,A,-,Y,,,110,,,,,,S,Y,4,0,1,3,A,-,01,23152,A,N,C,C,A,A,D,E,C,A,0,,,,,Y,Y,A,01,0,0,1,0,0,0,0,0,0,"- ","- ",34.066471099853516,-118.24118041992188,"LOS ANGELES","LOS ANGELES",-118.24116516113281,34.066436767578125
9112881,2020,2020-08-27,1942,2020-06-10,1655,31092,1211,3,5,7,1942,0,0,0,L,0,12A31,"WEST BL",SLAUSON,0.00,,Y,A,-,N,,,,,,,,,,Y,4,0,1,2,A,-,12,21453,A,F,D,C,A,A,H,-,A,A,0,,,,,Y,Y,-,99,0,0,1,0,0,0,0,0,0,"- ","- ",,,"LOS ANGELES","LOS ANGELES",-118.33524322509766,33.988990783691406
91129888,2019,2019-11-26,9530,2019-11-01,0135,021273,,5,3,7,1941,0,1,1,,2,072,"I-710 N/B TO WILLOW STREET","WILLOW ST.",430.00,N,N,A,-,Y,,,710,,,,R,,N,Y,3,0,4,1,A,-,01,23152,A,N,E,I,A,A,H,-,C,D,0,,,,,Y,Y,A,01,0,3,1,0,0,0,0,0,0,"- ","- ",33.805599212646484,-118.20713043212891,"LOS ANGELES","LONG BEACH",-118.20713043212891,33.805599212646484
91141667,2019,2019-12-12,9565,2019-11-15,0140,022442,,5,3,9,1900,0,3,5,,2,005,"ADMIRALTY WAY S/B","BALI WAY",40.00,S,N,A,-,N,,,,,,,,,,Y,4,0,1,1,A,-,01,23152,A,N,F,A,A,A,H,-,C,A,0,,,,,Y,Y,A,07,0,0,1,0,0,0,0,0,0,"- ","- ",33.981891632080078,-118.44168853759766,"LOS ANGELES",UNINCORPORATED,-118.44159698486328,33.982006072998047
91142000,2019,2019-12-12,9565,2019-12-07,0150,021951,,6,3,7,1942,0,1,1,,2,064,"I-405 S/B (SAN DIEGO FWY)","SKIRBALL CENTER DR",2112.00,S,N,B,C,Y,,,405,,,,,,S,Y,3,0,1,1,A,-,01,23152,A,N,E,I,A,B,H,-,C,D,0,,,,,Y,Y,A,01,0,1,0,0,0,0,0,0,0,"- ","- ",34.117408752441406,-118.48206329345703,"LOS ANGELES","LOS ANGELES",-118.48192596435547,34.117401123046875
91142235,2019,2019-12-12,9565,2019-06-01,2353,021905,,6,3,7,1942,0,1,1,,2,062,"I-405 S/B","PALMS BOULEVARD",50.00,N,N,A,-,Y,,,405,,,,,,S,Y,1,1,2,5,A,-,01,23152,A,N,C,C,E,A,H,-,D,D,0,Y,,,,Y,Y,D,22,1,0,1,1,1,0,0,0,0,"- ","- ",34.018260955810547,-118.42362213134766,"LOS ANGELES","LOS ANGELES",-118.42348480224609,34.018367767333984
91142846,2019,2019-12-13,9550,2019-12-04,0125,022403,,3,3,9,1900,0,2,4,,1,021,"CARMENITA ROAD","LEFFINGWELL ROAD",330.00,N,N,B,-,N,,,,,,,,,,Y,3,0,1,2,A,-,01,23152,A,N,C,E,A,B,H,-,C,D,0,,,,,Y,Y,A,07,0,1,0,0,0,0,0,0,0,"- ","- ",33.919651031494141,-118.04647064208984,"LOS ANGELES",UNINCORPORATED,-118.04660797119141,33.919673919677734
91150044,2019,2019-12-23,9540,2019-12-15,0245,015381,,7,3,9,1900,0,1,3,,2,146,"SR-14 NB (ANTELOPE VALLEY FREEWAY)","ESCONDIDO CANYON RD",3150.00,N,N,A,-,Y,,,14,,,,,,N,Y,4,0,1,2,A,-,01,23152,A,N,C,C,A,A,H,-,D,D,0,,,,,Y,Y,A,01,0,0,1,0,0,0,0,0,0,"- ","- ",34.495861053466797,-118.27400207519531,"LOS ANGELES",UNINCORPORATED,-118.27400970458984,34.495880126953125
91153696,2019,2019-12-27,9575,2019-12-15,2238,021566,,7,3,7,1942,0,1,3,,2,041,"SR-134 E/B (VENTURA FREEWAY)","SR-2 E/B (GLENDALE FREEWAY) U/C",1858.00,E,N,A,-,Y,,,134,,,,,,E,Y,4,0,1,2,A,-,01,23152,A,N,C,C,A,A,H,-,D,D,0,,,,,Y,Y,A,01,0,0,1,0,0,0,0,0,0,"- ","- ",34.145198822021484,-118.22019958496094,"LOS ANGELES","LOS ANGELES",-118.22019958496094,34.145198822021484
91156699,2019,2019-12-31,9535,2019-12-21,1821,022298,,6,2,9,1900,0,3,5,,2,001,"MEDNIK AVENUE","3RD STREET",0.00,,Y,A,-,N,,,,,,,,,,N,4,0,3,2,A,-,09,21801,A,N,D,C,A,A,H,-,C,D,0,,,,,Y,Y,D,22,0,0,3,0,0,0,0,0,0,"- ","- ",34.033290863037109,-118.16210174560547,"LOS ANGELES",UNINCORPORATED,-118.16229248046875,34.033279418945312
91159427,2019,2020-01-06,9580,2019-12-27,1905,022158,,5,2,7,1942,0,1,2,,2,101,"US-101 S/B (VENTURA FREEWAY)","CAMPO DE CAHUENGA",250.00,N,N,A,-,Y,,,101,,,,,,S,Y,4,0,1,1,A,-,01,23152,A,N,E,I,A,A,H,-,D,D,0,,,,,Y,Y,A,01,0,0,1,0,0,0,0,0,0,"- ","- ",34.140560150146484,-118.36634063720703,"LOS ANGELES","LOS ANGELES",-118.36626434326172,34.140613555908203
91160238,2019,2020-01-06,9530,2019-12-28,0219,021582,,6,3,7,1941,0,1,1,,2,071,"I-710 N/B (LONG BEACH FREEWAY)","DEL AMO BLVD.",1056.00,S,N,A,-,Y,,,710,,,,,,N,Y,3,0,2,2,A,-,01,23152,A,N,C,C,A,A,H,-,D,D,0,,,,,Y,Y,A,01,0,2,0,0,0,0,0,0,0,"- ","- ",33.843948364257812,-118.20594024658203,"LOS ANGELES","LONG BEACH",-118.20600128173828,33.843967437744141
91161271,2019,2020-01-08,9590,2019-12-23,0215,021883,,1,3,7,1942,0,1,2,,2,072,"US-101 N/B (HOLLYWOOD FREEWAY)","WESTERN AVENUE OVERCROSSING",550.00,S,N,B,C,Y,,,101,,,,,,N,Y,3,0,1,1,A,-,01,23152,A,N,F,I,A,B,H,-,C,D,0,,,,,Y,Y,A,07,0,1,0,0,0,0,0,0,0,"- ","- ",34.093570709228516,-118.30866241455078,"LOS ANGELES","LOS ANGELES",-118.30870819091797,34.093498229980469
91162598,2020,2020-01-09,9580,2020-01-04,0152,019876,,6,3,7,1942,0,1,2,,2,104,"US-101 N/B (VENTURA FREEWAY)","TAMPA AVE",1500.00,N,N,A,-,Y,,,101,,,,,,N,Y,3,0,1,2,A,-,01,23152,A,M,C,C,A,A,H,-,D,D,0,,,,,Y,Y,A,01,0,1,0,0,0,0,0,0,0,"- ","- ",34.173530578613281,-118.55829620361328,"LOS ANGELES","LOS ANGELES",-118.55829620361328,34.173732757568359
91163950,2019,2020-01-13,9545,2019-10-08,2048,015589,,2,2,9,1900,0,3,5,,1,005,"AVENUE O","165TH STREET EAST",140.00,W,N,A,-,N,,,,,,,,,,Y,1,1,4,2,A,-,01,23152,A,N,A,C,A,A,H,-,D,D,0,,,,,Y,Y,A,07,2,0,2,0,0,0,0,0,0,"- ","- ",34.616500854492188,-117.83625030517578,"LOS ANGELES",UNINCORPORATED,-117.83623504638672,34.616489410400391
91166547,2020,2020-01-16,9580,2020-01-04,1049,019952,,6,1,7,1942,0,1,3,,2,170,"SR-170 N/B (HOLLYWOOD FWY.)","OXNARD ST",150.00,S,N,A,-,Y,,,170,,,,,,N,Y,3,0,4,4,A,-,07,21658,A,F,C,C,A,A,H,-,A,D,0,,,,,Y,Y,-,99,0,3,1,0,0,0,0,0,0,"- ","- ",34.178699493408203,-118.39479827880859,"LOS ANGELES","LOS ANGELES",-118.39471435546875,34.178737640380859
91171408,2020,2020-01-23,9525,2020-01-11,2244,022103,,6,3,6,1975,0,1,1,,2,104,"I-10 E/B (SAN BERNARDINO FWY)","WEST COVINA PARKWAY",1584.00,W,N,A,-,Y,,,10,,,,,,E,Y,2,0,3,2,A,-,01,23152,A,N,C,C,A,A,D,E,D,D,0,,,,,Y,Y,A,07,1,1,1,0,0,0,0,0,0,"- ","- ",34.0714111328125,-117.94866943359375,"LOS ANGELES","WEST COVINA",-117.94867706298828,34.071475982666016
91172859,2019,2020-01-24,9525,2019-12-07,0350,021393,,6,3,4,1905,0,1,1,,2,204,"I-210 E/B FROM AZUSA AVE S/B","AZUSA AVE",140.00,W,N,B,C,Y,,,210,,,,R,,E,Y,3,0,1,1,A,-,01,23152,A,N,E,I,A,B,H,-,D,D,0,,,,,Y,Y,A,01,0,1,0,0,0,0,0,0,0,"- ","- ",34.120281219482422,-117.90824127197266,"LOS ANGELES",AZUSA,-117.90824127197266,34.120281219482422
91173249,2019,2020-01-24,9535,2019-09-24,0142,022176,,2,3,1,1932,0,1,1,,2,651,"I-605 S/B (SAN GABRIEL RIVER FWY)","SR-60 (POMONA FREEWAY) W/B",2100.00,N,N,A,-,Y,,,605,,,,,,S,Y,4,0,1,2,A,-,08,22107,,N,B,C,A,A,H,-,D,D,0,,,,Y,Y,Y,A,01,0,0,1,0,0,0,0,0,0,"- ","- ",34.037601470947266,-118.02249908447266,"LOS ANGELES",INDUSTRY,-118.02256011962891,34.037677764892578
91174272,2020,2020-01-27,9525,2020-01-12,0322,022051,,7,3,9,1900,0,1,3,,2,574,"SR-57 N/B (ORANGE FWY)","BREA CANYON RD.",0.00,,N,A,-,Y,,,57,,,,,,N,Y,4,0,1,1,A,-,01,23152,A,N,E,I,A,A,H,-,C,D,0,,,,,Y,Y,A,01,0,0,1,0,0,0,0,0,0,"- ","- ",33.951160430908203,-117.86446380615234,"LOS ANGELES",UNINCORPORATED,-117.86435699462891,33.951095581054688
91174882,2020,2020-01-28,9535,2020-01-18,1830,022325,,6,2,5,1969,0,1,1,,2,074,"I-710 (LONG BEACH FREEWAY) N/B","FILESTONE BLVD",1000.00,N,N,A,-,Y,,,710,,,,,,N,Y,3,0,5,3,A,-,01,23152,A,N,C,C,A,A,H,-,C,D,0,,,,,Y,Y,A,01,0,1,4,0,0,0,0,0,0,"- ","- ",33.953269958496094,-118.17047882080078,"LOS ANGELES","SOUTH GATE",-118.17050933837891,33.953269958496094
91178539,2020,2020-02-03,9530,2020-01-26,2255,022292,,7,3,9,1900,0,3,5,,2,001,"HOLMES AVE.","SLAUSON AVE.",60.00,S,N,A,-,N,,,,,,,,,,Y,3,0,1,2,A,-,01,23152,A,N,A,E,A,A,H,-,C,A,0,,,,,Y,Y,D,22,0,1,0,0,0,0,0,0,0,"- ","- ",33.988979339599609,-118.24130249023438,"LOS ANGELES",UNINCORPORATED,-118.24118041992188,33.989383697509766
91181224,2020,2020-02-06,9565,2020-02-04,2012,021575,,2,2,9,1900,0,1,1,,2,012,"I-105 WESTBOUND (CENTURY FREEWAY)","NORMANDIE AVENUE",600.00,E,N,A,-,Y,,,105,,,,,,W,Y,3,0,1,2,A,-,01,23152,A,N,E,I,A,A,H,-,C,D,0,,,,,Y,Y,A,08,0,1,0,0,0,0,0,0,0,"- ","- ",33.928131103515625,-118.29852294921875,"LOS ANGELES",UNINCORPORATED,-118.29850769042969,33.928085327148438
91181887,2020,2020-02-06,9530,2020-02-01,1145,022380,,6,1,9,1900,0,3,5,,2,001,"FIRESTONE BLVD. (1600 BLOCK)","MAIE AVE.",150.00,W,N,A,-,N,,,,,,,,,,Y,4,0,1,2,A,-,09,21801,A,F,D,C,A,A,H,-,A,D,0,,,Y,,Y,Y,A,01,0,0,1,0,0,0,0,0,1,"- ","- ",33.960079193115234,-118.24501800537109,"LOS ANGELES",UNINCORPORATED,-118.24493408203125,33.960151672363281
91183017,2020,2020-02-10,9575,2020-02-07,1545,021878,,5,2,9,1900,0,2,4,,2,320,"ANGELES FOREST HIGHWAY","BIG TUJUNA NARROWS BRIDGE",3696.00,S,N,A,-,N,,,,,,,,,,Y,3,0,1,1,A,-,01,23152,A,N,E,I,A,A,H,-,A,D,0,,,,,Y,Y,A,07,0,1,0,0,0,0,0,0,0,"- ","- ",34.305858612060547,-118.15355682373047,"LOS ANGELES",UNINCORPORATED,-118.15084075927734,34.307735443115234
91184444,2020,2020-02-11,9580,2020-01-30,0045,021963,,4,3,7,1942,0,1,2,,2,101,"US-101 S/B TO COLDWATER CYN. AVE.","COLDWATER CANYON AVE",600.00,N,N,A,-,Y,,,101,,,,R,,S,N,3,0,1,1,A,-,01,23152,A,N,E,I,A,A,H,-,C,D,0,,,,,Y,Y,A,01,0,1,0,0,0,0,0,0,0,"- ","- ",34.156528472900391,-118.41638946533203,"LOS ANGELES","LOS ANGELES",-118.41638946533203,34.156528472900391
9118478,2020,2020-08-12,1942,2020-05-25,0030,42664,2024,1,5,7,1942,0,0,0,,0,20A33,"WILSHIRE BL","S OXFORD AV",0.00,,Y,A,-,N,,,,,,,,,,Y,2,0,2,1,A,-,01,23152,A,N,E,I,A,A,H,-,C,A,0,,,,,Y,Y,A,01,1,0,1,0,0,0,0,0,0,"- ","- ",,,"LOS ANGELES","LOS ANGELES",-118.30783081054688,34.061698913574219
91185247,2020,2020-02-12,9580,2020-02-02,2125,021475,,7,2,7,1942,0,1,1,,2,407,"I-405 S/B TO NORDHOFF ST.","NORDHOFF ST",50.00,N,N,A,-,Y,,,405,,,,R,,S,N,4,0,1,2,A,-,01,23152,A,N,C,C,A,A,H,-,C,A,0,,,,,Y,Y,A,01,0,0,1,0,0,0,0,0,0,"- ","- ",34.235820770263672,-118.47354125976562,"LOS ANGELES","LOS ANGELES",-118.47354125976562,34.235820770263672
91187466,2020,2020-02-17,9550,2020-02-15,2310,022222,,6,3,9,1900,0,3,5,,2,002,"GUNN AVENUE","GLENN AVE",90.00,S,N,A,-,N,,,,,,,,,,Y,2,0,2,3,A,-,01,23152,A,F,C,E,A,A,H,-,D,D,0,,,,,Y,Y,A,07,1,1,0,0,0,0,0,0,0,"- ","- ",33.947460174560547,-118.02768707275391,"LOS ANGELES",UNINCORPORATED,-118.02751159667969,33.947540283203125
91191227,2020,2020-02-21,9590,2020-02-14,1809,022428,,5,2,7,1942,0,1,2,,2,072,"US-101 (HOF) FROM UNIVERSAL STUDIOS BLV","UNIVERSAL STUDIOS BLVD.",665.00,N,N,A,-,Y,,,101,,,,R,,,Y,3,0,3,3,A,-,01,23152,A,N,C,C,A,A,H,-,C,A,0,,,,,Y,Y,A,07,0,2,1,0,0,0,0,0,0,"- ","- ",34.134048461914062,-118.35456085205078,"LOS ANGELES","LOS ANGELES",-118.35456085205078,34.134048461914062
91191782,2020,2020-02-24,9530,2020-02-22,0315,021709,,6,3,7,1941,0,1,1,,2,072,"I-710 N/B (LONG BEACH FREEWAY)",I-405,150.00,S,N,A,-,Y,,,710,,,,,,N,Y,3,0,5,2,A,-,01,23152,A,N,C,C,A,A,H,-,C,D,0,,,,,Y,Y,A,01,0,2,3,0,0,0,0,0,0,"- ","- ",33.825859069824219,-118.20716094970703,"LOS ANGELES","LONG BEACH",-118.20721435546875,33.825843811035156
9119420,2020,2020-09-11,1942,2020-06-07,2240,43709,0514,7,5,7,1942,0,0,0,E,0,5A55,"FIGUEROA ST","PACIFIC COAST HWY",0.00,,Y,A,-,N,,,,,,,,,,N,4,0,1,2,-,-,"- ",,,F,G,B,B,A,H,-,C,A,0,Y,,,,Y,Y,-,99,0,0,1,0,1,0,0,0,0,"- ","- ",,,"LOS ANGELES","LOS ANGELES",-118.28112030029297,33.790458679199219
91195011,2020,2020-02-27,9530,2020-02-19,1700,022438,,3,2,9,1900,0,3,5,,2,006,"CARSON STREET (900 BLOCK)","VERMONT AVE.",25.00,W,N,A,-,N,,,,,,,,,,Y,3,0,2,3,A,-,01,23152,A,N,D,C,A,A,H,-,A,A,0,,,,,Y,Y,A,01,0,1,1,0,0,0,0,0,0,"- ","- ",33.831501007080078,-118.29019927978516,"LOS ANGELES",UNINCORPORATED,-118.29035949707031,33.831600189208984
91199247,2020,2020-03-02,9540,2020-02-21,1500,020875,,5,2,9,1900,0,1,1,,2,511,"I-5 S/B (GOLDEN STATE FREEWAY)","TEMPLIN HIGHWAY",15840.00,N,N,B,-,Y,,,5,,,,,,S,Y,2,0,1,1,A,-,01,23152,A,N,E,I,A,A,H,-,A,D,0,,,,,Y,Y,A,01,1,0,0,0,0,0,0,0,0,"- ","- ",34.604179382324219,-118.71212768554688,"LOS ANGELES",UNINCORPORATED,-118.71224212646484,34.604148864746094
91200477,2020,2020-03-03,9530,2020-02-22,2305,021123,,6,3,9,1900,0,3,5,,2,001,"HOOPER AVENUE (6800 BLOCK)","68TH ST.",60.00,S,N,A,-,N,,,,,,,,,,Y,3,0,1,2,B,-,22,,,N,A,C,A,A,H,-,C,D,0,,,Y,,Y,Y,-,"- ",0,1,0,0,0,0,0,0,1,"- ","- ",33.978279113769531,-118.25202178955078,"LOS ANGELES",UNINCORPORATED,-118.25205993652344,33.978237152099609
91201453,2020,2020-03-04,9525,2020-02-27,2050,015988,,4,2,6,1955,0,1,3,,2,072,"SR-71 N/B (CHINO VALLEY FWY)","RIO RANCHO RD.",1584.00,N,N,A,-,Y,,,71,,,,,,N,Y,2,0,1,1,A,-,01,23152,A,N,E,I,A,A,H,-,C,D,0,,,,,Y,Y,A,07,1,0,0,0,0,0,0,0,0,"- ","- ",34.034469604492188,-117.76087188720703,"LOS ANGELES",POMONA,-117.76089477539062,34.034446716308594
91205610,2020,2020-03-10,9525,2020-03-03,1700,019188,,2,2,9,1900,0,3,5,,2,005,"MT BLADY RD.","SHINN RD.",10032.00,N,N,B,-,N,,,,,,,,,,Y,3,0,2,2,A,-,01,23152,A,N,F,A,A,A,H,-,A,D,0,,,,,Y,Y,A,01,0,1,1,0,0,0,0,0,0,"- ","- ",34.2021484375,-117.67643737792969,"LOS ANGELES",UNINCORPORATED,-117.67609405517578,34.201286315917969
91207696,2018,2020-03-13,9545,2018-07-20,2335,021173,,5,3,9,1900,0,3,5,,2,003,"SIERRA HIGHWAY","MOUNTAIN SPRINGS ROAD",1584.00,S,N,A,-,N,,,,,,,,,,N,2,0,1,2,A,-,11,21956,B,F,G,B,E,A,H,-,D,D,0,Y,,,,Y,Y,N,60,1,0,0,0,1,0,0,0,0,"- ","- ",34.497688293457031,-118.12151336669922,"LOS ANGELES",UNINCORPORATED,-118.12107086181641,34.498050689697266
91218514,2020,2020-03-30,9535,2020-03-22,2225,022214,,7,3,9,1900,0,3,5,,2,001,"GAGE AVE (600 BLOCK)","GAGE AVE",50.00,S,N,B,C,N,,,,,,,,,,Y,3,0,3,2,A,-,01,23152,A,M,A,C,A,B,H,-,C,D,0,,,,,Y,Y,A,01,0,1,2,0,0,0,0,0,0,"- ","- ",34.043521881103516,-118.18466186523438,"LOS ANGELES",UNINCORPORATED,,
91220745,2020,2020-04-06,9535,2020-03-28,0303,022214,,6,3,9,1900,0,1,1,,2,421,"I-10 (SAN BERNARDINO FREEWAY) W/B","CITY TERRACE DR POC",200.00,W,N,A,-,Y,,,10,,,,,,W,Y,3,0,1,1,A,-,01,23152,A,N,F,A,A,A,H,-,C,D,0,,,,,Y,Y,A,01,0,1,0,0,0,0,0,0,0,"- ","- ",34.055381774902344,-118.18762969970703,"LOS ANGELES",UNINCORPORATED,-118.18762969970703,34.055435180664062
91221084,2020,2020-04-06,9550,2020-04-01,2232,022208,,3,3,6,1920,0,1,1,,2,500,"I-5 N/B","LAKEWOOD BLVD",1450.00,S,N,A,-,Y,,,5,,,,,,N,Y,4,0,1,2,A,-,01,23152,A,N,A,C,A,A,H,-,D,D,0,,,,,Y,Y,A,01,0,0,1,0,0,0,0,0,0,"- ","- ",33.95513916015625,-118.10797119140625,"LOS ANGELES",DOWNEY,-118.10792541503906,33.9552001953125
91225554,2019,2020-04-14,9535,2019-11-03,0335,022256,,7,3,9,1900,0,1,1,,2,500,"I-5 (SANTA ANA FREEWAY) N/B","INDIANA ST.",1320.00,S,N,A,-,Y,,,5,,,,,,N,Y,4,0,2,1,A,-,08,22107,,N,E,I,A,A,H,-,D,D,0,,,,,Y,Y,A,01,0,0,2,0,0,0,0,0,0,"- ","- ",34.020179748535156,-118.1878662109375,"LOS ANGELES",UNINCORPORATED,-118.18787384033203,34.020236968994141
91226197,2020,2020-04-16,9530,2020-04-15,0110,021582,,3,3,7,1942,0,1,1,,2,400,"I-405 S/B (SAN DIEGO FREEWAY)","NORMANDIE AVE.",528.00,S,N,A,-,Y,,,405,,,,,,S,Y,3,0,1,2,A,-,01,23152,A,N,B,C,A,A,H,-,D,D,0,,,,,Y,Y,A,07,0,1,0,0,0,0,0,0,0,"- ","- ",33.859710693359375,-118.29730224609375,"LOS ANGELES","LOS ANGELES",-118.29730224609375,33.859725952148438
9122849,2020,2020-09-11,1942,2020-06-25,1255,41489,1266,4,5,7,1942,0,0,0,L,0,12A57-,BROADWAY,"81ST ST",200.00,N,N,A,-,N,,,,,,,,,,Y,4,0,1,1,A,-,03,22350,,N,E,I,A,A,H,-,A,A,0,,,,,Y,Y,A,01,0,0,1,0,0,0,0,0,0,"- ","- ",,,"LOS ANGELES","LOS ANGELES",-118.27829742431641,33.966487884521484
91229154,2020,2020-04-24,9530,2020-04-14,1800,022380,,2,2,7,1942,0,1,1,,2,200,"I-105 E/B (GLENN ANDERSON FWY)","SAN PEDRO ST.",200.00,W,N,A,-,Y,,,105,,,,,,E,Y,4,0,1,2,A,-,01,23152,A,N,C,C,A,A,H,-,A,D,0,,,,,Y,Y,A,01,0,0,1,0,0,0,0,0,0,"- ","- ",33.927230834960938,-118.26940155029297,"LOS ANGELES","LOS ANGELES",-118.26940155029297,33.927310943603516