CASE_ID,ACCIDENT_YEAR,PROC_DATE,JURIS,COLLISION_DATE,COLLISION_TIME,OFFICER_ID,REPORTING_DISTRICT,DAY_OF_WEEK,CHP_SHIFT,POPULATION,CNTY_CITY_LOC,SPECIAL_COND,BEAT_TYPE,CHP_BEAT_TYPE,CITY_DIVISION_LAPD,CHP_BEAT_CLASS,BEAT_NUMBER,PRIMARY_RD,SECONDARY_RD,DISTANCE,DIRECTION,INTERSECTION,WEATHER_1,WEATHER_2,STATE_HWY_IND,CALTRANS_COUNTY,CALTRANS_DISTRICT,STATE_ROUTE,ROUTE_SUFFIX,POSTMILE_PREFIX,POSTMILE,LOCATION_TYPE,RAMP_INTERSECTION,SIDE_OF_HWY,TOW_AWAY,COLLISION_SEVERITY,NUMBER_KILLED,NUMBER_INJURED,PARTY_COUNT,PRIMARY_COLL_FACTOR,PCF_CODE_OF_VIOL,PCF_VIOL_CATEGORY,PCF_VIOLATION,PCF_VIOL_SUBSECTION,HIT_AND_RUN,TYPE_OF_COLLISION,MVIW,PED_ACTION,ROAD_SURFACE,ROAD_COND_1,ROAD_COND_2,LIGHTING,CONTROL_DEVICE,CHP_ROAD_TYPE,PEDESTRIAN_ACCIDENT,BICYCLE_ACCIDENT,MOTORCYCLE_ACCIDENT,TRUCK_ACCIDENT,NOT_PRIVATE_PROPERTY,ALCOHOL_INVOLVED,STWD_VEHTYPE_AT_FAULT,CHP_VEHTYPE_AT_FAULT,COUNT_SEVERE_INJ,COUNT_VISIBLE_INJ,COUNT_COMPLAINT_PAIN,COUNT_PED_KILLED,COUNT_PED_INJURED,COUNT_BICYCLIST_KILLED,COUNT_BICYCLIST_INJURED,COUNT_MC_KILLED,COUNT_MC_INJURED,PRIMARY_RAMP,SECONDARY_RAMP,LATITUDE,LONGITUDE,COUNTY,CITY,POINT_X,POINT_Y
9257070,2021,2021-05-13,1942,2021-05-01,1915,33504,1557,6,5,7,1942,0,0,0,O,0,15A67,"E CAHUENGA BL","CAMARILLO ST",25.00,S,N,A,-,N,,,,,,,,,,Y,4,0,4,2,A,-,01,23152,A,N,C,C,A,A,H,-,A,A,0,,,,,Y,Y,A,01,0,0,4,0,0,0,0,0,0,"- ","- ",,,"LOS ANGELES","LOS ANGELES",-118.36154937744141,34.157600402832031
9257862,2021,2021-05-07,1942,2021-04-15,0200,42818,1772,4,5,7,1942,0,0,0,Q,0,,"WINNETKA AV","NORDHOFF ST",1408.00,N,N,A,-,N,,,,,,,,,,Y,4,0,1,2,A,-,01,23152,A,N,B,C,A,A,H,-,D,A,0,,,,,Y,Y,A,08,0,0,1,0,0,0,0,0,0,"- ","- ",,,"LOS ANGELES","LOS ANGELES",-118.57107543945312,34.235660552978516
9258165,2021,2021-05-04,1900,2021-04-18,0051,655212,1123,7,5,6,1992,0,0,0,,0,111T1,"SIERRA HWY","AVENUE K",40.00,N,N,A,-,N,,,,,,,,,,Y,4,0,1,2,A,-,01,23152,A,N,C,C,A,A,H,-,C,A,0,,,,,Y,Y,A,01,0,0,1,0,0,0,0,0,0,"- ","- ",,,"LOS ANGELES",LANCASTER,-118.13296508789062,34.675090789794922
9260886,2021,2021-06-24,1976,2021-05-29,0317,449,,6,5,5,1976,0,0,0,,0,001,"MILTON AV",BROADWAY,431.00,N,N,A,-,N,,,,,,,,,,Y,3,0,1,3,A,-,01,23152,A,N,B,E,A,A,H,-,D,D,0,,,,,Y,Y,A,01,0,1,0,0,0,0,0,0,0,"- ","- ",,,"LOS ANGELES",WHITTIER,-118.03969573974609,33.987491607666016
9261916,2021,2021-05-06,1941,2021-04-16,2147,11540,,5,5,7,1941,0,0,0,,0,,"EAST 7TH ST","NEWPORT AV",0.00,,Y,A,-,N,,,,,,,,,,Y,4,0,1,3,A,-,01,23152,,N,C,C,A,A,H,-,C,D,0,,,,,Y,Y,A,,0,0,1,0,0,0,0,0,0,"- ","- ",,,"LOS ANGELES","LONG BEACH",-118.15135192871094,33.775344848632812
9262810,2021,2021-05-20,1941,2021-04-29,1315,7580,,4,5,7,1941,0,0,0,,0,,"EAST GARFORD ST","BEVERLY PLZ",25.00,W,N,A,-,N,,,,,,,,,,Y,4,0,1,3,A,-,03,22350,,F,D,C,A,A,H,-,A,D,0,,,,,Y,Y,-,,0,0,1,0,0,0,0,0,0,"- ","- ",,,"LOS ANGELES","LONG BEACH",-118.13606262207031,33.792072296142578
9264440,2021,2021-05-21,1975,2021-04-01,2217,436,WCPD,4,5,6,1975,0,0,0,,0,001,"PUIENTE AV","ORANGE AV",100.00,E,N,A,-,N,,,,,,,,,,N,2,0,1,1,A,-,01,23152,A,N,E,I,A,A,H,-,C,A,0,,,,,Y,Y,D,22,1,0,0,0,0,0,0,0,0,"- ","- ",34.079151153564453,-117.90778350830078,"LOS ANGELES","WEST COVINA",-117.94194030761719,34.082878112792969
9265379,2021,2021-05-26,1942,2021-05-12,1735,38088,0341,3,5,7,1942,0,0,0,C,0,25MX87,"LA CIENEGA BL","OBAMA BL",2000.00,,N,B,-,N,,,,,,,,,,Y,4,0,1,3,A,-,01,23152,A,N,C,C,A,A,H,-,A,A,0,,,,,Y,Y,A,07,0,0,1,0,0,0,0,0,0,"- ","- ",,,"LOS ANGELES","LOS ANGELES",-118.37236022949219,34.021701812744141
9265765,2021,2021-06-01,1942,2021-04-30,1955,42011,1801,5,5,7,1942,0,0,0,R,0,18A1,"S HOOVER ST","W 91ST ST",10.00,N,N,A,-,N,,,,,,,,,,Y,4,0,1,3,A,-,01,23152,A,N,A,C,A,A,H,-,C,A,0,,,,,Y,Y,A,01,0,0,1,0,0,0,0,0,0,"- ","- ",,,"LOS ANGELES","LOS ANGELES",-118.2869873046875,33.954196929931641
9267683,2021,2021-05-25,1942,2021-05-10,2140,44256,1393,1,5,7,1942,0,0,0,M,0,12X52,"FLORENCE AV",BROADWAY,0.00,,Y,A,-,N,,,,,,,,,,Y,4,0,1,2,A,-,01,23152,A,N,D,C,A,A,H,-,C,A,0,,,,,Y,Y,A,01,0,0,1,0,0,0,0,0,0,"- ","- ",,,"LOS ANGELES","LOS ANGELES",-118.27832794189453,33.974658966064453
9267690,2021,2021-05-26,1900,2021-05-01,0156,538684,2608,6,5,6,1950,0,0,0,,0,264T1,"40TH ST EAST","PALMDALE BL",262.00,N,N,A,-,N,,,,,,,,,,Y,3,0,1,1,A,-,01,23152,A,N,E,I,A,A,H,-,C,A,0,,,,,Y,Y,A,01,0,1,0,0,0,0,0,0,0,"- ","- ",34.345188140869141,-118.33010864257812,"LOS ANGELES",PALMDALE,-118.05837249755859,34.580966949462891
9269782,2021,2021-06-01,1972,2021-03-26,1637,21239,,5,5,6,1972,0,0,0,,0,,"SEPULVEDA BL","ERIEL AV",15.00,W,N,A,-,N,,,,,,,,,,N,4,0,2,3,A,-,03,22350,,M,C,C,A,A,H,-,A,A,0,,,,,Y,Y,D,,0,0,2,0,0,0,0,0,0,"- ","- ",,,"LOS ANGELES",TORRANCE,-118.33023834228516,33.822238922119141
9270392,2021,2021-06-10,1928,2021-05-09,0522,50421,505,7,5,5,1928,0,0,0,,0,503,"HAWTHORNE BL","130TH ST N",0.00,,Y,B,-,,,,,,,,,,,Y,2,0,1,2,A,-,01,23152,A,N,G,B,F,A,H,-,C,A,0,Y,,,,Y,Y,A,01,1,0,0,0,1,0,0,0,0,"- ","- ",33.914558410644531,-118.35256958007812,"LOS ANGELES",HAWTHORNE,-118.352783203125,33.914527893066406
9270668,2021,2021-06-03,1955,2021-04-02,2256,42424,4,5,5,6,1955,0,0,0,,0,0087,"TOWNE AV","PHILADELPHIA ST",111.00,S,N,A,-,N,,,,,,,,,,Y,3,0,1,2,A,-,01,23152,A,N,B,E,A,A,H,-,C,A,0,,,,,Y,Y,A,08,0,1,0,0,0,0,0,0,0,"- ","- ",34.03350830078125,-117.74053192138672,"LOS ANGELES",POMONA,-117.74052429199219,34.033214569091797
9270727,2021,2021-06-04,1906,2021-04-23,2153,4439,"EL MO",5,5,5,1906,0,0,0,,0,001,"RAMONA BL","FRANCISQUITO AV",0.00,,Y,A,-,N,,,,,,,,,,Y,4,0,4,2,A,-,01,23153,A,N,D,C,A,A,H,-,C,A,0,,,,,Y,Y,A,01,0,0,4,0,0,0,0,0,0,"- ","- ",,,"LOS ANGELES","BALDWIN PARK",-117.98917388916016,34.079734802246094
9277092,2021,2021-06-21,1942,2021-05-18,0740,39048,1526,2,5,7,1942,0,0,0,O,0,15A33,"LANKERSHIM BL","VICTORY BL",60.00,S,N,A,-,N,,,,,,,,,,N,4,0,2,2,A,-,01,23152,A,N,C,C,A,A,H,-,A,A,0,,,,,Y,Y,A,07,0,0,2,0,0,0,0,0,0,"- ","- ",,,"LOS ANGELES","LOS ANGELES",-118.38772583007812,34.1865234375
9278708,2021,2021-07-23,1941,2021-06-03,2023,11666,,4,5,7,1941,0,0,0,,0,,"MAGNOLIA AV","15TH ST",0.00,,Y,A,-,N,,,,,,,,,,N,4,0,1,2,A,-,10,21950,,F,A,B,B,A,H,-,C,A,0,Y,,,,Y,Y,A,,0,0,1,0,1,0,0,0,0,"- ","- ",,,"LOS ANGELES","LONG BEACH",-118.19809722900391,33.785873413085938
9279764,2021,2021-06-22,1942,2021-03-06,2250,36110,LOSAN,6,5,7,1942,0,0,0,,0,1483,"MANCHESTER AV","FALLMOUTH AV",0.00,,Y,A,-,N,,,,,,,,,,N,3,0,1,2,A,-,10,21950,A,F,G,B,B,A,H,-,D,A,0,Y,,,,Y,Y,-,99,0,1,0,0,1,0,0,0,0,"- ","- ",,,"LOS ANGELES","LOS ANGELES",-118.43744659423828,33.958873748779297
9280554,2021,2021-07-21,1942,2021-06-10,1410,40404,1822,4,5,7,1942,0,0,0,R,0,18A17,"S MAIN ST","E CENTURY BL",0.00,,Y,A,-,N,,,,,,,,,,Y,3,0,2,2,A,-,01,23152,A,N,A,C,A,A,H,-,A,A,0,,,,,Y,Y,A,07,0,1,1,0,0,0,0,0,0,"- ","- ",,,"LOS ANGELES","LOS ANGELES",-118.27389526367188,33.945560455322266
9284875,2021,2021-07-14,1942,2021-06-12,2346,43839,1823,6,5,7,1942,0,0,0,R,0,18A3W3,"SAN PEDRO","104TH ST",0.00,,Y,A,-,N,,,,,,,,,,Y,4,0,1,2,A,-,03,22350,,F,C,D,A,A,H,-,C,D,0,,,,,Y,Y,-,99,0,0,1,0,0,0,0,0,0,"- ","- ",,,"LOS ANGELES","LOS ANGELES",-118.26953125,33.941951751708984
9287139,2021,2021-08-13,1942,2021-07-05,0025,33403,0834,1,5,7,1942,0,0,0,H,0,8A59,"SANTA MONICA BL","MANNING AV",0.00,,Y,A,-,N,,,,,,,,,,Y,3,0,2,2,A,-,01,23152,A,N,D,C,A,A,H,-,C,A,0,,,,,Y,Y,A,07,0,1,1,0,0,0,0,0,0,"- ","- ",,,"LOS ANGELES","LOS ANGELES",-118.43108367919922,34.052463531494141
9287161,2021,2021-08-18,1942,2021-07-24,0030,38613,1654,6,5,7,1942,0,0,0,P,0,16A23,"BRANFORD ST","GLENOAKS BL",34.00,W,N,A,-,N,,,,,,,,,,Y,3,0,2,2,A,-,01,23152,A,N,C,C,A,A,H,-,C,A,0,,,,,Y,Y,A,01,0,1,1,0,0,0,0,0,0,"- ","- ",,,"LOS ANGELES","LOS ANGELES",-118.39348602294922,34.255317687988281
9287164,2021,2021-08-18,1942,2021-07-25,0050,38613,2148,7,5,7,1942,0,0,0,,0,21A29,"VANOWEN ST","OSO AV",0.00,,Y,A,-,N,,,,,,,,,,Y,2,0,1,2,A,-,01,23152,A,N,D,C,A,A,H,-,C,A,0,,,Y,,Y,Y,A,01,1,0,0,0,0,0,0,0,1,"- ","- ",,,"LOS ANGELES","LOS ANGELES",-118.57532501220703,34.193798065185547
9288074,2021,2021-07-07,1900,2021-05-30,2104,611140,2608,7,5,6,1950,0,0,0,,0,264T1,"40TH ST EAST","AVENUE Q-2",0.00,,Y,A,-,N,,,,,,,,,,Y,3,0,2,2,A,-,01,23152,A,N,A,C,A,A,H,-,C,D,0,,,,,Y,Y,A,01,0,2,0,0,0,0,0,0,0,"- ","- ",34.585498809814453,-118.05845642089844,"LOS ANGELES",PALMDALE,-118.05850219726562,34.587387084960938
9292442,2021,2021-07-23,1942,2021-06-03,1740,43755,1745,4,5,7,1942,0,0,0,Q,0,17X66,"ZELZAH AV","SAN JOSE ST",20.00,S,N,A,-,N,,,,,,,,,,N,3,0,1,2,A,-,17,22517,,N,B,G,A,A,H,-,A,D,0,,Y,,,Y,Y,A,01,0,1,0,0,0,0,1,0,0,"- ","- ",,,"LOS ANGELES","LOS ANGELES",-118.52336120605469,34.261234283447266
9293648,2021,2021-08-16,1900,2021-07-06,0045,527057,0612,2,5,6,1985,0,0,0,,0,62T1,"WALNUT SPRINGS AV","DRYCLIFF ST",0.00,,Y,A,-,N,,,,,,,,,,N,3,0,1,2,A,-,01,23152,A,N,C,E,A,-,H,-,C,D,0,,,,,Y,Y,D,22,0,1,0,0,0,0,0,0,0,"- ","- ",34.421558380126953,-118.47054290771484,"LOS ANGELES","SANTA CLARITA",-118.47073364257812,34.421741485595703
9296703,2021,2021-09-09,1900,2021-08-02,0919,612140,2243,1,5,3,1989,0,0,0,,0,224T1,"LAS VIRGENES RD","SADDLE RIDGE LN",12.00,S,N,A,-,N,,,,,,,,,,Y,4,0,1,2,A,-,09,21801,A,N,D,C,A,A,H,-,A,D,0,,,,,Y,Y,-,"- ",0,0,1,0,0,0,0,0,0,"- ","- ",34.157508850097656,-118.69962310791016,"LOS ANGELES",CALABASAS,-118.70024871826172,34.157192230224609
9297628,2021,2021-08-05,1900,2021-06-27,0142,624326,2112,7,5,5,1943,0,0,0,,0,213H,"LONG BEACH BL","WISCONSIN AV",0.00,,Y,A,-,N,,,,,,,,,,N,4,0,1,2,A,-,11,21954,A,N,G,B,D,A,H,-,C,A,0,Y,,,,Y,Y,N,60,0,0,1,0,1,0,0,0,0,"- ","- ",,,"LOS ANGELES",LYNWOOD,-118.21581268310547,33.944011688232422
9303619,2021,2021-08-23,1901,2021-06-18,0009,285,13,5,5,5,1901,0,0,0,,0,002,"GLENDON WY","8TH ST",2.00,W,N,A,-,N,,,,,,,,,,Y,4,0,1,3,A,-,01,23152,G,N,E,J,A,A,H,-,C,D,0,,,,,Y,Y,A,01,0,0,1,0,0,0,0,0,0,"- ","- ",34.073951721191406,-118.13175201416016,"LOS ANGELES",ALHAMBRA,-118.13170623779297,34.073959350585938
9306102,2021,2021-08-24,1900,2021-04-02,2128,525754,292T1,5,5,5,1990,0,0,0,,0,2921,"DIAMOND BAR BL","SUNSET CROSSING RD",528.00,S,N,A,-,N,,,,,,,,,,Y,3,0,2,2,A,-,01,23152,A,N,E,I,A,A,H,-,C,D,0,,,,,Y,Y,D,22,0,2,0,0,0,0,0,0,0,"- ","- ",,,"LOS ANGELES","DIAMOND BAR",-117.81117248535156,34.027214050292969
9307894,2021,2021-09-14,1942,2021-07-25,0045,41210,0643,7,5,7,1942,0,0,0,F,0,2TT31,"SUNSET BL","FORMOSA AV",40.00,E,N,A,-,N,,,,,,,,,,N,4,0,1,2,A,-,01,23153,A,F,B,C,A,A,H,-,C,A,0,,,,,Y,Y,D,22,0,0,1,0,0,0,0,0,0,"- ","- ",,,"LOS ANGELES","LOS ANGELES",-118.34668731689453,34.097988128662109
9307943,2021,2021-09-16,1942,2021-07-25,1235,39022,0711,7,5,7,1942,0,0,0,G,0,27TL25,"ORLANDO AV","BEVERLY BL",250.00,N,N,A,-,N,,,,,,,,,,Y,3,0,1,2,A,-,01,23152,A,N,B,E,A,A,H,-,A,D,0,,,,,Y,Y,A,01,0,1,0,0,0,0,0,0,0,"- ","- ",,,"LOS ANGELES","LOS ANGELES",-118.3731689453125,34.076736450195312
9308604,2021,2021-10-22,1925,2021-08-04,1855,25918,3,3,5,6,1925,0,0,0,,0,248,"E HARVARD ST","S LOUISE ST",0.00,,Y,A,-,N,,,,,,,,,,Y,4,0,1,3,A,-,01,23152,A,M,D,C,A,A,H,-,B,A,0,,,,,Y,Y,A,01,0,0,1,0,0,0,0,0,0,"- ","- ",,,"LOS ANGELES",GLENDALE,-118.25260162353516,34.144443511962891
9314155,2021,2021-09-23,1942,2021-08-13,1850,34350,0465,5,5,7,1942,0,0,0,D,0,4A59,"EAST 4TH ST","EUCLID AV",0.00,,Y,A,-,N,,,,,,,,,,Y,2,0,1,2,A,-,10,21950,A,N,G,B,B,A,H,-,A,A,0,Y,,,,Y,Y,A,01,1,0,0,0,1,0,0,0,0,"- ","- ",,,"LOS ANGELES","LOS ANGELES",-118.20342254638672,34.036884307861328
9315430,2021,2021-09-14,1955,2021-07-27,0450,42633,49,2,5,6,1955,0,0,0,,0,001,"HOLT AV","HUNTINGTON BL",0.00,,Y,A,-,N,,,,,,,,,,,3,0,1,2,A,-,10,21950,A,N,G,B,D,A,H,-,C,D,0,Y,,,,Y,Y,A,01,0,1,0,0,1,0,0,0,0,"- ","- ",34.062191009521484,-117.76126861572266,"LOS ANGELES",POMONA,-117.76144409179688,34.062103271484375
9315652,2021,2021-09-29,1942,2021-08-01,0120,38982,1128,7,5,7,1942,0,0,0,K,0,24T31,"MERIDIAN ST","FISHER ST",30.00,E,N,A,-,N,,,,,,,,,,N,3,0,1,4,A,-,01,23152,A,N,C,E,A,A,H,-,C,D,0,,,,,Y,Y,A,01,0,1,0,0,0,0,0,0,0,"- ","- ",,,"LOS ANGELES","LOS ANGELES",-118.18163299560547,34.120109558105469
9317143,2021,2021-09-23,1900,2021-08-08,0229,630427,2826,7,5,5,1915,0,0,0,,0,281T1,"ATLANTIC AV","SAN VICENTE ST",20.00,N,N,A,-,N,,,,,,,,,,Y,4,0,1,3,A,-,03,22350,,F,A,C,A,A,H,-,C,A,0,,,,,Y,Y,-,,0,0,1,0,0,0,0,0,0,"- ","- ",,,"LOS ANGELES",COMPTON,-118.19367218017578,33.899513244628906
9318132,2021,2021-10-02,1900,2021-08-15,1640,647539,1365,7,5,5,1952,0,0,0,,0,132A,"PARAMOUNT BL","ROSECRANS AV",0.00,,Y,A,-,N,,,,,,,,,,Y,2,0,3,2,A,-,01,23152,A,N,D,C,A,A,H,-,A,A,0,,,,,Y,Y,A,01,1,1,1,0,0,0,0,0,0,"- ","- ",,,"LOS ANGELES",PARAMOUNT,-118.16024017333984,33.903640747070312
9319492,2021,2021-10-08,1942,2021-08-27,1255,43812,0513,5,5,7,1942,0,0,0,E,0,5A15-W,"ANAHEIM ST",GAFFEY,0.00,,Y,A,-,N,,,,,,,,,,Y,4,0,2,2,A,-,01,23152,A,F,D,C,A,A,H,-,A,A,0,,,,,Y,Y,-,"- ",0,0,2,0,0,0,0,0,0,"- ","- ",,,"LOS ANGELES","LOS ANGELES",-118.29753112792969,33.7821044921875
9320156,2021,2021-12-09,1942,2021-09-29,2135,42656,0814,3,5,7,1942,0,0,0,H,0,27T33,"CHURCH LN","BERWICK ST",44.00,N,N,A,-,N,,,,,,,,,,Y,1,1,0,2,A,-,01,23152,A,F,H,G,A,A,G,-,C,A,0,,Y,,,Y,Y,A,01,0,0,0,0,0,1,0,0,0,"- ","- ",,,"LOS ANGELES","LOS ANGELES",-118.45944976806641,34.064098358154297
9320168,2021,2021-12-09,1942,2021-10-11,0105,37575,0701,1,5,7,1942,0,0,0,G,0,27T31,"MELROSE AV","CRESCENT HEIGHTS BL",0.00,,Y,A,-,N,,,,,,,,,,Y,1,1,1,2,A,-,05,21460,A,N,D,C,A,A,H,-,C,A,0,,,,,Y,Y,A,01,0,1,0,0,0,0,0,0,0,"- ","- ",,,"LOS ANGELES","LOS ANGELES",-118.36591339111328,34.083736419677734
9321472,2021,2021-10-05,1942,2021-08-28,2210,41608,1596,6,5,7,1942,0,0,0,O,0,15A85,"VENTURA BL","WILLOWCREST AV",3.00,E,N,A,-,N,,,,,,,,,,N,3,0,1,2,A,-,08,22107,,F,A,I,F,A,H,-,C,D,0,Y,,,,Y,Y,A,01,0,1,0,0,1,0,0,0,0,"- ","- ",,,"LOS ANGELES","LOS ANGELES",-118.36408233642578,34.137893676757812
9321487,2021,2021-10-11,1942,2021-08-10,1830,43366,0911,2,5,7,1942,0,0,0,I,0,9X52W4,"SEPULVEDA BL","SHERMAN WY",250.00,S,N,A,-,N,,,,,,,,,,N,4,0,1,2,A,-,05,21651,A,F,B,C,A,A,H,-,A,D,0,,,,,Y,Y,-,99,0,0,1,0,0,0,0,0,0,"- ","- ",,,"LOS ANGELES","LOS ANGELES",-118.46620178222656,34.200435638427734
9321488,2021,2021-10-01,1942,2021-08-27,1930,33504,1027,5,5,7,1942,0,0,0,J,0,26T55,"SHERMAN WY","GENESTA AV",14.00,E,N,A,-,N,,,,,,,,,,Y,3,0,2,6,A,-,01,23152,A,N,C,C,A,A,H,-,C,A,0,,,,,Y,Y,A,01,0,1,1,0,0,0,0,0,0,"- ","- ",,,"LOS ANGELES","LOS ANGELES",-118.50324249267578,34.201129913330078
9324233,2021,2021-09-24,1910,2021-08-09,2013,05076,,1,5,4,1910,0,0,0,,0,004,"NORTH SANTA MONICA BL","N BEVERLY DR",0.00,,Y,A,-,N,,,,,,,,,,Y,4,0,2,2,A,-,12,21453,A,N,A,C,A,A,A,H,C,A,0,,,,,Y,Y,A,01,0,0,2,0,0,0,0,0,0,"- ","- ",,,"LOS ANGELES","BEVERLY HILLS",-118.40367126464844,34.071670532226562
9325649,2021,2021-09-30,1972,2021-08-06,2030,21205,,5,5,6,1972,0,0,0,,0,,"WOOD AV","WEST ALY",0.00,,-,A,-,N,,,,,,,,,,Y,3,0,1,2,A,-,01,23152,A,N,A,E,A,A,H,-,C,D,0,,,,,Y,Y,D,,0,1,0,0,0,0,0,0,0,"- ","- ",,,"LOS ANGELES",TORRANCE,,
9326875,2021,2021-11-01,1972,2021-09-03,2022,22167,,5,5,6,1972,0,0,0,,0,,"CRENSHAW BL","SKYPARK DR",15.00,N,N,A,-,N,,,,,,,,,,Y,4,0,1,2,A,-,01,23152,A,N,C,-,A,A,H,-,C,A,0,,,,,Y,Y,A,,0,0,1,0,0,0,0,0,0,"- ","- ",,,"LOS ANGELES",TORRANCE,-118.32809448242188,33.801551818847656
9327707,2021,2021-10-19,1955,2021-09-04,2027,42270,7,6,5,6,1955,0,0,0,,0,003,"HOLT AV","PALOMARES ST",0.00,,Y,A,-,N,,,,,,,,,,Y,3,0,2,2,A,-,09,21801,A,N,D,C,A,A,H,-,C,A,0,,,,,Y,Y,A,01,0,2,0,0,0,0,0,0,0,"- ","- ",34.055229187011719,-117.74568176269531,"LOS ANGELES",POMONA,-117.74596405029297,34.062488555908203
9336237,2021,2021-09-21,1953,2021-07-05,1653,9226,PASAD,1,5,6,1953,0,0,0,,0,002,"RAYMOND AV","PAINTER ST",67.00,S,N,A,-,N,,,,,,,,,,Y,4,0,1,2,-,-,"- ",,A,N,C,E,A,A,H,-,A,D,0,,,,,Y,Y,A,01,0,0,1,0,0,0,0,0,0,"- ","- ",,,"LOS ANGELES",PASADENA,-118.1490478515625,34.159496307373047
9336431,2021,2021-10-16,1941,2021-09-04,1924,11672,,6,5,7,1941,0,0,0,,0,,"10TH ST","GARDENIA AV",10.00,E,N,A,-,N,,,,,,,,,,Y,3,0,3,2,A,-,04,21703,,N,C,C,A,A,H,-,B,D,0,,,,,Y,Y,A,,0,1,2,0,0,0,0,0,0,"- ","- ",,,"LOS ANGELES","LONG BEACH",-118.16871643066406,33.778961181640625
9336570,2021,2021-10-21,1941,2021-09-09,1811,11540,,4,5,7,1941,0,0,0,,0,,"EAST 2ND ST","E SORRENTO DR",0.00,,Y,A,-,N,,,,,,,,,,Y,2,0,1,1,A,-,01,23152,A,N,H,A,A,A,H,-,A,A,0,,,Y,,Y,Y,C,,1,0,0,0,0,0,0,0,1,"- ","- ",,,"LOS ANGELES","LONG BEACH",-118.12844085693359,33.757946014404297
9336591,2021,2021-10-16,1941,2021-09-05,1106,11093,,7,5,7,1941,0,0,0,,0,,"SOUTH ST","ORANGE AV",0.00,,Y,A,-,N,,,,,,,,,,Y,3,0,3,4,A,-,08,22107,,N,A,C,A,A,H,-,A,A,0,,,,,Y,Y,D,,0,1,2,0,0,0,0,0,0,"- ","- ",,,"LOS ANGELES","LONG BEACH",-118.17729949951172,33.860107421875
9337619,2021,2021-10-08,1942,2021-08-29,0015,42469,1689,7,5,7,1942,0,0,0,P,0,,"ROSCOE BL","SUNLAND BL",0.00,,N,A,-,N,,,,,,,,,,Y,3,0,1,1,A,-,01,23152,A,N,E,I,A,A,H,-,C,A,0,,,,,Y,Y,A,07,0,1,0,0,0,0,0,0,0,"- ","- ",,,"LOS ANGELES","LOS ANGELES",-118.36711120605469,34.221439361572266
9337670,2021,2021-12-07,1942,2021-09-14,0200,39876,0271,2,5,7,1942,0,0,0,B,0,24T31,"OLYMPIC BL","ALVARADO ST",0.00,,Y,A,-,N,,,,,,,,,,Y,4,0,2,2,A,-,01,23152,A,N,D,C,A,A,H,-,C,A,0,,,,,Y,Y,A,01,0,0,2,0,0,0,0,0,0,"- ","- ",,,"LOS ANGELES","LOS ANGELES",-118.27983093261719,34.051742553710938
9339548,2021,2021-10-14,1900,2021-08-31,2305,625597,NORTH,2,5,6,1950,0,0,0,,0,262T1,"RANCHO VISTA BL","SIERRA HWY",0.00,,Y,A,-,N,,,,,,,,,,Y,3,0,1,1,A,-,01,23152,A,N,E,I,A,A,H,-,C,D,0,,,,,Y,Y,A,01,0,1,0,0,0,0,0,0,0,"- ","- ",34.601799011230469,-118.12090301513672,"LOS ANGELES",PALMDALE,-118.12130737304688,34.601814270019531
9340419,2021,2021-10-14,1942,2021-08-26,1410,44580,0244,4,5,7,1942,0,0,0,B,0,2A4,"6TH ST","PARKVIEW ST",0.00,,Y,A,-,N,,,,,,,,,,N,4,0,1,2,A,-,11,21456,B,N,G,B,D,A,H,-,A,A,0,Y,,,,Y,Y,N,60,0,0,1,0,1,0,0,0,0,"- ","- ",,,"LOS ANGELES","LOS ANGELES",-118.27853393554688,34.061203002929688
9342776,2021,2021-11-16,1956,2021-10-13,1540,1335,50,3,5,5,1956,0,0,0,,0,003,"182ND ST","KINGSDALE AV",340.00,E,N,A,-,N,,,,,,,,,,Y,4,0,1,2,A,-,06,21750,,N,B,C,A,A,H,-,A,D,0,,,,,Y,Y,A,07,0,0,1,0,0,0,0,0,0,"- ","- ",33.865581512451172,-118.35661315917969,"LOS ANGELES","REDONDO BEACH",-118.35548400878906,33.865550994873047
9344261,2021,2021-10-30,1900,2021-08-20,1820,527381,2607,5,5,6,1950,0,0,0,,0,264T1,"47TH ST EAST","STARGAZER PL",0.00,,Y,A,-,N,,,,,,,,,,Y,4,0,1,3,A,-,03,22350,,N,C,C,A,A,H,-,A,D,0,,,,,Y,Y,D,22,0,0,1,0,0,0,0,0,0,"- ","- ",34.545398712158203,-118.04528045654297,"LOS ANGELES",PALMDALE,-118.04528045654297,34.545303344726562
9345192,2021,2021-12-09,1942,2021-10-09,1735,35298,158,6,5,7,1942,0,0,0,O,0,24M836,CENTRAL,7TH,0.00,,Y,A,-,N,,,,,,,,,,Y,3,0,1,2,A,-,01,23152,A,N,D,C,A,A,H,-,A,-,0,,,,Y,Y,Y,A,01,0,1,0,0,0,0,0,0,0,"- ","- ",,,"LOS ANGELES","LOS ANGELES",-118.24117279052734,34.036766052246094
9350058,2021,2021-11-05,1925,2021-09-25,0032,27423,3,6,5,6,1925,0,0,0,,0,243,"E ACACIA AV","S VERDUGO RD",0.00,,Y,A,-,N,,,,,,,,,,N,2,0,1,2,A,-,10,21950,A,N,G,B,B,A,H,-,C,A,0,Y,,,,Y,Y,A,01,1,0,0,0,1,0,0,0,0,"- ","- ",,,"LOS ANGELES",GLENDALE,-118.23361968994141,34.1361083984375