CASE_ID,ACCIDENT_YEAR,PROC_DATE,JURIS,COLLISION_DATE,COLLISION_TIME,OFFICER_ID,REPORTING_DISTRICT,DAY_OF_WEEK,CHP_SHIFT,POPULATION,CNTY_CITY_LOC,SPECIAL_COND,BEAT_TYPE,CHP_BEAT_TYPE,CITY_DIVISION_LAPD,CHP_BEAT_CLASS,BEAT_NUMBER,PRIMARY_RD,SECONDARY_RD,DISTANCE,DIRECTION,INTERSECTION,WEATHER_1,WEATHER_2,STATE_HWY_IND,CALTRANS_COUNTY,CALTRANS_DISTRICT,STATE_ROUTE,ROUTE_SUFFIX,POSTMILE_PREFIX,POSTMILE,LOCATION_TYPE,RAMP_INTERSECTION,SIDE_OF_HWY,TOW_AWAY,COLLISION_SEVERITY,NUMBER_KILLED,NUMBER_INJURED,PARTY_COUNT,PRIMARY_COLL_FACTOR,PCF_CODE_OF_VIOL,PCF_VIOL_CATEGORY,PCF_VIOLATION,PCF_VIOL_SUBSECTION,HIT_AND_RUN,TYPE_OF_COLLISION,MVIW,PED_ACTION,ROAD_SURFACE,ROAD_COND_1,ROAD_COND_2,LIGHTING,CONTROL_DEVICE,CHP_ROAD_TYPE,PEDESTRIAN_ACCIDENT,BICYCLE_ACCIDENT,MOTORCYCLE_ACCIDENT,TRUCK_ACCIDENT,NOT_PRIVATE_PROPERTY,ALCOHOL_INVOLVED,STWD_VEHTYPE_AT_FAULT,CHP_VEHTYPE_AT_FAULT,COUNT_SEVERE_INJ,COUNT_VISIBLE_INJ,COUNT_COMPLAINT_PAIN,COUNT_PED_KILLED,COUNT_PED_INJURED,COUNT_BICYCLIST_KILLED,COUNT_BICYCLIST_INJURED,COUNT_MC_KILLED,COUNT_MC_INJURED,PRIMARY_RAMP,SECONDARY_RAMP,LATITUDE,LONGITUDE,COUNTY,CITY,POINT_X,POINT_Y
5893086,2012,2014-01-11,1922,2012-12-26,1907,505,,3,5,6,1922,0,0,0,,0,,"RAMONA BL","COGSWELL RD",0.00,,Y,A,-,N,,,,,,,,,,N,4,0,1,2,A,-,09,21801,A,N,D,B,B,A,H,-,C,A,0,Y,,,,Y,Y,D,22,0,0,1,0,1,0,0,0,0,"- ","- ",,,"LOS ANGELES","EL MONTE",-118.01277223,34.075314919999997
5896545,2012,2014-04-24,1900,2012-10-23,0228,263103,0975,2,5,4,1979,0,0,0,,0,93T1,"SANTA MONICA BL","HAYWORTH AV",75.00,W,N,C,-,N,,,,,,,,,,Y,4,0,1,2,A,-,01,23152,A,N,D,C,A,B,H,-,C,D,0,,,,,Y,Y,A,01,0,0,1,0,0,0,0,0,0,"- ","- ",,,"LOS ANGELES","WEST HOLLYWOOD",-118.36325935000001,34.090798749999998
5896810,2012,2014-01-08,9575,2012-11-12,2305,20006,,1,3,7,1942,0,1,1,,2,060,"RT 210","FOOTHILL BL",214.00,W,N,A,-,Y,LA,7,210,-,R,5.762,R,2,E,Y,3,0,1,1,A,-,01,23152,A,N,E,I,A,A,H,-,C,D,1,,,,,Y,Y,A,01,0,1,0,0,0,0,0,0,0,TO,"- ",34.287350000000004,-118.40828999999999,"LOS ANGELES","LOS ANGELES",-118.41154218,34.291604909999997
5898547,2012,2014-01-13,1942,2012-12-26,0655,25250,0380,3,5,7,1942,0,0,0,C,0,3A1,"HOOVER ST","22ND ST",80.00,N,N,C,-,N,,,,,,,,,,Y,4,0,1,2,A,-,01,23152,A,N,A,C,A,B,H,-,A,A,0,,,,,Y,Y,A,01,0,0,1,0,0,0,0,0,0,"- ","- ",,,"LOS ANGELES","LOS ANGELES",-118.28401472,34.036404009999998
5898736,2012,2014-04-24,1970,2012-10-07,0153,820,NORTH,7,5,4,1970,0,0,0,,0,001,"ORANGE GROVE AV","PROSPECT CIR",0.00,,Y,A,-,N,,,,,,,,,,Y,4,0,1,1,A,-,01,23152,A,N,E,I,A,A,H,-,C,D,0,,,,,Y,Y,A,01,0,0,1,0,0,0,0,0,0,"- ","- ",,,"LOS ANGELES","SOUTH PASADENA",-118.1591323,34.12209489
5899501,2012,2013-12-30,1942,2012-11-27,0130,37786,1253,2,5,7,1942,0,0,0,L,0,12A45,"VAN NESS AV","76TH ST",15.00,S,N,A,-,N,,,,,,,,,,Y,4,0,1,2,A,-,01,23152,A,N,C,C,A,A,H,-,C,A,0,,,,,Y,Y,A,01,0,0,1,0,0,0,0,0,0,"- ","- ",,,"LOS ANGELES","LOS ANGELES",-118.31775218999999,33.970883700000002
5902191,2012,2014-01-11,1942,2012-12-16,0230,37854,2134,7,5,7,1942,0,0,0,,0,21A1,"FARRALONE AV","SHERMAN WY",250.00,S,N,A,-,N,,,,,,,,,,Y,3,0,1,2,A,-,01,23152,A,N,H,B,E,A,H,-,C,D,0,Y,,,,Y,Y,A,01,0,1,0,0,1,0,0,0,0,"- ","- ",,,"LOS ANGELES","LOS ANGELES",-118.61033140000001,34.200319059999998
5902662,2013,2014-01-21,1942,2013-01-21,1200,38185,2103,1,5,7,1942,0,0,0,,0,10TL34,"TOPANGA CANYON BL","CHASE AV",160.00,S,N,A,-,N,,,,,,,,,,Y,4,0,1,4,A,-,01,23152,,N,C,C,A,A,H,-,A,A,0,,,,,Y,Y,A,07,0,0,1,0,0,0,0,0,0,"- ","- ",,,"LOS ANGELES","LOS ANGELES",-118.60602230000001,34.223805900000002
5907048,2012,2014-01-03,9580,2012-11-15,0220,018718,,4,3,7,1942,0,1,3,,2,170,"RT 170","WHITSETT AV",1414.00,N,N,A,-,Y,LA,7,170,-,R,18.920,H,-,N,Y,2,0,1,1,A,-,01,23152,A,N,F,I,A,A,H,-,D,D,1,,,,,Y,Y,A,01,1,0,0,0,0,0,0,0,0,"- ","- ",34.219070000000002,-118.40863,"LOS ANGELES","LOS ANGELES",-118.40696574,34.210306279999998
5907076,2012,2014-04-30,1942,2012-11-22,0635,34959,0814,4,5,7,1942,0,0,0,H,0,6TL7,"SUNSET BL","CHURCH LN",0.00,,Y,A,-,Y,LA,7,405,-,-,32.903,R,4,S,Y,3,0,1,2,A,-,01,23152,A,N,D,C,A,A,H,-,A,A,0,,,,,Y,Y,A,01,0,1,0,0,0,0,0,0,0,"- ","- ",,,"LOS ANGELES","LOS ANGELES",-118.46539217,34.071084880000001
5907116,2012,2014-01-03,1942,2012-11-07,0225,36537,,3,5,7,1942,0,0,0,,0,7A69,"6TH ST","FAIRFAX AV",14.00,E,N,B,-,N,,,,,,,,,,Y,4,0,1,1,A,-,01,23152,A,N,E,I,A,A,H,-,C,A,0,,,,,Y,Y,A,01,0,0,1,0,0,0,0,0,0,"- ","- ",,,"LOS ANGELES","LOS ANGELES",-118.36136607,34.064864849999999
5909645,2013,2014-03-03,1942,2013-01-25,1905,32774,0952,5,5,7,1942,0,0,0,I,0,9T55,"SEPULVEDA BL","MAGNOLIA BL",120.00,S,N,B,-,N,,,,,,,,,,N,4,0,3,3,A,-,01,23152,A,N,C,C,A,B,H,-,C,A,0,,,,,Y,Y,A,07,0,0,3,0,0,0,0,0,0,"- ","- ",,,"LOS ANGELES","LOS ANGELES",-118.46618220000001,34.164515700000003
5909985,2012,2014-01-15,9535,2012-12-28,0040,20161,,5,3,5,1959,0,1,1,,2,400,"RT 10","WALNUT GROVE AV",350.00,W,N,A,-,Y,LA,7,10,-,-,26.270,H,-,E,Y,4,0,2,3,A,-,01,23152,A,N,C,C,A,A,D,-,C,D,0,,,,,Y,Y,A,01,0,0,2,0,0,0,0,0,0,"- ","- ",34.072319999999998,-118.08150000000001,"LOS ANGELES",ROSEMEAD,-118.08475635000001,34.071924709999998
5910004,2013,2015-01-14,1900,2013-02-01,0346,473010,1510,5,5,5,1954,0,0,0,,0,151T3E,"WHITTIER BL","OLYMPIC BL",378.00,E,N,A,-,N,,,,,,,,,,N,1,1,0,2,A,-,11,21954,A,F,G,B,D,A,H,-,D,D,0,Y,,,,Y,Y,N,60,0,0,0,1,0,0,0,0,0,"- ","- ",,,"LOS ANGELES","PICO RIVERA",-118.09151199999999,34.005617999999998
5910115,2013,2015-01-09,9535,2013-01-13,0305,020347,,7,3,9,1900,0,1,1,,2,070,"RT 710","RT 60",245.00,N,N,A,-,Y,LA,7,60,-,R,3.646,R,2,E,Y,1,1,0,1,A,-,03,22350,,N,E,I,A,A,H,-,C,D,1,,,,,Y,Y,A,01,0,0,0,0,0,0,0,0,0,TO,"- ",34.035690000000002,-118.16685,"LOS ANGELES",UNINCORPORATED,-118.1612921,34.036444899999999
5910277,2013,2015-01-12,1942,2013-04-27,1400,38285,1723,6,5,7,1942,0,0,0,Q,0,16TL23,"DEVONSHIRE ST","WINNETKA AV",0.00,,Y,A,-,N,,,,,,,,,,Y,1,1,3,2,A,-,09,21801,A,N,D,C,A,A,H,-,A,A,0,,,Y,,Y,Y,A,01,1,0,2,0,0,0,0,1,0,"- ","- ",,,"LOS ANGELES","LOS ANGELES",-118.57097229999999,34.257244900000003
5910554,2013,2013-06-28,9540,2013-01-01,0410,16811,,2,3,9,1900,0,3,5,,2,200,"SAND CANYON RD","SANTA CLARA DIVIDE RD",533.00,W,N,A,-,N,,,,,,,,,,N,1,1,0,1,A,-,01,23152,A,N,E,I,A,A,H,-,D,D,0,,,,,Y,Y,A,01,0,0,0,0,0,0,0,0,0,"- ","- ",34.361260000000001,-118.39060000000001,"LOS ANGELES",UNINCORPORATED,,
5910665,2013,2015-01-13,9545,2013-05-20,0935,012653,,1,1,9,1900,0,3,5,,2,003,"ANGELES FOREST HWY","MILL CREEK SUMMIT",2112.00,S,N,A,-,N,,,,,,,,,,Y,1,1,0,2,A,-,08,22107,,N,E,I,A,A,H,-,A,D,0,,,Y,,Y,Y,C,02,0,0,0,0,0,0,0,1,0,"- ","- ",,,"LOS ANGELES",UNINCORPORATED,-118.084586,34.389491999999997
5910703,2013,2015-01-14,1942,2013-07-05,0300,38356,1591,5,5,7,1942,0,0,0,O,0,16T25,"VENTURA BL","RADFORD AV",0.00,,Y,A,-,N,,,,,,,,,,Y,1,1,0,1,A,-,03,22350,,N,E,J,A,A,H,-,C,A,0,,,Y,,Y,Y,C,02,0,0,0,0,0,0,0,1,0,"- ","- ",,,"LOS ANGELES","LOS ANGELES",-118.39287229999999,34.143634900000002
5910720,2013,2015-01-12,9590,2013-04-19,0212,20029,,5,3,7,1942,0,1,1,,2,012,"RT 110","LOS ANGELES RIVER",63.00,S,N,A,-,Y,LA,7,110,-,-,27.063,R,3,N,Y,1,2,0,1,A,-,08,22107,,N,E,I,A,A,H,-,C,D,1,,,,,Y,Y,A,01,0,0,0,0,0,0,0,0,0,TO,"- ",34.092550000000003,-118.20612,"LOS ANGELES","LOS ANGELES",-118.20631210000001,34.092324900000001
5911060,2013,2015-01-08,1941,2013-08-25,2219,5843,,7,5,7,1941,0,0,0,,0,,"OCEAN BL","HENRY FORD AV",0.00,E,-,A,-,N,,,,,,,,,,Y,1,1,0,2,A,-,03,22350,,N,C,C,A,A,H,-,C,D,0,,,Y,,Y,Y,C,,0,0,0,0,0,0,0,1,0,"- ","- ",,,"LOS ANGELES","LONG BEACH",-118.2404422,33.758054899999998
5911237,2012,2013-10-09,1900,2012-12-23,1922,457376,1322,7,5,5,1935,0,0,0,,0,132F,"BELLFLOWER BL","HEDDA ST",30.00,N,N,A,-,N,,,,,,,,,,N,1,1,0,2,A,-,11,21954,A,N,G,B,D,A,H,-,D,D,0,Y,,,,Y,Y,N,,0,0,0,1,0,0,0,0,0,"- ","- ",,,"LOS ANGELES",LAKEWOOD,-118.12539215,33.86426711
5911323,2013,2013-10-31,9565,2013-06-28,0245,11847,,5,3,5,1928,0,1,1,,2,060,"RT 405","ROSECRANS AV",1079.00,N,N,B,-,Y,LA,7,405,-,-,19.440,H,-,S,Y,1,2,2,3,A,-,01,23152,A,N,C,C,A,A,H,-,C,D,1,,,,Y,Y,Y,A,01,1,0,1,0,0,0,0,0,0,"- ","- ",33.905000000000001,-118.37058,"LOS ANGELES",HAWTHORNE,-118.3705521,33.906282500000003
5911406,2013,2015-01-16,9530,2013-01-26,2355,20384,,6,3,4,1939,0,1,1,,2,400,"RT 405","INGLEWOOD AV",500.00,S,N,B,-,Y,LA,7,405,-,-,18.091,R,2,N,Y,1,1,0,1,A,-,08,22107,,N,E,I,A,A,H,-,C,D,1,,,,,Y,Y,A,01,0,0,0,0,0,0,0,0,0,TO,"- ",33.8904,-118.35975000000001,"LOS ANGELES",LAWNDALE,-118.3581521,33.888794900000001
5911470,2013,2015-01-13,1942,2013-10-21,0300,38639,0521,1,5,7,1942,0,0,0,E,0,12T41,"GAFFEY ST","WESTMOUNT DR",3430.00,N,N,A,-,N,,,,,,,,,,Y,1,1,0,2,A,-,11,21954,A,N,G,B,D,A,H,-,E,D,0,Y,,,,Y,Y,N,60,0,0,0,1,0,0,0,0,0,"- ","- ",,,"LOS ANGELES","LOS ANGELES",-118.29520650000001,33.773110299999999
5911488,2013,2015-01-12,1942,2013-11-01,1935,38354,1708,5,5,7,1942,0,0,0,Q,0,16T23,"SAN FERNANDO RD","BALBOA BL",770.00,S,N,A,-,N,,,,,,,,,,N,1,1,0,1,A,-,03,22350,,N,E,I,A,A,H,-,C,A,0,,,Y,,Y,Y,C,02,0,0,0,0,0,0,0,1,0,"- ","- ",,,"LOS ANGELES","LOS ANGELES",-118.49459589999999,34.318866200000002
5911631,2013,2015-01-12,9590,2013-08-16,0055,20060,,5,3,7,1942,0,1,1,,2,011,"RT 110","COLLEGE ST",401.00,N,N,A,-,Y,LA,7,110,-,-,24.240,H,-,S,Y,1,1,0,2,A,-,01,23152,A,F,C,C,A,A,H,-,D,D,1,,,Y,,Y,Y,A,07,0,0,0,0,0,0,0,1,0,"- ","- ",34.066119999999998,-118.24254000000001,"LOS ANGELES","LOS ANGELES",-118.2418526,34.066092300000001
5911636,2013,2015-01-12,1942,2013-10-06,0350,38639,0399,7,5,7,1942,0,0,0,C,0,3T5,"FIGUEROA ST","VERNON AV",0.00,N,N,A,-,N,,,,,,,,,,Y,1,1,1,3,A,-,11,21954,A,N,G,B,D,A,H,-,C,A,0,Y,,,,Y,Y,N,60,1,0,0,1,1,0,0,0,0,"- ","- ",,,"LOS ANGELES","LOS ANGELES",-118.2827322,34.003754899999997
5911789,2013,2015-01-09,9535,2013-08-18,1959,20033,,7,2,5,1969,0,1,1,,2,075,"RT 710","FIRESTONE BL",713.00,N,N,A,-,Y,LA,7,710,-,-,18.580,H,-,S,N,1,1,1,2,A,-,11,21954,A,N,G,B,E,A,H,-,B,D,1,Y,,,,Y,Y,N,60,0,1,0,1,0,0,0,0,0,"- ","- ",33.950769999999999,-118.17055999999999,"LOS ANGELES","SOUTH GATE",-118.17078530000001,33.952269899999997
5912010,2014,2015-12-21,1900,2014-01-10,2230,525744,1132,5,5,6,1992,0,0,0,,0,112T2,"AVENUE J","RODIN AV",32.00,E,N,A,-,N,,,,,,,,,,Y,1,1,0,2,A,-,11,21954,A,N,G,B,D,A,H,-,C,D,0,Y,,,,Y,Y,N,,0,0,0,1,0,0,0,0,0,"- ","- ",,,"LOS ANGELES",LANCASTER,-118.11859378,34.689570000000003
5912047,2013,2015-01-13,9565,2013-04-06,0030,20395,,6,3,9,1900,0,3,5,,2,003,"STOCKER ST","PRESIDIO DR",466.00,W,N,A,-,N,,,,,,,,,,Y,1,1,0,2,A,-,11,21954,A,N,G,B,D,A,H,-,D,D,0,Y,,,,Y,Y,N,60,0,0,0,1,0,0,0,0,0,"- ","- ",34.004649999999998,-118.34182,"LOS ANGELES",UNINCORPORATED,-118.3427671,34.004556999999998
5912290,2012,2014-01-13,1900,2012-12-23,0103,470458,2923,7,5,5,1990,0,0,0,,0,292K3E,"CHINO HILLS PKWY","CHINO AV",480.00,S,N,A,-,N,,,,,,,,,,Y,4,0,1,1,A,-,01,23152,A,N,F,I,A,A,H,-,D,D,0,,,,,Y,Y,A,01,0,0,1,0,0,0,0,0,0,"- ","- ",,,"LOS ANGELES","DIAMOND BAR",-117.76920068,34.012470440000001
5913521,2012,2014-01-14,1942,2012-12-09,0409,00001,,7,5,7,1942,0,0,0,,0,,"RT 5","INDIANA ST",700.00,S,N,A,-,Y,LA,7,5,-,-,14.763,R,1,S,Y,3,0,2,1,A,-,01,23152,A,N,E,I,A,A,H,-,C,D,0,,,,,Y,Y,A,01,0,2,0,0,0,0,0,0,0,TO,"- ",34.019959999999998,-118.18922000000001,"LOS ANGELES","LOS ANGELES",-118.18787211999999,34.02008489
5914296,2013,2014-10-22,9575,2013-01-18,2355,19756,,5,3,6,1912,0,1,1,,2,051,"RT 5","VERDUGO AV",100.00,S,N,A,-,Y,LA,7,5,-,-,28.900,H,-,N,Y,3,0,1,2,A,-,01,23152,A,N,C,C,A,A,H,-,D,D,1,,,,,Y,Y,A,01,0,1,0,0,0,0,0,0,0,"- ","- ",34.176479999999998,-118.30759999999999,"LOS ANGELES",BURBANK,-118.30719449999999,34.1758296
5914417,2013,2014-01-22,1900,2013-01-17,1800,524132,2608,4,5,6,1950,0,0,0,,0,263T1,"PALMDALE BL","POND AV",0.00,,Y,A,-,N,,,,,,,,,,Y,3,0,1,2,A,-,01,23152,A,N,A,C,A,A,H,-,C,D,0,,,,,Y,Y,D,22,0,1,0,0,0,0,0,0,0,"- ","- ",,,"LOS ANGELES",PALMDALE,-118.0704322,34.580255000000001
5914429,2013,2014-01-22,1900,2013-01-16,2125,524132,2603,3,5,6,1950,0,0,0,,0,263T1,"PEARBLOSSOM HWY","25TH ST EAST",0.00,,Y,A,-,N,,,,,,,,,,Y,3,0,2,2,A,-,01,23152,A,M,C,C,A,A,H,-,C,A,0,,,,,Y,Y,D,22,0,1,1,0,0,0,0,0,0,"- ","- ",,,"LOS ANGELES",PALMDALE,-118.0825723,34.537945000000001
5914592,2013,2014-02-03,1942,2013-02-03,0245,39341,0236,7,5,7,1942,0,0,0,B,0,2T15,"ALVARADO ST","BEVERLY BL",0.00,,Y,B,-,N,,,,,,,,,,Y,3,0,3,2,A,-,01,23153,A,N,D,C,A,A,H,-,C,A,0,,,,Y,Y,Y,F,26,0,1,2,0,0,0,0,0,0,"- ","- ",,,"LOS ANGELES","LOS ANGELES",-118.2703222,34.066664899999999
5914994,2013,2014-02-03,1942,2013-02-03,0630,38033,1037,7,5,7,1942,0,0,0,J,0,19TL77,"WHITE OAK AV","KITTRIDGE ST",22.00,S,N,A,-,N,,,,,,,,,,Y,3,0,1,1,A,-,03,22350,,N,E,I,A,A,H,-,B,A,0,,,,,Y,Y,D,22,0,1,0,0,0,0,0,0,0,"- ","- ",,,"LOS ANGELES","LOS ANGELES",-118.5185409,34.190184500000001
5915037,2013,2014-02-03,1942,2013-02-03,1635,39971,1989,7,5,7,1942,0,0,0,,0,9TL56,"ROSCOE BL","CANTERBURY AV",95.00,E,N,A,-,N,,,,,,,,,,Y,3,0,1,2,A,-,01,23152,A,N,D,C,A,A,H,-,A,D,0,,,,Y,Y,Y,A,01,0,1,0,0,0,0,0,0,0,"- ","- ",,,"LOS ANGELES","LOS ANGELES",-118.4169986,34.221643800000002
5918554,2012,2013-12-28,1942,2012-11-04,1500,37724,1268,7,5,7,1942,0,0,0,L,0,3TL57,"79TH ST","SAN PEDRO ST",454.00,W,N,A,-,N,,,,,,,,,,Y,2,0,1,3,A,-,01,23152,A,F,G,B,E,A,H,-,A,D,0,Y,,,,Y,Y,A,08,1,0,0,0,1,0,0,0,0,"- ","- ",,,"LOS ANGELES","LOS ANGELES",-118.27102646,33.967861380000002
5920506,2012,2014-01-21,9590,2012-12-08,0050,20159,,6,3,7,1942,0,1,1,,2,010,"RT 110","TUNNEL #2",70.00,S,N,A,-,Y,LA,7,110,-,-,25.085,R,2,N,Y,3,0,1,1,A,-,01,23152,A,N,E,I,A,A,H,-,C,D,1,,,,,Y,Y,A,07,0,1,0,0,0,0,0,0,0,"- ","- ",34.073509999999999,-118.2313,"LOS ANGELES","LOS ANGELES",-118.23236213,34.074814889999999
5920804,2013,2014-01-25,1942,2013-02-15,1040,38017,1001,5,5,7,1942,0,0,0,J,0,10TL36,"ROSCOE BL","TAMPA AV",0.00,,Y,A,-,N,,,,,,,,,,Y,2,0,3,4,A,-,09,21801,A,N,A,C,A,A,H,-,A,A,0,,,,,Y,Y,A,01,1,0,2,0,0,0,0,0,0,"- ","- ",,,"LOS ANGELES","LOS ANGELES",-118.5535823,34.220464900000003
5921859,2012,2014-01-15,1900,2012-12-30,1945,177805,0975,7,5,4,1979,0,0,0,,0,92T2,"SANTA MONICA BL","EDINBURGH AV",30.00,E,N,B,-,Y,,,,,,,,,,N,4,0,3,3,A,-,04,21703,,N,C,C,A,A,H,-,C,D,0,,,,,Y,Y,A,01,0,0,3,0,0,0,0,0,0,"- ","- ",,,"LOS ANGELES","WEST HOLLYWOOD",-118.36372335,34.090787290000002
5925138,2012,2014-02-11,9565,2012-07-22,0030,20343,,7,3,7,1942,0,1,1,,2,061,"RT 405","JEFFERSON AV",400.00,S,N,A,-,Y,LA,7,405,-,-,25.850,H,-,S,Y,3,0,1,2,A,-,01,23152,A,N,C,D,A,A,H,-,C,D,1,,,,Y,Y,Y,A,01,0,1,0,0,0,0,0,0,0,"- ","- ",33.984180000000002,-118.39603,"LOS ANGELES","LOS ANGELES",-118.39770694000001,33.985745909999999
5927356,2012,2014-05-06,9530,2012-07-20,2320,20236,,5,3,7,1941,0,1,1,,2,430,"RT 405","STUDEBAKER RD",248.00,N,N,A,-,Y,LA,7,405,-,-,0.550,H,-,S,N,2,0,1,2,A,-,11,21954,A,N,D,B,E,A,H,-,C,D,1,Y,,,,Y,Y,N,60,1,0,0,0,1,0,0,0,0,"- ","- ",33.793080000000003,-118.10294,"LOS ANGELES","LONG BEACH",-118.10175345,33.79218436
5927385,2013,2014-10-27,9580,2013-02-17,0755,14592,,7,1,7,1942,0,1,1,,2,406,"RT 405","LASSEN ST",800.00,S,N,A,-,Y,LA,7,405,-,-,45.590,H,-,N,Y,3,0,1,1,A,-,08,22107,,N,E,I,A,A,H,-,A,D,1,,,,,Y,Y,D,22,0,1,0,0,0,0,0,0,0,"- ","- ",34.246200000000002,-118.47263,"LOS ANGELES","LOS ANGELES",-118.4726364,34.246953400000002
5929872,2013,2014-01-18,1900,2013-01-31,0222,525096,1335,4,5,5,1908,0,0,0,,0,133T1,"RAMONA ST","COKE AV",0.00,,Y,A,-,N,,,,,,,,,,Y,4,0,1,4,A,-,01,23152,A,N,A,E,A,-,A,H,C,D,0,,,,,Y,Y,A,01,0,0,1,0,0,0,0,0,0,"- ","- ",,,"LOS ANGELES",BELLFLOWER,-118.1469822,33.872934899999997
5930194,2013,2014-06-09,1942,2013-01-10,0035,39222,0706,4,5,7,1942,0,0,0,G,0,8T35,"HIGHLAND AV","WILLOUGHBY AV",200.00,S,N,B,-,N,,,,,,,,,,Y,4,0,1,1,A,-,01,23152,A,N,A,I,A,A,H,-,C,A,0,,,,,Y,Y,A,01,0,0,1,0,0,0,0,0,0,"- ","- ",,,"LOS ANGELES","LOS ANGELES",-118.33860919999999,34.086546300000002
5935500,2012,2014-01-15,9575,2012-12-15,0330,19681,,6,3,9,1900,0,2,4,,2,021,"ALTADENA DR","GRESHAM AV",200.00,W,N,B,-,N,,,,,,,,,,Y,3,0,1,2,A,-,01,23152,A,N,C,C,A,B,H,-,D,D,0,,,,,Y,Y,A,01,0,1,0,0,0,0,0,0,0,"- ","- ",34.190289999999997,-118.12658,"LOS ANGELES",UNINCORPORATED,-118.12651200000001,34.190316000000003
5935558,2012,2014-01-15,9540,2012-12-01,0030,19598,,6,3,9,1900,0,2,4,,2,010,"THE OLD RD","SAGECREST CIR",4064.00,S,N,A,-,N,,,,,,,,,,Y,2,0,2,2,A,-,01,23152,A,N,A,C,A,A,H,-,D,D,0,,,,,Y,Y,A,01,1,1,0,0,0,0,0,0,0,"- ","- ",34.361240000000002,-118.55698,"LOS ANGELES",UNINCORPORATED,-118.55996795999999,34.369221269999997
5935754,2012,2014-01-16,1941,2012-12-29,0314,10137,,6,5,7,1941,0,0,0,,0,,"STUDEBAKER RD","HARCO ST",119.00,N,N,A,-,N,,,,,,,,,,Y,2,0,2,2,A,-,03,22350,,N,D,C,A,A,H,-,C,D,0,,,,,Y,Y,A,,1,0,1,0,0,0,0,0,0,"- ","- ",,,"LOS ANGELES","LONG BEACH",-118.09920627,33.827950520000002
5935828,2012,2013-12-27,9580,2012-11-17,2225,19930,,6,3,7,1942,0,1,1,,2,404,"RT 405","BURBANK BL",150.00,S,N,C,-,Y,LA,7,405,-,-,40.171,R,1,N,Y,4,0,2,2,A,-,01,23152,A,N,C,C,A,B,H,-,D,D,1,,,,,Y,Y,A,01,0,0,2,0,0,0,0,0,0,TO,"- ",34.17165,-118.46729999999999,"LOS ANGELES","LOS ANGELES",-118.46788218,34.169424890000002
5936255,2012,2014-02-25,9530,2012-05-13,1920,20270,,7,2,7,1941,0,1,1,,2,072,"RT 710","WARDLOW AV",450.00,S,N,A,-,Y,LA,7,710,-,-,8.970,H,-,S,Y,4,0,1,1,A,-,01,23152,A,N,E,I,A,A,H,-,A,D,1,,,,,Y,Y,A,07,0,0,1,0,0,0,0,0,0,"- ","- ",,,"LOS ANGELES","LONG BEACH",-118.20708879999999,33.819448469999998
5936282,2012,2013-09-07,9530,2012-05-12,1945,20049,,6,2,9,1900,0,3,5,,2,001,"SEVILLE AV","WALNUT AV",0.00,,Y,A,-,N,,,,,,,,,,Y,4,0,1,2,A,-,12,22450,A,F,D,C,A,A,H,-,C,A,0,,,,,Y,Y,-,99,0,0,1,0,0,0,0,0,0,"- ","- ",33.97269,-118.22248999999999,"LOS ANGELES",UNINCORPORATED,-118.22249231000001,33.973064890000003
5936960,2012,2014-01-15,1942,2012-12-22,1555,38266,0678,6,5,7,1942,0,0,0,F,0,6T2,"WESTERN AV","ROMAINE ST",0.00,,Y,B,-,N,,,,,,,,,,Y,4,0,1,2,A,-,09,21801,A,N,D,C,A,A,H,-,A,A,0,,,,,Y,Y,A,01,0,0,1,0,0,0,0,0,0,"- ","- ",,,"LOS ANGELES","LOS ANGELES",-118.30916224000001,34.088474949999998
5938976,2012,2013-12-21,9580,2012-10-07,1610,19171,,7,2,7,1942,0,1,2,,2,102,"RT 101","HASKELL AV",528.00,N,N,A,-,Y,LA,7,101,-,-,17.610,H,-,N,Y,3,0,1,2,A,-,01,23152,A,N,B,C,A,A,H,-,A,D,1,,,,,Y,Y,A,01,0,1,0,0,0,0,0,0,0,"- ","- ",34.16545,-118.47702,"LOS ANGELES","LOS ANGELES",-118.47743217999999,34.165484890000002
5939065,2012,2013-12-21,1942,2012-10-08,1520,37737,2157,1,5,7,1942,0,0,0,,0,17TL16,"VANOWEN ST","DESOTO AV",205.00,W,N,A,-,N,,,,,,,,,,N,4,0,1,2,A,-,05,21650,1,N,D,G,A,A,H,-,A,D,0,,Y,,,Y,Y,L,04,0,0,1,0,0,0,1,0,0,"- ","- ",,,"LOS ANGELES","LOS ANGELES",-118.58912904,34.193774859999998
5939855,2012,2014-04-24,1942,2012-11-16,0030,41089,2041,5,5,7,1942,0,0,0,,0,20A71,"OLYMPIC BL","3RD AV",126.00,W,N,B,-,N,,,,,,,,,,Y,2,0,2,1,A,-,03,22350,,N,E,I,A,B,H,-,C,D,0,,,,,Y,Y,A,01,1,0,1,0,0,0,0,0,0,"- ","- ",,,"LOS ANGELES","LOS ANGELES",-118.31797761,34.052813319999998
5942023,2013,2014-01-25,1942,2013-01-30,2335,39062,0429,3,5,7,1942,0,0,0,D,0,13T53,"SHEFFIELD AV","TEMPLETON ST",5.00,N,N,A,-,N,,,,,,,,,,Y,3,0,1,1,A,-,01,23152,A,N,E,I,A,A,H,-,C,A,0,,,,,Y,Y,A,01,0,1,0,0,0,0,0,0,0,"- ","- ",,,"LOS ANGELES","LOS ANGELES",-118.1614422,34.086358599999997