CASE_ID,ACCIDENT_YEAR,PROC_DATE,JURIS,COLLISION_DATE,COLLISION_TIME,OFFICER_ID,REPORTING_DISTRICT,DAY_OF_WEEK,CHP_SHIFT,POPULATION,CNTY_CITY_LOC,SPECIAL_COND,BEAT_TYPE,CHP_BEAT_TYPE,CITY_DIVISION_LAPD,CHP_BEAT_CLASS,BEAT_NUMBER,PRIMARY_RD,SECONDARY_RD,DISTANCE,DIRECTION,INTERSECTION,WEATHER_1,WEATHER_2,STATE_HWY_IND,CALTRANS_COUNTY,CALTRANS_DISTRICT,STATE_ROUTE,ROUTE_SUFFIX,POSTMILE_PREFIX,POSTMILE,LOCATION_TYPE,RAMP_INTERSECTION,SIDE_OF_HWY,TOW_AWAY,COLLISION_SEVERITY,NUMBER_KILLED,NUMBER_INJURED,PARTY_COUNT,PRIMARY_COLL_FACTOR,PCF_CODE_OF_VIOL,PCF_VIOL_CATEGORY,PCF_VIOLATION,PCF_VIOL_SUBSECTION,HIT_AND_RUN,TYPE_OF_COLLISION,MVIW,PED_ACTION,ROAD_SURFACE,ROAD_COND_1,ROAD_COND_2,LIGHTING,CONTROL_DEVICE,CHP_ROAD_TYPE,PEDESTRIAN_ACCIDENT,BICYCLE_ACCIDENT,MOTORCYCLE_ACCIDENT,TRUCK_ACCIDENT,NOT_PRIVATE_PROPERTY,ALCOHOL_INVOLVED,STWD_VEHTYPE_AT_FAULT,CHP_VEHTYPE_AT_FAULT,COUNT_SEVERE_INJ,COUNT_VISIBLE_INJ,COUNT_COMPLAINT_PAIN,COUNT_PED_KILLED,COUNT_PED_INJURED,COUNT_BICYCLIST_KILLED,COUNT_BICYCLIST_INJURED,COUNT_MC_KILLED,COUNT_MC_INJURED,PRIMARY_RAMP,SECONDARY_RAMP,LATITUDE,LONGITUDE,COUNTY,CITY,POINT_X,POINT_Y
6181052,2013,2014-04-08,1942,2013-08-24,2130,39281,1653,6,5,7,1942,0,0,0,P,0,21T61,"SAN FERNANDO RD","OSBORNE ST",0.00,,Y,A,-,N,,,,,,,,,,Y,4,0,2,2,A,-,01,23152,A,N,C,C,A,A,H,-,C,A,0,,,,,Y,Y,A,01,0,0,2,0,0,0,0,0,0,"- ","- ",,,"LOS ANGELES","LOS ANGELES",-118.4094923,34.254174900000002
6181114,2013,2014-03-19,1942,2013-08-08,2225,37575,1444,4,5,7,1942,0,0,0,N,0,20T59,"REDWOOD AV",BEACH,86.00,N,N,A,-,N,,,,,,,,,,Y,3,0,1,3,A,-,01,23152,A,N,C,C,A,A,H,-,C,D,0,,,,,Y,Y,A,01,0,1,0,0,0,0,0,0,0,"- ","- ",,,"LOS ANGELES","LOS ANGELES",-118.4419541,33.992742300000003
6182963,2013,2014-02-12,1900,2013-04-18,2000,466327,977,4,5,4,1979,0,0,0,,0,92T2,"CRESCENT HEIGHTS BL","FOUNTAIN AV",644.00,N,N,A,-,N,,,,,,,,,,N,4,0,1,2,A,-,21,22106,,M,D,B,F,A,H,-,C,D,0,Y,,,,Y,Y,A,01,0,0,1,0,1,0,0,0,0,"- ","- ",,,"LOS ANGELES","WEST HOLLYWOOD",-118.36596919999999,34.096151200000001
6186288,2013,2014-03-19,1942,2013-08-21,2135,39444,2189,3,5,7,1942,0,0,0,,0,9T55,"VENTURA BL","CORBIN AV",255.00,W,N,A,-,N,,,,,,,,,,N,4,0,2,2,A,-,03,22350,,F,B,C,A,A,H,-,C,A,0,,,,,Y,Y,-,99,0,0,2,0,0,0,0,0,0,"- ","- ",,,"LOS ANGELES","LOS ANGELES",-118.5630587,34.1725274
6188365,2013,2014-03-21,9540,2013-08-22,0100,17547,,4,3,7,1942,0,1,1,,2,406,"RT 405","RINALDI ST",4224.00,N,N,C,-,Y,LA,7,405,-,-,48.550,H,-,N,Y,4,0,1,1,A,-,01,23152,A,N,E,I,A,A,H,-,A,D,1,,,,,Y,Y,A,07,0,0,1,0,0,0,0,0,0,"- ","- ",34.290480000000002,-118.46742999999999,"LOS ANGELES","LOS ANGELES",-118.470179,34.294257399999999
6188539,2013,2014-03-21,9535,2013-08-16,2105,19815,,5,2,9,1900,0,3,5,,2,001,"MEDFORD ST","FISHBURN AV",37.00,E,N,A,-,N,,,,,,,,,,Y,3,0,1,1,A,-,01,23152,A,M,E,I,A,A,H,-,C,D,0,,,,,Y,Y,D,22,0,1,0,0,0,0,0,0,0,"- ","- ",34.242179999999998,-118.10305,"LOS ANGELES",UNINCORPORATED,-118.1907015,34.060650199999998
6188917,2013,2014-04-07,1931,2013-09-01,0211,5280,1931,7,5,5,1931,0,0,0,,0,001,"SEVILLE AV","BELGRAVE AV",30.00,N,N,A,-,N,,,,,,,,,,Y,3,0,1,5,A,-,06,21750,,N,B,E,A,A,H,-,C,D,0,,,,,Y,Y,A,07,0,1,0,0,0,0,0,0,0,"- ","- ",,,"LOS ANGELES","HUNTINGTON PARK",-118.2227022,33.987327100000002
6189081,2013,2014-04-05,1931,2013-08-26,1914,5283,1951,1,5,5,1931,0,0,0,,0,004,"FLORENCE AV","PASSAIC ST",148.00,E,N,A,-,N,,,,,,,,,,N,3,0,1,2,B,-,22,,,N,H,G,A,A,H,-,A,D,0,,Y,,,Y,Y,L,04,0,1,0,0,0,0,1,0,0,"- ","- ",,,"LOS ANGELES","HUNTINGTON PARK",-118.21595859999999,33.9732555
6190318,2013,2014-03-20,9545,2013-08-11,2105,19963,,7,2,9,1900,0,1,3,,2,031,"RT 14","SIERRA HWY",130.00,S,N,A,-,Y,LA,7,14,-,R,51.730,H,-,S,Y,4,0,1,2,A,-,03,22350,,N,E,I,A,A,H,-,C,A,1,,,,,Y,Y,A,01,0,0,1,0,0,0,0,0,0,FR,"- ",34.491199999999999,-118.14418999999999,"LOS ANGELES",UNINCORPORATED,-118.1481039,34.485780699999999
6190693,2013,2014-03-21,1907,2013-08-22,2245,229,2,4,5,4,1907,0,0,0,,0,,"GAGE AV","VINEVALE AV",0.00,,Y,A,-,N,,,,,,,,,,N,2,0,3,2,A,-,08,22107,,M,B,C,A,A,H,-,C,D,0,,,,,Y,Y,A,01,1,0,2,0,0,0,0,0,0,"- ","- ",,,"LOS ANGELES",BELL,-118.1814522,33.977414899999999
6191448,2013,2014-04-10,1900,2013-09-01,0228,273497,0453,7,5,6,1949,0,0,0,,0,43T1,"IMPERIAL HWY","STUDEBAKER RD",600.00,W,N,A,-,N,,,,,,,,,,Y,3,0,3,2,A,-,01,23152,A,N,C,C,A,A,H,-,C,A,0,,,,,Y,Y,A,01,0,1,2,0,0,0,0,0,0,"- ","- ",,,"LOS ANGELES",NORWALK,-118.10131560000001,33.917164800000002
6193410,2013,2014-04-08,9590,2013-09-02,2105,19755,,1,2,7,1942,0,1,1,,2,010,"RT 110","TUNNEL #4",100.00,N,N,A,-,Y,LA,7,110,-,-,25.488,R,2,N,Y,3,0,1,1,A,-,01,23152,A,N,B,I,A,A,H,-,C,D,1,,,,,Y,Y,A,01,0,1,0,0,0,0,0,0,0,"- ","- ",34.080260000000003,-118.22735,"LOS ANGELES","LOS ANGELES",-118.2285421,34.078124899999999
6195092,2013,2014-03-28,1955,2013-08-17,1300,40233,63,6,5,6,1955,0,0,0,,0,001,"BARJUD AV","LOMBARD ST",100.00,E,N,A,-,N,,,,,,,,,,N,3,0,1,2,A,-,08,22107,,F,B,C,A,A,H,-,A,D,0,,Y,,,Y,Y,A,01,0,1,0,0,0,0,1,0,0,"- ","- ",,,"LOS ANGELES",POMONA,-117.7972666,34.060646499999997
6197110,2013,2014-04-04,1942,2013-09-11,1730,40735,1729,3,5,7,1942,0,0,0,Q,0,19T74,"ZELZAH AV","LAHEY ST",184.00,N,N,A,-,N,,,,,,,,,,Y,3,0,1,2,A,-,01,23152,A,N,F,I,A,A,H,-,A,D,0,,,,,Y,Y,D,22,0,1,0,0,0,0,0,0,0,"- ","- ",,,"LOS ANGELES","LOS ANGELES",-118.5234736,34.273869500000004
6197841,2013,2014-04-02,9580,2013-08-26,1220,018580,,1,1,7,1942,0,1,1,,2,404,"RT 405","VICTORY BL",2490.00,S,N,A,-,Y,LA,7,405,-,-,40.890,H,-,S,Y,3,0,1,3,A,-,09,21804,A,F,B,C,A,A,H,-,A,D,1,,,,,Y,Y,-,99,0,1,0,0,0,0,0,0,0,"- ","- ",34.180480000000003,-118.70631,"LOS ANGELES","LOS ANGELES",-118.4712548,34.181167199999997
6198865,2013,2014-05-02,1942,2013-09-08,0255,36738,1801,7,5,7,1942,0,0,0,R,0,18T23,"VERMONT AV","92ND ST",180.00,N,N,A,-,N,,,,,,,,,,N,4,0,2,2,A,-,01,23152,A,F,C,E,A,A,H,-,C,D,0,,,,,Y,Y,D,22,0,0,2,0,0,0,0,0,0,"- ","- ",,,"LOS ANGELES","LOS ANGELES",-118.2916122,33.953288499999999
6199157,2013,2014-03-28,1942,2013-08-25,0545,41193,926,7,5,7,1942,0,0,0,,0,9A63,"VANOWEN ST","CANTALOUPE AV",15.00,E,N,A,-,N,,,,,,,,,,Y,3,0,1,3,A,-,01,23152,A,N,B,E,A,A,H,-,B,D,0,,,,,Y,Y,A,07,0,1,0,0,0,0,0,0,0,"- ","- ",,,"LOS ANGELES","LOS ANGELES",-118.4344127,34.193934900000002
6200553,2013,2014-04-03,1942,2013-09-07,2025,40527,0904,6,5,7,1942,0,0,0,I,0,15T43,"SATICOY ST","KESTER AV",145.00,W,N,A,-,N,,,,,,,,,,Y,2,0,1,2,A,-,06,21750,,F,C,C,A,A,H,-,C,D,0,,,Y,,Y,Y,-,99,1,0,0,0,0,0,0,0,1,"- ","- ",,,"LOS ANGELES","LOS ANGELES",-118.4579609,34.208440600000003
6200840,2013,2014-04-07,9580,2013-08-25,2205,20100,,7,3,7,1942,0,1,1,,2,404,"RT 405","MULHOLLAND DR",600.00,N,N,A,-,Y,LA,7,405,-,-,37.140,H,-,N,Y,4,0,1,2,A,-,01,23152,A,N,D,C,A,A,H,-,C,D,1,,,,,Y,Y,A,01,0,0,1,0,0,0,0,0,0,"- ","- ",34.151510000000002,-118.46642,"LOS ANGELES","LOS ANGELES",-118.4737287,34.129409899999999
6201390,2013,2014-04-03,9535,2013-08-24,0030,20416,,6,3,3,1914,0,1,1,,2,501,"RT 5","ATLANTIC BL",1440.00,S,N,A,-,Y,LA,7,5,-,-,12.530,H,-,S,Y,2,0,4,7,A,-,03,22350,,N,C,E,E,A,H,-,D,D,1,Y,,,,Y,Y,A,07,1,1,2,0,3,0,0,0,0,"- ","- ",34.005090000000003,-118.15407,"LOS ANGELES",COMMERCE,-118.1548257,34.005811600000001
6202119,2013,2014-04-04,1947,2013-08-25,0002,1352,,7,5,5,1947,0,0,0,,0,00B,"WILCOX AV","WESTMORELAND DR",250.00,N,N,A,-,N,,,,,,,,,,Y,3,0,1,1,A,-,01,23152,A,N,E,I,A,A,H,-,C,A,0,,,,,Y,Y,-,"- ",0,1,0,0,0,0,0,0,0,"- ","- ",,,"LOS ANGELES",MONTEBELLO,-118.122218,34.025984999999999
6202202,2013,2014-04-05,1942,2013-08-30,1739,33007,1362,5,5,7,1942,0,0,0,M,0,13TL22,"49TH ST","AVALON BL",20.00,W,N,A,-,N,,,,,,,,,,Y,4,0,3,2,A,-,01,23152,A,F,C,C,A,A,A,-,A,D,0,,,,,Y,Y,A,01,0,0,3,0,0,0,0,0,0,"- ","- ",,,"LOS ANGELES","LOS ANGELES",-118.265308,33.998794799999999
6202501,2013,2014-04-04,1942,2013-09-10,0815,38471,1031,2,5,7,1942,0,0,0,J,0,17TL15,"TAMPA AV","HAMLIN ST",10.00,S,N,A,-,N,,,,,,,,,,N,4,0,1,2,A,-,07,21658,A,N,D,D,A,A,H,-,A,D,0,,,Y,,Y,Y,A,01,0,0,1,0,0,0,0,0,1,"- ","- ",,,"LOS ANGELES","LOS ANGELES",-118.5535026,34.189577399999997
6206018,2013,2015-01-16,1924,2013-06-26,2152,108241,3,3,5,5,1924,0,0,0,,0,8T3,"EL SEGUNDO BL","BERENDO AV",129.00,E,N,A,-,N,,,,,,,,,,N,1,1,0,2,A,-,03,22350,,F,H,G,A,A,H,-,C,D,0,,Y,,,Y,Y,A,01,0,0,0,0,0,1,0,0,0,"- ","- ",,,"LOS ANGELES",GARDENA,-118.293548,33.916423899999998
6207457,2013,2014-01-18,9530,2013-01-04,1335,20049,,5,1,9,1900,0,3,5,,2,001,"ALAMEDA ST","TWEEDY BL",200.00,S,N,A,-,N,,,,,,,,,,Y,4,0,1,2,A,-,01,23152,A,N,C,C,A,A,H,-,A,D,0,,,,,Y,Y,A,08,0,0,1,0,0,0,0,0,0,"- ","- ",33.945059999999998,-118.22766,"LOS ANGELES",UNINCORPORATED,-118.2280681,33.946046199999998
6209662,2013,2014-04-08,1942,2013-09-07,1420,35393,1251,6,5,7,1942,0,0,0,L,0,12T41,"FLORENCE AV","10TH AV",0.00,,N,A,-,N,,,,,,,,,,N,4,0,3,3,A,-,04,21703,,F,C,C,A,A,H,-,A,D,0,,,,,Y,Y,-,99,0,0,3,0,0,0,0,0,0,"- ","- ",,,"LOS ANGELES","LOS ANGELES",-118.3286222,33.974534900000002
6209958,2013,2014-04-04,1900,2013-08-23,2115,292808,2610,5,5,6,1950,0,0,0,,0,264T1,"RT 138","10TH ST EAST",0.00,,Y,A,-,Y,LA,7,138,-,-,44.692,I,5,E,N,2,0,1,2,A,-,10,21950,A,N,G,B,B,A,H,-,C,A,0,Y,,,,Y,Y,A,01,1,0,0,0,1,0,0,0,0,"- ","- ",,,"LOS ANGELES",PALMDALE,-118.11174,34.579517799999998
6209963,2013,2014-04-05,9525,2013-08-12,0005,19891,,1,3,5,1906,0,1,1,,2,651,"RT 605","RT 10",300.00,N,N,A,-,Y,LA,7,605,-,-,20.570,H,-,S,Y,4,0,3,1,A,-,01,23152,A,N,E,I,A,A,H,-,D,D,1,,,,,Y,Y,A,01,0,0,3,0,0,0,0,0,0,"- ","- ",34.069789999999998,-118.00064,"LOS ANGELES","BALDWIN PARK",-118.0002245,34.070945999999999
6213127,2013,2014-04-10,1942,2013-09-15,0100,37660,1502,7,5,7,1942,0,0,0,O,0,15A86,"SATICOY ST SOUTH","WHITSETT AV",0.00,,Y,A,-,N,,,,,,,,,,Y,4,0,1,1,A,-,03,22350,,N,E,I,A,A,H,-,C,A,0,,,,,Y,Y,A,01,0,0,1,0,0,0,0,0,0,"- ","- ",,,"LOS ANGELES","LOS ANGELES",-118.4061324,34.204974999999997
6213265,2013,2014-04-14,1942,2013-09-16,0305,40404,0853,1,5,7,1942,0,0,0,H,0,8EL1,"SANTA MONICA BL","SAWTELLE BL",15.00,E,N,A,-,Y,LA,7,2,-,-,3.570,H,-,W,Y,4,0,1,2,A,-,01,23152,A,N,C,D,A,A,H,-,C,A,0,,,,,Y,Y,A,01,0,0,1,0,0,0,0,0,0,"- ","- ",,,"LOS ANGELES","LOS ANGELES",-118.4478952,34.046686000000001
6215975,2013,2014-04-10,1942,2013-09-14,2100,37676,0911,6,5,7,1942,0,0,0,I,0,9A23,"SHERMAN WY","SEPULVEDA BL",0.00,,Y,A,-,N,,,,,,,,,,N,4,0,1,2,D,-,00,,,F,G,B,B,A,H,-,C,A,0,Y,,,,Y,Y,-,"- ",0,0,1,0,1,0,0,0,0,"- ","- ",,,"LOS ANGELES","LOS ANGELES",-118.46620230000001,34.201115000000001
6216320,2013,2013-10-18,1900,2013-08-29,2309,478966,2608,4,5,6,1950,0,0,0,,0,263T1,"RT 138","27TH ST EAST",246.00,E,N,A,-,Y,LA,7,138,-,-,46.530,H,-,E,Y,2,0,2,2,A,-,03,22350,,N,C,C,A,A,H,-,C,A,0,,,,,Y,Y,A,08,1,1,0,0,0,0,0,0,0,"- ","- ",,,"LOS ANGELES",PALMDALE,-118.0796721,34.580134999999999
6217774,2012,2014-01-15,1900,2012-12-16,1945,523089,1366,7,5,5,1952,0,0,0,,0,136D,"ALONDRA BL","HUNSAKER AV",35.00,E,N,B,-,N,,,,,,,,,,Y,4,0,2,2,A,-,01,23152,A,N,C,C,A,A,H,-,C,A,0,,,,,Y,Y,A,,0,0,2,0,0,0,0,0,0,"- ","- ",,,"LOS ANGELES",PARAMOUNT,-118.18242708,33.889014840000002
6218256,2013,2014-04-11,1942,2013-09-16,1105,38471,1994,1,5,7,1942,0,0,0,,0,17TL15,"VAN NUYS BL","ROSCOE BL",13.00,S,N,A,-,N,,,,,,,,,,Y,3,0,1,2,A,-,08,22107,,N,D,C,A,A,H,-,A,A,0,,,Y,,Y,Y,C,02,0,1,0,0,0,0,0,0,1,"- ","- ",,,"LOS ANGELES","LOS ANGELES",-118.4487924,34.221459199999998
6218431,2013,2014-04-15,9545,2013-09-21,0500,19295,,6,3,9,1900,0,3,5,,2,002,"AVE N","20TH ST W",37.00,W,N,A,-,N,,,,,,,,,,Y,4,0,1,2,A,-,01,23152,A,N,C,C,A,A,H,-,A,A,0,,,,,Y,Y,A,01,0,0,1,0,0,0,0,0,0,"- ","- ",34.63109,-118.16547,"LOS ANGELES",UNINCORPORATED,-118.165359,34.631132999999998
6219383,2013,2014-04-09,1942,2013-09-26,1500,37724,1269,4,5,7,1942,0,0,0,L,0,12TL73,"AVALON BL","83RD ST",0.00,,Y,A,-,N,,,,,,,,,,Y,3,0,3,2,A,-,01,23152,A,N,A,C,A,A,H,-,A,A,0,,,,,Y,Y,A,07,0,1,2,0,0,0,0,0,0,"- ","- ",,,"LOS ANGELES","LOS ANGELES",-118.2651522,33.963744900000002
6219560,2013,2014-04-09,9545,2013-09-22,1640,19872,,7,2,6,1950,0,1,3,,2,021,"RT 14","AVENUE N",20.00,N,N,A,-,Y,LA,7,14,-,R,63.670,H,-,S,Y,3,0,1,1,A,-,01,23152,A,N,E,I,A,A,H,-,A,D,1,,,,,Y,Y,A,07,0,1,0,0,0,0,0,0,0,"- ","- ",34.605400000000003,-118.48256000000001,"LOS ANGELES",PALMDALE,-118.1534252,34.630866400000002
6221745,2013,2014-11-03,1942,2013-09-21,0230,39048,1005,6,5,7,1942,0,0,0,J,0,10A3,"ROSCOE BL","ZELZAH AV",330.00,W,N,A,-,N,,,,,,,,,,Y,4,0,1,2,A,-,01,23152,A,N,C,E,A,A,H,-,C,D,0,,,,,Y,Y,-,"- ",0,0,1,0,0,0,0,0,0,"- ","- ",,,"LOS ANGELES","LOS ANGELES",-118.5240817,34.220883200000003
6222679,2013,2014-04-16,1975,2013-09-25,0801,353,,3,5,6,1975,0,0,0,,0,004,"VINE AV","SERENADE AV",0.00,,Y,A,-,N,,,,,,,,,,N,3,0,1,2,A,-,09,21801,A,F,C,G,A,A,H,-,A,A,0,,Y,,,Y,Y,-,99,0,1,0,0,0,0,1,0,0,"- ","- ",,,"LOS ANGELES","WEST COVINA",-117.9268323,34.0576449
6223221,2013,2014-04-08,1942,2013-09-29,0200,37839,1485,7,5,7,1942,0,0,0,N,0,14A67,"92ND ST","SEPULVEDA BL",365.00,W,N,A,-,N,,,,,,,,,,Y,3,0,2,2,A,-,01,23152,A,F,C,C,A,A,H,-,C,D,0,,,,,Y,Y,D,22,0,2,0,0,0,0,0,0,0,"- ","- ",,,"LOS ANGELES","LOS ANGELES",-118.3975028,33.953387499999998
6228608,2013,2014-04-11,1900,2013-09-06,1527,475344,1610,5,5,5,1977,0,0,0,,0,164T1,"MAIN ST","WALNUT ST",0.00,,Y,A,-,N,,,,,,,,,,Y,4,0,2,2,A,-,08,22107,,M,D,C,A,A,H,-,A,D,0,,,,,Y,Y,A,07,0,0,2,0,0,0,0,0,0,"- ","- ",,,"LOS ANGELES",CARSON,-118.27553229999999,33.8754548
6228653,2013,2014-04-16,9580,2013-09-08,0450,19776,,7,3,3,1989,0,1,2,,2,106,"RT 101","LAS VIRGENES RD",1400.00,S,N,A,-,Y,LA,7,101,-,-,30.780,H,-,N,Y,4,0,1,1,A,-,01,23152,A,N,F,I,A,A,H,-,D,D,1,,,,,Y,Y,A,01,0,0,1,0,0,0,0,0,0,"- ","- ",34.151510000000002,-118.69275,"LOS ANGELES",CALABASAS,-118.6929554,34.151293099999997
6229327,2013,2014-04-15,9580,2013-09-28,1422,19952,,6,2,7,1942,0,1,2,,2,105,"RT 101","CORBIN AV",100.00,N,N,A,-,Y,LA,7,101,-,-,22.800,H,-,S,N,4,0,2,3,A,-,03,22350,,N,C,C,A,A,H,-,A,D,1,,,,,Y,Y,A,01,0,0,2,0,0,0,0,0,0,"- ","- ",34.17333,-118.56234000000001,"LOS ANGELES","LOS ANGELES",-118.56263300000001,34.173288200000002
6230756,2013,2014-04-14,1913,2013-09-28,0112,3479,90,6,5,4,1913,0,0,0,,0,,"INDIAN HILL BL","AUTO CENTRE DR",45.00,N,N,A,-,Y,,,,,,,,,,Y,4,0,1,2,A,-,01,23152,A,N,C,C,A,A,H,-,C,A,0,,,,,Y,Y,A,01,0,0,1,0,0,0,0,0,0,"- ","- ",,,"LOS ANGELES",CLAREMONT,-117.7193721,34.0808082
6231934,2013,2014-03-26,1934,2013-08-02,1756,745,1934,5,5,1,1934,0,0,0,,0,003,"ARROW HWY","SO CAL EDISON POLE #4159931",73.00,W,N,A,-,N,,,,,,,,,,Y,2,0,3,3,A,-,01,23152,A,N,C,C,A,A,H,-,A,A,0,,,,Y,Y,Y,A,01,1,0,2,0,0,0,0,0,0,"- ","- ",,,"LOS ANGELES",IRWINDALE,,
6232768,2013,2014-04-19,1941,2013-10-09,2300,5183,,3,5,7,1941,0,0,0,,0,,"RT 19","WARDLOW RD",1056.00,N,N,C,-,Y,,,,,,,,,,Y,3,0,1,1,A,-,01,23152,A,N,E,I,A,B,H,-,C,D,0,,,,,Y,Y,A,,0,1,0,0,0,0,0,0,0,"- ","- ",,,"LOS ANGELES","LONG BEACH",-118.1406509,33.821494999999999
6233626,2013,2014-04-12,9535,2013-09-01,0420,20416,,7,3,9,1900,0,1,1,,2,071,"RT 710","1ST ST",251.00,S,N,A,-,Y,LA,7,710,-,-,24.709,R,2,S,Y,3,0,1,1,A,-,01,23152,A,N,E,I,A,A,H,-,D,D,1,,,,,Y,Y,A,01,0,1,0,0,0,0,0,0,0,TO,"- ",34.036749999999998,-118.17077,"LOS ANGELES",UNINCORPORATED,-118.17014210000001,34.034733500000002
6235090,2013,2014-04-15,1942,2013-09-27,0825,41287,0884,5,5,7,1942,0,0,0,H,0,8A95,"PICO BL","SEPULVEDA BL",150.00,W,N,A,-,N,,,,,,,,,,Y,4,0,1,2,A,-,09,21801,B,N,D,C,A,A,H,-,A,A,0,,,,,Y,Y,A,07,0,0,1,0,0,0,0,0,0,"- ","- ",,,"LOS ANGELES","LOS ANGELES",-118.4355844,34.036731000000003
6235209,2013,2014-03-24,1900,2013-08-13,1719,439951,1365,2,5,5,1952,0,0,0,,0,136F,"SOMERSET BL","INDIANA AV",273.00,W,N,A,-,N,,,,,,,,,,N,2,0,1,2,A,-,11,21954,A,N,G,B,E,A,H,-,A,D,0,Y,,,,Y,Y,N,60,1,0,0,0,1,0,0,0,0,"- ","- ",,,"LOS ANGELES",PARAMOUNT,-118.15441970000001,33.896451800000001
6235948,2013,2014-04-16,9535,2013-09-04,2150,18594,,3,2,9,1900,0,1,1,,2,500,"RT 5","ATLANTIC BL",700.00,S,N,A,-,Y,LA,7,5,-,-,12.670,H,-,N,Y,3,0,1,1,A,-,01,23152,A,N,E,J,A,A,H,-,C,D,1,,,,,Y,Y,D,22,0,1,0,0,0,0,0,0,0,"- ","- ",34.009169999999997,-118.15891000000001,"LOS ANGELES",UNINCORPORATED,-118.1569921,34.007504900000001
6236439,2013,2014-04-19,9535,2013-09-07,0350,20381,,6,3,5,1901,0,1,1,,2,420,"RT 10","GARFIELD AV",645.00,E,N,A,-,Y,LA,7,10,-,-,24.120,H,-,E,Y,4,0,1,2,A,-,01,23152,A,N,C,C,A,A,H,-,C,D,1,,,,,Y,Y,A,01,0,0,1,0,0,0,0,0,0,"- ","- ",34.071469999999998,-118.11546,"LOS ANGELES",ALHAMBRA,-118.1186048,34.071547299999999
6239869,2013,2014-04-24,1942,2013-10-06,0200,25495,0762,7,5,7,1942,0,0,0,G,0,7T23,"LA CIENEGA BL","PICO BL",0.00,,N,A,-,N,,,,,,,,,,Y,2,0,5,2,A,-,01,23152,A,N,D,C,A,A,H,-,C,A,0,,,,,Y,Y,A,01,1,2,2,0,0,0,0,0,0,"- ","- ",,,"LOS ANGELES","LOS ANGELES",-118.37622229999999,34.0533249
6240003,2013,2014-06-26,9530,2013-01-19,0001,20400,,6,3,9,1900,0,3,5,,2,006,"HAMILTON AV","KNOX ST",54.00,E,N,A,-,N,,,,,,,,,,Y,4,0,1,1,A,-,01,23152,A,N,E,J,A,A,H,-,C,D,0,,,,,Y,Y,A,01,0,0,1,0,0,0,0,0,0,"- ","- ",33.054139999999997,-118.28610999999999,"LOS ANGELES",UNINCORPORATED,-118.28604799999999,33.854047000000001
6242698,2013,2014-04-24,1976,2013-10-27,0202,328,,7,5,5,1976,0,0,0,,0,003,"WHITTIER BL","MILLS AV",300.00,E,N,A,-,Y,LA,7,72,-,-,2.030,H,-,S,Y,4,0,2,2,A,-,01,23152,A,N,D,C,A,A,H,-,C,D,0,,,,,Y,Y,D,22,0,0,2,0,0,0,0,0,0,"- ","- ",,,"LOS ANGELES",WHITTIER,-118.00933209999999,33.950034899999999
6246162,2013,2014-05-01,1900,2013-10-18,0001,471346,1516,5,5,5,1954,0,0,0,,0,151T2,"PARAMOUNT BL","CANFORD ST",0.00,,Y,A,-,N,,,,,,,,,,Y,3,0,4,2,A,-,01,23152,A,N,D,C,A,A,H,-,C,A,0,,,,,Y,Y,D,22,0,1,3,0,0,0,0,0,0,"- ","- ",,,"LOS ANGELES","PICO RIVERA",-118.1068922,33.985244899999998
6246885,2013,2014-04-14,1942,2013-09-06,0130,12006,1473,5,5,7,1942,0,0,0,N,0,3L104,"COASTAL VIEW DR","GARAGE DR",400.00,N,N,A,-,N,,,,,,,,,,Y,4,0,1,3,A,-,03,22350,,N,D,E,A,A,H,-,C,A,0,,,,,Y,Y,A,07,0,0,1,0,0,0,0,0,0,"- ","- ",,,"LOS ANGELES","LOS ANGELES",,
6248749,2013,2014-04-21,9590,2013-10-05,0028,20342,,6,3,7,1942,0,1,1,,2,052,"RT 110","TEMPLE ST",400.00,S,N,A,-,Y,LA,7,110,-,-,23.550,H,-,N,Y,4,0,4,1,A,-,01,23152,A,N,E,I,A,A,H,-,C,D,1,,,,,Y,Y,A,01,0,0,4,0,0,0,0,0,0,"- ","- ",34.060899999999997,-118.25039,"LOS ANGELES","LOS ANGELES",-118.2516921,34.060074899999996
6249293,2013,2014-04-15,9575,2013-09-01,1730,019853,,7,2,9,1900,0,1,3,,2,300,"RT 2","ANGELES FOREST HWY",21120.00,W,N,A,-,Y,LA,7,2,-,-,30.470,H,-,W,Y,4,0,1,1,A,-,01,23152,A,N,E,I,A,A,H,-,A,D,0,,,,,Y,Y,A,01,0,0,1,0,0,0,0,0,0,"- ","- ",34.262929999999997,-118.18626,"LOS ANGELES",UNINCORPORATED,-118.1929268,34.258111
6250510,2013,2014-03-18,1924,2013-07-05,1553,111229,47,5,5,5,1924,0,0,0,,0,8M1,"VERMONT AV","161ST ST",45.00,N,N,A,-,N,,,,,,,,,,Y,4,0,1,2,A,-,03,22350,,N,C,C,A,A,H,-,A,A,0,,,,,Y,Y,A,07,0,0,1,0,0,0,0,0,0,"- ","- ",,,"LOS ANGELES",GARDENA,-118.2917422,33.885338300000001
6252853,2013,2014-04-25,1942,2013-10-01,0930,37146,566,2,5,7,1942,0,0,0,,0,5TL21,"MESA ST","10TH ST",40.00,N,N,A,-,N,,,,,,,,,,Y,4,0,1,3,A,-,01,23152,A,F,B,E,A,A,H,-,A,A,0,,,,,Y,Y,A,01,0,0,1,0,0,0,0,0,0,"- ","- ",,,"LOS ANGELES","LOS ANGELES",-118.2857597,33.735234499999997