CASE_ID,ACCIDENT_YEAR,PROC_DATE,JURIS,COLLISION_DATE,COLLISION_TIME,OFFICER_ID,REPORTING_DISTRICT,DAY_OF_WEEK,CHP_SHIFT,POPULATION,CNTY_CITY_LOC,SPECIAL_COND,BEAT_TYPE,CHP_BEAT_TYPE,CITY_DIVISION_LAPD,CHP_BEAT_CLASS,BEAT_NUMBER,PRIMARY_RD,SECONDARY_RD,DISTANCE,DIRECTION,INTERSECTION,WEATHER_1,WEATHER_2,STATE_HWY_IND,CALTRANS_COUNTY,CALTRANS_DISTRICT,STATE_ROUTE,ROUTE_SUFFIX,POSTMILE_PREFIX,POSTMILE,LOCATION_TYPE,RAMP_INTERSECTION,SIDE_OF_HWY,TOW_AWAY,COLLISION_SEVERITY,NUMBER_KILLED,NUMBER_INJURED,PARTY_COUNT,PRIMARY_COLL_FACTOR,PCF_CODE_OF_VIOL,PCF_VIOL_CATEGORY,PCF_VIOLATION,PCF_VIOL_SUBSECTION,HIT_AND_RUN,TYPE_OF_COLLISION,MVIW,PED_ACTION,ROAD_SURFACE,ROAD_COND_1,ROAD_COND_2,LIGHTING,CONTROL_DEVICE,CHP_ROAD_TYPE,PEDESTRIAN_ACCIDENT,BICYCLE_ACCIDENT,MOTORCYCLE_ACCIDENT,TRUCK_ACCIDENT,NOT_PRIVATE_PROPERTY,ALCOHOL_INVOLVED,STWD_VEHTYPE_AT_FAULT,CHP_VEHTYPE_AT_FAULT,COUNT_SEVERE_INJ,COUNT_VISIBLE_INJ,COUNT_COMPLAINT_PAIN,COUNT_PED_KILLED,COUNT_PED_INJURED,COUNT_BICYCLIST_KILLED,COUNT_BICYCLIST_INJURED,COUNT_MC_KILLED,COUNT_MC_INJURED,PRIMARY_RAMP,SECONDARY_RAMP,LATITUDE,LONGITUDE,COUNTY,CITY,POINT_X,POINT_Y
6408328,2014,2014-06-27,1942,2014-03-13,2110,31652,1752,4,5,7,1942,0,0,0,Q,0,19773,"LEMMER ST","LURLINE AV",395.00,E,N,A,-,N,,,,,,,,,,Y,3,0,1,1,A,-,01,23152,A,N,E,I,A,A,H,-,C,D,0,,,,,Y,Y,D,22,0,1,0,0,0,0,0,0,0,"- ","- ",,,"LOS ANGELES","LOS ANGELES",-118.58286511999999,34.250422589999999
6409416,2014,2015-02-17,1941,2014-03-03,2015,10538,,1,5,7,1941,0,0,0,,0,,"ATLANTIC AV","EDISON POLE 2092029E",151.00,N,N,A,-,N,,,,,,,,,,Y,4,0,1,2,A,-,01,23152,A,N,D,C,A,A,H,-,D,D,0,,,,Y,Y,Y,A,,0,0,1,0,0,0,0,0,0,"- ","- ",,,"LOS ANGELES","LONG BEACH",,
6409528,2014,2014-06-10,1900,2014-02-17,1800,461375,1516,1,5,5,1954,0,0,0,,0,151F,"ROSEMEAD BL","SLAUSON AV",25.00,N,N,A,-,N,,,,,,,,,,N,4,0,1,2,A,-,03,22350,,N,C,C,A,A,H,-,B,A,0,,,,,Y,Y,D,,0,0,1,0,0,0,0,0,0,"- ","- ",,,"LOS ANGELES","PICO RIVERA",-118.10505320999999,33.971011320000002
6409576,2014,2015-11-17,9590,2014-02-14,0150,20679,,5,3,7,1942,0,1,1,,2,060,"RT 10","6TH AV",405.00,W,N,A,-,Y,LA,7,10,-,R,11.890,H,-,E,Y,3,0,1,2,A,-,01,23152,A,N,C,C,A,A,H,-,C,D,1,,,,,Y,Y,A,01,0,1,0,0,0,0,0,0,0,"- ","- ",34.035600000000002,-118.32481,"LOS ANGELES","LOS ANGELES",-118.32509321000001,34.035566439999997
6409931,2013,2014-04-01,9565,2013-07-28,2230,20590,,7,3,7,1942,0,1,1,,2,061,"RT 405","CENTINELA AV",276.00,N,N,A,-,Y,LA,7,405,-,-,25.659,R,3,N,Y,3,0,3,1,A,-,01,23152,A,N,F,I,A,A,H,-,C,D,1,,,,,Y,Y,A,07,0,2,1,0,0,0,0,0,0,TO,"- ",33.98471,-118.39628999999999,"LOS ANGELES","LOS ANGELES",-118.3949822,33.982684900000002
6409984,2013,2014-11-25,9530,2013-03-15,0200,020240,,5,3,7,1941,0,1,1,,2,072,"RT 710","PACIFIC COAST HWY",388.00,N,N,A,-,Y,LA,7,710,-,-,6.956,R,2,N,Y,3,0,2,1,A,-,01,23152,A,N,E,I,A,A,H,-,C,D,1,,,,,Y,Y,A,01,0,1,1,0,0,0,0,0,0,TO,"- ",33.79092,-118.20752,"LOS ANGELES","LONG BEACH",-118.2077321,33.790464900000003
6411511,2013,2014-04-02,9565,2013-08-26,1935,020265,,1,2,9,1900,0,2,4,,1,054,"VIA MARINA","PANAY WY",0.00,,Y,A,-,N,,,,,,,,,,N,4,0,1,2,A,-,09,21800,A,N,D,G,A,A,H,-,B,A,0,,Y,,,Y,Y,A,01,0,0,1,0,0,0,1,0,0,"- ","- ",33.97916,-118.45923999999999,"LOS ANGELES",UNINCORPORATED,-118.45913229999999,33.979074900000001
6411759,2013,2014-05-15,9525,2013-12-27,0335,020515,,5,3,5,1906,0,1,1,,2,104,"RT 10","BALDWIN PARK BL",800.00,W,N,A,-,Y,LA,7,10,-,-,32.070,H,-,E,Y,3,0,1,1,A,-,01,23152,A,N,E,I,A,A,H,-,C,D,1,,,,,Y,Y,A,01,0,1,0,0,0,0,0,0,0,"- ","- ",34.066589999999998,-117.99075000000001,"LOS ANGELES","BALDWIN PARK",-117.9859166,34.066907899999997
6412637,2013,2014-05-01,9565,2013-10-17,1800,020116,,4,2,9,1900,0,1,1,,2,012,"RT 105","VERMONT AV",40.00,W,N,A,-,Y,LA,7,105,-,R,6.760,H,-,W,Y,3,0,1,4,A,-,03,22350,,F,C,C,A,A,H,-,B,D,0,,,,,Y,Y,A,07,0,1,0,0,0,0,0,0,0,"- ","- ",33.929049999999997,-118.29203,"LOS ANGELES",UNINCORPORATED,-118.2940536,33.928842400000001
6413834,2014,2016-01-19,9580,2014-02-20,2155,20296,,4,2,7,1942,0,1,2,,2,105,"RT 101","TAMPA AV",550.00,N,N,A,-,Y,LA,7,101,-,-,22.390,H,-,S,Y,3,0,1,2,A,-,"- ",,,F,B,C,A,A,H,-,C,D,1,,,,,Y,Y,-,99,0,1,0,0,0,0,0,0,0,"- ","- ",34.173070000000003,-118.554,"LOS ANGELES","LOS ANGELES",-118.55565403999999,34.17350003
6414032,2014,2014-06-11,1942,2014-01-25,2330,35471,1747,6,5,7,1942,0,0,0,Q,0,10T37,"HAYVENHURST AV","BLACKHAWK ST",0.00,,Y,A,-,N,,,,,,,,,,N,4,0,2,2,A,-,01,23152,A,N,C,C,A,A,H,-,C,D,0,,,,,Y,Y,A,08,0,0,2,0,0,0,0,0,0,"- ","- ",,,"LOS ANGELES","LOS ANGELES",-118.49359011999999,34.258420010000002
6416745,2014,2014-06-28,1942,2014-03-06,0050,39021,1984,4,5,7,1942,0,0,0,,0,19T75,"PARTHENIA ST","CEDROS AV",40.00,W,N,A,-,N,,,,,,,,,,Y,3,0,1,3,A,-,01,23152,A,N,C,E,A,A,H,-,C,D,0,,,,,Y,Y,A,01,0,1,0,0,0,0,0,0,0,"- ","- ",,,"LOS ANGELES","LOS ANGELES",-118.45366208999999,34.22826105
6418015,2014,2015-08-12,1918,2014-01-09,2258,1086,140,4,5,4,1918,0,0,0,,0,PATROL,"WEST WASHINGTON BL","OVERLAND AV",36.00,W,N,A,-,N,,,,,,,,,,,4,0,1,2,A,-,09,21453,B,N,C,C,A,A,H,-,C,A,0,,,,,Y,Y,A,01,0,0,1,0,0,0,0,0,0,"- ","- ",34.016770000000001,-118.40572,"LOS ANGELES","CULVER CITY",-118.40557139000001,34.016768190000001
6418116,2014,2014-06-24,9530,2014-03-09,2120,020473,,7,2,9,1900,0,3,5,,2,001,"MAIE AV","NADEAU ST",1320.00,N,N,A,-,N,,,,,,,,,,Y,4,0,1,2,A,-,01,23152,A,N,D,C,A,A,H,-,C,A,0,,,,,Y,Y,A,01,0,0,1,0,0,0,0,0,0,"- ","- ",33.581009999999999,-118.14398,"LOS ANGELES",UNINCORPORATED,-118.24448,33.971039990000001
6418520,2014,2014-06-11,1942,2014-01-27,0200,24475,646,1,5,7,1942,0,0,0,,0,6T7,"CAHUENGA BL","SELMA AV",0.00,,Y,B,-,N,,,,,,,,,,N,3,0,2,3,A,-,10,21950,A,N,A,B,B,B,H,-,C,A,0,Y,,,,Y,Y,A,01,0,1,1,0,2,0,0,0,0,"- ","- ",,,"LOS ANGELES","LOS ANGELES",-118.32953014,34.099770030000002
6420188,2014,2014-06-25,1942,2014-03-19,1940,36686,1673,3,5,7,1942,0,0,0,P,0,16G23,"SAN FERNANDO RD","TUXFORD ST",50.00,S,N,A,-,N,,,,,,,,,,Y,4,0,3,2,A,-,01,23152,A,N,C,C,A,A,H,-,D,A,0,,,,,Y,Y,D,22,0,0,3,0,0,0,0,0,0,"- ","- ",,,"LOS ANGELES","LOS ANGELES",-118.3809388,34.227366879999998
6421168,2014,2014-07-03,1928,2014-03-17,0009,381,529,1,5,5,1928,0,0,0,,0,0H2,"EL SEGUNDO BL","CRENSHAW BL",0.00,,Y,A,-,N,,,,,,,,,,N,4,0,1,4,A,-,01,23152,A,N,C,C,A,A,H,-,C,A,0,,,,,Y,Y,A,01,0,0,1,0,0,0,0,0,0,"- ","- ",,,"LOS ANGELES",HAWTHORNE,-118.32660011999999,33.916440049999999
6423244,2014,2014-06-23,1942,2014-02-20,2355,37511,2049,4,5,7,1942,0,0,0,,0,20T59,8TH,HOOVER,130.00,W,N,A,-,Y,,,,,,,,,,N,3,0,1,3,A,-,01,23152,A,N,E,I,A,A,H,-,C,D,0,,,,,Y,Y,A,01,0,1,0,0,0,0,0,0,0,"- ","- ",,,"LOS ANGELES","LOS ANGELES",-118.28463825,34.05771824
6423337,2014,2015-12-28,9540,2014-02-22,2055,019909,,6,2,9,1900,0,1,1,,2,506,"RT 5","MAGIC MOUNTAIN PKWY",30.00,S,N,A,-,Y,LA,7,5,-,R,53.406,R,3,S,N,4,0,1,2,A,-,07,21658,A,N,B,C,A,A,H,-,C,A,1,,,,,Y,Y,A,01,0,0,1,0,0,0,0,0,0,FR,"- ",34.422609999999999,-118.58372,"LOS ANGELES",UNINCORPORATED,-118.58235184999999,34.421041930000001
6423456,2014,2014-06-23,1942,2014-03-22,1305,38285,1526,6,5,7,1942,0,0,0,O,0,17TL14,"VICTORY BL","TUJUNGA AV",155.00,E,N,A,-,N,,,,,,,,,,Y,3,0,1,2,A,-,"- ",,,N,G,B,D,A,H,-,A,D,0,Y,,,,Y,Y,N,60,0,1,0,0,1,0,0,0,0,"- ","- ",,,"LOS ANGELES","LOS ANGELES",-118.37854852,34.186687630000002
6423903,2014,2015-02-25,1941,2014-03-20,0134,10581,,4,5,7,1941,0,0,0,,0,,"LINDEN AV","14TH ST",0.00,,Y,A,-,N,,,,,,,,,,Y,4,0,1,5,A,-,05,21651,B,F,A,C,A,A,H,-,C,D,0,,,,,Y,Y,A,,0,0,1,0,0,0,0,0,0,"- ","- ",,,"LOS ANGELES","LONG BEACH",-118.18668008,33.783800020000001
6425137,2014,2014-07-11,1942,2014-02-14,0010,40341,1035,5,5,7,1942,0,0,0,J,0,10A17,"VANOWEN ST","YARMOUTH AV",440.00,W,N,A,-,N,,,,,,,,,,Y,4,0,1,2,A,-,03,22350,,F,C,E,A,A,H,-,C,D,0,,,,,Y,Y,A,01,0,0,1,0,0,0,0,0,0,"- ","- ",,,"LOS ANGELES","LOS ANGELES",-118.52117251,34.193869999999997
6425370,2014,2014-06-28,1942,2014-02-06,1700,40059,0395,4,5,7,1942,0,0,0,C,0,5T25,"41ST PL","WESTERN AV",0.00,,Y,C,-,N,,,,,,,,,,N,4,0,1,2,A,-,10,21950,A,N,G,B,B,B,H,-,C,A,0,Y,,,,Y,Y,A,01,0,0,1,0,1,0,0,0,0,"- ","- ",,,"LOS ANGELES","LOS ANGELES",-118.30894008,34.008460030000002
6426226,2014,2015-08-12,9545,2014-03-18,0235,19951,,2,3,9,1900,0,3,5,,2,002,"AVENUE M","35TH ST WEST",3168.00,W,N,A,-,N,,,,,,,,,,Y,3,0,1,1,A,-,01,23152,A,N,F,A,A,A,H,-,D,D,0,,,,,Y,Y,A,01,0,1,0,0,0,0,0,0,0,"- ","- ",34.646599999999999,-118.20435999999999,"LOS ANGELES",UNINCORPORATED,-118.20132,34.646970000000003
6426592,2014,2014-06-25,1941,2014-03-07,0011,10037,,5,5,7,1941,0,0,0,,0,,"CHESTNUT AV","JAYMILLS AV",5.00,N,N,A,-,N,,,,,,,,,,Y,4,0,2,1,A,-,01,23153,A,M,E,I,A,A,H,-,C,D,0,,,,,Y,Y,A,,0,0,2,0,0,0,0,0,0,"- ","- ",,,"LOS ANGELES","LONG BEACH",-118.19544011000001,33.859153710000001
6427102,2014,2014-06-26,1942,2014-03-11,0245,33452,0221,2,5,7,1942,0,0,0,B,0,4T43,"ALEXANDRIA AV","BEVERLY BL",200.00,N,N,A,-,N,,,,,,,,,,Y,4,0,1,3,A,-,01,23152,A,N,B,E,A,A,H,-,A,D,0,,,,,Y,Y,A,01,0,0,1,0,0,0,0,0,0,"- ","- ",,,"LOS ANGELES","LOS ANGELES",-118.29832,34.076279999999997
6427187,2014,2016-01-19,9580,2014-02-28,0125,018297,,5,3,7,1942,0,1,2,,2,103,"RT 101","RT 405",40.00,N,N,C,-,Y,LA,7,101,-,-,17.190,H,-,S,Y,3,0,1,1,A,-,01,23152,A,N,E,I,A,B,H,-,C,D,1,,,,,Y,Y,A,01,0,1,0,0,0,0,0,0,0,"- ","- ",34.160710000000002,-118.47042999999999,"LOS ANGELES","LOS ANGELES",-118.4700544,34.160371310000002
6430984,2014,2014-06-30,1942,2014-03-08,2120,38249,1861,6,5,7,1942,0,0,0,R,0,12A45,"VERMONT AV","117TH ST",0.00,,Y,A,-,N,,,,,,,,,,Y,3,0,2,3,A,-,09,21802,A,N,-,C,A,A,H,-,C,D,0,,,,,Y,Y,A,01,0,2,0,0,0,0,0,0,0,"- ","- ",,,"LOS ANGELES","LOS ANGELES",,
6431021,2014,2014-06-20,1907,2014-02-17,0049,222,1,1,5,4,1907,0,0,0,,0,,"FLORENCE AV","ATLANTIC AV",336.00,E,N,A,-,N,,,,,,,,,,N,3,0,1,2,A,-,11,21954,A,N,H,G,A,A,H,-,C,D,0,,Y,,,Y,Y,L,04,0,1,0,0,0,0,1,0,0,"- ","- ",,,"LOS ANGELES",BELL,-118.18710217,33.970199809999997
6431418,2014,2014-07-02,1900,2014-03-17,1935,471346,1513,1,5,5,1954,0,0,0,,0,151T2,"WHITTIER BL","PARAMOUNT BL",116.00,W,N,A,-,N,,,,,,,,,,Y,4,0,1,2,A,-,01,23152,A,N,B,C,A,A,H,-,C,-,0,,,,,Y,Y,A,01,0,0,1,0,0,0,0,0,0,"- ","- ",,,"LOS ANGELES","PICO RIVERA",-118.08902912000001,34.00351629
6432388,2014,2015-08-12,1925,2014-03-17,2242,19980,263,1,5,6,1925,0,0,0,,0,002,"COLORADO ST","PACIFIC AV",0.00,,Y,A,-,N,,,,,,,,,,Y,4,0,1,2,A,-,09,21801,A,N,A,C,A,A,H,-,C,A,0,,,,,Y,Y,A,01,0,0,1,0,0,0,0,0,0,"- ","- ",,,"LOS ANGELES",GLENDALE,-118.26442009,34.142520009999998
6433376,2013,2014-05-01,9565,2013-10-19,0300,20573,,6,3,4,1918,0,1,1,,2,061,"RT 405","CULVER BL",10.00,N,N,A,-,Y,LA,7,405,-,-,27.404,R,3,N,N,4,0,1,2,A,-,11,21456,B,N,D,G,A,A,H,-,C,A,1,,Y,,,Y,Y,L,04,0,0,1,0,0,0,1,0,0,FR,"- ",34.003509999999999,-118.41106000000001,"LOS ANGELES","CULVER CITY",-118.41439219999999,34.0071449
6434861,2014,2014-07-02,1942,2014-03-28,0001,36336,1543,5,5,7,1942,0,0,0,O,0,15T43,"LAUREL CANYON BL","MAGNOLIA BL",0.00,,Y,A,-,N,,,,,,,,,,Y,4,0,2,2,A,-,01,23152,A,N,A,C,A,A,H,-,C,A,0,,,,,Y,Y,D,22,0,0,2,0,0,0,0,0,0,"- ","- ",,,"LOS ANGELES","LOS ANGELES",-118.39650012,34.164880029999999
6435287,2014,2015-11-19,9590,2014-03-08,1244,20672,,6,1,7,1942,0,1,1,,2,020,"RT 10","SOTO ST",400.00,E,N,A,-,Y,LA,7,10,-,-,19.110,H,-,E,Y,3,0,1,1,A,-,08,22107,,N,A,I,A,A,H,-,A,D,1,,,,,Y,Y,A,01,0,1,0,0,0,0,0,0,0,"- ","- ",34.05538,-118.19853000000001,"LOS ANGELES","LOS ANGELES",-118.20218054999999,34.054566350000002
6437072,2014,2014-06-11,1972,2014-01-25,0345,19754,,6,5,6,1972,0,0,0,,0,,"ANZA AV","CALLE MAYOR",190.00,S,N,A,-,N,,,,,,,,,,Y,3,0,1,4,A,-,01,23152,,N,B,E,A,A,H,-,C,D,0,,,,,Y,Y,B,,0,1,0,0,0,0,0,0,0,"- ","- ",,,"LOS ANGELES",TORRANCE,-118.35990314,33.816520959999998
6438249,2014,2016-03-05,9590,2014-02-23,0225,20470,,7,3,7,1942,0,1,1,,2,010,"RT 110","TUNNEL #4",205.00,N,N,A,-,Y,LA,7,110,-,-,25.488,R,3,N,Y,2,0,4,1,A,-,01,23152,A,N,E,I,A,A,H,-,C,D,1,,,,,Y,Y,A,01,1,2,1,0,0,0,0,0,0,TO,"- ",34.08202,-118.22405999999999,"LOS ANGELES","LOS ANGELES",-118.2268416,34.079510509999999
6438258,2014,2014-06-30,1961,2014-02-27,1845,10281,1961,4,5,3,1961,0,0,0,,0,002,"GLENOAKS BL","NEWTON ST",0.00,,N,-,-,N,,,,,,,,,,,4,0,2,2,A,-,03,22350,,N,C,C,A,-,-,-,-,D,0,,,,,Y,Y,A,01,0,0,2,0,0,0,0,0,0,"- ","- ",,,"LOS ANGELES","SAN FERNANDO",-118.42818010000001,34.289250090000003
6438265,2014,2014-06-30,1941,2014-03-26,0638,6321,,3,5,7,1941,0,0,0,,0,,"PACIFIC COAST HWY","ROSE AV",0.00,,Y,A,-,N,,,,,,,,,,Y,4,0,1,3,A,-,12,22450,A,N,D,C,A,A,H,-,A,A,0,,,,,Y,Y,A,,0,0,1,0,0,0,0,0,0,"- ","- ",,,"LOS ANGELES","LONG BEACH",-118.16986000999999,33.78986003
6439551,2014,2014-07-01,1942,2014-03-16,2055,38603,1041,7,5,7,1942,0,0,0,J,0,15TL43,"HATTERAS ST","WILBUR AV",800.00,E,N,A,-,N,,,,,,,,,,Y,3,0,1,3,A,-,01,23152,A,N,B,E,A,A,H,-,C,D,0,,,,,Y,Y,A,01,0,1,0,0,0,0,0,0,0,"- ","- ",,,"LOS ANGELES","LOS ANGELES",-118.54207956,34.17712203
6439688,2014,2015-11-13,9530,2014-03-01,0200,020557,,6,3,7,1941,0,1,1,,2,072,"RT 710","WILLOW ST",450.00,N,N,A,-,Y,LA,7,710,-,-,7.945,R,2,N,Y,4,0,1,1,A,-,01,23152,A,N,E,I,A,A,H,-,C,D,1,,,,,Y,Y,A,01,0,0,1,0,0,0,0,0,0,TO,"- ",33.805070000000001,-118.20693,"LOS ANGELES","LONG BEACH",-118.20735910000001,33.805231339999999
6440289,2014,2014-07-02,1920,2014-03-16,2113,11992,,7,5,6,1920,0,0,0,,0,005,"DOWNEY AV","GALLATIN RD",0.00,,Y,A,-,N,,,,,,,,,,Y,4,0,2,2,A,-,01,23152,A,N,D,C,A,A,H,-,C,A,0,,,,,Y,Y,A,,0,0,2,0,0,0,0,0,0,"- ","- ",,,"LOS ANGELES",DOWNEY,-118.11968002,33.959100050000004
6440867,2014,2016-03-02,9575,2014-03-04,2240,20526,,2,3,7,1942,0,1,1,,2,052,"RT 5","WICKS ST",358.00,N,N,B,-,Y,LA,7,5,-,-,35.710,H,-,S,Y,2,0,2,2,A,-,03,22350,,N,C,C,A,A,D,-,C,D,1,,,,,Y,Y,A,01,1,0,1,0,0,0,0,0,0,"- ","- ",34.230710000000002,-118.39815,"LOS ANGELES","LOS ANGELES",-118.39920657,34.23072457
6441238,2013,2014-05-01,9565,2013-10-15,1900,020439,,2,2,9,1900,0,2,4,,2,022,"NORMANDIE AV","IMPERIAL HWY",80.00,S,N,A,-,Y,,,,,,,,,,Y,4,0,2,2,A,-,01,23152,A,N,C,C,A,A,H,-,C,D,0,,,,,Y,Y,A,08,0,0,2,0,0,0,0,0,0,"- ","- ",33.930799999999998,-118.30029999999999,"LOS ANGELES",UNINCORPORATED,-118.30027219999999,33.930805399999997
6443536,2014,2014-07-21,1900,2014-04-05,1739,527065,1121,6,5,6,1992,0,0,0,,0,111T1,"20TH ST WEST","AVENUE H-4",0.00,,Y,A,G,N,,,,,,,,,,Y,3,0,4,2,A,-,01,23152,A,N,D,C,A,A,H,-,A,A,0,,,,,Y,Y,A,01,0,3,1,0,0,0,0,0,0,"- ","- ",,,"LOS ANGELES",LANCASTER,-118.16610004,34.71478012
6444492,2014,2014-07-03,1931,2014-03-13,2155,5277,1931,4,5,5,1931,0,0,0,,0,003,"FLORENCE AV","RITA AV",0.00,,Y,A,-,N,,,,,,,,,,N,4,0,1,2,A,-,10,21950,A,N,G,G,A,A,H,-,C,A,0,,Y,,,Y,Y,A,01,0,0,1,0,0,0,1,0,0,"- ","- ",,,"LOS ANGELES","HUNTINGTON PARK",-118.22387007,33.974080049999998
6446040,2014,2014-07-21,1942,2014-04-05,1200,32372,1765,6,5,7,1942,0,0,0,Q,0,35M5,"TAMPA AV","LASSEN ST",380.00,N,N,A,-,N,,,,,,,,,,Y,4,0,1,3,A,-,01,23152,A,N,C,C,A,A,H,-,A,A,0,,,,,Y,Y,A,01,0,0,1,0,0,0,0,0,0,"- ","- ",,,"LOS ANGELES","LOS ANGELES",-118.55358,34.251042239999997
6446773,2014,2014-07-08,1969,2014-03-04,1800,10114,PATRO,2,5,5,1969,0,0,0,,0,004,"WRIGHT RD","ABBOTT RD",150.00,S,N,A,-,N,,,,,,,,,,Y,4,0,1,1,A,-,01,23152,A,N,E,I,A,A,H,-,A,D,0,,,,,Y,Y,A,01,0,0,1,0,0,0,0,0,0,"- ","- ",,,"LOS ANGELES","SOUTH GATE",-118.18055701999999,33.93339984
6446815,2014,2014-07-03,1942,2014-03-15,2145,39299,2022,6,5,7,1942,0,0,0,,0,20T59,"6TH ST","SAINT ANDREWS PL",0.00,,Y,A,-,N,,,,,,,,,,Y,3,0,2,2,A,-,01,23152,A,N,D,C,A,A,H,-,C,A,0,,,,,Y,Y,A,01,0,1,1,0,0,0,0,0,0,"- ","- ",,,"LOS ANGELES","LOS ANGELES",-118.31158001,34.063520109999999
6446939,2014,2014-07-05,1942,2014-03-19,2130,38183,0929,3,5,7,1942,0,0,0,I,0,15T43,"VICTORY BL","MARY ELLEN AV",2.00,E,N,A,-,N,,,,,,,,,,Y,4,0,2,2,A,-,01,23152,A,F,B,C,A,A,H,-,C,A,0,,,,,Y,Y,A,01,0,0,2,0,0,0,0,0,0,"- ","- ",,,"LOS ANGELES","LOS ANGELES",-118.4192534,34.186669999999999
6447134,2014,2016-04-21,9590,2014-04-11,1300,20753,,5,1,7,1942,0,1,1,,2,050,"RT 110","FLORENCE AV",1015.00,S,N,A,-,Y,LA,7,110,-,-,16.790,H,-,N,Y,3,0,1,3,A,-,01,23152,A,N,C,C,A,A,H,-,A,D,1,,,,,Y,Y,A,01,0,1,0,0,0,0,0,0,0,"- ","- ",33.97137,-118.28055000000001,"LOS ANGELES","LOS ANGELES",-118.28072778000001,33.971954629999999
6447166,2014,2016-04-20,9590,2014-04-04,2006,20697,,5,2,7,1942,0,1,1,,2,053,"RT 110","5TH ST",25.00,N,N,A,-,Y,LA,7,110,-,-,22.844,R,3,S,Y,4,0,1,2,A,-,01,23152,A,N,C,C,A,A,H,-,C,D,1,,,,,Y,Y,A,01,0,0,1,0,0,0,0,0,0,"- ","- ",34.050519999999999,-118.26269000000001,"LOS ANGELES","LOS ANGELES",-118.25891712000001,34.052939260000002
6449061,2014,2015-11-16,1900,2014-03-14,0345,524692,2928,5,5,5,1990,0,0,0,,0,292K2,"GOLDEN SPRINGS DR","RT 60",9.00,W,N,A,-,Y,LA,7,60,-,R,22.796,R,1,E,Y,4,0,1,2,A,-,01,23152,A,N,C,C,A,A,H,-,C,A,0,,,,,Y,Y,A,07,0,0,1,0,0,0,0,0,0,"- ",EF,,,"LOS ANGELES","DIAMOND BAR",-117.84800194,33.999838490000002
6453953,2014,2014-07-22,1942,2014-04-17,2050,38996,1516,4,5,7,1942,0,0,0,O,0,19T73,"LANKERSHIM BL","VANOWEN ST",335.00,N,N,B,-,N,,,,,,,,,,N,2,0,1,2,A,-,11,21954,A,N,G,B,D,A,H,-,C,D,0,Y,,,,Y,Y,N,60,1,0,0,0,1,0,0,0,0,"- ","- ",,,"LOS ANGELES","LOS ANGELES",-118.38778779,34.194858760000002
6453988,2014,2016-04-16,9580,2014-04-27,0615,19620,,7,1,7,1942,0,1,3,,2,170,"RT 170","STRATHERN ST",900.00,S,N,A,-,Y,LA,7,170,-,R,19.130,H,-,N,Y,3,0,3,3,A,-,01,23152,A,N,-,C,A,A,H,-,C,D,1,,,,,Y,Y,D,22,0,1,2,0,0,0,0,0,0,"- ","- ",34.213160000000002,-118.40794,"LOS ANGELES","LOS ANGELES",-118.40774982000001,34.213235259999998
6455100,2014,2014-07-11,1942,2014-04-03,2035,39282,0529,4,5,7,1942,0,0,0,E,0,5T21,"ANAHEIM ST","QUAY AV",163.00,E,N,A,-,N,,,,,,,,,,Y,2,0,2,4,A,-,01,23152,A,F,B,E,E,A,H,-,C,A,0,Y,,,,Y,Y,A,01,1,1,0,0,1,0,0,0,0,"- ","- ",,,"LOS ANGELES","LOS ANGELES",-118.25805551000001,33.780215249999998
6456496,2014,2014-07-11,1942,2014-04-13,1725,38477,1539,7,5,7,1942,0,0,0,O,0,15TL43,"CAHUENGA BL","OXNARD ST",245.00,S,N,A,-,N,,,,,,,,,,N,2,0,2,3,A,-,21,22106,,N,H,B,D,A,H,-,A,A,0,Y,,,,Y,Y,A,07,1,1,0,0,2,0,0,0,0,"- ","- ",,,"LOS ANGELES","LOS ANGELES",-118.36157564,34.178768050000002
6456953,2014,2014-07-10,9530,2014-04-20,0145,20315,,7,3,9,1900,0,3,5,,2,002,"ARANBE AV","KNOPF ST",93.00,S,N,A,-,N,,,,,,,,,,Y,2,0,1,3,A,-,01,23152,A,N,A,C,A,A,H,-,C,D,0,,,,,Y,Y,A,01,1,0,0,0,0,0,0,0,0,"- ","- ",33.911949999999997,-118.23405,"LOS ANGELES",UNINCORPORATED,-118.23406907,33.912078530000002
6459726,2014,2015-09-28,1942,2014-05-02,2030,35444,1675,5,5,7,1942,0,0,0,P,0,A77,SUNLAND,GLENOAKS,0.00,,Y,A,-,N,,,,,,,,,,N,4,0,2,2,A,-,04,21703,,F,C,C,A,A,H,-,C,A,0,,,,,Y,Y,-,99,0,0,2,0,0,0,0,0,0,"- ","- ",,,"LOS ANGELES","LOS ANGELES",-118.36651008,34.229930019999998
6459887,2014,2014-07-10,1942,2014-04-16,2225,38531,0541,3,5,7,1942,0,0,0,E,0,5T21,"VIA SEBASTIAN","PARK WESTERN",5.00,N,N,A,-,N,,,,,,,,,,Y,3,0,1,3,A,-,01,23152,A,N,E,I,A,A,H,-,C,A,0,,,,,Y,Y,D,22,0,1,0,0,0,0,0,0,0,"- ","- ",,,"LOS ANGELES","LOS ANGELES",-118.30382,33.755180000000003
6460181,2014,2016-02-09,9530,2014-04-09,2225,020300,,3,3,7,1942,0,1,1,,2,110,"RT 110","RT 91",240.00,N,N,A,-,Y,LA,7,110,-,-,9.940,H,-,N,Y,3,0,1,1,A,-,01,23152,A,N,E,I,A,A,H,-,C,D,1,,,,,Y,Y,A,07,0,1,0,0,0,0,0,0,0,"- ","- ",33.873829999999998,-118.28466,"LOS ANGELES","LOS ANGELES",-118.28482399000001,33.87381276
6462095,2014,2015-02-05,1900,2014-02-22,1645,101944,0451,6,5,6,1949,0,0,0,,0,43TY1P,"IMPERIAL HWY","STUDEBAKER RD",215.00,W,N,A,-,N,,,,,,,,,,N,2,0,1,2,A,-,01,23152,A,N,C,C,A,A,H,-,A,A,0,,,,,Y,Y,-,,1,0,0,0,0,0,0,0,0,"- ","- ",,,"LOS ANGELES",NORWALK,-118.10001699,33.917169999999999