CASE_ID,ACCIDENT_YEAR,PROC_DATE,JURIS,COLLISION_DATE,COLLISION_TIME,OFFICER_ID,REPORTING_DISTRICT,DAY_OF_WEEK,CHP_SHIFT,POPULATION,CNTY_CITY_LOC,SPECIAL_COND,BEAT_TYPE,CHP_BEAT_TYPE,CITY_DIVISION_LAPD,CHP_BEAT_CLASS,BEAT_NUMBER,PRIMARY_RD,SECONDARY_RD,DISTANCE,DIRECTION,INTERSECTION,WEATHER_1,WEATHER_2,STATE_HWY_IND,CALTRANS_COUNTY,CALTRANS_DISTRICT,STATE_ROUTE,ROUTE_SUFFIX,POSTMILE_PREFIX,POSTMILE,LOCATION_TYPE,RAMP_INTERSECTION,SIDE_OF_HWY,TOW_AWAY,COLLISION_SEVERITY,NUMBER_KILLED,NUMBER_INJURED,PARTY_COUNT,PRIMARY_COLL_FACTOR,PCF_CODE_OF_VIOL,PCF_VIOL_CATEGORY,PCF_VIOLATION,PCF_VIOL_SUBSECTION,HIT_AND_RUN,TYPE_OF_COLLISION,MVIW,PED_ACTION,ROAD_SURFACE,ROAD_COND_1,ROAD_COND_2,LIGHTING,CONTROL_DEVICE,CHP_ROAD_TYPE,PEDESTRIAN_ACCIDENT,BICYCLE_ACCIDENT,MOTORCYCLE_ACCIDENT,TRUCK_ACCIDENT,NOT_PRIVATE_PROPERTY,ALCOHOL_INVOLVED,STWD_VEHTYPE_AT_FAULT,CHP_VEHTYPE_AT_FAULT,COUNT_SEVERE_INJ,COUNT_VISIBLE_INJ,COUNT_COMPLAINT_PAIN,COUNT_PED_KILLED,COUNT_PED_INJURED,COUNT_BICYCLIST_KILLED,COUNT_BICYCLIST_INJURED,COUNT_MC_KILLED,COUNT_MC_INJURED,PRIMARY_RAMP,SECONDARY_RAMP,LATITUDE,LONGITUDE,COUNTY,CITY,POINT_X,POINT_Y
8481258,2017,2017-11-17,1956,2017-10-21,2338,1260,51,6,5,5,1956,0,0,0,,0,005,"INGLEWOOD AV","ROCKEFELLER LN",16.00,N,N,A,-,N,,,,,,,,,,Y,2,0,1,1,A,-,01,23152,A,N,E,I,A,A,H,-,C,D,0,,,,,Y,Y,A,01,1,0,0,0,0,0,0,0,0,"- ","- ",,,"LOS ANGELES","REDONDO BEACH",-118.3613,33.870063880000004
8481378,2017,2017-12-06,1942,2017-09-21,2100,42776,0407,4,5,7,1942,0,0,0,D,0,4A9,"HUNTINGTON DR","MONTEREY RD",0.00,,Y,A,-,N,,,,,,,,,,Y,3,0,2,3,A,-,00,21453,,N,D,C,A,A,H,-,C,A,0,,,,,Y,Y,-,,0,2,0,0,0,0,0,0,0,"- ","- ",,,"LOS ANGELES","LOS ANGELES",-118.18750002,34.086220070000003
8482554,2017,2017-11-16,1976,2017-09-30,2345,391,,6,5,3,1964,0,0,0,,0,,"NORWALK BL","FLORENCE AV",0.00,,Y,A,-,N,,,,,,,,,,Y,3,0,3,2,A,-,01,23152,A,N,D,C,A,A,H,-,C,A,0,,,,,Y,Y,A,07,0,1,2,0,0,0,0,0,0,"- ","- ",,,"LOS ANGELES","SANTA FE SPRINGS",-118.07272007,33.935350110000002
8482897,2017,2017-11-02,1967,2017-10-21,0001,139,,6,5,2,1967,0,0,0,,0,SOUTH,"ORANGE AV",WILLOW,86.00,S,N,A,-,N,,,,,,,,,,Y,3,0,1,3,A,-,03,22350,,N,C,C,A,A,H,-,C,A,0,,,,,Y,Y,A,01,0,1,0,0,0,0,0,0,0,"- ","- ",,,"LOS ANGELES","SIGNAL HILL",-118.17633234,33.804164180000001
8484237,2017,2017-11-30,1976,2017-10-27,1845,442,,5,5,5,1976,0,0,0,,0,002,"OCEAN VIEW AV","OAK ST",0.00,,Y,A,-,N,,,,,,,,,,Y,4,0,2,2,A,-,01,23152,A,F,D,C,A,A,H,-,C,D,0,,,,,Y,Y,A,01,0,0,2,0,0,0,0,0,0,"- ","- ",,,"LOS ANGELES",WHITTIER,-118.02042004,33.954980079999999
8485771,2017,2018-06-26,1900,2017-10-19,1935,509580,0612,4,5,6,1985,0,0,0,,0,61T1,"SIERRA HWY","RT 14",0.00,,Y,A,-,Y,LA,7,14,-,R,30.490,R,4,N,Y,4,0,2,3,A,-,01,23152,A,N,D,C,A,A,H,-,C,A,0,,,,,Y,Y,A,01,0,0,2,0,0,0,0,0,0,"- ",NF,,,"LOS ANGELES","SANTA CLARITA",-118.46088641,34.399119890000001
8486045,2017,2017-12-18,1942,2017-10-18,2230,43009,0857,3,5,7,1942,0,0,0,H,0,8A59,"ALCOTT ST","S HOLT AV",195.00,E,N,A,-,N,,,,,,,,,,N,4,0,1,2,A,-,17,22517,,N,H,C,A,A,H,-,B,D,0,,,,,Y,Y,A,01,0,0,1,0,0,0,0,0,0,"- ","- ",,,"LOS ANGELES","LOS ANGELES",-118.37798621,34.052751659999998
8488379,2017,2017-11-30,1976,2017-10-06,2016,420,,5,5,3,1964,0,0,0,,0,001,"BROADWAY AV","WASHINGTON BL",183.00,S,N,A,-,N,,,,,,,,,,Y,3,0,4,2,A,-,01,23152,A,N,A,E,A,A,H,-,C,A,0,,,,,Y,Y,A,01,0,3,1,0,0,0,0,0,0,"- ","- ",,,"LOS ANGELES","SANTA FE SPRINGS",-118.06919075,33.970911139999998
8488519,2017,2017-12-04,1900,2017-10-28,1202,530045,2243,6,5,3,1989,0,0,0,,0,224T2,"LAS VIRGENES RD","HORSESHOE CIR",51.00,N,N,A,-,N,,,,,,,,,,Y,3,0,1,2,A,-,01,23152,A,N,C,C,A,A,H,-,A,D,0,,,,,Y,Y,A,01,0,1,0,0,0,0,0,0,0,"- ","- ",34.158290000000001,-118.70092,"LOS ANGELES",CALABASAS,-118.70123194999999,34.158487200000003
8489034,2017,2017-11-28,1942,2017-09-14,0025,39586,1151,4,5,7,1942,0,0,0,K,0,11A51,"W SUNSET BL","L RON HUBBARD WY W",20.00,W,N,A,-,N,,,,,,,,,,N,4,0,2,2,A,-,12,21453,A,N,-,C,A,-,H,-,C,A,0,,,,,Y,Y,A,07,0,0,2,0,0,0,0,0,0,"- ","- ",,,"LOS ANGELES","LOS ANGELES",-118.29402593,34.098149999999997
8489722,2017,2017-12-07,1956,2017-11-05,0435,1312,51,7,5,5,1956,0,0,0,,0,005,"INGLEWOOD AV","GRANT AV",110.00,N,N,C,-,N,,,,,,,,,,Y,3,0,2,2,A,-,01,23152,A,N,C,E,A,B,H,-,C,A,0,,,,,Y,Y,A,01,0,1,1,0,0,0,0,0,0,"- ","- ",,,"LOS ANGELES","REDONDO BEACH",-118.36126751,33.869330079999997
8492975,2017,2017-12-06,1942,2017-11-02,1950,37575,0769,4,5,7,1942,0,0,0,G,0,6T7,"VENICE BL","4TH AV",0.00,,Y,A,-,N,,,,,,,,,,N,3,0,1,2,A,-,11,21956,A,N,G,B,D,A,H,-,C,A,0,Y,,,,Y,Y,N,60,0,1,0,0,1,0,0,0,0,"- ","- ",,,"LOS ANGELES","LOS ANGELES",-118.32128006000001,34.043570070000001
8493708,2017,2018-06-26,1900,2017-11-13,2149,61664,1126,1,5,6,1992,0,0,0,,0,112T1,"AVENUE K","RT 14",95.00,W,N,A,-,Y,LA,7,14,-,R,66.871,R,4,N,N,3,0,1,2,A,-,11,21954,A,N,G,B,D,A,H,-,C,D,0,Y,,,,Y,Y,N,60,0,1,0,0,1,0,0,0,0,"- ",NO,,,"LOS ANGELES",LANCASTER,-118.15873704000001,34.676290539999997
8496063,2017,2017-12-06,1942,2017-10-28,2350,42576,1513,6,5,7,1942,0,0,0,O,0,15A21,"VANOWEN ST","WHITSETT AV",0.00,,Y,B,-,N,,,,,,,,,,N,4,0,1,2,D,-,00,,,N,G,G,A,A,H,-,C,A,0,,Y,,,Y,Y,-,"- ",0,0,1,0,0,0,1,0,0,"- ","- ",,,"LOS ANGELES","LOS ANGELES",-118.40528011000001,34.193950010000002
8496668,2017,2018-02-16,1947,2017-10-23,0024,1411,,1,5,5,1947,0,0,0,,0,00E,"S MAPLE AV","W OLYMPIC BL W",0.00,,Y,A,-,N,,,,,,,,,,Y,4,0,1,2,A,-,01,23152,A,N,F,C,A,A,H,-,C,A,0,,,,,Y,Y,A,01,0,0,1,0,0,0,0,0,0,"- ","- ",34.00853,-118.11761,"LOS ANGELES",MONTEBELLO,-118.11765002999999,34.008460049999996
8497125,2017,2017-12-27,1942,2017-11-21,2100,37304,1781,2,5,7,1942,0,0,0,Q,0,17A81,"OSBORNE ST","DE SOTO AV",0.00,,Y,A,-,N,,,,,,,,,,Y,2,0,2,2,A,-,01,23152,A,N,D,C,A,A,H,-,C,A,0,,,,,Y,Y,A,01,1,1,0,0,0,0,0,0,0,"- ","- ",,,"LOS ANGELES","LOS ANGELES",-118.58856013,34.233050079999998
8498477,2017,2017-12-08,1975,2017-11-08,2032,338,,3,5,6,1975,0,0,0,,0,001,"AZUSA AV","WORKMAN AV",25.00,N,N,A,-,N,,,,,,,,,,N,4,0,2,2,A,-,01,23152,A,N,C,C,A,A,H,-,C,A,0,,,,,Y,Y,-,,0,0,2,0,0,0,0,0,0,"- ","- ",,,"LOS ANGELES","WEST COVINA",-117.90780913,34.075548529999999
8498739,2017,2017-12-07,1942,2017-11-25,1530,32372,1543,6,5,7,1942,0,0,0,O,0,15A43,"WHITSETT AV","CHANDLER BL",30.00,S,N,A,-,N,,,,,,,,,,N,4,0,3,2,A,-,01,23152,A,N,C,C,A,A,H,-,A,D,0,,,,,Y,Y,A,01,0,0,3,0,0,0,0,0,0,"- ","- ",,,"LOS ANGELES","LOS ANGELES",-118.40527,34.168597720000001
8499396,2017,2017-12-07,1900,2017-11-02,1220,525410,1123,4,5,6,1992,0,0,0,,0,112T1,"10TH ST WEST","AVE J",200.00,S,N,A,-,N,,,,,,,,,,Y,4,0,2,2,A,-,01,23152,A,M,C,C,A,A,H,-,A,A,0,,,,,Y,Y,A,01,0,0,2,0,0,0,0,0,0,"- ","- ",,,"LOS ANGELES",LANCASTER,-118.14802,34.688901610000002
8502081,2017,2017-12-13,1934,2017-10-01,0039,779,1934,7,5,1,1934,0,0,0,,0,,"ALPHA ST","AVENIDA BARBOSA",309.00,W,N,A,-,N,,,,,,,,,,Y,4,0,1,1,A,-,01,23152,A,N,E,I,A,A,H,-,C,A,0,,,,,Y,Y,A,01,0,0,1,0,0,0,0,0,0,"- ","- ",,,"LOS ANGELES",IRWINDALE,-117.98510616,34.117828459999998
8503226,2017,2017-12-06,1942,2017-10-24,1330,41630,1942,2,5,7,1942,0,0,0,,0,10X6,HAYVENHURST,MAGNOLIA,10.00,N,N,A,-,N,,,,,,,,,,,4,0,1,2,A,-,09,21804,A,N,A,G,A,-,-,-,A,A,0,,Y,,,Y,Y,L,04,0,0,1,0,0,0,1,0,0,"- ","- ",,,"LOS ANGELES","LOS ANGELES",-118.49234,34.164947429999998
8504906,2017,2018-06-13,1947,2017-11-19,2007,1412,,7,5,5,1947,0,0,0,,0,00E,"W WHITTIER BL","VIA VISTA",25.00,W,N,A,-,N,,,,,,,,,,N,2,0,1,2,A,-,11,21950,B,N,G,B,D,A,A,H,C,D,0,Y,,,,Y,Y,N,60,1,0,0,0,1,0,0,0,0,"- ","- ",34.014670000000002,-118.13001,"LOS ANGELES",MONTEBELLO,-118.12910986,34.014536640000003
8505045,2017,2017-11-30,1942,2017-10-13,0215,34426,0236,5,5,7,1942,0,0,0,B,0,2A47,"BEVERLY BL","UNION AV",150.00,E,N,A,-,N,,,,,,,,,,Y,3,0,2,2,A,-,01,23152,A,N,D,C,A,A,-,-,C,D,0,,,,,Y,Y,A,01,0,1,1,0,0,0,0,0,0,"- ","- ",,,"LOS ANGELES","LOS ANGELES",-118.26543328,34.064467329999999
8505073,2017,2017-11-30,1942,2017-10-25,2240,43012,937,3,5,7,1942,0,0,0,,0,9A37,"VICTORY BL","COSTELLO ST",80.00,W,N,A,-,N,,,,,,,,,,Y,3,0,1,2,A,-,01,23152,A,N,C,E,A,A,H,-,D,D,0,,,,,Y,Y,A,01,0,1,0,0,0,0,0,0,0,"- ","- ",,,"LOS ANGELES","LOS ANGELES",-118.43807405,34.186669999999999
8505528,2017,2017-12-05,1955,2017-11-18,0112,42129,50,6,5,6,1955,0,0,0,,0,001,"MONTEREY AV","WHITE AV",0.00,,Y,A,-,N,,,,,,,,,,Y,4,0,1,1,A,-,08,22107,,M,E,I,A,A,H,-,C,A,0,,,,,Y,Y,A,01,0,0,1,0,0,0,0,0,0,"- ","- ",,,"LOS ANGELES",POMONA,-117.75898013,34.06032012
8505840,2017,2017-12-08,1976,2017-11-07,1911,243,,2,5,5,1976,0,0,0,,0,002,"SANTA FE SPRINGS RD","SLAUSON AV",24.00,N,N,A,-,N,,,,,,,,,,Y,3,0,1,3,A,-,01,23152,A,N,D,C,A,A,H,-,C,A,0,,,,,Y,Y,A,01,0,1,0,0,0,0,0,0,0,"- ","- ",,,"LOS ANGELES",WHITTIER,-118.05065945,33.959040549999997
8506808,2017,2017-12-06,1941,2017-11-16,0155,10652,,4,5,7,1941,0,0,0,,0,,"GAVIOTA AV","37TH ST",193.00,S,N,A,-,N,,,,,,,,,,Y,3,0,1,3,A,-,01,23152,B,N,B,E,A,A,H,-,C,B,0,,,,,Y,Y,A,,0,1,0,0,0,0,0,0,0,"- ","- ",,,"LOS ANGELES","LONG BEACH",-118.17091763000001,33.823660779999997
8507404,2017,2017-12-14,1942,2017-10-28,0010,38090,0898,6,5,7,1942,0,0,0,H,0,8TL35,"ROBERTSON BL","KINCARDINE AV",165.00,N,N,A,-,N,,,,,,,,,,Y,3,0,2,2,A,-,01,23152,A,N,A,C,A,A,H,-,C,A,0,,,Y,,Y,Y,A,01,0,1,1,0,0,0,0,0,2,"- ","- ",,,"LOS ANGELES","LOS ANGELES",-118.38968321,34.033324739999998
8508508,2017,2017-12-18,1942,2017-11-16,2047,25495,0743,4,5,7,1942,0,0,0,G,0,7TL23,"FAIRFAX AV","8TH ST",200.00,S,N,A,-,N,,,,,,,,,,Y,4,0,1,3,A,-,01,23152,A,F,C,E,A,A,H,-,A,D,0,,,,,Y,Y,A,01,0,0,1,0,0,0,0,0,0,"- ","- ",,,"LOS ANGELES","LOS ANGELES",-118.36266792000001,34.060535209999998
8509407,2017,2018-06-13,1946,2017-10-10,1614,P38,1946,2,5,4,1946,0,0,0,,0,003,CALIFORNIA,CENTRAL,0.00,,Y,A,-,N,,,,,,,,,,Y,3,0,1,3,A,-,12,21453,A,N,B,C,A,A,H,-,A,A,0,,,,Y,Y,Y,A,01,0,1,0,0,0,0,0,0,0,"- ","- ",,,"LOS ANGELES",MONROVIA,-117.99505012,34.135870070000003
8509574,2017,2018-01-23,1956,2017-11-18,0207,1260,45,6,5,5,1956,0,0,0,,0,003,"190TH ST","MEYER LN",0.00,,Y,A,-,N,,,,,,,,,,Y,4,0,1,2,A,-,01,23152,A,M,B,C,A,A,H,-,C,A,0,,,,,Y,Y,A,01,0,0,1,0,0,0,0,0,0,"- ","- ",,,"LOS ANGELES","REDONDO BEACH",-118.36990003,33.858260100000003
8510363,2017,2017-12-14,1905,2017-10-18,1837,1124,443,3,5,4,1905,0,0,0,,0,001,"E ARROW HWY","CERRITOS AV",434.00,E,N,A,-,N,,,,,,,,,,Y,3,0,2,1,A,-,08,22107,,N,B,I,A,A,H,-,B,D,0,,,,,Y,Y,A,01,0,1,1,0,0,0,0,0,0,"- ","- ",34.106679999999997,-117.88988999999999,"LOS ANGELES",AZUSA,-117.89752975,34.106777970000003
8510503,2017,2017-12-20,1942,2017-11-27,0720,42576,1591,1,5,7,1942,0,0,0,O,0,1567,"VENTURA BL","GOODLAND AV",0.00,,Y,B,-,N,,,,,,,,,,N,3,0,1,3,A,-,11,21954,A,N,G,B,D,B,H,-,A,D,0,Y,,,,Y,Y,N,60,0,1,0,0,1,0,0,0,0,"- ","- ",,,"LOS ANGELES","LOS ANGELES",-118.41154007,34.144760009999999
8511040,2017,2017-12-26,1953,2017-11-23,1559,7868,PASAD,4,5,6,1953,0,0,0,,0,002,"NORTH GARFIELD AV","N GARFIELD AV 1005",0.00,,Y,A,-,N,,,,,,,,,,N,3,0,1,1,A,-,03,22350,,N,H,-,A,A,H,-,A,D,0,,Y,,,Y,Y,L,04,0,1,0,0,0,0,1,0,0,"- ","- ",,,"LOS ANGELES",PASADENA,-118.14384099999999,34.163170999999998
8511568,2017,2017-12-28,1924,2017-08-19,1951,114642,15,6,5,5,1924,0,0,0,,0,8T3,"ROSECRANS AV","CRENSHAW BL",118.00,E,N,A,-,N,,,,,,,,,,Y,4,0,2,2,A,-,01,23152,A,N,C,C,A,A,H,-,B,A,0,,,,,Y,Y,A,01,0,0,2,0,0,0,0,0,0,"- ","- ",33.901919999999997,-118.32651,"LOS ANGELES",GARDENA,-118.32615824,33.901870000000002
8511647,2017,2017-12-21,1942,2017-11-25,1654,42968,0503,6,5,7,1942,0,0,0,E,0,5A85W2,"NORMANDIE AV","LOMITA BL",25.00,S,N,A,-,N,,,,,,,,,,Y,2,0,1,1,A,-,01,23152,A,N,E,J,A,A,H,-,A,A,0,,,Y,,Y,Y,C,02,1,0,0,0,0,0,0,0,1,"- ","- ",,,"LOS ANGELES","LOS ANGELES",-118.29747,33.797781430000001
8511691,2017,2017-12-27,1902,2017-12-05,2102,636,2,2,5,5,1902,0,0,0,,0,004,"DUARTE RD","BALDWIN AV",0.00,,Y,A,-,N,,,,,,,,,,Y,4,0,1,2,A,-,01,23152,,N,C,C,A,A,H,-,C,A,0,,,,,Y,Y,A,01,0,0,1,0,0,0,0,0,0,"- ","- ",,,"LOS ANGELES",ARCADIA,-118.05493002999999,34.126070040000002
8512810,2017,2018-01-30,1942,2017-12-11,1800,37867,1792,1,5,7,1942,0,0,0,Q,0,17XL82,"ROSCOE BL","CALVIN AV",120.00,E,N,A,-,N,,,,,,,,,,Y,3,0,3,1,A,-,03,22350,,N,E,I,A,A,H,-,A,A,0,,,,,Y,Y,A,01,0,1,2,0,0,0,0,0,0,"- ","- ",,,"LOS ANGELES","LOS ANGELES",-118.55535381,34.220456949999999
8513313,2017,2018-01-20,1965,2017-12-08,1745,3553,0B2A,5,5,5,1965,0,0,0,,0,B002,"BAY ST","BAY ST 325",0.00,,N,A,-,N,,,,,,,,,,Y,3,0,1,1,A,-,01,23152,A,N,E,I,A,A,H,-,C,A,0,,,,,Y,Y,A,01,0,1,0,0,0,0,0,0,0,"- ","- ",,,"LOS ANGELES","SANTA MONICA",-118.48690499999999,34.008595999999997
8515030,2017,2017-12-16,1910,2017-12-02,1913,401,,6,5,4,1910,0,0,0,,0,009,"NORTH ROBERTSON BL","CLIFTON WY",0.00,,Y,A,-,N,,,,,,,,,,N,4,0,1,2,A,-,11,21461,5,N,G,B,B,A,H,-,C,A,0,Y,,,,Y,Y,N,60,0,0,1,0,1,0,0,0,0,"- ","- ",,,"LOS ANGELES","BEVERLY HILLS",-118.38377001000001,34.069260100000001
8515290,2017,2017-12-26,1942,2017-12-01,1350,36406,1781,5,5,7,1942,0,0,0,Q,0,35M65,"DE SOTO AV","NORDHOFF ST",300.00,S,N,A,-,N,,,,,,,,,,Y,3,0,2,2,A,-,01,23152,A,N,C,C,A,A,H,-,A,D,0,,,,,Y,Y,D,22,0,1,1,0,0,0,0,0,0,"- ","- ",,,"LOS ANGELES","LOS ANGELES",-118.58855,34.23465702
8515735,2017,2017-12-21,1942,2017-10-26,1405,32372,1681,4,5,7,1942,0,0,0,P,0,16A81,"VANTAGE AV","ROSCOE BL",15.00,S,N,A,-,N,,,,,,,,,,N,3,0,1,2,A,-,11,21954,A,N,G,B,C,A,H,-,A,D,0,Y,,,,Y,Y,N,60,0,1,0,0,1,0,0,0,0,"- ","- ",,,"LOS ANGELES","LOS ANGELES",-118.39768017999999,34.221608860000003
8517080,2017,2017-12-28,1942,2017-12-06,1800,39575,1007,3,5,7,1942,0,0,0,J,0,35E11,"BALBOA BL","SATICOY ST",0.00,,Y,A,-,N,,,,,,,,,,Y,2,0,1,2,A,-,09,21801,A,N,D,C,A,A,H,-,C,A,0,,,Y,,Y,Y,A,01,1,0,0,0,0,0,0,0,1,"- ","- ",,,"LOS ANGELES","LOS ANGELES",-118.50116010000001,34.208420009999998
8517310,2017,2018-02-06,1942,2017-12-03,1220,42576,1547,7,5,7,1942,0,0,0,O,0,15A43,"BURBANK BL","FARMDALE AV",110.00,E,N,A,-,N,,,,,,,,,,N,4,0,2,3,A,-,03,22350,,N,C,C,A,A,H,-,A,D,0,,,,,Y,Y,A,08,0,0,2,0,0,0,0,0,0,"- ","- ",,,"LOS ANGELES","LOS ANGELES",-118.38067701,34.172150000000002
8521215,2017,2017-12-27,1924,2017-07-20,1722,111229,G2,4,5,5,1924,0,0,0,,0,8T4,"EL SEGUNDO BL","CIMARRON AV",6.00,E,N,A,-,N,,,,,,,,,,Y,4,0,1,2,A,-,01,23152,A,N,D,C,A,A,H,-,A,D,0,,,,,Y,Y,A,08,0,0,1,0,0,0,0,0,0,"- ","- ",33.916420000000002,-118.315,"LOS ANGELES",GARDENA,-118.31502026,33.916460000000001
8521669,2017,2018-01-16,1906,2017-12-10,1407,4411,BEAT3,7,5,5,1906,0,0,0,,0,1906,"DALEWOOD ST","PUENTE AV",0.00,,Y,A,-,N,,,,,,,,,,N,4,0,1,2,A,-,08,22107,,N,B,C,A,A,H,-,A,A,0,,,Y,,Y,Y,A,01,0,0,1,0,0,0,0,0,1,"- ","- ",,,"LOS ANGELES","BALDWIN PARK",-117.96375002000001,34.068580099999998
8521673,2017,2018-01-16,1906,2017-12-10,1806,4411,1906,7,5,5,1906,0,0,0,,0,003,"MERCED AV","PUENTE AV",151.00,W,N,A,-,N,,,,,,,,,,Y,3,0,1,2,A,-,09,21801,,N,D,C,A,A,H,-,C,A,0,,,,,Y,Y,A,01,0,1,0,0,0,0,0,0,0,"- ","- ",,,"LOS ANGELES","BALDWIN PARK",-117.96071070000001,34.072046489999998
8522638,2017,2018-01-12,1942,2017-12-24,0115,36336,1525,7,5,7,1942,0,0,0,O,0,15A33,"LAUREL CANYON BL","ERWIN ST",27.00,N,N,A,-,N,,,,,,,,,,Y,3,0,1,1,A,-,01,23152,A,N,E,I,A,A,H,-,C,D,0,,,,,Y,Y,D,22,0,1,0,0,0,0,0,0,0,"- ","- ",,,"LOS ANGELES","LOS ANGELES",-118.39653070999999,34.183174049999998
8523114,2017,2018-01-10,1931,2017-12-25,0645,5196,1931,1,5,5,1931,0,0,0,,0,001,"SANTA FE AV","RANDOLPH ST",0.00,,Y,A,-,N,,,,,,,,,,N,3,0,2,2,A,-,01,23153,A,F,D,C,A,A,H,-,A,A,0,,,,,Y,Y,A,01,0,1,1,0,0,0,0,0,0,"- ","- ",,,"LOS ANGELES","HUNTINGTON PARK",-118.2303201,33.986070089999998
8523922,2017,2018-01-03,1942,2017-12-10,0025,34458,0135,7,5,7,1942,0,0,0,A,0,1A35,"MAIN ST","SOUTH 2ND ST",363.00,S,N,A,-,N,,,,,,,,,,N,4,0,1,2,A,-,01,23152,A,N,A,E,A,A,H,-,C,D,0,,,,,Y,Y,A,01,0,0,1,0,0,0,0,0,0,"- ","- ",,,"LOS ANGELES","LOS ANGELES",-118.24526984000001,34.050195029999998
8524664,2017,2018-02-20,1942,2017-11-03,2500,30380,1344,5,5,7,1942,0,0,0,M,0,13A43,"AVALON BL","E 41ST PL",0.00,,Y,A,-,N,,,,,,,,,,N,3,0,1,3,A,-,09,21801,A,N,H,J,F,A,H,-,A,D,0,Y,,,,Y,Y,A,01,0,1,0,0,1,0,0,0,0,"- ","- ",,,"LOS ANGELES","LOS ANGELES",-118.26528005999999,34.008160099999998
8524707,2017,2018-01-04,1900,2017-11-29,2033,529400,1434,3,5,4,1937,0,0,0,,0,148T2,"TEMPLE AV","GLENDORA AV",0.00,,Y,B,-,N,,,,,,,,,,N,4,0,1,3,A,-,10,21950,A,M,G,B,B,A,H,-,C,A,0,Y,,,,Y,Y,A,07,0,0,1,0,1,0,0,0,0,"- ","- ",,,"LOS ANGELES","LA PUENTE",-117.95080006000001,34.028080029999998
8525384,2017,2018-01-10,1916,2017-08-08,2249,2059,D29U2,2,5,4,1916,0,0,0,,0,005,"CITRUS AV","ARROW HWY",228.00,S,N,A,-,N,,,,,,,,,,N,3,0,1,2,A,-,09,21804,A,F,D,G,A,A,H,-,C,A,0,,Y,,,Y,Y,L,04,0,1,0,0,0,0,1,0,0,"- ","- ",34.106560000000002,-117.89026,"LOS ANGELES",COVINA,-117.89025934,34.106185019999998
8525439,2017,2018-01-10,1942,2017-10-11,1830,42055,1345,3,5,7,1942,0,0,0,M,0,13X17,"ZAMORA ST","41ST PL",126.00,S,N,A,-,N,,,,,,,,,,N,2,0,1,2,A,-,11,21954,A,F,B,B,D,A,H,-,B,D,0,Y,,,,Y,Y,N,60,1,0,0,0,1,0,0,0,0,"- ","- ",,,"LOS ANGELES","LOS ANGELES",-118.25294323,34.008934500000002
8527120,2017,2018-01-10,1900,2017-11-11,0204,530167,1516,6,5,5,1954,0,0,0,,0,151T3,"TELEGRAPH RD","PARAMOUNT BL",0.00,,Y,A,-,N,,,,,,,,,,Y,3,0,2,2,A,-,03,22350,,N,-,D,A,A,H,-,C,A,0,,,,,Y,Y,A,01,0,1,1,0,0,0,0,0,0,"- ","- ",,,"LOS ANGELES","PICO RIVERA",-118.11578012,33.967070030000002
8531016,2017,2018-02-15,1920,2017-12-09,2054,12611,,6,5,6,1920,0,0,0,,0,,"FLORENCE AV","RIVES AV",0.00,,Y,A,-,N,,,,,,,,,,N,4,0,2,3,D,-,00,,,N,B,C,A,A,H,-,C,A,0,,,,,Y,Y,-,"- ",0,0,2,0,0,0,0,0,0,"- ","- ",,,"LOS ANGELES",DOWNEY,-118.13424010999999,33.955660020000003
8532265,2017,2018-03-03,1955,2017-12-21,0710,42369,84,4,5,6,1955,0,0,0,,0,005,"GAREY AV","RIO RANCHO RD",0.00,,Y,A,-,N,,,,,,,,,,N,4,0,1,2,A,-,10,21950,A,F,G,G,A,A,H,-,A,A,0,,Y,,,Y,Y,D,22,0,0,1,0,0,0,1,0,0,"- ","- ",,,"LOS ANGELES",POMONA,-117.74932007,34.033370089999998
8532399,2017,2018-01-22,1970,2017-09-16,2247,203,1970,6,5,4,1970,0,0,0,,0,004,"OAK ST","STRATFORD AV",0.00,,Y,A,-,N,,,,,,,,,,Y,3,0,1,1,A,-,12,22450,A,N,E,I,A,A,H,-,C,D,0,,,,,Y,Y,-,,0,1,0,0,0,0,0,0,0,"- ","- ",,,"LOS ANGELES","SOUTH PASADENA",-118.14554006,34.107790029999997
8532918,2017,2018-01-12,1944,2017-11-23,0532,322,1944,4,5,4,1944,0,0,0,,0,,"VALLEY DR","ELM AV",62.00,E,N,A,-,N,,,,,,,,,,Y,3,0,1,2,A,-,01,23152,A,N,F,E,A,A,H,-,C,A,0,,,,,Y,Y,A,01,0,1,0,0,0,0,0,0,0,"- ","- ",,,"LOS ANGELES","MANHATTAN BEACH",-118.3976668,33.899455519999997
8533764,2017,2018-01-18,1942,2017-12-22,1725,41661,0455,5,5,7,1942,0,0,0,D,0,4A53,"WABASH AV","NORTH SOTO ST",0.00,,Y,A,-,N,,,,,,,,,,N,4,0,1,2,A,-,10,21950,A,N,G,B,B,A,H,-,A,A,0,Y,,,,Y,Y,A,07,0,0,1,0,1,0,0,0,0,"- ","- ",,,"LOS ANGELES","LOS ANGELES",-118.20389000999999,34.053010020000002
8534369,2018,2018-02-01,1900,2018-01-02,0030,530600,0612,2,5,6,1985,0,0,0,,0,61T1,"SHANGRI LA DR","CAMELOT CT",8.00,E,N,A,-,N,,,,,,,,,,Y,3,0,1,6,A,-,03,22350,,N,B,E,A,A,H,-,C,D,0,,,,,Y,Y,A,01,0,1,0,0,0,0,0,0,0,"- ","- ",,,"LOS ANGELES","SANTA CLARITA",-118.45911407470703,34.417736053466797
8534458,2017,2018-01-26,1907,2017-12-23,0114,239,2,6,5,4,1907,0,0,0,,0,,"KING AV","RANDOLPH ST",0.00,,Y,A,-,N,,,,,,,,,,Y,3,0,3,2,A,-,01,23152,A,N,D,C,A,A,H,-,C,A,0,,,,,Y,Y,A,01,0,3,0,0,0,0,0,0,0,"- ","- ",33.981119999999997,-118.18429999999999,"LOS ANGELES",BELL,-118.18432013,33.981100009999999