CASE_ID,ACCIDENT_YEAR,PROC_DATE,JURIS,COLLISION_DATE,COLLISION_TIME,OFFICER_ID,REPORTING_DISTRICT,DAY_OF_WEEK,CHP_SHIFT,POPULATION,CNTY_CITY_LOC,SPECIAL_COND,BEAT_TYPE,CHP_BEAT_TYPE,CITY_DIVISION_LAPD,CHP_BEAT_CLASS,BEAT_NUMBER,PRIMARY_RD,SECONDARY_RD,DISTANCE,DIRECTION,INTERSECTION,WEATHER_1,WEATHER_2,STATE_HWY_IND,CALTRANS_COUNTY,CALTRANS_DISTRICT,STATE_ROUTE,ROUTE_SUFFIX,POSTMILE_PREFIX,POSTMILE,LOCATION_TYPE,RAMP_INTERSECTION,SIDE_OF_HWY,TOW_AWAY,COLLISION_SEVERITY,NUMBER_KILLED,NUMBER_INJURED,PARTY_COUNT,PRIMARY_COLL_FACTOR,PCF_CODE_OF_VIOL,PCF_VIOL_CATEGORY,PCF_VIOLATION,PCF_VIOL_SUBSECTION,HIT_AND_RUN,TYPE_OF_COLLISION,MVIW,PED_ACTION,ROAD_SURFACE,ROAD_COND_1,ROAD_COND_2,LIGHTING,CONTROL_DEVICE,CHP_ROAD_TYPE,PEDESTRIAN_ACCIDENT,BICYCLE_ACCIDENT,MOTORCYCLE_ACCIDENT,TRUCK_ACCIDENT,NOT_PRIVATE_PROPERTY,ALCOHOL_INVOLVED,STWD_VEHTYPE_AT_FAULT,CHP_VEHTYPE_AT_FAULT,COUNT_SEVERE_INJ,COUNT_VISIBLE_INJ,COUNT_COMPLAINT_PAIN,COUNT_PED_KILLED,COUNT_PED_INJURED,COUNT_BICYCLIST_KILLED,COUNT_BICYCLIST_INJURED,COUNT_MC_KILLED,COUNT_MC_INJURED,PRIMARY_RAMP,SECONDARY_RAMP,LATITUDE,LONGITUDE,COUNTY,CITY,POINT_X,POINT_Y
8772063,2018,2019-01-10,1942,2018-12-20,1320,34599,0963,4,5,7,1942,0,0,0,I,0,9A63,"MAGNOLIA BL","KESTER AV",0.00,,Y,A,-,N,,,,,,,,,,N,4,0,2,2,A,-,09,21801,A,N,A,C,A,A,H,-,A,A,0,,,,,Y,Y,A,07,0,0,2,0,0,0,0,0,0,"- ","- ",,,"LOS ANGELES","LOS ANGELES",-118.45741271972656,34.164848327636719
8774096,2019,2019-02-02,1902,2019-01-08,0019,636,32,2,5,5,1902,0,0,0,,0,005,"LONGDEN AV","4TH AV",0.00,,N,B,-,N,,,,,,,,,,Y,4,0,1,3,A,-,01,23152,A,N,C,E,A,A,-,-,C,D,0,,,,,Y,Y,A,01,0,0,1,0,0,0,0,0,0,"- ","- ",,,"LOS ANGELES",ARCADIA,-118.02182769775391,34.114280700683594
8774519,2018,2019-01-26,1953,2018-12-07,0358,2183,1953,5,5,6,1953,0,0,0,,0,003,"HILL AV","VILLA ST",1320.00,N,N,A,-,N,,,,,,,,,,Y,3,0,1,2,A,-,01,23152,A,N,C,E,A,B,H,-,C,D,0,,,,,Y,Y,A,01,0,1,0,0,0,0,0,0,0,"- ","- ",,,"LOS ANGELES",PASADENA,-118.1214599609375,34.157947540283203
8775284,2018,2019-01-29,1953,2018-11-22,0105,5595,,4,5,6,1953,0,0,0,,0,002,"LAKE AV","MOUNTAIN ST",0.00,,Y,C,-,N,,,,,,,,,,Y,4,0,1,2,A,-,09,21801,A,N,D,C,A,B,H,-,C,A,0,,,,,Y,Y,A,01,0,0,1,0,0,0,0,0,0,"- ","- ",,,"LOS ANGELES",PASADENA,-118.13249969482422,34.161571502685547
8775913,2018,2019-01-25,1923,2018-12-01,0930,495,,6,5,3,1923,0,0,0,,0,,"BUNGALOW DR","PALM AV",355.00,N,N,A,-,N,,,,,,,,,,N,4,0,1,2,A,-,01,23152,A,F,G,B,E,A,H,-,A,D,0,Y,,,,Y,Y,A,01,0,0,1,0,1,0,0,0,0,"- ","- ",33.925090789794922,-118.40585327148438,"LOS ANGELES","EL SEGUNDO",-118.40586090087891,33.926044464111328
8776076,2019,2019-02-02,1942,2019-01-01,1815,37613,1902,2,5,7,1942,0,0,0,,0,19A7,"FOOTHILL BL","POLK ST",1200.00,S,N,A,-,N,,,,,,,,,,Y,4,0,2,4,A,-,01,23152,A,N,C,C,A,A,H,-,C,D,0,,,,,Y,Y,A,01,0,0,2,0,0,0,0,0,0,"- ","- ",,,"LOS ANGELES","LOS ANGELES",-118.43787384033203,34.313316345214844
8780236,2018,2019-02-07,1942,2018-12-21,0320,42273,2058,5,5,7,1942,0,0,0,,0,20A69,"W OLYMPIC BL","ARAPAHOE ST",157.00,W,N,A,-,N,,,,,,,,,,Y,4,0,1,2,A,-,01,23152,A,N,C,E,A,A,H,-,C,A,0,,,,,Y,Y,A,01,0,0,1,0,0,0,0,0,0,"- ","- ",,,"LOS ANGELES","LOS ANGELES",-118.28591918945312,34.052417755126953
8780327,2019,2019-01-18,1942,2019-01-02,2310,33757,0727,3,5,7,1942,0,0,0,G,0,7A17,"LA BREA AV","BEVERLY BL",0.00,,Y,A,-,N,,,,,,,,,,Y,4,0,2,4,A,-,01,23152,A,F,D,C,A,A,H,-,C,A,0,,,,,Y,Y,A,01,0,0,2,0,0,0,0,0,0,"- ","- ",,,"LOS ANGELES","LOS ANGELES",-118.34403991699219,34.076171875
8780342,2019,2019-01-18,1942,2019-01-01,0545,40010,0775,2,5,7,1942,0,0,0,G,0,7A85,"VENICE BL","RIMPAU BL",429.00,W,N,A,-,N,,,,,,,,,,N,4,0,1,2,A,-,11,21956,A,N,G,B,D,A,H,-,C,D,0,Y,,,,Y,Y,N,60,0,0,1,0,1,0,0,0,0,"- ","- ",,,"LOS ANGELES","LOS ANGELES",-118.34196472167969,34.046524047851562
8781354,2018,2019-01-30,1942,2018-12-12,1830,38557,558,3,5,7,1942,0,0,0,,0,5A24,PACIFIC,"FRONT ST",0.00,,Y,A,-,N,,,,,,,,,,Y,4,0,1,3,A,-,01,23152,A,N,A,C,A,A,H,-,C,A,0,,,,,Y,Y,A,01,0,0,1,0,0,0,0,0,0,"- ","- ",,,"LOS ANGELES","LOS ANGELES",-118.28720092773438,33.7510986328125
8782948,2019,2019-02-05,1942,2019-01-13,2015,38185,0906,7,5,7,1942,0,0,0,I,0,9A5,"VALERIO ST","LENNOX AV",250.00,W,N,B,-,N,,,,,,,,,,Y,3,0,2,2,A,-,01,23152,A,N,D,C,A,A,H,-,C,A,0,,,,,Y,Y,A,07,0,1,1,0,0,0,0,0,0,"- ","- ",,,"LOS ANGELES","LOS ANGELES",-118.44633483886719,34.204826354980469
8784161,2019,2019-02-13,1910,2019-01-01,2121,04711,,2,5,4,1910,0,0,0,,0,005,"SOUTH SANTA MONICA BL","CHARLEVILLE AV",0.00,,Y,A,-,N,,,,,,,,,,Y,3,0,3,2,A,-,08,22107,,N,A,C,A,A,H,-,C,A,0,,,,,Y,Y,A,01,0,1,2,0,0,0,0,0,0,"- ","- ",34.065570831298828,-118.41152954101562,"LOS ANGELES","BEVERLY HILLS",-118.41161346435547,34.065601348876953
8784264,2019,2019-02-14,1942,2019-01-06,1840,41597,0478,7,5,7,1942,0,0,0,D,0,424,"WHITTIER BL","LORENA ST",0.00,,Y,A,-,N,,,,,,,,,,N,3,0,1,2,A,-,10,21950,A,F,G,B,B,A,H,-,C,A,0,Y,,,,Y,Y,-,99,0,1,0,0,1,0,0,0,0,"- ","- ",,,"LOS ANGELES","LOS ANGELES",-118.20098876953125,34.027790069580078
8784609,2019,2019-02-13,1942,2019-01-29,2153,43078,1231,2,5,7,1942,0,0,0,L,0,12XL57,"SLAUSON AV","ANGELES VISTA DR",0.00,,Y,A,-,N,,,,,,,,,,Y,4,0,2,2,A,-,09,21801,A,N,D,C,A,A,H,-,C,A,0,,,,,Y,Y,A,01,0,0,2,0,0,0,0,0,0,"- ","- ",,,"LOS ANGELES","LOS ANGELES",-118.35178375244141,33.988868713378906
8785622,2019,2019-05-07,1942,2019-01-02,1725,39410,0914,3,5,7,1942,0,0,0,I,0,9A23,"VAN NUYS BL","SHERMAN WY",350.00,S,N,A,-,N,,,,,,,,,,N,4,0,1,2,A,-,03,22350,,N,C,C,A,A,H,-,C,A,0,,,,,Y,Y,-,99,0,0,1,0,0,0,0,0,0,"- ","- ",,,"LOS ANGELES","LOS ANGELES",-118.44877624511719,34.200229644775391
8786766,2019,2019-02-11,1942,2019-01-01,0330,42397,129,2,5,7,1942,0,0,0,L,0,1Z45,"N ALAMEDA ST","E CAESAR E CHAVEZ AV",0.00,,Y,B,-,N,,,,,,,,,,Y,4,0,2,2,A,-,12,21453,,N,D,C,A,A,H,-,C,A,0,,,,,Y,Y,A,01,0,0,2,0,0,0,0,0,0,"- ","- ",,,"LOS ANGELES","LOS ANGELES",-118.23709106445312,34.058090209960938
8786793,2019,2019-02-11,1942,2019-01-28,1525,41316,1015,1,5,7,1942,0,0,0,J,0,10A3,"DARBY PL","CANTLY ST",200.00,N,N,A,-,N,,,,,,,,,,Y,3,0,1,2,A,-,01,23152,A,M,A,E,A,A,H,-,A,D,0,,,,,Y,Y,A,01,0,1,0,0,0,0,0,0,0,"- ","- ",,,"LOS ANGELES","LOS ANGELES",-118.53263092041016,34.202690124511719
8786921,2018,2019-03-29,1942,2018-12-01,0305,40730,1341,6,5,7,1942,0,0,0,M,0,13A41,"S MAIN ST","W JEFFERSON BL",0.00,,Y,A,-,N,,,,,,,,,,Y,2,0,5,2,A,-,12,21453,A,N,D,C,A,A,H,-,C,A,0,,,,,Y,Y,-,"- ",2,1,2,0,0,0,0,0,0,"- ","- ",,,"LOS ANGELES","LOS ANGELES",-118.27262115478516,34.018638610839844
8786924,2019,2019-02-08,1942,2019-01-05,2025,40529,0392,6,5,7,1942,0,0,0,C,0,3A73,"ARLINGTON AV","VERNON AV",8.00,S,N,C,-,N,,,,,,,,,,N,4,0,1,2,A,-,10,21950,A,N,G,B,B,B,H,-,C,A,0,Y,,,,Y,Y,A,01,0,0,1,0,1,0,0,0,0,"- ","- ",,,"LOS ANGELES","LOS ANGELES",-118.31821441650391,34.003677368164062
8786925,2018,2019-02-08,1942,2018-12-09,1800,36238,1385,7,5,7,1942,0,0,0,M,0,13A85,"E CENTRAL AV","62ND ST",2.00,S,N,B,-,N,,,,,,,,,,Y,4,0,2,2,A,-,01,23152,A,N,A,C,A,A,H,-,C,D,0,,,,,Y,Y,A,01,0,0,2,0,0,0,0,0,0,"- ","- ",,,"LOS ANGELES","LOS ANGELES",-118.25646209716797,33.983264923095703
8787006,2018,2019-02-27,1942,2018-11-22,2125,33452,1139,4,5,7,1942,0,0,0,K,0,11A37,"OMAHA ST","AVENUE 57",9.00,S,N,A,-,N,,,,,,,,,,Y,3,0,1,1,A,-,01,23152,A,N,E,I,A,-,H,-,C,A,0,,,,,Y,Y,A,01,0,1,0,0,0,0,0,0,0,"- ","- ",,,"LOS ANGELES","LOS ANGELES",-118.19229125976562,34.105388641357422
8787015,2018,2019-02-11,1942,2018-11-09,1715,34426,1128,5,5,7,1942,0,0,0,K,0,11A25,"NORTH FIGUEROA ST","RUBY PL",0.00,,Y,A,-,N,,,,,,,,,,N,4,0,5,4,A,-,01,23152,A,N,B,C,A,A,H,-,B,A,0,,,,,Y,Y,A,01,0,0,5,0,0,0,0,0,0,"- ","- ",,,"LOS ANGELES","LOS ANGELES",-118.18437957763672,34.121559143066406
8787069,2019,2019-03-12,1942,2019-01-30,1250,34420,0991,3,5,7,1942,0,0,0,I,0,9A89,"VALLEY VISTA BL","VAN NUYS BL",300.00,W,N,A,-,N,,,,,,,,,,Y,3,0,1,3,A,-,01,23152,A,N,A,C,A,A,H,-,A,A,0,,,,Y,Y,Y,D,22,0,1,0,0,0,0,0,0,0,"- ","- ",,,"LOS ANGELES","LOS ANGELES",-118.45068359375,34.147060394287109
8789506,2019,2019-02-05,1941,2019-01-24,0318,10744,,4,5,7,1941,0,0,0,,0,,"LONG BEACH BL","COLUMBIA ST",300.00,S,N,A,-,N,,,,,,,,,,Y,4,0,1,1,A,-,01,23152,A,N,E,I,A,A,H,-,C,D,0,,,,,Y,Y,A,,0,0,1,0,0,0,0,0,0,"- ","- ",,,"LOS ANGELES","LONG BEACH",-118.18946838378906,33.808258056640625
8790029,2018,2019-02-07,1942,2018-12-01,2350,42684,1532,6,5,7,1942,0,0,0,O,0,15X5,"LAUREL CANYON BL","OXNARD ST",130.00,N,N,A,-,N,,,,,,,,,,Y,3,0,1,3,A,-,03,22350,A,N,B,E,A,A,H,-,C,D,0,,,,,Y,Y,A,01,0,1,0,0,0,0,0,0,0,"- ","- ",,,"LOS ANGELES","LOS ANGELES",-118.39652252197266,34.179775238037109
8790200,2019,2019-03-21,1942,2019-01-20,1515,43157,0585,7,5,7,1942,0,0,0,E,0,5A85,"25TH ST","ALMA ST",10.00,E,N,A,-,N,,,,,,,,,,Y,3,0,1,2,A,-,12,21453,A,N,D,C,A,A,H,-,A,A,0,,,,,Y,Y,A,01,0,1,0,0,0,0,0,0,0,"- ","- ",,,"LOS ANGELES","LOS ANGELES",-118.29902648925781,33.721569061279297
8790287,2018,2019-02-13,1924,2018-09-02,2333,80456,30,7,5,5,1924,0,0,0,,0,8T3,"MANHATTAN BEACH BL","PURCHE AV",12.00,E,N,A,-,N,,,,,,,,,,Y,2,0,1,3,A,-,11,21954,A,N,G,B,E,A,H,-,C,D,0,Y,,,,Y,Y,N,60,1,0,0,0,1,0,0,0,0,"- ","- ",33.88739013671875,-118.32060241699219,"LOS ANGELES",GARDENA,-118.32057952880859,33.887458801269531
8790747,2019,2019-02-04,1942,2019-01-05,2129,40528,0923,6,5,7,1942,0,0,0,I,0,,"KESTER AV","LEMAY ST",5.00,S,N,B,C,N,,,,,,,,,,N,3,0,1,3,A,-,08,22107,,F,D,C,A,B,H,-,D,D,0,,,,,Y,Y,-,99,0,1,0,0,0,0,0,0,0,"- ","- ",,,"LOS ANGELES","LOS ANGELES",-118.45745086669922,34.192085266113281
8792593,2019,2019-03-13,1947,2019-01-13,1117,1291,,7,5,5,1947,0,0,0,,0,00E,"S MAPLE AV","MINES AV",65.00,N,N,B,-,N,,,,,,,,,,Y,3,0,3,2,A,-,01,23152,A,N,F,E,A,A,H,-,A,D,0,,,,,Y,Y,A,01,0,3,0,0,0,0,0,0,0,"- ","- ",34.006351470947266,-118.11821746826172,"LOS ANGELES",MONTEBELLO,-118.11880493164062,34.005325317382812
8793307,2019,2019-02-27,1942,2019-01-21,1320,37637,1653,1,5,7,1942,0,0,0,P,0,16A11,"OSBORNE ST","TELFAIR AV",467.00,W,N,A,-,N,,,,,,,,,,Y,3,0,2,2,A,-,04,21703,,N,C,D,A,A,H,-,A,D,0,,,,,Y,Y,A,01,0,1,1,0,0,0,0,0,0,"- ","- ",,,"LOS ANGELES","LOS ANGELES",-118.41413879394531,34.250785827636719
8793758,2019,2019-02-25,1900,2019-02-03,1930,520671,2923,7,5,5,1990,0,0,0,,0,292T1,"GRAND AV","DIAMOND BAR BL",0.00,,N,C,-,N,,,,,,,,,,Y,3,0,2,2,A,-,01,23152,A,N,C,C,A,B,H,-,C,A,0,,,,,Y,Y,A,01,0,1,1,0,0,0,0,0,0,"- ","- ",34.000518798828125,-117.80972290039062,"LOS ANGELES","DIAMOND BAR",-117.81121063232422,34.000949859619141
8797231,2018,2019-02-15,1942,2018-12-27,0125,43500,1942,4,5,7,1942,0,0,0,,0,1432,"VENICE BL","ELECTRIC AV",20.00,E,N,A,-,N,,,,,,,,,,Y,4,0,1,2,A,-,01,23152,A,N,C,E,A,A,H,-,C,A,0,,,,,Y,Y,A,01,0,0,1,0,0,0,0,0,0,"- ","- ",,,"LOS ANGELES","LOS ANGELES",-118.45987701416016,33.990558624267578
8798206,2019,2019-02-08,1942,2019-01-06,0605,42529,1547,7,5,7,1942,0,0,0,O,0,15A67,"CHANDLER BL","CAMELIA AV",114.00,W,N,E,-,N,,,,,,,,,,Y,2,0,1,1,A,-,03,22350,,N,A,I,A,B,H,-,C,D,0,,,,,Y,Y,A,07,1,0,0,0,0,0,0,0,0,"- ","- ",,,"LOS ANGELES","LOS ANGELES",-118.38261413574219,34.168659210205078
8798222,2019,2019-02-08,1942,2019-01-05,2300,39395,1145,6,5,7,1942,0,0,0,K,0,11A71,"RIVERSIDE DR","ALLESANDRO ST",0.00,,Y,B,-,N,,,,,,,,,,Y,3,0,3,2,A,-,01,23152,A,N,D,C,A,B,H,-,C,A,0,,,,,Y,Y,A,01,0,1,2,0,0,0,0,0,0,"- ","- ",,,"LOS ANGELES","LOS ANGELES",-118.25006103515625,34.099651336669922
8798283,2019,2019-02-13,1942,2019-01-15,1820,37209,0455,2,5,7,1942,0,0,0,D,0,4EL2,"SOTO ST","CESAR CHAVEZ AV",0.00,,Y,C,-,N,,,,,,,,,,N,3,0,1,2,A,-,11,21953,,N,G,B,B,B,F,-,C,A,0,Y,,,,Y,Y,N,60,0,1,0,0,1,0,0,0,0,"- ","- ",,,"LOS ANGELES","LOS ANGELES",-118.20780999999999,34.046810000000001
8799086,2019,2019-03-07,1942,2019-01-15,1936,43572,1101,2,5,7,1942,0,0,0,K,0,11141,"RIVERSIDE DR","RT 134",50.00,N,N,C,-,N,,,,,,,,,,Y,2,0,1,1,A,-,01,23152,A,N,F,I,A,B,H,-,C,D,0,,,,,Y,Y,A,01,1,0,0,0,0,0,0,0,0,"- ","- ",,,"LOS ANGELES","LOS ANGELES",-118.37508392333984,34.153030395507812
8800772,2018,2019-03-15,1924,2018-12-28,2007,80420,G11,5,5,5,1924,0,0,0,,0,8L2S,"EL SEGUNDO BL","VERMONT AV",245.00,W,N,A,-,N,,,,,,,,,,Y,4,0,1,5,A,-,01,23152,A,N,C,C,A,A,H,-,C,A,0,,,,,Y,Y,A,07,0,0,1,0,0,0,0,0,0,"- ","- ",33.866371154785156,-118.29176330566406,"LOS ANGELES",GARDENA,-118.29264831542969,33.916419982910156
8802307,2019,2019-03-06,1942,2019-02-16,0015,38817,1705,6,5,7,1942,0,0,0,Q,0,17A35,"SAN FERNANDO RD","SIERRA HWY",0.00,S,N,B,-,N,,,,,,,,,,Y,2,0,2,1,A,-,01,23152,A,N,E,I,A,B,H,-,D,D,0,,,,,Y,Y,A,01,1,1,0,0,0,0,0,0,0,"- ","- ",,,"LOS ANGELES","LOS ANGELES",-118.50617980957031,34.332729339599609
8802760,2019,2019-02-20,1942,2019-02-02,1216,40165,1636,6,5,7,1942,0,0,0,P,0,16A35,"SUNLAND BL","FENWICK AV",270.00,E,N,C,-,N,,,,,,,,,,Y,3,0,3,2,A,-,01,23152,A,F,C,C,A,B,H,-,A,D,0,,,,,Y,Y,A,07,0,1,2,0,0,0,0,0,0,"- ","- ",,,"LOS ANGELES","LOS ANGELES",-118.3272705078125,34.259761810302734
8803355,2019,2019-03-05,1942,2019-02-13,1945,42282,1824,3,5,7,1942,0,0,0,R,0,18A24,"CENTURY BL","MCKINLEY AV",85.00,E,N,C,-,N,,,,,,,,,,N,4,0,1,4,A,-,03,22350,,N,E,I,A,-,H,-,C,A,0,,,,,Y,Y,I,11,0,0,1,0,0,0,0,0,0,"- ","- ",,,"LOS ANGELES","LOS ANGELES",-118.26085662841797,33.945819854736328
8804533,2019,2019-03-05,1942,2019-02-12,1935,41129,1871,2,5,7,1942,0,0,0,R,0,18A97,"S FIGUEROA ST","ROSECRANS AV",45.00,N,N,A,-,N,,,,,,,,,,Y,4,0,3,2,A,-,01,23152,A,N,C,C,A,A,H,-,C,A,0,,,,,Y,Y,A,01,0,0,3,0,0,0,0,0,0,"- ","- ",,,"LOS ANGELES","LOS ANGELES",-118.28276824951172,33.902011871337891
8804890,2019,2019-02-26,1942,2019-01-26,2310,36599,1969,6,5,7,1942,0,0,0,,0,19A79,"SUNBURST ST","ARLETA AV",40.00,,N,A,-,N,,,,,,,,,,N,3,0,1,2,A,-,01,23152,A,N,B,E,A,A,H,-,C,D,0,,,,,Y,Y,A,01,0,1,0,0,0,0,0,0,0,"- ","- ",,,"LOS ANGELES","LOS ANGELES",-118.42693328857422,34.242870330810547
8806018,2019,2019-03-21,1926,2019-01-12,1848,0017,1,6,5,5,1926,0,0,0,,0,001,"BALDY VISTA",ELDERBERRY,0.00,,Y,A,-,N,,,,,,,,,,Y,3,0,1,1,A,-,03,22350,,M,F,I,A,A,H,-,C,A,0,,,,,Y,Y,A,01,0,1,0,0,0,0,0,0,0,"- ","- ",,,"LOS ANGELES",GLENDORA,-117.88753,34.137810000000002
8806053,2019,2019-02-25,1948,2019-01-13,1141,420,1948,7,5,5,1948,0,0,0,,0,002,"GARFIELD AV","GARVEY AV",175.00,S,N,B,-,N,,,,,,,,,,Y,4,0,3,3,A,-,03,22350,,N,C,C,A,A,H,-,A,A,0,,,,,Y,Y,-,,0,0,3,0,0,0,0,0,0,"- ","- ",,,"LOS ANGELES","MONTEREY PARK",-118.12281799316406,34.062450408935547
8806509,2019,2019-03-04,1942,2019-01-23,0835,43359,1555,3,5,7,1942,0,0,0,O,0,15A39,"RIVERSIDE DR",TUJUNGA,0.00,,Y,A,-,N,,,,,,,,,,Y,3,0,1,2,A,-,09,21453,C,N,D,C,A,A,H,-,A,A,0,,,,,Y,Y,A,01,0,1,0,0,0,0,0,0,0,"- ","- ",,,"LOS ANGELES","LOS ANGELES",-118.3790283203125,34.157649993896484
8806554,2019,2019-03-06,1900,2019-02-01,1845,476226,2627,5,5,6,1950,0,0,0,,0,263T1,"25TH ST WEST","AVENUE M",0.00,,Y,A,-,N,,,,,,,,,,Y,4,0,1,1,A,-,01,23152,A,N,E,I,A,A,H,-,C,A,0,,,,,Y,Y,A,01,0,0,1,0,0,0,0,0,0,"- ","- ",34.383998870849609,-118.05300140380859,"LOS ANGELES",PALMDALE,-118.17433166503906,34.645771026611328
8806727,2019,2019-03-07,1942,2019-01-25,2005,33130,1346,5,5,7,1942,0,0,0,M,0,13A27,"E 41ST ST","ASCOT AV",220.00,W,N,A,-,N,,,,,,,,,,Y,4,0,1,3,A,-,01,23152,A,N,C,E,A,A,H,-,C,D,0,,,,,Y,Y,A,07,0,0,1,0,0,0,0,0,0,"- ","- ",,,"LOS ANGELES","LOS ANGELES",-118.25014495849609,34.008995056152344
8806830,2019,2019-03-04,1942,2019-01-27,1250,43157,0507,7,5,7,1942,0,0,0,E,0,5A11,"224TH ST","DENKER AV",30.00,W,N,A,-,N,,,,,,,,,,N,4,0,1,2,A,-,21,22106,,N,B,C,A,A,H,-,A,D,0,,,,,Y,Y,A,01,0,0,1,0,0,0,0,0,0,"- ","- ",,,"LOS ANGELES","LOS ANGELES",-118.30387115478516,33.823348999023438
8808264,2019,2019-08-12,1941,2019-07-24,2359,6325,,3,5,7,1941,0,0,0,,0,,"2ND ST","PROSPECT AV",6.00,E,N,A,-,N,,,,,,,,,,Y,4,0,1,1,A,-,01,23152,A,N,A,I,A,A,H,-,C,A,0,,,,,Y,Y,A,,0,0,1,0,0,0,0,0,0,"- ","- ",,,"LOS ANGELES","LONG BEACH",-118.14048767089844,33.762359619140625
8808795,2019,2020-01-06,1942,2019-09-22,0140,42430,0191,7,5,7,1942,0,0,0,A,0,1A61,"18TH ST","GEORGIA ST",0.00,,Y,A,-,Y,LA,7,110,-,-,21.451,R,4,N,Y,4,0,2,2,A,-,12,22450,A,F,H,C,A,A,H,-,C,D,0,,,,,Y,Y,-,"- ",0,0,2,0,0,0,0,0,0,"- ","- ",,,"LOS ANGELES","LOS ANGELES",-118.27383422851562,34.038654327392578
8809940,2018,2019-03-12,1942,2018-12-28,2320,43582,1383,5,5,7,1942,0,0,0,M,0,13A93,"61ST ST","61ST ST 115",0.00,,N,A,-,N,,,,,,,,,,N,3,0,1,2,A,-,21,22106,,N,G,B,E,A,H,-,D,D,0,Y,,,,Y,Y,A,01,0,1,0,0,1,0,0,0,0,"- ","- ",,,"LOS ANGELES","LOS ANGELES",-118.27460600000001,33.984240999999997
8810471,2019,2019-03-11,1955,2019-02-24,0001,42424,73,7,5,6,1955,0,0,0,,0,005,"RT 71","POMONA RD",200.00,S,N,A,-,N,,,,,,,,,,Y,3,0,1,2,A,-,03,22350,,N,C,C,A,A,H,-,C,D,0,,,,,Y,Y,D,22,0,1,0,0,0,0,0,0,0,"- ","- ",,,"LOS ANGELES",POMONA,-117.78517913818359,34.057521820068359
8810482,2019,2019-03-08,1920,2019-02-03,1149,11792,1920,7,5,6,1920,0,0,0,,0,004,"BROOKSHIRE AV","5TH ST",0.00,,Y,B,-,N,,,,,,,,,,N,4,0,1,2,A,-,08,22107,,M,C,E,A,B,H,-,A,D,0,,,,,Y,Y,-,,0,0,1,0,0,0,0,0,0,"- ","- ",,,"LOS ANGELES",DOWNEY,-118.12663269042969,33.942161560058594
8810909,2018,2019-03-11,1933,2018-12-22,2251,1043,25,6,5,6,1933,0,0,0,,0,002,"PRAIRIE AV","ARBOR VITAE ST",300.00,S,N,A,-,N,,,,,,,,,,Y,4,0,1,1,A,-,01,23152,A,N,E,I,A,A,H,-,C,A,0,,,,,Y,Y,A,01,0,0,1,0,0,0,0,0,0,"- ","- ",33.952728271484375,-118.34390258789062,"LOS ANGELES",INGLEWOOD,-118.34394836425781,33.951896667480469
8811273,2019,2019-03-12,1942,2019-02-23,1350,42058,0511,6,5,7,1942,0,0,0,E,0,5A11,"WESTERN AV","254TH ST",100.00,S,N,A,-,N,,,,,,,,,,N,4,0,5,3,A,-,04,21703,,N,C,C,A,A,H,-,A,D,0,,,,,Y,Y,A,07,0,0,5,0,0,0,0,0,0,"- ","- ",,,"LOS ANGELES","LOS ANGELES",-118.30766296386719,33.793537139892578
8812544,2019,2019-03-15,1900,2019-02-15,1949,550490,1121,5,5,6,1992,0,0,0,,0,111T2,"10TH ST WEST","AVENUE I",138.00,N,N,A,-,N,,,,,,,,,,N,2,0,1,2,A,-,11,21954,A,N,G,B,D,A,H,-,C,D,0,Y,,,,Y,Y,N,60,1,0,0,0,1,0,0,0,0,"- ","- ",,,"LOS ANGELES",LANCASTER,-118.14813995361328,34.704326629638672
8813317,2019,2019-03-13,1900,2019-01-27,1040,636464,1365,7,5,5,1952,0,0,0,,0,136B,"SOMERSET BL","PARAMOUNT BL",15.00,E,N,A,-,N,,,,,,,,,,N,4,0,1,2,A,-,01,23152,A,N,C,C,A,A,H,-,A,A,0,,,,,Y,Y,D,22,0,0,1,0,0,0,0,0,0,"- ","- ",,,"LOS ANGELES",PARAMOUNT,-118.16014862060547,33.896480560302734
8813429,2019,2019-03-20,1942,2019-02-08,2055,41210,0745,5,5,7,1942,0,0,0,G,0,723,"WILSHIRE BL","HAUSER BL",0.00,,Y,A,-,N,,,,,,,,,,Y,3,0,2,2,A,-,09,21801,A,N,D,C,A,A,H,-,C,A,0,,,,,Y,Y,A,01,0,1,1,0,0,0,0,0,0,"- ","- ",,,"LOS ANGELES","LOS ANGELES",-118.3514404296875,34.062370300292969
8814361,2019,2019-03-12,1955,2019-02-02,0205,42439,57,6,5,6,1955,0,0,0,,0,001,"VALLEY BL","HUMANE WY",0.00,,Y,C,-,N,,,,,,,,,,Y,3,0,2,1,A,-,01,23152,A,N,A,I,A,B,H,-,C,A,0,,,,,Y,Y,A,01,0,1,1,0,0,0,0,0,0,"- ","- ",,,"LOS ANGELES",POMONA,-117.79141998291016,34.061370849609375
8816156,2019,2019-03-20,1942,2019-02-23,0745,40141,1979,6,5,7,1942,0,0,0,,0,19A79,"ARLETA AV","BRANFORD ST",0.00,,Y,A,-,N,,,,,,,,,,Y,3,0,2,3,A,-,12,21453,A,N,D,C,A,A,H,-,A,A,0,,,,,Y,Y,A,01,0,2,0,0,0,0,0,0,0,"- ","- ",,,"LOS ANGELES","LOS ANGELES",-118.41979217529297,34.236129760742188
8817286,2019,2019-03-22,1941,2019-02-24,2354,5895,,7,5,7,1941,0,0,0,,0,,"DEL AMO BL","BRAYTON AV",0.00,,Y,A,-,N,,,,,,,,,,Y,3,0,1,2,A,-,12,22450,A,N,B,C,A,A,H,-,C,A,0,,,,,Y,Y,A,,0,1,0,0,0,0,0,0,0,"- ","- ",,,"LOS ANGELES","LONG BEACH",-118.17604064941406,33.847038269042969