CASE_ID,ACCIDENT_YEAR,PROC_DATE,JURIS,COLLISION_DATE,COLLISION_TIME,OFFICER_ID,REPORTING_DISTRICT,DAY_OF_WEEK,CHP_SHIFT,POPULATION,CNTY_CITY_LOC,SPECIAL_COND,BEAT_TYPE,CHP_BEAT_TYPE,CITY_DIVISION_LAPD,CHP_BEAT_CLASS,BEAT_NUMBER,PRIMARY_RD,SECONDARY_RD,DISTANCE,DIRECTION,INTERSECTION,WEATHER_1,WEATHER_2,STATE_HWY_IND,CALTRANS_COUNTY,CALTRANS_DISTRICT,STATE_ROUTE,ROUTE_SUFFIX,POSTMILE_PREFIX,POSTMILE,LOCATION_TYPE,RAMP_INTERSECTION,SIDE_OF_HWY,TOW_AWAY,COLLISION_SEVERITY,NUMBER_KILLED,NUMBER_INJURED,PARTY_COUNT,PRIMARY_COLL_FACTOR,PCF_CODE_OF_VIOL,PCF_VIOL_CATEGORY,PCF_VIOLATION,PCF_VIOL_SUBSECTION,HIT_AND_RUN,TYPE_OF_COLLISION,MVIW,PED_ACTION,ROAD_SURFACE,ROAD_COND_1,ROAD_COND_2,LIGHTING,CONTROL_DEVICE,CHP_ROAD_TYPE,PEDESTRIAN_ACCIDENT,BICYCLE_ACCIDENT,MOTORCYCLE_ACCIDENT,TRUCK_ACCIDENT,NOT_PRIVATE_PROPERTY,ALCOHOL_INVOLVED,STWD_VEHTYPE_AT_FAULT,CHP_VEHTYPE_AT_FAULT,COUNT_SEVERE_INJ,COUNT_VISIBLE_INJ,COUNT_COMPLAINT_PAIN,COUNT_PED_KILLED,COUNT_PED_INJURED,COUNT_BICYCLIST_KILLED,COUNT_BICYCLIST_INJURED,COUNT_MC_KILLED,COUNT_MC_INJURED,PRIMARY_RAMP,SECONDARY_RAMP,LATITUDE,LONGITUDE,COUNTY,CITY,POINT_X,POINT_Y
8909206,2019,2019-08-07,1942,2019-06-08,2130,39062,1375,6,5,7,1942,0,0,0,M,0,13A75,"COMPTON AV","E 57TH ST",99.00,N,N,A,-,N,,,,,,,,,,N,4,0,1,2,A,-,11,21954,A,N,G,B,E,A,H,-,C,D,0,Y,,,,Y,Y,N,60,0,0,1,0,1,0,0,0,0,"- ","- ",,,"LOS ANGELES","LOS ANGELES",-118.24777221679688,33.991462707519531
8909568,2019,2019-08-07,1942,2019-07-14,0654,34959,732,7,5,7,1942,0,0,0,,0,7A21,"WILSHIRE BL","CRESCENT HEIGHTS BL",0.00,,Y,A,-,N,,,,,,,,,,Y,2,0,3,2,A,-,01,23152,A,N,C,C,A,A,H,-,A,D,0,,,,,Y,Y,A,01,1,1,1,0,0,0,0,0,0,"- ","- ",,,"LOS ANGELES","LOS ANGELES",-118.3653564453125,34.063419342041016
8909904,2019,2019-08-09,1900,2019-07-14,0235,629219,0633,7,5,6,1985,0,0,0,,0,61AD,"JAKES WY","DANIEL DR",477.00,E,N,A,-,N,,,,,,,,,,Y,3,0,1,4,A,-,01,23152,A,N,B,E,A,A,H,-,C,D,0,,,,,Y,Y,A,01,0,1,0,0,0,0,0,0,0,"- ","- ",34.413238525390625,-118.44622802734375,"LOS ANGELES","SANTA CLARITA",-118.44600677490234,34.413314819335938
8910803,2018,2020-03-26,1947,2018-10-28,2051,1357,,7,5,5,1947,0,0,0,,0,,"N MONTEBELLO","W LIBERTY AV",0.00,,N,-,-,N,,,,,,,,,,,1,3,2,2,A,-,03,22350,,N,-,-,A,-,-,-,-,-,0,,,,,Y,Y,A,01,0,1,1,0,0,0,0,0,0,"- ","- ",34.029689788818359,-118.10121154785156,"LOS ANGELES",MONTEBELLO,-118.10121917724609,34.029670715332031
8910818,2020,2022-06-11,1942,2020-02-13,0115,41957,1472,4,5,7,1942,0,0,0,N,0,14A73,"PERSHING DR","CAMPBELL ST",43.00,S,N,A,-,N,,,,,,,,,,Y,1,1,0,2,A,-,01,23152,A,F,G,B,E,A,H,-,C,D,0,Y,,,,Y,Y,A,01,0,0,0,1,0,0,0,0,0,"- ","- ",,,"LOS ANGELES","LOS ANGELES",-118.44303131103516,33.957267761230469
8910827,2020,2022-06-18,1900,2020-02-02,2143,629461,1130,7,5,6,1992,0,0,0,,0,112T1,"AVENUE G","DIVISION ST",85.00,W,N,A,G,N,,,,,,,,,,Y,1,1,0,1,D,-,00,,,N,F,J,A,A,H,-,C,A,0,,,,,Y,Y,-,"- ",0,0,0,0,0,0,0,0,0,"- ","- ",,,"LOS ANGELES",LANCASTER,-118.13111114501953,34.733409881591797
8910831,2020,2022-06-11,1941,2020-01-31,1915,5615,,5,5,7,1941,0,0,0,,0,,"REDONDO AV","HILL ST",15.00,S,N,A,-,N,,,,,,,,,,Y,1,1,0,2,A,-,11,21456,B,N,E,B,B,A,H,-,C,A,0,Y,,,,Y,Y,N,,0,0,0,1,0,0,0,0,0,"- ","- ",,,"LOS ANGELES","LONG BEACH",-118.15139007568359,33.797077178955078
8910988,2019,2021-05-24,1905,2019-08-04,0826,1110,424,7,5,4,1905,0,0,0,,0,003,"CITRUS AV","FOOTHILL BL",0.00,,Y,A,-,N,,,,,,,,,,Y,1,1,0,1,A,-,03,22350,,N,E,I,A,A,H,-,A,A,0,,,,,Y,Y,D,22,0,0,0,0,0,0,0,0,0,"- ","- ",,,"LOS ANGELES",AZUSA,-117.89006042480469,34.133460998535156
8911051,2020,2022-06-11,1942,2020-04-25,2035,40388,1621,6,5,7,1942,0,0,0,P,0,16A11,"LAUREL CANYON BL","DAVENTRY ST",81.00,S,N,A,-,N,,,,,,,,,,Y,1,1,0,2,A,-,08,22103,,F,D,C,A,A,H,-,E,A,0,,,,,Y,Y,A,01,0,0,0,0,0,0,0,0,0,"- ","- ",,,"LOS ANGELES","LOS ANGELES",-118.43743896484375,34.263824462890625
8911155,2020,2022-06-18,1900,2020-04-26,2132,538684,2608,7,5,6,1950,0,0,0,,0,264T1,"AVENUE R","HASTINGS ST",288.00,E,N,A,-,N,,,,,,,,,,Y,1,1,0,2,A,-,11,21954,A,N,G,B,D,A,H,-,C,D,0,Y,,,,Y,Y,N,60,0,0,0,1,0,0,0,0,0,"- ","- ",34.572700500488281,-118.09037780761719,"LOS ANGELES",PALMDALE,-118.09055328369141,34.572708129882812
8911240,2020,2020-06-19,1942,2020-05-30,0850,30452,1793,6,5,7,1942,0,0,0,Q,0,17A67,"ROSCOE BL","VANALDEN AV",0.00,,Y,A,-,N,,,,,,,,,,Y,1,1,1,2,A,-,01,23152,A,F,D,C,A,A,H,-,A,A,0,,,,,Y,Y,A,07,0,1,0,0,0,0,0,0,0,"- ","- ",,,"LOS ANGELES","LOS ANGELES",-118.54918670654297,34.220539093017578
8911314,2020,2022-06-18,1900,2020-05-29,0512,618055,1131,5,5,6,1992,0,0,0,,0,110T3,"AVENUE I","YUCCA AV",327.00,W,N,A,-,N,,,,,,,,,,Y,1,2,0,2,A,-,12,22451,B,N,H,F,A,A,H,-,C,A,0,,,,,Y,Y,A,01,0,0,0,0,0,0,0,0,0,"- ","- ",,,"LOS ANGELES",LANCASTER,-118.13699340820312,34.703941345214844
8911319,2020,2022-06-11,1900,2020-07-03,2117,610418,1137,5,5,6,1992,0,0,0,,0,111T1,"CHALLENGER WY","AVENUE J",396.00,S,N,A,-,N,,,,,,,,,,Y,1,1,0,2,D,-,00,,,N,G,B,D,A,H,-,C,D,0,Y,,,,Y,Y,-,"- ",0,0,0,1,0,0,0,0,0,"- ","- ",,,"LOS ANGELES",LANCASTER,-118.11264038085938,34.688385009765625
8911643,2020,2022-06-11,1900,2020-09-07,0254,527057,0627,1,5,6,1985,0,0,0,,0,62T1,"NEWHALL AV","RAILROAD AV",0.00,,Y,A,-,N,,,,,,,,,,Y,1,1,0,1,A,-,08,22107,,N,E,J,A,A,H,-,C,A,0,,,,,Y,Y,A,07,0,0,0,0,0,0,0,0,0,"- ","- ",34.375701904296875,-118.52424621582031,"LOS ANGELES","SANTA CLARITA",-118.52417755126953,34.375560760498047
8911674,2019,2021-06-02,1942,2019-05-30,1942,,,4,5,7,1942,0,0,0,,0,,"ARCADIA ST","NORTH MAIN ST",9.00,W,N,A,-,N,,,,,,,,,,Y,1,1,1,2,A,-,12,21453,A,N,G,B,B,A,H,-,C,A,0,Y,,Y,,Y,Y,C,02,1,0,0,1,0,0,0,0,1,"- ","- ",34.055881500244141,-118.24018096923828,"LOS ANGELES","LOS ANGELES",-118.24007415771484,34.055824279785156
8911788,2020,2022-07-05,1942,2020-10-26,0155,33504,1991,1,5,7,1942,0,0,0,,0,19A93,"N SEPULVEDA BL","LANARK ST",404.00,S,N,A,-,N,,,,,,,,,,Y,1,1,0,3,A,-,01,23152,A,N,G,B,E,A,H,-,C,D,0,Y,,,,Y,Y,A,01,0,0,0,1,0,0,0,0,0,"- ","- ",,,"LOS ANGELES","LOS ANGELES",-118.46620178222656,34.216960906982422
8911805,2020,2020-11-13,1900,2020-11-01,0005,639633,2608,7,5,6,1950,0,0,0,,0,263T1,"AVE R","27TH ST EAST",0.00,,Y,A,-,N,,,,,,,,,,Y,1,2,4,2,A,-,00,22153,A,F,D,C,A,A,H,-,C,A,0,,,,,Y,Y,A,01,2,1,1,0,0,0,0,0,0,"- ","- ",34.342170715332031,-118.45160675048828,"LOS ANGELES",PALMDALE,-118.08100128173828,34.572719573974609
8911814,2020,2020-11-19,1942,2020-10-07,1930,42863,0373,3,5,7,1942,0,0,0,C,0,25T35,"CRENSHAW BL","W MARTIN LUTHER KING BL",13.00,S,N,A,-,N,,,,,,,,,,N,1,1,0,2,A,-,11,21453,D,N,G,B,B,A,H,-,C,A,0,Y,,,,Y,Y,N,60,0,0,0,1,0,0,0,0,0,"- ","- ",,,"LOS ANGELES","LOS ANGELES",-118.33512115478516,34.010894775390625
8911833,2020,2022-06-14,1976,2020-11-01,0331,516,,7,5,5,1976,0,0,0,,0,,"BEVERLY BL","ROCKNE AV",143.00,E,N,A,-,N,,,,,,,,,,Y,1,2,2,4,A,-,01,23152,A,N,E,I,A,A,H,-,C,D,0,,,,,Y,Y,A,01,1,0,1,0,0,0,0,0,0,"- ","- ",,,"LOS ANGELES",WHITTIER,-118.05645751953125,33.999267578125
8911875,2020,2022-06-11,1900,2020-10-10,0200,606079,2608,6,5,6,1950,0,0,0,,0,260T1,"RT 138","15TH ST EAST",0.00,,Y,A,-,Y,LA,7,138,-,-,46.201,I,5,E,Y,1,1,0,2,A,-,12,22450,A,N,D,C,A,A,H,-,C,A,0,,,Y,Y,Y,Y,C,02,0,0,0,0,0,0,0,1,0,"- ","- ",34.579559326171875,-118.10295867919922,"LOS ANGELES",PALMDALE,-118.08557891845703,34.580146789550781
8912540,2019,2019-08-20,1942,2019-07-28,1350,42834,0727,7,5,7,1942,0,0,0,G,0,7A17,"S LA BREA AV","W 2ND ST",0.00,,N,A,-,N,,,,,,,,,,N,4,0,1,2,A,-,01,23152,A,N,C,C,A,A,H,-,A,A,0,,,,,Y,Y,A,01,0,0,1,0,0,0,0,0,0,"- ","- ",,,"LOS ANGELES","LOS ANGELES",-118.34403991699219,34.071018218994141
8915823,2019,2019-08-30,1953,2019-07-30,1640,9039,1953,2,5,6,1953,0,0,0,,0,001,"N ALLEN AV","EAST WASHINGTON BL",0.00,,-,A,-,N,,,,,,,,,,Y,3,0,1,1,A,-,09,21804,A,N,A,I,A,A,H,-,A,A,0,,,,,Y,Y,A,01,0,1,0,0,0,0,0,0,0,"- ","- ",,,"LOS ANGELES",PASADENA,-118.11302185058594,34.169139862060547
8917214,2019,2019-08-15,1948,2019-04-26,0146,456,1948,5,5,5,1948,0,0,0,,0,001,"1ST ST","SHERBROOK AV",20.00,E,N,B,-,N,,,,,,,,,,Y,3,0,2,5,A,-,08,22107,,F,C,E,A,A,H,-,C,D,0,,,,,Y,Y,A,01,0,1,1,0,0,0,0,0,0,"- ","- ",,,"LOS ANGELES","MONTEREY PARK",-118.15232849121094,34.0372314453125
8917903,2019,2019-08-20,1969,2019-08-02,0137,10226,PATRO,5,5,5,1969,0,0,0,,0,002,"CALIFORNIA AV","FIRESTONE BL",0.00,,Y,A,-,N,,,,,,,,,,Y,4,0,1,2,A,-,01,23152,A,N,D,C,A,A,H,-,C,A,0,,,,,Y,Y,A,07,0,0,1,0,0,0,0,0,0,"- ","- ",,,"LOS ANGELES","SOUTH GATE",-118.20609283447266,33.954208374023438
8918732,2019,2019-08-26,1900,2019-08-03,2322,614027,0641,6,5,6,1985,0,0,0,,0,62T1,"BOUQUET CANYON RD","HASKELL CANYON RD",0.00,,Y,A,-,N,,,,,,,,,,Y,2,0,1,2,A,-,01,23152,A,N,A,C,A,A,H,-,C,A,0,,,,,Y,Y,A,01,1,0,0,0,0,0,0,0,0,"- ","- ",34.442638397216797,-118.51232147216797,"LOS ANGELES","SANTA CLARITA",-118.51231384277344,34.442661285400391
8919427,2019,2019-08-21,1942,2019-07-10,1610,43839,1313,3,5,7,1942,0,0,0,M,0,13A13,"STANFORD AV","WASHINGTON BL",0.00,,Y,A,-,N,,,,,,,,,,N,4,0,1,2,A,-,08,22107,,F,D,G,A,A,H,-,A,D,0,,Y,,,Y,Y,-,99,0,0,1,0,0,0,1,0,0,"- ","- ",,,"LOS ANGELES","LOS ANGELES",-118.44908142089844,33.989841461181641
8920238,2019,2019-09-06,1942,2019-08-03,2130,32372,1925,6,5,7,1942,0,0,0,,0,19A1,"BRADLEY AV","SUNNY DR",71.00,N,N,A,-,N,,,,,,,,,,N,3,0,1,2,A,-,01,23152,A,N,C,E,A,A,H,-,C,A,0,,,,,Y,Y,A,01,0,1,0,0,0,0,0,0,0,"- ","- ",,,"LOS ANGELES","LOS ANGELES",-118.4542236328125,34.301151275634766
8920463,2019,2019-08-29,1942,2019-06-26,1900,31713,0561,3,5,7,1942,0,0,0,E,0,5A55,"DODSON AV","W 9TH ST",180.00,S,N,A,-,N,,,,,,,,,,Y,3,0,1,2,A,-,05,21650,,N,A,C,A,A,H,-,B,D,0,,,,,Y,Y,A,01,0,1,0,0,0,0,0,0,0,"- ","- ",,,"LOS ANGELES","LOS ANGELES",-118.31191253662109,33.736248016357422
8921100,2019,2019-08-30,1942,2019-08-07,1015,42282,1823,3,5,7,1942,0,0,0,R,0,25TL43,"CENTURY BL",AVALON,0.00,,Y,A,-,N,,,,,,,,,,Y,4,0,2,3,A,-,12,21453,A,F,D,C,A,A,H,-,A,A,0,,,,,Y,Y,D,22,0,0,2,0,0,0,0,0,0,"- ","- ",,,"LOS ANGELES","LOS ANGELES",-118.26518249511719,33.945610046386719
8921400,2019,2019-09-18,1953,2019-08-23,0020,2183,1953,5,5,6,1953,0,0,0,,0,002,"FAIR OAKS AV","WASHINGTON BL",100.00,N,N,A,-,N,,,,,,,,,,Y,4,0,1,2,A,-,03,22350,A,M,C,C,A,A,H,-,C,D,0,,,,Y,Y,Y,A,01,0,0,1,0,0,0,0,0,0,"- ","- ",,,"LOS ANGELES",PASADENA,-118.15068817138672,34.169105529785156
8921762,2019,2019-08-27,1938,2019-04-09,1606,1010,,2,5,4,1938,0,0,0,,0,003,"WHITE AV","BONITA AV",71.00,S,N,A,-,N,,,,,,,,,,Y,4,0,1,3,A,-,01,23153,B,N,C,C,A,A,H,-,A,A,0,,,,,Y,Y,A,01,0,0,1,0,0,0,0,0,0,"- ","- ",,,"LOS ANGELES","LA VERNE",-117.76258850097656,34.099422454833984
8921844,2019,2019-10-01,1942,2019-08-09,0150,35464,1675,5,5,7,1942,0,0,0,P,0,16A59,"GLENOAKS BL",TUXFORD,40.00,S,N,A,-,N,,,,,,,,,,Y,4,0,1,2,A,-,01,23152,A,N,B,J,A,A,H,-,C,A,0,,,,Y,Y,Y,A,01,0,0,1,0,0,0,0,0,0,"- ","- ",,,"LOS ANGELES","LOS ANGELES",-118.37126159667969,34.234409332275391
8922095,2019,2020-04-16,1942,2019-08-18,0200,36336,0932,7,5,7,1942,0,0,0,I,0,9A23,"VICTORY BL","SEPULVEDA BL",0.00,,Y,A,-,N,,,,,,,,,,Y,1,1,3,2,A,-,01,23152,A,N,D,C,A,A,H,-,C,A,0,,,,,Y,Y,A,01,0,1,2,0,0,0,0,0,0,"- ","- ",,,"LOS ANGELES","LOS ANGELES",-118.46617126464844,34.186660766601562
8923039,2019,2019-09-06,1942,2019-08-02,0600,43790,1761,5,5,7,1942,0,0,0,Q,0,17A23,"LASSEN ST","TOPANGA CANYON BL",0.00,,Y,A,-,N,,,,,,,,,,Y,4,0,1,2,D,-,00,,,N,D,C,A,A,H,-,A,A,0,,,,,Y,Y,-,"- ",0,0,1,0,0,0,0,0,0,"- ","- ",,,"LOS ANGELES","LOS ANGELES",-118.60604095458984,34.249969482421875
8925462,2019,2019-09-19,1942,2019-08-01,1745,43506,0656,4,5,7,1942,0,0,0,F,0,6A48,"SANTA MONICA BL","COLE AV",0.00,,N,A,-,N,,,,,,,,,,N,4,0,1,2,A,-,00,21235,B,N,B,J,A,A,E,-,B,D,0,,,,,Y,Y,M,94,0,0,1,0,0,0,0,0,0,"- ","- ",,,"LOS ANGELES","LOS ANGELES",-118.32990264892578,34.090740203857422
8925485,2019,2019-09-03,1942,2019-08-13,1510,42656,0773,2,5,7,1942,0,0,0,G,0,7A73,"S BURNSIDE AV","WEST WASHINGTON BL",0.00,,Y,A,-,N,,,,,,,,,,Y,2,0,2,2,A,-,09,21802,A,N,A,C,A,A,H,-,A,A,0,,,Y,,Y,Y,A,07,1,0,1,0,0,0,0,0,1,"- ","- ",,,"LOS ANGELES","LOS ANGELES",-118.35777282714844,34.040409088134766
8925576,2019,2019-09-06,1900,2019-07-30,1015,520746,0454,2,5,6,1949,0,0,0,,0,43T1/D,"ROSECRANS AV","BEST AV",97.00,W,N,A,-,N,,,,,,,,,,Y,3,0,1,3,A,-,01,23152,,N,C,C,A,A,H,-,A,A,0,,,,,Y,Y,A,01,0,1,0,0,0,0,0,0,0,"- ","- ",,,"LOS ANGELES",NORWALK,-118.04463195800781,33.902484893798828
8926301,2019,2019-08-30,1900,2019-07-30,1525,612439,0633,2,5,6,1985,0,0,0,,0,62T1,"JAKES WY","SANDY DR",415.00,S,N,A,-,N,,,,,,,,,,Y,3,0,1,2,A,-,01,23152,A,N,C,E,A,A,H,-,A,D,0,,,,,Y,Y,A,01,0,1,0,0,0,0,0,0,0,"- ","- ",34.41046142578125,-118.4588623046875,"LOS ANGELES","SANTA CLARITA",-118.45087432861328,34.410511016845703
8926961,2019,2019-08-28,1942,2019-07-21,0140,33452,0146,7,5,7,1942,0,0,0,A,0,24T31,"4TH ST","WALL ST",148.00,W,N,A,-,N,,,,,,,,,,N,3,0,1,1,A,-,01,23152,A,N,H,J,A,A,H,-,C,D,0,,,,,Y,Y,M,94,0,1,0,0,0,0,0,0,0,"- ","- ",,,"LOS ANGELES","LOS ANGELES",-118.24508666992188,34.046649932861328
8926966,2019,2019-08-28,1942,2019-07-14,2130,43856,0192,7,5,7,1942,0,0,0,A,0,1A61,"WASHINGTON BL","HOPE ST",24.00,W,N,A,-,N,,,,,,,,,,Y,3,0,3,3,A,-,01,23153,,N,C,C,A,A,H,-,C,A,0,,,,,Y,Y,A,01,0,1,2,0,0,0,0,0,0,"- ","- ",,,"LOS ANGELES","LOS ANGELES",-118.26979064941406,34.033466339111328
8927354,2019,2019-08-29,1900,2019-07-08,1900,629206,09565,1,5,3,1914,0,0,0,,0,27T,"TELEGRAPH RD","HOEFNER AV",0.00,,Y,-,-,N,,,,,,,,,,N,3,0,1,2,A,-,12,22450,,N,-,-,-,-,-,-,-,-,0,Y,,,,Y,Y,-,,0,1,0,0,1,0,0,0,0,"- ","- ",,,"LOS ANGELES",COMMERCE,-118.15524291992188,34.006759643554688
8927397,2019,2019-08-30,1900,2019-08-03,1006,471284,0562,6,5,3,1968,0,0,0,,0,55T1AM,"DURFEE AV","BROADMEAD ST",258.00,S,N,A,-,N,,,,,,,,,,Y,3,0,1,2,A,-,08,22107,,N,B,E,A,A,H,-,A,D,0,,,,,Y,Y,A,01,0,1,0,0,0,0,0,0,0,"- ","- ",34.042091369628906,-118.03550720214844,"LOS ANGELES","SOUTH EL MONTE",-118.0343017578125,34.042362213134766
8928459,2019,2019-09-09,1976,2019-08-21,1639,516,,3,5,5,1976,0,0,0,,0,,"WARDMAN ST","PICKERING AV",0.00,,Y,A,-,N,,,,,,,,,,Y,4,0,1,3,A,-,01,23152,A,N,D,C,A,A,H,-,A,A,0,,,,,Y,Y,-,,0,0,1,0,0,0,0,0,0,"- ","- ",,,"LOS ANGELES",WHITTIER,-118.04208374023438,33.977249145507812
8929551,2019,2019-09-17,1942,2019-08-27,0050,43955,1183,2,5,7,1942,0,0,0,K,0,11A95,"SUNSET BL","LEMOYNE ST",30.00,W,N,A,-,N,,,,,,,,,,Y,4,0,1,2,A,-,01,23153,A,N,C,C,A,A,H,-,C,D,0,,,,,Y,Y,D,22,0,0,1,0,0,0,0,0,0,"- ","- ",,,"LOS ANGELES","LOS ANGELES",-118.25951385498047,34.077693939208984
8930344,2019,2019-09-09,1942,2019-08-25,0740,27260,1781,7,5,7,1942,0,0,0,Q,0,17A81,"DE SOTO AV","OSBORNE ST",0.00,,Y,A,-,N,,,,,,,,,,Y,4,0,1,2,A,-,12,22450,A,F,D,C,A,A,H,-,A,A,0,,,,,Y,Y,A,01,0,0,1,0,0,0,0,0,0,"- ","- ",,,"LOS ANGELES","LOS ANGELES",-118.58856201171875,34.233051300048828
8930368,2019,2019-09-09,1942,2019-08-17,2310,25907,1037,6,5,7,1942,0,0,0,J,0,10A17,"BALBOA BL","VICTORY BL",1303.00,S,N,A,-,N,,,,,,,,,,N,2,0,1,2,A,-,11,21954,A,N,G,B,D,A,H,-,D,A,0,Y,,,,Y,Y,N,60,1,0,0,0,1,0,0,0,0,"- ","- ",,,"LOS ANGELES","LOS ANGELES",-118.50125885009766,34.183063507080078
8930699,2019,2019-09-16,1942,2019-08-05,1100,14024,1496,1,5,7,1942,0,0,0,N,0,5M27,"CENTURY BL","AIRPORT BL",0.00,,N,A,-,N,,,,,,,,,,N,4,0,1,2,D,-,00,,,N,G,B,F,A,H,-,A,D,0,Y,,,Y,Y,Y,-,"- ",0,0,1,0,1,0,0,0,0,"- ","- ",,,"LOS ANGELES","LOS ANGELES",-118.38604736328125,33.945579528808594
8931800,2019,2019-09-12,1900,2019-08-27,2124,538664,2116,2,5,5,1943,0,0,0,,0,212T3,"LONG BEACH BL","EUCLID AV",0.00,,Y,A,-,N,,,,,,,,,,N,4,0,1,2,A,-,12,21453,,N,G,B,D,A,H,-,C,A,0,Y,,,,Y,Y,N,60,0,0,1,0,1,0,0,0,0,"- ","- ",,,"LOS ANGELES",LYNWOOD,-118.20912170410156,33.912670135498047
8931865,2019,2019-09-19,1941,2019-08-27,2358,5572,,2,5,7,1941,0,0,0,,0,009,"BROADWAY ST","OBISPO AV",55.00,W,N,A,-,N,,,,,,,,,,Y,3,0,1,3,A,-,01,23152,A,N,C,E,A,A,H,-,C,D,0,,,,,Y,Y,A,01,0,1,0,0,0,0,0,0,0,"- ","- ",,,"LOS ANGELES","LONG BEACH",-118.15477752685547,33.764614105224609
8932313,2019,2019-09-13,1942,2019-08-10,0210,43727,0373,6,5,7,1942,0,0,0,C,0,3A73,"CRENSHAW BL","RODEO PL",100.00,N,N,A,-,N,,,,,,,,,,Y,4,0,1,2,A,-,05,21460,A,N,A,C,A,A,H,-,C,D,0,,,,,Y,Y,A,01,0,0,1,0,0,0,0,0,0,"- ","- ",,,"LOS ANGELES","LOS ANGELES",-118.33509826660156,34.020153045654297
8932700,2019,2019-09-16,1946,2019-07-23,1616,P58,1945,2,5,4,1946,0,0,0,,0,001,CANYON,GREYSTONE,0.00,,Y,A,-,N,,,,,,,,,,N,4,0,1,3,A,-,03,22350,,N,C,C,A,A,H,-,A,A,0,,,,,Y,Y,-,,0,0,1,0,0,0,0,0,0,"- ","- ",,,"LOS ANGELES",MONROVIA,-117.99677276611328,34.156951904296875
8932759,2019,2019-10-01,1942,2019-08-28,1806,31652,1925,3,5,7,1942,0,0,0,,0,19A1,"HERRON ST","HERRICK AV",415.00,W,N,A,-,N,,,,,,,,,,Y,3,0,1,3,A,-,01,23152,A,M,B,-,A,A,H,-,A,D,0,,,,,Y,Y,D,22,0,1,0,0,0,0,0,0,0,"- ","- ",,,"LOS ANGELES","LOS ANGELES",-118.44571685791016,34.297969818115234
8932824,2019,2019-09-19,1942,2019-08-31,2055,42344,1924,6,5,7,1942,0,0,0,,0,19A1,"HUBBARD ST","ENVOY ST",500.00,,N,A,-,N,,,,,,,,,,Y,4,0,2,2,A,-,01,23152,A,F,C,C,A,A,H,-,C,D,0,,,,,Y,Y,A,01,0,0,2,0,0,0,0,0,0,"- ","- ",,,"LOS ANGELES","LOS ANGELES",-118.45287322998047,34.287891387939453
8932890,2019,2019-09-24,1942,2019-09-04,2020,31652,0905,3,5,7,1942,0,0,0,I,0,19T73,"SATICOY ST","KESTER AV",238.00,E,N,A,-,N,,,,,,,,,,N,2,0,1,2,A,-,11,21955,,N,G,B,D,A,H,-,C,D,0,Y,,,,Y,Y,N,60,1,0,0,0,1,0,0,0,0,"- ","- ",,,"LOS ANGELES","LOS ANGELES",-118.45668792724609,34.208469390869141
8933311,2019,2019-09-09,1900,2019-07-01,2245,600358,0972,1,5,4,1979,0,0,0,,0,91T3,"ROBERTSON BL","SANTA MONICA BL",43.00,S,N,A,-,N,,,,,,,,,,N,3,0,1,2,A,-,11,21956,A,N,G,B,E,A,H,-,C,D,0,Y,,,,Y,Y,N,60,0,1,0,0,1,0,0,0,0,"- ","- ",34.083518981933594,-118.38552856445312,"LOS ANGELES","WEST HOLLYWOOD",-118.38551330566406,34.083835601806641
8936280,2019,2019-10-03,1942,2019-08-01,1940,41778,919,4,5,7,1942,0,0,0,,0,9X14,"WOODMAN AV","BASSETT ST",100.00,S,N,A,-,N,,,,,,,,,,Y,4,0,3,2,A,-,08,22107,,N,A,D,A,A,-,-,A,D,0,,,,,Y,Y,A,01,0,0,3,0,0,0,0,0,0,"- ","- ",,,"LOS ANGELES","LOS ANGELES",-118.43126678466797,34.19549560546875
8936415,2019,2019-09-18,1942,2019-08-22,0340,42402,RD150,4,5,7,1942,0,0,0,,0,15A39,"SATICOY ST","MORELLA AV",250.00,E,N,A,-,N,,,,,,,,,,Y,3,0,1,4,A,-,03,22350,,N,B,D,A,A,H,-,C,D,0,,,,,Y,Y,A,01,0,1,0,0,0,0,0,0,0,"- ","- ",,,"LOS ANGELES","LOS ANGELES",-118.38920593261719,34.208480834960938
8936417,2019,2019-10-08,1900,2019-09-03,0827,602401,1122,2,5,6,1992,0,0,0,,0,112T2,"LANCASTER BL","FERN AV",0.00,,Y,A,-,N,,,,,,,,,,N,3,0,1,2,A,-,01,23152,A,N,G,B,B,A,H,-,A,D,0,Y,,,,Y,Y,A,01,0,1,0,0,1,0,0,0,0,"- ","- ",,,"LOS ANGELES",LANCASTER,-118.14457702636719,34.697608947753906
8936642,2019,2019-09-25,1900,2019-08-24,2125,606079,2608,6,5,6,1950,0,0,0,,0,260T1,"35TH ST EAST","AVE R",0.00,,Y,A,-,N,,,,,,,,,,Y,2,0,1,2,A,-,01,23152,A,N,C,C,A,A,H,-,C,A,0,,,,,Y,Y,D,22,1,0,0,0,0,0,0,0,0,"- ","- ",34.573230743408203,-118.0672607421875,"LOS ANGELES",PALMDALE,-118.06729125976562,34.572990417480469
8937706,2019,2019-09-23,1920,2019-08-03,0341,13321,1920,6,5,6,1920,0,0,0,,0,003,"FIRESTONE BL","OLD RIVER SCHOOL RD",55.00,E,N,A,-,N,,,,,,,,,,Y,3,0,1,2,A,-,01,23152,B,N,C,C,A,A,H,-,C,A,0,,,,,Y,Y,A,01,0,1,0,0,0,0,0,0,0,"- ","- ",,,"LOS ANGELES",DOWNEY,-118.14882659912109,33.947219848632812