CASE_ID,ACCIDENT_YEAR,PROC_DATE,JURIS,COLLISION_DATE,COLLISION_TIME,OFFICER_ID,REPORTING_DISTRICT,DAY_OF_WEEK,CHP_SHIFT,POPULATION,CNTY_CITY_LOC,SPECIAL_COND,BEAT_TYPE,CHP_BEAT_TYPE,CITY_DIVISION_LAPD,CHP_BEAT_CLASS,BEAT_NUMBER,PRIMARY_RD,SECONDARY_RD,DISTANCE,DIRECTION,INTERSECTION,WEATHER_1,WEATHER_2,STATE_HWY_IND,CALTRANS_COUNTY,CALTRANS_DISTRICT,STATE_ROUTE,ROUTE_SUFFIX,POSTMILE_PREFIX,POSTMILE,LOCATION_TYPE,RAMP_INTERSECTION,SIDE_OF_HWY,TOW_AWAY,COLLISION_SEVERITY,NUMBER_KILLED,NUMBER_INJURED,PARTY_COUNT,PRIMARY_COLL_FACTOR,PCF_CODE_OF_VIOL,PCF_VIOL_CATEGORY,PCF_VIOLATION,PCF_VIOL_SUBSECTION,HIT_AND_RUN,TYPE_OF_COLLISION,MVIW,PED_ACTION,ROAD_SURFACE,ROAD_COND_1,ROAD_COND_2,LIGHTING,CONTROL_DEVICE,CHP_ROAD_TYPE,PEDESTRIAN_ACCIDENT,BICYCLE_ACCIDENT,MOTORCYCLE_ACCIDENT,TRUCK_ACCIDENT,NOT_PRIVATE_PROPERTY,ALCOHOL_INVOLVED,STWD_VEHTYPE_AT_FAULT,CHP_VEHTYPE_AT_FAULT,COUNT_SEVERE_INJ,COUNT_VISIBLE_INJ,COUNT_COMPLAINT_PAIN,COUNT_PED_KILLED,COUNT_PED_INJURED,COUNT_BICYCLIST_KILLED,COUNT_BICYCLIST_INJURED,COUNT_MC_KILLED,COUNT_MC_INJURED,PRIMARY_RAMP,SECONDARY_RAMP,LATITUDE,LONGITUDE,COUNTY,CITY,POINT_X,POINT_Y
9025595,2020,2020-03-23,1942,2020-01-13,2015,43618,1841,1,5,7,1942,0,0,0,R,0,18X33,"106TH ST","FIGUEROA ST",0.00,,Y,A,-,N,,,,,,,,,,N,4,0,1,2,A,-,11,21956,A,N,B,B,D,A,H,-,C,A,0,Y,,,,Y,Y,N,60,0,0,1,0,1,0,0,0,0,"- ","- ",,,"LOS ANGELES","LOS ANGELES",-118.28260040283203,33.940090179443359
90256181,2016,2016-08-29,9565,2016-08-13,0230,020595,,6,3,7,1942,0,1,1,,2,064,"I-405 S/B (SAN DIEGO FWY)","SEPULVEDA BLVD",1000.00,S,N,A,-,Y,,,405,,,,,,S,Y,3,0,1,1,A,-,01,23152,A,N,E,I,A,A,H,-,C,D,0,,,,,Y,Y,A,01,0,1,0,0,0,0,0,0,0,"- ","- ",34.095419999999997,-118.47647000000001,"LOS ANGELES","LOS ANGELES",-118.47652437000001,34.095397890000001
9025760,2020,2020-03-11,1929,2020-01-23,1755,196,1929,4,5,3,1929,0,0,0,,0,002,"MANHATTAN AV","28TH ST",0.00,,Y,A,-,N,,,,,,,,,,Y,4,0,1,2,A,-,01,23152,A,N,D,C,A,A,H,-,C,D,0,,,,,Y,Y,A,07,0,0,1,0,0,0,0,0,0,"- ","- ",,,"LOS ANGELES","HERMOSA BEACH",-118.40502166748047,33.873748779296875
9025960,2020,2020-03-24,1942,2020-01-20,1750,41579,0336,1,5,7,1942,0,0,0,C,0,3A55,"W JEFFERSON BL","S WESTERN AV",150.00,W,N,A,-,N,,,,,,,,,,Y,3,0,2,4,A,-,01,23152,A,F,C,C,A,A,H,-,C,A,0,,,,,Y,Y,A,01,0,1,1,0,0,0,0,0,0,"- ","- ",,,"LOS ANGELES","LOS ANGELES",-118.30938720703125,34.025550842285156
90261412,2016,2016-09-06,9525,2016-09-02,1700,019491,,5,2,5,1906,0,1,1,,2,104,"I-10 E/B (SAN BERNARDINO FREEWAY)","BALDWIN PARK BOULEVARD",400.00,W,N,A,-,Y,,,10,,,,,,E,Y,4,0,1,2,A,-,01,23152,A,N,B,C,A,A,H,-,A,D,0,,,Y,,Y,Y,A,01,0,0,1,0,0,0,0,0,1,"- ","- ",34.067019999999999,-117.98482,"LOS ANGELES","BALDWIN PARK",-117.98482623,34.067065800000002
90261746,2016,2016-09-06,9530,2016-09-04,2305,020930,,7,3,9,1900,0,3,5,,2,001,"SANTA FE AVE (8200 BLOCK)","SALE PL.",25.00,N,N,A,-,N,,,,,,,,,,Y,3,0,2,4,A,-,01,23152,A,N,B,E,A,A,H,-,C,D,0,,,,Y,Y,Y,A,01,0,1,1,0,0,0,0,0,0,"- ","- ",33.963299999999997,-118.2303,"LOS ANGELES",UNINCORPORATED,-118.23025918,33.963088560000003
90262193,2016,2016-09-06,9535,2016-08-27,1625,020851,,6,2,5,1915,0,1,1,,2,074,"I-710 (LONG BEACH FREEWAY) N/B","COMPTON BLVD",700.00,S,N,A,-,Y,,,710,,,,,,N,Y,2,0,1,2,A,-,01,23152,A,F,B,C,A,A,H,-,A,D,0,,,Y,,Y,Y,A,01,1,0,0,0,0,0,0,0,1,"- ","- ",33.894970000000001,-118.18769,"LOS ANGELES",COMPTON,-118.18764825,33.894963750000002
90262627,2016,2016-09-07,9530,2016-08-21,2136,021004,,7,2,7,1941,0,1,1,,2,430,"I-405 N/B FROM LAKEWOOD BLVD.","LAKEWOOD BLVD.",561.00,S,N,A,-,Y,,,405,,,,R,,N,Y,4,0,1,1,A,-,01,23152,A,N,E,I,A,A,H,-,C,D,0,,,,,Y,Y,A,01,0,0,1,0,0,0,0,0,0,"- ","- ",33.805430000000001,-118.14086,"LOS ANGELES","LONG BEACH",-118.14086,33.805430000000001
9026455,2020,2020-03-03,1969,2020-01-17,2355,10216,PATRO,5,5,5,1969,0,0,0,,0,002,"CALIFORNIA AV","DUANE WY",250.00,S,N,A,-,N,,,,,,,,,,N,2,0,1,2,A,-,11,21954,A,N,G,B,D,A,H,-,C,D,0,Y,,,,Y,Y,N,60,1,0,0,0,1,0,0,0,0,"- ","- ",,,"LOS ANGELES","SOUTH GATE",-118.20699310302734,33.948139190673828
90264794,2016,2016-09-09,9535,2016-06-17,0012,019363,,5,3,9,1900,0,3,5,,2,001,"STEELE AVE (1500 BLOCK)","ROLLINS DR",230.00,W,N,A,-,N,,,,,,,,,,N,3,0,1,2,A,-,01,23152,A,M,G,B,D,A,H,-,C,D,0,Y,,,,Y,Y,A,01,0,1,0,0,1,0,0,0,0,"- ","- ",34.033160000000002,-118.1011,"LOS ANGELES",UNINCORPORATED,-118.17000226,34.058684139999997
90268292,2016,2016-09-15,9580,2016-09-04,0235,020828,,7,3,7,1942,0,1,3,,2,171,"SR-170 S/B (HOLLYWOOD FWY.)","VICTORY BLVD",250.00,S,N,A,-,Y,,,170,,,,,,S,Y,3,0,1,2,A,-,01,23152,A,N,C,C,A,A,H,-,C,D,0,,,,,Y,Y,A,01,0,1,0,0,0,0,0,0,0,"- ","- ",34.184109999999997,-118.39989,"LOS ANGELES","LOS ANGELES",-118.39991096999999,34.184088920000001
90268370,2016,2016-09-15,9525,2016-08-28,2500,018364,,7,4,1,1934,0,1,1,,2,204,"I-210 EB-TO-IRWINDALE AVENUE","IRWINDALE AVENUE",40.00,W,N,A,-,Y,,,210,,,,R,,E,N,3,0,1,1,A,-,03,22350,,N,F,I,A,A,H,-,C,A,0,,,Y,,Y,Y,C,02,0,1,0,0,0,0,0,0,1,"- ","- ",34.129350000000002,-117.93380999999999,"LOS ANGELES",IRWINDALE,-117.93380999999999,34.129350000000002
90269933,2016,2016-09-19,9540,2016-09-18,0425,020762,,7,3,6,1985,0,1,1,,2,506,"I-5 N/B (GOLDEN STATE FREEWAY)","MAGIC MOUNTAIN PKWY",2112.00,S,N,A,-,Y,,,5,,,,,,N,Y,4,0,1,2,A,-,01,23152,A,N,C,C,A,A,D,E,C,A,0,,,,,Y,Y,A,01,0,0,1,0,0,0,0,0,0,"- ","- ",34.418399999999998,-118.58060999999999,"LOS ANGELES","SANTA CLARITA",-118.580637,34.418385880000002
90270267,2016,2016-09-19,9430,2016-09-02,2248,018721,,5,3,9,1900,0,1,1,,2,051,"I-5 S/B (GOLDEN STATE FREEWAY)","FRAZIER MOUNTAIN PARK RD",200.00,S,N,A,-,Y,,,5,,,,,,S,Y,2,0,1,1,A,-,01,23152,A,N,E,I,A,A,H,-,D,D,0,,,,,Y,Y,A,01,1,0,0,0,0,0,0,0,0,"- ","- ",34.814399999999999,-118.88498,"LOS ANGELES",UNINCORPORATED,-118.8844335,34.814233299999998
90272216,2016,2017-04-11,9575,2016-08-26,0014,017414,,5,3,7,1942,0,1,1,,2,053,"I-5 S/B (GOLDEN STATE FREEWAY)","BRANDFORD ST.",250.00,S,N,A,-,Y,,,5,,,,,,S,Y,2,0,2,4,A,-,03,22350,,N,A,C,A,A,C,-,C,D,0,,,,,Y,Y,A,01,1,1,0,0,0,0,0,0,0,"- ","- ",34.23751,-118.41528,"LOS ANGELES","LOS ANGELES",-118.41511831,34.23768055
90274119,2016,2016-09-22,9550,2016-09-06,2359,020340,,2,3,7,1941,0,1,3,,2,090,"SR-91 E/B","CHERRY AVENUE",800.00,W,N,A,-,Y,,,91,,,,,,E,Y,3,0,1,1,A,-,01,23152,A,N,E,I,A,A,H,-,D,D,0,,,,,Y,Y,A,01,0,1,0,0,0,0,0,0,0,"- ","- ",33.876390000000001,-118.17103,"LOS ANGELES","LONG BEACH",-118.17100676,33.876496160000002
90274393,2016,2016-11-01,9530,2016-09-21,2107,020388,,3,2,7,1942,0,1,1,,2,120,"I-110 S/B (HARBOR FREEWAY)","GAFFEY ST.",400.00,N,N,A,-,Y,,,,,,,,,,Y,3,0,2,6,A,-,01,23152,A,F,E,I,A,A,H,-,C,A,0,,,,,Y,Y,A,01,0,1,1,0,0,0,0,0,0,"- ","- ",33.44511,-118.17288000000001,"LOS ANGELES","LOS ANGELES",-118.29146711999999,33.74746288
90276865,2016,2016-09-27,9580,2016-09-16,0113,020832,,5,3,7,1942,0,1,3,,1,271,"SR-27 N/B (TOPANGA CYN. BLVD.)","OAKWOOD DR",200.00,S,N,A,-,Y,,,,,,,,,,Y,4,0,2,1,A,-,08,22107,,N,E,I,A,A,H,-,D,D,0,,,,,Y,Y,A,01,0,0,2,0,0,0,0,0,0,"- ","- ",34.108130000000003,-118.59174,"LOS ANGELES","LOS ANGELES",,
90277396,2016,2016-09-27,9535,2016-09-18,2135,021117,,7,2,9,1900,0,2,4,,2,022,"OLYMPIC BLVD. (4300 BLOCK)","DOWNEY RD",115.00,E,N,A,-,N,,,,,,,,,,Y,4,0,2,2,A,-,03,22350,,N,C,C,A,A,H,-,C,D,0,,,,,Y,Y,D,22,0,0,2,0,0,0,0,0,0,"- ","- ",34.018830000000001,-118.17961,"LOS ANGELES",UNINCORPORATED,-118.17970128,34.018909999999998
90278549,2016,2016-09-28,9580,2016-09-18,1300,020400,,7,1,7,1942,0,1,2,,2,102,"US-101 N/B (VENTURA FREEWAY)","WHITE OAK AVE",500.00,S,N,A,-,Y,,,101,,,,,,N,N,4,0,1,2,A,-,03,22350,,M,C,C,A,A,H,-,A,D,0,,,,,Y,Y,-,99,0,0,1,0,0,0,0,0,0,"- ","- ",34.17127,-118.51437,"LOS ANGELES","LOS ANGELES",-118.51437,34.171283850000002
90281240,2016,2016-10-13,9550,2016-09-22,2115,017398,,4,2,6,1920,0,1,1,,2,150,"I-105 E/B (CENTURY FREEWAY)","COLUMBIA WAY",550.00,W,N,B,-,Y,,,105,,,,,,E,Y,4,0,1,3,A,-,01,23152,A,N,C,C,A,A,H,-,D,D,0,,,,,Y,Y,A,01,0,0,1,0,0,0,0,0,0,"- ","- ",33.912889999999997,-118.13606,"LOS ANGELES",DOWNEY,-118.13606093,33.912953399999999
90281556,2016,2016-10-03,9590,2016-09-11,0530,021346,,7,3,7,1942,0,1,1,,2,083,"I-5 S/B (GSF)","PASADENA AVENUE",100.00,N,N,A,-,Y,,,5,,,,,,S,Y,4,0,2,2,A,-,11,21954,A,N,E,I,E,A,H,-,C,D,0,Y,,,,Y,Y,N,60,0,0,2,0,1,0,0,0,0,"- ","- ",34.075279999999999,-118.21957999999999,"LOS ANGELES","LOS ANGELES",-118.2194337,34.075268549999997
90282064,2016,2016-10-03,9530,2016-10-01,0300,021038,,6,3,9,1900,0,3,5,,2,002,"AVALON BLVD.","REDONDO BEACH BLVD.",0.00,,Y,A,-,N,,,,,,,,,,Y,3,0,2,2,A,-,01,23152,A,N,D,C,A,A,H,-,C,A,0,,,,,Y,Y,A,07,0,1,1,0,0,0,0,0,0,"- ","- ",33.533560000000001,-118.15555999999999,"LOS ANGELES",UNINCORPORATED,-118.26540004,33.893220079999999
90283020,2016,2016-10-04,9530,2016-09-13,0518,021380,,2,3,9,1900,0,3,5,,2,002,"130TH STREET (700 BLOCK)","WILMINGTON AVE.",650.00,E,N,A,-,N,,,,,,,,,,Y,2,0,2,4,A,-,08,22107,,N,A,E,A,A,H,-,A,D,0,,,,,Y,Y,A,01,1,1,0,0,0,0,0,0,0,"- ","- ",33.914299999999997,-118.23841,"LOS ANGELES",UNINCORPORATED,-118.23829000000001,33.914389999999997
90283190,2016,2016-10-04,9530,2016-10-03,0650,019412,,1,1,7,1941,0,1,3,,2,320,"SR-91 E/B (ARF) FROM LONG BEACH BLVD.","SUSANA RD.",500.00,E,N,A,-,Y,,,91,,,,R,,E,Y,4,0,1,2,A,-,01,23152,A,N,C,C,A,A,H,-,A,D,0,,,,,Y,Y,D,22,0,0,1,0,0,0,0,0,0,"- ","- ",33.873010000000001,-118.20676,"LOS ANGELES","LONG BEACH",-118.20676,33.873010000000001
90283607,2016,2016-10-04,9580,2016-09-27,0010,020876,,2,3,7,1942,0,1,3,,2,171,"SR-170 S/B (HOLLYWOOD FWY.)","MAGNOLIA BLVD",300.00,S,N,A,-,Y,,,170,,,,,,S,Y,3,0,1,1,A,-,01,23152,A,N,E,I,A,A,H,-,D,D,0,,,,,Y,Y,A,01,0,1,0,0,0,0,0,0,0,"- ","- ",34.163409999999999,-118.38213,"LOS ANGELES","LOS ANGELES",-118.38215898,34.163397320000001
9028526,2020,2020-03-11,1941,2020-01-01,0330,6325,,3,5,7,1941,0,0,0,,0,,"WILLOW ST","BELMONT AV",0.00,,Y,A,-,N,,,,,,,,,,Y,4,0,2,2,A,-,01,23152,B,N,D,-,A,A,H,-,C,A,0,,,,,Y,Y,A,,0,0,2,0,0,0,0,0,0,"- ","- ",,,"LOS ANGELES","LONG BEACH",-118.14443206787109,33.803421020507812
90286243,2016,2016-10-07,9540,2016-09-28,0200,018582,,3,3,7,1942,0,1,1,,1,405,"I-405 SB FROM SAN FERNANDO MISSION BLVD",SR-118,1320.00,N,N,A,-,Y,,,405,,,,R,,S,Y,3,0,1,1,A,-,01,23152,A,N,E,I,A,A,H,-,C,D,0,,,,,Y,Y,A,01,0,1,0,0,0,0,0,0,0,"- ","- ",34.272530000000003,-118.47226999999999,"LOS ANGELES","LOS ANGELES",-118.47226999999999,34.272530000000003
90286587,2016,2016-10-07,9535,2016-09-20,0301,018527,,2,3,9,1900,0,1,1,,2,421,"I-10 W/B (SAN BERNARDINO FWY)","INDIANA ST",350.00,E,N,A,-,Y,,,,,,,,,,Y,3,0,1,1,A,-,01,23152,A,N,E,I,A,A,H,-,C,D,0,,,,,Y,Y,A,01,0,1,0,0,0,0,0,0,0,"- ","- ",34.055810000000001,-118.19710000000001,"LOS ANGELES",UNINCORPORATED,-118.23820669,34.025195320000002
90289643,2016,2016-10-12,9530,2016-10-11,0520,019050,,2,3,7,1941,0,1,1,,2,072,"I-710 S/B (LONG BEACH FREEWAY)","CARSON ST.",213.00,S,N,A,-,Y,,,710,,,,,,S,Y,4,0,1,2,A,-,01,23152,A,N,C,C,A,A,H,-,C,D,0,,,,,Y,Y,A,07,0,0,1,0,0,0,0,0,0,"- ","- ",33.831069999999997,-118.20869999999999,"LOS ANGELES","LONG BEACH",-118.20882564,33.831039359999998
90290313,2016,2016-10-12,9590,2016-10-07,0225,020409,,5,3,7,1942,0,1,1,,2,010,"SR-110 N/B (ASP) TO I-5 N/B (GSF)","TUNNEL #4",0.00,,N,A,-,Y,,,110,,,,R,,N,Y,3,0,1,1,A,-,01,23152,A,N,E,I,A,A,H,-,C,D,0,,,,,Y,Y,A,01,0,1,0,0,0,0,0,0,0,"- ","- ",34.079329999999999,-118.22718,"LOS ANGELES","LOS ANGELES",-118.22718,34.079329999999999
90290337,2016,2016-10-12,9530,2016-09-25,2210,021016,,7,3,9,1900,0,3,5,,2,006,"DEL AMO BLVD.","HAMILTON AVE.",0.00,,Y,A,-,N,,,,,,,,,,Y,4,0,3,2,A,-,01,23152,A,N,D,C,A,A,H,-,C,D,0,,,,,Y,Y,A,01,0,0,3,0,0,0,0,0,0,"- ","- ",33.504640000000002,-118.17939,"LOS ANGELES",UNINCORPORATED,-118.28605011000001,33.846240080000001
90296551,2016,2016-10-20,9530,2016-10-17,0140,021038,,1,3,7,1942,0,1,1,,2,110,"I-110 N/B (HARBOR FREEWAY)","182ND ST.",990.00,S,N,C,-,Y,,,,,,,,,,Y,2,0,2,1,A,-,01,23152,A,N,E,I,A,B,H,-,C,D,0,,,,,Y,Y,A,01,1,1,0,0,0,0,0,0,0,"- ","- ",33.51596,-118.17533,"LOS ANGELES","LOS ANGELES",,
90297562,2016,2016-10-20,9530,2016-10-09,1520,021290,,7,2,5,1943,0,1,1,,2,210,"I-105 E/B (GLENN ANDERSON FWY)","LONG BEACH BLVD.",500.00,E,N,A,-,Y,,,,,,,,,,Y,4,0,2,3,A,-,03,22350,,N,C,C,A,A,H,-,A,D,0,,,,,Y,Y,A,01,0,0,2,0,0,0,0,0,0,"- ","- ",33.552599999999998,-118.1229,"LOS ANGELES",LYNWOOD,-118.20986000000001,33.924660000000003
90298852,2016,2016-10-24,9540,2016-10-08,2350,021360,,6,3,7,1942,0,1,1,,1,501,"I-5 SOUTHBOUND (GOLDEN STATE FREEWAY)","RINALDI ST",1586.00,N,N,A,-,Y,,,5,,,,,,S,Y,2,0,6,2,A,-,01,23152,,N,C,C,A,A,H,-,D,D,0,,,,,Y,Y,A,01,3,3,0,0,0,0,0,0,0,"- ","- ",34.283200000000001,-118.45789000000001,"LOS ANGELES","LOS ANGELES",-118.45785806000001,34.283225610000002
90299023,2016,2016-10-24,9545,2016-10-15,0330,020244,,6,3,9,1900,0,3,5,,2,004,"AVENUE T","121ST ST  E",40.00,W,N,A,-,N,,,,,,,,,,Y,4,0,1,1,A,-,08,22107,,N,F,A,A,A,H,-,D,D,0,,,,,Y,Y,A,01,0,0,1,0,0,0,0,0,0,"- ","- ",34.54278,-117.91343000000001,"LOS ANGELES",UNINCORPORATED,-117.91424252,34.542810000000003
90302712,2016,2016-10-27,9545,2016-10-22,0110,020849,,6,3,9,1900,0,1,3,,2,031,"SR-14 N/B","CROWN VALLEY RD",3696.00,N,N,A,-,Y,,,14,,,,,,N,Y,3,0,1,1,A,-,08,22107,,N,E,I,A,A,H,-,D,D,0,,,,,Y,Y,D,22,0,1,0,0,0,0,0,0,0,"- ","- ",34.493200000000002,-118.18722,"LOS ANGELES",UNINCORPORATED,-118.18722483000001,34.493090629999998
90306485,2016,2016-10-31,9580,2016-10-19,0210,017371,,3,3,7,1942,0,1,2,,2,105,"US-101 S/B (VENTURA FREEWAY)","WINNETKA AVE",1584.00,N,N,A,-,Y,,,101,,,,,,S,Y,4,0,2,2,A,-,03,22350,,N,C,C,A,A,H,-,D,D,0,,,,,Y,Y,D,22,0,0,2,0,0,0,0,0,0,"- ","- ",34.170369999999998,-118.57541000000001,"LOS ANGELES","LOS ANGELES",-118.57543395,34.170433340000002
90311601,2016,2016-11-04,9590,2016-10-29,2035,021072,,6,2,7,1942,0,1,1,,2,085,"I-5 S/B (GOLDEN STATE FREEWAY)","RIVERSIDE DRIVE",400.00,N,N,A,-,Y,,,5,,,,,,S,N,4,0,1,2,A,-,03,22350,,M,C,C,A,A,H,-,B,D,0,,,,,Y,Y,-,99,0,0,1,0,0,0,0,0,0,"- ","- ",34.098480000000002,-118.24674,"LOS ANGELES","LOS ANGELES",-118.24682849,34.098393430000002
90313732,2016,2016-11-08,9530,2016-10-28,2102,021108,,5,2,7,1941,0,1,3,,2,320,"SR-91 E/B (ARTESIA FREEWAY)",I-710,280.00,W,N,A,-,Y,,,,,,,,,,Y,3,0,1,2,A,-,01,23152,A,N,C,E,A,A,H,-,C,D,0,,,,Y,Y,Y,A,01,0,1,0,0,0,0,0,0,0,"- ","- ",33.5229,-118.1139,"LOS ANGELES","LONG BEACH",-118.19361000000001,33.875140000000002
90314090,2016,2016-11-08,9530,2016-11-04,2246,020687,,5,3,9,1900,0,3,5,,2,002,"COMPTON AVE. (11700 BLOCK)","117TH PL.",15.00,S,N,A,-,N,,,,,,,,,,Y,3,0,1,2,A,-,01,23152,A,N,E,I,A,A,H,-,C,D,0,,,,,Y,Y,D,22,0,1,0,0,0,0,0,0,0,"- ","- ",33.925800000000002,-118.2462,"LOS ANGELES",UNINCORPORATED,-118.24628,33.926778859999999
90314613,2016,2016-11-09,9580,2016-10-29,0307,020462,,6,3,7,1942,0,1,2,,2,104,"US-101 N/B (VENTURA FREEWAY)","TAMPA AVE",850.00,S,N,A,-,Y,,,101,,,,,,N,Y,4,0,1,2,A,-,03,22350,,N,C,C,A,A,H,-,C,D,0,,,,,Y,Y,A,07,0,0,1,0,0,0,0,0,0,"- ","- ",34.17353,-118.54873000000001,"LOS ANGELES","LOS ANGELES",-118.54872918,34.173579830000001
9031564,2020,2020-03-18,1942,2020-01-13,1535,42601,1409,1,5,7,1942,0,0,0,N,0,14A27,"VENICE BL","CULVER BL",10.00,W,N,A,-,N,,,,,,,,,,Y,4,0,1,2,A,-,01,23152,A,N,C,C,A,A,H,-,A,A,0,,,,,Y,Y,A,07,0,0,1,0,0,0,0,0,0,"- ","- ",,,"LOS ANGELES","LOS ANGELES",-118.39249420166016,34.026935577392578
90317115,2016,2016-11-11,9530,2016-11-01,0605,021252,,2,1,9,1900,0,3,5,,2,001,"71ST ST. (1700 BLOCK)","HOLMES AVE.",70.00,W,N,A,-,N,,,,,,,,,,Y,3,0,2,4,A,-,01,23152,F,F,C,C,A,A,H,-,B,D,0,,,,,Y,Y,A,01,0,2,0,0,0,0,0,0,0,"- ","- ",33.583199999999998,-118.1429,"LOS ANGELES",UNINCORPORATED,-118.24140041,33.975512289999998
90317782,2016,2016-11-14,9525,2016-11-06,2114,021138,,7,2,1,1934,0,1,1,,2,651,"I-605 S/B (SAN GABRIEL RIVER FREEWAY)","I-210 E/B (FOOTHILL FREEWAY)",2400.00,S,N,A,-,Y,,,605,,,,,,S,Y,3,0,1,1,A,-,01,23152,A,N,E,I,A,A,H,-,D,D,0,,,,,Y,Y,A,01,0,1,0,0,0,0,0,0,0,"- ","- ",34.134079999999997,-117.95793999999999,"LOS ANGELES",IRWINDALE,-117.95787477,34.13403254
90320339,2016,2016-11-15,9565,2016-11-10,2155,021171,,4,2,5,1965,0,1,1,,2,081,"I-10 E/B (SANTA MONICA FREEWAY)","LINCOLN BLVD",600.00,E,N,A,-,Y,,,10,,,,,,E,Y,3,0,1,1,A,-,01,23152,A,N,E,I,A,A,H,-,C,D,0,,,,,Y,Y,A,01,0,1,0,0,0,0,0,0,0,"- ","- ",34.017609999999998,-118.48166999999999,"LOS ANGELES","SANTA MONICA",-118.48160172,34.017532320000001
90320828,2016,2016-11-16,9530,2016-11-08,0200,020307,,2,3,7,1942,0,1,1,,2,110,"I-110 S/B (HARBOR FREEWAY)","CENTURY BLVD.",500.00,S,N,A,-,Y,,,110,,,,,,S,Y,3,0,1,1,A,-,01,23152,A,N,E,I,A,A,H,-,C,D,0,,,,,Y,Y,A,01,0,1,0,0,0,0,0,0,0,"- ","- ",33.945070000000001,-118.27973,"LOS ANGELES","LOS ANGELES",-118.27994778999999,33.945095440000003
90322384,2016,2016-11-17,9590,2016-10-29,0200,021236,,6,3,7,1942,0,1,2,,2,072,"US-101 N/B (HOF) TO SUNSET BOULEVARD","SUNSET BLVD O/C",322.00,N,N,A,-,Y,,,101,,,,R,,N,Y,3,0,2,1,A,-,01,23152,A,N,E,I,A,A,H,-,C,D,0,,,,,Y,Y,A,01,0,2,0,0,0,0,0,0,0,"- ","- ",34.099089999999997,-118.31441,"LOS ANGELES","LOS ANGELES",-118.31441,34.099089999999997
9032374,2019,2020-03-04,1910,2019-12-25,0644,05206,,3,5,4,1910,0,0,0,,0,005,"E SANTA MONICA BL","CRESCENT DR",60.00,W,N,A,-,N,,,,,,,,,,Y,4,0,2,4,A,-,03,22350,,N,B,C,A,A,H,-,B,A,0,,,,,Y,Y,A,01,0,0,2,0,0,0,0,0,0,"- ","- ",,,"LOS ANGELES","BEVERLY HILLS",-118.40176391601562,34.072963714599609
9032630,2019,2020-02-05,1942,2019-12-09,0030,43875,1804,1,5,7,1942,0,0,0,R,0,,"CENTRAL AV","MANCHESTER AV",20.00,S,N,A,-,N,,,,,,,,,,Y,4,0,1,2,A,-,01,23152,A,N,A,C,A,A,H,-,C,D,0,,,,,Y,Y,A,01,0,0,1,0,0,0,0,0,0,"- ","- ",,,"LOS ANGELES","LOS ANGELES",-118.25641632080078,33.960105895996094
90327056,2016,2016-11-22,9535,2016-11-11,0045,021149,,5,3,5,1943,0,1,1,,2,075,"I-710 SB TO ROSECRANS AVE.",I-105,100.00,S,N,A,-,Y,,,710,,,,R,,S,Y,3,0,1,1,A,-,01,23152,A,N,E,I,A,A,H,-,C,D,0,,,,,Y,Y,A,07,0,1,0,0,0,0,0,0,0,"- ","- ",33.912700000000001,-118.18058000000001,"LOS ANGELES",LYNWOOD,-118.18058000000001,33.912700000000001
90328612,2016,2016-11-23,9565,2016-11-17,1430,021267,,4,2,7,1942,0,1,1,,2,063,"I-405 S/B (SAN DIEGO FREEWAY)","CONSTITUTION AVE",800.00,N,N,A,-,Y,,,,,,,,,,N,4,0,3,2,A,-,03,22350,,N,C,C,A,A,H,-,A,D,0,,,,,Y,Y,A,07,0,0,3,0,0,0,0,0,0,"- ","- ",34.344050000000003,-118.27279,"LOS ANGELES","LOS ANGELES",-118.45704093000001,34.061633829999998
90332996,2016,2016-11-30,9545,2016-11-24,1950,016124,,4,2,9,1900,0,3,5,,2,004,"165TH ST EAST","AVENUE T",4.00,N,N,A,-,N,,,,,,,,,,Y,4,0,1,1,A,-,08,22107,,N,E,I,A,A,H,-,C,D,0,,,,,Y,Y,A,01,0,0,1,0,0,0,0,0,0,"- ","- ",34.542450000000002,-117.83533,"LOS ANGELES",UNINCORPORATED,-117.83557016,34.54246096
9033469,2019,2020-01-31,1900,2019-12-19,2320,509623,0972,4,5,4,1979,0,0,0,,0,91T4,"N ROBERTSON BL","MELROSE AV",370.00,N,N,A,-,N,,,,,,,,,,N,4,0,1,2,A,-,01,23152,A,N,C,C,A,A,H,-,C,D,0,,,,,Y,Y,A,01,0,0,1,0,0,0,0,0,0,"- ","- ",34.081901550292969,-118.38552856445312,"LOS ANGELES","WEST HOLLYWOOD",-118.38552093505859,34.081821441650391
90335413,2016,2016-12-02,9540,2016-11-12,1052,021395,,6,1,9,1900,0,1,1,,1,502,"I-5 N/B GOLDEN STATE FREEWAY","CALGROVE BLVD",5280.00,S,N,A,-,Y,,,5,,,,,,N,Y,3,0,2,2,A,-,01,23152,A,N,B,C,A,A,H,-,C,D,0,,,,Y,Y,Y,A,01,0,2,0,0,0,0,0,0,0,"- ","- ",34.355800000000002,-118.55096,"LOS ANGELES",UNINCORPORATED,-118.55096822,34.355790480000003