CASE_ID,ACCIDENT_YEAR,PROC_DATE,JURIS,COLLISION_DATE,COLLISION_TIME,OFFICER_ID,REPORTING_DISTRICT,DAY_OF_WEEK,CHP_SHIFT,POPULATION,CNTY_CITY_LOC,SPECIAL_COND,BEAT_TYPE,CHP_BEAT_TYPE,CITY_DIVISION_LAPD,CHP_BEAT_CLASS,BEAT_NUMBER,PRIMARY_RD,SECONDARY_RD,DISTANCE,DIRECTION,INTERSECTION,WEATHER_1,WEATHER_2,STATE_HWY_IND,CALTRANS_COUNTY,CALTRANS_DISTRICT,STATE_ROUTE,ROUTE_SUFFIX,POSTMILE_PREFIX,POSTMILE,LOCATION_TYPE,RAMP_INTERSECTION,SIDE_OF_HWY,TOW_AWAY,COLLISION_SEVERITY,NUMBER_KILLED,NUMBER_INJURED,PARTY_COUNT,PRIMARY_COLL_FACTOR,PCF_CODE_OF_VIOL,PCF_VIOL_CATEGORY,PCF_VIOLATION,PCF_VIOL_SUBSECTION,HIT_AND_RUN,TYPE_OF_COLLISION,MVIW,PED_ACTION,ROAD_SURFACE,ROAD_COND_1,ROAD_COND_2,LIGHTING,CONTROL_DEVICE,CHP_ROAD_TYPE,PEDESTRIAN_ACCIDENT,BICYCLE_ACCIDENT,MOTORCYCLE_ACCIDENT,TRUCK_ACCIDENT,NOT_PRIVATE_PROPERTY,ALCOHOL_INVOLVED,STWD_VEHTYPE_AT_FAULT,CHP_VEHTYPE_AT_FAULT,COUNT_SEVERE_INJ,COUNT_VISIBLE_INJ,COUNT_COMPLAINT_PAIN,COUNT_PED_KILLED,COUNT_PED_INJURED,COUNT_BICYCLIST_KILLED,COUNT_BICYCLIST_INJURED,COUNT_MC_KILLED,COUNT_MC_INJURED,PRIMARY_RAMP,SECONDARY_RAMP,LATITUDE,LONGITUDE,COUNTY,CITY,POINT_X,POINT_Y
90422133,2017,2017-03-28,9575,2017-03-05,0009,021026,,7,3,9,1900,0,2,4,,2,016,"LA CRESCENTA AVE.","ALTURA AVE.",75.00,S,N,A,-,N,,,,,,,,,,Y,3,0,1,1,A,-,01,23152,A,N,E,I,A,A,H,-,C,D,0,,,,,Y,Y,A,01,0,1,0,0,0,0,0,0,0,"- ","- ",34.219320000000003,-118.23990999999999,"LOS ANGELES",UNINCORPORATED,-118.23994587999999,34.219684379999997
90427532,2017,2017-04-05,9550,2017-04-03,2210,020688,,1,3,6,1949,0,1,1,,2,651,"INTERSTATE 605 N/B","FIRESTONE BOULEVARD",1000.00,N,N,B,-,Y,,,605,,,,,,N,Y,4,0,1,2,A,-,01,23152,A,N,C,C,A,A,H,-,C,D,0,,,,,Y,Y,A,01,0,0,1,0,0,0,0,0,0,"- ","- ",33.927230000000002,-118.10332,"LOS ANGELES",NORWALK,-118.10327804000001,33.927216950000002
90429518,2017,2017-04-07,9565,2017-03-27,0220,021251,,1,3,9,1900,0,2,4,,2,023,"WESTERN AVE.","IMPERIAL HWY.",450.00,N,N,A,-,N,,,,,,,,,,Y,4,0,2,2,A,-,07,21658,A,N,B,C,A,A,H,-,C,D,0,,,,,Y,Y,A,01,0,0,2,0,0,0,0,0,0,"- ","- ",33.932299999999998,-118.30903000000001,"LOS ANGELES",UNINCORPORATED,-118.30905504,33.932243669999998
9043129,2020,2020-02-20,1900,2020-01-30,2239,610418,1127,4,5,6,1992,0,0,0,,0,111T1,"30TH ST WEST","AVENUE K",67.00,S,N,A,-,N,,,,,,,,,,Y,4,0,2,2,A,-,01,23152,A,N,C,C,A,A,H,-,C,A,0,,,,,Y,Y,A,01,0,0,2,0,0,0,0,0,0,"- ","- ",,,"LOS ANGELES",LANCASTER,-118.18358612060547,34.674697875976562
9043130,2020,2020-02-20,1942,2020-01-30,2240,38857,1637,4,5,7,1942,0,0,0,P,0,16A35,"FOOTHILL BL","JARDINE AV",0.00,,Y,A,-,N,,,,,,,,,,Y,3,0,1,1,A,-,01,23152,A,N,E,I,A,A,H,-,C,D,0,,,,,Y,Y,A,01,0,1,0,0,0,0,0,0,0,"- ","- ",,,"LOS ANGELES","LOS ANGELES",-118.3043212890625,34.259628295898438
90433354,2017,2017-04-13,9540,2017-04-11,2025,020837,,2,2,9,1900,0,1,1,,2,508,"I-5 N/B (GOLDEN STATE FWY)","TEMPLIN HWY",10296.00,S,N,A,-,Y,,,5,,,,,,N,Y,3,0,2,3,A,-,01,23152,A,N,C,C,A,A,H,-,D,D,0,,,,,Y,Y,A,01,0,1,1,0,0,0,0,0,0,"- ","- ",34.545740000000002,-118.66414,"LOS ANGELES",UNINCORPORATED,-118.66411411999999,34.545778609999999
90434171,2017,2017-04-14,9565,2017-03-24,2020,021011,,5,2,9,1900,0,1,1,,2,012,"I-105 E/B FROM HAWTHORNE BLVD. S/B","HAWTHORNE BLVD.",55.00,W,N,A,-,Y,,,105,,,,R,,E,Y,3,0,1,1,A,-,01,23152,A,N,E,I,A,A,H,-,C,D,0,,,,,Y,Y,A,01,0,1,0,0,0,0,0,0,0,"- ","- ",33.933239999999998,-118.35299000000001,"LOS ANGELES",UNINCORPORATED,-118.35299000000001,33.933239999999998
90434205,2017,2017-04-14,9565,2017-04-03,2200,021575,,1,3,5,1928,0,1,1,,2,012,"I-105 W/B (CENTURY FWY)","CRENSHAW BLVD",1580.00,W,N,A,-,Y,,,105,,,,,,W,Y,3,0,3,2,A,-,03,22350,,N,C,C,A,A,H,-,D,D,0,,,,,Y,Y,A,01,0,1,2,0,0,0,0,0,0,"- ","- ",33.92503,-118.33197,"LOS ANGELES",HAWTHORNE,-118.33197341,33.925077610000002
90435208,2017,2017-04-17,9590,2017-04-02,0605,021040,,7,1,7,1942,0,1,1,,2,083,"I-5 S/B (GOLDEN STATE FREEWAY)","RIVERSIDE DR.",850.00,N,N,A,-,Y,,,5,,,,,,S,Y,3,0,1,1,A,-,01,23152,A,N,E,I,A,A,H,-,B,D,0,,,,,Y,Y,A,01,0,1,0,0,0,0,0,0,0,"- ","- ",34.096580000000003,-118.24527,"LOS ANGELES","LOS ANGELES",-118.24515989,34.096687709999998
90437168,2017,2017-04-18,9550,2017-04-14,1205,021449,,5,1,9,1900,0,3,5,,2,002,"IMPERIAL HIGHWAY","MEYER ROAD",0.00,,Y,A,-,N,,,,,,,,,,Y,2,0,2,2,A,-,01,23152,A,F,D,C,A,A,H,-,A,A,0,,,,,Y,Y,D,22,1,0,1,0,0,0,0,0,0,"- ","- ",33.917110000000001,-118.03394,"LOS ANGELES",UNINCORPORATED,-118.03387006,33.917120099999998
90437269,2017,2017-04-19,9550,2017-04-17,2230,019293,,1,3,9,1900,0,3,5,,2,002,"MILLS AVENUE","TELEGRAPH ROAD",0.00,,Y,A,-,N,,,,,,,,,,Y,4,0,2,3,A,-,01,23152,A,N,D,C,A,A,H,-,C,A,0,,,,,Y,Y,A,01,0,0,2,0,0,0,0,0,0,"- ","- ",33.936999999999998,-118.0416,"LOS ANGELES",UNINCORPORATED,-118.04161010999999,33.936940030000002
9043765,2020,2020-06-03,1942,2020-02-08,0245,39297,0395,6,5,7,1942,0,0,0,C,0,3A99,"43RD ST","SAINT ANDREWS PL",215.00,W,N,A,-,N,,,,,,,,,,Y,3,0,1,5,A,-,01,23152,A,M,A,E,A,A,H,-,C,D,0,,,,,Y,Y,A,01,0,1,0,0,0,0,0,0,0,"- ","- ",,,"LOS ANGELES","LOS ANGELES",-118.31205749511719,34.005481719970703
90440159,2017,2017-04-24,9550,2017-04-22,1940,021037,,6,2,9,1900,0,2,4,,1,031,"HACIENDA BOULEVARD","TETLEY STREET",0.00,,Y,A,-,N,,,,,,,,,,Y,4,0,1,2,A,-,01,23152,A,N,D,C,A,A,H,-,C,A,0,,,,,Y,Y,A,07,0,0,1,0,0,0,0,0,0,"- ","- ",33.992980000000003,-117.96872999999999,"LOS ANGELES",UNINCORPORATED,-117.96875009999999,33.992970059999998
90440978,2017,2017-04-24,9590,2017-04-16,0350,019110,,7,3,7,1942,0,1,1,,2,051,"I-110 S/B (HARBOR FREEWAY)","83RD STREET",150.00,N,N,A,-,Y,,,,,,,,,,Y,3,0,1,2,A,-,01,23152,A,N,D,C,A,A,C,-,C,D,0,,,,,Y,Y,A,01,0,1,0,0,0,0,0,0,0,"- ","- ",33.9636,-118.29098999999999,"LOS ANGELES","LOS ANGELES",-118.28104527000001,33.964571360000001
90441071,2017,2017-04-24,9565,2017-04-03,1250,021200,,1,1,9,1900,0,2,4,,2,021,"VERMONT AVENUE S/B","W 92ND ST",5.00,N,N,A,-,N,,,,,,,,,,Y,3,0,1,2,D,-,00,,,N,G,B,B,A,H,-,A,A,0,Y,,,,Y,Y,-,"- ",0,1,0,0,1,0,0,0,0,"- ","- ",33.952759999999998,-118.2919,"LOS ANGELES",UNINCORPORATED,-118.29189,33.95339371
90443152,2017,2017-04-27,9550,2017-04-18,2240,020795,,2,3,5,1935,0,1,1,,2,652,"INTERSTATE 605 SB","CARSON STREET",2000.00,S,N,A,-,Y,,,,,,,,,,Y,3,0,1,2,A,-,03,22350,,N,C,C,A,A,H,-,C,D,0,,,,,Y,Y,A,01,0,1,0,0,0,0,0,0,0,"- ","- ",33.826079999999997,-118.08232,"LOS ANGELES",LAKEWOOD,-118.0842,33.831380000000003
90445148,2017,2017-04-28,9525,2017-04-23,0226,020544,,7,3,9,1900,0,3,5,,2,002,"SAN BERNARDINO RD. (16000 BLOCK)","WOODGROVE AVE",60.00,E,N,A,-,N,,,,,,,,,,Y,3,0,1,1,A,-,01,23152,A,M,E,I,A,A,H,-,C,D,0,,,,,Y,Y,A,07,0,1,0,0,0,0,0,0,0,"- ","- ",34.089730000000003,-117.92999,"LOS ANGELES",UNINCORPORATED,-117.92981236,34.089515609999999
90445316,2017,2017-04-28,9545,2017-04-22,1500,017305,,6,2,9,1900,0,3,5,,2,001,"SANDROCK DRIVE","ALLGOOD DRIVE",0.00,,Y,A,-,N,,,,,,,,,,Y,3,0,1,1,A,-,01,23152,A,N,E,I,A,A,H,-,A,D,0,,,,,Y,Y,D,22,0,1,0,0,0,0,0,0,0,"- ","- ",34.66234,-118.39512000000001,"LOS ANGELES",UNINCORPORATED,-118.39526003,34.662280099999997
90446050,2017,2017-05-01,9575,2017-04-22,1841,021344,,6,2,9,1900,0,1,3,,2,300,"ANGELES FOREST HIGHWAY","SR-2 (ANGELES CREST HIGHWAY)",0.00,,Y,A,-,N,,,,,,,,,,Y,2,0,1,1,A,-,01,23152,A,N,F,A,A,A,H,-,A,D,0,,,Y,,Y,Y,C,02,1,0,0,0,0,0,0,0,1,"- ","- ",34.270319999999998,-118.15352,"LOS ANGELES",UNINCORPORATED,-118.15346132000001,34.270228000000003
90446258,2017,2017-05-01,9575,2017-04-27,2045,020393,,4,2,7,1942,0,1,1,,2,061,"I-210 W/B (FOOTHILL FREEWAY)","WHEATLAND AVE.",200.00,E,N,A,-,Y,,,210,,,,,,W,Y,3,0,1,2,A,-,01,23152,A,N,C,C,A,A,H,-,C,D,0,,,,Y,Y,Y,A,01,0,1,0,0,0,0,0,0,0,"- ","- ",34.272300000000001,-118.3511,"LOS ANGELES","LOS ANGELES",-118.35113130000001,34.272064729999997
90446615,2017,2017-05-01,9590,2017-04-19,0016,020527,,3,3,7,1942,0,1,1,,2,063,"I-10 W/B (SANTA MONICA FREEWAY)","VERMONT AVE.",50.00,W,N,B,-,Y,,,10,,,,,,W,Y,4,0,1,2,A,-,01,23152,A,N,C,C,A,A,H,-,C,D,0,,,,,Y,Y,A,01,0,0,1,0,0,0,0,0,0,"- ","- ",34.036999999999999,-118.29185,"LOS ANGELES","LOS ANGELES",-118.29184927999999,34.037066930000002
90446669,2017,2017-05-01,9530,2017-04-30,1105,021458,,7,1,9,1900,0,3,5,,2,002,"REDONDO BEACH BOULEVARD (15000 BLOCK)","SAN PEDRO ST.",128.00,W,N,A,-,N,,,,,,,,,,Y,3,0,2,11,A,-,01,23152,A,N,E,I,A,A,H,-,A,A,0,,,,,Y,Y,A,01,0,2,0,0,0,0,0,0,0,"- ","- ",33.89331,-118.26741,"LOS ANGELES",UNINCORPORATED,-118.26744073,33.893168629999998
90450457,2017,2017-05-08,9530,2017-05-07,0200,021310,,7,3,9,1900,0,3,5,,2,003,"ATLANTIC AVE ( 15000 BLOCK)","LINSLEY ST.",154.00,N,N,B,C,N,,,,,,,,,,Y,3,0,3,1,A,-,01,23152,A,N,E,I,A,B,H,-,C,D,0,,,,,Y,Y,D,22,0,2,1,0,0,0,0,0,0,"- ","- ",33.891599999999997,-118.1932,"LOS ANGELES",UNINCORPORATED,-118.19306874999999,33.891031640000001
90450934,2017,2017-05-08,9540,2017-04-23,0253,021361,,7,3,7,1942,0,1,1,,1,503,"I-5 S/B (GSF) TO I-210 E/B (FF)","BALBOA BLVD",870.00,S,N,A,-,Y,,,5,,,,R,,S,Y,4,0,1,2,A,-,08,22107,,N,B,C,A,A,H,-,C,D,0,,,,,Y,Y,E,22,0,0,1,0,0,0,0,0,0,"- ","- ",34.319279999999999,-118.49397999999999,"LOS ANGELES","LOS ANGELES",-118.49397999999999,34.319279999999999
90454916,2017,2017-05-12,9530,2017-05-07,0326,021235,,7,3,7,1942,0,1,1,,2,200,"I-105 W/B (GLENN ANDERSON FWY)","I-105 E/B (GLENN ANDERSON FWY)",400.00,E,N,C,-,Y,,,105,,,,,,W,Y,4,0,1,2,A,-,08,22107,,N,E,I,A,B,H,-,B,D,0,,,,,Y,Y,D,22,0,0,1,0,0,0,0,0,0,"- ","- ",33.928240000000002,-118.25426,"LOS ANGELES","LOS ANGELES",-118.25425796,33.928224649999997
90456454,2017,2019-01-21,9580,2017-04-21,0125,021015,,5,3,7,1942,0,1,2,,2,102,"US-101 N/B (VENTURA FREEWAY)","HAYVENHURST AVE",2640.00,S,N,A,-,Y,,,101,,,,,,N,Y,2,0,2,5,A,-,01,23152,A,N,C,C,A,A,D,-,D,D,0,,,,,Y,Y,A,01,1,1,0,0,0,0,0,0,0,"- ","- ",34.16525,-118.4877,"LOS ANGELES","LOS ANGELES",-118.48770098999999,34.16532359
90456598,2017,2017-05-16,9525,2017-04-16,1650,021280,,7,2,9,1900,0,2,4,,2,032,"VALLEY BLVD","FULLERTON RD.",0.00,,Y,A,-,N,,,,,,,,,,Y,2,0,2,2,A,-,01,23152,A,N,D,C,A,A,H,-,A,A,0,,,,,Y,Y,D,22,1,1,0,0,0,0,0,0,0,"- ","- ",34.005569999999999,-117.90379,"LOS ANGELES",UNINCORPORATED,-117.90376003,34.005550040000003
90456621,2017,2017-05-16,9525,2017-04-23,1940,021392,,7,2,6,1975,0,1,1,,2,104,"I-10 E/B (SAN BERNARDINO FWY)","WEST COVINA PARKWAY",500.00,W,N,A,-,Y,,,10,,,,,,E,Y,3,0,2,1,A,-,01,23152,A,N,E,I,A,A,D,E,D,D,0,,,,,Y,Y,A,01,0,2,0,0,0,0,0,0,0,"- ","- ",34.07197,-117.94422,"LOS ANGELES","WEST COVINA",-117.9442171,34.071940490000003
90457463,2017,2017-05-17,9535,2017-05-06,0219,021363,,6,3,3,1914,0,1,1,,2,072,"I-710 (LONG BEACH FREEWAY) N/B","WASHINGTON BLVD",200.00,N,N,B,-,Y,,,,,,,,,,Y,3,0,1,1,A,-,01,23152,A,N,E,I,A,A,H,-,C,D,0,,,,,Y,Y,A,01,0,1,0,0,0,0,0,0,0,"- ","- ",34.018819999999998,-118.17192,"LOS ANGELES",COMMERCE,-118.17269666999999,34.005263319999997
90458595,2017,2017-05-18,9580,2017-05-09,0350,021015,,2,3,7,1942,0,1,1,,2,407,"I-405 S/B (SAN DIEGO FWY)","SHERMAN WAY",3168.00,N,N,A,-,Y,,,405,,,,,,S,Y,2,0,2,3,A,-,01,23152,A,N,D,C,A,A,H,-,D,D,0,,,,,Y,Y,A,01,1,1,0,0,0,0,0,0,0,"- ","- ",34.206629999999997,-118.47337,"LOS ANGELES","LOS ANGELES",-118.47346383999999,34.206630949999997
90459560,2017,2018-06-11,9525,2017-01-18,0350,019854,,3,3,6,1955,0,1,1,,2,110,"I-10 E/B (SAN BERNARDINO FWY)","SAN ANTONIO AVENUE",2328.00,E,N,A,-,Y,,,10,,,,,,E,Y,1,2,0,2,A,-,01,23152,A,N,C,J,A,A,H,-,D,D,0,,,,,Y,Y,A,01,0,0,0,0,0,0,0,0,0,"- ","- ",34.081499999999998,-117.72973,"LOS ANGELES",POMONA,-117.72973014,34.08150852
90460262,2017,2017-05-22,9575,2017-05-08,0441,021144,,1,3,6,1985,0,1,S,,2,144,"SR-14 N/B (AVF) TO PLACERITA CANY. RD.","PLACERITA CANYON RD.",559.00,S,N,B,-,Y,,,14,,,,R,,N,Y,4,0,1,1,A,-,01,23152,A,N,E,I,A,A,H,-,D,D,0,,,,,Y,Y,A,01,0,0,1,0,0,0,0,0,0,"- ","- ",34.376170000000002,-118.49431,"LOS ANGELES","SANTA CLARITA",-118.49431,34.376170000000002
90461388,2017,2017-05-23,9540,2017-05-15,0520,013893,,1,3,9,1900,0,1,3,,2,147,"SR-14 S/B (ANTELOPE VALLEY FREEWAY)","TICK CANYON WASH",97.00,S,N,A,-,Y,,,,,,,,,,N,3,0,1,3,A,-,06,21755,,N,C,C,A,A,H,-,B,A,0,,,Y,,Y,Y,C,02,0,1,0,0,0,0,0,0,1,"- ","- ",34.434429999999999,-118.39315000000001,"LOS ANGELES",UNINCORPORATED,,
90466219,2017,2017-05-29,9565,2017-04-30,0544,021512,,7,3,7,1942,0,1,1,,2,061,"I-405 N/B (SAN DIEGO FWY)","CENTINELA AVE",100.00,S,N,A,-,Y,,,405,,,,,,N,Y,3,0,1,1,A,-,08,22107,,N,E,I,A,A,H,-,A,D,0,,,,,Y,Y,A,07,0,1,0,0,0,0,0,0,0,"- ","- ",33.980980000000002,-118.39346999999999,"LOS ANGELES","LOS ANGELES",-118.39356979999999,33.980900630000001
90466623,2017,2017-05-30,9530,2017-05-19,1558,020349,,5,2,7,1942,0,1,3,,1,470,"SR-47 N/B TO HARBOR BLVD.","HARBOR BLVD.",150.00,W,N,A,-,Y,,,47,,,,R,,N,Y,4,0,3,5,A,-,01,23152,A,F,C,C,A,A,H,-,A,D,0,,,,,Y,Y,D,22,0,0,3,0,0,0,0,0,0,"- ","- ",33.748289999999997,-118.28149000000001,"LOS ANGELES","LOS ANGELES",-118.28149000000001,33.748289999999997
90466675,2017,2017-05-30,9530,2017-05-27,1810,021310,,6,2,9,1900,0,3,5,,2,002,"ROSECRANS AVE. (14300 BLOCK)","AVALON BLVD.",0.00,,Y,A,-,N,,,,,,,,,,Y,4,0,1,2,A,-,01,23152,A,N,A,C,A,A,H,-,A,A,0,,,,,Y,Y,A,01,0,0,1,0,0,0,0,0,0,"- ","- ",33.902000000000001,-118.26519999999999,"LOS ANGELES",UNINCORPORATED,-118.26528002000001,33.902140039999999
90468764,2017,2017-06-01,9525,2017-05-19,2350,020636,,5,3,9,1900,0,3,5,,2,002,"ROCKVALE AVE (5700 BLOCK)","BELLEFONT DR.",30.00,N,N,A,-,N,,,,,,,,,,Y,3,0,1,3,A,-,01,23152,A,N,B,E,A,A,H,-,C,D,0,,,,,Y,Y,D,22,0,1,0,0,0,0,0,0,0,"- ","- ",34.117069999999998,-117.89637999999999,"LOS ANGELES",UNINCORPORATED,-117.89640884000001,34.117242240000003
9046945,2020,2020-02-20,1907,2020-01-18,1902,241,,6,5,4,1907,0,0,0,,0,,"SALT LAKE AV","BELL AV",47.00,S,N,A,-,N,,,,,,,,,,Y,3,0,1,2,A,-,01,23152,A,N,D,C,A,A,H,-,C,D,0,,,,,Y,Y,A,01,0,1,0,0,0,0,0,0,0,"- ","- ",33.976230621337891,-118.20419311523438,"LOS ANGELES",BELL,-118.20420074462891,33.976112365722656
90470582,2017,2017-06-05,9540,2017-05-13,2305,021361,,6,3,9,1900,0,1,1,,2,510,"I-5 N/B GOLDEN STATE FREEWAY","TEMPLIN HIGHWAY",9504.00,S,N,A,-,Y,,,5,,,,,,N,Y,4,0,1,1,A,-,01,23152,A,N,E,I,A,A,H,-,D,D,0,,,,,Y,Y,D,22,0,0,1,0,0,0,0,0,0,"- ","- ",34.548839999999998,-118.66816,"LOS ANGELES",UNINCORPORATED,-118.66823539000001,34.548760870000002
90470967,2017,2017-06-05,9590,2017-06-03,1500,017520,,6,2,7,1942,0,1,1,,2,050,"I-110 N/B (HAF)","VERNON AVE.",250.00,S,N,A,-,Y,,,,,,,,,,Y,3,0,2,4,A,-,01,23152,A,F,C,C,A,A,H,-,A,D,0,,,,,Y,Y,D,22,0,1,1,0,0,0,0,0,0,"- ","- ",33.226559999999999,-118.55231000000001,"LOS ANGELES","LOS ANGELES",-118.28104,34.003084370000003
90471075,2017,2017-06-05,9545,2017-05-29,0140,020244,,1,3,6,1992,0,1,3,,2,021,"SR-14 N/B","AVENUE M",265.00,S,N,A,-,Y,,,14,,,,,,N,Y,2,0,4,2,A,-,01,23152,A,N,C,C,A,A,H,-,C,D,0,,,,,Y,Y,A,01,1,1,2,0,0,0,0,0,0,"- ","- ",34.645890000000001,-118.15308,"LOS ANGELES",LANCASTER,-118.15308755,34.645889940000004
9047299,2020,2020-05-29,1942,2020-02-13,1805,42106,1969,4,5,7,1942,0,0,0,,0,19X64,"OSBORNE ST","BARTEE AV",0.00,E,N,A,-,N,,,,,,,,,,N,4,0,1,2,A,-,01,23152,A,N,D,E,A,A,H,-,C,D,0,,,,,Y,Y,A,01,0,0,1,0,0,0,0,0,0,"- ","- ",,,"LOS ANGELES","LOS ANGELES",-118.42446136474609,34.243270874023438
90477239,2017,2017-06-13,9580,2017-06-04,2053,021187,,7,2,7,1942,0,1,2,,2,101,"US-101 S/B (VENTURA FREEWAY)","TUJUNGA AVE",200.00,N,N,A,-,Y,,,101,,,,,,S,Y,3,0,1,1,A,-,01,23152,A,N,F,A,A,A,H,-,D,D,0,,,Y,,Y,Y,C,02,0,1,0,0,0,0,0,0,1,"- ","- ",34.154170000000001,-118.37979,"LOS ANGELES","LOS ANGELES",-118.37978766000001,34.154180519999997
90479006,2017,2017-06-15,9525,2017-06-11,1230,019506,,7,1,1,1932,0,1,3,,2,601,"SR-60 W/B TO FAIRWAY DR","FAIRWAY DR.",275.00,E,N,A,-,Y,,,60,,,,R,,W,Y,3,0,1,3,A,-,03,22350,,N,C,C,A,A,H,-,A,D,0,,,,,Y,Y,A,01,0,1,0,0,0,0,0,0,0,"- ","- ",33.99682,-117.86936,"LOS ANGELES",INDUSTRY,-117.86936,33.99682
9047944,2020,2020-09-25,1976,2020-02-06,1223,419,,4,5,5,1976,0,0,0,,0,003,"WHITTIER BL","OCEAN VIEW AV",534.00,E,N,A,-,Y,LA,7,72,-,-,2.650,H,-,S,Y,4,0,3,2,A,-,01,23152,A,N,B,E,A,A,H,-,A,D,0,,,,,Y,Y,D,23,0,0,3,0,0,0,0,0,0,"- ","- ",,,"LOS ANGELES",WHITTIER,-118.01832580566406,33.954929351806641
90482374,2017,2017-06-21,9565,2017-06-19,2220,021578,,1,3,9,1900,0,2,4,,2,023,"WESTERN AVE. (N/B)","LA SOUTHWEST COLLEGE",20.00,S,N,A,-,N,,,,,,,,,,Y,4,0,1,2,A,-,01,23152,A,N,C,C,A,A,H,-,C,A,0,,,,,Y,Y,A,01,0,0,1,0,0,0,0,0,0,"- ","- ",33.929220000000001,-118.30896,"LOS ANGELES",UNINCORPORATED,-118.308981,33.929186999999999
90483907,2017,2017-06-22,9565,2017-05-21,0625,021002,,7,1,7,1942,0,1,1,,2,083,"I-10 W/B TO OVERLAND AVE. (S.M. FWY)","OVERLAND AVE.",423.00,E,N,A,-,Y,,,,,,,,,,Y,3,0,1,1,A,-,01,23152,A,N,E,I,A,A,H,-,A,D,0,,,Y,,Y,Y,C,02,0,1,0,0,0,0,0,0,1,"- ","- ",34.158709999999999,-118.24584,"LOS ANGELES","LOS ANGELES",-118.41577642,34.031910000000003
90487105,2017,2017-06-26,9590,2017-05-10,0135,021667,,3,3,7,1942,0,1,2,,2,071,"US-101 S/B (HOLLYWOOD FREEWAY)","N. BEAUDRY AVENUE",70.00,N,N,A,-,Y,,,101,,,,,,S,Y,4,0,5,3,A,-,01,23152,A,N,C,C,A,A,G,-,C,D,0,,,,,Y,Y,A,01,0,0,5,0,0,0,0,0,0,"- ","- ",34.064259999999997,-118.25063,"LOS ANGELES","LOS ANGELES",-118.25062051,34.064273190000002
90487257,2017,2017-06-26,9550,2017-06-22,1935,021410,,4,2,5,1919,0,1,3,,2,091,"STATE ROUTE 91 (ARTESIA FREEWAY) W/B","I-605 (SAN GABRIEL RIVER FREEWAY)",1000.00,E,N,A,-,Y,,,91,,,,,,W,Y,4,0,1,3,A,-,01,23152,A,N,C,C,A,A,H,-,B,D,0,,,,,Y,Y,D,22,0,0,1,0,0,0,0,0,0,"- ","- ",33.876629999999999,-118.09456,"LOS ANGELES",CERRITOS,-118.09455908,33.876406199999998
90487688,2017,2017-06-26,9545,2017-06-24,2120,020524,,6,2,6,1992,0,3,5,,2,001,"AVENUE L-10","50TH ST  W",444.00,E,N,A,-,N,,,,,,,,,,Y,3,0,1,3,A,-,01,23152,A,N,B,E,A,A,H,-,D,D,0,,,,,Y,Y,A,01,0,1,0,0,0,0,0,0,0,"- ","- ",34.651119999999999,-118.21696,"LOS ANGELES",LANCASTER,-118.217061,34.651046999999998
90488498,2017,2017-06-27,9545,2017-06-16,1930,018420,,5,2,9,1900,0,3,5,,2,004,"240TH ST  E","AVENUE K",1056.00,N,N,A,-,N,,,,,,,,,,Y,3,0,1,1,A,-,01,23152,A,N,E,A,A,A,H,-,A,D,0,,,,,Y,Y,A,01,0,1,0,0,0,0,0,0,0,"- ","- ",34.677759999999999,-117.70258,"LOS ANGELES",UNINCORPORATED,-117.7025,34.678213839999998
9048889,2018,2020-02-25,1910,2018-03-07,0049,04940,,3,5,4,1910,0,0,0,,0,005,"WILSHIRE BL","S LINDEN DR",30.00,W,N,A,-,N,,,,,,,,,,Y,3,0,6,2,A,-,01,23153,A,N,C,C,A,A,H,-,C,A,0,,,,,Y,Y,-,,0,1,5,0,0,0,0,0,0,"- ","- ",,,"LOS ANGELES","BEVERLY HILLS",-118.40789031982422,34.067081451416016
9048942,2018,2020-02-25,1910,2018-07-07,0318,05031,,6,5,4,1910,0,0,0,,0,009,"WILSHIRE BL","MAPLE DR",0.00,,Y,A,-,N,,,,,,,,,,Y,4,0,4,2,A,-,01,23152,A,N,B,C,A,A,H,-,C,D,0,,,,,Y,Y,A,01,0,0,4,0,0,0,0,0,0,"- ","- ",34.076000213623047,-118.39279937744141,"LOS ANGELES","BEVERLY HILLS",-118.39353179931641,34.067058563232422
90489932,2017,2017-06-28,9550,2017-06-23,0500,021486,,5,3,7,1941,0,1,3,,2,090,"SR-91 E/B","CHERRY AVENUE",200.00,W,N,A,-,Y,,,91,,,,,,E,Y,3,0,1,2,A,-,08,22107,,N,D,C,A,A,H,-,B,D,0,,,,,Y,Y,A,01,0,1,0,0,0,0,0,0,0,"- ","- ",33.875979999999998,-118.16930000000001,"LOS ANGELES","LONG BEACH",-118.16927524,33.876141769999997
90491507,2017,2017-06-30,9525,2017-06-25,0214,020544,,7,3,4,1946,0,1,1,,2,202,"I-210 E/B (FOOTHILL FWY)","MOUNTAIN AVE",155.00,W,N,A,-,Y,,,210,,,,,,E,Y,3,0,3,2,A,-,03,22350,,N,C,C,A,A,D,-,C,D,0,,,,,Y,Y,A,01,0,1,2,0,0,0,0,0,0,"- ","- ",34.135339999999999,-117.98701,"LOS ANGELES",MONROVIA,-117.98701010000001,34.13534962