CASE_ID,ACCIDENT_YEAR,PROC_DATE,JURIS,COLLISION_DATE,COLLISION_TIME,OFFICER_ID,REPORTING_DISTRICT,DAY_OF_WEEK,CHP_SHIFT,POPULATION,CNTY_CITY_LOC,SPECIAL_COND,BEAT_TYPE,CHP_BEAT_TYPE,CITY_DIVISION_LAPD,CHP_BEAT_CLASS,BEAT_NUMBER,PRIMARY_RD,SECONDARY_RD,DISTANCE,DIRECTION,INTERSECTION,WEATHER_1,WEATHER_2,STATE_HWY_IND,CALTRANS_COUNTY,CALTRANS_DISTRICT,STATE_ROUTE,ROUTE_SUFFIX,POSTMILE_PREFIX,POSTMILE,LOCATION_TYPE,RAMP_INTERSECTION,SIDE_OF_HWY,TOW_AWAY,COLLISION_SEVERITY,NUMBER_KILLED,NUMBER_INJURED,PARTY_COUNT,PRIMARY_COLL_FACTOR,PCF_CODE_OF_VIOL,PCF_VIOL_CATEGORY,PCF_VIOLATION,PCF_VIOL_SUBSECTION,HIT_AND_RUN,TYPE_OF_COLLISION,MVIW,PED_ACTION,ROAD_SURFACE,ROAD_COND_1,ROAD_COND_2,LIGHTING,CONTROL_DEVICE,CHP_ROAD_TYPE,PEDESTRIAN_ACCIDENT,BICYCLE_ACCIDENT,MOTORCYCLE_ACCIDENT,TRUCK_ACCIDENT,NOT_PRIVATE_PROPERTY,ALCOHOL_INVOLVED,STWD_VEHTYPE_AT_FAULT,CHP_VEHTYPE_AT_FAULT,COUNT_SEVERE_INJ,COUNT_VISIBLE_INJ,COUNT_COMPLAINT_PAIN,COUNT_PED_KILLED,COUNT_PED_INJURED,COUNT_BICYCLIST_KILLED,COUNT_BICYCLIST_INJURED,COUNT_MC_KILLED,COUNT_MC_INJURED,PRIMARY_RAMP,SECONDARY_RAMP,LATITUDE,LONGITUDE,COUNTY,CITY,POINT_X,POINT_Y
90578691,2017,2017-10-25,9550,2017-04-16,0403,021410,,7,3,3,1964,0,1,1,,2,501,"INTERSTATE 5 SOUTHBOUND","ALONDRA BOULEVARD",531.00,S,N,A,-,Y,,,5,,,,,,S,Y,1,1,0,2,A,-,03,22350,,N,C,C,A,A,H,-,C,D,0,,,,,Y,Y,A,01,0,0,0,0,0,0,0,0,0,"- ","- ",33.885219999999997,-118.03104999999999,"LOS ANGELES","SANTA FE SPRINGS",-118.03106925,33.885184260000003
90580874,2017,2017-12-14,9545,2017-10-17,1640,018033,,2,2,9,1900,0,1,3,,1,042,"SR-138 E/B (PEARBLOSSOM HIGHWAY)","LARGO VISTA RD",60.00,W,N,A,-,Y,,,138,,,,,,E,N,4,0,1,2,A,-,01,23152,A,N,C,C,A,A,H,-,A,D,0,,,,,Y,Y,A,01,0,0,1,0,0,0,0,0,0,"- ","- ",34.498629999999999,-117.76546,"LOS ANGELES",UNINCORPORATED,-117.76546009,34.498701619999999
90581294,2017,2017-10-27,9575,2017-10-18,0218,020492,,3,3,9,1900,0,1,1,,2,062,"I-210 W/B (FOOTHILL FREEWAY)","ROSEMONT AVE",100.00,W,N,A,-,Y,,,210,,,,,,W,Y,3,0,2,2,A,-,07,21658,A,N,C,C,A,A,H,-,C,D,0,,,,Y,Y,Y,A,01,0,1,1,0,0,0,0,0,0,"- ","- ",34.215719999999997,-118.23461,"LOS ANGELES",UNINCORPORATED,-118.23461979,34.215703699999999
90582615,2017,2017-10-30,9550,2017-10-22,0520,020969,,7,3,5,1919,0,1,1,,2,652,"INTERSTATE 605 (N/B)","ARTESIA BOULEVARD",135.00,S,N,A,-,Y,,,605,,,,,,,Y,3,0,1,1,A,-,01,23152,A,N,E,I,A,A,H,-,C,D,0,,,,,Y,Y,A,01,0,1,0,0,0,0,0,0,0,"- ","- ",33.87321,-118.10057,"LOS ANGELES",CERRITOS,-118.10112114,33.873001539999997
9058406,2020,2020-07-08,1942,2020-03-20,2055,42251,1025,5,5,7,1942,0,0,0,J,0,10A21,"ETIWANDA AV 206","HART AV",317.00,N,N,A,-,N,,,,,,,,,,Y,3,0,1,3,A,-,01,23152,A,N,C,E,A,A,H,-,C,D,0,,,,,Y,Y,D,22,0,1,0,0,0,0,0,0,0,"- ","- ",,,"LOS ANGELES","LOS ANGELES",,
90586358,2017,2017-11-02,9590,2017-10-14,0400,021767,,6,3,7,1942,0,1,1,,2,065,"I-10 W/B (SANTA MONICA FREEWAY)","HOOPER AVE.",200.00,W,N,A,-,Y,,,10,,,,,,W,Y,3,0,1,1,A,-,01,23152,A,N,E,I,A,A,H,-,C,D,0,,,,,Y,Y,A,01,0,1,0,0,0,0,0,0,0,"- ","- ",34.024259999999998,-118.2453,"LOS ANGELES","LOS ANGELES",-118.24535066,34.024092189999998
90587837,2017,2017-11-06,9580,2017-11-04,0122,020832,,6,3,7,1942,0,1,2,,2,104,"US-101 N/B (VENTURA FREEWAY)","DE SOTO AVE",1901.00,S,N,A,-,Y,,,101,,,,,,N,Y,2,0,2,2,A,-,01,23152,A,N,E,I,A,A,H,-,C,D,0,,,,,Y,Y,A,01,1,1,0,0,0,0,0,0,0,"- ","- ",34.168520000000001,-118.58171,"LOS ANGELES","LOS ANGELES",-118.58170126,34.168478890000003
90588502,2017,2017-11-06,9575,2017-10-25,0011,020492,,3,3,6,1953,0,1,1,,2,064,"I-210 E/B (FOOTHILL FREEWAY)","SAN GABRIEL BLVD",500.00,E,N,A,-,Y,,,210,,,,,,E,Y,3,0,1,1,A,-,01,23152,A,N,E,I,A,A,H,-,C,D,0,,,,,Y,Y,A,07,0,1,0,0,0,0,0,0,0,"- ","- ",34.152070000000002,-118.09242999999999,"LOS ANGELES",PASADENA,-118.09245222,34.151984149999997
90590000,2017,2017-11-08,9530,2017-11-07,1730,020583,,2,2,9,1900,0,3,5,,2,001,"NADEAU ST.","MARBRISA AVE.",0.00,,Y,A,-,N,,,,,,,,,,Y,4,0,4,2,A,-,01,23152,A,N,C,C,A,A,H,-,C,D,0,,,,,Y,Y,A,01,0,0,4,0,0,0,0,0,0,"- ","- ",33.967449999999999,-118.23151,"LOS ANGELES",UNINCORPORATED,-118.23149005,33.967470050000003
90592553,2017,2017-11-13,9540,2017-11-03,0528,021869,,5,3,7,1942,0,1,1,,2,213,"INTERSTATE 210 (E/B) (FOOTHILL FREEWAY)","HARDING STREET PED. CROSSING",640.00,W,N,B,-,Y,,,210,,,,,,,Y,3,0,1,1,A,-,01,23152,A,N,F,A,A,A,H,-,D,D,0,,,,,Y,Y,A,07,0,1,0,0,0,0,0,0,0,"- ","- ",34.302700000000002,-118.42332999999999,"LOS ANGELES","LOS ANGELES",-118.42329622,34.302737749999999
90593395,2017,2017-11-13,9565,2017-11-10,1125,021603,,5,1,7,1942,0,1,1,,2,083,"I-10 E/B (SANTA MONICA FREEWAY)","NATIONAL BLVD",220.00,E,N,A,-,Y,,,10,,,,,,E,Y,3,0,1,2,A,-,01,23152,A,N,C,C,A,A,H,-,A,D,0,,,,,Y,Y,A,01,0,1,0,0,0,0,0,0,0,"- ","- ",34.031570000000002,-118.39005,"LOS ANGELES","LOS ANGELES",-118.38992913,34.031360220000003
90596373,2017,2017-11-17,9525,2017-11-12,0315,020891,,7,3,6,1955,0,1,3,,2,571,"SR-57 S/B TO SR-71 S/B","I-10 E/B (SAN BERNARDINO FWY)",528.00,N,N,B,-,Y,,,,,,,,,,Y,3,0,1,1,A,-,01,23152,A,N,E,I,A,A,H,-,C,D,0,,,,,Y,Y,A,01,0,1,0,0,0,0,0,0,0,"- ","- ",34.0702,-117.80880000000001,"LOS ANGELES",POMONA,,
90597200,2017,2018-01-16,9550,2017-04-03,0337,021405,,1,3,5,1908,0,1,3,,2,091,"STATE ROUTE 91 WESTBOUND","LAKEWOOD BOULEVARD",215.00,W,N,A,-,Y,,,91,,,,,,W,Y,1,1,1,2,A,-,01,23152,A,N,C,C,A,A,H,-,C,D,0,,,,,Y,Y,A,07,0,0,1,0,0,0,0,0,0,"- ","- ",33.877279999999999,-118.14331,"LOS ANGELES",BELLFLOWER,-118.14330973,33.877238149999997
90597305,2017,2017-11-20,9590,2017-11-12,0415,021583,,7,3,7,1942,0,1,2,,2,071,"US-101 S/B (SANTA ANA FREEWAY)","ALAMEDA ST",625.00,S,N,A,-,Y,,,101,,,,,,S,Y,3,0,1,2,A,-,01,23152,A,N,C,C,A,A,H,-,C,D,0,,,,,Y,Y,A,01,0,1,0,0,0,0,0,0,0,"- ","- ",34.053629999999998,-118.23638,"LOS ANGELES","LOS ANGELES",-118.23637479,34.053719790000002
90605823,2017,2017-11-30,9530,2017-11-17,2006,021623,,5,2,9,1900,0,3,5,,2,001,"88TH PL.","HOOPER AVE.",0.00,,Y,A,-,N,,,,,,,,,,Y,4,0,2,2,A,-,01,23152,A,N,D,C,A,A,H,-,D,D,0,,,,,Y,Y,D,22,0,0,2,0,0,0,0,0,0,"- ","- ",33.956499999999998,-118.254,"LOS ANGELES",UNINCORPORATED,-118.25404007,33.956510109999996
90607689,2017,2017-12-01,9580,2017-11-17,1500,021257,,5,2,7,1942,0,1,2,,2,102,"US-101 N/B (VENTURA FREEWAY)","VAN NUYS BLVD.",500.00,S,N,A,-,Y,,,101,,,,,,N,Y,4,0,1,2,A,-,01,23152,A,M,C,C,A,A,H,-,A,D,0,,,,,Y,Y,A,01,0,0,1,0,0,0,0,0,0,"- ","- ",34.155540000000002,-118.44476,"LOS ANGELES","LOS ANGELES",-118.44476693999999,34.155509719999998
90608622,2017,2017-12-04,9590,2017-11-19,1505,021671,,7,2,7,1942,0,1,1,,2,063,"I-10 W/B (SANTA MONICA FREEWAY)","VERMONT AVENUE",550.00,E,N,A,-,Y,,,10,,,,,,W,Y,3,0,2,2,A,-,01,23152,A,N,E,C,A,A,H,-,A,D,0,,,,,Y,Y,A,01,0,2,0,0,0,0,0,0,0,"- ","- ",34.037239999999997,-118.29043,"LOS ANGELES","LOS ANGELES",-118.29043230000001,34.037050180000001
9060956,2020,2020-06-17,1942,2020-02-01,1846,43202,1794,6,5,7,1942,0,0,0,Q,0,17X66,"LINDLEY AV","CHASE ST",500.00,S,N,A,-,N,,,,,,,,,,N,4,0,2,4,A,-,09,21801,B,N,D,C,A,A,H,-,C,D,0,,,,,Y,Y,-,"- ",0,0,2,0,0,0,0,0,0,"- ","- ",,,"LOS ANGELES","LOS ANGELES",-118.52735137939453,34.223217010498047
9061074,2020,2020-05-21,1925,2020-02-19,2109,22553,149,3,5,6,1925,0,0,0,,0,004,"CHEVY CHASE DR","EMERALD ISLE DR",125.00,S,N,A,-,N,,,,,,,,,,Y,4,0,1,2,A,-,05,21651,B,F,B,C,A,A,H,-,D,D,0,,,,,Y,Y,-,,0,0,1,0,0,0,0,0,0,"- ","- ",,,"LOS ANGELES",GLENDALE,-118.19906616210938,34.178218841552734
90612223,2017,2018-01-31,9530,2017-07-28,2305,021528,,5,3,9,1900,0,3,5,,2,002,"MAIN ST.","ROSECRANS AVE.",0.00,,Y,A,-,N,,,,,,,,,,Y,1,1,3,2,A,-,01,23152,A,F,D,C,A,A,H,-,C,A,0,,,,,Y,Y,A,01,1,1,1,0,0,0,0,0,0,"- ","- ",33.90204,-118.27409,"LOS ANGELES",UNINCORPORATED,-118.27408011,33.901950110000001
90612366,2017,2017-12-07,9580,2017-12-03,2249,020876,,7,3,7,1942,0,1,2,,2,100,"US-101 N/B (HOLLYWOOD FREEWAY)","CAMPO DE CAHUENGA",400.00,S,N,A,-,Y,,,101,,,,,,N,Y,3,0,4,2,A,-,01,23152,A,F,E,J,A,A,H,-,D,D,0,,,,Y,Y,Y,A,01,0,1,3,0,0,0,0,0,0,"- ","- ",34.138469999999998,-118.36363,"LOS ANGELES","LOS ANGELES",-118.36365805,34.138434889999999
90612931,2017,2017-12-08,9530,2017-12-01,1745,021842,,5,2,7,1941,0,1,1,,2,420,"I-405 N/B (SAN DIEGO FREEWAY)","PACIFIC PL",650.00,S,N,A,-,Y,,,405,,,,,,N,Y,4,0,1,2,A,-,03,22350,,N,C,C,A,A,H,-,C,D,0,,,,,Y,Y,A,01,0,0,1,0,0,0,0,0,0,"- ","- ",33.822189999999999,-118.1965,"LOS ANGELES","LONG BEACH",-118.19650149,33.822187020000001
90613409,2017,2018-03-20,9535,2017-11-26,0215,021363,,7,3,5,1959,0,1,1,,2,401,"I-10 W/B TO TEMPLE CITY BLVD OFF-RAMP","TEMPLE CITY BLVD",50.00,E,N,E,-,Y,,,10,,,,R,,W,Y,4,0,1,1,A,-,08,22107,,M,E,I,A,A,H,-,C,D,0,,,,,Y,Y,A,01,0,0,1,0,0,0,0,0,0,"- ","- ",34.072699999999998,-118.0574,"LOS ANGELES",ROSEMEAD,-118.0574,34.072699999999998
90613647,2017,2017-12-11,9530,2017-11-19,1745,021465,,7,2,7,1941,0,1,1,,2,420,"I-405 N/B TO CHERRY AVE.","CHERRY AVE.",334.00,S,N,A,-,Y,,,405,,,,R,,N,Y,3,0,1,1,A,-,01,23152,A,N,E,I,A,A,H,-,C,D,0,,,,,Y,Y,A,01,0,1,0,0,0,0,0,0,0,"- ","- ",33.813800000000001,-118.16641,"LOS ANGELES","LONG BEACH",-118.16641,33.813800000000001
90614215,2017,2017-12-11,9530,2017-12-09,1800,021325,,6,2,9,1900,0,3,5,,2,001,"MOUNTAIN VIEW AVE. (7300 BLOCK)","WALNUT ST.",135.00,S,N,A,-,N,,,,,,,,,,Y,4,0,3,2,A,-,01,23152,A,N,C,C,A,A,H,-,C,D,0,,,,,Y,Y,A,07,0,0,3,0,0,0,0,0,0,"- ","- ",33.972160000000002,-118.21767,"LOS ANGELES",UNINCORPORATED,-118.21770314,33.972162439999998
90615469,2017,2017-12-12,9565,2017-12-03,0450,021761,,7,3,9,1900,0,3,5,,2,004,"LENNOX BLVD","FIRMONA AVE.",153.00,W,N,A,-,N,,,,,,,,,,Y,3,0,1,3,A,-,01,23152,A,N,B,E,A,A,H,-,C,D,0,,,,,Y,Y,A,01,0,1,0,0,0,0,0,0,0,"- ","- ",33.938189999999999,-118.35742,"LOS ANGELES",UNINCORPORATED,-118.35750348000001,33.93817
90615852,2017,2017-12-12,9580,2017-11-30,0925,014900,,4,1,7,1942,0,1,2,,2,104,"US-101 N/B (VENTURA FREEWAY)","VENTURA BLVD.",1584.00,S,N,A,-,Y,,,101,,,,,,N,Y,4,0,1,2,A,-,08,22107,,N,E,I,A,A,H,-,A,D,0,,,,,Y,Y,A,01,0,0,1,0,0,0,0,0,0,"- ","- ",34.170789999999997,-118.60824,"LOS ANGELES","LOS ANGELES",-118.60824335,34.170822350000002
90619071,2017,2017-12-18,9590,2017-12-09,0320,019110,,6,3,7,1942,0,1,1,,2,053,"I-110 S/B (HARBOR FREEWAY)","30TH STREET",400.00,S,N,A,-,Y,,,110,,,,,,S,Y,3,0,2,3,A,-,01,23152,A,N,C,C,A,A,H,-,C,D,0,,,,,Y,Y,A,01,0,2,0,0,0,0,0,0,0,"- ","- ",34.023800000000001,-118.2769,"LOS ANGELES","LOS ANGELES",-118.27677696000001,34.023737029999999
90619148,2017,2017-12-18,9530,2017-12-15,0015,021310,,5,3,9,1900,0,3,5,,2,001,"FLORENCE AVE. (1100 BLOCK)","CENTRAL AVE.",40.00,E,N,A,-,N,,,,,,,,,,Y,3,0,2,2,A,-,01,23152,A,N,C,C,A,A,H,-,C,A,0,,,,,Y,Y,D,22,0,1,1,0,0,0,0,0,0,"- ","- ",33.974800000000002,-118.25617,"LOS ANGELES",UNINCORPORATED,-118.25632833,33.974760000000003
90619235,2017,2017-12-21,9535,2017-11-14,2135,021119,,2,2,9,1900,0,3,5,,2,002,"DOWNEY RD (800 BLOCK)","WHITTIER BLVD",250.00,N,N,A,-,N,,,,,,,,,,Y,4,0,1,2,A,-,01,23152,A,N,C,E,A,A,H,-,C,D,0,,,,,Y,Y,A,01,0,0,1,0,0,0,0,0,0,"- ","- ",34.025190000000002,-118.18013000000001,"LOS ANGELES",UNINCORPORATED,-118.18007445000001,34.024625550000003
90620704,2017,2017-12-19,9530,2017-12-07,1700,021089,,4,2,9,1900,0,3,5,,2,001,"FIRESTONE BLVD.","COMPTON AVE.",0.00,,Y,A,-,N,,,,,,,,,,N,4,0,1,2,A,-,10,21950,A,N,G,B,A,A,H,-,C,A,0,,Y,,,Y,Y,A,01,0,0,1,0,0,0,1,0,0,"- ","- ",33.9602,-118.24769000000001,"LOS ANGELES",UNINCORPORATED,-118.24745,33.96015001
9062561,2020,2020-03-27,1941,2020-02-16,1955,10008,,7,5,7,1941,0,0,0,,0,,"SOUTH ST","ORANGE AV",0.00,,Y,A,-,N,,,,,,,,,,N,3,0,1,2,A,-,08,22107,,F,H,G,A,A,H,-,C,A,0,,Y,,,Y,Y,A,,0,1,0,0,0,0,1,0,0,"- ","- ",,,"LOS ANGELES","LONG BEACH",-118.17729949951172,33.860111236572266
90627196,2017,2017-12-27,9540,2017-12-24,0151,021464,,7,3,7,1942,0,1,1,,1,503,"I-5 S/B (GOLDEN STATE FREEWAY)","BALBOA BLVD.",2112.00,N,N,A,-,Y,,,5,,,,,,S,Y,3,0,1,1,A,-,01,23152,A,N,E,I,A,A,D,-,C,D,0,,,,,Y,Y,A,01,0,1,0,0,0,0,0,0,0,"- ","- ",34.323360000000001,-118.50062,"LOS ANGELES","LOS ANGELES",-118.50062787,34.32334633
90628273,2017,2019-03-29,9540,2017-08-26,1740,019337,,6,2,9,1900,0,1,3,,2,146,"SR-14 N/B FROM AGUA DULCE CANYON ROAD","AGUA DULCE CYN RD",487.00,N,N,A,-,Y,,,14,,,,R,,N,Y,1,1,0,1,A,-,08,22107,,N,E,I,A,A,H,-,A,D,0,,,,,Y,Y,A,07,0,0,0,0,0,0,0,0,0,"- ","- ",34.466430000000003,-118.32783999999999,"LOS ANGELES",UNINCORPORATED,-118.32783999999999,34.466430000000003
90628720,2017,2017-12-28,9550,2017-12-17,0209,020861,,7,3,1,1932,0,1,1,,2,650,"I-605 SOUTHBOUND","PECK ROAD",100.00,S,N,A,-,Y,,,605,,,,,,S,Y,3,0,1,2,A,-,01,23152,A,N,C,C,A,A,H,-,D,D,0,,,,,Y,Y,A,01,0,1,0,0,0,0,0,0,0,"- ","- ",34.027099999999997,-118.03804,"LOS ANGELES",INDUSTRY,-118.03806365,34.027139660000003
90630823,2017,2018-02-19,9575,2017-12-22,1951,021283,,5,2,9,1900,0,2,4,,2,085,"COLORADO BLVD. (3800 BLOCK)","MERLON AVE.",129.00,W,N,A,-,N,,,,,,,,,,Y,3,0,1,2,A,-,01,23152,A,N,C,C,A,A,H,-,C,A,0,,,Y,,Y,Y,A,01,0,1,0,0,0,0,0,0,1,"- ","- ",34.146659999999997,-118.06993,"LOS ANGELES",UNINCORPORATED,-118.06992987,34.146667489999999
90636049,2017,2018-01-09,9530,2017-12-30,0037,021038,,6,3,9,1900,0,3,5,,2,001,"HOOPER AVE. (8400 BLOCK)","84TH PL.",27.00,S,N,A,-,N,,,,,,,,,,N,3,0,1,3,A,-,01,23152,A,M,B,C,A,A,H,-,C,A,0,,,,,Y,Y,A,01,0,1,0,0,0,0,0,0,0,"- ","- ",33.962809999999998,-118.25403,"LOS ANGELES",UNINCORPORATED,-118.25402108999999,33.961905960000003
90637726,2018,2018-01-11,9590,2018-01-06,0355,021848,,6,3,7,1942,0,1,1,,2,081,"I-5 S/B (GOLDEN STATE FREEWAY)","4TH STREET",900.00,S,N,B,-,Y,,,5,,,,,,S,Y,3,0,2,2,A,-,01,23152,A,N,C,C,A,A,D,-,C,D,0,,,,,Y,Y,A,01,0,1,1,0,0,0,0,0,0,"- ","- ",34.040470123291016,-118.21898651123047,"LOS ANGELES","LOS ANGELES",-118.21897125244141,34.040458679199219
90637792,2017,2018-01-11,9530,2017-12-29,2345,021458,,5,3,7,1942,0,1,1,,2,120,"I-110 N/B (HARBOR FREEWAY)","LOMITA BLVD.",50.00,S,N,B,-,Y,,,110,,,,,,N,Y,3,0,1,2,A,-,07,21658,A,F,B,C,A,A,H,-,C,D,0,,,,,Y,Y,-,99,0,1,0,0,0,0,0,0,0,"- ","- ",33.798000000000002,-118.28704,"LOS ANGELES","LOS ANGELES",-118.28697902,33.798058040000001
90639586,2018,2018-01-15,9575,2018-01-06,0205,021925,,6,3,6,1925,0,1,3,,2,042,"SR-134 E/B (VENTURA FREEWAY)","GLENDALE AVENUE",1900.00,E,N,A,-,Y,,,134,,,,,,E,Y,4,0,1,1,A,-,01,23152,A,N,E,I,A,A,H,-,C,D,0,,,,,Y,Y,A,01,0,0,1,0,0,0,0,0,0,"- ","- ",34.152488708496094,-118.23689270019531,"LOS ANGELES",GLENDALE,-118.23690032958984,34.152473449707031
9064025,2020,2020-03-13,1900,2020-01-01,0040,522462,1414,3,5,1,1932,0,0,0,,0,141T1,"HACIENDA BL","NELSON AV",0.00,,Y,A,-,N,,,,,,,,,,Y,2,0,1,2,A,-,01,23152,A,N,E,I,A,A,-,-,C,A,0,,,,,Y,Y,A,01,1,0,0,0,0,0,0,0,0,"- ","- ",34.026199340820312,-117.95784759521484,"LOS ANGELES",INDUSTRY,-117.95770263671875,34.026329040527344
90642862,2017,2018-01-18,9530,2017-11-23,0213,015372,,4,3,7,1941,0,1,3,,2,320,"SR-91 W/B (ARTESIA FREEWAY)",I-710,782.00,E,N,A,-,Y,,,91,,,,,,W,Y,3,0,2,2,A,-,03,22350,,N,A,C,A,A,H,-,C,D,0,,,,,Y,Y,A,08,0,1,1,0,0,0,0,0,0,"- ","- ",33.876640000000002,-118.18983,"LOS ANGELES","LONG BEACH",-118.18982672999999,33.876622150000003
9064409,2020,2020-03-24,1942,2020-02-08,2140,38265,1313,6,5,7,1942,0,0,0,M,0,13A13,"SAN PEDRO ST","PICO BL",3.00,S,N,A,-,N,,,,,,,,,,Y,4,0,2,2,A,-,01,23152,A,F,C,C,A,A,H,-,C,A,0,,,,,Y,Y,A,01,0,0,2,0,0,0,0,0,0,"- ","- ",,,"LOS ANGELES","LOS ANGELES",-118.25400543212891,34.032764434814453
90645233,2018,2018-01-23,9575,2018-01-13,0520,021685,,6,3,5,1902,0,1,1,,2,065,"I-210 E/B (FOOTHILL FREEWAY)","SANTA ANITA AVE.",880.00,E,N,A,-,Y,,,210,,,,,,E,Y,3,0,1,1,A,-,01,23152,A,N,E,I,A,A,H,-,C,D,0,,,,,Y,Y,A,01,0,1,0,0,0,0,0,0,0,"- ","- ",34.14630126953125,-118.02806091308594,"LOS ANGELES",ARCADIA,-118.02809143066406,34.146240234375
90645595,2018,2018-01-23,9580,2018-01-18,1116,015926,,4,1,9,1900,0,3,5,,1,010,"MUREAU RD","MOUNTAIN VIEW DR",157.00,E,N,A,-,N,,,,,,,,,,Y,2,0,1,2,A,-,03,22350,,N,C,G,A,A,H,-,A,D,0,,Y,,,Y,Y,A,07,1,0,0,0,0,0,1,0,0,"- ","- ",34.151889801025391,-118.67964935302734,"LOS ANGELES",UNINCORPORATED,-118.67961120605469,34.152030944824219
90647092,2018,2018-01-25,9550,2018-01-17,2235,019808,,3,3,5,1919,0,1,1,,2,652,"I-605 N/B",SR-91,1056.00,N,N,A,-,Y,,,,,,,,,,Y,3,0,1,1,A,-,01,23152,A,N,E,I,A,A,H,-,C,D,0,,,,,Y,Y,A,01,0,1,0,0,0,0,0,0,0,"- ","- ",33.524818420410156,-118.06130981445312,"LOS ANGELES",CERRITOS,-118.10198211669922,33.878288269042969
90647179,2017,2018-01-29,9535,2017-12-16,0300,020416,,6,3,5,1901,0,1,1,,2,421,"I-10 (SAN BERNARDINO FREEWAY) W/B","FREMONT AVE.",350.00,W,N,A,-,Y,,,10,,,,,,W,Y,2,0,1,1,A,-,01,23152,G,N,E,I,A,A,H,-,D,D,0,,,,,Y,Y,A,01,1,0,0,0,0,0,0,0,0,"- ","- ",34.06335,-118.16033,"LOS ANGELES",ALHAMBRA,-118.16051901,34.063829609999999
90649776,2018,2018-01-29,9575,2018-01-22,1245,021732,,1,1,6,1912,0,1,3,,2,044,"SR-134 W/B TO ALAMEDA AVE","ALAMEDA AVENUE",223.00,S,N,A,-,Y,,,134,,,,R,,W,Y,2,0,1,2,A,-,01,23152,A,N,C,C,A,A,H,-,A,D,0,,,Y,,Y,Y,C,02,1,0,0,0,0,0,0,0,1,"- ","- ",34.153999328613281,-118.33866882324219,"LOS ANGELES",BURBANK,-118.33866882324219,34.153999328613281
90650409,2018,2018-01-29,9590,2018-01-23,0040,020527,,2,3,7,1942,0,1,1,,2,085,"I-5 S/B (GOLDEN STATE FREEWAY)","SUNNYNOOK DR. PED. O/C",100.00,N,N,A,-,Y,,,5,,,,,,S,Y,3,0,1,1,A,-,01,23152,A,N,E,I,A,A,H,-,C,D,0,,,,,Y,Y,A,01,0,1,0,0,0,0,0,0,0,"- ","- ",34.115821838378906,-118.26894378662109,"LOS ANGELES","LOS ANGELES",-118.26884460449219,34.115867614746094
90650878,2018,2018-01-30,9565,2018-01-14,0001,021572,,7,3,7,1942,0,1,1,,2,064,"I-405 N/B (SAN DIEGO FREEWAY)","SEPULVEDA BLVD",50.00,N,N,A,-,Y,,,405,,,,,,N,Y,4,0,2,2,A,-,01,23152,A,N,B,C,A,A,H,-,C,D,0,,,,,Y,Y,A,01,0,0,2,0,0,0,0,0,0,"- ","- ",34.0968017578125,-118.47709655761719,"LOS ANGELES","LOS ANGELES",-118.47706604003906,34.096820831298828
90653694,2018,2018-02-02,9545,2018-01-26,2042,021851,,5,2,9,1900,0,3,5,,1,005,"177TH STREET EAST","SWEETAIRE AVE",528.00,N,N,A,-,N,,,,,,,,,,Y,3,0,2,4,A,-,01,23152,A,N,B,C,A,A,H,-,D,D,0,,,,,Y,Y,A,01,0,2,0,0,0,0,0,0,0,"- ","- ",34.620941162109375,-117.81491088867188,"LOS ANGELES",UNINCORPORATED,-117.81488037109375,34.618946075439453
90656801,2018,2018-02-07,9565,2018-01-14,0130,021761,,7,3,9,1900,0,2,4,,2,023,"WESTERN AVE. S/B","EL SEGUNDO BLVD.",207.00,N,N,A,-,N,,,,,,,,,,Y,4,0,1,2,A,-,01,23152,A,F,C,C,A,A,H,-,C,D,0,,,,,Y,Y,A,01,0,0,1,0,0,0,0,0,0,"- ","- ",33.945728302001953,-118.30903625488281,"LOS ANGELES",UNINCORPORATED,-118.30917358398438,33.9169921875
90658698,2018,2018-02-09,9525,2018-02-03,1715,020989,,6,2,4,1913,0,1,1,,2,110,"I-10 E/B (SAN BERNARDINO FWY)","INDIAN HILL BLVD",400.00,W,N,A,-,Y,,,10,,,,,,E,Y,3,0,1,1,A,-,01,23152,A,M,E,I,A,A,H,-,A,D,0,,,,,Y,Y,A,07,0,1,0,0,0,0,0,0,0,"- ","- ",34.081508636474609,-117.72074890136719,"LOS ANGELES",CLAREMONT,-117.72074890136719,34.081626892089844
90659392,2018,2018-02-12,9580,2018-02-04,1523,020811,,7,2,7,1942,0,1,2,,2,105,"US-101 S/B (VENTURA FREEWAY)","WINNETKA AVE",1500.00,N,N,A,-,Y,,,101,,,,,,S,Y,2,0,1,2,A,-,01,23152,A,N,B,C,A,A,H,-,A,D,0,,,Y,,Y,Y,C,02,1,0,0,0,0,0,0,0,1,"- ","- ",34.170658111572266,-118.57508087158203,"LOS ANGELES","LOS ANGELES",-118.57505035400391,34.170578002929688