CASE_ID,ACCIDENT_YEAR,PROC_DATE,JURIS,COLLISION_DATE,COLLISION_TIME,OFFICER_ID,REPORTING_DISTRICT,DAY_OF_WEEK,CHP_SHIFT,POPULATION,CNTY_CITY_LOC,SPECIAL_COND,BEAT_TYPE,CHP_BEAT_TYPE,CITY_DIVISION_LAPD,CHP_BEAT_CLASS,BEAT_NUMBER,PRIMARY_RD,SECONDARY_RD,DISTANCE,DIRECTION,INTERSECTION,WEATHER_1,WEATHER_2,STATE_HWY_IND,CALTRANS_COUNTY,CALTRANS_DISTRICT,STATE_ROUTE,ROUTE_SUFFIX,POSTMILE_PREFIX,POSTMILE,LOCATION_TYPE,RAMP_INTERSECTION,SIDE_OF_HWY,TOW_AWAY,COLLISION_SEVERITY,NUMBER_KILLED,NUMBER_INJURED,PARTY_COUNT,PRIMARY_COLL_FACTOR,PCF_CODE_OF_VIOL,PCF_VIOL_CATEGORY,PCF_VIOLATION,PCF_VIOL_SUBSECTION,HIT_AND_RUN,TYPE_OF_COLLISION,MVIW,PED_ACTION,ROAD_SURFACE,ROAD_COND_1,ROAD_COND_2,LIGHTING,CONTROL_DEVICE,CHP_ROAD_TYPE,PEDESTRIAN_ACCIDENT,BICYCLE_ACCIDENT,MOTORCYCLE_ACCIDENT,TRUCK_ACCIDENT,NOT_PRIVATE_PROPERTY,ALCOHOL_INVOLVED,STWD_VEHTYPE_AT_FAULT,CHP_VEHTYPE_AT_FAULT,COUNT_SEVERE_INJ,COUNT_VISIBLE_INJ,COUNT_COMPLAINT_PAIN,COUNT_PED_KILLED,COUNT_PED_INJURED,COUNT_BICYCLIST_KILLED,COUNT_BICYCLIST_INJURED,COUNT_MC_KILLED,COUNT_MC_INJURED,PRIMARY_RAMP,SECONDARY_RAMP,LATITUDE,LONGITUDE,COUNTY,CITY,POINT_X,POINT_Y
91342005,2020,2020-11-09,9545,2020-09-28,2035,020140,,1,2,9,1900,0,3,5,,1,006,"AVENUE L-8","45TH STREET WEST",0.00,,Y,A,-,N,,,,,,,,,,Y,2,0,2,4,A,-,01,23152,G,N,D,C,A,A,H,-,C,A,0,,,,,Y,Y,A,01,2,0,0,0,0,0,0,0,0,"- ","- ",34.652908325195312,-118.21006011962891,"LOS ANGELES",UNINCORPORATED,-118.21005249023438,34.652858734130859
9134310,2020,2020-10-07,1942,2020-08-01,0720,40119,1708,6,5,7,1942,0,0,0,Q,0,17A35,"BALBOA BL","SAN FERNANDO RD",600.00,S,N,A,-,N,,,,,,,,,,N,4,0,1,2,A,-,08,22107,,N,C,C,A,A,H,-,A,D,0,,,,,Y,Y,A,07,0,0,1,0,0,0,0,0,0,"- ","- ",,,"LOS ANGELES","LOS ANGELES",-118.49725341796875,34.318431854248047
91343261,2020,2020-11-11,9545,2020-11-04,0003,021360,,3,3,9,1900,0,3,5,,2,001,"SIERRA HWY","AVENUE E 4",1265.00,S,N,A,-,N,,,,,,,,,,Y,2,0,2,2,A,-,01,23152,A,N,A,C,A,A,H,-,E,D,0,,,,,Y,Y,A,01,2,0,0,0,0,0,0,0,0,"- ","- ",34.758991241455078,-118.14631652832031,"LOS ANGELES",UNINCORPORATED,-118.146281,34.758980999999999
91343502,2020,2020-11-11,9535,2020-11-01,0454,022223,,7,3,3,1914,0,1,1,,2,501,"I-5 (SANTA ANA FREEWAY) S/B","GREENWOOD AVE POC",400.00,S,N,A,-,Y,,,5,,,,,,S,Y,4,0,2,2,A,-,01,23152,A,N,A,C,A,A,H,-,D,D,0,,,,,Y,Y,A,01,0,0,2,0,0,0,0,0,0,"- ","- ",33.978488922119141,-118.12754058837891,"LOS ANGELES",COMMERCE,-118.12757110595703,33.978458404541016
9134502,2020,2020-09-23,1941,2020-07-29,0130,11231,,3,5,7,1941,0,0,0,,0,,"SOUTH ST","MRYTLE AV",107.00,W,N,A,-,N,,,,,,,,,,Y,4,0,1,3,D,-,00,,,F,C,C,A,C,H,-,A,D,0,,,,,Y,Y,-,"- ",0,0,1,0,0,0,0,0,0,"- ","- ",,,"LOS ANGELES","LONG BEACH",-118.18238830566406,33.860080718994141
91345974,2020,2020-11-16,9525,2020-11-10,0210,021995,,2,3,6,1975,0,1,1,,2,104,"I-10 E/B (SAN BERNARDINO FWY)","CAMERON AVE",555.00,W,N,B,-,Y,,,10,,,,,,E,Y,3,0,2,1,A,-,01,23152,A,N,E,I,A,A,H,-,C,D,0,,,,,Y,Y,A,01,0,1,1,0,0,0,0,0,0,"- ","- ",34.071460723876953,-117.94779968261719,"LOS ANGELES","WEST COVINA",-117.94780731201172,34.071567535400391
91346657,2020,2020-11-17,9540,2020-11-14,0100,021370,,6,3,7,1942,0,1,1,,2,551,"I-5 S/B (GOLDEN STATE FREEWAY)","ROXFORD ST",10.00,S,N,A,-,Y,,,5,,,,,,S,Y,3,0,6,3,A,-,01,23152,A,F,C,C,A,A,H,-,D,D,0,,,,,Y,Y,A,01,0,1,5,0,0,0,0,0,0,"- ","- ",34.303188323974609,-118.47962951660156,"LOS ANGELES","LOS ANGELES",-118.47965240478516,34.303169250488281
91348505,2020,2020-11-19,9590,2020-11-15,0012,021998,,7,3,7,1942,0,1,1,,2,083,"I-5 S/B (GSF) TO I-10 E/B (SBF)","STATE ST.",370.00,E,N,A,-,Y,,,,,,,,,,Y,4,0,1,1,A,-,01,23152,A,N,E,I,A,A,H,-,C,D,0,,,,,Y,Y,A,01,0,0,1,0,0,0,0,0,0,"- ","- ",34.054359436035156,-118.21066284179688,"LOS ANGELES","LOS ANGELES",-118.21411895751953,34.052299499511719
91350588,2020,2020-11-20,9575,2020-11-15,1820,022490,,7,2,7,1942,0,1,1,,2,052,"I-5 N/B (GOLDEN STATE FREEWAY)","SUNLAND BLVD.",300.00,S,N,A,-,Y,,,5,,,,,,N,Y,3,0,3,2,A,-,01,23152,A,N,B,C,A,A,H,-,D,D,0,,,,,Y,Y,A,01,0,2,1,0,0,0,0,0,0,"- ","- ",34.221858978271484,-118.36100006103516,"LOS ANGELES","LOS ANGELES",-118.36100769042969,34.221790313720703
91350793,2020,2020-11-23,9550,2020-11-10,1905,022144,,2,2,9,1900,0,2,4,,1,012,"SLAUSON AVENUE W/B","NORWALK BOULEVARD",450.00,E,N,A,-,N,,,,,,,,,,Y,4,0,1,2,A,-,01,23152,A,N,C,E,A,A,H,-,C,D,0,,,,,Y,Y,D,22,0,0,1,0,0,0,0,0,0,"- ","- ",33.964801788330078,-118.06902313232422,"LOS ANGELES",UNINCORPORATED,-118.06911468505859,33.964645385742188
91356049,2020,2021-02-11,9525,2020-09-14,2056,021224,,1,2,4,1938,0,1,1,,2,208,"STATE ROUTE 210 EASTBOUND","EMERALD AVENUE",11.00,E,N,A,-,Y,,,210,,,,,,E,Y,1,1,0,2,A,-,01,23152,A,F,G,B,E,A,H,-,D,D,0,Y,,,,Y,Y,A,01,0,0,0,1,0,0,0,0,0,"- ","- ",34.119480133056641,-117.76821899414062,"LOS ANGELES","LA VERNE",-117.76821899414062,34.119495391845703
91358432,2020,2020-12-03,9550,2020-11-28,0010,022239,,6,3,6,1949,0,1,A,,2,787,"HOXIE AVENUE","I-105 TO STUDEBAKER RD",75.00,S,N,A,-,N,,,,,,,,,,Y,4,0,1,1,A,-,01,23152,A,N,E,I,A,A,H,-,C,D,0,,,,,Y,Y,A,01,0,0,1,0,0,0,0,0,0,"- ","- ",33.913799285888672,-118.10355377197266,"LOS ANGELES",NORWALK,-118.10341644287109,33.914051055908203
91359281,2020,2020-12-04,9530,2020-11-27,2335,022302,,5,3,5,1943,0,1,1,,2,210,"I-105 W/B (GLENN ANDERSON FWY)","LONG BEACH BLVD.",175.00,E,N,A,-,Y,,,105,,,,,,W,Y,3,0,1,1,A,-,01,23152,A,N,H,J,A,A,H,-,D,D,0,,,,,Y,Y,A,01,0,1,0,0,0,0,0,0,0,"- ","- ",33.925090789794922,-118.20919036865234,"LOS ANGELES",LYNWOOD,-118.20931243896484,33.924823760986328
91360262,2020,2020-12-07,9535,2020-11-25,1540,022263,,3,2,9,1900,0,3,5,,2,002,"TRIGGS STREET (4300 BLOCK)","DOWNEY RD",35.00,W,N,A,-,N,,,,,,,,,,N,3,0,1,8,A,-,01,23152,G,N,C,C,A,A,H,-,A,D,0,,,,Y,Y,Y,A,08,0,1,0,0,0,0,0,0,0,"- ","- ",34.0146484375,-118.18029022216797,"LOS ANGELES",UNINCORPORATED,-118.18017578125,34.014617919921875
91360344,2020,2020-12-07,9525,2020-11-26,0158,020719,,4,3,6,1955,0,1,3,,2,571,"SR-57 S/B TO I-10 E/B","VIA VERDE AVE",2640.00,S,N,B,-,Y,,,57,,,,R,,S,Y,3,0,1,1,A,-,01,23152,A,N,E,I,A,A,H,-,D,D,0,,,,,Y,Y,D,22,0,1,0,0,0,0,0,0,0,"- ","- ",34.066329956054688,-117.80764770507812,"LOS ANGELES",POMONA,-117.80764770507812,34.066329956054688
91361343,2020,2020-12-08,9530,2020-11-19,0836,021004,,4,1,9,1900,0,3,5,,2,002,"EL SEGUNDO BLVD.","SAN PEDRO ST.",0.00,,Y,A,-,N,,,,,,,,,,Y,4,0,1,4,A,-,01,23152,A,N,D,C,A,A,H,-,A,A,0,,,,,Y,Y,A,01,0,0,1,0,0,0,0,0,0,"- ","- ",33.916431427001953,-118.26966094970703,"LOS ANGELES",UNINCORPORATED,-118.26962280273438,33.916419982910156
9136219,2020,2020-10-05,1942,2020-07-21,1400,41514,2146,2,5,7,1942,0,0,0,,0,21A57,"VANOWEN AV","OWENSMOUTH AV",70.00,E,N,A,-,N,,,,,,,,,,Y,4,0,1,3,A,-,01,23152,A,F,B,C,A,A,H,-,A,D,0,,,,,Y,Y,A,07,0,0,1,0,0,0,0,0,0,"- ","- ",,,"LOS ANGELES","LOS ANGELES",-118.60128784179688,34.193756103515625
9136243,2020,2020-10-06,1942,2020-07-30,2305,36599,1983,4,5,7,1942,0,0,0,,0,26T35,"ROSCOE BL","NOBLE AV",0.00,,Y,A,-,N,,,,,,,,,,Y,3,0,1,2,A,-,01,23152,A,F,D,C,A,A,H,-,C,A,0,,,,,Y,Y,A,01,0,1,0,0,0,0,0,0,0,"- ","- ",,,"LOS ANGELES","LOS ANGELES",-118.46185302734375,34.221458435058594
9136338,2020,2020-09-29,1942,2020-07-16,2338,44023,0841,4,5,7,1942,0,0,0,H,0,8A36W7,"WILSHIRE BL","BROCKTON AV",0.00,,Y,A,-,N,,,,,,,,,,N,4,0,1,2,A,-,05,21202,A,F,B,G,A,A,H,-,C,A,0,,Y,,,Y,Y,L,04,0,0,1,0,0,0,1,0,0,"- ","- ",,,"LOS ANGELES","LOS ANGELES",-118.46515655517578,34.045951843261719
91366186,2020,2020-12-14,9550,2020-06-30,0330,022430,,2,3,9,1900,0,2,4,,1,041,"STIMSON AVENUE SOUTHBOUND","ANNELLEN STREET",44.00,S,N,A,-,N,,,,,,,,,,Y,1,1,1,3,A,-,01,23152,A,N,E,I,A,A,H,-,C,D,0,,,,,Y,Y,A,07,0,1,0,0,0,0,0,0,0,"- ","- ",33.990848541259766,-117.96517181396484,"LOS ANGELES",UNINCORPORATED,-117.96517181396484,33.990940093994141
91366360,2020,2020-12-14,9530,2020-12-04,2210,022083,,5,3,9,1900,0,3,5,,2,002,"REDONDO BEACH BLVD. (300 BLOCK)","SAN PEDRO ST.",780.00,W,N,A,-,N,,,,,,,,,,Y,3,0,1,2,A,-,01,23152,A,N,C,C,A,A,H,-,D,D,0,,,,Y,Y,Y,A,01,0,1,0,0,0,0,0,0,0,"- ","- ",33.893100738525391,-118.26981353759766,"LOS ANGELES",UNINCORPORATED,-118.26958465576172,33.893104553222656
9136727,2020,2020-10-22,1942,2020-08-07,0750,31392,1727,5,5,7,1942,0,0,0,Q,0,,"TAMPA AV S","DEVONSHIRE ST W",0.00,,Y,A,-,N,,,,,,,,,,Y,4,0,1,2,A,-,12,21453,A,N,D,C,A,A,H,-,A,A,0,,,,,Y,Y,A,01,0,0,1,0,0,0,0,0,0,"- ","- ",,,"LOS ANGELES","LOS ANGELES",-118.55361175537109,34.257259368896484
91372120,2020,2020-12-21,9575,2020-12-12,0138,021932,,6,3,6,1912,0,1,1,,2,051,"I-5 N/B (GOLDEN STATE FREEWAY)","EMPIRE AVE",1500.00,S,N,A,-,Y,,,5,,,,,,N,Y,4,0,1,1,A,-,01,23152,A,N,E,I,A,A,H,-,C,D,0,,,,,Y,Y,A,07,0,0,1,0,0,0,0,0,0,"- ","- ",34.188758850097656,-118.32314300537109,"LOS ANGELES",BURBANK,-118.32321166992188,34.188667297363281
91372227,2020,2020-12-21,9530,2020-12-11,2255,021465,,5,3,9,1900,0,1,1,,2,120,"I-110 N/B (HARBOR FREEWAY)","214TH ST.",502.00,N,N,A,-,Y,,,110,,,,,,N,Y,3,0,2,1,A,-,01,23152,A,N,E,I,A,A,H,-,D,D,0,,,,,Y,Y,A,01,0,2,0,0,0,0,0,0,0,"- ","- ",33.835700988769531,-118.28726196289062,"LOS ANGELES",UNINCORPORATED,-118.2872314453125,33.835697174072266
91372746,2020,2020-12-22,9580,2020-12-12,0250,022275,,6,3,7,1942,0,1,3,,2,171,"SR-170 S/B TO US-101 S/B","MOORPARK ST",1250.00,N,N,A,-,Y,,,170,,,,R,,S,Y,3,0,1,2,A,-,01,23152,A,N,B,C,A,A,H,-,D,D,0,,,,,Y,Y,A,01,0,1,0,0,0,0,0,0,0,"- ","- ",34.153251647949219,-118.37671661376953,"LOS ANGELES","LOS ANGELES",-118.37671661376953,34.153251647949219
9137899,2020,2020-10-28,1931,2020-08-16,1622,5141,1931,7,5,5,1931,0,0,0,,0,003,"PACIFIC BL","SATURN AV",33.00,S,N,A,-,N,,,,,,,,,,Y,2,0,2,4,A,-,00,23153,F,F,G,B,F,A,H,-,A,D,0,Y,,,,Y,Y,A,01,2,0,0,0,2,0,0,0,0,"- ","- ",,,"LOS ANGELES","HUNTINGTON PARK",-118.22518920898438,33.976818084716797
91379308,2020,2021-01-04,9540,2020-12-29,2030,020708,,2,2,9,1900,0,2,4,,2,010,"THE OLD ROAD","VALENCIA BLVD",5.00,N,N,A,-,N,,,,,,,,,,N,3,0,1,1,A,-,17,21200,,N,F,A,A,A,H,-,C,D,0,,Y,,,Y,Y,L,04,0,1,0,0,0,0,1,0,0,"- ","- ",34.407630920410156,-118.58000946044922,"LOS ANGELES",UNINCORPORATED,-118.57984924316406,34.407562255859375
91379794,2020,2021-01-04,9545,2020-12-31,2233,021642,,4,3,9,1900,0,3,5,,2,001,"JOHNSON RD","KELLOG VALLEY ROAD",1400.00,E,N,A,-,N,,,,,,,,,,Y,3,0,2,1,A,-,01,23152,A,N,E,I,A,A,H,-,D,D,0,,,,,Y,Y,A,01,0,2,0,0,0,0,0,0,0,"- ","- ",34.659969329833984,-118.35975646972656,"LOS ANGELES",UNINCORPORATED,-118.35845947265625,34.659713745117188
91379977,2020,2021-01-04,9530,2020-12-23,1803,020956,,3,2,5,1977,0,1,1,,2,410,"I-405 S/B (SAN DIEGO FREEWAY)","ALAMEDA ST.",300.00,S,N,A,-,Y,,,405,,,,,,S,Y,4,0,1,2,A,-,01,23152,A,N,C,C,A,A,H,-,D,D,0,,,,,Y,Y,D,22,0,0,1,0,0,0,0,0,0,"- ","- ",33.825199127197266,-118.22409820556641,"LOS ANGELES",CARSON,-118.22409820556641,33.825191497802734
91379996,2020,2021-01-04,9535,2020-12-27,2250,022330,,7,3,6,1922,0,1,1,,2,111,"I-10 W/B (SAN BERNARDINO FREEWAY)","BALDWIN AVE",60.00,W,N,A,-,Y,,,10,,,,,,W,Y,4,0,2,3,A,-,01,23152,A,N,C,C,A,A,H,-,D,D,0,,,,,Y,Y,A,01,0,0,2,0,0,0,0,0,0,"- ","- ",34.072669982910156,-118.05393218994141,"LOS ANGELES","EL MONTE",-118.05392456054688,34.072761535644531
91381230,2020,2021-01-05,9530,2020-12-25,2340,022581,,5,3,5,1943,0,1,1,,2,210,"I-105 E/B (GLENN ANDERSON FWY)","LONG BEACH BLVD.",1660.00,W,N,A,-,Y,,,105,,,,,,E,Y,3,0,3,2,A,-,03,22350,,N,C,C,A,A,H,-,D,D,0,,,,,Y,Y,A,01,0,3,0,0,0,0,0,0,0,"- ","- ",33.927021026611328,-118.21499633789062,"LOS ANGELES",LYNWOOD,-118.21502685546875,33.926956176757812
91382891,2020,2021-01-06,9545,2020-10-10,0300,021434,,6,3,9,1900,0,1,3,,1,042,"SR-138 WESTBOUND","116TH STREET EAST",57.00,W,N,A,-,Y,,,138,,,,,,W,Y,1,1,0,1,A,-,01,23152,A,N,E,I,A,A,H,-,D,D,0,,,,,Y,Y,A,01,0,0,0,0,0,0,0,0,0,"- ","- ",34.506820678710938,-117.92366027832031,"LOS ANGELES",UNINCORPORATED,-117.92366027832031,34.506820678710938
91384723,2021,2021-01-11,9580,2021-01-01,0345,022468,,5,3,7,1942,0,1,1,,2,404,"I-405 N/B (SAN DIEGO FWY) TO US-101","US 101 (VENTURA FREEWAY)",792.00,S,N,A,-,Y,,,405,,,,R,,N,Y,4,0,1,1,A,-,01,23152,A,N,E,I,A,A,H,-,D,D,0,,,,,Y,Y,A,01,0,0,1,0,0,0,0,0,0,"- ","- ",34.157718658447266,-118.46871185302734,"LOS ANGELES","LOS ANGELES",-118.46871185302734,34.157718658447266
91385150,2020,2021-01-11,9565,2020-10-28,0313,022206,,3,3,9,1900,0,3,5,,2,004,"AVIATION BOULEVARD","118TH STREET",35.00,S,N,A,-,N,,,,,,,,,,Y,4,0,1,2,A,-,01,23152,A,N,C,C,A,A,H,-,C,A,0,,,,,Y,Y,A,07,0,0,1,0,0,0,0,0,0,"- ","- ",33.927078247070312,-118.37841796875,"LOS ANGELES",UNINCORPORATED,-118.37844085693359,33.927204132080078
91385362,2020,2021-01-11,9545,2020-10-20,0020,019345,,2,3,9,1900,0,3,5,,2,004,"AVENUE J","150TH STREET EAST",1700.00,W,N,A,-,N,,,,,,,,,,Y,1,1,2,2,A,-,08,22107,,N,A,C,A,A,H,-,D,D,0,,,,,Y,Y,A,01,1,1,0,0,0,0,0,0,0,"- ","- ",34.690090179443359,-117.86875915527344,"LOS ANGELES",UNINCORPORATED,-117.86859130859375,34.690105438232422
91385732,2021,2021-01-12,9550,2021-01-02,1940,022167,,6,2,6,1949,0,1,1,,2,651,"I-605 N/B","EXCELSIOR DRIVE",430.00,N,N,A,-,Y,,,605,,,,,,N,Y,3,0,1,1,A,-,08,22107,,N,E,I,A,A,H,-,D,D,0,,,,,Y,Y,A,01,0,1,0,0,0,0,0,0,0,"- ","- ",33.897449493408203,-118.10482025146484,"LOS ANGELES",NORWALK,-118.10471343994141,33.8974609375
91389053,2021,2021-01-18,9545,2021-01-07,1805,021173,,4,2,9,1900,0,3,5,,2,001,"10TH ST  E","AVENUE F",19.00,S,N,A,-,N,,,,,,,,,,Y,3,0,1,1,A,-,01,23152,A,N,E,I,A,A,H,-,D,D,0,,,,,Y,Y,A,07,0,1,0,0,0,0,0,0,0,"- ","- ",34.748058319091797,-118.11300659179688,"LOS ANGELES",UNINCORPORATED,-118.11316680908203,34.748027801513672
91390172,2021,2021-09-29,9535,2021-01-11,0520,022418,,1,3,3,1914,0,1,1,,2,501,"I-5 (SANTA ANA FREEWAY) S/B","WASHINGTON BOULEVARD",3290.00,N,N,A,-,Y,,,5,,,,,,S,Y,1,1,0,3,A,-,01,23152,G,N,C,C,A,A,H,-,D,D,0,,,,,Y,Y,A,01,0,0,0,0,0,0,0,0,0,"- ","- ",34.002979278564453,-118.15171051025391,"LOS ANGELES",COMMERCE,-118.15167999267578,34.003009796142578
9139059,2020,2020-10-09,1942,2020-08-08,1430,44306,2118,6,5,7,1942,0,0,0,,0,21X39,"ROSCOE BL","KELVIN ST",0.00,,Y,A,-,N,,,,,,,,,,Y,3,0,2,2,A,-,01,23152,,N,A,C,A,A,H,-,A,D,0,,,,,Y,Y,A,01,0,2,0,0,0,0,0,0,0,"- ","- ",,,"LOS ANGELES","LOS ANGELES",-118.58632659912109,34.220008850097656
91391527,2021,2021-01-20,9535,2021-01-12,2000,022250,,2,2,6,1922,0,1,1,,2,401,"I-10 (SAN BERNARDINO FREEWAY) W/B","COGSWELL RD",430.00,E,N,A,-,Y,,,10,,,,,,W,Y,4,0,1,4,A,-,01,23152,A,N,B,C,A,A,H,-,C,D,0,,,,,Y,Y,A,07,0,0,1,0,0,0,0,0,0,"- ","- ",34.065670013427734,-118.01595306396484,"LOS ANGELES","EL MONTE",-118.01596832275391,34.065597534179688
91391534,2021,2021-01-20,9535,2021-01-13,1527,022176,,3,2,6,1922,0,1,1,,2,401,"I-10 (SAN BERNARDINO FREEWAY) W/B","COGSWELL RD",470.00,W,N,A,-,Y,,,10,,,,,,W,N,3,0,1,2,A,-,07,21658,A,F,B,C,A,A,H,-,A,D,0,,,Y,,Y,Y,A,01,0,1,0,0,0,0,0,0,1,"- ","- ",34.067691802978516,-118.02015686035156,"LOS ANGELES","EL MONTE",-118.02027893066406,34.067398071289062
9139155,2020,2020-10-22,1941,2020-08-03,1655,11564,,1,5,7,1941,0,0,0,,0,,"ORANGE AV","65TH ST",0.00,,N,A,-,N,,,,,,,,,,Y,4,0,1,4,A,-,01,23152,B,N,C,E,A,A,H,-,A,A,0,,,,,Y,Y,A,,0,0,1,0,0,0,0,0,0,"- ","- ",,,"LOS ANGELES","LONG BEACH",-118.17738342285156,33.872768402099609
91394809,2021,2021-01-27,9580,2021-01-26,1730,019679,,2,2,7,1942,0,1,1,,2,406,"I-405 S/B (SAN DIEGO FWY)","NORDHOFF ST",528.00,N,N,A,-,Y,,,405,,,,,,S,Y,3,0,2,3,A,-,03,22350,,M,C,C,A,A,H,-,C,D,0,,,,,Y,Y,A,01,0,2,0,0,0,0,0,0,0,"- ","- ",34.24530029296875,-118.47299957275391,"LOS ANGELES","LOS ANGELES",-118.47308349609375,34.24530029296875
91395401,2021,2021-01-27,9545,2021-01-17,2331,021360,,7,3,9,1900,0,1,3,,2,031,"SR-14 S/B","MOUNTAIN SPRINGS RD",2123.00,N,N,A,-,Y,,,14,,,,,,S,Y,4,0,1,1,A,-,01,23152,A,N,A,I,A,A,H,-,D,D,0,,,,,Y,Y,A,01,0,0,1,0,0,0,0,0,0,"- ","- ",34.506591796875,-118.1138916015625,"LOS ANGELES",UNINCORPORATED,-118.11392974853516,34.506622314453125
91395622,2021,2021-01-28,9550,2021-01-18,0050,022588,,1,3,4,1936,0,1,1,,2,501,"I-5 N/B","VALLEY VIEW AVENUE",85.00,N,N,A,-,Y,,,5,,,,,,N,Y,2,0,1,1,A,-,01,23152,F,N,E,I,A,A,H,-,D,D,0,,,Y,,Y,Y,C,02,1,0,0,0,0,0,0,0,1,"- ","- ",33.884769439697266,-118.02935791015625,"LOS ANGELES","LA MIRADA",-118.02951049804688,33.884494781494141
9139589,2020,2020-09-24,1942,2020-07-23,2123,43037,1834,4,5,7,1942,0,0,0,R,0,18A34,"CENTRAL AV",107TH,50.00,S,N,A,-,N,,,,,,,,,,Y,4,0,1,1,A,-,03,22350,,F,E,I,A,A,H,-,D,D,0,,,,,Y,Y,A,01,0,0,1,0,0,0,0,0,0,"- ","- ",,,"LOS ANGELES","LOS ANGELES",-118.25418090820312,33.939102172851562
9139863,2020,2020-10-15,1910,2020-08-05,0009,04839,,3,5,4,1910,0,0,0,,0,004,"SUNSET BL","BEDFORD DR",30.00,E,N,A,-,N,,,,,,,,,,Y,3,0,3,2,A,-,01,23152,A,N,B,C,A,A,H,-,C,D,0,,,,,Y,Y,A,01,0,1,2,0,0,0,0,0,0,"- ","- ",34.078449249267578,-118.41683959960938,"LOS ANGELES","BEVERLY HILLS",-118.41698455810547,34.078556060791016
91399906,2021,2021-02-01,9525,2021-01-24,0008,022546,,7,3,5,1990,0,1,3,,2,601,"SR-60 W/B (POMONA FWY)","GRAND AVE",440.00,W,N,B,-,Y,,,60,,,,,,W,Y,4,0,1,4,A,-,01,23152,A,N,C,C,A,B,H,-,D,D,0,,,,,Y,Y,A,07,0,0,1,0,0,0,0,0,0,"- ","- ",34.0093994140625,-117.82444763183594,"LOS ANGELES","DIAMOND BAR",-117.82437133789062,34.009323120117188
91402292,2021,2021-02-04,9545,2021-01-27,0050,021361,,3,3,9,1900,0,3,5,,2,001,"110TH ST  W","AVENUE A",0.00,,Y,A,-,N,,,,,,,,,,Y,2,0,2,1,A,-,01,23152,A,N,E,I,A,A,H,-,D,A,0,,,,,Y,Y,A,01,1,1,0,0,0,0,0,0,0,"- ","- ",34.819778442382812,-118.32630920410156,"LOS ANGELES",UNINCORPORATED,-118.32628631591797,34.819747924804688
9140450,2020,2020-10-15,1900,2020-08-01,0203,499039,1515,6,5,5,1954,0,0,0,,0,151T3,"ROSEMEAD BL","CARRON DR",74.00,S,N,A,-,N,,,,,,,,,,N,3,0,2,2,A,-,01,23152,A,N,A,C,A,A,H,-,C,D,0,,,,,Y,Y,A,01,0,2,0,0,0,0,0,0,0,"- ","- ",33.984920501708984,-118.09564208984375,"LOS ANGELES","PICO RIVERA",-118.09574127197266,33.985042572021484
91404521,2021,2021-02-08,9545,2021-01-17,2320,019426,,7,3,9,1900,0,3,5,,2,004,"PEARBLOSSOM HWY","OLD NADEAU RD",52.00,N,N,A,-,Y,,,,,,,,,,Y,3,0,1,1,A,-,01,23152,A,N,E,I,A,A,H,-,D,D,0,,,,,Y,Y,A,07,0,1,0,0,0,0,0,0,0,"- ","- ",34.535041809082031,-118.08534240722656,"LOS ANGELES",UNINCORPORATED,-118.09587860107422,34.523834228515625
91406678,2021,2021-02-11,9575,2021-02-04,0125,022558,,4,3,6,1912,0,1,1,,2,051,"I-5 N/B (GOLDEN STATE FREEWAY)","MAGNOLIA BLVD.",1700.00,N,N,A,-,Y,,,5,,,,,,N,Y,4,0,1,1,A,-,01,23152,A,N,E,I,A,A,H,-,D,D,0,,,,,Y,Y,A,01,0,0,1,0,0,0,0,0,0,"- ","- ",34.185089111328125,-118.31707763671875,"LOS ANGELES",BURBANK,-118.31703186035156,34.185150146484375
91406841,2021,2021-02-11,9565,2021-02-02,1037,019872,,2,1,9,1900,0,1,1,,2,012,"I-105 E/B","NORMANDIE AVE",1141.00,W,N,A,-,Y,,,105,,,,,,E,Y,3,0,1,2,A,-,01,23152,A,F,D,C,A,A,H,-,A,D,0,,,,,Y,Y,A,01,0,1,0,0,0,0,0,0,0,"- ","- ",33.926681518554688,-118.30352020263672,"LOS ANGELES",UNINCORPORATED,-118.30349731445312,33.926563262939453
91407835,2021,2021-03-11,9530,2021-02-07,0212,021842,,7,3,7,1941,0,1,1,,2,071,"I-710 S/B (LONG BEACH FREEWAY)","DEL AMO BLVD.",1000.00,N,N,B,-,Y,,,710,,,,,,S,Y,3,0,1,2,A,-,03,22350,,N,C,C,A,A,H,-,D,D,0,,,,,Y,Y,A,01,0,1,0,0,0,0,0,0,0,"- ","- ",33.851978302001953,-118.205078125,"LOS ANGELES","LONG BEACH",-118.205078125,33.851978302001953