CASE_ID,ACCIDENT_YEAR,PROC_DATE,JURIS,COLLISION_DATE,COLLISION_TIME,OFFICER_ID,REPORTING_DISTRICT,DAY_OF_WEEK,CHP_SHIFT,POPULATION,CNTY_CITY_LOC,SPECIAL_COND,BEAT_TYPE,CHP_BEAT_TYPE,CITY_DIVISION_LAPD,CHP_BEAT_CLASS,BEAT_NUMBER,PRIMARY_RD,SECONDARY_RD,DISTANCE,DIRECTION,INTERSECTION,WEATHER_1,WEATHER_2,STATE_HWY_IND,CALTRANS_COUNTY,CALTRANS_DISTRICT,STATE_ROUTE,ROUTE_SUFFIX,POSTMILE_PREFIX,POSTMILE,LOCATION_TYPE,RAMP_INTERSECTION,SIDE_OF_HWY,TOW_AWAY,COLLISION_SEVERITY,NUMBER_KILLED,NUMBER_INJURED,PARTY_COUNT,PRIMARY_COLL_FACTOR,PCF_CODE_OF_VIOL,PCF_VIOL_CATEGORY,PCF_VIOLATION,PCF_VIOL_SUBSECTION,HIT_AND_RUN,TYPE_OF_COLLISION,MVIW,PED_ACTION,ROAD_SURFACE,ROAD_COND_1,ROAD_COND_2,LIGHTING,CONTROL_DEVICE,CHP_ROAD_TYPE,PEDESTRIAN_ACCIDENT,BICYCLE_ACCIDENT,MOTORCYCLE_ACCIDENT,TRUCK_ACCIDENT,NOT_PRIVATE_PROPERTY,ALCOHOL_INVOLVED,STWD_VEHTYPE_AT_FAULT,CHP_VEHTYPE_AT_FAULT,COUNT_SEVERE_INJ,COUNT_VISIBLE_INJ,COUNT_COMPLAINT_PAIN,COUNT_PED_KILLED,COUNT_PED_INJURED,COUNT_BICYCLIST_KILLED,COUNT_BICYCLIST_INJURED,COUNT_MC_KILLED,COUNT_MC_INJURED,PRIMARY_RAMP,SECONDARY_RAMP,LATITUDE,LONGITUDE,COUNTY,CITY,POINT_X,POINT_Y
91408643,2021,2021-02-16,9530,2021-02-07,1915,022406,,7,2,7,1942,0,1,1,,2,110,"I-110 S/B FROM IMPERIAL HWY.","IMPERIAL HWY.",1056.00,S,N,A,-,Y,,,110,,,,R,,S,Y,4,0,1,2,A,-,03,22350,,N,C,C,A,A,H,-,C,D,0,,,,,Y,Y,A,07,0,0,1,0,0,0,0,0,0,"- ","- ",33.927848815917969,-118.28138732910156,"LOS ANGELES","LOS ANGELES",-118.28138732910156,33.927848815917969
91408969,2021,2021-02-16,9530,2021-02-14,2100,022197,,7,2,9,1900,0,3,5,,2,001,"77TH ST.","COMPTON AVE.",0.00,,Y,A,-,N,,,,,,,,,,Y,4,0,1,2,A,-,01,23152,A,N,D,C,A,A,H,-,C,D,0,,,,,Y,Y,A,01,0,0,1,0,0,0,0,0,0,"- ","- ",33.969951629638672,-118.24771118164062,"LOS ANGELES",UNINCORPORATED,-118.2476806640625,33.969760894775391
91413795,2020,2021-02-23,9525,2020-11-02,2330,018651,,1,3,5,1926,0,1,1,,2,206,"INTERSTATE 210 E/B (FOOTHILL FREEWAY)","SUNFLOWER AVENUE",0.00,,N,A,-,Y,,,210,,,,,,E,Y,1,1,0,2,A,-,01,23152,A,N,C,C,A,A,H,-,D,D,0,,,,Y,Y,Y,A,01,0,0,0,0,0,0,0,0,0,"- ","- ",34.117481231689453,-117.85080718994141,"LOS ANGELES",GLENDORA,-117.85080718994141,34.117527008056641
91418435,2021,2021-10-25,9550,2021-02-06,0505,022260,,6,3,9,1900,0,2,4,,1,031,"HACIENDA BOULEVARD","DEL PRADO DRIVE",311.00,N,N,A,-,N,,,,,,,,,,Y,1,1,0,1,A,-,01,23152,A,N,E,I,A,A,H,-,C,D,0,,,,,Y,Y,A,01,0,0,0,0,0,0,0,0,0,"- ","- ",33.984630584716797,-117.97193908691406,"LOS ANGELES",UNINCORPORATED,-117.97213745117188,33.9847412109375
91418648,2021,2021-03-02,9580,2021-02-23,2045,022591,,2,2,7,1942,0,1,2,,2,104,"US-101 N/B (VENTURA FREEWAY)","WINNETKA AVE",1200.00,S,N,A,-,Y,,,101,,,,,,N,Y,3,0,2,2,A,-,01,23152,A,N,E,I,A,A,H,-,D,D,0,,,,,Y,Y,A,01,0,1,1,0,0,0,0,0,0,"- ","- ",34.173320770263672,-118.56562042236328,"LOS ANGELES","LOS ANGELES",-118.56561279296875,34.173229217529297
91421800,2020,2021-03-08,9575,2020-11-08,1900,022479,,7,2,9,1900,0,1,3,,2,300,"SR-2 (ANGELES CREST HIGHWAY)","ANGELES FOREST HIGHWAY",2006.00,W,N,A,-,Y,,,2,,,,,,,Y,1,1,1,1,A,-,01,23152,A,N,E,I,A,B,H,-,D,D,0,,,,,Y,Y,A,01,1,0,0,0,0,0,0,0,0,"- ","- ",34.269329071044922,-118.15965270996094,"LOS ANGELES",UNINCORPORATED,-118.15957641601562,34.269271850585938
91421819,2021,2021-03-08,9525,2021-03-02,2259,021383,,2,3,4,1916,0,1,1,,2,106,"I-10 E/B (SAN BERNARDINO FWY)","VIA VERDE AVE",1056.00,W,N,A,-,Y,,,,,,,,,,Y,3,0,1,2,A,-,01,23152,A,N,C,C,A,A,D,H,D,D,0,,,,Y,Y,Y,A,01,0,1,0,0,0,0,0,0,0,"- ","- ",34.068180084228516,-117.84986114501953,"LOS ANGELES",COVINA,-117.84223175048828,34.0689697265625
91422045,2021,2021-03-08,9575,2021-02-26,2000,022502,,5,2,9,1900,0,2,4,,2,024,"WOODBURY ROAD","FAIR OAKS AVENUE",0.00,,Y,A,-,N,,,,,,,,,,Y,2,0,1,2,A,-,01,23152,A,F,A,C,A,A,H,-,C,A,0,,,Y,,Y,Y,A,07,1,0,0,0,0,0,0,0,0,"- ","- ",34.183139801025391,-118.15074920654297,"LOS ANGELES",UNINCORPORATED,-118.15083312988281,34.183242797851562
91423260,2021,2021-03-09,9575,2021-02-28,0420,022110,,7,3,6,1953,0,1,1,,2,063,"I-210 E/B (FOOTHILL FREEWAY)","LINCOLN AVENUE",508.00,W,N,A,-,Y,,,210,,,,,,E,Y,3,0,1,2,A,-,01,23152,A,N,C,C,A,A,H,-,D,D,0,,,,Y,Y,Y,A,07,0,1,0,0,0,0,0,0,0,"- ","- ",34.175289154052734,-118.16104888916016,"LOS ANGELES",PASADENA,-118.16104888916016,34.175296783447266
91428150,2021,2021-03-16,9545,2021-03-07,1925,021173,,7,2,9,1900,0,3,5,,2,004,"240 ST  E","AVENUE O",2112.00,N,N,A,-,N,,,,,,,,,,Y,4,0,1,1,A,-,01,23152,A,N,F,A,A,A,H,-,C,D,0,,,,,Y,Y,A,01,0,0,1,0,0,0,0,0,0,"- ","- ",34.621688842773438,-117.70271301269531,"LOS ANGELES",UNINCORPORATED,-117.70270538330078,34.622352600097656
91429625,2021,2021-03-17,9565,2021-03-05,1842,022219,,5,2,9,1900,0,2,4,,1,041,"HAWTHORNE BLVD","LENNOX BLVD",390.00,N,N,A,-,N,,,,,,,,,,Y,3,0,1,3,A,-,01,23152,A,M,C,C,A,A,H,-,C,D,0,,,,,Y,Y,A,07,0,1,0,0,0,0,0,0,0,"- ","- ",33.939350128173828,-118.35269927978516,"LOS ANGELES",UNINCORPORATED,-118.35272216796875,33.939250946044922
91430737,2021,2021-10-28,9580,2021-03-08,0126,022465,,1,3,7,1942,0,1,2,,2,101,"US-101 S/B (VENTURA FREEWAY)","TUJUNGA AVE",1500.00,N,N,A,-,Y,,,101,,,,,,S,Y,3,0,3,5,A,-,03,22350,,F,C,E,A,B,H,-,D,D,0,,,,,Y,Y,A,01,0,2,1,0,0,0,0,0,0,"- ","- ",34.1544189453125,-118.38552856445312,"LOS ANGELES","LOS ANGELES",-118.38552856445312,34.154369354248047
9143078,2020,2020-10-14,1942,2020-08-14,2105,42768,2134,5,5,7,1942,0,0,0,,0,21A57,"TOPANGA CANYON BL","HART ST",125.00,N,N,A,-,N,,,,,,,,,,N,3,0,1,2,A,-,05,21202,A,N,D,G,A,A,H,-,C,D,0,,Y,,,Y,Y,L,04,0,1,0,0,0,0,1,0,0,"- ","- ",,,"LOS ANGELES","LOS ANGELES",-118.60594177246094,34.197711944580078
91432645,2021,2021-03-22,9525,2021-03-14,0140,022521,,7,3,6,1975,0,1,1,,2,106,"I-10 E/B FROM S/B VINCENT AVE.","VINCENT AVE",110.00,W,N,A,-,Y,,,10,,,,R,,E,Y,4,0,1,1,A,-,01,23152,A,N,E,I,A,A,H,-,C,D,0,,,,,Y,Y,A,01,0,0,1,0,0,0,0,0,0,"- ","- ",34.071601867675781,-117.92729949951172,"LOS ANGELES","WEST COVINA",-117.92729949951172,34.071601867675781
91432908,2021,2021-03-23,9545,2021-03-14,0038,021497,,7,3,9,1900,0,3,5,,2,004,"90TH ST  E","AVENUE O",60.00,N,N,A,-,N,,,,,,,,,,Y,2,0,1,1,A,-,08,22107,,N,H,A,A,A,A,-,D,D,0,,,,,Y,Y,A,07,1,0,0,0,0,0,0,0,0,"- ","- ",34.617061614990234,-117.96951293945312,"LOS ANGELES",UNINCORPORATED,-117.96955108642578,34.616825103759766
9143292,2020,2020-10-19,1942,2020-02-22,1250,38257,"1218 ",6,5,7,1942,0,0,0,L,0,3X95,"FIGUEROA ST","SLAUSON AV",10.00,S,N,C,-,N,,,,,,,,,,Y,4,0,1,2,A,-,01,23152,A,F,C,C,A,B,H,-,A,A,0,,,,,Y,Y,A,01,0,0,1,0,0,0,0,0,0,"- ","- ",,,"LOS ANGELES","LOS ANGELES",-118.28268432617188,33.989124298095703
91433066,2021,2021-03-23,9525,2021-03-21,0500,021809,,7,3,5,1990,0,1,3,,2,574,"SR-57 N/B (ORANGE FWY)","PATHFINDER RD.",600.00,N,N,A,-,Y,,,57,,,,,,N,Y,4,0,2,1,A,-,01,23152,A,N,E,I,A,A,H,-,C,D,0,,,,,Y,Y,A,01,0,0,2,0,0,0,0,0,0,"- ","- ",33.985378265380859,-117.84278106689453,"LOS ANGELES","DIAMOND BAR",-117.84287261962891,33.985374450683594
91433869,2021,2021-03-24,9545,2021-03-14,0325,021851,,7,3,6,1992,0,1,3,,2,011,"SR-14 SOUTHBOUND","AVENUE H",1710.00,S,N,A,-,Y,,,14,,,,,,S,Y,4,0,1,2,A,-,01,23152,A,N,C,C,A,A,H,-,D,D,0,,,,,Y,Y,A,07,0,0,1,0,0,0,0,0,0,"- ","- ",34.713871002197266,-118.17040252685547,"LOS ANGELES",LANCASTER,-118.17033386230469,34.713871002197266
91433959,2021,2021-03-24,9530,2021-03-13,0305,021582,,6,3,7,1942,0,1,1,,2,110,"I-110 N/B (HARBOR FREEWAY)","117TH ST.",310.00,S,N,A,-,Y,,,110,,,,,,N,Y,3,0,2,2,A,-,01,23152,A,N,C,C,A,A,H,-,D,D,0,,,,,Y,Y,A,01,0,1,1,0,0,0,0,0,0,"- ","- ",33.926460266113281,-118.28083801269531,"LOS ANGELES","LOS ANGELES",-118.28094482421875,33.926475524902344
91437867,2021,2021-03-29,9580,2021-03-21,1630,022573,,7,2,7,1942,0,1,1,,2,407,"I-405 S/B (SAN DIEGO FWY)","SHERMAN WAY",2165.00,N,N,A,-,Y,,,405,,,,,,S,Y,2,0,7,2,A,-,01,23152,A,N,C,C,A,A,H,-,A,D,0,,,,,Y,Y,A,01,2,2,3,0,0,0,0,0,0,"- ","- ",34.207218170166016,-118.47354888916016,"LOS ANGELES","LOS ANGELES",-118.47345733642578,34.207218170166016
9143988,2020,2020-09-24,1942,2020-06-05,1831,39678,0397,5,5,7,1942,0,0,0,C,0,3A55,"MARTIN LUTHER KING JR BL",VERMONT,0.00,,Y,A,-,N,,,,,,,,,,Y,3,0,2,2,A,-,09,21801,A,F,D,C,A,A,H,-,A,A,0,,,,,Y,Y,A,01,0,1,1,0,0,0,0,0,0,"- ","- ",,,"LOS ANGELES","LOS ANGELES",-118.29152679443359,34.010871887207031
9144193,2020,2020-10-23,1942,2020-08-12,1715,42803,396,3,5,7,1942,0,0,0,,0,3A18,"43RD ST","VERMONT AV",0.00,,Y,A,-,N,,,,,,,,,,Y,4,0,1,2,A,-,01,23152,A,N,D,C,A,A,H,-,A,A,0,,,,,Y,Y,D,22,0,0,1,0,0,0,0,0,0,"- ","- ",,,"LOS ANGELES","LOS ANGELES",-118.29154968261719,34.005470275878906
91442848,2021,2021-04-05,9580,2021-03-26,1259,019952,,5,1,7,1942,0,1,1,,2,405,"I-405 S/B (SAN DIEGO FWY)","BURBANK BLVD",1520.00,N,N,A,-,Y,,,405,,,,,,S,N,4,0,3,4,A,-,03,22350,,N,C,C,A,A,H,-,A,D,0,,,,,Y,Y,A,07,0,0,3,0,0,0,0,0,0,"- ","- ",34.179298400878906,-118.46980285644531,"LOS ANGELES","LOS ANGELES",-118.46983337402344,34.179275512695312
9144340,2020,2020-10-07,1941,2020-08-16,2018,10918,,7,5,7,1941,0,0,0,,0,,"WILLOW ST","FASHION AV",0.00,,Y,A,-,N,,,,,,,,,,N,3,0,1,2,A,-,09,21802,A,N,D,G,A,A,H,-,C,A,0,,Y,,,Y,Y,L,,0,1,0,0,0,0,1,0,0,"- ","- ",,,"LOS ANGELES","LONG BEACH",-118.20896148681641,33.804389953613281
91444584,2021,2021-04-07,9525,2021-03-25,2338,020719,,4,3,4,1913,0,1,1,,2,110,"I-10 E/B (SAN BERNARDINO FWY)","INDIAN HILL BLVD",2112.00,E,N,B,-,Y,,,10,,,,,,E,Y,3,0,1,3,A,-,01,23152,A,M,C,C,A,A,D,E,C,D,0,,,,Y,Y,Y,A,01,0,1,0,0,0,0,0,0,0,"- ","- ",34.081718444824219,-117.71421051025391,"LOS ANGELES",CLAREMONT,-117.71421051025391,34.081741333007812
91446929,2021,2021-04-09,9575,2021-04-02,0735,019990,,5,1,7,1942,0,1,1,,2,061,"I-210 E/B (FOOTHILL FREEWAY)","OSBORNE ST.",50.00,W,N,A,-,Y,,,210,,,,,,E,Y,3,0,1,1,A,-,01,23152,A,N,E,I,A,A,D,-,A,D,0,,,,,Y,Y,D,22,0,1,0,0,0,0,0,0,0,"- ","- ",34.275058746337891,-118.38082885742188,"LOS ANGELES","LOS ANGELES",-118.38087463378906,34.274868011474609
9144742,2020,2020-10-19,1975,2020-08-19,2011,363,,3,5,6,1975,0,0,0,,0,005,"AZUSA AV","AMAR RD",0.00,,Y,-,-,N,,,,,,,,,,Y,4,0,1,3,A,-,01,23153,A,N,D,C,A,-,H,-,C,A,0,,,,,Y,Y,A,01,0,0,1,0,0,0,0,0,0,"- ","- ",34.031398773193359,-117.91477203369141,"LOS ANGELES","WEST COVINA",-117.91481781005859,34.031459808349609
91450396,2021,2021-04-14,9580,2021-04-03,1725,022573,,6,2,7,1942,0,3,5,,1,010,"MUREAU RD","CRUMMER CANYON RD",700.00,E,N,A,-,Y,,,,,,,,,,Y,3,0,2,1,A,-,01,23152,A,N,E,I,A,A,H,-,A,D,0,,,,,Y,Y,D,22,0,2,0,0,0,0,0,0,0,"- ","- ",34.149929046630859,-118.67497253417969,"LOS ANGELES","LOS ANGELES",-118.677490234375,34.151313781738281
91452032,2021,2021-04-16,9535,2021-04-03,1643,022305,,6,2,9,1900,0,2,4,,2,021,"EASTERN AVE. N/B (400 BLOCK)","HAMMEL ST",150.00,S,N,A,-,N,,,,,,,,,,Y,4,0,1,3,A,-,01,23152,A,N,C,C,A,A,H,-,A,A,0,,,,,Y,Y,A,01,0,0,1,0,0,0,0,0,0,"- ","- ",34.042068481445312,-118.17359924316406,"LOS ANGELES",UNINCORPORATED,-118.17362213134766,34.041969299316406
91454595,2021,2021-04-20,9535,2021-04-11,0355,022418,,7,3,9,1900,0,2,4,,2,014,"CESAR E CHAVEZ AVE","ALMA AVENUE",0.00,,Y,A,-,N,,,,,,,,,,Y,3,0,3,2,A,-,01,23152,A,N,D,C,A,A,H,-,C,A,0,,,,,Y,Y,D,22,0,2,1,0,0,0,0,0,0,"- ","- ",34.040489196777344,-118.19142150878906,"LOS ANGELES",UNINCORPORATED,-118.19141387939453,34.040500640869141
9145673,2020,2020-10-24,1925,2020-08-11,0024,27999,4,2,5,6,1925,0,0,0,,0,,"CAMINO SAN RAFAEL","RIDGE MOTORWAY",510.00,S,N,A,-,N,,,,,,,,,,Y,3,0,1,1,A,-,08,22107,,N,F,I,A,A,H,-,C,A,0,,,,,Y,Y,A,01,0,1,0,0,0,0,0,0,0,"- ","- ",,,"LOS ANGELES",GLENDALE,-118.21539306640625,34.176845550537109
9146286,2020,2020-11-25,1942,2020-08-12,1830,43572,1586,3,5,7,1942,0,0,0,O,0,15A69,"LANKESHIM BL","RT 101",0.00,,Y,A,-,Y,LA,7,101,-,-,10.227,R,4,N,Y,4,0,1,3,A,-,08,22107,,N,A,C,A,A,H,-,A,A,0,,,,,Y,Y,A,01,0,0,1,0,0,0,0,0,0,"- ","- ",,,"LOS ANGELES","LOS ANGELES",-118.36112976074219,34.136631011962891
91463139,2021,2021-04-30,9530,2021-04-23,0010,022197,,5,3,9,1900,0,3,5,,2,002,"126TH ST.","MONA BLVD.",0.00,,Y,A,-,N,,,,,,,,,,Y,3,0,1,2,A,-,01,23152,A,N,D,C,A,A,H,-,C,A,0,,,,,Y,Y,A,07,0,1,0,0,0,0,0,0,0,"- ","- ",33.918018341064453,-118.22750854492188,"LOS ANGELES",UNINCORPORATED,-118.22754669189453,33.918003082275391
9146437,2020,2020-10-20,1942,2020-08-15,2150,39825,1657,6,5,7,1942,0,0,0,P,0,16EL1,"APPERSON ST","APPERSON ST 7450",0.00,,N,A,-,N,,,,,,,,,,Y,4,0,1,4,A,-,01,23152,A,N,B,C,A,A,H,-,C,A,0,,,,,Y,Y,A,01,0,0,1,0,0,0,0,0,0,"- ","- ",,,"LOS ANGELES","LOS ANGELES",,
91464410,2021,2021-05-03,9545,2021-04-21,2120,021434,,3,2,9,1900,0,1,3,,1,042,"SR-138 W/B","96TH STREET EAST",304.00,W,N,A,-,Y,,,,,,,,,,Y,2,0,3,3,A,-,01,23152,A,N,C,C,A,A,D,E,D,D,0,,,,Y,Y,Y,A,01,2,1,0,0,0,0,0,0,0,"- ","- ",32.521171569824219,-117.95918273925781,"LOS ANGELES",UNINCORPORATED,-117.95908355712891,34.521171569824219
91465166,2021,2021-05-04,9530,2021-04-25,2155,022302,,7,2,9,1900,0,3,5,,2,002,"ROSECRANS AVE. (BLOCK 200)","EADALL AVE.",15.00,W,N,B,-,N,,,,,,,,,,Y,3,0,1,1,A,-,01,23152,A,N,E,I,A,A,H,-,C,D,0,,,,,Y,Y,A,01,0,1,0,0,0,0,0,0,0,"- ","- ",33.902099609375,-118.27066802978516,"LOS ANGELES",UNINCORPORATED,-118.27057647705078,33.901958465576172
91470014,2021,2021-05-11,9580,2021-05-06,0055,022561,,4,3,7,1942,0,1,2,,2,104,"US-101 S/B (VENTURA FREEWAY)","FALLBROOK AVE",1056.00,N,N,A,-,Y,,,101,,,,,,S,Y,4,0,1,2,A,-,01,23152,A,N,C,C,A,A,H,-,D,D,0,,,,,Y,Y,A,01,0,0,1,0,0,0,0,0,0,"- ","- ",34.163200378417969,-118.62705993652344,"LOS ANGELES","LOS ANGELES",-118.62705230712891,34.163177490234375
91474504,2021,2021-05-17,9530,2021-05-07,2120,022197,,5,2,9,1900,0,3,5,,2,002,"124TH ST. (2400 BLOCK)","MONA BLVD.",200.00,W,N,A,-,N,,,,,,,,,,Y,4,0,1,2,A,-,09,21804,A,N,D,C,A,A,H,-,D,D,0,,,,,Y,Y,A,08,0,0,1,0,0,0,0,0,0,"- ","- ",33.919811248779297,-118.22959899902344,"LOS ANGELES",UNINCORPORATED,-118.228759765625,33.9197998046875
91476254,2021,2021-05-19,9590,2021-05-05,0440,022281,,3,3,7,1942,0,1,1,,2,062,"I-10 E/B (SMF) TO I-110 N/B (HAF)","I-110 (HAF)",9.00,W,N,A,-,Y,,,10,,,,R,,E,Y,3,0,1,1,A,-,01,23152,A,N,E,I,A,A,H,-,C,D,0,,,,,Y,Y,A,01,0,1,0,0,0,0,0,0,0,"- ","- ",34.038150787353516,-118.27440643310547,"LOS ANGELES","LOS ANGELES",-118.27440643310547,34.038150787353516
91476445,2021,2021-05-19,9530,2021-05-08,1618,022380,,6,2,7,1942,0,1,1,,2,120,"I-110 N/B TO PACIFIC COAST HIGHWAY","PACIFIC COAST HWY.",350.00,S,N,A,-,Y,,,110,,,,R,,N,Y,3,0,1,1,A,-,01,23152,A,M,E,I,A,A,H,-,A,D,0,,,,,Y,Y,A,01,0,1,0,0,0,0,0,0,0,"- ","- ",33.789520263671875,-118.2811279296875,"LOS ANGELES","LOS ANGELES",-118.2811279296875,33.789520263671875
91478740,2021,2021-05-27,9535,2021-05-13,2249,022261,,4,3,5,1948,0,1,3,,2,620,"SR-60 E/B (POMONA FREEWAY)","GREENWOOD AVENUE",200.00,W,N,A,-,Y,,,60,,,,,,E,Y,4,0,1,2,A,-,01,23152,A,M,C,C,A,A,D,-,D,D,0,,,,,Y,Y,A,01,0,0,1,0,0,0,0,0,0,"- ","- ",34.033939361572266,-118.10907745361328,"LOS ANGELES","MONTEREY PARK",-118.10906982421875,34.033882141113281
91480963,2021,2021-05-27,9550,2021-05-14,1853,022376,,5,2,6,1949,0,1,1,,2,150,"I-105 EB","STUDEBAKER RD.",150.00,W,N,A,-,Y,,,105,,,,,,E,Y,4,0,2,2,A,-,01,23152,A,N,C,C,A,A,H,-,A,A,0,,,,,Y,Y,A,01,0,0,2,0,0,0,0,0,0,"- ","- ",33.914279937744141,-118.09987640380859,"LOS ANGELES",NORWALK,-118.09987640380859,33.914264678955078
91481796,2021,2021-05-27,9525,2021-05-16,0225,021342,,7,3,5,1990,0,1,3,,2,604,"SR-60 E/B (POMONA FREEWAY)","GRAND AVE",1250.00,E,N,A,-,Y,,,60,,,,,,E,Y,3,0,1,1,A,-,01,23152,G,N,E,8,A,A,H,-,C,D,0,,,,,Y,Y,A,01,0,1,0,0,0,0,0,0,0,"- ","- ",34.012519836425781,-117.82051849365234,"LOS ANGELES","DIAMOND BAR",-117.82065582275391,34.012649536132812
91482098,2021,2021-05-26,9565,2021-05-16,0245,022226,,7,3,9,1900,0,1,1,,2,012,"I-105 (CENTURY FREEWAY)","NORMANIDE AVENUE",1200.00,W,N,A,-,Y,,,105,,,,,,,Y,3,0,1,2,A,-,01,23152,A,N,C,C,A,A,H,-,C,D,0,,,,,Y,Y,A,07,0,1,0,0,0,0,0,0,0,"- ","- ",33.926319122314453,-118.3043212890625,"LOS ANGELES",UNINCORPORATED,-118.30433654785156,33.926380157470703
91485645,2021,2021-05-31,9550,2021-05-19,0220,020795,,3,3,5,1976,0,1,1,,2,650,"INTERSTATE 605 NB","BEVERLY BOULEVARD",300.00,N,N,A,-,Y,,,605,,,,,,N,N,3,0,1,1,A,-,01,23152,A,N,E,I,A,A,H,-,D,D,0,,,,,Y,Y,A,01,0,1,0,0,0,0,0,0,0,"- ","- ",34.003810882568359,-118.06419372558594,"LOS ANGELES",WHITTIER,-118.06426239013672,34.003898620605469
91488368,2021,2021-06-03,9590,2021-05-21,1940,022304,,5,2,7,1942,0,1,1,,2,060,"I-10 E/B (SANTA MONICA FREEWAY)","WESTERN AVENUE",150.00,E,N,A,-,Y,,,10,,,,,,E,N,4,0,1,2,A,-,01,23152,A,N,C,C,A,A,H,-,B,D,0,,,,,Y,Y,A,07,0,0,1,0,0,0,0,0,0,"- ","- ",34.037120819091797,-118.30870056152344,"LOS ANGELES","LOS ANGELES",-118.30870056152344,34.037021636962891
91490400,2021,2021-06-07,9575,2021-05-26,0518,021879,,3,3,7,1942,0,1,1,,2,052,"I-5 NB (GOLDEN STATE FREEWAY) TO ROSCOE BLVD","ROSCOE BLVD.",212.00,S,N,A,-,Y,,,5,,,,R,,N,Y,2,0,1,1,A,-,01,23152,A,N,E,8,A,A,H,-,A,D,0,,,,,Y,Y,A,01,1,0,0,0,0,0,0,0,0,"- ","- ",34.221649169921875,-118.35877227783203,"LOS ANGELES","LOS ANGELES",-118.35877227783203,34.221649169921875
91490965,2021,2021-06-07,9540,2021-06-01,1350,019232,,2,1,9,1900,0,1,3,,1,142,"SR-14 N/B","NEWHALL AVE",2640.00,S,N,A,-,Y,,,,,,,,,,Y,2,0,2,2,A,-,01,23152,A,N,B,2,A,A,H,-,A,D,0,,,,,Y,Y,A,01,1,0,1,0,0,0,0,0,0,"- ","- ",34.358081817626953,-118.50647735595703,"LOS ANGELES",UNINCORPORATED,-118.50636291503906,34.358314514160156
91491354,2021,2021-06-07,9525,2021-06-05,0220,022009,,6,3,9,1900,0,1,1,,2,106,"I-10 E/B (SAN BERNARDINO FWY)","VIA VERDE",4752.00,W,N,A,-,Y,,,10,,,,,,E,N,4,0,1,2,A,-,03,22350,,M,C,C,A,A,H,-,C,D,0,,,,,Y,Y,A,07,0,0,1,0,0,0,0,0,0,"- ","- ",34.068111419677734,-117.85491180419922,"LOS ANGELES",UNINCORPORATED,-117.85491943359375,34.068180084228516
9149422,2020,2020-10-08,1942,2020-07-30,1910,43106,1802,4,5,7,1942,0,0,0,R,0,18A1,"88TH ST","WALL ST",0.00,,Y,A,-,N,,,,,,,,,,N,3,0,1,2,A,-,12,22450,,N,D,G,A,A,H,-,A,A,0,,Y,,,Y,Y,L,04,0,1,0,0,0,0,1,0,0,"- ","- ",,,"LOS ANGELES","LOS ANGELES",-118.27169036865234,33.957180023193359
9149424,2020,2020-10-14,1942,2020-07-29,2115,41756,1802,3,5,7,1942,0,0,0,R,0,18A1,BROADWAY,"MANCHESTER AV",0.00,,Y,A,-,N,,,,,,,,,,N,4,0,1,2,A,-,07,21658,A,F,B,C,A,A,H,-,C,A,0,,,,,Y,Y,-,99,0,0,1,0,0,0,0,0,0,"- ","- ",,,"LOS ANGELES","LOS ANGELES",-118.27828216552734,33.960079193115234
91494273,2021,2021-06-10,9535,2021-03-04,2135,022342,,4,2,3,1914,0,1,1,,2,500,"I-5 NORTHBOUND TO I-710 NORTHBOUND","I-710 NORTHBOUND",160.00,S,N,B,-,Y,,,5,,,,R,,N,Y,1,1,0,2,A,-,11,21954,A,N,G,B,E,A,H,-,D,D,0,Y,,,,Y,Y,N,60,0,0,0,1,0,0,0,0,0,"- ","- ",34.015701293945312,-118.17182159423828,"LOS ANGELES",COMMERCE,-118.17182159423828,34.015701293945312
91494361,2021,2021-06-10,9525,2021-06-05,0223,021967,,6,3,4,1938,0,1,1,,2,209,"SR-210 W/B TO FRUIT STREET","FRUIT ST.",15.00,E,N,A,-,Y,,,210,,,,R,,W,Y,3,0,1,2,A,-,01,23152,A,N,C,C,A,A,H,-,D,A,0,,,,,Y,Y,A,07,0,1,0,0,0,0,0,0,0,"- ","- ",34.120201110839844,-117.76155090332031,"LOS ANGELES","LA VERNE",-117.76155090332031,34.120201110839844
9149584,2020,2020-11-25,1956,2020-08-18,1429,1183,24,2,5,5,1956,0,0,0,,0,002,"RT 10","BERYL ST",425.00,N,N,A,-,Y,LA,7,1,-,-,20.310,H,-,S,Y,4,0,2,2,A,-,01,23152,A,F,C,C,A,A,H,-,A,D,0,,,,,Y,Y,A,07,0,0,2,0,0,0,0,0,0,"- ","- ",,,"LOS ANGELES","REDONDO BEACH",-118.38887023925781,33.850147247314453