CASE_ID,ACCIDENT_YEAR,PROC_DATE,JURIS,COLLISION_DATE,COLLISION_TIME,OFFICER_ID,REPORTING_DISTRICT,DAY_OF_WEEK,CHP_SHIFT,POPULATION,CNTY_CITY_LOC,SPECIAL_COND,BEAT_TYPE,CHP_BEAT_TYPE,CITY_DIVISION_LAPD,CHP_BEAT_CLASS,BEAT_NUMBER,PRIMARY_RD,SECONDARY_RD,DISTANCE,DIRECTION,INTERSECTION,WEATHER_1,WEATHER_2,STATE_HWY_IND,CALTRANS_COUNTY,CALTRANS_DISTRICT,STATE_ROUTE,ROUTE_SUFFIX,POSTMILE_PREFIX,POSTMILE,LOCATION_TYPE,RAMP_INTERSECTION,SIDE_OF_HWY,TOW_AWAY,COLLISION_SEVERITY,NUMBER_KILLED,NUMBER_INJURED,PARTY_COUNT,PRIMARY_COLL_FACTOR,PCF_CODE_OF_VIOL,PCF_VIOL_CATEGORY,PCF_VIOLATION,PCF_VIOL_SUBSECTION,HIT_AND_RUN,TYPE_OF_COLLISION,MVIW,PED_ACTION,ROAD_SURFACE,ROAD_COND_1,ROAD_COND_2,LIGHTING,CONTROL_DEVICE,CHP_ROAD_TYPE,PEDESTRIAN_ACCIDENT,BICYCLE_ACCIDENT,MOTORCYCLE_ACCIDENT,TRUCK_ACCIDENT,NOT_PRIVATE_PROPERTY,ALCOHOL_INVOLVED,STWD_VEHTYPE_AT_FAULT,CHP_VEHTYPE_AT_FAULT,COUNT_SEVERE_INJ,COUNT_VISIBLE_INJ,COUNT_COMPLAINT_PAIN,COUNT_PED_KILLED,COUNT_PED_INJURED,COUNT_BICYCLIST_KILLED,COUNT_BICYCLIST_INJURED,COUNT_MC_KILLED,COUNT_MC_INJURED,PRIMARY_RAMP,SECONDARY_RAMP,LATITUDE,LONGITUDE,COUNTY,CITY,POINT_X,POINT_Y
9210576,2020,2021-02-24,1900,2020-12-22,0310,480768,0631,2,5,6,1985,0,0,0,,0,62T1,"SIERRA HWY","SIERRA CROSS AV",0.00,,Y,A,-,N,,,,,,,,,,Y,3,0,1,1,A,-,01,23152,F,N,E,I,A,A,H,-,C,D,0,,,,,Y,Y,A,01,0,1,0,0,0,0,0,0,0,"- ","- ",34.429119110107422,-118.444580078125,"LOS ANGELES","SANTA CLARITA",-118.44487762451172,34.429061889648438
9211843,2021,2021-04-27,1942,2021-04-03,0337,41072,0354,6,5,7,1942,0,0,0,C,0,3A55,"EXPOSITION BL","ARLINGTON AV",0.00,,Y,A,-,N,,,,,,,,,,Y,1,2,1,2,A,-,12,21453,A,N,D,C,A,A,H,-,C,A,0,,,,,Y,Y,A,01,0,0,1,0,0,0,0,0,0,"- ","- ",,,"LOS ANGELES","LOS ANGELES",-118.3177490234375,34.018867492675781
9211844,2021,2021-04-27,1942,2021-04-03,2340,42460,0985,6,5,7,1942,0,0,0,I,0,9A89,"VENTURA BL","CALHOUN AV",60.00,W,N,A,-,N,,,,,,,,,,N,1,1,0,2,A,-,11,21955,,N,G,B,D,A,H,-,C,A,0,Y,,,,Y,Y,N,60,0,0,0,1,0,0,0,0,0,"- ","- ",,,"LOS ANGELES","LOS ANGELES",-118.44234466552734,34.149860382080078
9213864,2021,2021-03-09,1900,2021-01-13,0829,606776,0523,3,5,4,1971,0,0,0,,0,51AM,BROADWAY,"SARA MAR LN",48.00,E,N,A,-,N,,,,,,,,,,Y,2,0,2,4,A,-,01,23153,A,N,C,B,E,A,H,-,A,D,0,Y,,,,Y,Y,A,01,2,0,0,0,2,0,0,0,0,"- ","- ",34.100978851318359,-118.05596160888672,"LOS ANGELES","TEMPLE CITY",-118.05607604980469,34.100978851318359
9213893,2021,2021-03-09,1924,2021-01-03,1707,80450,02,7,5,5,1924,0,0,0,,0,8T5,"EL SEGUNDO BL","WESTERN AV",11.00,W,N,A,-,N,,,,,,,,,,N,3,0,1,5,A,-,01,23152,A,N,B,C,A,A,H,-,A,A,0,,,,,Y,Y,A,01,0,1,0,0,0,0,0,0,0,"- ","- ",33.916439056396484,-118.30908966064453,"LOS ANGELES",GARDENA,-118.30911254882812,33.916439056396484
9213958,2020,2021-02-05,1941,2020-12-24,0016,11381,,4,5,7,1941,0,0,0,,0,,"CLARK AV","E EAGLE ST",0.00,,Y,A,-,N,,,,,,,,,,Y,3,0,1,2,-,-,"- ",,,N,A,C,A,A,H,-,A,D,0,,,,,Y,Y,-,"- ",0,1,0,0,0,0,0,0,0,"- ","- ",,,"LOS ANGELES","LONG BEACH",-118.13395690917969,33.799449920654297
9214265,2020,2021-02-09,1941,2020-12-25,2024,11547,,5,5,7,1941,0,0,0,,0,,"WARDLOW RD","SANTA FE AV",25.00,W,N,A,-,N,,,,,,,,,,N,4,0,1,2,A,-,03,22350,,F,C,C,A,A,H,-,C,A,0,,,,,Y,Y,A,,0,0,1,0,0,0,0,0,0,"- ","- ",,,"LOS ANGELES","LONG BEACH",-118.21562194824219,33.824390411376953
9214764,2020,2021-02-04,1941,2020-12-21,2142,10772,,1,5,7,1941,0,0,0,,0,,"ORANGE AV","19TH AV",0.00,,Y,A,-,N,,,,,,,,,,Y,2,0,1,1,A,-,01,23152,A,N,E,I,A,A,H,-,C,D,0,,,,,Y,Y,A,,1,0,0,0,0,0,0,0,0,"- ","- ",,,"LOS ANGELES","LONG BEACH",-118.17630767822266,33.791278839111328
9216174,2021,2021-03-05,1942,2021-01-20,1810,42011,1218,3,5,7,1942,0,0,0,L,0,12A49,"W SLAUSON AV","S VERMONT AV",200.00,E,N,A,-,N,,,,,,,,,,N,4,0,4,5,A,-,01,23152,A,N,C,E,A,A,H,-,C,A,0,,,,,Y,Y,D,22,0,0,4,0,0,0,0,0,0,"- ","- ",,,"LOS ANGELES","LOS ANGELES",-118.29080963134766,33.9891357421875
9216435,2021,2021-02-23,1913,2021-01-31,1801,3740,73,7,5,4,1913,0,0,0,,0,,"BASELINE RD","RT 210",183.00,E,N,A,-,N,,,,,,,,,,Y,4,0,1,2,A,-,01,23153,A,N,C,C,A,A,H,-,C,A,0,,,,,Y,Y,D,22,0,0,1,0,0,0,0,0,0,"- ",WO,,,"LOS ANGELES",CLAREMONT,-117.69548034667969,34.121589660644531
9216545,2021,2021-03-19,1942,2021-01-12,2010,42069,1804,2,5,7,1942,0,0,0,R,0,18A3,"E MANCHESTER AV","STANFORD AV",0.00,,Y,A,-,N,,,,,,,,,,Y,2,0,2,3,A,-,01,23152,A,F,B,E,A,A,H,-,C,D,0,,,,,Y,Y,A,01,1,0,1,0,0,0,0,0,0,"- ","- ",,,"LOS ANGELES","LOS ANGELES",-118.262939453125,33.960132598876953
9217710,2021,2021-03-16,1900,2021-01-24,2015,639895,2608,7,5,6,1950,0,0,0,,0,262T1,"20TH ST E","AVENUE R",403.00,S,N,A,-,N,,,,,,,,,,Y,2,0,2,2,A,-,01,23153,A,N,A,C,A,A,H,-,C,D,0,,,,,Y,Y,A,01,1,0,1,0,0,0,0,0,0,"- ","- ",34.571498870849609,-118.09391784667969,"LOS ANGELES",PALMDALE,-118.09396362304688,34.57159423828125
9219286,2020,2021-02-10,1941,2020-11-26,2141,11003,,4,5,7,1941,0,0,0,,0,,"10TH ST","E ORIZABA AV",100.00,E,N,A,-,N,,,,,,,,,,Y,4,0,1,4,A,-,01,23152,B,N,D,E,A,A,H,-,C,D,0,,,,,Y,Y,A,,0,0,1,0,0,0,0,0,0,"- ","- ",,,"LOS ANGELES","LONG BEACH",-118.15644836425781,33.778953552246094
9219494,2021,2021-03-19,1967,2021-01-29,1716,153,,5,5,2,1967,0,0,0,,0,NORTH,"ORANGE AV","32ND ST",0.00,,Y,A,-,N,,,,,,,,,,Y,3,0,1,2,A,-,01,23152,A,N,D,C,A,B,H,-,A,A,0,,,,,Y,Y,A,07,0,1,0,0,0,0,0,0,0,"- ","- ",,,"LOS ANGELES","SIGNAL HILL",-118.17633056640625,33.815303802490234
9220023,2021,2021-03-17,1925,2021-01-01,0904,21024,186,5,5,6,1925,0,0,0,,0,001,"GLENWOOD RD","IRVING AV",100.00,W,N,A,-,N,,,,,,,,,,Y,4,0,1,2,A,-,01,23152,A,N,A,C,A,A,H,-,A,A,0,,,,,Y,Y,A,01,0,0,1,0,0,0,0,0,0,"- ","- ",,,"LOS ANGELES",GLENDALE,-118.29039001464844,34.175716400146484
9220998,2021,2021-03-29,1942,2021-02-05,0340,39410,1511,5,5,7,1942,0,0,0,O,0,15A21,"SHERMAN WY","FULTON AV",27.00,W,N,A,-,N,,,,,,,,,,N,2,0,1,2,A,-,11,21954,A,N,G,B,D,A,H,-,C,A,0,Y,,,,Y,Y,N,60,1,0,0,0,1,0,0,0,0,"- ","- ",,,"LOS ANGELES","LOS ANGELES",-118.42263031005859,34.201198577880859
9221219,2020,2021-02-05,1942,2020-12-13,2130,43584,363,7,5,7,1942,0,0,0,,0,3X95,"SOMERSET DR","SANTA ROSALIA",30.00,S,N,A,-,N,,,,,,,,,,Y,4,0,1,2,A,-,03,22350,,N,C,C,A,A,H,-,C,D,0,,,,,Y,Y,A,01,0,0,1,0,0,0,0,0,0,"- ","- ",,,"LOS ANGELES","LOS ANGELES",-118.34124755859375,34.011547088623047
9221374,2021,2021-02-12,1976,2021-01-26,1541,449,,2,5,5,1976,0,0,0,,0,001,"WHITTIER BL","NORWALK BL",162.00,E,N,A,-,Y,LA,7,72,-,-,6.240,H,-,N,Y,4,0,1,2,A,-,01,23152,A,N,C,C,A,A,H,-,A,A,0,,,,,Y,Y,A,08,0,0,1,0,0,0,0,0,0,"- ","- ",,,"LOS ANGELES",WHITTIER,-118.06356811523438,33.989604949951172
9221429,2021,2021-02-09,1975,2021-01-09,1700,685,,6,5,6,1975,0,0,0,,0,005,"AZUSA AV","WING LN",9.00,S,N,A,-,N,,,,,,,,,,N,3,0,1,2,A,-,09,21804,A,F,G,B,D,A,H,-,B,A,0,Y,,,,Y,Y,A,08,0,1,0,0,1,0,0,0,0,"- ","- ",34.027389526367188,-117.91654968261719,"LOS ANGELES","WEST COVINA",-117.91661834716797,34.027400970458984
9221790,2021,2021-03-04,1942,2021-01-22,1835,40690,1862,5,5,7,1942,0,0,0,R,0,18A63,"W IMPERIAL HWY","S BROADWAY ST",30.00,E,N,B,-,N,,,,,,,,,,N,4,0,3,2,A,-,01,23152,A,N,C,C,A,A,H,-,C,D,0,,,,,Y,Y,A,01,0,0,3,0,0,0,0,0,0,"- ","- ",,,"LOS ANGELES","LOS ANGELES",-118.27835845947266,33.931011199951172
9226255,2020,2021-03-03,1942,2020-12-21,2230,44030,1462,1,5,7,1942,0,0,0,N,0,14A45,"CULVER BL","JEFFERSON BL",0.00,,N,A,-,N,,,,,,,,,,Y,3,0,2,2,A,-,03,22350,,N,A,C,A,A,-,-,D,D,0,,,,,Y,Y,A,01,0,1,1,0,0,0,0,0,0,"- ","- ",,,"LOS ANGELES","LOS ANGELES",-118.43923187255859,33.968288421630859
9226364,2021,2021-04-05,1900,2021-02-12,1545,615106,2610,5,5,6,1950,0,0,0,,0,262T1,"AVENUE R","MELTON AV",160.00,E,N,A,-,N,,,,,,,,,,Y,3,0,1,1,A,-,01,23152,A,N,E,I,A,A,H,-,A,D,0,,,,,Y,Y,A,01,0,1,0,0,0,0,0,0,0,"- ","- ",34.572601318359375,-118.09958648681641,"LOS ANGELES",PALMDALE,-118.09963226318359,34.572669982910156
9226987,2021,2021-03-24,1942,2021-02-26,1545,39473,1545,5,5,7,1942,0,0,0,O,0,15A43,"LAUREL CANYON BL","RIVERSIDE DR",100.00,N,N,A,-,N,,,,,,,,,,N,4,0,1,2,A,-,01,23152,A,N,C,C,A,A,H,-,A,B,0,,,,,Y,Y,A,07,0,0,1,0,0,0,0,0,0,"- ","- ",,,"LOS ANGELES","LOS ANGELES",-118.39649200439453,34.157894134521484
9228930,2021,2021-03-24,1942,2021-02-15,1815,38273,1761,1,5,7,1942,0,0,0,Q,0,17A23,"CANOGA AV","NORDHOFF ST",0.00,,Y,A,-,N,,,,,,,,,,Y,4,0,2,2,A,-,01,23152,A,N,D,C,A,A,H,-,C,A,0,,,,,Y,Y,D,22,0,0,2,0,0,0,0,0,0,"- ","- ",,,"LOS ANGELES","LOS ANGELES",-118.59754943847656,34.235469818115234
9229174,2020,2021-03-09,1942,2020-12-17,1800,42762,0204,4,5,7,1942,0,0,0,B,0,2A2,"MARATHON ST","LUCILE AV",20.00,W,N,A,-,N,,,,,,,,,,N,4,0,1,2,-,-,"- ",,,N,G,B,B,A,H,-,B,D,0,Y,,Y,,Y,Y,C,02,0,0,1,0,1,0,0,0,0,"- ","- ",,,"LOS ANGELES","LOS ANGELES",-118.28356170654297,34.083900451660156
9229358,2021,2021-03-24,1929,2021-02-17,0212,231,,3,5,3,1929,0,0,0,,0,002,"HERMOSA VIEW DR","31ST ST",178.00,N,N,A,-,N,,,,,,,,,,Y,4,0,1,2,D,-,00,,,N,C,E,A,A,H,-,C,D,0,,,,,Y,Y,-,"- ",0,0,1,0,0,0,0,0,0,"- ","- ",,,"LOS ANGELES","HERMOSA BEACH",-118.4071044921875,33.875370025634766
9230146,2020,2021-03-16,1942,2020-12-24,1806,40514,1353,4,5,7,1942,0,0,0,M,0,13X45,"VERNON AV",MCKINLEY,0.00,,Y,A,-,N,,,,,,,,,,Y,4,0,1,3,-,-,"- ",,,N,F,E,A,A,H,-,C,D,0,,,,,Y,Y,A,01,0,0,1,0,0,0,0,0,0,"- ","- ",,,"LOS ANGELES","LOS ANGELES",-118.26090240478516,34.003898620605469
9230804,2021,2021-03-01,1900,2021-01-04,0335,538684,2619,1,5,6,1950,0,0,0,,0,264T1,"SIERRA HWY","AVENUE O",0.00,,Y,A,-,N,,,,,,,,,,N,2,0,1,2,A,-,01,23153,G,N,D,C,A,A,H,-,C,A,0,,,,,Y,Y,A,01,1,0,0,0,0,0,0,0,0,"- ","- ",34.617599487304688,-118.12377166748047,"LOS ANGELES",PALMDALE,-118.12375640869141,34.617340087890625
9230884,2021,2021-03-15,1922,2021-01-01,1530,680,3,5,5,6,1922,0,0,0,,0,003,GARVEY,MERCED,150.00,E,N,A,-,N,,,,,,,,,,Y,3,0,3,3,A,-,04,21703,,N,C,C,A,A,H,-,A,A,0,,,,,Y,Y,A,01,0,2,1,0,0,0,0,0,0,"- ","- ",,,"LOS ANGELES","EL MONTE",-118.05087280273438,34.062740325927734
9230919,2020,2021-03-09,1900,2020-10-31,0430,609668,0251,6,5,4,1945,0,0,0,,0,28TE,"SLAUSON AV","ALAMO AV",10.00,W,N,A,-,N,,,,,,,,,,Y,2,0,1,1,A,-,01,23152,B,N,-,I,A,A,H,-,C,A,0,,,,,Y,Y,A,01,1,0,0,0,0,0,0,0,0,"- ","- ",33.986309051513672,-118.17568969726562,"LOS ANGELES",MAYWOOD,-118.17428588867188,33.986011505126953
9230975,2021,2021-04-06,1942,2021-02-22,1255,41316,1747,1,5,7,1942,0,0,0,Q,0,17A49,"BALBOA BL","SAN JOSE ST",20.00,S,N,A,-,N,,,,,,,,,,Y,3,0,2,2,A,-,01,23152,A,M,C,C,A,A,H,-,A,A,0,,,,,Y,Y,A,01,0,2,0,0,0,0,0,0,0,"- ","- ",,,"LOS ANGELES","LOS ANGELES",-118.50228881835938,34.261096954345703
9232052,2021,2021-05-04,1942,2021-04-19,1246,38503,1863,1,5,7,1942,0,0,0,R,0,18A63,"120TH ST","AVALON BL",585.00,W,N,A,-,N,,,,,,,,,,Y,3,0,1,3,A,-,03,22350,,N,C,E,A,A,H,-,D,D,0,,,,,Y,Y,A,01,0,1,0,0,0,0,0,0,0,"- ","- ",,,"LOS ANGELES","LOS ANGELES",-118.26716613769531,33.923709869384766
9232066,2021,2021-05-14,1941,2021-04-21,1148,11082,,3,5,7,1941,0,0,0,,0,,"RT 710","ANAHEIM ST",5.00,S,N,A,-,Y,LA,7,710,-,-,6.380,H,-,N,N,4,0,1,2,A,-,04,21703,,N,C,C,A,A,H,-,A,D,0,,,,,Y,Y,A,,0,0,1,0,0,0,0,0,0,"- ","- ",,,"LOS ANGELES","LONG BEACH",-118.20752716064453,33.782615661621094
9232077,2021,2021-05-11,1906,2021-03-24,2255,515235,1499,3,5,5,1906,0,0,0,,0,143T2,"FRANCISQUINO AV","GARVEY AV",60.00,E,N,A,-,N,,,,,,,,,,Y,2,0,1,2,A,-,09,21804,A,N,D,G,A,A,H,-,C,A,0,,Y,,,Y,Y,L,04,1,0,0,0,0,0,1,0,0,"- ","- ",34.069198608398438,-117.97487640380859,"LOS ANGELES","BALDWIN PARK",-117.97499084472656,34.069221496582031
9232180,2021,2021-05-28,1900,2021-04-14,1844,407852,1325,3,5,5,1935,0,0,0,,0,132T1,"DEL AMO BL","STUDEBAKER RD",1048.00,W,N,A,-,N,,,,,,,,,,Y,4,0,2,3,A,-,01,23152,A,N,C,B,F,A,H,-,A,D,0,Y,,,,Y,Y,D,22,0,0,2,0,1,0,0,0,0,"- ","- ",,,"LOS ANGELES",LAKEWOOD,-118.10153961181641,33.846309661865234
9232932,2021,2021-03-09,1926,2021-01-16,1515,0148,1,6,5,5,1926,0,0,0,,0,001,GRAND,"RT 66",0.00,,Y,A,-,Y,,,,,,,,,,Y,3,0,3,3,A,-,01,23153,B,N,D,C,A,A,H,-,A,A,0,,,,,Y,Y,A,01,0,3,0,0,0,0,0,0,0,"- ","- ",34.128681182861328,-117.87271881103516,"LOS ANGELES",GLENDORA,-117.87271881103516,34.128684997558594
9233170,2021,2021-03-24,1941,2021-02-10,1841,11539,,3,5,7,1941,0,0,0,,0,,"W 19TH ST","CHESTNUT AV",155.00,E,N,A,-,N,,,,,,,,,,N,4,0,1,3,A,-,07,21658,A,N,B,E,A,A,H,-,C,D,0,,,,,Y,Y,A,,0,0,1,0,0,0,0,0,0,"- ","- ",,,"LOS ANGELES","LONG BEACH",-118.1959228515625,33.791675567626953
9233176,2021,2021-03-23,1941,2021-02-12,0304,11410,,5,5,7,1941,0,0,0,,0,,"RT 710","W 9TH ST",0.00,,Y,B,-,N,,,,,,,,,,Y,2,0,1,1,A,-,01,23152,,N,B,I,A,A,H,-,C,-,0,,,,,Y,Y,A,,1,0,0,0,0,0,0,0,0,"- ","- ",,,"LOS ANGELES","LONG BEACH",-118.20761871337891,33.778110504150391
9233365,2020,2021-03-06,1942,2020-12-09,1800,43821,1373,3,5,7,1942,0,0,0,M,0,13X42,"SLAUSON AV","CENTRAL AV",500.00,W,N,A,-,N,,,,,,,,,,Y,2,0,7,4,A,-,03,22350,,N,-,-,A,A,H,-,C,D,0,,,,,Y,Y,A,01,2,2,3,0,0,0,0,0,0,"- ","- ",,,"LOS ANGELES","LOS ANGELES",-118.25810241699219,33.98931884765625
9234738,2021,2021-04-07,1941,2021-02-16,1548,6319,,2,5,7,1941,0,0,0,,0,,"SPRING ST","CHATWIN AV",0.00,,Y,A,-,N,,,,,,,,,,Y,4,0,2,2,D,-,00,,,N,D,C,A,A,H,-,A,A,0,,,,,Y,Y,-,"- ",0,0,2,0,0,0,0,0,0,"- ","- ",,,"LOS ANGELES","LONG BEACH",-118.12318420410156,33.810695648193359
9235124,2021,2021-03-26,1942,2021-02-23,1648,43310,1208,2,5,7,1942,0,0,0,L,0,12A73,"FIGUEROA ST","51ST ST",15.00,N,N,A,-,N,,,,,,,,,,N,4,0,2,2,A,-,03,22350,,F,C,C,A,A,H,-,A,D,0,,,,,Y,Y,A,01,0,0,2,0,0,0,0,0,0,"- ","- ",,,"LOS ANGELES","LOS ANGELES",-118.28270721435547,33.99652099609375
9235857,2021,2021-04-09,1942,2021-02-25,1940,33504,1007,4,5,7,1942,0,0,0,J,0,10A17,"BALBOA BL","ROSCOE BL",200.00,W,N,A,-,N,,,,,,,,,,N,4,0,2,2,A,-,01,23152,A,N,C,C,A,A,H,-,C,D,0,,,,,Y,Y,A,01,0,0,2,0,0,0,0,0,0,"- ","- ",,,"LOS ANGELES","LOS ANGELES",-118.50263977050781,34.221199035644531
9236316,2021,2021-03-30,1942,2021-02-22,0540,40165,1019,1,5,7,1942,0,0,0,J,0,10A39,"SATICOY ST","HASKELL AV",200.00,W,N,A,-,N,,,,,,,,,,Y,3,0,1,2,A,-,01,23152,A,N,C,E,A,A,H,-,A,D,0,,,,,Y,Y,A,01,0,1,0,0,0,0,0,0,0,"- ","- ",,,"LOS ANGELES","LOS ANGELES",-118.47557830810547,34.208461761474609
9236391,2020,2021-03-06,1900,2020-09-27,1952,616135,0262,7,5,4,1917,0,0,0,,0,26T,"ATLANTIC AV","CLARA ST",0.00,,Y,A,-,N,,,,,,,,,,Y,4,0,1,4,-,-,"- ",,,F,B,C,A,A,H,-,C,A,0,,,,,Y,Y,-,"- ",0,0,1,0,0,0,0,0,0,"- ","- ",,,"LOS ANGELES",CUDAHY,-118.18701934814453,33.965568542480469
9237970,2021,2021-03-30,1900,2021-02-15,1937,618405,2112,1,5,5,1943,0,0,0,,0,212T3,"CALIFORNIA AV","MARTIN LUTHER KING JR BL",0.00,,Y,A,-,N,,,,,,,,,,Y,3,0,1,3,A,-,01,23152,A,N,D,C,A,A,H,-,C,A,0,,,,,Y,Y,A,01,0,1,0,0,0,0,0,0,0,"- ","- ",,,"LOS ANGELES",LYNWOOD,-118.20842742919922,33.936317443847656
9239429,2021,2021-04-20,1941,2021-02-05,2213,10795,,5,5,7,1941,0,0,0,,0,,"CARSON ST","CHARLEMAGNE AV",0.00,,Y,A,-,N,,,,,,,,,,Y,2,0,1,2,A,-,11,21954,A,N,H,B,D,A,H,-,C,D,0,Y,,,,Y,Y,N,,1,0,0,0,1,0,0,0,0,"- ","- ",,,"LOS ANGELES","LONG BEACH",-118.13059234619141,33.832260131835938
9240201,2021,2021-04-28,1942,2021-04-10,0615,42282,18411,6,5,7,1942,0,0,0,R,0,8A97,"W IMPERIAL HWY","MENLO AV",175.00,E,N,A,-,N,,,,,,,,,,Y,4,0,1,4,A,-,01,23152,A,N,C,E,A,A,H,-,A,A,0,,,,,Y,Y,A,01,0,0,1,0,0,0,0,0,0,"- ","- ",,,"LOS ANGELES","LOS ANGELES",-118.2886962890625,33.930984497070312
9241249,2021,2021-03-30,1953,2021-01-25,1842,4606,PASAD,1,5,6,1953,0,0,0,,0,002,"CANADA AV","CASITAS AV",0.00,,Y,A,-,N,,,,,,,,,,N,4,0,2,2,A,-,12,22450,,M,D,C,A,B,H,-,C,A,0,,,,,Y,Y,D,22,0,0,2,0,0,0,0,0,0,"- ","- ",,,"LOS ANGELES",PASADENA,-118.16409301757812,34.178291320800781
9241603,2021,2021-04-14,1953,2021-02-20,2247,1541,5,6,5,6,1953,0,0,0,,0,005,"FAIR OAKS AV","WASHINGTON BL",0.00,,Y,A,-,,,,,,,,,,,Y,4,0,1,2,A,-,01,23152,A,N,C,C,A,A,H,-,C,A,0,,,,,Y,Y,A,01,0,0,1,0,0,0,0,0,0,"- ","- ",,,"LOS ANGELES",PASADENA,-118.15068817138672,34.168834686279297
9241618,2021,2021-04-14,1931,2021-02-26,2223,5324,1931,5,5,5,1931,0,0,0,,0,002,"SLAUSON AV","BICKETT ST",138.00,E,N,A,-,,,,,,,,,,,Y,3,0,1,3,A,-,05,21651,B,N,A,C,A,A,H,-,C,A,0,,,,,Y,Y,A,01,0,1,0,0,0,0,0,0,0,"- ","- ",,,"LOS ANGELES","HUNTINGTON PARK",-118.21565246582031,33.989189147949219
9241983,2021,2021-04-13,1920,2021-03-22,2311,10705,,1,5,6,1920,0,0,0,,0,003,"FIRESTONE BL",ANDREWS,105.00,W,N,A,-,N,,,,,,,,,,Y,3,0,1,2,A,-,01,23152,A,N,C,C,A,A,H,-,C,D,0,,,,,Y,Y,A,07,0,1,0,0,0,0,0,0,0,"- ","- ",,,"LOS ANGELES",DOWNEY,,
9241998,2021,2021-04-14,1920,2021-03-19,2237,13965,,5,5,6,1920,0,0,0,,0,001,"COLUMBIA WY","IMPERIAL HWY",311.00,S,N,A,-,N,,,,,,,,,,Y,3,0,1,6,A,-,01,23152,A,N,B,C,A,D,H,-,C,A,0,,,,,Y,Y,A,01,0,1,0,0,0,0,0,0,0,"- ","- ",,,"LOS ANGELES",DOWNEY,-118.13414764404297,33.916107177734375
9242401,2021,2021-04-13,1900,2021-02-18,1216,502363,2608,4,5,6,1950,0,0,0,,0,263T1,"25TH ST EAST","PALMDALE BL",0.00,,Y,A,-,N,,,,,,,,,,Y,4,0,1,4,A,-,01,23152,A,N,C,C,A,A,H,-,A,D,0,,,,,Y,Y,A,01,0,0,1,0,0,0,0,0,0,"- ","- ",34.580810546875,-118.08521270751953,"LOS ANGELES",PALMDALE,-118.08511352539062,34.580196380615234
9243353,2021,2021-04-19,1922,2021-03-07,1504,698,,7,5,6,1922,0,0,0,,0,,"MERCED AV","RIO HONDO PKWY",0.00,,Y,A,-,N,,,,,,,,,,N,3,0,1,2,A,-,00,20001,B,F,B,C,A,A,H,-,A,D,0,,,,,Y,Y,A,01,0,1,0,0,0,0,0,0,0,"- ","- ",34.065670013427734,-118.05136108398438,"LOS ANGELES","EL MONTE",-118.05133056640625,34.065620422363281
9244939,2021,2021-04-01,1900,2021-01-30,1420,629461,1131,6,5,6,1992,0,0,0,,0,111T1,"AVENUE I","CHALLENGER WY",70.00,E,N,A,-,N,,,,,,,,,,Y,4,0,1,2,A,-,01,23152,A,N,C,C,A,A,H,-,A,A,0,,,,,Y,Y,A,01,0,0,1,0,0,0,0,0,0,"- ","- ",,,"LOS ANGELES",LANCASTER,-118.11240386962891,34.704139709472656
9245236,2021,2021-04-07,1900,2021-03-09,2305,625432,1133,2,5,6,1992,0,0,0,,0,112T2,"AVENUE J","CHALLENGER WY",34.00,W,N,A,-,N,,,,,,,,,,N,2,0,1,2,A,-,01,23152,A,F,C,C,A,A,H,-,C,A,0,,,,,Y,Y,A,01,1,0,0,0,0,0,0,0,0,"- ","- ",,,"LOS ANGELES",LANCASTER,-118.11277008056641,34.689479827880859
9245270,2021,2021-04-07,1941,2021-03-07,2300,11381,,7,5,7,1941,0,0,0,,0,,"ORANGE AV","70TH ST",45.00,S,N,A,-,N,,,,,,,,,,Y,4,0,1,2,A,-,01,23152,A,N,-,E,A,A,H,-,C,D,0,,,,,Y,Y,A,,0,0,1,0,0,0,0,0,0,"- ","- ",,,"LOS ANGELES","LONG BEACH",-118.17743682861328,33.881645202636719
9246318,2021,2021-04-19,1942,2021-03-21,1715,38687,1635,7,5,7,1942,0,0,0,P,0,16A35,"WHEATLAND AV","WENTWORTH ST",12.00,S,N,A,-,N,,,,,,,,,,N,2,0,2,2,A,-,03,22350,,N,D,C,A,A,H,-,A,D,0,,,,,Y,Y,A,07,2,0,0,0,0,0,0,0,0,"- ","- ",,,"LOS ANGELES","LOS ANGELES",-118.35419464111328,34.265895843505859
9246710,2021,2021-04-15,1900,2021-03-14,1413,617242,1132,7,5,6,1992,0,0,0,,0,111T1,"FOXTON AV","KILDARE ST",30.00,N,N,A,-,N,,,,,,,,,,Y,4,0,1,2,A,-,01,23152,A,N,G,E,A,A,H,-,A,D,0,,,Y,,Y,Y,C,02,0,0,1,0,0,0,0,0,1,"- ","- ",,,"LOS ANGELES",LANCASTER,-118.12499237060547,34.699691772460938
9247137,2021,2021-04-16,1941,2021-03-29,1740,11600,,1,5,7,1941,0,0,0,,0,,"ALAMITOS AV","N 6TH ST",226.00,N,N,A,-,N,,,,,,,,,,Y,4,0,1,2,A,-,08,22107,,N,C,E,A,A,H,-,A,D,0,,,,,Y,Y,A,,0,0,1,0,0,0,0,0,0,"- ","- ",,,"LOS ANGELES","LONG BEACH",-118.18041229248047,33.774635314941406
9247361,2021,2021-04-13,1906,2021-01-29,1946,4450,1906,5,5,5,1906,0,0,0,,0,001,"BALDWIN PARK BL","KENMORE AV",93.00,N,N,B,-,N,,,,,,,,,,N,2,0,1,2,A,-,11,21954,A,N,G,B,D,B,H,-,C,D,0,Y,,,,Y,Y,N,60,1,0,0,0,1,0,0,0,0,"- ","- ",,,"LOS ANGELES","BALDWIN PARK",-117.97097015380859,34.077892303466797