CASE_ID,ACCIDENT_YEAR,PROC_DATE,JURIS,COLLISION_DATE,COLLISION_TIME,OFFICER_ID,REPORTING_DISTRICT,DAY_OF_WEEK,CHP_SHIFT,POPULATION,CNTY_CITY_LOC,SPECIAL_COND,BEAT_TYPE,CHP_BEAT_TYPE,CITY_DIVISION_LAPD,CHP_BEAT_CLASS,BEAT_NUMBER,PRIMARY_RD,SECONDARY_RD,DISTANCE,DIRECTION,INTERSECTION,WEATHER_1,WEATHER_2,STATE_HWY_IND,CALTRANS_COUNTY,CALTRANS_DISTRICT,STATE_ROUTE,ROUTE_SUFFIX,POSTMILE_PREFIX,POSTMILE,LOCATION_TYPE,RAMP_INTERSECTION,SIDE_OF_HWY,TOW_AWAY,COLLISION_SEVERITY,NUMBER_KILLED,NUMBER_INJURED,PARTY_COUNT,PRIMARY_COLL_FACTOR,PCF_CODE_OF_VIOL,PCF_VIOL_CATEGORY,PCF_VIOLATION,PCF_VIOL_SUBSECTION,HIT_AND_RUN,TYPE_OF_COLLISION,MVIW,PED_ACTION,ROAD_SURFACE,ROAD_COND_1,ROAD_COND_2,LIGHTING,CONTROL_DEVICE,CHP_ROAD_TYPE,PEDESTRIAN_ACCIDENT,BICYCLE_ACCIDENT,MOTORCYCLE_ACCIDENT,TRUCK_ACCIDENT,NOT_PRIVATE_PROPERTY,ALCOHOL_INVOLVED,STWD_VEHTYPE_AT_FAULT,CHP_VEHTYPE_AT_FAULT,COUNT_SEVERE_INJ,COUNT_VISIBLE_INJ,COUNT_COMPLAINT_PAIN,COUNT_PED_KILLED,COUNT_PED_INJURED,COUNT_BICYCLIST_KILLED,COUNT_BICYCLIST_INJURED,COUNT_MC_KILLED,COUNT_MC_INJURED,PRIMARY_RAMP,SECONDARY_RAMP,LATITUDE,LONGITUDE,COUNTY,CITY,POINT_X,POINT_Y
5793976,2012,2013-07-13,1924,2012-02-26,0145,111250,37,7,5,5,1924,0,0,0,,0,8T2,"WESTERN AV","166TH ST",177.00,S,N,A,-,N,,,,,,,,,,Y,3,0,1,1,A,-,01,23152,A,N,E,I,A,A,H,-,C,A,0,,,,,Y,Y,D,22,0,1,0,0,0,0,0,0,0,"- ","- ",,,"LOS ANGELES",GARDENA,-118.30915218,33.879619380000001
5795281,2012,2014-03-28,1976,2012-07-22,1910,233,,7,5,5,1976,0,0,0,,0,004,"WHITTIER BL","BOGARDUS AV",186.00,E,N,A,-,Y,LA,7,72,-,-,0.420,H,-,N,Y,3,0,1,3,A,-,01,23153,A,N,D,C,A,A,H,-,A,D,0,,,,,Y,Y,A,07,0,1,0,0,0,0,0,0,0,"- ","- ",,,"LOS ANGELES",WHITTIER,-117.98368542999999,33.940615190000003
5795593,2012,2013-11-16,1942,2012-08-31,2220,36901,0275,5,5,7,1942,0,0,0,B,0,1T11,"BEACON AV","OLYMPIC BL",0.00,,Y,A,-,N,,,,,,,,,,N,3,0,1,2,A,-,09,21802,A,N,D,G,A,A,H,-,C,A,0,,Y,,,Y,Y,A,01,0,1,0,0,0,0,1,0,0,"- ","- ",,,"LOS ANGELES","LOS ANGELES",-118.27542221,34.049724949999998
5795654,2012,2014-04-30,1942,2012-08-17,2230,39359,0171,5,5,7,1942,0,0,0,A,0,2T15,"JAMES M WOOD","GEORGIA ST",10.00,W,N,A,-,Y,LA,7,110,-,-,22.394,R,4,N,N,4,0,1,2,A,-,04,21703,,N,C,C,A,A,D,-,C,D,0,,,,,Y,Y,A,07,0,0,1,0,0,0,0,0,0,"- ","- ",,,"LOS ANGELES","LOS ANGELES",-118.26548645,34.04849059
5795737,2012,2013-11-09,1942,2012-08-23,0845,39444,1049,4,5,7,1942,0,0,0,J,0,9TL57,"BURBANK BL","WOODLEY AV",20.00,E,N,A,-,N,,,,,,,,,,Y,4,0,1,2,A,-,01,23152,A,N,C,C,A,A,H,-,A,A,0,,,,,Y,Y,A,01,0,0,1,0,0,0,0,0,0,"- ","- ",,,"LOS ANGELES","LOS ANGELES",-118.47576098,34.171705279999998
5795971,2012,2013-11-18,1900,2012-08-07,0100,513818,0468,2,5,4,1936,0,0,0,,0,46T1,"BEACH BL","ROSECRANS AV",0.00,,Y,A,-,N,,,,,,,,,,,3,0,1,2,A,-,01,23152,A,N,D,C,A,A,H,-,C,A,0,,,,,Y,Y,A,01,0,1,0,0,0,0,0,0,0,"- ","- ",,,"LOS ANGELES","LA MIRADA",-117.98742215999999,33.896314930000003
5796080,2012,2013-11-18,1942,2012-08-12,0030,38017,1001,7,5,7,1942,0,0,0,J,0,21T61,"TAMPA AV","ROSCOE BL",15.00,S,N,A,-,N,,,,,,,,,,Y,4,0,1,2,A,-,01,23153,A,N,C,C,A,A,H,-,A,A,0,,,,,Y,Y,A,07,0,0,1,0,0,0,0,0,0,"- ","- ",,,"LOS ANGELES","LOS ANGELES",-118.55358225000001,34.220423709999999
5796253,2012,2013-10-19,1942,2012-07-04,0035,40787,765,3,5,7,1942,0,0,0,,0,7A58,"SYCAMORE AV","VENICE BL",10.00,N,N,A,-,N,,,,,,,,,,N,4,0,1,1,A,-,01,23140,A,N,E,I,A,A,H,-,C,D,0,,,,,Y,Y,A,01,0,0,1,0,0,0,0,0,0,"- ","- ",,,"LOS ANGELES","LOS ANGELES",,
5796264,2012,2013-10-19,1942,2012-07-28,1410,32690,2102,6,5,7,1942,0,0,0,,0,10TL34,"VALLEY CIRCLE BL","LOS ROSAS ST",15.00,N,N,A,-,N,,,,,,,,,,N,4,0,2,2,A,-,01,23152,A,N,C,C,A,A,H,-,A,A,0,,,,,Y,Y,A,08,0,0,2,0,0,0,0,0,0,"- ","- ",,,"LOS ANGELES","LOS ANGELES",-118.64677166,34.224116000000002
5796609,2012,2013-11-23,1920,2012-08-26,0101,12035,,7,5,6,1920,0,0,0,,0,,"FLORENCE AV","PARAMOUNT BL",0.00,,Y,A,-,N,,,,,,,,,,N,3,0,1,2,D,-,00,,,N,G,B,B,A,H,-,C,A,0,Y,,,,Y,Y,-,"- ",0,1,0,0,1,0,0,0,0,"- ","- ",,,"LOS ANGELES",DOWNEY,-118.13009225,33.953504870000003
5796750,2012,2013-11-23,1942,2012-08-08,2000,39396,1124,3,5,7,1942,0,0,0,K,0,11A48,"N SAN FERNANDO RD","RT 2",721.00,S,N,A,-,N,,,,,,,,,,Y,4,0,2,2,A,-,01,23152,A,N,A,-,A,A,H,-,C,D,0,,,,,Y,Y,-,"- ",0,0,2,0,0,0,0,0,0,"- ","- ",,,"LOS ANGELES","LOS ANGELES",-118.24373219,34.111578280000003
5796755,2012,2013-11-25,1942,2012-08-30,2105,35021,0295,4,5,7,1942,0,0,0,B,0,2T15-W,"UNION AV","VENICE BL",8.00,S,N,A,-,N,,,,,,,,,,N,4,0,1,2,A,-,10,21950,A,M,D,G,A,A,H,-,C,A,0,,Y,,,Y,Y,-,99,0,0,1,0,0,0,1,0,0,"- ","- ",,,"LOS ANGELES","LOS ANGELES",-118.27918483000001,34.041515599999997
5799747,2012,2014-03-10,1942,2012-08-07,1830,40046,1018,2,5,7,1942,0,0,0,J,0,10X88,"JAMIESON AV","KITTRIDGE ST",0.00,,Y,A,-,N,,,,,,,,,,N,4,0,1,2,A,-,04,21703,,F,C,C,A,A,H,-,A,D,0,,,,,Y,Y,-,99,0,0,1,0,0,0,0,0,0,"- ","- ",,,"LOS ANGELES","LOS ANGELES",-118.52155229,34.190234910000001
5800632,2012,2013-10-05,1942,2012-06-01,0005,37903,0849,5,5,7,1942,0,0,0,H,0,8T35,"OLYMPIC BL","BEDFORD ST",0.00,,Y,A,-,N,,,,,,,,,,Y,4,0,1,2,A,-,12,21453,A,N,D,C,A,A,H,-,C,A,0,,,,,Y,Y,A,01,0,0,1,0,0,0,0,0,0,"- ","- ",,,"LOS ANGELES","LOS ANGELES",-118.38037223000001,34.059374890000001
5800726,2012,2013-11-08,1942,2012-08-18,2355,38825,,6,5,7,1942,0,0,0,,0,,"SAN PEDRO ST","120TH ST",80.00,N,N,A,-,N,,,,,,,,,,N,4,0,1,2,A,-,10,21952,,F,A,B,F,A,H,-,C,D,0,Y,,,,Y,Y,-,99,0,0,1,0,1,0,0,0,0,"- ","- ",,,"LOS ANGELES","LOS ANGELES",-118.26957526,33.923934170000003
5800959,2012,2014-04-23,1900,2012-09-23,1855,487209,1012,7,5,3,1995,0,0,0,,0,101T1,"RT 1","BUSCH DR",0.00,,Y,A,-,Y,LA,7,1,-,-,55.290,H,-,S,Y,4,0,3,2,A,-,01,23152,A,M,E,I,A,A,H,-,C,A,0,,,,,Y,Y,A,01,0,0,3,0,0,0,0,0,0,"- ","- ",,,"LOS ANGELES",MALIBU,-118.82257131999999,34.016631220000001
5801057,2012,2013-12-11,1955,2012-09-18,0753,40233,18,2,5,6,1955,0,0,0,,0,003,"LINCOLN AV","WASHINGTON AV",0.00,,Y,A,-,N,,,,,,,,,,N,4,0,1,2,A,-,05,21650,1,F,D,C,A,A,H,-,A,A,0,,Y,,,Y,Y,L,04,0,0,1,0,0,0,1,0,0,"- ","- ",,,"LOS ANGELES",POMONA,-117.73151215999999,34.071024940000001
5801474,2012,2014-01-14,1942,2012-09-07,1730,39177,1143,5,5,7,1942,0,0,0,K,0,4T43,"SAN FERNANDO RD","HALLETT AV",0.00,,Y,A,-,N,,,,,,,,,,Y,2,0,2,3,A,-,01,23152,A,N,G,B,B,A,H,-,C,A,0,Y,,,,Y,Y,A,08,2,0,0,0,2,0,0,0,0,"- ","- ",,,"LOS ANGELES","LOS ANGELES",-118.24155224,34.108404950000001
5807465,2012,2014-03-13,1905,2012-10-06,0309,1144,214,6,5,4,1905,0,0,0,,0,072,"VERNON AV","5TH ST",62.00,N,N,-,-,N,,,,,,,,,,Y,3,0,1,4,A,-,03,22350,,M,A,E,A,A,H,-,C,A,0,,,,,Y,Y,A,01,0,1,0,0,0,0,0,0,0,"- ","- ",,,"LOS ANGELES",AZUSA,-117.91579027,34.130044849999997
5807470,2012,2013-12-20,9590,2012-10-03,0210,20081,,3,3,7,1942,0,1,1,,2,052,"RT 110","ADAMS BL",200.00,N,N,A,-,Y,LA,7,110,-,-,20.750,H,-,N,Y,4,0,1,1,A,-,01,23152,A,N,A,I,A,A,H,-,C,D,1,,,,,Y,Y,A,01,0,0,1,0,0,0,0,0,0,"- ","- ",34.027740000000001,-118.27437,"LOS ANGELES","LOS ANGELES",-118.27524566,34.02595195
5807501,2012,2013-12-30,9590,2012-10-01,2245,20351,,1,3,7,1942,0,1,1,,2,012,"RT 110","AV 43",100.00,N,N,A,-,Y,LA,7,110,-,-,27.140,H,-,N,Y,3,0,1,2,A,-,07,21658,A,N,B,C,A,A,H,-,C,D,1,,,,,Y,Y,-,"- ",0,1,0,0,0,0,0,0,0,"- ","- ",34.093989999999998,-118.20612,"LOS ANGELES","LOS ANGELES",-118.20619843,34.093850250000003
5807801,2012,2013-12-21,1942,2012-10-12,2355,35471,1749,5,5,7,1942,0,0,0,Q,0,10T39,"CHATSWORTH ST","HASKELL AV",240.00,W,N,A,-,N,,,,,,,,,,Y,4,0,1,3,A,-,03,22350,,N,G,B,-,A,H,-,C,D,0,Y,,,,Y,Y,A,01,0,0,1,0,1,0,0,0,0,"- ","- ",,,"LOS ANGELES","LOS ANGELES",-118.47685499000001,34.264608160000002
5808253,2012,2014-03-14,1942,2012-10-28,0155,40475,0398,7,5,7,1942,0,0,0,C,0,3A99,"VERNON BL","MENLO AV",15.00,E,N,A,-,N,,,,,,,,,,Y,3,0,5,2,A,-,01,23152,A,F,A,C,A,A,H,-,C,A,0,,,,Y,Y,Y,F,26,0,1,4,0,0,0,0,0,0,"- ","- ",,,"LOS ANGELES","LOS ANGELES",-118.2899828,34.003684849999999
5810095,2012,2013-11-14,9540,2012-08-18,0035,19515,,6,3,7,1942,0,1,1,,2,500,"RT 5","SAN FERNANDO MISSION RD",100.00,S,N,A,-,Y,LA,7,5,-,-,40.220,H,-,N,Y,3,0,1,1,A,-,01,23152,A,N,E,I,A,A,H,-,C,D,1,,,,,Y,Y,A,01,0,1,0,0,0,0,0,0,0,"- ","- ",34.274769999999997,-118.47027,"LOS ANGELES","LOS ANGELES",-118.4522836,34.276307969999998
5810155,2012,2013-11-14,9540,2012-08-26,1450,18359,,7,2,9,1900,0,1,3,,2,126,"RT 126","SAN MARTINEZ",3168.00,W,N,A,-,N,,,,,,,,,,Y,3,0,1,1,A,-,01,23152,A,M,E,I,A,A,H,-,A,D,0,,,,,Y,Y,A,01,0,1,0,0,0,0,0,0,0,"- ","- ",34.40793,-118.68046,"LOS ANGELES",UNINCORPORATED,,
5810243,2012,2013-11-09,1900,2012-08-17,1637,527065,1135,5,5,6,1992,0,0,0,,0,111T1,"17TH ST EAST","AVENUE I",18.00,S,N,A,-,N,,,,,,,,,,N,4,0,1,2,A,-,01,23152,A,N,D,C,A,A,H,-,A,A,0,,,,,Y,Y,A,01,0,0,1,0,0,0,0,0,0,"- ","- ",,,"LOS ANGELES",LANCASTER,-118.09937222000001,34.704235580000002
5810399,2012,2013-11-14,1976,2012-08-25,1707,488,,6,5,3,1964,0,0,0,,0,,"LOS NIETOS RD","SHOEMAKER AV",100.00,E,N,A,-,N,,,,,,,,,,Y,3,0,1,1,A,-,01,23152,A,N,E,I,A,A,H,-,A,D,0,,,,,Y,Y,A,08,0,1,0,0,0,0,0,0,0,"- ","- ",,,"LOS ANGELES","SANTA FE SPRINGS",-118.05481899999999,33.946029719999999
5811415,2012,2013-12-04,1942,2012-09-05,2220,37304,1962,3,5,7,1942,0,0,0,,0,21T63,"PLUMMER ST","VAN NUYS BL",32.00,W,N,A,-,N,,,,,,,,,,Y,4,0,2,2,A,-,01,23152,A,N,B,C,A,A,H,-,C,A,0,,,,,Y,Y,A,07,0,0,2,0,0,0,0,0,0,"- ","- ",,,"LOS ANGELES","LOS ANGELES",-118.45036793,34.242675509999998
5811442,2012,2013-12-04,1942,2012-09-18,0925,36399,0313,2,5,7,1942,0,0,0,C,0,3TS,"CRENSHAW BL","ADAMS BL",450.00,N,N,A,-,N,,,,,,,,,,N,3,0,1,2,A,-,05,21650,1,N,H,G,A,A,H,-,A,D,0,,Y,,,Y,Y,L,04,0,1,0,0,0,0,1,0,0,"- ","- ",,,"LOS ANGELES","LOS ANGELES",-118.33450513,34.033687579999999
5811469,2012,2013-12-04,1942,2012-09-03,2155,37724,0395,1,5,7,1942,0,0,0,C,0,3TL57,"43RD PL","GRAMERCY PL",210.00,,N,A,-,N,,,,,,,,,,Y,4,0,2,3,A,-,01,23152,A,N,-,B,E,A,H,-,C,D,0,Y,,,,Y,Y,A,07,0,0,2,0,2,0,0,0,0,"- ","- ",,,"LOS ANGELES","LOS ANGELES",,
5811807,2012,2013-11-09,9580,2012-08-05,0224,19876,,7,3,7,1942,0,1,2,,2,104,"RT 101","RESEDA BL",40.00,N,N,A,-,Y,LA,7,101,-,-,21.280,H,-,N,Y,3,0,1,1,A,-,01,23152,A,N,E,I,A,A,H,-,C,D,1,,,,,Y,Y,A,01,0,1,0,0,0,0,0,0,0,"- ","- ",34.173340000000003,-118.53617,"LOS ANGELES","LOS ANGELES",-118.53673095000001,34.173375620000002
5812300,2012,2013-12-18,9575,2012-10-18,0530,20172,,4,3,6,1912,0,1,1,,2,051,"RT 5","BUENA VISTA ST",200.00,S,N,B,-,Y,LA,7,5,-,-,31.190,H,-,S,N,3,0,1,2,A,-,01,23152,A,N,B,C,A,A,H,-,C,D,1,,,,Y,Y,Y,A,01,0,1,0,0,0,0,0,0,0,"- ","- ",34.199590000000001,-118.33866,"LOS ANGELES",BURBANK,-118.33575298,34.197005240000003
5812648,2012,2013-11-09,1975,2012-08-26,0102,305,,7,5,6,1975,0,0,0,,0,002,"WALNUT CREEK PKWY","FIRCROFT AV",52.00,W,N,A,-,N,,,,,,,,,,Y,3,0,1,3,A,-,01,23152,,N,C,E,A,A,H,-,C,D,0,,,,,Y,Y,-,"- ",0,1,0,0,0,0,0,0,0,"- ","- ",,,"LOS ANGELES","WEST COVINA",-117.89749903000001,34.06829278
5814499,2012,2013-03-15,1900,2012-12-02,0301,483167,0452,7,5,6,1949,0,0,0,,0,46T2,"PIONEER BL","CRESSON ST",1.00,S,N,A,-,N,,,,,,,,,,Y,3,0,1,5,A,-,03,22350,,N,D,J,A,A,C,-,C,D,0,,,,,Y,Y,D,22,0,1,0,0,0,0,0,0,0,"- ","- ",,,"LOS ANGELES",NORWALK,-118.08191207,33.929402109999998
5814650,2012,2013-02-13,1931,2012-06-17,0310,,,7,5,5,1931,0,0,0,,0,,"GAGE AV","SEVILLE AV",127.00,W,N,A,-,N,,,,,,,,,,Y,4,0,1,2,A,-,01,23152,A,N,C,C,A,A,H,-,C,D,0,,,,,Y,Y,A,01,0,0,1,0,0,0,0,0,0,"- ","- ",33.981720000000003,-118.22315,"LOS ANGELES","HUNTINGTON PARK",-118.22309024,33.981668200000001
5814691,2012,2013-02-12,1900,2012-12-11,1913,522136,1365,2,5,5,1952,0,0,0,,0,136DP,"PARAMOUNT BL","ROSECRANS AV",0.00,,Y,A,-,N,,,,,,,,,,Y,3,0,4,2,A,-,01,23152,A,N,D,C,A,A,H,-,C,A,0,,,,,Y,Y,A,,0,1,3,0,0,0,0,0,0,"- ","- ",,,"LOS ANGELES",PARAMOUNT,-118.16028217,33.903724869999998
5817269,2012,2013-12-18,1942,2012-10-21,0225,37613,0853,7,5,7,1942,0,0,0,H,0,6T7,"SANTA MONICA BL","FEDERAL AV",130.00,W,N,A,-,,,,,,,,,,,Y,2,0,1,4,A,-,01,23152,A,N,B,E,A,A,H,-,C,D,0,,,,,Y,Y,A,01,1,0,0,0,0,0,0,0,0,"- ","- ",,,"LOS ANGELES","LOS ANGELES",-118.45436848999999,34.04451109
5819464,2012,2013-11-22,1942,2012-08-07,1710,27435,0215,2,5,7,1942,0,0,0,B,0,2A12,"TEMPLE ST","RAMPART BL",3.00,E,N,A,-,N,,,,,,,,,,N,4,0,1,2,A,-,10,21950,A,N,G,B,B,A,H,-,A,A,0,Y,,,,Y,Y,-,99,0,0,1,0,1,0,0,0,0,"- ","- ",,,"LOS ANGELES","LOS ANGELES",-118.27486308,34.072511669999997
5819535,2012,2013-11-15,1955,2012-07-27,1924,40002,,5,5,6,1955,0,0,0,,0,001,"POMONA BL","W VALLEY BL",325.00,E,N,A,-,N,,,,,,,,,,Y,3,0,1,2,A,-,01,23152,A,N,C,E,A,A,H,-,A,D,0,,,,,Y,Y,A,01,0,1,0,0,0,0,0,0,0,"- ","- ",,,"LOS ANGELES",POMONA,-117.8156925,34.043767299999999
5821236,2012,2013-12-05,1941,2012-09-21,0721,4046,,5,5,7,1941,0,0,0,,0,,"ARTESIA BL",DOWNEY,94.00,W,N,A,-,N,,,,,,,,,,N,3,0,1,2,D,-,00,,,N,H,G,A,A,H,-,A,D,0,,Y,,,Y,Y,-,"- ",0,1,0,0,0,0,1,0,0,"- ","- ",,,"LOS ANGELES","LONG BEACH",-118.15165116999999,33.877141950000002
5821259,2012,2014-04-08,1941,2012-09-24,0045,6018,,1,5,7,1941,0,0,0,,0,,"7TH ST","NYLIC CT",80.00,W,N,A,-,N,,,,,,,,,,Y,4,0,1,3,A,-,07,21658,A,M,B,E,A,A,H,-,C,D,0,,,,,Y,Y,D,,0,0,1,0,0,0,0,0,0,"- ","- ",,,"LOS ANGELES","LONG BEACH",-118.20026300000001,33.775303000000001
5823186,2012,2013-12-03,1900,2012-09-05,0125,517307,1015,3,5,3,1995,0,0,0,,0,101A,"CIVIC CENTER WY","VISTA PACIFICA",243.00,E,N,A,-,N,,,,,,,,,,Y,2,0,3,1,A,-,01,23152,A,F,E,I,A,A,H,-,-,D,0,,,,,Y,Y,A,01,1,2,0,0,0,0,0,0,0,"- ","- ",,,"LOS ANGELES",MALIBU,-118.69790817000001,34.03618822
5824311,2012,2013-12-02,1942,2012-09-07,0135,32774,1077,5,5,7,1942,0,0,0,J,0,9T57,"VENTURA BL","LOUISE AV",708.00,,N,A,-,N,,,,,,,,,,Y,2,0,1,1,A,-,01,23152,,N,E,I,A,A,H,-,C,D,0,,,,,Y,Y,A,01,1,0,0,0,0,0,0,0,0,"- ","- ",,,"LOS ANGELES","LOS ANGELES",,
5824586,2012,2014-04-03,1975,2012-09-03,0108,371,,1,5,6,1975,0,0,0,,0,005,"AZUSA AV","AUTUMN DR",150.00,N,N,A,-,N,,,,,,,,,,Y,3,0,1,2,A,-,01,23152,A,F,B,C,A,A,H,-,C,D,0,,,,,Y,Y,-,"- ",0,1,0,0,0,0,0,0,0,"- ","- ",,,"LOS ANGELES","WEST COVINA",-117.90983049,34.044662680000002
5825350,2012,2013-12-05,9580,2012-09-08,0255,020093,,6,3,7,1942,0,1,2,,2,100,"RT 101","LANKERSHIM BL",500.00,N,N,A,-,Y,LA,7,101,-,-,10.450,H,-,N,Y,3,0,2,2,A,-,01,23152,A,N,C,C,A,A,H,-,A,D,1,,,,,Y,Y,A,01,0,2,0,0,0,0,0,0,0,"- ","- ",34.138199999999998,-118.36341,"LOS ANGELES","LOS ANGELES",-118.3642995,34.138890400000001
5828994,2012,2014-04-30,1925,2012-09-02,2047,22460,240,7,5,6,1925,0,0,0,,0,004,"HARVEY DR","RT 134",0.00,,Y,A,-,Y,LA,7,134,-,R,8.580,R,4,W,N,4,0,1,2,A,-,01,23153,A,N,C,C,A,A,H,-,C,A,0,,,,,Y,Y,A,,0,0,1,0,0,0,0,0,0,"- ",WO,,,"LOS ANGELES",GLENDALE,-118.23385214,34.150524900000001
5829115,2012,2013-12-21,9580,2012-09-15,0105,019326,,6,3,7,1942,0,1,2,,2,102,"RT 101","HAYVENHURST AV",5.00,N,N,A,-,Y,LA,7,101,-,-,18.630,H,-,N,Y,3,0,1,3,A,-,01,23152,A,N,C,C,A,A,D,-,D,A,1,,,,,Y,Y,A,01,0,1,0,0,0,0,0,0,0,"- ","- ",34.165480000000002,-118.49251,"LOS ANGELES","LOS ANGELES",-118.49145111,34.16537288
5829147,2012,2013-12-04,1907,2012-09-28,0425,229,1,5,5,4,1907,0,0,0,,0,,"ATLANTIC AV","FLORENCE AV",18.00,N,N,A,-,N,,,,,,,,,,N,4,0,1,2,A,-,03,22350,,F,C,C,A,A,H,-,C,A,0,,,,,Y,Y,A,01,0,0,1,0,0,0,0,0,0,"- ","- ",,,"LOS ANGELES",BELL,-118.18818596,33.970424110000003
5829828,2012,2013-12-07,1942,2012-09-07,0300,39639,0646,5,5,7,1942,0,0,0,F,0,6A45,"IVAR AV","SELMA AV",0.00,,Y,A,-,N,,,,,,,,,,Y,4,0,1,2,A,-,01,23152,A,F,G,B,B,A,H,-,C,D,0,Y,,,,Y,Y,A,01,0,0,1,0,1,0,0,0,0,"- ","- ",,,"LOS ANGELES","LOS ANGELES",-118.32817228,34.099774869999997
5829879,2012,2013-12-05,1956,2012-09-22,0155,1274,1956,6,5,5,1956,0,0,0,,0,005,"INGLEWOOD AV","MC BAIN AV",7.00,S,N,A,-,N,,,,,,,,,,Y,3,0,1,1,A,-,01,23153,A,N,A,I,A,A,H,-,C,D,0,,,,,Y,Y,A,01,0,1,0,0,0,0,0,0,0,"- ","- ",,,"LOS ANGELES","REDONDO BEACH",-118.36141219,33.884315630000003
5830769,2012,2014-01-04,1942,2012-11-04,2315,38362,1974,7,5,7,1942,0,0,0,,0,19TL77,"TOBIAS AV","NORDHOFF ST",16.00,S,N,A,-,N,,,,,,,,,,N,4,0,1,2,A,-,10,21950,A,N,G,B,B,A,H,-,D,D,0,Y,,,,Y,Y,D,22,0,0,1,0,1,0,0,0,0,"- ","- ",,,"LOS ANGELES","LOS ANGELES",-118.45166224,34.235360980000003
5831205,2012,2013-12-07,1942,2012-09-29,0315,36336,1954,6,5,7,1942,0,0,0,,0,15T43,"SEPULVEDA BL","SAN JOSE ST",300.00,S,N,A,-,N,,,,,,,,,,N,3,0,1,2,A,-,11,21954,A,N,G,B,D,A,H,-,C,D,0,Y,,,,Y,Y,N,60,0,1,0,0,1,0,0,0,0,"- ","- ",,,"LOS ANGELES","LOS ANGELES",-118.46735228,34.260092020000002
5831212,2012,2013-12-04,9535,2012-09-02,0025,20363,,7,3,3,1914,0,1,1,,2,501,"RT 5","SLAUSON AV",2540.00,N,N,A,-,Y,LA,7,5,-,-,10.260,H,-,S,Y,3,0,1,1,A,-,01,23152,A,N,E,I,A,A,H,-,C,D,1,,,,,Y,Y,A,01,0,1,0,0,0,0,0,0,0,"- ","- ",33.981099999999998,-118.12990000000001,"LOS ANGELES",COMMERCE,-118.12841296000001,33.979283090000003
5831279,2012,2013-12-04,9535,2012-09-14,2200,20387,,5,3,3,1914,0,1,1,,2,501,"RT 5","EASTERN AV",436.00,N,N,A,-,Y,LA,7,5,-,-,14.660,H,-,S,Y,3,0,1,1,A,-,01,23152,A,N,E,I,A,A,H,-,C,D,1,,,,,Y,Y,A,01,0,1,0,0,0,0,0,0,0,"- ","- ",34.017429999999997,-118.17581,"LOS ANGELES",COMMERCE,-118.18624551000001,34.020084670000003
5832396,2012,2013-12-07,1942,2012-09-22,2340,39308,0904,6,5,7,1942,0,0,0,I,0,9T55,"SATICOY ST","TOBIAS AV",150.00,W,N,A,-,N,,,,,,,,,,Y,4,0,2,2,A,-,01,23152,A,N,D,C,A,A,H,-,C,D,0,,,,,Y,Y,A,07,0,0,2,0,0,0,0,0,0,"- ","- ",,,"LOS ANGELES","LOS ANGELES",-118.45251746,34.208454860000003
5834066,2012,2013-12-16,9545,2012-10-19,2307,020228,,5,3,9,1900,0,3,5,,2,004,"AVENUE Q 14","95TH ST",0.00,,Y,A,-,N,,,,,,,,,,Y,2,0,3,2,A,-,01,23152,A,N,D,C,A,A,H,-,C,A,0,,,,,Y,Y,A,07,2,0,1,0,0,0,0,0,0,"- ","- ",34.57423,-117.96098000000001,"LOS ANGELES",UNINCORPORATED,-117.96094219,34.574224970000003
5835052,2012,2014-02-05,1942,2012-09-30,1945,38818,1239,7,5,7,1942,0,0,0,L,0,3A31,"SLAUSON AV","BUDLONG AV",0.00,,Y,-,-,N,,,,,,,,,,Y,2,0,2,2,A,-,01,23152,A,N,D,C,A,A,H,-,B,D,0,,,,,Y,Y,A,07,1,1,0,0,0,0,0,0,0,"- ","- ",,,"LOS ANGELES","LOS ANGELES",-118.29586232,33.98911493
5836349,2012,2013-12-06,9535,2012-09-08,1950,20381,,6,2,9,1900,0,1,1,,2,651,"RT 605","RT 60",18.00,N,N,A,-,Y,LA,7,60,-,-,11.550,H,-,W,Y,3,0,7,1,A,-,01,23152,A,N,F,A,A,A,H,-,C,D,1,,,,,Y,Y,A,01,0,4,3,0,0,0,0,0,0,TO,"- ",34.034889999999997,-118.02766,"LOS ANGELES",UNINCORPORATED,-118.03091612999999,34.03577447
5836478,2012,2013-12-05,1942,2012-09-06,0240,36344,2027,4,5,7,1942,0,0,0,,0,20A13,"BERENDO ST","6TH ST",50.00,N,N,A,-,N,,,,,,,,,,N,4,0,1,2,A,-,"- ",,,N,D,C,A,A,H,-,C,D,0,,,,,Y,Y,A,01,0,0,1,0,0,0,0,0,0,"- ","- ",,,"LOS ANGELES","LOS ANGELES",-118.2941622,34.063741980000003
5836900,2012,2013-12-04,9545,2012-09-28,2225,018489,,5,3,9,1900,0,3,5,,2,001,"AVENUE I","80TH ST W",1584.00,W,N,A,-,N,,,,,,,,,,Y,3,0,1,1,A,-,01,23152,A,N,E,I,A,A,H,-,D,D,0,,,,,Y,Y,A,01,0,1,0,0,0,0,0,0,0,"- ","- ",34.70393,-118.26563,"LOS ANGELES",UNINCORPORATED,-118.27715164999999,34.70388269
5837179,2012,2014-01-15,1942,2012-09-22,1745,39573,1963,6,5,7,1942,0,0,0,,0,19X12,"LASSEN ST","WOODMAN AV",75.00,W,N,A,-,N,,,,,,,,,,Y,3,0,1,2,A,-,01,23152,A,N,B,E,A,A,H,-,A,D,0,,,,,Y,Y,A,01,0,1,0,0,0,0,0,0,0,"- ","- ",,,"LOS ANGELES","LOS ANGELES",-118.45072781,34.250468580000003