CASE_ID,ACCIDENT_YEAR,PROC_DATE,JURIS,COLLISION_DATE,COLLISION_TIME,OFFICER_ID,REPORTING_DISTRICT,DAY_OF_WEEK,CHP_SHIFT,POPULATION,CNTY_CITY_LOC,SPECIAL_COND,BEAT_TYPE,CHP_BEAT_TYPE,CITY_DIVISION_LAPD,CHP_BEAT_CLASS,BEAT_NUMBER,PRIMARY_RD,SECONDARY_RD,DISTANCE,DIRECTION,INTERSECTION,WEATHER_1,WEATHER_2,STATE_HWY_IND,CALTRANS_COUNTY,CALTRANS_DISTRICT,STATE_ROUTE,ROUTE_SUFFIX,POSTMILE_PREFIX,POSTMILE,LOCATION_TYPE,RAMP_INTERSECTION,SIDE_OF_HWY,TOW_AWAY,COLLISION_SEVERITY,NUMBER_KILLED,NUMBER_INJURED,PARTY_COUNT,PRIMARY_COLL_FACTOR,PCF_CODE_OF_VIOL,PCF_VIOL_CATEGORY,PCF_VIOLATION,PCF_VIOL_SUBSECTION,HIT_AND_RUN,TYPE_OF_COLLISION,MVIW,PED_ACTION,ROAD_SURFACE,ROAD_COND_1,ROAD_COND_2,LIGHTING,CONTROL_DEVICE,CHP_ROAD_TYPE,PEDESTRIAN_ACCIDENT,BICYCLE_ACCIDENT,MOTORCYCLE_ACCIDENT,TRUCK_ACCIDENT,NOT_PRIVATE_PROPERTY,ALCOHOL_INVOLVED,STWD_VEHTYPE_AT_FAULT,CHP_VEHTYPE_AT_FAULT,COUNT_SEVERE_INJ,COUNT_VISIBLE_INJ,COUNT_COMPLAINT_PAIN,COUNT_PED_KILLED,COUNT_PED_INJURED,COUNT_BICYCLIST_KILLED,COUNT_BICYCLIST_INJURED,COUNT_MC_KILLED,COUNT_MC_INJURED,PRIMARY_RAMP,SECONDARY_RAMP,LATITUDE,LONGITUDE,COUNTY,CITY,POINT_X,POINT_Y
6001366,2013,2014-04-02,1900,2013-01-03,1457,513391,2262,4,5,2,1993,0,0,0,,0,222T1,"VIA COLINAS","VIA ROCAS",142.00,N,N,-,-,N,,,,,,,,,,Y,3,0,1,1,A,-,01,23152,A,N,E,I,A,-,-,-,-,D,0,,,,,Y,Y,A,07,0,1,0,0,0,0,0,0,0,"- ","- ",,,"LOS ANGELES","WESTLAKE VILLAGE",-118.8058491,34.154082500000001
6001392,2013,2014-11-10,1942,2013-01-13,0215,40862,1446,7,5,7,1942,0,0,0,N,0,14A49,"VENICE BL","INGLEWOOD BL",81.00,E,N,A,-,Y,LA,7,187,-,-,5.120,H,-,W,Y,3,0,1,3,A,-,01,23152,,F,C,C,A,A,H,-,C,A,0,,,,,Y,Y,A,01,0,1,0,0,0,0,0,0,0,"- ","- ",,,"LOS ANGELES","LOS ANGELES",-118.4287114,34.006419800000003
6002448,2013,2014-01-24,1941,2013-01-19,1814,6066,,6,5,7,1941,0,0,0,,0,901T,"STUDEBAKER RD","ANAHEIM RD",0.00,,Y,A,-,N,,,,,,,,,,Y,4,0,1,2,A,-,01,23152,,N,D,C,A,A,H,-,C,A,0,,,Y,,Y,Y,C,,0,0,1,0,0,0,0,0,1,"- ","- ",,,"LOS ANGELES","LONG BEACH",-118.10274219999999,33.781494899999998
6003894,2013,2014-02-04,1942,2013-03-03,1940,40603,1693,7,5,7,1942,0,0,0,P,0,16A81,"LULL ST",SHADYGLADE,60.00,E,N,A,-,N,,,,,,,,,,N,4,0,1,2,A,-,03,22350,,F,G,B,E,A,H,-,C,D,0,Y,,,,Y,Y,-,99,0,0,1,0,1,0,0,0,0,"- ","- ",,,"LOS ANGELES","LOS ANGELES",-118.40227419999999,34.209383500000001
6003960,2013,2014-02-05,1941,2013-03-15,2322,10312,,5,5,7,1941,0,0,0,,0,014,"CLARK AV","SPRING ST",50.00,S,N,A,-,N,,,,,,,,,,Y,4,0,1,3,A,-,03,22350,,N,C,C,A,A,H,-,C,A,0,,,,,Y,Y,A,,0,0,1,0,0,0,0,0,0,"- ","- ",,,"LOS ANGELES","LONG BEACH",-118.1340021,33.810508200000001
6003970,2013,2014-02-05,1942,2013-03-03,1100,37731,,7,5,7,1942,0,0,0,,0,3T5,"DENKER AV","51ST PL",0.00,,Y,B,-,N,,,,,,,,,,Y,3,0,1,2,A,-,01,23152,A,N,D,C,A,A,H,-,A,D,0,,,,,Y,Y,A,01,0,1,0,0,0,0,0,0,0,"- ","- ",,,"LOS ANGELES","LOS ANGELES",-118.3045923,33.995964999999998
6004216,2013,2014-01-23,1942,2013-02-24,2013,25495,0727,7,5,7,1942,0,0,0,G,0,7T23,"LA BREA AV","BEVERLY BL",120.00,N,N,A,-,N,,,,,,,,,,N,4,0,1,2,A,-,03,22350,,N,C,C,A,A,H,-,C,D,0,,,,,Y,Y,A,01,0,0,1,0,0,0,0,0,0,"- ","- ",,,"LOS ANGELES","LOS ANGELES",-118.3440453,34.076484000000001
6004488,2013,2014-10-21,9580,2013-02-04,2140,16695,,1,2,7,1942,0,1,2,,2,104,"RT 101","RESEDA BL",1320.00,N,N,A,-,Y,LA,7,101,-,-,21.520,H,-,N,N,4,0,1,2,A,-,07,21658,A,M,B,C,A,A,H,-,D,D,1,,,,,Y,Y,A,01,0,0,1,0,0,0,0,0,0,"- ","- ",34.173400000000001,-118.54056,"LOS ANGELES","LOS ANGELES",-118.5415357,34.173458400000001
6005963,2013,2014-01-28,1955,2013-02-21,1526,36213,92,4,5,6,1955,0,0,0,,0,004,"E MISSION BL","LA MESA ST",75.00,W,N,A,-,N,,,,,,,,,,N,4,0,1,2,A,-,10,21952,,N,G,B,F,A,H,-,A,D,0,Y,,,,Y,Y,A,01,0,0,1,0,1,0,0,0,0,"- ","- ",,,"LOS ANGELES",POMONA,-117.73505900000001,34.0554603
6008088,2013,2014-08-04,1941,2013-02-15,0300,10033,,5,5,7,1941,0,0,0,,0,,"7TH ST","JUNIPERO AV",0.00,,Y,A,-,N,,,,,,,,,,N,3,0,1,2,A,-,10,21950,A,N,H,G,A,A,H,-,C,A,0,,Y,,,Y,Y,A,,0,1,0,0,0,0,1,0,0,"- ","- ",,,"LOS ANGELES","LONG BEACH",-118.1633422,33.775314799999997
6008591,2013,2014-01-30,1942,2013-02-18,2145,30983,1673,1,5,7,1942,0,0,0,P,0,9T57,"SAN FERNANDO RD","TUXFORD ST",0.00,,Y,A,-,N,,,,,,,,,,Y,3,0,2,2,A,-,01,23152,A,F,A,C,A,A,H,-,C,D,0,,,,,Y,Y,A,01,0,1,1,0,0,0,0,0,0,"- ","- ",,,"LOS ANGELES","LOS ANGELES",-118.3810623,34.227474899999997
6008611,2013,2014-01-30,1942,2013-02-18,0135,39576,1526,1,5,7,1942,0,0,0,O,0,15T45,"LANKERSHIM BL","OXNARD ST",715.00,N,N,A,-,N,,,,,,,,,,Y,3,0,1,1,A,-,01,23152,A,N,A,I,A,A,H,-,C,D,0,,,,,Y,Y,A,01,0,1,0,0,0,0,0,0,0,"- ","- ",,,"LOS ANGELES","LOS ANGELES",-118.38448440000001,34.181170199999997
6008751,2013,2014-01-30,1938,2013-02-10,2041,676,218,7,5,4,1938,0,0,0,,0,002,"D ST","8TH ST",0.00,,Y,B,-,N,,,,,,,,,,N,3,0,1,2,A,-,11,21950,B,N,G,B,E,A,H,-,C,D,0,Y,,,,Y,Y,N,60,0,1,0,0,1,0,0,0,0,"- ","- ",,,"LOS ANGELES","LA VERNE",-117.76841210000001,34.105224999999997
6009258,2013,2014-01-30,1942,2013-02-20,1425,38017,1918,3,5,7,1942,0,0,0,,0,10TL36,"SAYRE ST","BROMONT AV",0.00,,Y,A,-,N,,,,,,,,,,N,4,0,1,2,A,-,10,21950,A,F,G,B,B,A,H,-,A,A,0,Y,,,,Y,Y,-,99,0,0,1,0,1,0,0,0,0,"- ","- ",,,"LOS ANGELES","LOS ANGELES",-118.4352822,34.308805
6009306,2013,2014-01-29,1947,2013-02-17,0034,1347,,7,5,5,1947,0,0,0,,0,04C,"NORTH GARFIELD AV","VIA SAN CARLO",20.00,E,N,A,-,N,,,,,,,,,,N,4,0,2,3,A,-,01,23153,A,F,H,C,A,A,H,-,C,A,0,,,,,Y,Y,A,01,0,0,2,0,0,0,0,0,0,"- ","- ",,,"LOS ANGELES",MONTEBELLO,-118.13158439999999,34.024842599999999
6009367,2013,2014-01-31,1900,2013-02-24,0035,510524,0453,7,5,6,1949,0,0,0,,0,43T1,"IMPERIAL HWY","FAIRFORD AV",0.00,,Y,A,-,N,,,,,,,,,,Y,2,0,3,2,A,-,01,23153,A,F,D,C,A,A,H,-,B,A,0,,,,,Y,Y,A,01,1,1,1,0,0,0,0,0,0,"- ","- ",,,"LOS ANGELES",NORWALK,-118.09488229999999,33.917164999999997
6009704,2013,2014-01-29,1969,2013-02-17,0450,10130,PATRO,7,5,5,1969,0,0,0,,0,002,"STATE ST","DUANE WY",90.00,S,N,A,-,N,,,,,,,,,,Y,4,0,3,5,A,-,01,23152,A,N,D,C,A,A,H,-,C,D,0,,,,,Y,Y,A,01,0,0,3,0,0,0,0,0,0,"- ","- ",,,"LOS ANGELES","SOUTH GATE",-118.2130688,33.949249899999998
6009705,2013,2014-07-30,1941,2013-02-01,1900,5183,``,5,5,7,1941,0,0,0,,0,,LAKEWOOD,"CARSON ST",170.00,S,N,A,-,N,,,,,,,,,,Y,4,0,5,3,A,-,03,22350,,N,C,-,A,A,H,-,C,D,0,,,,,Y,Y,-,"- ",0,0,5,0,0,0,0,0,0,"- ","- ",,,"LOS ANGELES","LONG BEACH",-118.142478,33.831878000000003
6010639,2013,2014-01-27,1942,2013-02-13,2235,34398,2141,3,5,7,1942,0,0,0,,0,21A57,"PLATT AV","VICTORY BL",0.00,,Y,A,-,N,,,,,,,,,,Y,4,0,3,2,A,-,12,21453,A,N,-,C,A,A,H,-,C,A,0,,,,,Y,Y,-,"- ",0,0,3,0,0,0,0,0,0,"- ","- ",,,"LOS ANGELES","LOS ANGELES",-118.64278229999999,34.186604899999999
6011487,2013,2014-02-03,1942,2013-03-07,2035,40587,1904,4,5,7,1942,0,0,0,,0,21T61,"KENNEDY RD","OLIVE VIEW DR",0.00,,Y,C,-,N,,,,,,,,,,N,3,0,1,2,A,-,10,21950,A,N,G,B,B,B,H,-,C,D,0,Y,,,,Y,Y,A,07,0,1,0,0,1,0,0,0,0,"- ","- ",,,"LOS ANGELES","LOS ANGELES",-118.44699230000001,34.324305000000003
6011761,2013,2014-02-08,1942,2013-03-12,2025,38314,0914,2,5,7,1942,0,0,0,I,0,35Q83,"VANOWEN ST","KESTER AV",0.00,,Y,A,-,N,,,,,,,,,,N,4,0,2,3,A,-,01,23152,A,N,G,B,B,A,H,-,C,A,0,Y,,,,Y,Y,A,01,0,0,2,0,2,0,0,0,0,"- ","- ",,,"LOS ANGELES","LOS ANGELES",-118.4574623,34.193914999999997
6011786,2013,2014-02-10,1942,2013-03-17,0015,36698,0219,7,5,7,1942,0,0,0,B,0,13T53,"SUNSET BL","BEAUDRY AV",150.00,E,N,B,-,N,,,,,,,,,,N,3,0,1,2,A,-,09,21801,A,N,H,G,A,A,H,-,C,D,0,,Y,,,Y,Y,A,01,0,1,0,0,0,0,1,0,0,"- ","- ",,,"LOS ANGELES","LOS ANGELES",-118.248954,34.064873300000002
6014252,2013,2014-02-07,1942,2013-03-20,1940,34332,0984,3,5,7,1942,0,0,0,I,0,15T43,"KESTER AV","VENTURA BL",80.00,N,N,A,-,N,,,,,,,,,,Y,3,0,3,4,A,-,03,22350,,N,C,C,A,A,H,-,-,A,0,,,,,Y,Y,A,01,0,1,2,0,0,0,0,0,0,"- ","- ",,,"LOS ANGELES","LOS ANGELES",-118.4574246,34.152574299999998
6014711,2013,2014-07-24,1900,2013-03-07,0438,521421,2823,4,5,5,1915,0,0,0,,0,0EM,"LONG BEACH BL","ROSECRANS AV",260.00,N,N,A,-,N,,,,,,,,,,Y,4,0,1,1,A,-,01,23152,A,M,E,I,A,A,H,-,C,D,0,,,,,Y,Y,A,07,0,0,1,0,0,0,0,0,0,"- ","- ",,,"LOS ANGELES",COMPTON,-118.2085313,33.904226700000002
6015301,2013,2014-02-06,1969,2013-03-21,2315,10098,SOUTH,4,5,5,1969,0,0,0,,0,0A3,"OTIS ST","TWEEDY BL",0.00,,Y,A,-,N,,,,,,,,,,Y,2,0,1,2,A,-,01,23152,A,N,D,C,A,A,H,-,C,A,0,,,,,Y,Y,A,01,1,0,0,0,0,0,0,0,0,"- ","- ",,,"LOS ANGELES","SOUTH GATE",-118.1977323,33.943334900000004
6016230,2013,2014-02-11,1900,2013-03-16,0030,522763,2607,6,5,6,1950,0,0,0,,0,263T1,"62ND ST E","SANDWOOD WY",0.00,,Y,A,-,N,,,,,,,,,,N,3,0,1,2,A,-,11,21954,A,M,G,B,E,A,H,-,C,D,0,Y,,,,Y,Y,N,60,0,1,0,0,1,0,0,0,0,"- ","- ",,,"LOS ANGELES",PALMDALE,-118.01833999999999,34.572949999999999
6017393,2013,2014-02-03,1948,2013-03-19,2123,385,1948,2,5,5,1948,0,0,0,,0,003,"RIGGIN ST","FERDINAND AV",0.00,,Y,A,-,N,,,,,,,,,,N,2,0,1,2,A,-,11,21950,B,N,D,B,D,A,H,-,C,A,0,Y,,,,Y,Y,N,60,1,0,0,0,1,0,0,0,0,"- ","- ",,,"LOS ANGELES","MONTEREY PARK",-118.13426219999999,34.036695000000002
6017508,2013,2014-02-04,1942,2013-03-24,0905,34756,1024,7,5,7,1942,0,0,0,J,0,35M119,"VANOWEN ST",RHEA,0.00,,Y,A,-,N,,,,,,,,,,N,4,0,1,2,A,-,04,21703,,F,C,C,A,A,H,-,A,D,0,,,,,Y,Y,A,01,0,0,1,0,0,0,0,0,0,"- ","- ",,,"LOS ANGELES","LOS ANGELES",-118.54151229999999,34.193834899999999
6017775,2013,2014-11-07,9590,2013-03-07,2315,20046,,4,3,7,1942,0,1,1,,2,062,"RT 10","RT 110",500.00,W,N,A,-,Y,LA,7,10,-,-,14.565,R,1,E,Y,4,0,1,2,A,-,01,23152,A,N,B,C,A,A,H,-,C,D,1,,,,,Y,Y,A,07,0,0,1,0,0,0,0,0,0,"- ","- ",34.037909999999997,-118.27545000000001,"LOS ANGELES","LOS ANGELES",-118.2768559,34.038006199999998
6017778,2013,2014-05-21,1928,2013-03-13,2138,362,H522,3,5,5,1928,0,0,0,,0,,"MARINE AV","PRAIRIE AV",0.00,,Y,A,-,N,,,,,,,,,,N,4,0,3,2,A,-,09,21801,A,N,B,C,A,A,H,-,C,A,0,,,,,Y,Y,A,01,0,0,3,0,0,0,0,0,0,"- ","- ",,,"LOS ANGELES",HAWTHORNE,-118.3438622,33.894654899999999
6017815,2013,2014-11-18,9590,2013-03-03,0308,019813,,7,3,7,1942,0,1,1,,2,084,"RT 5","GILROY ST",566.00,S,N,A,-,Y,LA,7,5,-,-,22.670,H,-,N,Y,3,0,3,3,A,-,01,23152,,N,C,C,A,A,H,-,D,D,1,,,,,Y,Y,A,01,0,3,0,0,0,0,0,0,0,"- ","- ",34.103610000000003,-118.25203,"LOS ANGELES","LOS ANGELES",-118.25001450000001,34.1026642
6017951,2013,2014-10-22,9575,2013-03-08,0103,16741,,5,3,7,1942,0,1,3,,2,041,"RT 134","PATRICIAN WY",300.00,W,N,C,-,Y,LA,7,134,-,R,11.639,R,2,W,N,3,0,1,1,A,-,01,23152,A,N,E,I,A,B,H,-,C,D,1,,,,,Y,Y,A,01,0,1,0,0,0,0,0,0,0,TO,"- ",34.141950000000001,-118.18205,"LOS ANGELES","LOS ANGELES",-118.1830677,34.141940099999999
6019473,2013,2014-02-10,9590,2013-04-01,1655,13435,,1,2,7,1942,0,1,1,,2,053,"RT 110","WASHINGTON BL",200.00,S,N,A,-,Y,LA,7,110,-,-,21.200,H,-,S,N,4,0,1,2,A,-,01,23152,A,F,C,C,A,A,H,-,A,D,1,,,,,Y,Y,D,22,0,0,1,0,0,0,0,0,0,"- ","- ",34.034469999999999,-118.27475,"LOS ANGELES","LOS ANGELES",-118.2747205,34.033324200000003
6019709,2013,2014-10-16,9540,2013-03-08,2320,019658,,5,3,9,1900,0,1,3,,2,147,"RT 14","AQUADULCE CANYON RD",3696.00,S,N,B,C,Y,LA,7,14,-,-,39.150,H,-,S,Y,3,0,1,2,A,-,01,23152,A,N,C,C,A,B,H,-,C,D,1,,,,,Y,Y,A,07,0,1,0,0,0,0,0,0,0,"- ","- ",34.464320000000001,-118.34113000000001,"LOS ANGELES",UNINCORPORATED,-118.3420296,34.463424099999997
6019829,2013,2014-02-08,1955,2013-03-07,1549,40624,36,4,5,6,1955,0,0,0,,0,002,"WHITE AV","MCKINLEY AV",0.00,,Y,B,-,N,,,,,,,,,,N,3,0,1,2,A,-,12,21453,A,N,D,G,A,A,H,-,A,A,0,,Y,,,Y,Y,-,,0,1,0,0,0,0,1,0,0,"- ","- ",,,"LOS ANGELES",POMONA,-117.75984219999999,34.077854899999998
6021907,2012,2013-11-09,9530,2012-08-12,0006,20082,,7,3,9,1900,0,3,5,,2,003,"ATLANTIC AV","ROSECRANS AV",348.00,N,N,A,-,N,,,,,,,,,,Y,3,0,3,2,A,-,01,23152,A,N,C,C,A,A,H,-,C,D,0,,,,,Y,Y,A,07,0,2,1,0,0,0,0,0,0,"- ","- ",33.904179999999997,-118.19413,"LOS ANGELES",UNINCORPORATED,-118.19404068999999,33.904587919999997
6022179,2013,2014-02-06,1942,2013-03-26,2340,33260,1162,2,5,7,1942,0,0,0,K,0,2T15,"VIRGIL AV","LEXINGTON AV",141.00,S,N,A,-,N,,,,,,,,,,Y,4,0,1,5,A,-,01,23152,A,N,B,E,A,A,H,-,C,D,0,,,,,Y,Y,D,22,0,0,1,0,0,0,0,0,0,"- ","- ",,,"LOS ANGELES","LOS ANGELES",-118.28660619999999,34.093078200000001
6025570,2012,2013-11-08,9565,2012-08-28,1630,020370,,2,2,7,1942,0,1,1,,2,064,"RT 405","GETTY CENTER DR",500.00,S,N,A,-,Y,LA,7,405,-,-,34.030,H,-,N,N,4,0,3,2,A,-,03,22350,,N,C,C,A,A,D,-,A,D,1,,,,,Y,Y,A,01,0,0,3,0,0,0,0,0,0,"- ","- ",34.091769999999997,-118.47565,"LOS ANGELES","LOS ANGELES",-118.47475243,34.085451890000002
6027215,2013,2014-02-05,1942,2013-03-29,2325,40545,1363,5,5,7,1942,0,0,0,M,0,13T55,"CENTRAL AV","51ST ST",36.00,S,N,A,-,N,,,,,,,,,,N,2,0,1,2,A,-,11,21955,,F,G,B,D,A,H,-,C,D,0,Y,,,,Y,Y,N,60,1,0,0,0,1,0,0,0,0,"- ","- ",,,"LOS ANGELES","LOS ANGELES",-118.2564722,33.997016100000003
6027275,2013,2014-02-05,1942,2013-03-21,2225,30083,0439,4,5,7,1942,0,0,0,D,0,11T21,"VALLEY BL","BEATIE PL",0.00,,Y,A,-,N,,,,,,,,,,Y,3,0,2,3,A,-,01,23152,A,N,D,C,A,A,H,-,C,D,0,,,,,Y,Y,A,08,0,1,1,0,0,0,0,0,0,"- ","- ",,,"LOS ANGELES","LOS ANGELES",-118.1727322,34.071624999999997
6028728,2013,2014-02-11,1942,2013-04-05,0545,39473,1969,5,5,7,1942,0,0,0,,0,9TL57,"VENA AV","TERRA BELLA ST",0.00,,Y,A,-,N,,,,,,,,,,Y,3,0,1,2,A,-,01,23152,A,N,D,C,A,A,H,-,A,A,0,,,,,Y,Y,A,01,0,1,0,0,0,0,0,0,0,"- ","- ",,,"LOS ANGELES","LOS ANGELES",-118.4299223,34.249854900000003
6028740,2013,2014-12-24,1942,2013-04-03,0145,27792,1952,3,5,7,1942,0,0,0,,0,10T35W,"DEVONSHIRE ST","LANGDON AV",2.00,E,N,A,-,N,,,,,,,,,,Y,3,0,1,1,A,-,01,23152,A,N,E,I,A,A,H,-,C,D,0,,,,,Y,Y,A,01,0,1,0,0,0,0,0,0,0,"- ","- ",,,"LOS ANGELES","LOS ANGELES",-118.4696356,34.257294899999998
6029122,2013,2014-02-04,9535,2013-03-25,0045,20336,,1,3,9,1900,0,2,4,,2,022,"OLYMPIC BL","RECORD AV",75.00,W,N,A,-,N,,,,,,,,,,Y,3,0,1,2,A,-,01,23152,A,N,C,E,A,A,H,-,C,D,0,,,,,Y,Y,A,07,0,1,0,0,0,0,0,0,0,"- ","- ",34.018210000000003,-118.21841000000001,"LOS ANGELES",UNINCORPORATED,-118.18279920000001,34.018902799999999
6029157,2013,2014-10-30,9535,2013-03-26,2025,019778,,2,2,5,1959,0,1,1,,2,400,"RT 10","ROSEMEAD BL",575.00,E,N,A,-,Y,LA,7,10,-,-,26.980,H,-,E,N,4,0,1,2,A,-,03,22350,,N,C,C,A,A,H,-,C,D,0,,,,,Y,Y,D,22,0,0,1,0,0,0,0,0,0,"- ","- ",34.072130000000001,-118.07053000000001,"LOS ANGELES",ROSEMEAD,-118.0701524,34.072094900000003
6029856,2013,2014-02-03,1942,2013-04-03,2110,38035,642,3,5,7,1942,0,0,0,,0,6X44,"HOLLYWOOD BL","SIERRA BONITA AV",112.00,W,N,A,-,N,,,,,,,,,,Y,3,0,3,2,A,-,01,23152,A,N,C,C,A,A,H,-,C,D,0,,,,,Y,Y,A,01,0,3,0,0,0,0,0,0,0,"- ","- ",,,"LOS ANGELES","LOS ANGELES",-118.3543315,34.1016482
6029880,2013,2014-02-03,1942,2013-04-01,2240,39565,2035,1,5,7,1942,0,0,0,,0,20X97,"WILSHIRE BL",MARIPOSA,15.00,W,N,A,-,N,,,,,,,,,,N,4,0,1,2,A,-,03,22350,,N,C,C,A,A,H,-,C,A,0,,,,,Y,Y,A,01,0,0,1,0,0,0,0,0,0,"- ","- ",,,"LOS ANGELES","LOS ANGELES",-118.29926159999999,34.061754899999997
6030493,2013,2014-02-04,1942,2013-04-01,2240,39436,0361,1,5,7,1942,0,0,0,C,0,5T21,"LA BREA AV","RODEO DR",0.00,,Y,A,-,N,,,,,,,,,,Y,4,0,1,2,A,-,09,21801,A,N,D,C,A,A,H,-,C,A,0,,,,,Y,Y,A,01,0,0,1,0,0,0,0,0,0,"- ","- ",,,"LOS ANGELES","LOS ANGELES",-118.3556423,34.0215149
6031345,2012,2013-11-22,9530,2012-08-20,0515,20384,,1,3,9,1900,0,3,5,,2,002,"MONA BL","124TH ST",330.00,N,N,A,-,N,,,,,,,,,,Y,4,0,1,1,A,-,01,23152,A,N,E,I,A,A,H,-,B,D,0,,,,,Y,Y,A,07,0,0,1,0,0,0,0,0,0,"- ","- ",33.920850000000002,-118.22839,"LOS ANGELES",UNINCORPORATED,-118.22835834,33.920732209999997
6031359,2012,2013-11-22,9530,2012-08-19,1815,020248,,7,2,9,1900,0,3,5,,2,002,"SAN PEDRO ST","122ND ST",100.00,S,N,A,-,N,,,,,,,,,,Y,3,0,1,2,A,-,01,23152,A,N,C,E,A,A,H,-,A,D,0,,,,,Y,Y,A,01,0,1,0,0,0,0,0,0,0,"- ","- ",33.900799999999997,-118.26958999999999,"LOS ANGELES",UNINCORPORATED,-118.26951921,33.921050649999998
6032021,2013,2014-09-09,1900,2013-04-01,1740,524464,2610,1,5,6,1950,0,0,0,,0,262TI,"PALMDALE BL","9TH ST EAST",212.00,W,N,A,-,N,,,,,,,,,,Y,4,0,1,1,A,-,08,22107,,N,F,A,A,A,H,-,A,D,0,,,,,Y,Y,-,"- ",0,0,1,0,0,0,0,0,0,"- ","- ",,,"LOS ANGELES",PALMDALE,-118.115025,34.579590400000001
6032198,2013,2014-02-10,1975,2013-03-20,0758,306,,3,5,6,1975,0,0,0,,0,6P24,"CAMERON AV","VALINDA AV",55.00,W,N,A,-,N,,,,,,,,,,N,4,0,2,2,A,-,01,23153,A,N,C,D,A,A,H,-,A,A,0,,,,,Y,Y,-,"- ",0,0,2,0,0,0,0,0,0,"- ","- ",,,"LOS ANGELES","WEST COVINA",-117.9256433,34.061267800000003
6032464,2013,2014-02-13,9580,2013-04-09,1825,17505,,2,2,7,1942,0,1,3,,2,171,"RT 170","WHITSETT AV",20.00,S,N,A,-,Y,LA,7,170,-,R,18.650,H,-,S,Y,3,0,2,2,A,-,01,23152,A,N,B,C,A,A,H,-,A,D,1,,,,,Y,Y,A,01,0,2,0,0,0,0,0,0,0,"- ","- ",34.205930000000002,-118.40612,"LOS ANGELES","LOS ANGELES",-118.406285,34.206945900000001
6032476,2013,2015-01-20,9580,2013-04-12,0145,16695,,5,3,7,1942,0,1,2,,2,104,"RT 101","SHOUP AV",900.00,S,N,A,-,Y,LA,7,101,-,-,25.640,H,-,N,Y,3,0,1,1,A,-,01,23152,A,N,E,I,A,A,H,-,C,D,1,,,,,Y,Y,A,07,0,1,0,0,0,0,0,0,0,"- ","- ",34.170630000000003,-118.60930999999999,"LOS ANGELES","LOS ANGELES",-118.6097197,34.170569200000003
6034861,2013,2014-02-10,1942,2013-04-12,0300,39436,1837,5,5,7,1942,0,0,0,R,0,5T21,"GRAHAM AV","105TH ST",7.00,N,N,A,-,N,,,,,,,,,,Y,4,0,2,1,A,-,03,22350,,N,E,I,A,A,H,-,C,D,0,,,,,Y,Y,A,01,0,0,2,0,0,0,0,0,0,"- ","- ",,,"LOS ANGELES","LOS ANGELES",-118.2427004,33.940724000000003
6035589,2013,2014-02-10,1942,2013-04-06,0855,37146,1235,6,5,7,1942,0,0,0,L,0,12T41,"NORMANDIE AV",SLAUSON,6.00,S,N,A,-,N,,,,,,,,,,Y,3,0,3,2,A,-,01,23152,A,F,D,C,A,A,H,-,A,A,0,,,,,Y,Y,A,07,0,1,2,0,0,0,0,0,0,"- ","- ",,,"LOS ANGELES","LOS ANGELES",-118.3002122,33.989128399999998
6035665,2013,2014-02-13,1942,2013-04-06,0015,40587,1795,6,5,7,1942,0,0,0,Q,0,9T57,"BALBOA AV","PARTHENIA ST",50.00,N,N,A,-,N,,,,,,,,,,N,4,0,1,2,A,-,01,23152,A,N,C,C,A,A,H,-,C,D,0,,,,,Y,Y,A,01,0,0,1,0,0,0,0,0,0,"- ","- ",,,"LOS ANGELES","LOS ANGELES",-118.50261070000001,34.228631999999998
6038611,2013,2014-01-25,9535,2013-02-26,1855,17722,,2,2,9,1900,0,2,4,,2,011,"EASTERN AV","NEW YORK ST",80.00,S,N,A,-,N,,,,,,,,,,N,3,0,1,2,A,-,01,23152,A,N,D,C,A,A,H,-,C,D,0,,,,,Y,Y,A,01,0,1,0,0,0,0,0,0,0,"- ","- ",34.03951,-118.17364999999999,"LOS ANGELES",UNINCORPORATED,-118.17365220000001,34.039435500000003
6039560,2013,2014-07-30,1972,2013-03-30,2038,15423,,6,5,6,1972,0,0,0,,0,,190TH,HAWTHORNE,16.00,E,N,A,-,N,,,,,,,,,,,4,0,1,2,A,-,21,22106,,N,C,C,A,A,H,-,C,D,0,,,,,Y,Y,A,,0,0,1,0,0,0,0,0,0,"- ","- ",,,"LOS ANGELES",TORRANCE,-118.35367979999999,33.8581808
6040235,2013,2014-02-12,1942,2013-03-31,1920,35936,0312,7,5,7,1942,0,0,0,C,0,5T21,"ORANGE DR","WESTHAVEN ST",127.00,S,N,A,-,N,,,,,,,,,,Y,3,0,1,5,A,-,01,23152,A,N,B,E,A,A,H,-,C,D,0,,,,,Y,Y,A,01,0,1,0,0,0,0,0,0,0,"- ","- ",,,"LOS ANGELES","LOS ANGELES",-118.35463059999999,34.0289833
6040746,2013,2014-02-15,9525,2013-04-10,0310,18505,,3,3,1,1934,0,1,1,,2,651,"RT 605","LOWER AZUSA RD",200.00,N,N,A,-,Y,LA,7,605,-,-,22.190,H,-,S,Y,4,0,1,1,A,-,01,23152,A,N,E,I,A,A,H,-,D,D,1,,,,,Y,Y,A,01,0,0,1,0,0,0,0,0,0,"- ","- ",34.093829999999997,-117.98923000000001,"LOS ANGELES",IRWINDALE,-117.9903127,34.093127299999999
6042234,2013,2014-04-02,1941,2013-04-11,0612,6132,,4,5,7,1941,0,0,0,,0,,"CLARK AV","SPRING ST",0.00,,Y,A,-,N,,,,,,,,,,N,3,0,1,2,A,-,08,22107,,M,-,G,A,A,H,-,B,A,0,,Y,,,Y,Y,A,,0,1,0,0,0,0,1,0,0,"- ","- ",,,"LOS ANGELES","LONG BEACH",-118.1340122,33.8106449