CASE_ID,ACCIDENT_YEAR,PROC_DATE,JURIS,COLLISION_DATE,COLLISION_TIME,OFFICER_ID,REPORTING_DISTRICT,DAY_OF_WEEK,CHP_SHIFT,POPULATION,CNTY_CITY_LOC,SPECIAL_COND,BEAT_TYPE,CHP_BEAT_TYPE,CITY_DIVISION_LAPD,CHP_BEAT_CLASS,BEAT_NUMBER,PRIMARY_RD,SECONDARY_RD,DISTANCE,DIRECTION,INTERSECTION,WEATHER_1,WEATHER_2,STATE_HWY_IND,CALTRANS_COUNTY,CALTRANS_DISTRICT,STATE_ROUTE,ROUTE_SUFFIX,POSTMILE_PREFIX,POSTMILE,LOCATION_TYPE,RAMP_INTERSECTION,SIDE_OF_HWY,TOW_AWAY,COLLISION_SEVERITY,NUMBER_KILLED,NUMBER_INJURED,PARTY_COUNT,PRIMARY_COLL_FACTOR,PCF_CODE_OF_VIOL,PCF_VIOL_CATEGORY,PCF_VIOLATION,PCF_VIOL_SUBSECTION,HIT_AND_RUN,TYPE_OF_COLLISION,MVIW,PED_ACTION,ROAD_SURFACE,ROAD_COND_1,ROAD_COND_2,LIGHTING,CONTROL_DEVICE,CHP_ROAD_TYPE,PEDESTRIAN_ACCIDENT,BICYCLE_ACCIDENT,MOTORCYCLE_ACCIDENT,TRUCK_ACCIDENT,NOT_PRIVATE_PROPERTY,ALCOHOL_INVOLVED,STWD_VEHTYPE_AT_FAULT,CHP_VEHTYPE_AT_FAULT,COUNT_SEVERE_INJ,COUNT_VISIBLE_INJ,COUNT_COMPLAINT_PAIN,COUNT_PED_KILLED,COUNT_PED_INJURED,COUNT_BICYCLIST_KILLED,COUNT_BICYCLIST_INJURED,COUNT_MC_KILLED,COUNT_MC_INJURED,PRIMARY_RAMP,SECONDARY_RAMP,LATITUDE,LONGITUDE,COUNTY,CITY,POINT_X,POINT_Y
6128122,2013,2014-03-05,1942,2013-06-22,0040,39308,1701,6,5,7,1942,0,0,0,Q,0,21165,"STONE GATE WY","TURTLE SPRINGS LN",55.00,N,N,A,-,N,,,,,,,,,,N,3,0,2,2,A,-,01,23152,A,N,B,C,A,A,H,-,C,D,0,,,,,Y,Y,A,01,0,2,0,0,0,0,0,0,0,"- ","- ",,,"LOS ANGELES","LOS ANGELES",-118.56493020000001,34.292926700000002
6129800,2013,2014-03-04,1942,2013-06-13,2240,25495,2031,4,5,7,1942,0,0,0,,0,7T23,"WILTON PL","7TH ST",19.00,S,N,A,-,N,,,,,,,,,,Y,3,0,2,2,A,-,01,23152,,N,A,C,A,A,H,-,C,A,0,,,,,Y,Y,A,01,0,1,1,0,0,0,0,0,0,"- ","- ",,,"LOS ANGELES","LOS ANGELES",-118.3143444,34.059813200000001
6129903,2013,2014-03-24,1942,2013-06-14,0435,41151,0901,5,5,7,1942,0,0,0,I,0,9A23,"SHERMAN WAY","SEPULVEDA BL",0.00,,Y,A,-,N,,,,,,,,,,Y,4,0,1,2,A,-,01,23152,A,N,B,C,A,A,H,-,C,A,0,,,,,Y,Y,A,01,0,0,1,0,0,0,0,0,0,"- ","- ",,,"LOS ANGELES","LOS ANGELES",-118.46620230000001,34.201115000000001
6133122,2013,2014-03-06,1942,2013-06-24,1215,31859,2143,1,5,7,1942,0,0,0,,0,21A1,"FALLBROOK AV","VANOWEN ST",0.00,,Y,B,-,N,,,,,,,,,,N,3,0,1,2,A,-,09,21801,,F,A,I,A,A,H,-,A,A,0,,,,,Y,Y,-,99,0,1,0,0,0,0,0,0,0,"- ","- ",,,"LOS ANGELES","LOS ANGELES",-118.6234123,34.193734900000003
6133165,2013,2014-03-10,1900,2013-06-19,1413,478966,2607,3,5,6,1950,0,0,0,,0,264T1,"47TH ST EAST","AV R-8",0.00,,Y,A,-,N,,,,,,,,,,Y,4,0,1,2,A,-,12,21453,A,N,D,C,A,A,H,-,A,A,0,,,,,Y,Y,A,01,0,0,1,0,0,0,0,0,0,"- ","- ",,,"LOS ANGELES",PALMDALE,-118.0451723,34.565455
6133571,2013,2014-03-10,1942,2013-07-04,2135,39281,2161,4,5,7,1942,0,0,0,,0,19T73,"ELIAT ST","ROD AV",20.00,W,N,A,-,N,,,,,,,,,,Y,3,0,1,2,A,-,01,23152,A,M,C,E,A,A,H,-,C,D,0,,,,,Y,Y,A,01,0,1,0,0,0,0,0,0,0,"- ","- ",,,"LOS ANGELES","LOS ANGELES",,
6135024,2013,2014-03-05,1900,2013-06-28,2240,509623,2224,5,5,3,1994,0,0,0,,0,222T3,"AGOURA RD","KANAN RD",0.00,,Y,A,-,N,,,,,,,,,,Y,3,0,2,2,A,-,01,23152,A,N,B,C,A,A,H,-,C,A,0,,,,,Y,Y,A,01,0,2,0,0,0,0,0,0,0,"- ","- ",,,"LOS ANGELES","AGOURA HILLS",-118.7618524,34.143544900000002
6135268,2013,2014-03-10,1941,2013-07-04,2228,6145,,4,5,7,1941,0,0,0,,0,,"ATLANTIC AV",MARKET,0.00,,Y,A,-,N,,,,,,,,,,N,3,0,1,2,A,-,11,21955,,N,G,B,D,A,H,-,C,A,0,Y,,,,Y,Y,N,,0,1,0,0,1,0,0,0,0,"- ","- ",,,"LOS ANGELES","LONG BEACH",-118.18503219999999,33.854334899999998
6135746,2013,2014-03-13,9580,2013-07-07,1558,019851,,7,2,9,1900,0,2,4,,1,128,"KANAN RD","HIDDEN HIGHLAND RD",2112.00,N,N,A,-,Y,,,,,,,,,,Y,3,0,1,1,A,-,01,23152,A,N,F,I,A,A,H,-,A,D,0,,,,,Y,Y,A,07,0,1,0,0,0,0,0,0,0,"- ","- ",34.10624,-118.80616000000001,"LOS ANGELES",UNINCORPORATED,-118.8076655,34.1057956
6136472,2013,2014-03-11,1942,2013-07-04,2315,25495,0784,4,5,7,1942,0,0,0,G,0,7T23,"LA BREA AV","21ST ST",0.00,,Y,A,-,N,,,,,,,,,,Y,4,0,1,3,A,-,01,23152,A,N,D,C,A,A,H,-,A,A,0,,,,,Y,Y,A,01,0,0,1,0,0,0,0,0,0,"- ","- ",,,"LOS ANGELES","LOS ANGELES",-118.34844219999999,34.038474899999997
6136810,2013,2014-03-05,1942,2013-06-15,2050,25495,727,6,5,7,1942,0,0,0,,0,7T23,"BEVERLY BL","LA BREA AV",38.00,S,N,A,-,N,,,,,,,,,,N,4,0,1,2,A,-,03,22350,,F,C,C,A,A,H,-,C,D,0,,,,,Y,Y,-,99,0,0,1,0,0,0,0,0,0,"- ","- ",,,"LOS ANGELES","LOS ANGELES",-118.344037,34.076056999999999
6136821,2013,2014-03-05,1942,2013-06-22,1725,34069,752,6,5,7,1942,0,0,0,,0,7A84,"OLYMPIC BL","HAYWORTH AV",45.00,W,N,A,-,N,,,,,,,,,,N,4,0,3,2,A,-,04,21703,,N,C,C,A,A,H,-,A,D,0,,,,,Y,Y,A,01,0,0,3,0,0,0,0,0,0,"- ","- ",,,"LOS ANGELES","LOS ANGELES",-118.36504909999999,34.058321800000002
6137436,2013,2014-03-22,1942,2013-07-12,2355,38639,1209,5,5,7,1942,0,0,0,L,0,12T41,"VERNON AV","FLOWER ST",0.00,,Y,A,-,N,,,,,,,,,,Y,4,0,2,2,A,-,12,21453,A,N,D,C,A,A,H,-,C,A,0,,,,,Y,Y,-,"- ",0,0,2,0,0,0,0,0,0,"- ","- ",,,"LOS ANGELES","LOS ANGELES",-118.2815823,34.0037649
6137693,2013,2014-03-07,1942,2013-06-30,1930,34385,1412,7,5,7,1942,0,0,0,N,0,7TL23,"ROSE AV","HAMPTON AV",0.00,,Y,A,-,N,,,,,,,,,,Y,4,0,2,2,A,-,01,23152,A,N,C,C,A,A,H,-,A,A,0,,,,,Y,Y,A,01,0,0,2,0,0,0,0,0,0,"- ","- ",,,"LOS ANGELES","LOS ANGELES",-118.47699230000001,33.996514900000001
6138527,2013,2014-03-07,9575,2013-06-12,1919,20536,,3,2,6,1925,0,1,1,,2,062,"RT 210","PENNSYLVANIA AV",10.00,W,N,A,-,Y,LA,7,210,-,R,16.585,R,1,E,Y,3,0,2,2,A,-,01,23152,A,F,C,C,A,A,H,-,A,D,1,,,,,Y,Y,D,22,0,1,1,0,0,0,0,0,0,"- ","- ",34.222670000000001,-118.24903999999999,"LOS ANGELES",GLENDALE,-118.2536521,34.2260049
6139090,2013,2014-03-18,1942,2013-07-08,1410,39262,656,1,5,7,1942,0,0,0,,0,8TL28,"SANTA MONICA BL","SAINT ANDREWS PL",0.00,,Y,A,-,N,,,,,,,,,,Y,4,0,1,2,A,-,01,23152,A,F,B,C,A,A,H,-,A,A,0,,,,,Y,Y,A,07,0,0,1,0,0,0,0,0,0,"- ","- ",,,"LOS ANGELES","LOS ANGELES",-118.3114023,34.090734900000001
6139772,2013,2014-03-20,1942,2013-07-10,0001,37416,723,3,5,7,1942,0,0,0,,0,8T35,"3RD ST","CRESCENT HEIGHTS BL",7.00,W,N,A,-,N,,,,,,,,,,Y,4,0,1,2,A,-,01,23152,A,F,C,C,A,A,H,-,C,A,0,,,,,Y,Y,A,01,0,0,1,0,0,0,0,0,0,"- ","- ",,,"LOS ANGELES","LOS ANGELES",-118.36588500000001,34.072127899999998
6139824,2013,2014-03-20,1942,2013-07-11,2330,35580,645,4,5,7,1942,0,0,0,,0,6F23,"HOLLYWOOD BL",ORANGE,120.00,E,N,A,-,N,,,,,,,,,,Y,4,0,1,2,A,-,07,21658,A,F,B,C,A,A,H,-,C,D,0,,,,,Y,Y,A,01,0,0,1,0,0,0,0,0,0,"- ","- ",,,"LOS ANGELES","LOS ANGELES",-118.3413766,34.101545100000003
6140270,2013,2014-03-07,9575,2013-06-07,1730,20536,,5,2,6,1912,0,1,3,,2,044,"RT 134","BUENA VISTA ST",900.00,W,N,A,-,Y,LA,7,134,-,-,2.730,H,-,W,Y,3,0,2,4,A,-,01,23152,A,N,C,C,A,A,H,-,A,D,1,,,,,Y,Y,A,01,0,1,1,0,0,0,0,0,0,"- ","- ",34.153469999999999,-118.3278,"LOS ANGELES",BURBANK,-118.33014230000001,34.1530153
6141218,2013,2014-03-07,9575,2013-06-02,0442,20030,,7,3,9,1900,0,2,4,,2,026,"NEW YORK DR","ALLEN AV",463.00,W,N,A,-,N,,,,,,,,,,Y,3,0,1,2,A,-,01,23152,A,N,C,E,A,A,H,-,C,D,0,,,,,Y,Y,A,01,0,1,0,0,0,0,0,0,0,"- ","- ",34.178559999999997,-118.11355,"LOS ANGELES",UNINCORPORATED,-118.11360809999999,34.178533100000003
6141227,2013,2014-09-22,1942,2013-06-29,0246,39076,0478,6,5,7,1942,0,0,0,D,0,4A15,"WHITTIER BL","FRESNO ST",100.00,E,N,A,-,N,,,,,,,,,,Y,3,0,1,2,A,-,08,22107,,M,C,E,A,A,H,-,C,A,0,,,,,Y,Y,-,99,0,1,0,0,0,0,0,0,0,"- ","- ",,,"LOS ANGELES","LOS ANGELES",-118.205281,34.029686599999998
6141777,2013,2014-03-17,1942,2013-07-12,2020,37569,1011,5,5,7,1942,0,0,0,J,0,10T35,"TAMPA AV","WYANDOTTE ST",146.00,N,N,A,-,N,,,,,,,,,,Y,4,0,1,2,A,-,01,23152,A,N,D,C,A,A,H,-,B,A,0,,,,,Y,Y,A,01,0,0,1,0,0,0,0,0,0,"- ","- ",,,"LOS ANGELES","LOS ANGELES",-118.5535601,34.203315400000001
6145045,2013,2014-03-12,1976,2013-07-16,2032,856,,2,5,5,1976,0,0,0,,0,003,"COLLEGE AV","FRANKLIN ST",144.00,S,N,A,-,N,,,,,,,,,,Y,3,0,1,2,A,-,01,23152,A,N,C,E,A,A,H,-,C,D,0,,,,,Y,Y,A,01,0,1,0,0,0,0,0,0,0,"- ","- ",,,"LOS ANGELES",WHITTIER,-118.0274874,33.974180099999998
6145222,2013,2014-03-12,1965,2013-07-17,2335,13-84315,242,3,5,5,1965,0,0,0,,0,002,"4TH ST","COLORADO AV",0.00,,Y,A,-,N,,,,,,,,,,N,4,0,3,2,A,-,03,22350,,N,C,C,A,A,D,-,C,A,0,,,,,Y,Y,A,01,0,0,3,0,0,0,0,0,0,"- ","- ",,,"LOS ANGELES","SANTA MONICA",-118.4920422,34.013734900000003
6145304,2013,2014-03-13,1925,2013-07-17,1628,20871,159,3,5,6,1925,0,0,0,,0,004,"VERDUGO AV","GLENOAKS BL",0.00,,Y,A,-,N,,,,,,,,,,Y,3,0,1,2,A,-,09,21801,A,N,D,C,A,A,H,-,A,A,0,,,,,Y,Y,A,07,0,1,0,0,0,0,0,0,0,"- ","- ",,,"LOS ANGELES",GLENDALE,-118.2387323,34.158155000000001
6145669,2012,2013-12-26,9530,2012-11-22,0225,020388,,4,3,7,1941,0,1,1,,2,072,"RT 710","WILLOW ST",30.00,N,N,A,-,Y,LA,7,710,-,-,7.900,H,-,N,N,4,0,1,2,A,-,01,23152,A,M,C,D,A,A,H,-,C,D,1,,,,Y,Y,Y,A,01,0,0,1,0,0,0,0,0,0,"- ","- ",33.805419999999998,-118.2073,"LOS ANGELES","LONG BEACH",-118.20734210000001,33.804400440000002
6146050,2013,2014-03-18,1900,2013-07-03,1510,506653,2221,3,5,3,1994,0,0,0,,0,222T2,"KANAN RD","AGOURA RD",20.00,N,N,A,-,N,,,,,,,,,,N,4,0,1,2,A,-,03,22350,,N,C,C,A,A,H,-,A,A,0,,,,,Y,Y,A,01,0,0,1,0,0,0,0,0,0,"- ","- ",,,"LOS ANGELES","AGOURA HILLS",-118.761841,34.143598900000001
6146293,2013,2014-03-18,1928,2013-07-19,1715,261,508,5,5,5,1928,0,0,0,,0,502,"VAN NESS AV","115TH ST",160.00,N,N,A,-,N,,,,,,,,,,Y,4,0,3,5,A,-,03,22350,,F,C,C,A,A,H,-,A,A,0,,,,,Y,Y,A,01,0,0,3,0,0,0,0,0,0,"- ","- ",,,"LOS ANGELES",HAWTHORNE,-118.3177736,33.930433600000001
6147607,2013,2014-03-05,9575,2013-06-15,0347,20283,,6,3,7,1942,0,1,1,,2,053,"RT 5","OSBORNE ST",1500.00,N,N,A,-,Y,LA,7,5,-,-,37.720,H,-,N,Y,4,0,2,2,A,-,01,23152,A,N,B,C,A,A,H,-,C,D,1,,,,,Y,Y,A,01,0,0,2,0,0,0,0,0,0,"- ","- ",34.248370000000001,-118.42582,"LOS ANGELES","LOS ANGELES",-118.4258567,34.248134700000001
6147685,2013,2014-03-11,9535,2013-06-30,1410,20493,,7,2,5,1901,0,1,1,,2,420,"RT 10","RAMONA AV",955.00,E,N,A,-,Y,LA,7,10,-,-,22.040,H,-,E,Y,3,0,2,1,A,-,08,22107,,N,E,I,A,A,H,-,A,D,1,,,,,Y,Y,A,01,0,2,0,0,0,0,0,0,0,"- ","- ",34.068899999999999,-118.1511,"LOS ANGELES",ALHAMBRA,-118.1551968,34.066044699999999
6148818,2013,2015-01-22,1972,2013-06-11,0940,14509,,2,5,6,1972,0,0,0,,0,,"PALOS VERDES",SCOTT,0.00,,Y,A,-,N,,,,,,,,,,N,4,0,1,2,A,-,11,21954,A,N,D,B,B,A,H,-,A,A,0,Y,,,,Y,Y,N,,0,0,1,0,1,0,0,0,0,"- ","- ",,,"LOS ANGELES",TORRANCE,-118.3693622,33.836734900000003
6149451,2013,2014-03-14,1942,2013-07-21,0020,41262,0789,7,5,7,1942,0,0,0,G,0,7A73,"WASHINGTON BL","3RD AV",42.00,E,N,B,-,N,,,,,,,,,,N,4,0,2,3,A,-,01,23152,A,N,C,C,F,A,H,-,C,D,0,Y,,,,Y,Y,A,01,0,0,2,0,1,0,0,0,0,"- ","- ",,,"LOS ANGELES","LOS ANGELES",-118.3199638,34.0398949
6149464,2013,2014-03-14,1942,2013-07-11,2055,40427,2034,4,5,7,1942,0,0,0,,0,20A97,"SUNSET PL",HOOVER,60.00,W,N,A,-,N,,,,,,,,,,N,3,0,1,2,A,-,"- ",,,N,G,B,F,A,H,-,C,D,0,Y,,,,Y,Y,N,60,0,1,0,0,1,0,0,0,0,"- ","- ",,,"LOS ANGELES","LOS ANGELES",-118.28441979999999,34.060800299999997
6149578,2013,2014-03-14,1942,2013-07-13,0100,41084,0762,6,5,7,1942,0,0,0,G,0,7A69,"PICKFORD ST","HI POINT ST",165.00,W,N,A,-,N,,,,,,,,,,Y,2,0,1,2,A,-,01,23152,A,N,D,E,A,A,H,-,C,D,0,,,,,Y,Y,A,01,1,0,0,0,0,0,0,0,0,"- ","- ",,,"LOS ANGELES","LOS ANGELES",-118.3702601,34.048082899999997
6149652,2013,2014-03-17,1942,2013-07-14,1720,37700,1444,7,5,7,1942,0,0,0,N,0,6TL2,"WASHINGTON BL","LINCOLN BL",100.00,W,N,A,-,N,,,,,,,,,,Y,3,0,1,1,A,-,01,23152,A,N,H,I,A,A,H,-,A,D,0,,,Y,,Y,Y,C,02,0,1,0,0,0,0,0,0,1,"- ","- ",,,"LOS ANGELES","LOS ANGELES",-118.44820850000001,33.990295500000002
6149915,2013,2014-03-14,9580,2013-07-22,1940,17400,,1,2,9,1900,0,3,5,,1,020,"STUNT RD","SCHUEREN RD",1320.00,N,N,A,-,N,,,,,,,,,,Y,3,0,3,1,A,-,01,23152,A,F,E,I,A,A,H,-,A,D,0,,,,,Y,Y,D,22,0,2,1,0,0,0,0,0,0,"- ","- ",34.080530000000003,-118.65067999999999,"LOS ANGELES",UNINCORPORATED,,
6150792,2013,2014-03-27,1955,2013-07-08,1725,30150,24,1,5,6,1955,0,0,0,,0,002,"LA VERNE AV","SPENCER AV",147.00,W,N,A,-,N,,,,,,,,,,Y,4,0,3,2,A,-,01,23152,,N,-,D,A,A,H,-,A,A,0,,,,,Y,Y,-,"- ",0,0,3,0,0,0,0,0,0,"- ","- ",,,"LOS ANGELES",POMONA,-117.7456956,34.081986100000002
6151865,2013,2014-03-19,1942,2013-07-12,2240,32117,1342,5,5,7,1942,0,0,0,M,0,13A75,"SAN PEDRO PL","VERNON AV",20.00,N,N,A,-,N,,,,,,,,,,N,4,0,1,3,A,-,04,21703,,F,C,D,A,A,H,-,C,A,0,,,,,Y,Y,-,"- ",0,0,1,0,0,0,0,0,0,"- ","- ",,,"LOS ANGELES","LOS ANGELES",-118.2726627,34.003883899999998
6153002,2013,2014-03-12,1942,2013-07-21,0420,38354,0904,7,5,7,1942,0,0,0,I,0,17T17,"SEPULVEDA BL","VALERIO ST",0.00,,Y,B,-,N,,,,,,,,,,Y,3,0,2,2,A,-,01,23152,A,N,D,C,A,-,H,-,C,A,0,,,,,Y,Y,A,01,0,1,1,0,0,0,0,0,0,"- ","- ",,,"LOS ANGELES","LOS ANGELES",-118.4662123,34.204804899999999
6154107,2013,2014-03-13,1942,2013-07-12,2335,40545,1134,5,5,7,1942,0,0,0,K,0,11T21,"SAN FERNANDO RD","EAGLE ROCK",700.00,N,N,A,-,N,,,,,,,,,,Y,3,0,2,2,A,-,01,23152,A,N,A,C,A,A,H,-,C,D,0,,,,,Y,Y,A,01,0,2,0,0,0,0,0,0,0,"- ","- ",,,"LOS ANGELES","LOS ANGELES",,
6154158,2013,2014-03-11,1955,2013-07-08,1018,41235,83,1,5,6,1955,0,0,0,,0,005,"WHITE AV","AUTO CENTER DR",18.00,N,N,A,-,N,,,,,,,,,,Y,4,0,1,2,A,-,01,23152,A,N,B,C,A,A,H,-,A,A,0,,,,,Y,Y,A,01,0,0,1,0,0,0,0,0,0,"- ","- ",,,"LOS ANGELES",POMONA,-117.7585761,34.034789199999999
6154378,2013,2014-03-13,1942,2013-07-16,1345,36754,1248,2,5,7,1942,0,0,0,L,0,3T5,"62ND ST","VERMONT AV",0.00,,N,A,-,N,,,,,,,,,,N,3,0,1,2,A,-,10,21950,A,F,D,B,B,A,H,-,A,A,0,Y,,,,Y,Y,-,99,0,1,0,0,1,0,0,0,0,"- ","- ",,,"LOS ANGELES","LOS ANGELES",-118.2915022,33.983674899999997
6155073,2013,2014-10-08,1942,2013-07-19,2240,39009,1586,5,5,7,1942,0,0,0,O,0,15T43,"LANKERSHIM BL","MAIN ST",24.00,S,-,A,-,N,,,,,,,,,,Y,4,0,1,1,A,-,03,22350,,N,A,I,A,A,H,-,C,D,0,,,,,Y,Y,A,07,0,0,1,0,0,0,0,0,0,"- ","- ",,,"LOS ANGELES","LOS ANGELES",-118.36129699999999,34.140571000000001
6156505,2013,2014-03-17,1942,2013-07-19,1719,38748,1727,5,5,7,1942,0,0,0,Q,0,17A1,TAMPA,CHATSWORTH,0.00,,Y,A,-,N,,,,,,,,,,Y,3,0,2,2,A,-,09,21801,A,N,A,C,A,A,H,-,A,A,0,,,,,Y,Y,A,01,0,2,0,0,0,0,0,0,0,"- ","- ",,,"LOS ANGELES","LOS ANGELES",-118.55530229999999,34.266244899999997
6156554,2013,2014-03-17,1942,2013-07-22,2100,37416,0842,1,5,7,1942,0,0,0,H,0,6T7,"WILSHIRE BL",ARMACOST,118.00,W,N,A,-,N,,,,,,,,,,N,4,0,1,2,A,-,11,21954,A,N,G,B,D,A,H,-,C,D,0,Y,,,,Y,Y,N,60,0,0,1,0,1,0,0,0,0,"- ","- ",,,"LOS ANGELES","LOS ANGELES",-118.4646181,34.046445400000003
6156581,2013,2014-03-14,1942,2013-07-27,0215,38354,1047,6,5,7,1942,0,0,0,J,0,17T17,"BALBOA BL","BURBANK BL",0.00,,Y,B,-,N,,,,,,,,,,Y,4,0,2,2,A,-,12,21453,A,N,D,C,A,A,H,-,C,A,0,,,,,Y,Y,A,01,0,0,2,0,0,0,0,0,0,"- ","- ",,,"LOS ANGELES","LOS ANGELES",-118.5011123,34.172204899999997
6156602,2013,2014-03-17,1942,2013-07-28,1910,40065,1636,7,5,7,1942,0,0,0,P,0,9T55,"FOOTHILL BL","WENTWORTH ST",840.00,N,N,A,-,N,,,,,,,,,,Y,2,0,1,1,A,-,01,23152,A,N,E,I,A,A,H,-,A,D,0,,,,,Y,Y,A,01,1,0,0,0,0,0,0,0,0,"- ","- ",,,"LOS ANGELES","LOS ANGELES",-118.33510990000001,34.266502600000003
6156637,2013,2014-03-14,1942,2013-07-24,1700,40398,0919,3,5,7,1942,0,0,0,I,0,9TL54,"VAN OWEN ST","FULTON AV",0.00,,Y,A,-,N,,,,,,,,,,Y,4,0,1,3,A,-,09,21801,A,N,D,C,A,A,H,-,A,A,0,,,,,Y,Y,A,01,0,0,1,0,0,0,0,0,0,"- ","- ",,,"LOS ANGELES","LOS ANGELES",-118.4225624,34.193935000000003
6156665,2013,2014-03-18,1942,2013-07-27,0120,39586,0159,6,5,7,1942,0,0,0,A,0,13T53,"SANTA FE ST","PALMETTO ST",45.00,S,N,A,-,N,,,,,,,,,,N,3,0,1,2,A,-,11,21954,A,F,G,B,D,A,H,-,C,D,0,Y,,,,Y,Y,N,60,0,1,0,0,1,0,0,0,0,"- ","- ",,,"LOS ANGELES","LOS ANGELES",-118.2307486,34.040203099999999
6157637,2013,2014-08-04,1900,2013-03-27,2256,516545,1324,3,5,5,1935,0,0,0,,0,132T1E,"CARSON ST","WOODRUFF AV",250.00,E,N,A,-,N,,,,,,,,,,Y,4,0,1,1,A,-,01,23152,A,N,E,I,A,A,H,-,C,D,0,,,,,Y,Y,A,,0,0,1,0,0,0,0,0,0,"- ","- ",,,"LOS ANGELES",LAKEWOOD,-118.11575089999999,33.832321299999997
6158362,2013,2014-03-19,1942,2013-07-25,1615,39889,0421,4,5,7,1942,0,0,0,D,0,4TL6,"SPRING ST","AVENUE 18",567.00,W,N,A,-,N,,,,,,,,,,Y,3,0,3,3,A,-,01,23153,A,N,C,D,A,A,H,-,A,-,0,,,,,Y,Y,A,01,0,1,2,0,0,0,0,0,0,"- ","- ",,,"LOS ANGELES","LOS ANGELES",-118.2240718,34.070896300000001
6158999,2013,2014-11-17,9530,2013-01-08,1800,020483,,2,2,2,1967,0,1,1,,2,420,"RT 405","CALIFORNIA AV",400.00,S,N,A,-,Y,LA,7,405,-,-,5.560,H,-,N,Y,3,0,3,3,A,-,01,23152,A,N,B,C,A,A,H,-,C,D,1,,,,,Y,Y,A,01,0,1,2,0,0,0,0,0,0,"- ","- ",33.81447,-118.18069,"LOS ANGELES","SIGNAL HILL",-118.1791085,33.814416000000001
6160079,2013,2014-03-13,1975,2013-07-26,0440,409,,5,5,6,1975,0,0,0,,0,001,"CONLON AV","ELDRED AV",0.00,,Y,A,-,N,,,,,,,,,,Y,4,0,1,1,A,-,01,23152,A,N,E,I,A,B,H,-,C,B,0,,,,,Y,Y,-,"- ",0,0,1,0,0,0,0,0,0,"- ","- ",,,"LOS ANGELES","WEST COVINA",-117.9395622,34.081595
6160303,2013,2014-03-25,1942,2013-08-02,2130,36911,1834,5,5,7,1942,0,0,0,R,0,5T25,"AVALON BL","107TH ST",145.00,N,N,A,-,N,,,,,,,,,,Y,4,0,2,4,A,-,05,21650,,N,A,C,A,A,H,-,C,D,0,,,,,Y,Y,A,01,0,0,2,0,0,0,0,0,0,"- ","- ",,,"LOS ANGELES","LOS ANGELES",-118.2651868,33.939682500000004
6161075,2012,2013-12-26,9530,2012-11-28,0140,020096,,3,3,7,1941,0,1,1,,2,071,"RT 710","DEL AMO BL",100.00,N,N,A,-,Y,LA,7,710,-,-,10.860,H,-,N,Y,3,0,2,1,A,-,01,23152,A,N,E,I,A,A,H,-,C,D,1,,,,,Y,Y,A,01,0,1,1,0,0,0,0,0,0,"- ","- ",33.848210000000002,-118.20526,"LOS ANGELES","LONG BEACH",-118.20540662000001,33.846634229999999
6161099,2012,2013-12-26,9530,2012-11-25,1355,019901,,7,1,9,1900,0,3,5,,2,001,"COMPTON AV","GAGE AV",100.00,S,N,A,-,N,,,,,,,,,,Y,4,0,2,2,A,-,03,22350,,N,C,C,A,A,H,-,A,D,0,,,,,Y,Y,A,08,0,0,2,0,0,0,0,0,0,"- ","- ",33.981960000000001,-118.24775,"LOS ANGELES",UNINCORPORATED,-118.24780217999999,33.9818906
6162232,2013,2014-03-17,1942,2013-07-28,2155,37932,1902,7,5,7,1942,0,0,0,,0,19A7,"BORDEN AV","LARKSPUR ST",0.00,,Y,A,-,N,,,,,,,,,,N,3,0,1,2,A,-,01,23152,,N,C,E,A,A,H,-,C,D,0,,,,,Y,Y,A,08,0,1,0,0,0,0,0,0,0,"- ","- ",,,"LOS ANGELES","LOS ANGELES",-118.45931229999999,34.3199349
6163291,2013,2014-03-18,9580,2013-07-25,0053,18718,,4,3,7,1942,0,1,1,,2,404,"RT 405","VENTURA BL",5280.00,S,N,A,-,Y,LA,7,405,-,-,38.000,H,-,S,Y,3,0,1,2,A,-,01,23152,A,N,C,C,A,A,D,-,D,D,1,,,,Y,Y,Y,A,01,0,1,0,0,0,0,0,0,0,"- ","- ",34.146639999999998,-118.47064,"LOS ANGELES","LOS ANGELES",-118.47135919999999,34.139626800000002
6163657,2013,2014-04-04,9525,2013-07-12,0110,17808,,5,3,9,1900,0,3,5,,2,005,"GLENDORA RIDGE RD","MOUNT BALDY RD",110.00,W,N,A,-,N,,,,,,,,,,Y,3,0,1,2,A,-,01,23152,A,M,B,E,A,A,H,-,D,D,0,,,,,Y,Y,A,01,0,1,0,0,0,0,0,0,0,"- ","- ",34.232999999999997,-117.56956,"LOS ANGELES",UNINCORPORATED,-117.660121,34.236272100000001
6164330,2013,2014-03-22,9590,2013-07-27,0530,19134,,6,3,7,1942,0,1,1,,2,013,"RT 110","PASADENA AV",500.00,S,N,B,-,Y,LA,7,110,-,-,2.631,H,-,S,Y,3,0,1,2,A,-,01,23152,A,N,E,I,A,A,H,-,B,D,0,,,,,Y,Y,A,01,0,1,0,0,0,0,0,0,0,"- ","- ",34.08616,-118.21547,"LOS ANGELES","LOS ANGELES",-118.28172189999999,33.768035300000001
6165331,2013,2014-03-22,1900,2013-07-28,1920,529139,2608,7,5,6,1950,0,0,0,,0,263T1,"30TH ST EAST","RT 138",0.00,,Y,A,-,Y,LA,7,138,-,-,36.085,I,6,E,Y,3,0,3,3,A,-,01,23152,A,M,C,C,A,A,H,-,A,A,0,,,,,Y,Y,D,22,0,1,2,0,0,0,0,0,0,"- ","- ",,,"LOS ANGELES",PALMDALE,-118.1843834,34.776876999999999
6166210,2013,2014-03-27,1920,2013-08-02,0225,11992,,5,5,6,1920,0,0,0,,0,003,"WILEY BURKE AV","FLORENCE AV",150.00,S,N,A,-,N,,,,,,,,,,Y,3,0,1,3,A,-,01,23152,A,N,A,E,A,A,H,-,C,D,0,,,,,Y,Y,A,,0,1,0,0,0,0,0,0,0,"- ","- ",,,"LOS ANGELES",DOWNEY,-118.13759659999999,33.956676600000002