CASE_ID,ACCIDENT_YEAR,PROC_DATE,JURIS,COLLISION_DATE,COLLISION_TIME,OFFICER_ID,REPORTING_DISTRICT,DAY_OF_WEEK,CHP_SHIFT,POPULATION,CNTY_CITY_LOC,SPECIAL_COND,BEAT_TYPE,CHP_BEAT_TYPE,CITY_DIVISION_LAPD,CHP_BEAT_CLASS,BEAT_NUMBER,PRIMARY_RD,SECONDARY_RD,DISTANCE,DIRECTION,INTERSECTION,WEATHER_1,WEATHER_2,STATE_HWY_IND,CALTRANS_COUNTY,CALTRANS_DISTRICT,STATE_ROUTE,ROUTE_SUFFIX,POSTMILE_PREFIX,POSTMILE,LOCATION_TYPE,RAMP_INTERSECTION,SIDE_OF_HWY,TOW_AWAY,COLLISION_SEVERITY,NUMBER_KILLED,NUMBER_INJURED,PARTY_COUNT,PRIMARY_COLL_FACTOR,PCF_CODE_OF_VIOL,PCF_VIOL_CATEGORY,PCF_VIOLATION,PCF_VIOL_SUBSECTION,HIT_AND_RUN,TYPE_OF_COLLISION,MVIW,PED_ACTION,ROAD_SURFACE,ROAD_COND_1,ROAD_COND_2,LIGHTING,CONTROL_DEVICE,CHP_ROAD_TYPE,PEDESTRIAN_ACCIDENT,BICYCLE_ACCIDENT,MOTORCYCLE_ACCIDENT,TRUCK_ACCIDENT,NOT_PRIVATE_PROPERTY,ALCOHOL_INVOLVED,STWD_VEHTYPE_AT_FAULT,CHP_VEHTYPE_AT_FAULT,COUNT_SEVERE_INJ,COUNT_VISIBLE_INJ,COUNT_COMPLAINT_PAIN,COUNT_PED_KILLED,COUNT_PED_INJURED,COUNT_BICYCLIST_KILLED,COUNT_BICYCLIST_INJURED,COUNT_MC_KILLED,COUNT_MC_INJURED,PRIMARY_RAMP,SECONDARY_RAMP,LATITUDE,LONGITUDE,COUNTY,CITY,POINT_X,POINT_Y
6260382,2013,2014-04-28,1942,2013-10-17,0000,37416,0881,4,5,7,1942,0,0,0,H,0,7T23,"BARRINGTON AV","MISSISSIPPI AV",151.00,N,N,A,-,N,,,,,,,,,,Y,3,0,1,3,A,-,01,23152,A,N,C,E,A,A,H,-,C,D,0,,,,,Y,Y,A,01,0,1,0,0,0,0,0,0,0,"- ","- ",,,"LOS ANGELES","LOS ANGELES",-118.44934189999999,34.035941600000001
6260477,2013,2014-04-29,1942,2013-10-25,1900,31387,788,5,5,7,1942,0,0,0,,0,8T35,"CRENSHAW BL","WASHINGTON BL",300.00,S,N,A,-,N,,,,,,,,,,Y,4,0,2,2,A,-,01,23152,A,N,A,C,A,A,H,-,C,D,0,,,,,Y,Y,A,08,0,0,2,0,0,0,0,0,0,"- ","- ",,,"LOS ANGELES","LOS ANGELES",-118.3314713,34.039102499999998
6260725,2013,2014-04-24,1942,2013-10-22,2015,40673,1259,2,5,7,1942,0,0,0,L,0,12A45,CENTRAL,"75TH ST",0.00,,Y,A,-,N,,,,,,,,,,N,3,0,1,2,A,-,10,21950,A,N,G,B,C,A,H,-,B,D,0,Y,,,,Y,Y,I,20,0,1,0,0,1,0,0,0,0,"- ","- ",,,"LOS ANGELES","LOS ANGELES",-118.25648219999999,33.972304899999997
6261749,2013,2014-04-29,1942,2013-10-12,1320,39428,0497,6,5,7,1942,0,0,0,D,0,4A97,"LORENA ST","OLYMPIC BL",0.00,,Y,A,-,N,,,,,,,,,,N,3,0,1,2,A,-,12,21453,A,N,D,C,A,A,H,-,A,A,0,,,,,Y,Y,-,"- ",0,1,0,0,0,0,0,0,0,"- ","- ",,,"LOS ANGELES","LOS ANGELES",-118.2066623,34.018744900000002
6261921,2013,2014-04-26,1955,2013-10-13,2311,41484,93,7,5,6,1955,0,0,0,,0,004,"MISSION BL","CASWELL ST",0.00,,Y,A,-,N,,,,,,,,,,Y,4,0,1,2,A,-,01,23153,A,N,D,C,A,A,G,-,C,A,0,,,,,Y,Y,A,08,0,0,1,0,0,0,0,0,0,"- ","- ",,,"LOS ANGELES",POMONA,-117.7391421,34.055354899999998
6263942,2013,2014-04-14,9575,2013-09-29,1605,20526,,7,2,7,1942,0,1,1,,2,053,"RT 5","PAXTON ST",0.00,N,N,A,-,Y,LA,7,5,-,-,39.137,R,2,S,Y,4,0,1,1,A,-,01,23152,A,N,E,I,A,A,H,-,A,D,1,,,,,Y,Y,A,01,0,0,1,0,0,0,0,0,0,"- ","- ",34.264049999999997,-118.44235,"LOS ANGELES","LOS ANGELES",-118.4411222,34.262954899999997
6264344,2013,2014-04-25,9575,2013-10-15,2208,20078,,2,3,7,1942,0,1,1,,2,050,"RT 5","COLORADO ST",50.00,N,N,A,-,Y,LA,7,5,-,-,25.790,H,-,N,Y,3,0,3,2,A,-,03,22350,,N,C,C,A,A,H,-,D,D,1,,,,,Y,Y,A,01,0,1,2,0,0,0,0,0,0,"- ","- ",34.141480000000001,-118.27782000000001,"LOS ANGELES","LOS ANGELES",-118.27758129999999,34.140870499999998
6264369,2013,2014-04-25,9575,2013-10-13,0208,20039,,7,3,7,1942,0,1,1,,2,050,"RT 5","COLORADO ST",300.00,N,N,A,-,Y,LA,7,5,-,-,25.920,H,-,S,Y,3,0,10,2,A,-,01,23153,A,N,B,C,A,A,H,-,D,D,1,,,,,Y,Y,A,01,0,2,8,0,0,0,0,0,0,"- ","- ",34.141750000000002,-118.27798,"LOS ANGELES","LOS ANGELES",-118.2783551,34.143106000000003
6265066,2013,2014-04-16,1942,2013-09-14,2230,25495,1469,6,5,7,1942,0,0,0,N,0,7T23,"LA CIENEGA BL","CENTINELA AV",0.00,,Y,A,-,N,,,,,,,,,,Y,4,0,2,2,A,-,09,21801,A,N,D,C,A,A,H,-,C,A,0,,,,,Y,Y,A,01,0,0,2,0,0,0,0,0,0,"- ","- ",,,"LOS ANGELES","LOS ANGELES",-118.3703423,33.9773049
6265274,2013,2014-05-02,1942,2013-10-30,1830,36803,2088,3,5,7,1942,0,0,0,,0,20A58,"VERMONT AV","VENICE BL",0.00,,Y,A,-,N,,,,,,,,,,N,4,0,1,2,A,-,03,22350,,N,G,B,B,A,H,-,A,A,0,Y,,,,Y,Y,A,01,0,0,1,0,1,0,0,0,0,"- ","- ",,,"LOS ANGELES","LOS ANGELES",-118.2916123,34.044224900000003
6265523,2013,2014-04-29,1942,2013-11-01,2030,37473,2019,5,5,7,1942,0,0,0,,0,20A39,"VIRGIL AV","1ST ST",95.00,S,N,A,-,N,,,,,,,,,,Y,2,0,2,3,A,-,01,23152,A,N,E,I,A,A,H,-,C,D,0,,,,,Y,Y,A,07,2,0,0,0,0,0,0,0,0,"- ","- ",,,"LOS ANGELES","LOS ANGELES",-118.2868088,34.0732243
6266039,2013,2014-12-30,9535,2013-10-16,1345,15641,,3,1,9,1900,0,2,4,,2,025,"4TH ST","ATLANTIC BL",0.00,,Y,A,-,N,,,,,,,,,,Y,4,0,1,2,A,-,12,21453,A,N,D,C,A,A,H,-,A,A,0,,,,,Y,Y,A,07,0,0,1,0,0,0,0,0,0,"- ","- ",34.029380000000003,-118.15458,"LOS ANGELES",UNINCORPORATED,-118.1545522,34.029414899999999
6266288,2013,2014-05-14,1942,2013-10-19,0235,33021,0217,6,5,7,1942,0,0,0,B,0,2A75,PARK,"WEST GLENDALE",21.00,W,N,A,-,N,,,,,,,,,,Y,4,0,1,1,A,-,01,23152,A,N,A,I,A,A,H,-,C,A,0,,,,,Y,Y,D,22,0,0,1,0,0,0,0,0,0,"- ","- ",,,"LOS ANGELES","LOS ANGELES",-118.2613905,34.0764128
6266358,2013,2014-05-05,1941,2013-11-12,0210,3319,,2,5,7,1941,0,0,0,,0,,"ATHERTON ST","OUTER TRAFFIC CIR",0.00,,Y,A,-,N,,,,,,,,,,Y,3,0,2,1,A,-,01,23152,A,N,E,I,A,A,H,-,C,A,0,,,,,Y,Y,D,,0,1,1,0,0,0,0,0,0,"- ","- ",,,"LOS ANGELES","LONG BEACH",-118.1405422,33.789844899999999
6271468,2013,2014-05-01,1942,2013-11-07,0430,40560,1494,4,5,7,1942,0,0,0,N,0,14T47,"SEPULVEDA BL","CENTURY BL",1695.00,S,N,A,-,Y,LA,7,1,-,-,26.610,H,-,N,Y,2,0,1,3,A,-,01,23152,A,N,C,C,E,A,D,-,C,D,0,Y,,,,Y,Y,D,22,1,0,0,0,1,0,0,0,0,"- ","- ",,,"LOS ANGELES","LOS ANGELES",-118.39611379999999,33.940749599999997
6273575,2013,2014-05-12,1928,2013-11-29,1543,350,521,5,5,5,1928,0,0,0,,0,503,"ROSECRANS AV","DOTY AV",0.00,,Y,A,-,N,,,,,,,,,,Y,4,0,2,2,A,-,01,23152,A,N,D,C,A,A,H,-,A,A,0,,,,,Y,Y,D,22,0,0,2,0,0,0,0,0,0,"- ","- ",,,"LOS ANGELES",HAWTHORNE,-118.3394622,33.901914900000001
6273631,2013,2014-04-02,1924,2013-09-08,0028,111250,31,7,5,5,1924,0,0,0,,0,8T2,"VAN NESS AV","REDONDO BEACH BL",0.00,,Y,A,-,N,,,,,,,,,,Y,3,0,2,2,A,-,01,23152,A,N,D,C,A,A,H,-,C,A,0,,,,,Y,Y,A,01,0,1,1,0,0,0,0,0,0,"- ","- ",,,"LOS ANGELES",GARDENA,-118.3178523,33.885694899999997
6275717,2012,2014-04-04,9565,2012-12-24,0401,20480,,1,3,5,1928,0,1,1,,2,010,"RT 105","HAWTHORNE AV",100.00,E,N,C,-,Y,LA,7,105,-,R,3.307,H,-,W,Y,4,0,1,2,A,-,03,22350,,N,C,C,A,B,H,-,C,A,1,,,,,Y,Y,A,01,0,0,1,0,0,0,0,0,0,"- ","- ",34.933540000000001,-118.3514,"LOS ANGELES",HAWTHORNE,-118.35094687,33.933505490000002
6275737,2012,2014-04-04,9565,2012-12-13,2207,19576,,4,3,7,1942,0,1,1,,2,061,"RT 405","HOWARD HUGHES PKWY",400.00,N,N,A,-,Y,LA,7,405,-,-,24.850,H,-,S,Y,3,0,2,2,A,-,01,23152,A,N,C,C,A,A,H,-,C,D,1,,,,,Y,Y,A,07,0,1,1,0,0,0,0,0,0,"- ","- ",33.97786,-118.39052,"LOS ANGELES","LOS ANGELES",-118.38367565,33.974826620000002
6276604,2013,2014-05-09,1942,2013-11-24,0120,36814,0159,7,5,7,1942,0,0,0,A,0,1T11,"6TH ST","MATEO ST",0.00,,Y,A,-,N,,,,,,,,,,Y,4,0,1,1,A,-,01,23152,A,N,E,I,A,A,H,-,C,D,0,,,,,Y,Y,A,01,0,0,1,0,0,0,0,0,0,"- ","- ",,,"LOS ANGELES","LOS ANGELES",-118.2327422,34.038404900000003
6276712,2013,2014-04-22,9575,2013-10-19,1400,20631,,6,2,7,1942,0,1,1,,2,062,"RT 210","LOWELL AV",500.00,W,N,A,-,Y,LA,7,210,-,R,15.530,H,-,E,Y,3,0,1,1,A,-,01,23152,A,N,E,I,A,A,H,-,A,D,1,,,,,Y,Y,A,07,0,1,0,0,0,0,0,0,0,"- ","- ",34.231439999999999,-118.26812,"LOS ANGELES","LOS ANGELES",-118.26877639999999,34.2316517
6276813,2013,2014-05-08,1942,2013-11-22,1910,40696,1881,5,5,7,1942,0,0,0,R,0,5T21,"REDONDO BEACH BL","ORCHARD AV",50.00,W,N,A,-,N,,,,,,,,,,Y,4,0,1,2,A,-,01,23152,A,N,C,C,A,B,H,-,C,A,0,,,,,Y,Y,D,22,0,0,1,0,0,0,0,0,0,"- ","- ",,,"LOS ANGELES","LOS ANGELES",-118.2875466,33.892601200000001
6277606,2013,2014-05-02,9540,2013-11-13,1735,19909,,3,2,9,1900,0,1,1,,2,511,"RT 5","VISTA DEL LAGO RD",1320.00,S,N,A,-,Y,LA,7,5,-,R,74.200,H,-,S,Y,4,0,1,1,A,-,01,23152,A,N,E,I,A,A,D,-,B,D,1,,,,,Y,Y,A,07,0,0,1,0,0,0,0,0,0,"- ","- ",34.66281,-118.75886,"LOS ANGELES",UNINCORPORATED,-118.7599506,34.663412600000001
6277690,2013,2014-04-21,1942,2013-10-10,0620,40659,331,4,5,7,1942,0,0,0,,0,3A31,"JEFFERSON BL","ARLINGTON BL",0.00,,Y,A,-,N,,,,,,,,,,N,3,0,1,2,A,-,11,21950,B,F,G,B,B,A,H,-,A,A,0,Y,,,,Y,Y,N,60,0,1,0,0,1,0,0,0,0,"- ","- ",,,"LOS ANGELES","LOS ANGELES",-118.3176522,34.0255449
6277706,2013,2014-04-21,1942,2013-10-12,0425,40476,555,6,5,7,1942,0,0,0,,0,3T5W3,"PACIFIC AV","FRONT ST",134.00,S,N,A,-,N,,,,,,,,,,Y,2,0,3,1,A,-,01,23152,A,N,E,I,A,A,H,-,C,A,0,,,,,Y,Y,A,07,2,1,0,0,0,0,0,0,0,"- ","- ",,,"LOS ANGELES","LOS ANGELES",-118.2871581,33.750969699999999
6278219,2013,2014-05-01,1942,2013-11-03,2045,30694,1924,7,5,7,1942,0,0,0,,0,19A61,"LAUREL CANYON BL","HUBBARD ST",0.00,,Y,A,-,N,,,,,,,,,,Y,4,0,1,1,A,-,03,22350,,N,E,I,A,-,H,-,C,A,0,,,,,Y,Y,-,"- ",0,0,1,0,0,0,0,0,0,"- ","- ",,,"LOS ANGELES","LOS ANGELES",-118.45801229999999,34.284115
6278349,2013,2014-05-05,9525,2013-11-10,2200,020422,,7,3,9,1900,0,3,5,,2,005,"GAREY AV","SERRANO PL",5.00,S,N,A,-,N,,,,,,,,,,Y,3,0,1,1,A,-,01,23152,A,N,E,I,A,A,H,-,C,D,0,,,,,Y,Y,A,01,0,1,0,0,0,0,0,0,0,"- ","- ",34.10951,-117.7486,"LOS ANGELES",UNINCORPORATED,-117.74859240000001,34.109521200000003
6278381,2013,2014-05-05,9525,2013-11-09,0505,020572,,6,3,4,1946,0,1,1,,2,211,"RT 210","HUNTINGTON DR",5.00,W,N,A,-,Y,LA,7,210,-,R,32.890,H,-,W,Y,3,0,7,3,A,-,03,22350,,N,C,C,E,A,H,-,C,D,1,Y,,,,Y,Y,A,01,0,4,3,0,1,0,0,0,0,"- ","- ",34.40099,-118.01634,"LOS ANGELES",MONROVIA,-118.0154623,34.139270500000002
6279105,2013,2014-04-19,1965,2013-10-26,1917,3754,05B1,6,5,5,1965,0,0,0,,0,004,"WILSHIRE BL","19TH ST",154.00,W,N,A,-,N,,,,,,,,,,N,3,0,1,2,A,-,11,21956,A,F,G,B,D,A,H,-,C,D,0,Y,,,,Y,Y,N,60,0,1,0,0,1,0,0,0,0,"- ","- ",,,"LOS ANGELES","SANTA MONICA",-118.4844957,34.0303118
6279251,2013,2014-05-05,1965,2013-11-03,1439,3809,02A2,7,5,5,1965,0,0,0,,0,A003,"LINCOLN BL","COLORADO AV",5.00,S,N,A,-,N,,,,,,,,,,N,4,0,1,2,A,-,08,22107,,N,B,G,A,A,D,-,A,A,0,,Y,,,Y,Y,L,04,0,0,1,0,0,0,1,0,0,"- ","- ",,,"LOS ANGELES","SANTA MONICA",-118.4882807,34.016775000000003
6279911,2013,2014-05-09,9540,2013-11-08,1630,20304,,5,2,9,1900,0,2,4,,1,204,"BOUQUET CANYON RD","BIG OAKS LODGE",400.00,S,N,A,-,N,,,,,,,,,,Y,3,0,1,1,A,-,01,23152,A,N,E,I,A,A,H,-,A,D,0,,,,,Y,Y,D,22,0,1,0,0,0,0,0,0,0,"- ","- ",34.328330000000001,-118.26029,"LOS ANGELES",UNINCORPORATED,,
6279971,2013,2014-11-17,9530,2013-02-02,0445,20457,,6,3,7,1941,0,1,1,,2,430,"RT 405","REDONDO AV",340.00,N,N,A,-,Y,LA,7,405,-,-,3.910,H,-,N,Y,4,0,1,2,A,-,01,23152,A,N,C,C,A,A,H,-,C,A,1,,,,,Y,Y,D,22,0,0,1,0,0,0,0,0,0,"- ","- ",33.807510000000001,-118.15255999999999,"LOS ANGELES","LONG BEACH",-118.1523645,33.807358299999997
6280066,2013,2014-05-12,1942,2013-11-24,0005,40102,2015,7,5,7,1942,0,0,0,,0,20TL59,"BEVERLY BL","CATALINA ST",60.00,E,N,A,-,N,,,,,,,,,,N,4,0,2,2,A,-,01,23152,A,N,B,C,A,A,H,-,C,A,0,,,,,Y,Y,D,22,0,0,2,0,0,0,0,0,0,"- ","- ",,,"LOS ANGELES","LOS ANGELES",-118.2952745,34.076290999999998
6280099,2013,2014-05-05,1942,2013-11-16,1150,40583,1017,6,5,7,1942,0,0,0,J,0,15TL47,"SHERMAN WAY","LOUISE AV",0.00,,Y,A,-,N,,,,,,,,,,Y,4,0,2,2,A,-,01,23152,A,N,A,C,A,A,H,-,A,A,0,,,,,Y,Y,A,01,0,0,2,0,0,0,0,0,0,"- ","- ",,,"LOS ANGELES","LOS ANGELES",-118.5098823,34.201225000000001
6280103,2013,2014-05-05,1942,2013-11-16,2235,38326,0401,6,5,7,1942,0,0,0,D,0,21T61,"SEPULVEDA BL","VALERIO ST",100.00,S,N,B,-,N,,,,,,,,,,Y,3,0,1,2,A,-,01,23152,A,N,C,E,A,A,H,-,C,D,0,,,,,Y,Y,A,01,0,1,0,0,0,0,0,0,0,"- ","- ",,,"LOS ANGELES","LOS ANGELES",-118.46620919999999,34.204530599999998
6280391,2013,2014-05-09,1942,2013-11-12,1750,33994,1907,2,5,7,1942,0,0,0,,0,19X4,"HUBBARD ST","WHEELER AV",0.00,,Y,A,-,N,,,,,,,,,,N,3,0,1,2,A,-,"- ",,,N,G,B,D,A,H,-,C,D,0,Y,,,,Y,Y,N,60,0,1,0,0,1,0,0,0,0,"- ","- ",,,"LOS ANGELES","LOS ANGELES",-118.42561240000001,34.311614900000002
6280540,2013,2014-04-28,9535,2013-10-01,0245,19363,,2,3,9,1900,0,1,1,,2,651,"RT 605","RT 60",260.00,W,N,A,-,Y,LA,7,60,-,-,11.571,R,2,W,N,3,0,1,1,A,-,01,23152,A,N,E,I,A,A,H,-,C,D,1,,,Y,,Y,Y,C,02,0,1,0,0,0,0,0,0,1,TO,"- ",34.034939999999999,-118.02721,"LOS ANGELES",UNINCORPORATED,-118.0307621,34.035704899999999
6281004,2013,2014-05-07,9590,2013-11-17,0205,20095,,7,3,7,1942,0,1,1,,2,050,"RT 110","GAGE AV",1000.00,S,N,A,-,Y,LA,7,110,-,-,17.320,H,-,N,Y,3,0,2,2,A,-,01,23152,A,F,C,C,A,A,H,-,C,D,1,,,,,Y,Y,A,01,0,2,0,0,0,0,0,0,0,"- ","- ",33.979129999999998,-118.28055000000001,"LOS ANGELES","LOS ANGELES",-118.2806721,33.978882599999999
6284108,2013,2014-12-19,1928,2013-12-07,1206,310,H529,6,5,5,1928,0,0,0,,0,0H2,"CRENSHAW BL","EL SEGUNDO BL",15.00,S,N,B,C,N,,,,,,,,,,Y,4,0,2,3,A,-,03,22350,,N,C,C,A,B,H,-,A,D,0,,,,,Y,Y,I,11,0,0,2,0,0,0,0,0,0,"- ","- ",,,"LOS ANGELES",HAWTHORNE,-118.32652640000001,33.916443999999998
6284468,2013,2014-05-20,1942,2013-12-03,1840,38471,2143,2,5,7,1942,0,0,0,,0,9TL52,"FALLBROOK AV","SYLVAN ST",0.00,,Y,A,-,N,,,,,,,,,,Y,4,0,1,1,A,-,08,22107,,N,A,I,A,A,H,-,C,A,0,,,,,Y,Y,A,01,0,0,1,0,0,0,0,0,0,"- ","- ",,,"LOS ANGELES","LOS ANGELES",-118.62337239999999,34.1846149
6285532,2013,2014-01-16,9565,2013-01-06,2331,020487,,7,3,9,1900,0,2,4,,2,022,"NORMANDIE AV","94TH ST",0.00,,Y,A,-,N,,,,,,,,,,Y,2,0,1,2,A,-,09,21802,A,N,D,D,A,A,H,-,C,D,0,,,,,Y,Y,A,01,1,0,0,0,0,0,0,0,0,"- ","- ",33.950789999999998,-118.30019,"LOS ANGELES",UNINCORPORATED,-118.3002523,33.951144999999997
6285879,2013,2014-05-14,1928,2013-11-15,0817,211,506,5,5,5,1928,0,0,0,,0,0H1,"IMPERIAL HWY","DALEROSE AV",0.00,,Y,B,-,N,,,,,,,,,,N,4,0,1,2,A,-,12,22450,,N,D,G,A,A,H,-,A,D,0,,Y,,,Y,Y,L,04,0,0,1,0,0,0,1,0,0,"- ","- ",,,"LOS ANGELES",HAWTHORNE,-118.36018230000001,33.931024899999997
6286311,2013,2014-05-09,1941,2013-11-18,1059,10063,,1,5,7,1941,0,0,0,,0,,"SOUTH ST","GARDENIA AV",0.00,,Y,A,-,N,,,,,,,,,,Y,4,0,1,4,A,-,01,23153,B,N,D,C,A,A,H,-,C,D,0,,,,,Y,Y,A,,0,0,1,0,0,0,0,0,0,"- ","- ",,,"LOS ANGELES","LONG BEACH",-118.1696123,33.860144900000002
6286672,2013,2014-05-02,9590,2013-11-08,0035,20404,8,5,3,7,1942,0,1,1,,2,084,"RT 5","COLORADO BL",500.00,S,N,A,-,Y,LA,7,5,-,-,25.690,H,-,N,Y,4,0,1,2,A,-,03,22350,,N,C,C,A,A,H,-,C,D,1,,,,,Y,Y,A,01,0,0,1,0,0,0,0,0,0,"- ","- ",34.136479999999999,-118.27589999999999,"LOS ANGELES","LOS ANGELES",-118.27675739999999,34.1388569
6287078,2013,2014-01-17,1942,2013-01-20,0950,30710,1375,7,5,7,1942,0,0,0,M,0,13TL55,"COMPTON AV","56TH ST",94.00,S,N,A,-,N,,,,,,,,,,Y,3,0,1,2,A,-,01,23152,A,N,B,E,A,A,H,-,A,D,0,,,,,Y,Y,A,01,0,1,0,0,0,0,0,0,0,"- ","- ",,,"LOS ANGELES","LOS ANGELES",-118.2477722,33.991807100000003
6288000,2013,2014-04-18,9535,2013-10-13,0105,20488,,7,3,9,1900,0,1,3,,2,601,"RT 60","RT 710",700.00,E,N,A,-,Y,LA,7,60,-,R,3.420,H,-,W,Y,3,0,4,5,A,-,01,23152,A,M,C,C,A,A,H,-,C,D,1,,,,,Y,Y,D,22,0,2,2,0,0,0,0,0,0,"- ","- ",34.036670000000001,-118.16458,"LOS ANGELES",UNINCORPORATED,-118.16619609999999,34.036340500000001
6290136,2013,2015-01-13,9525,2013-10-27,0515,20632,,7,3,9,1900,0,3,5,,2,003,"TEMPLE AV","BONITA DR",1891.00,E,N,A,-,N,,,,,,,,,,N,1,1,0,2,A,-,11,21954,A,F,G,B,D,A,H,-,D,D,0,Y,,,,Y,Y,N,60,0,0,0,1,0,0,0,0,0,"- ","- ",34.047669999999997,-117.8344,"LOS ANGELES",UNINCORPORATED,-117.83423740000001,34.0476758
6290334,2014,2015-12-21,9575,2014-01-26,0003,19603,,7,3,7,1942,0,1,3,,2,041,"RT 134","ARBOR DELL DR",829.00,E,N,A,-,Y,LA,7,134,-,R,11.360,H,-,W,Y,1,1,4,4,A,-,01,23152,A,N,D,C,-,A,H,-,D,D,1,Y,,,,Y,Y,D,22,1,1,2,1,1,0,0,0,0,"- ","- ",34.145110000000003,-118.19014,"LOS ANGELES","LOS ANGELES",-118.18675011000001,34.143520250000002
6290375,2014,2015-12-29,1976,2014-04-02,2039,337,CA019,3,5,5,1976,0,0,0,,0,003,"MAR VISTA ST","LA SIERRA AV",128.00,W,N,A,-,N,,,,,,,,,,Y,1,1,0,2,A,-,01,23152,A,N,G,B,E,A,H,-,D,D,0,Y,,,,Y,Y,A,01,0,0,0,1,0,0,0,0,0,"- ","- ",,,"LOS ANGELES",WHITTIER,-118.00397636,33.962166979999999
6290450,2014,2015-12-28,1928,2014-04-13,0224,381,509,7,5,5,1928,0,0,0,,0,0H2,"PRAIRIE AV","120TH ST",300.00,S,N,A,-,N,,,,,,,,,,N,1,1,4,7,A,-,"- ",,,N,G,B,E,A,H,-,C,D,0,Y,,,,Y,Y,-,"- ",1,2,1,0,3,0,0,0,0,"- ","- ",,,"LOS ANGELES",HAWTHORNE,-118.34388,33.922857180000001
6290504,2014,2015-12-29,1942,2014-04-15,2000,40460,2021,2,5,7,1942,0,0,0,,0,20T59,"WILSHIRE BL","WINDSOR BL",161.00,E,N,A,-,N,,,,,,,,,,Y,1,1,0,3,A,-,11,21954,A,N,G,B,D,A,H,-,C,D,0,Y,,,,Y,Y,N,60,0,0,0,1,0,0,0,0,0,"- ","- ",,,"LOS ANGELES","LOS ANGELES",-118.32089968,34.06174687
6290868,2013,2014-07-21,1912,2013-07-28,2202,12104,,7,5,6,1912,0,0,0,,0,,"OLIVE AV","NAOMI ST",118.00,W,N,A,-,N,,,,,,,,,,Y,1,1,0,2,A,-,11,21954,A,N,G,B,D,A,H,-,C,D,0,Y,,,,Y,Y,N,60,0,0,0,1,0,0,0,0,0,"- ","- ",34.159320000000001,-118.33150000000001,"LOS ANGELES",BURBANK,-118.33149830000001,34.159371100000001
6290923,2013,2015-01-16,1942,2013-10-28,0210,40460,0644,1,5,7,1942,0,0,0,F,0,6T7,"LA BREA AV","DE LONGPRE AV",279.00,N,N,B,C,N,,,,,,,,,,Y,1,1,1,4,A,-,03,22350,,N,B,E,F,B,H,-,C,D,0,Y,,,,Y,Y,A,01,0,1,0,0,1,0,0,0,0,"- ","- ",,,"LOS ANGELES","LOS ANGELES",-118.3441222,34.096910100000002
6291115,2014,2014-08-20,1900,2014-05-01,0132,522365,2607,4,5,6,1950,0,0,0,,0,263T1,"PALMDALE BL","40TH ST EAST",242.00,W,N,A,-,Y,LA,7,138,-,-,47.710,H,-,E,Y,1,1,1,2,A,-,08,22107,,N,C,E,A,A,H,-,C,D,0,,,,Y,Y,Y,A,01,1,0,0,0,0,0,0,0,0,"- ","- ",,,"LOS ANGELES",PALMDALE,-118.0592322,34.580182919999999
6291225,2014,2015-12-23,1942,2014-07-19,1810,37469,0819,6,5,7,1942,0,0,0,H,0,8T26,"SUNSET BL","MAPLETON DR",586.00,E,N,A,-,N,,,,,,,,,,Y,1,1,3,2,A,-,05,21460,A,N,A,C,A,A,G,-,A,A,0,,,,,Y,Y,A,01,0,2,1,0,0,0,0,0,0,"- ","- ",,,"LOS ANGELES","LOS ANGELES",-118.43119474,34.081664740000001
6291383,2014,2015-12-29,1900,2014-06-11,1148,475111,2607,3,5,6,1950,0,0,0,,0,263T1,"AVENUE S","HARLEQUIN WY",146.00,E,N,B,-,N,,,,,,,,,,Y,1,1,0,2,A,-,09,21804,A,N,D,C,A,A,H,-,A,A,0,,,Y,,Y,Y,A,07,0,0,0,0,0,0,0,1,0,"- ","- ",,,"LOS ANGELES",PALMDALE,-118.04201619,34.558114889999999
6291502,2014,2016-01-14,1942,2014-09-05,2225,36607,1842,5,5,7,1942,0,0,0,R,0,3T5,"109TH PL",BROADWAY,0.00,,Y,A,-,N,,,,,,,,,,Y,1,1,1,5,A,-,09,21802,A,N,D,C,A,A,H,-,C,A,0,,,,,Y,Y,A,01,0,0,1,0,0,0,0,0,0,"- ","- ",,,"LOS ANGELES","LOS ANGELES",-118.27838010000001,33.936510089999999
6291535,2014,2014-11-04,9530,2014-07-26,0211,20699,,6,3,5,1977,0,1,1,,2,410,"RT 405","AVALON BL",1186.00,N,N,A,-,Y,LA,7,405,-,-,11.490,H,-,S,Y,1,2,2,2,A,-,01,23152,A,N,B,C,A,A,H,-,C,D,1,,,,Y,Y,Y,A,01,1,1,0,0,0,0,0,0,0,"- ","- ",33.84187,-118.26612,"LOS ANGELES",CARSON,-118.26644568,33.842263320000001
6291580,2014,2016-01-13,1942,2014-10-09,1255,30380,1136,4,5,7,1942,0,0,0,K,0,4T43,"N EAGLE ROCK BL","W AVENUE 42",0.00,,Y,A,-,N,,,,,,,,,,Y,1,1,0,2,A,-,09,21801,A,N,D,C,A,A,H,-,A,A,0,,,Y,,Y,Y,A,07,0,0,0,0,0,0,0,1,0,"- ","- ",,,"LOS ANGELES","LOS ANGELES",-118.22524000999999,34.121940109999997
6291791,2014,2016-01-05,1942,2014-11-23,0035,39184,1352,7,5,7,1942,0,0,0,M,0,13T53,"AVALON BL","E 46TH ST",170.00,N,N,A,-,N,,,,,,,,,,N,1,1,0,2,A,-,11,21954,A,N,G,B,D,A,H,-,C,A,0,Y,,,,Y,Y,N,60,0,0,0,1,0,0,0,0,0,"- ","- ",,,"LOS ANGELES","LOS ANGELES",-118.26526,34.002046219999997