CASE_ID,ACCIDENT_YEAR,PROC_DATE,JURIS,COLLISION_DATE,COLLISION_TIME,OFFICER_ID,REPORTING_DISTRICT,DAY_OF_WEEK,CHP_SHIFT,POPULATION,CNTY_CITY_LOC,SPECIAL_COND,BEAT_TYPE,CHP_BEAT_TYPE,CITY_DIVISION_LAPD,CHP_BEAT_CLASS,BEAT_NUMBER,PRIMARY_RD,SECONDARY_RD,DISTANCE,DIRECTION,INTERSECTION,WEATHER_1,WEATHER_2,STATE_HWY_IND,CALTRANS_COUNTY,CALTRANS_DISTRICT,STATE_ROUTE,ROUTE_SUFFIX,POSTMILE_PREFIX,POSTMILE,LOCATION_TYPE,RAMP_INTERSECTION,SIDE_OF_HWY,TOW_AWAY,COLLISION_SEVERITY,NUMBER_KILLED,NUMBER_INJURED,PARTY_COUNT,PRIMARY_COLL_FACTOR,PCF_CODE_OF_VIOL,PCF_VIOL_CATEGORY,PCF_VIOLATION,PCF_VIOL_SUBSECTION,HIT_AND_RUN,TYPE_OF_COLLISION,MVIW,PED_ACTION,ROAD_SURFACE,ROAD_COND_1,ROAD_COND_2,LIGHTING,CONTROL_DEVICE,CHP_ROAD_TYPE,PEDESTRIAN_ACCIDENT,BICYCLE_ACCIDENT,MOTORCYCLE_ACCIDENT,TRUCK_ACCIDENT,NOT_PRIVATE_PROPERTY,ALCOHOL_INVOLVED,STWD_VEHTYPE_AT_FAULT,CHP_VEHTYPE_AT_FAULT,COUNT_SEVERE_INJ,COUNT_VISIBLE_INJ,COUNT_COMPLAINT_PAIN,COUNT_PED_KILLED,COUNT_PED_INJURED,COUNT_BICYCLIST_KILLED,COUNT_BICYCLIST_INJURED,COUNT_MC_KILLED,COUNT_MC_INJURED,PRIMARY_RAMP,SECONDARY_RAMP,LATITUDE,LONGITUDE,COUNTY,CITY,POINT_X,POINT_Y
6806148,2015,2015-02-24,1965,2015-01-25,0347,3808,0B1J,7,5,5,1965,0,0,0,,0,B001,"LINCOLN BL","WILSHIRE BL",0.00,,Y,A,-,N,,,,,,,,,,Y,3,0,2,2,A,-,01,23153,A,N,D,C,A,A,H,-,C,A,0,,,,,Y,Y,A,01,0,2,0,0,0,0,0,0,0,"- ","- ",,,"LOS ANGELES","SANTA MONICA",-118.49454006000001,34.022170099999997
6806777,2015,2016-09-13,9535,2015-01-11,0250,20859,,7,3,5,1915,0,1,1,,2,075,"RT 710","ALONDRA BL",200.00,S,N,C,-,Y,LA,7,710,-,-,13.910,H,-,S,Y,4,0,1,1,A,-,01,23152,A,N,E,I,A,B,H,-,C,D,1,,,,,Y,Y,D,22,0,0,1,0,0,0,0,0,0,"- ","- ",33.884999999999998,-118.19071,"LOS ANGELES",COMPTON,-118.18916208,33.88855839
6807493,2015,2015-03-02,1942,2015-01-28,1515,37611,0237,3,5,7,1942,0,0,0,B,0,1TL24,"TEMPLE ST","GLENDALE BL",39.00,E,N,B,-,N,,,,,,,,,,Y,4,0,1,3,A,-,01,23153,A,N,C,C,A,A,H,-,A,A,0,,,,,Y,Y,D,22,0,0,1,0,0,0,0,0,0,"- ","- ",,,"LOS ANGELES","LOS ANGELES",-118.26075536,34.068123909999997
6807635,2015,2015-03-03,1942,2015-01-31,1055,39517,1365,6,5,7,1942,0,0,0,M,0,13A13,"50TH ST","COMPTON AV",250.00,W,N,A,-,N,,,,,,,,,,Y,3,0,1,2,A,-,01,23152,A,F,G,B,E,A,H,-,A,D,0,Y,,,,Y,Y,-,,0,1,0,0,1,0,0,0,0,"- ","- ",,,"LOS ANGELES","LOS ANGELES",-118.24860261000001,33.997514420000002
6808778,2015,2015-03-05,1942,2015-02-01,0005,37613,0644,7,5,7,1942,0,0,0,F,0,8T35,"SIERRA BONITA DR","DE LONGPRE AV",130.00,S,N,A,-,N,,,,,,,,,,Y,3,0,1,4,A,-,03,22350,,N,F,E,A,A,E,-,C,A,0,,,,,Y,Y,A,01,0,1,0,0,0,0,0,0,0,"- ","- ",,,"LOS ANGELES","LOS ANGELES",-118.35395398999999,34.09582348
6808787,2015,2015-03-05,1942,2015-02-08,0240,40065,00904,7,5,7,1942,0,0,0,,0,15T43,"RAYMER ST","KESWICK ST",416.00,N,N,C,-,N,,,,,,,,,,Y,3,0,1,1,A,-,01,23152,A,N,B,I,A,B,H,-,C,D,0,,,,,Y,Y,A,01,0,1,0,0,0,0,0,0,0,"- ","- ",,,"LOS ANGELES","LOS ANGELES",-118.44946073,34.211417169999997
6808896,2014,2015-02-19,9565,2014-12-27,2120,020915,,6,2,7,1942,0,1,1,,2,083,"RT 10","CATTARAUGUS AV",200.00,E,N,A,-,Y,,,,,,,,,,Y,4,0,1,2,A,-,01,23152,A,N,C,C,A,A,H,-,D,D,0,,,,,Y,Y,A,01,0,0,1,0,0,0,0,0,0,"- ","- ",34.035879999999999,-118.37835,"LOS ANGELES","LOS ANGELES",-118.38545703,34.034220750000003
6809329,2015,2015-02-26,1942,2015-01-30,2100,34959,2069,5,5,7,1942,0,0,0,,0,20T59,"VERMONT AV","11TH ST",266.00,N,N,A,-,N,,,,,,,,,,Y,3,0,1,3,A,-,01,23152,A,F,C,C,A,A,H,-,C,D,0,,,,,Y,Y,A,01,0,1,0,0,0,0,0,0,0,"- ","- ",,,"LOS ANGELES","LOS ANGELES",,
6810384,2015,2015-03-03,1942,2015-01-01,1225,33779,2137,4,5,7,1942,0,0,0,,0,15T44,"DESOTO AV","SATICOY ST",10.00,N,N,A,-,N,,,,,,,,,,Y,3,0,2,2,A,-,01,23152,A,N,B,C,A,A,H,-,A,A,0,,,,,Y,Y,A,01,0,1,1,0,0,0,0,0,0,"- ","- ",,,"LOS ANGELES","LOS ANGELES",-118.58848,34.20835743
6810551,2015,2015-03-03,1942,2015-01-06,1800,34793,1971,2,5,7,1942,0,0,0,,0,19X98,"NORDHOFF ST","LANGDON AV",0.00,,Y,A,-,N,,,,,,,,,,N,2,0,1,2,A,-,11,21453,D,N,G,B,B,A,H,-,C,A,0,Y,,,,Y,Y,N,60,1,0,0,0,1,0,0,0,0,"- ","- ",,,"LOS ANGELES","LOS ANGELES",-118.46978004,34.23555004
6810801,2014,2016-06-07,9545,2014-09-26,2300,20228,,5,3,9,1900,0,1,3,,2,021,"RT 14","PALMDALE BL",122.00,S,N,A,-,Y,LA,7,14,-,R,59.900,H,-,N,Y,3,0,1,1,A,-,01,23152,A,N,E,I,A,A,H,-,C,D,1,,,,,Y,Y,A,01,0,1,0,0,0,0,0,0,0,FR,"- ",34.580730000000003,-118.13352,"LOS ANGELES",UNINCORPORATED,-118.13370207,34.582850700000002
6810853,2014,2016-06-07,9545,2014-09-25,1755,17305,,4,2,9,1900,0,1,3,,2,031,"RT 14","CROWN VALLEY RD",4224.00,N,N,A,-,Y,LA,7,14,-,R,49.440,H,-,S,Y,3,0,1,1,A,-,01,23152,A,M,E,I,A,A,H,-,A,D,1,,,,,Y,Y,A,01,0,1,0,0,0,0,0,0,0,"- ","- ",34.493279999999999,-118.07706,"LOS ANGELES",UNINCORPORATED,-118.18425744,34.493141850000001
6811110,2014,2015-02-13,1942,2014-12-31,2320,41591,0663,3,5,7,1942,0,0,0,F,0,6A77,"SANTA MONICA BL","MCCADDEN PL",0.00,,Y,A,-,N,,,,,,,,,,N,3,0,1,2,A,-,10,21950,A,F,G,B,B,A,H,-,C,D,0,Y,,,,Y,Y,-,99,0,1,0,0,1,0,0,0,0,"- ","- ",,,"LOS ANGELES","LOS ANGELES",-118.33744009999999,34.090700009999999
6814681,2015,2016-10-04,9535,2015-02-21,0200,20814,,6,3,6,1922,0,1,1,,2,400,"RT 10","DURFEE AV",1000.00,W,N,A,-,Y,LA,7,10,-,-,30.320,H,-,E,Y,3,0,2,4,A,-,08,22107,,F,B,C,A,A,H,-,C,D,6,,,,,Y,Y,A,01,0,2,0,0,0,0,0,0,0,"- ","- ",34.064860000000003,-118.01434,"LOS ANGELES","EL MONTE",-118.01455747,34.065052559999998
6815055,2015,2015-04-28,1942,2015-03-14,0220,36814,0122,6,5,7,1942,0,0,0,A,0,1T11,"TEMPLE ST","FIGUEROA ST",0.00,,Y,A,-,N,,,,,,,,,,Y,3,0,3,2,A,-,01,23152,A,N,C,C,A,A,H,-,C,A,0,,,,,Y,Y,A,01,0,1,2,0,0,0,0,0,0,"- ","- ",,,"LOS ANGELES","LOS ANGELES",-118.24845009000001,34.059840059999999
6815881,2015,2015-03-05,1942,2015-02-02,1145,27512,0157,1,5,7,1942,0,0,0,A,0,1A84,"CROCKER ST","6TH ST",48.00,N,N,A,-,N,,,,,,,,,,N,3,0,1,2,A,-,11,21954,A,N,A,B,D,A,H,-,A,D,0,Y,,,,Y,Y,N,60,0,1,0,0,1,0,0,0,0,"- ","- ",,,"LOS ANGELES","LOS ANGELES",-118.24426664000001,34.041816240000003
6816265,2015,2015-03-12,1931,2015-02-03,1844,5277,1931,2,5,5,1931,0,0,0,,0,001,"MALABAR ST","SLAUSON AV",149.00,N,N,A,-,N,,,,,,,,,,N,3,0,1,2,A,-,09,21804,A,N,D,G,A,A,H,-,C,D,0,,Y,,,Y,Y,L,04,0,1,0,0,0,0,1,0,0,"- ","- ",,,"LOS ANGELES","HUNTINGTON PARK",-118.22781435,33.9896186
6817044,2015,2015-03-02,9540,2015-01-21,1715,16168,,3,2,9,1900,0,2,4,,1,204,"BOUQUET CANYON RD","VASQUEZ CANYON RD",2640.00,N,N,A,-,N,,,,,,,,,,Y,3,0,1,1,A,-,01,23152,A,N,E,I,A,A,H,-,B,D,0,,,,,Y,Y,A,01,0,1,0,0,0,0,0,0,0,"- ","- ",34.480449999999998,-118.46626999999999,"LOS ANGELES",UNINCORPORATED,-118.4661292,34.480680679999999
6817558,2014,2016-02-17,1942,2014-12-27,1450,36320,1583,6,5,7,1942,0,0,0,O,0,J5A1,"VENTURA BL","VENTURA PL",0.00,,Y,A,-,N,,,,,,,,,,N,4,0,1,2,A,-,08,22107,,N,B,G,A,A,H,-,A,D,0,,Y,,,Y,Y,A,01,0,0,1,0,0,0,1,0,0,"- ","- ",,,"LOS ANGELES","LOS ANGELES",-118.39284001,34.143650090000001
6818346,2015,2015-03-06,1941,2015-01-21,2236,6248,,3,5,7,1941,0,0,0,,0,,"LAKEWOOD BL","23RD ST",32.00,S,N,A,-,N,,,,,,,,,,Y,4,0,8,3,A,-,03,22350,,N,C,E,A,A,H,-,C,A,0,,,,,Y,Y,A,,0,0,8,0,0,0,0,0,0,"- ","- ",,,"LOS ANGELES","LONG BEACH",-118.14277912,33.799592250000003
6818471,2015,2015-05-28,1941,2015-01-22,2053,10659,,4,5,7,1941,0,0,0,,0,,"LONG BEACH BL",ROOSEVELT,0.00,,Y,A,-,N,,,,,,,,,,Y,3,0,1,3,A,-,01,23152,,N,B,E,A,A,H,-,C,A,0,,,,,Y,Y,A,,0,1,0,0,0,0,0,0,0,"- ","- ",,,"LOS ANGELES","LONG BEACH",-118.18935012999999,33.828970069999997
6819795,2015,2015-02-27,1941,2015-01-30,2328,10656,,5,5,7,1941,0,0,0,,0,,"LONG BEACH BL","HILL ST",0.00,,Y,A,-,N,,,,,,,,,,Y,3,0,4,2,A,-,01,23153,,N,D,D,A,A,H,-,C,A,0,,,,,Y,Y,A,,0,3,1,0,0,0,0,0,0,"- ","- ",,,"LOS ANGELES","LONG BEACH",-118.18948009,33.797130119999998
6819854,2015,2015-03-02,1900,2015-01-20,2255,527495,1613,2,5,5,1977,0,0,0,,0,160T,"WILMINGTON AV","UNIVERSITY DR",0.00,,Y,A,-,N,,,,,,,,,,Y,4,0,2,2,A,-,01,23152,A,N,C,C,A,A,H,-,C,A,0,,,,,Y,Y,A,07,0,0,2,0,0,0,0,0,0,"- ","- ",,,"LOS ANGELES",CARSON,-118.23497001,33.858140059999997
6820726,2015,2015-03-02,1942,2015-01-31,2310,38183,1028,6,5,7,1942,0,0,0,J,0,9T57,"BALBOA BL","SHERMAN WY",50.00,N,N,A,-,N,,,,,,,,,,N,3,0,1,2,A,-,11,21954,A,N,G,B,D,A,H,-,C,A,0,Y,,,,Y,Y,N,60,0,1,0,0,1,0,0,0,0,"- ","- ",,,"LOS ANGELES","LOS ANGELES",-118.50112205000001,34.201367140000002
6821593,2015,2015-03-10,1942,2015-02-04,1210,40059,0378,3,5,7,1942,0,0,0,C,0,3T5,"EXPOSITION BL","VERMONT AV",0.00,,Y,A,-,N,,,,,,,,,,Y,4,0,1,2,A,-,01,23152,A,N,G,B,B,A,D,-,A,A,0,Y,,,,Y,Y,A,01,0,0,1,0,1,0,0,0,0,"- ","- ",,,"LOS ANGELES","LOS ANGELES",-118.29153003,34.018350050000002
6822105,2015,2015-02-26,1913,2015-01-13,0644,3681,64,2,5,4,1913,0,0,0,,0,004,"CLAREMONT BL","SHENANDOAH DR",0.00,,Y,A,-,N,,,,,,,,,,Y,3,0,2,2,A,-,09,21801,A,N,D,C,A,A,H,-,A,D,0,,,,,Y,Y,-,,0,1,1,0,0,0,0,0,0,"- ","- ",,,"LOS ANGELES",CLAREMONT,-117.70052013999999,34.112490029999996
6822269,2015,2015-02-27,1922,2015-01-10,0258,649,,6,5,6,1922,0,0,0,,0,,"SANTA ANITA AV","ELLIOT AV",300.00,N,N,A,-,N,,,,,,,,,,N,3,0,1,2,A,-,03,22350,A,F,C,C,A,A,H,-,C,D,0,,,,,Y,Y,A,01,0,1,0,0,0,0,0,0,0,"- ","- ",,,"LOS ANGELES","EL MONTE",-118.04236806,34.05944255
6822278,2015,2015-03-02,1955,2015-01-13,2048,30060,10,2,5,6,1955,0,0,0,,0,003,"PEARL ST","PALOMARES ST",22.00,W,N,A,-,N,,,,,,,,,,Y,4,0,1,4,A,-,01,23152,A,N,D,C,A,A,H,-,C,D,0,,,,,Y,Y,A,07,0,0,1,0,0,0,0,0,0,"- ","- ",,,"LOS ANGELES",POMONA,-117.74610246,34.064500330000001
6822924,2015,2015-03-16,1942,2015-02-17,2215,40643,0938,2,5,7,1942,0,0,0,I,0,9T53,"OXNARD ST","FULTON AV",220.00,W,N,A,-,N,,,,,,,,,,Y,4,0,2,3,A,-,01,23152,A,N,C,C,A,A,H,-,C,A,0,,,,Y,Y,Y,A,01,0,0,2,0,0,0,0,0,0,"- ","- ",,,"LOS ANGELES","LOS ANGELES",-118.42323598,34.179409190000001
6823073,2015,2015-03-05,1942,2015-02-03,1300,40463,1837,2,5,7,1942,0,0,0,R,0,5TL21W,"WILMINGTON AV","109TH ST",0.00,,Y,A,-,N,,,,,,,,,,Y,3,0,1,3,A,-,01,23152,A,N,D,C,A,A,H,-,A,D,0,,,,,Y,Y,A,07,0,1,0,0,0,0,0,0,0,"- ","- ",,,"LOS ANGELES","LOS ANGELES",-118.23903005,33.937100100000002
6823077,2015,2015-03-05,1942,2015-02-12,2205,39291,1824,4,5,7,1942,0,0,0,R,0,18T23,"AVALON BL","E 102ND ST",0.00,,Y,A,-,N,,,,,,,,,,Y,3,0,2,2,A,-,01,23152,A,N,D,C,A,A,H,-,C,A,0,,,,,Y,Y,A,01,0,1,1,0,0,0,0,0,0,"- ","- ",,,"LOS ANGELES","LOS ANGELES",-118.26518006000001,33.943770100000002
6823824,2015,2015-03-04,1942,2015-01-29,2200,37511,1455,4,5,7,1942,0,0,0,N,0,8TL35,"LOUISE AV",WESTLAWN,80.00,W,N,B,-,N,,,,,,,,,,Y,3,0,1,3,A,-,01,23152,A,N,C,E,A,A,H,-,C,D,0,,,,,Y,Y,A,01,0,1,0,0,0,0,0,0,0,"- ","- ",,,"LOS ANGELES","LOS ANGELES",-118.42679321999999,33.994540839999999
6823878,2015,2015-03-04,1942,2015-01-29,1835,39049,1134,4,5,7,1942,0,0,0,K,0,2TL28,"EAGLE ROCK BL N","VERDUGO RD",0.00,,Y,A,-,N,,,,,,,,,,Y,3,0,2,3,A,-,01,23152,A,F,A,C,A,A,H,-,C,A,0,,,,,Y,Y,A,01,0,2,0,0,0,0,0,0,0,"- ","- ",,,"LOS ANGELES","LOS ANGELES",-118.23792001,34.10466006
6824628,2015,2015-03-10,1942,2015-02-11,1700,39703,0905,3,5,7,1942,0,0,0,I,0,19T76,"VISTA DEL MONTE AV","WYANDOTTE ST",0.00,,Y,A,-,N,,,,,,,,,,Y,3,0,2,2,A,-,12,22450,A,F,D,C,A,A,H,-,B,A,0,,,,,Y,Y,A,01,0,2,0,0,0,0,0,0,0,"- ","- ",,,"LOS ANGELES","LOS ANGELES",-118.45007013,34.203000009999997
6825607,2015,2016-10-28,1972,2015-01-30,2153,18450,,5,5,6,1972,0,0,0,,0,,"PACIFIC COAST HWY",NEWTON-DENNY,70.00,W,N,A,-,Y,LA,7,1,-,-,15.000,H,-,S,Y,3,0,2,2,A,-,01,23153,A,N,C,C,A,A,H,-,C,A,0,,,,,Y,Y,A,,0,1,1,0,0,0,0,0,0,"- ","- ",,,"LOS ANGELES",TORRANCE,-118.33792649999999,33.795512950000003
6826963,2015,2015-03-10,1942,2015-02-20,0200,38354,0966,5,5,7,1942,0,0,0,I,0,10T35,"ADDISON ST","GREENBUSH AV",8.00,W,N,A,-,N,,,,,,,,,,Y,3,0,1,1,A,-,01,23152,A,N,E,I,A,A,H,-,C,D,0,,,,,Y,Y,A,01,0,1,0,0,0,0,0,0,0,"- ","- ",,,"LOS ANGELES","LOS ANGELES",-118.42580638,34.16124928
6827242,2015,2015-04-27,1900,2015-02-15,0143,527056,2607,7,5,6,1950,0,0,0,,0,264T1,"AVENUE T","60TH ST E",5.00,E,N,A,-,N,,,,,,,,,,Y,4,0,2,1,A,-,01,23152,A,N,F,J,A,A,H,-,D,D,0,,,,,Y,Y,A,01,0,0,2,0,0,0,0,0,0,"- ","- ",,,"LOS ANGELES",PALMDALE,-118.02329343,34.542740000000002
6827381,2014,2015-03-11,1924,2014-12-07,2034,108241,49,7,5,5,1924,0,0,0,,0,8T3,"168TH ST","RAYMOND PL",34.00,E,N,A,-,N,,,,,,,,,,N,3,0,1,2,A,-,03,22350,,N,D,G,A,A,H,-,C,D,0,,Y,,,Y,Y,L,04,0,1,0,0,0,0,1,0,0,"- ","- ",,,"LOS ANGELES",GARDENA,-118.29660825000001,33.878982729999997
6827405,2014,2015-03-11,1924,2014-12-30,0051,112602,27,2,5,5,1924,0,0,0,,0,8T2,"BERENDO AV","145TH ST",212.00,S,N,A,-,N,,,,,,,,,,Y,3,0,1,4,A,-,01,23152,A,N,B,E,A,A,H,-,C,D,0,,,,,Y,Y,A,01,0,1,0,0,0,0,0,0,0,"- ","- ",,,"LOS ANGELES",GARDENA,-118.29391744,33.898968570000001
6827472,2014,2015-03-10,1916,2014-12-25,0033,2113,43,4,5,4,1916,0,0,0,,0,002,"SAN BERNARDINO","CITRUS AV",112.00,W,N,A,-,N,,,,,,,,,,Y,3,0,3,2,A,-,01,23152,A,N,C,C,A,A,H,-,C,D,0,,,,,Y,Y,A,01,0,1,2,0,0,0,0,0,0,"- ","- ",,,"LOS ANGELES",COVINA,-117.89053817999999,34.090159
6831411,2015,2015-03-17,1900,2015-02-18,1120,462141,2115,3,5,5,1943,0,0,0,,0,212T4,"ATLANTIC AV","CLARK ST",89.00,N,N,A,-,N,,,,,,,,,,Y,4,0,1,3,A,-,01,23152,A,N,C,E,A,A,H,-,A,D,0,,,,,Y,Y,A,01,0,0,1,0,0,0,0,0,0,"- ","- ",,,"LOS ANGELES",LYNWOOD,-118.19165918,33.911169129999998
6833577,2015,2016-09-28,9565,2015-02-03,0350,20595,,2,3,9,1900,0,1,1,,2,063,"RT 405","WILSHIRE BL",100.00,N,N,B,-,Y,LA,7,405,-,-,31.590,H,-,S,Y,3,0,2,2,A,-,01,23152,A,N,C,C,A,B,H,-,C,D,1,,,,,Y,Y,A,07,0,2,0,0,0,0,0,0,0,"- ","- ",34.055750000000003,-118.452,"LOS ANGELES",UNINCORPORATED,-118.45252707,34.056036020000001
6834745,2014,2015-03-09,9550,2014-12-31,2315,20700,,3,3,3,1964,0,1,1,,2,501,"RT 5","ALONDRA BL",800.00,S,N,A,-,Y,,,5,,,,,,,Y,4,0,1,1,A,-,01,23152,A,M,E,I,A,A,H,-,C,D,0,,,,,Y,Y,A,01,0,0,1,0,0,0,0,0,0,"- ","- ",33.886780000000002,-118.03308,"LOS ANGELES","SANTA FE SPRINGS",-118.03322593999999,33.886504760000001
6834800,2015,2016-11-05,9550,2015-01-22,2235,18150,,4,3,9,1900,0,3,5,,2,001,"WHITTIER BL","RT 605",70.00,E,N,A,-,Y,LA,7,72,-,-,6.650,H,-,S,N,2,0,1,2,A,-,01,23152,A,F,C,G,A,A,H,-,C,D,0,,Y,,,Y,Y,A,01,1,0,0,0,0,0,1,0,0,"- ","- ",33.993029999999997,-118.06885,"LOS ANGELES",UNINCORPORATED,-118.06918557,33.99331385
6834920,2015,2016-10-31,1941,2015-02-12,1944,6172,,4,5,7,1941,0,0,0,,0,,"LONG BEACH BL","PACIFIC COAST HWY",11.00,S,N,A,-,Y,LA,7,1,-,-,6.261,I,6,S,N,4,0,1,2,A,-,11,21456,B,N,G,B,B,A,H,-,C,A,0,Y,,,,Y,Y,N,,0,0,1,0,1,0,0,0,0,"- ","- ",,,"LOS ANGELES","LONG BEACH",-118.18930021,33.789807869999997
6836508,2015,2016-09-23,9575,2015-02-08,1700,20681,,7,2,9,1900,0,1,3,,2,304,"RT 2","MPM 63.14",64.00,W,N,A,-,Y,LA,7,2,-,-,63.160,H,-,W,Y,2,0,2,1,A,-,01,23152,A,N,E,I,A,A,H,-,A,D,0,,,,,Y,Y,A,07,1,1,0,0,0,0,0,0,0,"- ","- ",34.353679999999997,-117.87836,"LOS ANGELES",UNINCORPORATED,-117.86082304,34.360651160000003
6836799,2015,2015-03-20,1942,2015-02-15,0135,37353,1798,7,5,7,1942,0,0,0,Q,0,10T37,"NORDHOFF ST","GLORIA AV",0.00,,Y,A,-,N,,,,,,,,,,Y,4,0,2,2,D,-,00,,,N,D,C,A,A,H,-,C,A,0,,,,,Y,Y,-,"- ",0,0,2,0,0,0,0,0,0,"- ","- ",,,"LOS ANGELES","LOS ANGELES",-118.48071001,34.235599999999998
6836800,2015,2015-03-12,1942,2015-02-23,1400,40119,1503,1,5,7,1942,0,0,0,O,0,9TL56,"LAUREL CANYON BL","VANOWEN ST",0.00,,Y,B,-,N,,,,,,,,,,Y,4,0,2,3,A,-,09,21801,,F,D,C,A,B,H,-,A,A,0,,,,,Y,Y,A,01,0,0,2,0,0,0,0,0,0,"- ","- ",,,"LOS ANGELES","LOS ANGELES",-118.39652012000001,34.193950090000001
6836858,2015,2015-08-15,1942,2015-02-21,0727,38349,1794,6,5,7,1942,0,0,0,Q,0,21T62,"COMMUNITY ST","YOLANDA AV",208.00,E,N,A,-,N,,,,,,,,,,N,4,0,1,1,A,-,01,23152,A,N,E,I,A,A,H,-,A,D,0,,,,,Y,Y,A,01,0,0,1,0,0,0,0,0,0,"- ","- ",,,"LOS ANGELES","LOS ANGELES",-118.53980249999999,34.222958300000002
6837093,2015,2016-10-10,9540,2015-02-22,0215,19332,,7,3,6,1985,0,1,3,,1,144,"RT 14","CANYON PARK BL",112.00,S,N,B,-,Y,LA,7,14,-,R,31.380,H,-,N,Y,3,0,2,1,A,-,01,23152,A,N,E,I,A,A,H,-,D,D,1,,,,,Y,Y,A,01,0,2,0,0,0,0,0,0,0,"- ","- ",34.406820000000003,-118.44781,"LOS ANGELES","SANTA CLARITA",-118.44846332,34.406222470000003
6837488,2015,2015-03-19,1942,2015-02-21,2055,39335,1012,6,5,7,1942,0,0,0,J,0,10T35,"SATICOY ST","RESEDA BL",50.00,E,N,A,-,N,,,,,,,,,,N,3,0,1,2,A,-,01,23152,A,N,B,C,A,A,H,-,C,D,0,,,Y,,Y,Y,C,02,0,1,0,0,0,0,0,0,1,"- ","- ",,,"LOS ANGELES","LOS ANGELES",-118.53588494,34.208407569999999
6837593,2015,2015-03-17,1916,2015-02-13,0832,1944,33A,5,5,4,1916,0,0,0,,0,001,"SAN BERNARDINO RD","COMMERCIAL WY",420.00,E,N,A,-,N,,,,,,,,,,Y,4,0,1,2,A,-,01,23152,A,N,C,C,A,A,H,-,A,D,0,,,,,Y,Y,A,01,0,0,1,0,0,0,0,0,0,"- ","- ",,,"LOS ANGELES",COVINA,-117.8763537,34.091147339999999
6839960,2015,2015-03-18,1942,2015-01-26,1900,40132,2033,1,5,7,1942,0,0,0,,0,20A53,"8TH ST","HOBART BL",50.00,E,N,C,-,N,,,,,,,,,,N,3,0,1,2,A,-,11,21955,,N,G,B,D,B,-,-,B,D,0,Y,,,,Y,Y,N,60,0,1,0,0,1,0,0,0,0,"- ","- ",,,"LOS ANGELES","LOS ANGELES",-118.30517525,34.057698590000001
6840346,2015,2015-04-08,1941,2015-03-07,0104,10544,,6,5,7,1941,0,0,0,,0,,"10TH ST","GAVIOTA AV",15.00,W,N,A,-,N,,,,,,,,,,Y,4,0,1,3,A,-,12,22450,A,N,A,C,A,A,H,-,C,A,0,,,,,Y,Y,A,,0,0,1,0,0,0,0,0,0,"- ","- ",,,"LOS ANGELES","LONG BEACH",-118.17098926,33.778950000000002
6840469,2015,2016-04-13,1942,2015-02-24,2110,39062,1345,2,5,7,1942,0,0,0,M,0,1T11,"CENTRAL AV","34TH ST",100.00,S,N,A,-,N,,,,,,,,,,Y,3,0,5,3,A,-,01,23152,A,N,C,C,A,A,H,-,C,D,0,,,,,Y,Y,A,08,0,1,4,0,0,0,0,0,0,"- ","- ",,,"LOS ANGELES","LOS ANGELES",-118.25651259,34.012515819999997
6840707,2015,2015-03-20,1942,2015-03-05,2250,40460,1441,4,5,7,1942,0,0,0,N,0,19T47,"ABBOT KINNEY BL","VICTORIA AV",45.00,N,N,A,-,N,,,,,,,,,,Y,2,0,1,2,A,-,11,21954,A,N,G,B,D,A,H,-,C,D,0,Y,,,,Y,Y,N,60,1,0,0,0,1,0,0,0,0,"- ","- ",,,"LOS ANGELES","LOS ANGELES",-118.45982088,33.98793826
6842306,2015,2015-04-03,1901,2015-02-23,1124,254,16,1,5,5,1901,0,0,0,,0,004,"FREMONT AV","VALLEY BL",0.00,,Y,A,-,N,,,,,,,,,,Y,3,0,2,2,A,-,12,21453,A,N,D,-,A,-,H,-,A,A,0,,,,,Y,Y,-,"- ",0,1,1,0,0,0,0,0,0,"- ","- ",,,"LOS ANGELES",ALHAMBRA,-118.15186014,34.076900019999997
6843047,2015,2016-09-19,9530,2015-01-25,0440,20751,,7,3,7,1942,0,1,1,,2,400,"RT 405","VERMONT AV",400.00,N,N,A,-,Y,LA,7,405,-,-,13.450,H,-,S,Y,4,0,1,2,A,-,01,23152,A,N,C,C,A,A,H,-,C,D,1,,,,,Y,Y,A,08,0,0,1,0,0,0,0,0,0,"- ","- ",33.860030000000002,-118.29236,"LOS ANGELES","LOS ANGELES",-118.29242335000001,33.85967084
6843750,2015,2016-04-12,1942,2015-02-28,2340,40820,1601,6,5,7,1942,0,0,0,P,0,21T61,"FOOTHILL BL","PAXTON ST",2.00,S,N,B,-,N,,,,,,,,,,Y,3,0,1,1,A,-,01,23152,A,N,E,I,A,B,H,-,C,D,0,,,,,Y,Y,A,07,0,1,0,0,0,0,0,0,0,"- ","- ",,,"LOS ANGELES","LOS ANGELES",-118.40817558000001,34.286855920000001
6843757,2015,2015-03-18,1942,2015-02-24,1650,38349,1521,2,5,7,1942,0,0,0,O,0,10T38,"FULTON AV","SHERMAN WAY",0.00,,Y,A,-,N,,,,,,,,,,N,4,0,1,2,A,-,09,21453,B,F,D,G,A,A,H,-,A,A,0,,Y,,,Y,Y,-,99,0,0,1,0,0,0,1,0,0,"- ","- ",,,"LOS ANGELES","LOS ANGELES",-118.42254001000001,34.201200040000003
6844323,2015,2015-03-25,1941,2015-03-02,0256,10328,,1,5,7,1941,0,0,0,,0,,"LONG BEACH BL","7TH ST",0.00,,Y,C,-,N,,,,,,,,,,Y,3,0,1,1,D,-,00,,,N,E,I,A,B,H,-,C,A,0,,,,,Y,Y,-,"- ",0,1,0,0,0,0,0,0,0,"- ","- ",,,"LOS ANGELES","LONG BEACH",-118.18946007,33.77534009
6844787,2015,2015-03-16,1942,2015-02-14,0001,38050,0269,6,5,7,1942,0,0,0,B,0,2T15,"UNION AV","7TH ST",0.00,,Y,A,-,N,,,,,,,,,,Y,4,0,1,2,A,-,12,21453,A,N,D,C,A,A,H,-,C,A,0,,,,,Y,Y,A,01,0,0,1,0,0,0,0,0,0,"- ","- ",,,"LOS ANGELES","LOS ANGELES",-118.27117011999999,34.053930059999999