CASE_ID,ACCIDENT_YEAR,PROC_DATE,JURIS,COLLISION_DATE,COLLISION_TIME,OFFICER_ID,REPORTING_DISTRICT,DAY_OF_WEEK,CHP_SHIFT,POPULATION,CNTY_CITY_LOC,SPECIAL_COND,BEAT_TYPE,CHP_BEAT_TYPE,CITY_DIVISION_LAPD,CHP_BEAT_CLASS,BEAT_NUMBER,PRIMARY_RD,SECONDARY_RD,DISTANCE,DIRECTION,INTERSECTION,WEATHER_1,WEATHER_2,STATE_HWY_IND,CALTRANS_COUNTY,CALTRANS_DISTRICT,STATE_ROUTE,ROUTE_SUFFIX,POSTMILE_PREFIX,POSTMILE,LOCATION_TYPE,RAMP_INTERSECTION,SIDE_OF_HWY,TOW_AWAY,COLLISION_SEVERITY,NUMBER_KILLED,NUMBER_INJURED,PARTY_COUNT,PRIMARY_COLL_FACTOR,PCF_CODE_OF_VIOL,PCF_VIOL_CATEGORY,PCF_VIOLATION,PCF_VIOL_SUBSECTION,HIT_AND_RUN,TYPE_OF_COLLISION,MVIW,PED_ACTION,ROAD_SURFACE,ROAD_COND_1,ROAD_COND_2,LIGHTING,CONTROL_DEVICE,CHP_ROAD_TYPE,PEDESTRIAN_ACCIDENT,BICYCLE_ACCIDENT,MOTORCYCLE_ACCIDENT,TRUCK_ACCIDENT,NOT_PRIVATE_PROPERTY,ALCOHOL_INVOLVED,STWD_VEHTYPE_AT_FAULT,CHP_VEHTYPE_AT_FAULT,COUNT_SEVERE_INJ,COUNT_VISIBLE_INJ,COUNT_COMPLAINT_PAIN,COUNT_PED_KILLED,COUNT_PED_INJURED,COUNT_BICYCLIST_KILLED,COUNT_BICYCLIST_INJURED,COUNT_MC_KILLED,COUNT_MC_INJURED,PRIMARY_RAMP,SECONDARY_RAMP,LATITUDE,LONGITUDE,COUNTY,CITY,POINT_X,POINT_Y
8049281,2016,2017-02-18,1941,2016-05-21,0238,6082,,6,5,7,1941,0,0,0,,0,,"PACIFIC COAST HWY","CASPIAN AV",113.00,W,N,A,-,Y,LA,7,1,-,-,7.600,H,-,N,Y,4,0,1,3,A,-,01,23152,A,N,C,E,A,A,H,-,C,A,0,,,,,Y,Y,A,,0,0,1,0,0,0,0,0,0,"- ","- ",,,"LOS ANGELES","LONG BEACH",-118.21244627999999,33.78991731
8051404,2016,2016-06-03,1928,2016-05-05,2114,343,508,4,5,5,1928,0,0,0,,0,502,"VAN NESS AV","120TH ST",0.00,,Y,B,-,N,,,,,,,,,,N,3,0,1,2,A,-,12,21453,A,F,G,B,B,A,H,-,C,A,0,Y,,,,Y,Y,-,,0,1,0,0,1,0,0,0,0,"- ","- ",33.92371,-118.31780999999999,"LOS ANGELES",HAWTHORNE,-118.31783011,33.923670110000003
8051420,2016,2016-12-08,1955,2016-05-19,0233,41484,58,4,5,6,1955,0,0,0,,0,001,"MISSION BL","PHILLIPS DR",817.00,W,N,A,-,N,,,,,,,,,,Y,2,0,1,1,A,-,01,23152,A,N,E,I,A,A,H,-,C,A,0,,,,,Y,Y,A,01,1,0,0,0,0,0,0,0,0,"- ","- ",,,"LOS ANGELES",POMONA,-117.79487644,34.049665609999998
8052313,2016,2016-06-07,1975,2016-05-19,0740,0361,,4,5,6,1975,0,0,0,,0,002,"GRAND AV","HOLT AV",29.00,S,N,A,-,N,,,,,,,,,,,4,0,1,2,A,-,03,22350,,M,-,C,A,A,H,-,A,A,0,,,,,Y,Y,-,,0,0,1,0,0,0,0,0,0,"- ","- ",,,"LOS ANGELES","WEST COVINA",-117.87222629999999,34.069052990000003
8052467,2016,2016-06-07,1910,2016-03-10,0833,02230,,4,5,4,1910,0,0,0,,0,005,"MORENO DR","SOUTH SANTA MONICA BL",50.00,S,N,A,-,N,,,,,,,,,,N,4,0,1,2,A,-,01,23152,A,N,C,C,A,A,H,-,A,A,0,,,,,Y,Y,A,01,0,0,1,0,0,0,0,0,0,"- ","- ",,,"LOS ANGELES","BEVERLY HILLS",-118.41397938999999,34.063820389999997
8053299,2016,2016-06-10,1900,2016-04-29,1443,600588,1334,5,5,5,1908,0,0,0,,0,133,"OAK ST","ARDMORE AV",271.00,W,N,A,-,N,,,,,,,,,,N,3,0,1,2,A,-,08,22107,,N,B,E,A,A,H,-,A,D,0,,,Y,,Y,Y,C,02,0,1,0,0,0,0,0,0,1,"- ","- ",,,"LOS ANGELES",BELLFLOWER,-118.13004094,33.884630530000003
8055230,2016,2016-06-08,1942,2016-05-27,1200,41316,1999,5,5,7,1942,0,0,0,,0,17T16,"SATICOY ST","WOODMAN AV",200.00,E,N,A,-,N,,,,,,,,,,N,4,0,1,2,A,-,07,21658,A,F,B,C,A,A,H,-,A,D,0,,,,,Y,Y,-,99,0,0,1,0,0,0,0,0,0,"- ","- ",,,"LOS ANGELES","LOS ANGELES",-118.43049992,34.209449020000001
8055305,2016,2016-06-08,1942,2016-05-27,1420,41316,1684,5,5,7,1942,0,0,0,P,0,17T16,"WEBB AV","ROSCOE BL",200.00,S,N,A,-,N,,,,,,,,,,N,4,0,1,2,A,-,09,21804,A,F,D,C,A,A,H,-,A,A,0,,,,,Y,Y,-,99,0,0,1,0,0,0,0,0,0,"- ","- ",,,"LOS ANGELES","LOS ANGELES",-118.39264507,34.221200359999997
8056893,2016,2017-02-11,1942,2016-05-22,2255,40325,1132,7,5,7,1942,0,0,0,K,0,4T43,"RIVERSIDE DR","RT 5",78.00,N,N,A,-,Y,LA,7,5,-,-,23.588,R,4,S,Y,4,0,2,2,A,-,01,23152,A,N,D,C,A,A,H,-,C,A,0,,,,,Y,Y,A,01,0,0,2,0,0,0,0,0,0,"- ","- ",,,"LOS ANGELES","LOS ANGELES",-118.26455027999999,34.111296260000003
8056926,2016,2016-06-13,1942,2016-05-24,2210,40008,0205,2,5,7,1942,0,0,0,B,0,13T55,SUNSET,VENDOME,0.00,E,N,A,-,N,,,,,,,,,,Y,3,0,1,2,A,-,01,23152,A,N,C,E,A,A,H,-,C,D,0,,,,,Y,Y,A,01,0,1,0,0,0,0,0,0,0,"- ","- ",,,"LOS ANGELES","LOS ANGELES",-118.27428002000001,34.084230069999997
8057628,2016,2016-06-16,1942,2016-05-22,0430,32297,2013,7,5,7,1942,0,0,0,,0,20A39,"WESTERN AV","BEVERLY BL",0.00,,Y,A,-,N,,,,,,,,,,Y,3,0,2,2,A,-,12,21453,A,N,D,C,A,A,H,-,C,A,0,,,,,Y,Y,A,01,0,1,1,0,0,0,0,0,0,"- ","- ",,,"LOS ANGELES","LOS ANGELES",-118.30915005999999,34.076260079999997
8057920,2016,2016-07-21,1942,2016-06-26,0015,35346,1599,7,5,7,1942,0,0,0,O,0,16T25,"MULTIVIEW DR","BROADLAWN DR",3000.00,W,N,A,-,N,,,,,,,,,,Y,3,0,1,1,A,-,01,23152,A,N,E,I,A,A,H,-,A,D,0,,,,,Y,Y,A,07,0,1,0,0,0,0,0,0,0,"- ","- ",,,"LOS ANGELES","LOS ANGELES",-118.3592,34.131430000000002
8058091,2016,2016-06-13,1922,2016-04-21,2216,560,,4,5,6,1922,0,0,0,,0,,"LOWER AZUSA RD","ROSE GLEN AV",500.00,E,N,A,-,N,,,,,,,,,,N,3,0,1,1,A,-,08,22107,,N,A,I,A,A,H,-,C,D,0,,,,,Y,Y,-,"- ",0,1,0,0,0,0,0,0,0,"- ","- ",,,"LOS ANGELES","EL MONTE",-118.00036333,34.088704649999997
8058204,2016,2016-06-13,1913,2016-05-02,0119,3686,65,1,5,4,1913,0,0,0,,0,002,"FOOTHILL BL","MILLS AV",189.00,E,N,A,-,N,,,,,,,,,,Y,3,0,1,1,A,-,01,23152,A,N,F,I,A,A,H,-,C,D,0,,,,,Y,Y,A,01,0,1,0,0,0,0,0,0,0,"- ","- ",,,"LOS ANGELES",CLAREMONT,-117.70650723999999,34.107049889999999
8058239,2016,2016-06-13,1942,2016-05-15,1940,38124,0437,7,5,7,1942,0,0,0,D,0,13T55,"EASTERN AV","NORELLE ST",167.00,S,N,B,-,N,,,,,,,,,,Y,3,0,3,2,A,-,09,21801,A,N,D,C,A,A,H,-,B,D,0,,,,,Y,Y,A,01,0,1,2,0,0,0,0,0,0,"- ","- ",,,"LOS ANGELES","LOS ANGELES",-118.18044712,34.07235309
8059244,2016,2016-06-15,1942,2016-06-04,2355,35471,1794,6,5,7,1942,0,0,0,Q,0,9T53,"LINDLEY AV","SCHOENBORN ST",107.00,S,N,A,-,N,,,,,,,,,,Y,3,0,2,3,A,-,01,23153,A,N,C,E,A,A,H,-,C,D,0,,,,,Y,Y,A,01,0,2,0,0,0,0,0,0,0,"- ","- ",,,"LOS ANGELES","LOS ANGELES",-118.52735917,34.221486589999998
8061539,2016,2016-06-17,1976,2016-06-01,1754,491,,3,5,5,1976,0,0,0,,0,004,"MILLS AV","DALMAN ST",112.00,N,N,A,-,N,,,,,,,,,,N,4,0,1,4,A,-,03,22350,,F,C,C,A,A,H,-,A,A,0,,,,,Y,Y,A,07,0,0,1,0,0,0,0,0,0,"- ","- ",,,"LOS ANGELES",WHITTIER,-118.01102324,33.950028330000002
8062738,2016,2016-06-16,1942,2016-05-27,0323,33504,1966,5,5,7,1942,0,0,0,,0,9TL57,"WOODMAN AV","NORDHOFF ST",0.00,,Y,A,-,N,,,,,,,,,,Y,3,0,1,1,A,-,03,22350,,N,E,I,A,A,H,-,C,-,0,,,,,Y,Y,A,01,0,1,0,0,0,0,0,0,0,"- ","- ",,,"LOS ANGELES","LOS ANGELES",-118.44044002,34.23534008
8064105,2016,2016-06-21,1941,2016-06-06,1830,6323,,1,5,7,1941,0,0,0,,0,,"ANAHEIM ST","W CORONADO AV",40.00,W,N,A,-,N,,,,,,,,,,N,4,0,1,3,-,-,"- ",,,N,B,E,A,A,H,-,A,D,0,,,,,Y,Y,-,"- ",0,0,1,0,0,0,0,0,0,"- ","- ",,,"LOS ANGELES","LONG BEACH",-118.15366136,33.782600000000002
8064334,2016,2016-06-21,1918,2016-05-01,1740,829,,7,5,4,1918,0,0,0,,0,PATROL,"CENTINELA AV","WASHINGTON BL",336.00,N,N,A,-,N,,,,,,,,,,N,3,0,1,2,A,-,08,22107,,N,H,G,A,A,H,-,A,D,0,,Y,,,Y,Y,L,04,0,1,0,0,0,0,1,0,0,"- ","- ",33.996940000000002,-118.42845,"LOS ANGELES","CULVER CITY",-118.4290536,33.997747789999998
8064389,2016,2016-06-21,1918,2016-05-08,2345,1143,1918,7,5,4,1918,0,0,0,,0,,"WASHINGTON BL","HIGUERA ST",333.00,W,N,A,-,N,,,,,,,,,,Y,3,0,1,1,A,-,01,23152,A,N,E,I,A,A,H,-,C,A,0,,,,,Y,Y,A,01,0,1,0,0,0,0,0,0,0,"- ","- ",34.026020000000003,-118.39017,"LOS ANGELES","CULVER CITY",-118.39111554999999,34.02545267
8064486,2016,2016-06-21,1942,2016-05-14,1623,41417,0331,6,5,7,1942,0,0,0,C,0,3A98,"LA BREA AV","FERNDALE LN",0.00,,Y,A,-,N,,,,,,,,,,N,4,0,2,2,A,-,04,21703,,N,C,C,A,A,H,-,A,D,0,,,,,Y,Y,A,01,0,0,2,0,0,0,0,0,0,"- ","- ",,,"LOS ANGELES","LOS ANGELES",-118.35193012000001,34.03051009
8064665,2016,2016-06-18,1942,2016-06-06,0415,38458,1494,1,5,7,1942,0,0,0,N,0,14A27,"CENTURY BL","AIRPORT BL",5.00,W,N,A,-,N,,,,,,,,,,Y,4,0,2,4,A,-,01,23152,A,N,C,C,A,A,H,-,C,A,0,,,,,Y,Y,A,01,0,0,2,0,0,0,0,0,0,"- ","- ",,,"LOS ANGELES","LOS ANGELES",-118.38606646,33.94558
8064952,2016,2016-06-17,1941,2016-05-31,2051,6222,,2,5,7,1941,0,0,0,,0,,"PACIFIC AV",POLE#FA1206,4.00,S,N,A,-,N,,,,,,,,,,N,4,0,1,2,A,-,08,22107,,N,G,G,A,A,H,-,C,D,0,,Y,,,Y,Y,A,,0,0,1,0,0,0,1,0,0,"- ","- ",,,"LOS ANGELES","LONG BEACH",,
8065144,2016,2016-06-20,1947,2016-05-06,0219,1366,,5,5,5,1947,0,0,0,,0,00E,"W OLYMPIC","PARK AV",87.00,E,N,B,-,N,,,,,,,,,,Y,4,0,1,1,A,-,01,23152,,N,A,I,A,A,H,-,-,A,0,,,,,Y,Y,-,"- ",0,0,1,0,0,0,0,0,0,"- ","- ",34.007980000000003,-118.11664,"LOS ANGELES",MONTEBELLO,-118.11640172,34.007923400000003
8067085,2016,2016-06-27,1941,2016-06-15,0044,10009,901T,3,5,7,1941,0,0,0,,0,,"MAGNOLIA AV","20TH ST",142.00,S,N,A,-,N,,,,,,,,,,Y,4,0,1,3,A,-,03,22350,,N,C,C,A,A,H,-,C,D,0,,,,,Y,Y,-,,0,0,1,0,0,0,0,0,0,"- ","- ",,,"LOS ANGELES","LONG BEACH",-118.19811214000001,33.793100590000002
8069657,2016,2016-06-23,1942,2016-06-14,1850,35346,1011,2,5,7,1942,0,0,0,J,0,21T65,"SHERMAN WY","VANALDEN AV",219.00,E,N,A,-,N,,,,,,,,,,Y,3,0,2,6,A,-,09,21804,A,N,D,C,A,A,H,-,A,D,0,,,,,Y,Y,A,01,0,2,0,0,0,0,0,0,0,"- ","- ",,,"LOS ANGELES","LOS ANGELES",-118.54840703000001,34.201021689999997
8071824,2016,2016-07-29,1942,2016-06-06,2030,36336,1916,1,5,7,1942,0,0,0,,0,10T35,"POLK ST","DRONFIELD AV",30.00,W,N,A,-,N,,,,,,,,,,N,3,0,1,2,A,-,11,21954,A,N,G,B,D,A,H,-,C,A,0,Y,,,,Y,Y,N,60,0,1,0,0,1,0,0,0,0,"- ","- ",,,"LOS ANGELES","LOS ANGELES",-118.44383757999999,34.312829780000001
8072108,2016,2016-06-29,1942,2016-06-21,1525,41397,1924,2,5,7,1942,0,0,0,,0,15T44,"POLK ST","SAN FERNANDO RD",220.00,W,N,A,-,N,,,,,,,,,,Y,3,0,1,1,A,-,01,23152,A,N,G,I,A,A,H,-,A,D,0,,,,,Y,Y,A,01,0,1,0,0,0,0,0,0,0,"- ","- ",,,"LOS ANGELES","LOS ANGELES",-118.45969516,34.29872606
8072149,2016,2016-06-29,1941,2016-06-18,2227,10549,,6,5,7,1941,0,0,0,,0,,"LONG BEACH BL","MARKET ST",0.00,,Y,A,-,N,,,,,,,,,,Y,3,0,2,2,A,-,12,21453,A,N,D,C,A,A,H,-,C,A,0,,,,,Y,Y,A,,0,1,1,0,0,0,0,0,0,"- ","- ",,,"LOS ANGELES","LONG BEACH",-118.19661010999999,33.854290040000002
8072447,2016,2016-07-05,1976,2016-06-16,1908,854,,4,5,3,1964,0,0,0,,0,,"TELEGRAPH RD","JERSEY AV",34.00,W,N,A,-,N,,,,,,,,,,Y,3,0,1,1,A,-,01,23152,A,N,E,I,A,A,H,-,A,A,0,,,,,Y,Y,A,01,0,1,0,0,0,0,0,0,0,"- ","- ",,,"LOS ANGELES","SANTA FE SPRINGS",-118.08599046,33.947251010000002
8074652,2016,2016-08-29,1900,2016-06-12,0130,532236,0977,7,5,4,1979,0,0,0,,0,91T1,"SANTA MONICA BL","WESTMOUNT DR",48.00,E,N,A,-,N,,,,,,,,,,Y,3,0,1,2,A,-,10,21950,A,N,G,B,B,A,H,-,C,D,0,Y,,,,Y,Y,A,07,0,1,0,0,1,0,0,0,0,"- ","- ",,,"LOS ANGELES","WEST HOLLYWOOD",-118.37892723,34.088131629999999
8074660,2016,2016-07-06,1900,2016-06-19,2328,517137,0972,7,5,4,1979,0,0,0,,0,91T2,"SAN VICENTE BL","SANTA MONICA BL",9.00,S,N,A,-,N,,,,,,,,,,N,3,0,1,2,A,-,11,21456,B,N,D,B,B,A,H,-,C,A,0,Y,,,,Y,Y,N,60,0,1,0,0,1,0,0,0,0,"- ","- ",,,"LOS ANGELES","WEST HOLLYWOOD",-118.38410396,34.084905829999997
8075373,2016,2016-08-01,1942,2016-07-24,2150,38354,1023,7,5,7,1942,0,0,0,J,0,19T75,"TAMPA AV","SHERMAN WY",27.00,S,N,A,-,N,,,,,,,,,,N,4,0,1,2,A,-,01,23152,A,N,C,C,A,A,H,-,C,A,0,,,,,Y,Y,A,01,0,0,1,0,0,0,0,0,0,"- ","- ",,,"LOS ANGELES","LOS ANGELES",-118.55347,34.201085929999998
8075569,2016,2016-07-11,1942,2016-06-17,0050,41171,1776,5,5,7,1942,0,0,0,Q,0,17X54,"HAYVENHURST AV","SUPERIOR ST",150.00,N,N,A,-,N,,,,,,,,,,Y,4,0,1,3,A,-,01,23152,A,N,C,E,A,A,H,-,B,D,0,,,,,Y,Y,A,01,0,0,1,0,0,0,0,0,0,"- ","- ",,,"LOS ANGELES","LOS ANGELES",-118.49368251999999,34.247021410000002
8076997,2016,2016-07-13,1928,2016-06-24,2257,395,504,5,5,5,1928,0,0,0,,0,503,"PRAIRIE AV","120TH ST",70.00,N,N,A,-,N,,,,,,,,,,Y,4,0,1,2,A,-,09,21801,,M,E,I,A,A,H,-,C,A,0,,,,,Y,Y,-,,0,0,1,0,0,0,0,0,0,"- ","- ",33.923650000000002,-118.34398,"LOS ANGELES",HAWTHORNE,-118.34388,33.923871990000002
8077657,2016,2016-07-01,1926,2016-06-19,1303,4784,,7,5,5,1926,0,0,0,,0,004,SUNFLOWER,PLYMOUTH,0.00,,Y,A,-,N,,,,,,,,,,N,4,0,2,2,A,-,01,23152,A,N,C,C,A,A,H,-,A,D,0,,,,,Y,Y,A,01,0,0,2,0,0,0,0,0,0,"- ","- ",,,"LOS ANGELES",GLENDORA,-117.84638008,34.108870060000001
8078978,2016,2016-08-29,1931,2016-06-26,0112,5308,1931,7,5,5,1931,0,0,0,,0,004,"STATE ST","WALNUT ST",15.00,S,N,A,-,N,,,,,,,,,,Y,4,0,1,2,A,-,12,22450,A,F,D,G,A,A,H,-,C,A,0,,Y,,,Y,Y,A,01,0,0,1,0,0,0,1,0,0,"- ","- ",,,"LOS ANGELES","HUNTINGTON PARK",-118.20967598,33.971659170000002
8079681,2016,2016-08-02,1942,2016-07-04,1915,40024,0777,1,5,7,1942,0,0,0,G,0,7TL23,"VENICE BL","CRENSHAW BL",0.00,,Y,A,-,N,,,,,,,,,,Y,4,0,3,2,A,-,09,21801,A,N,D,C,A,A,H,-,A,A,0,,,,,Y,Y,A,01,0,0,3,0,0,0,0,0,0,"- ","- ",,,"LOS ANGELES","LOS ANGELES",-118.32841012,34.044700059999997
8079777,2016,2016-07-13,1942,2016-07-05,2215,38687,1665,2,5,7,1942,0,0,0,P,0,16T25,"WENTWORTH ST","BROMONT AV",157.00,W,N,A,-,N,,,,,,,,,,Y,3,0,1,1,A,-,01,23152,A,N,E,I,A,A,H,-,C,D,0,,,,,Y,Y,A,01,0,1,0,0,0,0,0,0,0,"- ","- ",,,"LOS ANGELES","LOS ANGELES",-118.37832751000001,34.254742960000002
8080533,2016,2016-07-27,1942,2016-07-17,2100,41993,311,7,5,7,1942,0,0,0,,0,3A1,"HAUSER BL","WESTHAVEN ST",30.00,N,N,A,-,N,,,,,,,,,,N,4,0,1,4,A,-,01,23153,A,N,D,C,A,A,H,-,C,D,0,,,,,Y,Y,A,01,0,0,1,0,0,0,0,0,0,"- ","- ",,,"LOS ANGELES","LOS ANGELES",-118.36294814,34.031687890000001
8081811,2016,2017-03-03,1956,2016-07-02,0055,1270,08,6,5,5,1956,0,0,0,,0,001,"RT 1","AVENUE D",0.00,,Y,A,-,Y,LA,7,1,-,-,18.581,I,5,S,Y,4,0,2,3,A,-,01,23153,A,N,D,C,A,A,H,-,C,A,0,,,,,Y,Y,A,01,0,0,2,0,0,0,0,0,0,"- ","- ",,,"LOS ANGELES","REDONDO BEACH",-118.38553647000001,33.824713099999997
8082097,2016,2016-07-15,1929,2016-06-24,2247,191,1,5,5,3,1929,0,0,0,,0,,"VALLEY DR","8TH ST",120.00,N,N,A,-,N,,,,,,,,,,Y,4,0,1,1,A,-,01,23152,A,N,E,I,A,A,H,-,C,D,0,,,,,Y,Y,A,,0,0,1,0,0,0,0,0,0,"- ","- ",,,"LOS ANGELES","HERMOSA BEACH",-118.39437148,33.86047018
8082280,2016,2016-07-14,1913,2016-06-20,0831,3584,05,1,5,4,1913,0,0,0,,0,001,"SAN JOSE AV","MOUNTAIN AV",43.00,E,N,A,-,N,,,,,,,,,,Y,4,0,2,3,A,-,00,23153,E,F,C,C,A,A,H,-,A,A,0,,,,,Y,Y,A,01,0,0,2,0,0,0,0,0,0,"- ","- ",,,"LOS ANGELES",CLAREMONT,-117.72787111,34.083073149999997
8082473,2016,2016-07-11,1972,2016-05-28,0210,17656,,6,5,6,1972,0,0,0,,0,,"DEL AMO",WESTERN,300.00,W,N,A,-,N,,,,,,,,,,Y,3,0,1,2,A,-,01,23152,A,N,C,E,A,A,H,-,C,D,0,,,,,Y,Y,A,,0,1,0,0,0,0,0,0,0,"- ","- ",,,"LOS ANGELES",TORRANCE,-118.31028564,33.846865020000003
8082652,2016,2016-07-13,1942,2016-06-26,1430,38590,0737,7,5,7,1942,0,0,0,G,0,6T2,"ORANGE DR","6TH ST",0.00,,Y,A,-,N,,,,,,,,,,Y,3,0,2,2,A,-,09,21802,A,N,D,D,A,A,H,-,A,D,0,,,,,Y,Y,A,01,0,2,0,0,0,0,0,0,0,"- ","- ",,,"LOS ANGELES","LOS ANGELES",-118.34187,34.064920030000003
8083427,2016,2016-07-15,1931,2016-07-01,1821,5617,1931,5,5,5,1931,0,0,0,,0,,"GAGE AV","MILES AV",48.00,E,N,A,-,N,,,,,,,,,,N,4,0,1,3,A,-,03,22350,,N,C,C,A,A,H,-,A,A,0,,,,,Y,Y,A,01,0,0,1,0,0,0,0,0,0,"- ","- ",,,"LOS ANGELES","HUNTINGTON PARK",-118.21899906,33.981581050000003
8083854,2016,2016-07-20,1924,2016-04-08,0318,115237,37,5,5,5,1924,0,0,0,,0,005,"MANHATTAN PL","GARDENA BL",150.00,S,N,B,C,N,,,,,,,,,,Y,3,0,1,3,A,-,01,23152,A,N,H,E,A,B,H,-,C,D,0,,,,,Y,Y,A,01,0,1,0,0,0,0,0,0,0,"- ","- ",33.881920000000001,-118.31034,"LOS ANGELES",GARDENA,-118.31040226,33.88153861
8083858,2016,2016-07-20,1924,2016-04-24,0138,115237,17,7,5,5,1924,0,0,0,,0,004,"ROSECRANS AV","NORMANDIE AV",307.00,E,N,A,-,N,,,,,,,,,,Y,3,0,2,2,A,-,01,23152,A,M,C,C,A,A,H,-,C,D,0,,,,,Y,Y,A,01,0,1,1,0,0,0,0,0,0,"- ","- ",33.901910000000001,-118.30041,"LOS ANGELES",GARDENA,-118.29943827,33.901850000000003
8085033,2016,2017-02-24,1976,2016-07-10,0240,00386,,7,5,5,1976,0,0,0,,0,003,"S PAINTER AV","HIGH ST",18.00,N,N,A,-,Y,LA,7,72,-,-,3.650,I,6,N,Y,3,0,1,1,A,-,01,23152,A,M,E,I,A,A,H,-,C,D,0,,,,,Y,Y,A,01,0,1,0,0,0,0,0,0,0,"- ","- ",,,"LOS ANGELES",WHITTIER,-118.03263275,33.963184470000002
8085113,2016,2016-07-20,1976,2016-06-21,1715,418,,2,5,3,1964,0,0,0,,0,002,"HATHAWAY DR","ONTIVEROS PL",273.00,W,N,A,-,N,,,,,,,,,,Y,3,0,1,1,A,-,08,22107,,N,E,I,A,A,H,-,A,D,0,,,,,Y,Y,A,07,0,1,0,0,0,0,0,0,0,"- ","- ",,,"LOS ANGELES","SANTA FE SPRINGS",-118.07708641000001,33.938957770000002
8086298,2016,2016-07-25,1900,2016-05-10,0025,510559,0251,2,5,4,1945,0,0,0,,0,28T,"KING AV","61ST ST",12.00,N,N,A,-,N,,,,,,,,,,Y,3,0,1,2,A,-,01,23152,E,N,F,E,A,A,H,-,C,D,0,,,,,Y,Y,A,01,0,1,0,0,0,0,0,0,0,"- ","- ",,,"LOS ANGELES",MAYWOOD,-118.18397512999999,33.983342659999998
8086342,2016,2016-07-20,1924,2016-04-21,0508,115237,15,4,5,5,1924,0,0,0,,0,0508,"CRENSHAW BL","ROSECRANS AV",0.00,,Y,A,-,N,,,,,,,,,,Y,4,0,1,2,A,-,01,23152,A,N,D,C,A,A,H,-,C,A,0,,,,,Y,Y,D,22,0,0,1,0,0,0,0,0,0,"- ","- ",33.901919999999997,-118.32651,"LOS ANGELES",GARDENA,-118.32653005,33.901930059999998
8086628,2016,2016-07-20,1900,2016-06-26,1740,551350,0455,7,5,6,1949,0,0,0,,0,43T1,"STUDEBAKER RD","BARNWALL ST",0.00,,Y,A,-,N,,,,,,,,,,Y,4,0,1,2,A,-,01,23152,A,N,A,C,A,A,H,-,A,A,0,,,,,Y,Y,D,22,0,0,1,0,0,0,0,0,0,"- ","- ",,,"LOS ANGELES",NORWALK,-118.10001009,33.891150070000002
8086893,2016,2016-07-26,1942,2016-06-30,2119,41258,0317,4,5,7,1942,0,0,0,C,0,3A73-W,ADAMS,"JULIET ST",50.00,W,N,A,-,N,,,,,,,,,,Y,4,0,1,3,A,-,03,22350,,F,D,C,A,A,H,-,B,D,0,,,,,Y,Y,-,99,0,0,1,0,0,0,0,0,0,"- ","- ",,,"LOS ANGELES","LOS ANGELES",-118.29550471,34.032760000000003
8087275,2016,2016-07-19,1942,2016-06-30,2115,38462,1675,4,5,7,1942,0,0,0,P,0,16X24,"SUNLAND BL","PENROSE AV",0.00,,Y,A,-,N,,,,,,,,,,Y,3,0,2,4,A,-,09,21453,,F,B,D,A,A,H,-,C,A,0,,,,,Y,Y,-,99,0,1,1,0,0,0,0,0,0,"- ","- ",,,"LOS ANGELES","LOS ANGELES",-118.36684002,34.232370090000003
8087932,2016,2016-07-25,1942,2016-07-01,2250,41729,1211,5,5,7,1942,0,0,0,L,0,12T41,"54TH ST","9TH AV",0.00,,Y,A,-,N,,,,,,,,,,Y,3,0,5,2,A,-,01,23152,A,F,D,C,A,A,H,-,C,A,0,,,,,Y,Y,-,,0,2,3,0,0,0,0,0,0,"- ","- ",,,"LOS ANGELES","LOS ANGELES",-118.32696008000001,33.993150079999999
8088410,2016,2016-08-16,1942,2016-07-12,0010,40899,1483,2,5,7,1942,0,0,0,N,0,8T35,"PERSHING DR","MANCHESTER AV",0.00,,Y,A,-,N,,,,,,,,,,Y,2,0,2,2,A,-,01,23152,A,F,A,C,A,A,-,-,C,A,0,,,,,Y,Y,A,01,1,1,0,0,0,0,0,0,0,"- ","- ",,,"LOS ANGELES","LOS ANGELES",-118.44244005,33.956420029999997
8088924,2016,2016-09-14,1942,2016-08-05,2223,40297,2118,5,5,7,1942,0,0,0,,0,21A43,"ROSCOE BL","DE SOTO",0.00,,-,A,-,N,,,,,,,,,,Y,4,0,2,5,A,-,01,23153,A,N,C,C,A,A,H,-,C,D,0,,,,,Y,Y,A,01,0,0,2,0,0,0,0,0,0,"- ","- ",,,"LOS ANGELES","LOS ANGELES",-118.5884901,34.219940110000003
8089615,2016,2016-09-29,1942,2016-09-11,0150,37676,0974,7,5,7,1942,0,0,0,I,0,21T65,"VAN NUYS BL","HORTENSE ST",26.00,S,N,A,-,N,,,,,,,,,,Y,3,0,1,3,A,-,01,23152,A,N,D,E,E,A,H,-,C,A,0,Y,,,,Y,Y,A,01,0,1,0,0,1,0,0,0,0,"- ","- ",,,"LOS ANGELES","LOS ANGELES",-118.4487,34.15468868
8089799,2016,2016-09-26,1942,2016-06-29,2150,41431,1353,3,5,7,1942,0,0,0,M,0,,VERMONT,AVALON,0.00,,N,A,-,N,,,,,,,,,,N,4,0,1,2,A,-,17,21454,C,F,G,B,B,A,H,-,C,A,0,Y,,,,Y,Y,-,"- ",0,0,1,0,1,0,0,0,0,"- ","- ",,,"LOS ANGELES","LOS ANGELES",,
8090726,2016,2016-07-27,1942,2016-06-05,0220,36814,164,7,5,7,1942,0,0,0,P,0,1T11,"SPRING ST","6TH ST",210.00,S,N,A,-,N,,,,,,,,,,N,3,0,1,2,A,-,11,21955,,N,G,B,D,A,H,-,C,D,0,Y,,,,Y,Y,N,60,0,1,0,0,1,0,0,0,0,"- ","- ",,,"LOS ANGELES","LOS ANGELES",-118.25141738000001,34.045507110000003
8090928,2016,2016-07-29,1942,2016-07-16,2145,31652,1633,6,5,7,1942,0,0,0,P,0,19T13,"TERRA BELLA ST","FOOTHILL BL",0.00,,Y,A,-,N,,,,,,,,,,Y,3,0,2,2,A,-,01,23152,A,N,A,C,A,A,H,-,C,A,0,,,,,Y,Y,A,01,0,1,1,0,0,0,0,0,0,"- ","- ",,,"LOS ANGELES","LOS ANGELES",-118.39553001,34.274890110000001