CASE_ID,ACCIDENT_YEAR,PROC_DATE,JURIS,COLLISION_DATE,COLLISION_TIME,OFFICER_ID,REPORTING_DISTRICT,DAY_OF_WEEK,CHP_SHIFT,POPULATION,CNTY_CITY_LOC,SPECIAL_COND,BEAT_TYPE,CHP_BEAT_TYPE,CITY_DIVISION_LAPD,CHP_BEAT_CLASS,BEAT_NUMBER,PRIMARY_RD,SECONDARY_RD,DISTANCE,DIRECTION,INTERSECTION,WEATHER_1,WEATHER_2,STATE_HWY_IND,CALTRANS_COUNTY,CALTRANS_DISTRICT,STATE_ROUTE,ROUTE_SUFFIX,POSTMILE_PREFIX,POSTMILE,LOCATION_TYPE,RAMP_INTERSECTION,SIDE_OF_HWY,TOW_AWAY,COLLISION_SEVERITY,NUMBER_KILLED,NUMBER_INJURED,PARTY_COUNT,PRIMARY_COLL_FACTOR,PCF_CODE_OF_VIOL,PCF_VIOL_CATEGORY,PCF_VIOLATION,PCF_VIOL_SUBSECTION,HIT_AND_RUN,TYPE_OF_COLLISION,MVIW,PED_ACTION,ROAD_SURFACE,ROAD_COND_1,ROAD_COND_2,LIGHTING,CONTROL_DEVICE,CHP_ROAD_TYPE,PEDESTRIAN_ACCIDENT,BICYCLE_ACCIDENT,MOTORCYCLE_ACCIDENT,TRUCK_ACCIDENT,NOT_PRIVATE_PROPERTY,ALCOHOL_INVOLVED,STWD_VEHTYPE_AT_FAULT,CHP_VEHTYPE_AT_FAULT,COUNT_SEVERE_INJ,COUNT_VISIBLE_INJ,COUNT_COMPLAINT_PAIN,COUNT_PED_KILLED,COUNT_PED_INJURED,COUNT_BICYCLIST_KILLED,COUNT_BICYCLIST_INJURED,COUNT_MC_KILLED,COUNT_MC_INJURED,PRIMARY_RAMP,SECONDARY_RAMP,LATITUDE,LONGITUDE,COUNTY,CITY,POINT_X,POINT_Y
8092040,2016,2016-08-03,1918,2016-06-05,0242,1107,,7,5,4,1918,0,0,0,,0,PATROL,"SAWTELLE BL","VENICE BL",330.00,S,N,A,-,N,,,,,,,,,,Y,4,0,1,3,A,-,01,23152,,N,C,E,A,A,H,-,C,D,0,,,Y,,Y,Y,A,01,0,0,1,0,0,0,0,0,0,"- ","- ",34.011420000000001,-118.41965999999999,"LOS ANGELES","CULVER CITY",-118.4191288,34.010640479999999
8092160,2016,2016-08-03,1920,2016-06-21,2249,11859,1920,2,5,6,1920,0,0,0,,0,005,"FIRESTONE BL","LAKEWOOD BL",0.00,,Y,A,-,N,,,,,,,,,,Y,4,0,1,2,A,-,01,23152,A,N,D,C,A,A,H,-,C,A,0,,,,,Y,Y,A,01,0,0,1,0,0,0,0,0,0,"- ","- ",,,"LOS ANGELES",DOWNEY,-118.12402003,33.935530040000003
8092732,2016,2016-07-27,1929,2016-07-08,0915,160,,5,5,3,1929,0,0,0,,0,002,"ARDMORE AV","21ST ST",0.00,,Y,A,-,N,,,,,,,,,,N,3,0,1,2,A,-,01,23152,A,N,D,G,A,A,H,-,A,A,0,,Y,,,Y,Y,L,04,0,1,0,0,0,0,1,0,0,"- ","- ",,,"LOS ANGELES","HERMOSA BEACH",-118.39696001999999,33.869790020000003
8093102,2016,2016-07-29,1976,2016-07-15,1630,746,,5,5,3,1964,0,0,0,,0,002,"FLORENCE AV","PIONEER BL",330.00,W,N,A,-,N,,,,,,,,,,Y,4,0,1,3,A,-,08,22107,,M,C,C,A,A,H,-,A,A,0,,,,,Y,Y,D,22,0,0,1,0,0,0,0,0,0,"- ","- ",,,"LOS ANGELES","SANTA FE SPRINGS",-118.08292557999999,33.93531857
8094293,2016,2016-08-03,1942,2016-07-19,2320,30513,2026,2,5,7,1942,0,0,0,,0,8T35,"VERMONT AV","5TH ST",0.00,,Y,A,-,N,,,,,,,,,,N,3,0,1,2,A,-,08,22107,,N,H,G,A,A,H,-,C,A,0,,Y,,,Y,Y,A,01,0,1,0,0,0,0,1,0,0,"- ","- ",,,"LOS ANGELES","LOS ANGELES",-118.29165999999999,34.06541
8094734,2016,2016-08-04,1942,2016-07-17,1945,35330,1477,7,5,7,1942,0,0,0,N,0,14A67,"SEPULVEDA BL","80TH ST",0.00,,Y,A,-,N,,,,,,,,,,Y,2,0,2,2,A,-,09,21801,A,N,A,C,A,A,H,-,B,A,0,,,,,Y,Y,A,01,1,0,1,0,0,0,0,0,0,"- ","- ",,,"LOS ANGELES","LOS ANGELES",-118.39606000000001,33.966949999999997
8096525,2016,2016-08-11,1942,2016-07-22,0100,35433,2185,5,5,7,1942,0,0,0,,0,17T17,"VENTURA BL","TOPANGA CANYON BL",160.00,E,N,A,-,N,,,,,,,,,,Y,3,0,1,1,A,-,01,23152,A,N,E,I,A,A,H,-,C,D,0,,,,,Y,Y,A,07,0,1,0,0,0,0,0,0,0,"- ","- ",,,"LOS ANGELES","LOS ANGELES",-118.60538217,34.168498759999999
8096848,2016,2017-02-28,1938,2016-05-29,2116,102,216,7,5,4,1938,0,0,0,,0,002,"FOOTHILL BL",EMERALD,0.00,,Y,A,-,Y,LA,7,66,-,-,1.320,H,-,E,Y,4,0,2,2,A,-,01,23152,A,N,C,C,A,A,H,-,C,A,0,,,,,Y,Y,-,,0,0,2,0,0,0,0,0,0,"- ","- ",,,"LOS ANGELES","LA VERNE",-117.76837621999999,34.114361770000002
8097209,2016,2016-08-15,1928,2016-08-04,0213,343,503,4,5,5,1928,0,0,0,,0,502,"EL SEGUNDO BL","JEFFERSON AV",191.00,W,N,A,-,N,,,,,,,,,,N,4,0,1,2,A,-,03,22350,,F,G,B,D,A,H,-,C,D,0,Y,,,,Y,Y,A,01,0,0,1,0,1,0,0,0,0,"- ","- ",,,"LOS ANGELES",HAWTHORNE,-118.34737835999999,33.916420000000002
80972843,2019,2019-04-23,1933,2019-03-26,0332,895,13,2,5,6,1933,0,0,0,,0,003,"MANCHESTER BLVD","CRENSHAW BLVD",0.00,,Y,A,-,N,,,,,,,,,,Y,3,0,2,2,A,-,12,21453,A,N,D,C,A,A,H,-,C,A,0,,,,,Y,Y,A,01,0,2,0,0,0,0,0,0,0,"- ","- ",33.959980010986328,-118.32649993896484,"LOS ANGELES",INGLEWOOD,-118.32649993896484,33.959980010986328
8097303,2016,2016-08-12,1938,2016-05-11,1402,1010,226,3,5,4,1938,0,0,0,,0,003,"BONITA AV","3RD ST",85.00,E,N,A,-,N,,,,,,,,,,Y,4,0,1,1,A,-,01,23152,A,N,E,I,A,A,H,-,A,D,0,,,,,Y,Y,-,,0,0,1,0,0,0,0,0,0,"- ","- ",,,"LOS ANGELES","LA VERNE",-117.78462328000001,34.105378870000003
8097354,2016,2016-08-12,1942,2016-05-26,0945,41858,0394,4,5,7,1942,0,0,0,C,0,3A31,"VERMONT AV","42ND PL",5.00,W,N,A,-,N,,,,,,,,,,N,4,0,1,2,A,-,05,21650,1,N,A,G,A,A,H,-,A,D,0,,Y,,,Y,Y,L,04,0,0,1,0,0,0,1,0,0,"- ","- ",,,"LOS ANGELES","LOS ANGELES",-118.29156,34.006390000000003
8097524,2016,2016-08-15,1900,2016-07-30,0630,279461,0456,6,5,6,1949,0,0,0,,0,43T1D,"MAPLEDALE ST","SEAFORTH AV",57.00,W,N,A,-,N,,,,,,,,,,Y,3,0,2,2,A,-,01,23152,A,N,A,E,A,A,H,-,A,D,0,,,,,Y,Y,A,01,0,2,0,0,0,0,0,0,0,"- ","- ",,,"LOS ANGELES",NORWALK,-118.06682743,33.898620000000001
8097784,2016,2016-10-11,1941,2016-08-07,2250,5163,,7,5,7,1941,0,0,0,,0,,"WILLOW ST","RT 103",70.00,E,N,A,-,N,,,,,,,,,,Y,4,0,1,2,A,-,12,21453,A,N,D,C,A,A,H,-,C,A,0,,,,Y,Y,Y,A,,0,0,1,0,0,0,0,0,0,"- ","- ",,,"LOS ANGELES","LONG BEACH",-118.22051003999999,33.804380000000002
8097893,2016,2016-08-18,1942,2016-08-03,2255,36599,1752,3,5,7,1942,0,0,0,Q,0,19775,"DE SOTO AV","VINTAGE ST",323.00,N,N,A,-,N,,,,,,,,,,Y,3,0,2,3,A,-,01,23152,A,N,C,E,A,A,H,-,C,A,0,,,,,Y,Y,A,01,0,2,0,0,0,0,0,0,0,"- ","- ",,,"LOS ANGELES","LOS ANGELES",-118.58857,34.252706070000002
8098116,2016,2016-08-31,1941,2016-08-06,1638,6308,,6,5,7,1941,0,0,0,,0,,STEARNS,XIMENO,0.00,,Y,A,-,N,,,,,,,,,,N,3,0,1,2,A,-,08,22103,,N,D,C,A,A,H,-,A,D,0,,,Y,,Y,Y,A,,0,1,0,0,0,0,0,0,1,"- ","- ",,,"LOS ANGELES","LONG BEACH",-118.14103007,33.796080099999998
8098140,2016,2016-08-19,1942,2016-08-01,1040,30057,1075,1,5,7,1942,0,0,0,J,0,19TL75,"LINDLEY AV","VALLEY VISTA BL",95.00,N,N,A,-,N,,,,,,,,,,Y,3,0,1,3,A,-,01,23152,A,N,C,E,A,A,H,-,A,D,0,,,,,Y,Y,A,01,0,1,0,0,0,0,0,0,0,"- ","- ",,,"LOS ANGELES","LOS ANGELES",-118.52722873,34.158908869999998
8098574,2016,2016-08-09,1942,2016-07-28,2140,41439,1203,4,5,7,1942,0,0,0,L,0,12T41,"48TH ST","CIMARRON ST",135.00,W,N,A,-,N,,,,,,,,,,Y,4,0,1,2,A,-,01,23152,A,N,C,C,A,A,H,-,C,A,0,,,,,Y,Y,A,01,0,0,1,0,0,0,0,0,0,"- ","- ",,,"LOS ANGELES","LOS ANGELES",-118.31649455,34.000030000000002
8098627,2016,2016-08-05,1942,2016-07-29,2135,37618,1827,5,5,7,1942,0,0,0,R,0,12T41,"103RD ST","SUCCESS AV",200.00,E,N,A,-,N,,,,,,,,,,N,4,0,1,2,A,-,01,23152,A,F,C,C,A,A,H,-,C,D,0,,,,,Y,Y,A,01,0,0,1,0,0,0,0,0,0,"- ","- ",,,"LOS ANGELES","LOS ANGELES",-118.24850194,33.94327646
8098975,2016,2016-08-08,1900,2016-07-23,1015,509580,0632,6,5,6,1985,0,0,0,,0,61T1,"SAND CANYON RD","SKY RANCH RD",85.00,E,N,A,-,N,,,,,,,,,,Y,4,0,1,2,A,-,01,23152,B,M,B,C,A,A,H,-,A,D,0,,,,,Y,Y,A,01,0,0,1,0,0,0,0,0,0,"- ","- ",,,"LOS ANGELES","SANTA CLARITA",-118.41943572,34.404098599999998
8099003,2016,2016-08-08,1975,2016-07-20,1148,990,,3,5,6,1975,0,0,0,,0,003,"ORANGE AV","MERCED AV",0.00,,Y,A,-,N,,,,,,,,,,Y,3,0,1,2,A,-,12,21453,A,N,D,C,A,A,D,-,A,A,0,,,,,Y,Y,A,01,0,1,0,0,0,0,0,0,0,"- ","- ",,,"LOS ANGELES","WEST COVINA",-117.95089011,34.064800099999999
8099036,2016,2016-08-08,1900,2016-07-05,0215,515590,0612,2,5,6,1985,0,0,0,,0,61T1,"WHITES CANYON RD","NADAL ST",30.00,N,N,A,-,N,,,,,,,,,,Y,4,0,1,1,A,-,01,23152,A,N,E,I,A,A,H,-,C,A,0,,,,,Y,Y,A,01,0,0,1,0,0,0,0,0,0,"- ","- ",,,"LOS ANGELES","SANTA CLARITA",-118.46797475,34.427811310000003
8099174,2016,2016-08-30,1942,2016-07-24,0423,41844,0891,7,5,7,1942,0,0,0,H,0,8A1,"BUNDY DR","PICO BL",0.00,,Y,A,-,N,,,,,,,,,,Y,3,0,3,2,A,-,03,22350,,N,C,C,A,A,H,-,C,A,0,,,,,Y,Y,A,01,0,3,0,0,0,0,0,0,0,"- ","- ",,,"LOS ANGELES","LOS ANGELES",-118.45020013,34.029370010000001
8099344,2016,2016-08-09,1948,2016-07-17,2205,414,1948,7,5,5,1948,0,0,0,,0,002,"NORTH ATLANTIC BL","W EMERSON AV",184.00,N,N,A,-,N,,,,,,,,,,N,4,0,1,3,A,-,03,22350,,N,C,C,A,A,H,-,C,A,0,,,,,Y,Y,-,,0,0,1,0,0,0,0,0,0,"- ","- ",,,"LOS ANGELES","MONTEREY PARK",-118.1343318,34.066614530000003
8099422,2016,2016-08-09,1942,2016-07-17,0255,37613,2031,7,5,7,1942,0,0,0,,0,6TL7,"INGRAHAM ST","WESTERN AV",12.00,E,N,A,-,N,,,,,,,,,,Y,3,0,2,1,A,-,01,23152,A,N,E,I,A,A,H,-,C,A,0,,,,,Y,Y,A,07,0,2,0,0,0,0,0,0,0,"- ","- ",,,"LOS ANGELES","LOS ANGELES",-118.30909,34.060690000000001
8100411,2016,2016-08-12,1976,2016-07-08,0800,212,,5,5,3,1964,0,0,0,,0,001,"WASHINGTON BL","NORWALK BL",0.00,,Y,A,-,N,,,,,,,,,,Y,4,0,1,2,A,-,09,21804,A,N,D,C,A,A,H,-,A,D,0,,,,,Y,Y,A,07,0,0,1,0,0,0,0,0,0,"- ","- ",,,"LOS ANGELES","SANTA FE SPRINGS",-118.07399008,33.972500099999998
8100964,2016,2016-09-20,1925,2016-08-06,0158,21975,246,6,5,6,1925,0,0,0,,0,003,"CHEVY CHASE",ACACIA,25.00,N,N,A,-,N,,,,,,,,,,Y,3,0,2,1,A,-,03,22350,,N,E,I,A,A,H,-,C,A,0,,,,,Y,Y,A,,0,1,1,0,0,0,0,0,0,"- ","- ",,,"LOS ANGELES",GLENDALE,-118.23964461,34.134941920000003
8101178,2016,2016-08-17,1942,2016-07-02,2330,41787,1747,6,5,7,1942,0,0,0,Q,0,17A49,"PETIT AV","SAN JOSE ST",0.00,,Y,A,-,N,,,,,,,,,,Y,3,0,1,3,A,-,08,22107,,N,F,E,A,A,H,-,C,D,0,,,,,Y,Y,D,22,0,1,0,0,0,0,0,0,0,"- ","- ",,,"LOS ANGELES","LOS ANGELES",-118.49798001000001,34.261110070000001
8101426,2016,2016-08-17,1942,2016-07-04,1925,38687,1665,1,5,7,1942,0,0,0,P,0,9T57,"WICKS ST","STONEHURST AV",0.00,,Y,A,-,N,,,,,,,,,,N,3,0,1,2,A,-,01,23152,A,N,D,C,A,A,H,-,A,A,0,,,Y,,Y,Y,C,02,0,1,0,0,0,0,0,0,1,"- ","- ",,,"LOS ANGELES","LOS ANGELES",-118.37065002,34.250850110000002
8102038,2016,2016-08-11,1942,2016-06-26,0200,31542,1333,7,5,7,1942,0,0,0,M,0,4T43,"S SAN PEDRO ST","32ND ST",143.00,N,N,A,-,N,,,,,,,,,,Y,3,0,1,3,A,-,01,23152,A,N,B,D,A,A,H,-,C,A,0,,,,,Y,Y,D,22,0,1,0,0,0,0,0,0,0,"- ","- ",,,"LOS ANGELES","LOS ANGELES",-118.26407682999999,34.017285350000002
8102063,2016,2016-08-09,1942,2016-07-04,0135,39062,1162,1,5,7,1942,0,0,0,K,0,1T11,"SUNSET BL","FOUNTAIN AV",220.00,W,N,A,-,N,,,,,,,,,,Y,4,0,1,2,A,-,01,23152,A,N,B,E,A,A,H,-,C,D,0,,,,,Y,Y,A,08,0,0,1,0,0,0,0,0,0,"- ","- ",,,"LOS ANGELES","LOS ANGELES",-118.28462938,34.096249469999997
8103725,2016,2016-09-23,1942,2016-09-03,2040,37676,1901,6,5,7,1942,0,0,0,,0,10T35,"FOOTHILL BL","BALBOA BL",2640.00,N,N,A,-,N,,,,,,,,,,Y,3,0,2,2,A,-,01,23152,A,N,A,C,A,A,H,-,C,D,0,,,,,Y,Y,A,07,0,1,1,0,0,0,0,0,0,"- ","- ",,,"LOS ANGELES","LOS ANGELES",-118.50177859,34.326342289999999
8103753,2016,2016-09-23,1942,2016-09-02,1830,38285,1975,5,5,7,1942,0,0,0,,0,16TL28,"NORDHOFF ST","WOODMAN AV",0.00,,Y,A,-,N,,,,,,,,,,Y,3,0,2,2,A,-,01,23152,A,N,D,C,A,A,H,-,A,A,0,,,,,Y,Y,D,22,0,1,1,0,0,0,0,0,0,"- ","- ",,,"LOS ANGELES","LOS ANGELES",-118.44044002,34.23534008
8104962,2016,2016-08-24,1933,2016-04-15,1600,869,35,5,5,6,1933,0,0,0,,0,004,"CRENSHAW BL","113TH ST",0.00,,Y,A,-,N,,,,,,,,,,N,3,0,3,3,A,-,03,22350,,M,D,C,A,A,H,-,A,D,0,,,,,Y,Y,A,01,0,1,2,0,0,0,0,0,0,"- ","- ",33.931950000000001,-118.32649000000001,"LOS ANGELES",INGLEWOOD,-118.32657,33.931960109999999
8104971,2016,2016-08-25,1933,2016-04-03,2055,924,29,7,5,6,1933,0,0,0,,0,003,"CRENSHAW BL","CENTURY BL",75.00,N,N,A,-,N,,,,,,,,,,Y,4,0,3,3,A,-,01,23153,A,N,C,C,A,A,H,-,C,D,0,,,,,Y,Y,A,01,0,0,3,0,0,0,0,0,0,"- ","- ",33.945489999999999,-118.32647,"LOS ANGELES",INGLEWOOD,-118.32648,33.945675700000002
8104993,2016,2016-08-24,1933,2016-04-15,2125,939,29,5,5,6,1933,0,0,0,,0,003,"CENTURY BL","5TH AV",75.00,E,N,A,-,N,,,,,,,,,,N,4,0,1,2,A,-,03,22350,,M,C,C,A,A,H,-,C,A,0,,,,,Y,Y,A,01,0,0,1,0,0,0,0,0,0,"- ","- ",33.945480000000003,-118.32211,"LOS ANGELES",INGLEWOOD,-118.32189318,33.94547
8105022,2016,2016-08-24,1933,2016-04-04,2110,924,23,1,5,6,1933,0,0,0,,0,002,"LA CIENEGA BL","95TH ST",0.00,,Y,A,-,N,,,,,,,,,,Y,4,0,1,2,A,-,03,22350,,N,C,C,A,A,H,-,C,D,0,,,Y,,Y,Y,C,02,0,0,1,0,0,0,0,0,1,"- ","- ",,,"LOS ANGELES",INGLEWOOD,-118.37032014,33.950310029999997
8105227,2016,2016-08-26,1933,2016-03-09,1909,924,29,3,5,6,1933,0,0,0,,0,003,"CRENSHAW BL","90TH ST",350.00,S,N,A,-,N,,,,,,,,,,N,3,0,1,2,A,-,11,21955,,N,G,B,D,A,H,-,C,D,0,Y,,,,Y,Y,N,60,0,1,0,0,1,0,0,0,0,"- ","- ",,,"LOS ANGELES",INGLEWOOD,-118.3265,33.955380060000003
8105260,2016,2016-08-24,1933,2016-02-11,1350,869,10,4,5,6,1933,0,0,0,,0,003,"MANCHESTER BL","PRAIRIE AV",0.00,,Y,A,-,N,,,,,,,,,,N,4,0,1,2,A,-,03,22350,,F,C,C,A,A,H,-,A,A,0,,,,,Y,Y,A,01,0,0,1,0,0,0,0,0,0,"- ","- ",,,"LOS ANGELES",INGLEWOOD,-118.34396005000001,33.959840110000002
8105268,2016,2016-08-24,1933,2016-02-10,2139,924,18,3,5,6,1933,0,0,0,,0,002,"MANCHESTER BL","HILLCREST BL",0.00,,Y,A,-,N,,,,,,,,,,Y,3,0,1,3,A,-,03,22350,,N,C,C,A,A,H,-,C,A,0,,,,,Y,Y,A,01,0,1,0,0,0,0,0,0,0,"- ","- ",,,"LOS ANGELES",INGLEWOOD,-118.34882004000001,33.961740089999999
8105281,2016,2016-09-07,1933,2016-02-03,2142,910,31,3,5,6,1933,0,0,0,,0,004,"104TH ST","YUKON AV",0.00,,Y,A,-,N,,,,,,,,,,Y,4,0,2,2,A,-,01,23152,A,N,C,C,A,A,H,-,C,A,0,,,,,Y,Y,A,01,0,0,2,0,0,0,0,0,0,"- ","- ",,,"LOS ANGELES",INGLEWOOD,-118.33519008,33.94181012
8106415,2016,2016-08-18,1900,2016-07-16,0416,510899,2608,6,5,6,1950,0,0,0,,0,264T1,"AVENUE R","30TH ST EAST",0.00,,Y,A,-,N,,,,,,,,,,Y,3,0,1,1,A,-,01,23152,F,N,E,I,A,A,H,-,C,A,0,,,,,Y,Y,A,01,0,1,0,0,0,0,0,0,0,"- ","- ",,,"LOS ANGELES",PALMDALE,-118.07616005,34.572790050000002
8107471,2016,2016-08-22,1942,2016-08-11,2030,40690,0743,4,5,7,1942,0,0,0,G,0,14T47,"WILSHIRE BL","S ORANGE GROVE AV",10.00,W,N,A,-,N,,,,,,,,,,Y,4,0,1,2,A,-,04,21703,,N,C,C,A,A,H,-,D,D,0,,,,,Y,Y,A,01,0,0,1,0,0,0,0,0,0,"- ","- ",,,"LOS ANGELES","LOS ANGELES",-118.36062262,34.06287391
8107479,2016,2016-08-22,1942,2016-08-06,0250,40330,2029,6,5,7,1942,0,0,0,,0,20A53,"3RD ST","VIRGIL AV",33.00,E,Y,A,-,N,,,,,,,,,,Y,4,0,1,2,A,-,01,23152,A,N,A,C,A,A,-,-,C,A,0,,,,,Y,Y,A,01,0,0,1,0,0,0,0,0,0,"- ","- ",,,"LOS ANGELES","LOS ANGELES",-118.28671127,34.068978059999999
8107577,2016,2016-08-22,1920,2016-05-25,2239,12610,1920,3,5,6,1920,0,0,0,,0,004,"FLORENCE AV","FAIRFORD AV",0.00,,Y,A,-,N,,,,,,,,,,Y,4,0,2,2,A,-,01,23152,A,N,D,C,A,A,H,-,C,A,0,,,,,Y,Y,A,01,0,0,2,0,0,0,0,0,0,"- ","- ",,,"LOS ANGELES",DOWNEY,-118.09484003,33.936100089999996
8108556,2016,2016-08-26,1942,2016-07-08,1755,40726,0417,5,5,7,1942,0,0,0,D,0,11T32,"HUNTINGTON DR","MOONSTONE DR",154.00,S,N,A,-,N,,,,,,,,,,N,4,0,1,3,A,-,01,23153,A,F,B,C,A,A,H,-,A,A,0,,,,,Y,Y,A,07,0,0,1,0,0,0,0,0,0,"- ","- ",,,"LOS ANGELES","LOS ANGELES",-118.19388944000001,34.078012579999999
8108585,2016,2016-08-24,1942,2016-08-01,1455,41376,2081,1,5,7,1942,0,0,0,,0,7TL72,"VENICE BL","SAINT ANDREWS PL",0.00,,Y,A,-,N,,,,,,,,,,Y,4,0,1,3,A,-,03,22350,,N,C,C,A,A,H,-,A,D,0,,,,,Y,Y,A,07,0,0,1,0,0,0,0,0,0,"- ","- ",,,"LOS ANGELES","LOS ANGELES",-118.31160004,34.043570090000003
8108628,2016,2016-08-26,1942,2016-07-24,0320,41280,0261,7,5,7,1942,0,0,0,B,0,1A29,"S LAKE ST","W 8TH ST",165.00,S,N,A,-,N,,,,,,,,,,Y,4,0,1,4,A,-,01,23152,A,M,B,E,A,B,H,-,C,D,0,,,Y,,Y,Y,A,01,0,0,1,0,0,0,0,0,0,"- ","- ",,,"LOS ANGELES","LOS ANGELES",-118.27918429,34.054980030000003
8109124,2016,2016-08-24,1933,2016-06-12,0225,996,I33,7,5,6,1933,0,0,0,,0,004,"CRENSHAW BL","CENTURY BL",100.00,S,N,B,-,N,,,,,,,,,,Y,3,0,2,2,A,-,01,23152,A,F,C,C,A,A,H,-,C,A,0,,,,,Y,Y,A,01,0,1,1,0,0,0,0,0,0,"- ","- ",33.945489999999999,-118.32647,"LOS ANGELES",INGLEWOOD,-118.32655,33.945205360000003
8110910,2016,2016-08-30,1942,2016-08-21,0025,42182,LA,7,5,7,1942,0,0,0,,0,12A67,"WESTERN AV","59TH ST",0.00,,Y,A,-,N,,,,,,,,,,Y,3,0,1,2,A,-,01,23152,A,N,A,D,A,A,H,-,C,-,0,,,,,Y,Y,A,01,0,1,0,0,0,0,0,0,0,"- ","- ",,,"LOS ANGELES","LOS ANGELES",-118.30895,33.987540000000003
8111098,2016,2016-09-01,1900,2016-08-13,1535,542821,0627,6,5,6,1985,0,0,0,,0,62T1,"NEWHALL AV","2ND ST",0.00,,Y,A,-,N,,,,,,,,,,Y,4,0,4,4,A,-,01,23152,A,N,C,C,A,A,H,-,A,A,0,,,,,Y,Y,D,22,0,0,4,0,0,0,0,0,0,"- ","- ",,,"LOS ANGELES","SANTA CLARITA",-118.52276000000001,34.374930069999998
8112123,2016,2016-08-31,1942,2016-08-20,2220,36599,1991,6,5,7,1942,0,0,0,,0,10T37,"SEPULVEDA BL","LANARK ST",0.00,,Y,A,-,N,,,,,,,,,,Y,3,0,1,2,A,-,09,21801,A,F,D,C,A,A,H,-,C,A,0,,,,,Y,Y,A,01,0,1,0,0,0,0,0,0,0,"- ","- ",,,"LOS ANGELES","LOS ANGELES",-118.46642005,34.218050079999998
8112139,2016,2016-08-31,1942,2016-08-14,2255,35458,1999,7,5,7,1942,0,0,0,,0,19A93,"WOODMAN AV","LANARK ST",30.00,S,N,A,-,N,,,,,,,,,,Y,3,0,1,1,A,-,03,22350,,N,E,I,A,A,H,-,C,A,0,,,,,Y,Y,A,01,0,1,0,0,0,0,0,0,0,"- ","- ",,,"LOS ANGELES","LOS ANGELES",-118.43204362,34.219412339999998
8112159,2016,2016-08-31,1942,2016-08-21,2200,39281,1517,7,5,7,1942,0,0,0,O,0,15T43,"VINELAND AV","ARCHWOOD ST",325.00,N,N,A,-,N,,,,,,,,,,Y,3,0,1,3,A,-,01,23152,A,N,B,E,A,A,H,-,C,D,0,,,,,Y,Y,A,01,0,1,0,0,0,0,0,0,0,"- ","- ",,,"LOS ANGELES","LOS ANGELES",-118.37030335,34.193001369999998
8112361,2016,2016-09-01,1920,2016-07-24,0740,12609,,7,5,6,1920,0,0,0,,0,,"MULLER ST","OLD RIVER SCHOOL RD",458.00,E,N,A,-,N,,,,,,,,,,Y,3,0,1,2,A,-,01,23152,A,N,B,E,A,A,H,-,A,A,0,,,,,Y,Y,A,01,0,1,0,0,0,0,0,0,0,"- ","- ",,,"LOS ANGELES",DOWNEY,-118.14327575999999,33.952663680000001
8112577,2016,2016-09-07,1906,2016-08-21,0614,1791,1906,7,5,5,1906,0,0,0,,0,003,"VINELAND AV","REXWOOD AV",90.00,S,N,A,-,N,,,,,,,,,,Y,4,0,1,5,A,-,01,23152,A,N,A,E,A,A,H,-,B,D,0,,,,,Y,Y,A,01,0,0,1,0,0,0,0,0,0,"- ","- ",,,"LOS ANGELES","BALDWIN PARK",-117.96873007000001,34.071807890000002
8112825,2016,2017-02-18,1976,2016-08-08,0118,384,,1,5,5,1976,0,0,0,,0,003,"COLLEGE AV","WHITTIER BL",60.00,N,N,B,-,Y,LA,7,72,-,-,3.281,I,6,N,Y,3,0,1,1,A,-,01,23152,A,N,E,I,A,A,H,-,C,D,0,,,,,Y,Y,A,01,0,1,0,0,0,0,0,0,0,"- ","- ",,,"LOS ANGELES",WHITTIER,-118.02736058000001,33.96009111
8113871,2016,2016-09-09,1931,2016-08-27,1657,5252,1931,6,5,5,1931,0,0,0,,0,004,"FLORENCE AV","MISSION PL",0.00,,Y,A,-,N,,,,,,,,,,N,4,0,1,2,A,-,01,23152,A,N,C,C,A,A,H,-,A,A,0,,,,,Y,Y,A,01,0,0,1,0,0,0,0,0,0,"- ","- ",,,"LOS ANGELES","HUNTINGTON PARK",-118.21236012,33.972860079999997
8113994,2016,2016-09-08,1942,2016-06-21,1500,42241,,2,5,7,1942,0,0,0,,0,11A1,CORONADO,CARONDELET,0.00,,-,A,-,N,,,,,,,,,,N,4,0,1,2,D,-,00,,,F,G,B,E,A,H,-,A,D,0,Y,,,,Y,Y,-,"- ",0,0,1,0,1,0,0,0,0,"- ","- ",,,"LOS ANGELES","LOS ANGELES",,
8114410,2016,2016-09-12,1942,2016-07-26,2220,39062,1177,2,5,7,1942,0,0,0,K,0,1T11,"SAN FERNANDO RD","AVENUE 26",65.00,N,N,A,-,N,,,,,,,,,,N,4,0,1,2,A,-,01,23152,A,N,C,C,A,A,H,-,C,D,0,,,,,Y,Y,A,07,0,0,1,0,0,0,0,0,0,"- ","- ",,,"LOS ANGELES","LOS ANGELES",-118.22579028,34.08695745
8114499,2016,2016-09-09,1942,2016-08-12,2025,37611,1372,5,5,7,1942,0,0,0,M,0,13T53,"SLAUSON AV","AVALON BL",18.00,W,Y,A,-,N,,,,,,,,,,Y,4,0,1,2,A,-,01,23152,A,F,C,C,A,A,H,-,C,A,0,,,,,Y,Y,A,07,0,0,1,0,0,0,0,0,0,"- ","- ",,,"LOS ANGELES","LOS ANGELES",-118.26526925,33.989249200000003
8114528,2016,2016-09-09,1905,2016-08-07,0404,1140,441,7,5,4,1905,0,0,0,,0,071,"SOUTH AZUSA AV","ARROW HWY",449.00,N,N,A,-,N,,,,,,,,,,Y,3,0,1,2,A,-,03,22350,,N,E,E,A,A,H,-,C,D,0,,,,,Y,Y,A,01,0,1,0,0,0,0,0,0,0,"- ","- ",,,"LOS ANGELES",AZUSA,-117.90773689,34.107980900000001