CASE_ID,ACCIDENT_YEAR,PROC_DATE,JURIS,COLLISION_DATE,COLLISION_TIME,OFFICER_ID,REPORTING_DISTRICT,DAY_OF_WEEK,CHP_SHIFT,POPULATION,CNTY_CITY_LOC,SPECIAL_COND,BEAT_TYPE,CHP_BEAT_TYPE,CITY_DIVISION_LAPD,CHP_BEAT_CLASS,BEAT_NUMBER,PRIMARY_RD,SECONDARY_RD,DISTANCE,DIRECTION,INTERSECTION,WEATHER_1,WEATHER_2,STATE_HWY_IND,CALTRANS_COUNTY,CALTRANS_DISTRICT,STATE_ROUTE,ROUTE_SUFFIX,POSTMILE_PREFIX,POSTMILE,LOCATION_TYPE,RAMP_INTERSECTION,SIDE_OF_HWY,TOW_AWAY,COLLISION_SEVERITY,NUMBER_KILLED,NUMBER_INJURED,PARTY_COUNT,PRIMARY_COLL_FACTOR,PCF_CODE_OF_VIOL,PCF_VIOL_CATEGORY,PCF_VIOLATION,PCF_VIOL_SUBSECTION,HIT_AND_RUN,TYPE_OF_COLLISION,MVIW,PED_ACTION,ROAD_SURFACE,ROAD_COND_1,ROAD_COND_2,LIGHTING,CONTROL_DEVICE,CHP_ROAD_TYPE,PEDESTRIAN_ACCIDENT,BICYCLE_ACCIDENT,MOTORCYCLE_ACCIDENT,TRUCK_ACCIDENT,NOT_PRIVATE_PROPERTY,ALCOHOL_INVOLVED,STWD_VEHTYPE_AT_FAULT,CHP_VEHTYPE_AT_FAULT,COUNT_SEVERE_INJ,COUNT_VISIBLE_INJ,COUNT_COMPLAINT_PAIN,COUNT_PED_KILLED,COUNT_PED_INJURED,COUNT_BICYCLIST_KILLED,COUNT_BICYCLIST_INJURED,COUNT_MC_KILLED,COUNT_MC_INJURED,PRIMARY_RAMP,SECONDARY_RAMP,LATITUDE,LONGITUDE,COUNTY,CITY,POINT_X,POINT_Y
8381194,2017,2017-06-07,1956,2017-05-14,1650,1301,38,7,5,5,1956,0,0,0,,0,003,"AVIATION BL","ARTESIA BL",10.00,S,N,A,-,N,,,,,,,,,,N,4,0,1,2,A,-,17,21200,,N,B,G,A,A,H,-,A,D,0,,Y,,,Y,Y,L,04,0,0,1,0,0,0,1,0,0,"- ","- ",,,"LOS ANGELES","REDONDO BEACH",-118.38162266,33.87275468
8381969,2017,2017-06-14,1962,2017-05-28,0752,111,1962,7,5,4,1962,0,0,0,,0,024,"ELM AV","MUSCATEL AV",474.00,W,N,A,-,N,,,,,,,,,,Y,3,0,1,3,A,-,01,23152,A,N,B,E,A,A,H,-,A,D,0,,,,,Y,Y,A,01,0,1,0,0,0,0,0,0,0,"- ","- ",,,"LOS ANGELES","SAN GABRIEL",-118.07878237,34.10486281
8382278,2017,2017-06-14,1942,2017-05-29,0211,40044,1532,1,5,7,1942,0,0,0,O,0,15A33,"LANKERSHIM BL","KITTRIDGE ST",0.00,,Y,A,-,N,,,,,,,,,,N,3,0,1,2,D,-,00,,,F,G,B,D,A,H,-,C,D,0,Y,,,,Y,Y,-,"- ",0,1,0,0,1,0,0,0,0,"- ","- ",,,"LOS ANGELES","LOS ANGELES",-118.3878,34.190290040000001
8382727,2017,2017-06-08,1942,2017-05-28,0315,40044,1504,7,5,7,1942,0,0,0,O,0,15A33,"LANKERSHIM BL","COHASSET AV",0.00,,Y,A,-,N,,,,,,,,,,N,4,0,3,2,A,-,01,23152,A,N,C,C,A,A,H,-,C,A,0,,,,,Y,Y,A,01,0,0,3,0,0,0,0,0,0,"- ","- ",,,"LOS ANGELES","LOS ANGELES",-118.38778000000001,34.206650089999997
8383219,2017,2017-06-05,1922,2017-04-21,1948,665,,5,5,6,1922,0,0,0,,0,002,"PECK RD","BRYANT RD",10.00,S,N,A,-,N,,,,,,,,,,Y,4,0,2,2,A,-,05,21651,B,F,A,C,A,A,H,-,C,A,0,,,,,Y,Y,-,,0,0,2,0,0,0,0,0,0,"- ","- ",,,"LOS ANGELES","EL MONTE",-118.02060289000001,34.078644760000003
8383642,2017,2017-06-15,1941,2017-05-27,0852,11027,,6,5,7,1941,0,0,0,,0,,"AIRPORT PLAZA DR","CLARK AV",52.00,W,N,A,-,N,,,,,,,,,,Y,3,0,1,1,A,-,01,23152,A,N,A,I,A,A,H,-,A,D,0,,,,,Y,Y,A,,0,1,0,0,0,0,0,0,0,"- ","- ",,,"LOS ANGELES","LONG BEACH",-118.1341808,33.807981990000002
8383911,2017,2017-06-08,1965,2017-05-19,2017,3923,0B1F,5,5,5,1965,0,0,0,,0,B001,"MAIN ST","PICO BL",0.00,,Y,A,-,N,,,,,,,,,,N,3,0,1,2,A,-,10,21950,A,N,G,B,B,A,H,-,C,A,0,Y,,,,Y,Y,A,01,0,1,0,0,1,0,0,0,0,"- ","- ",,,"LOS ANGELES","SANTA MONICA",-118.48971002,34.00794003
8384396,2017,2017-07-05,1941,2017-06-09,2033,6116,,5,5,7,1941,0,0,0,,0,,"ANAHEIM ST","TERMINO AV",9.00,W,N,A,-,N,,,,,,,,,,N,4,0,1,2,A,-,08,22107,,N,-,G,A,A,H,-,D,A,0,,Y,,,Y,Y,L,04,0,0,1,0,0,0,1,0,0,"- ","- ",,,"LOS ANGELES","LONG BEACH",-118.14592956,33.782600000000002
8384730,2017,2017-06-29,1941,2017-06-18,0358,11005,,7,5,7,1941,0,0,0,,0,,"1ST ST","MOLINO AV",0.00,,Y,A,-,N,,,,,,,,,,Y,3,0,1,5,A,-,01,23152,B,N,H,C,A,A,H,-,C,D,0,,,,,Y,Y,A,,0,1,0,0,0,0,0,0,0,"- ","- ",,,"LOS ANGELES","LONG BEACH",-118.1610601,33.764130109999996
8384990,2017,2017-07-06,1942,2017-06-25,0410,33757,0666,7,5,7,1942,0,0,0,F,0,6T7,"VINE ST","FOUNTAIN AV",120.00,,N,A,-,N,,,,,,,,,,Y,3,0,2,3,A,-,01,23152,A,N,A,E,A,A,H,-,C,D,0,,,,,Y,Y,A,01,0,1,1,0,0,0,0,0,0,"- ","- ",,,"LOS ANGELES","LOS ANGELES",-118.32662009000001,34.094370099999999
8385326,2017,2017-07-06,1942,2017-06-23,2345,37618,2014,5,5,7,1942,0,0,0,,0,20A45,"NORMANDIE AV","COUNCIL ST",0.00,,Y,A,-,N,,,,,,,,,,Y,4,0,4,3,A,-,01,23152,A,N,C,C,A,A,H,-,C,D,0,,,,,Y,Y,A,01,0,0,4,0,0,0,0,0,0,"- ","- ",,,"LOS ANGELES","LOS ANGELES",-118.30041009999999,34.075310020000003
8387093,2017,2018-04-10,1941,2017-06-17,2313,10772,,6,5,7,1941,0,0,0,,0,,PCH,"ATLANTIC AV",30.00,W,N,A,-,Y,LA,7,1,-,-,6.060,H,-,S,N,4,0,2,2,A,-,01,23152,B,M,C,C,A,A,H,-,C,A,0,,,,,Y,Y,A,,0,0,2,0,0,0,0,0,0,"- ","- ",,,"LOS ANGELES","LONG BEACH",-118.18585837000001,33.789805559999998
8387381,2017,2018-04-09,1942,2017-06-15,2350,39022,1465,4,5,7,1942,0,0,0,N,0,8T35,"JEFFERSON BL","SAN DIEGO FRWY",0.00,,Y,A,-,Y,LA,7,405,-,-,26.076,R,4,S,Y,4,0,2,2,A,-,01,23152,A,N,D,C,A,A,G,-,C,A,0,,,,,Y,Y,A,07,0,0,2,0,0,0,0,0,0,"- ","- ",,,"LOS ANGELES","LOS ANGELES",-118.40046017,33.989311010000002
8387611,2017,2017-06-09,1965,2017-03-17,2020,3895,0B1K,5,5,5,1965,0,0,0,,0,B001,"4TH ST","ARIZONA AV",17.00,S,N,E,-,N,,,,,,,,,,Y,4,0,1,2,A,-,03,22350,,N,C,C,A,A,H,-,C,A,0,,,,,Y,Y,A,01,0,0,1,0,0,0,0,0,0,"- ","- ",,,"LOS ANGELES","SANTA MONICA",-118.49673113999999,34.017746420000002
8388161,2017,2017-06-15,1941,2017-06-04,0547,10324,,7,5,7,1941,0,0,0,,0,901T,"ANAHEIM ST","OLIVE AV",30.00,E,N,A,-,N,,,,,,,,,,Y,3,0,2,3,A,-,00,23123,A,N,C,C,A,A,H,-,A,D,0,,,,,Y,Y,A,,0,2,0,0,0,0,0,0,0,"- ","- ",,,"LOS ANGELES","LONG BEACH",-118.18276148,33.782609999999998
8388217,2017,2017-06-15,1942,2017-06-03,1215,35433,1959,6,5,7,1942,0,0,0,,0,9TL57,"VAN NUYS BL","LAUREL CANYON BL",150.00,S,N,A,-,N,,,,,,,,,,Y,3,0,1,3,A,-,01,23152,A,N,C,C,A,A,H,-,A,D,0,,,,,Y,Y,A,07,0,1,0,0,0,0,0,0,0,"- ","- ",,,"LOS ANGELES","LOS ANGELES",-118.43248103000001,34.258527129999997
8388474,2017,2017-06-15,1942,2017-05-12,2330,25115,0257,5,5,7,1942,0,0,0,B,0,24T32,"6TH ST","UNION AV",0.00,,Y,A,-,N,,,,,,,,,,N,4,0,1,2,A,-,10,21950,A,F,G,B,B,A,H,-,C,A,0,Y,,,,Y,Y,-,99,0,0,1,0,1,0,0,0,0,"- ","- ",,,"LOS ANGELES","LOS ANGELES",-118.26987008,34.057310039999997
8388655,2017,2017-07-11,1924,2017-04-07,0538,115299,G15,5,5,5,1924,0,0,0,,0,0G1,"VAN NESS AV","ROSECRANS AV",0.00,,Y,A,-,N,,,,,,,,,,Y,2,0,3,2,A,-,01,23152,F,N,D,C,A,A,H,-,C,A,0,,,,,Y,Y,A,01,1,1,1,0,0,0,0,0,0,"- ","- ",33.90193,-118.31783,"LOS ANGELES",GARDENA,-118.31787008000001,33.901920050000001
8388693,2017,2018-03-19,1942,2017-05-23,0930,33361,1751,2,5,7,1942,0,0,0,Q,0,17A35,"TOPANGA CANYON BL","N LASSEN ST",500.00,N,N,A,-,Y,LA,7,27,-,-,18.220,H,-,S,Y,4,0,1,5,A,-,01,23152,A,N,C,C,A,A,H,-,A,A,0,,,,,Y,Y,D,22,0,0,1,0,0,0,0,0,0,"- ","- ",,,"LOS ANGELES","LOS ANGELES",-118.60613936999999,34.251245679999997
8389632,2017,2017-06-15,1942,2017-05-28,1740,41704,0334,7,5,7,1942,0,0,0,C,0,3TL57,"CRENSHAW BL","28TH ST",0.00,,Y,A,-,N,,,,,,,,,,Y,4,0,2,2,A,-,01,23152,A,N,D,C,A,A,H,-,A,D,0,,,,,Y,Y,A,07,0,0,2,0,0,0,0,0,0,"- ","- ",,,"LOS ANGELES","LOS ANGELES",-118.33512,34.031129999999997
8389730,2017,2017-06-16,1910,2017-03-05,0052,04760,,7,5,4,1910,0,0,0,,0,007,"N CRESCENT DR","SOUTH SANTA MONICA BL",0.00,,Y,A,-,N,,,,,,,,,,Y,4,0,1,2,A,-,01,23152,A,N,C,C,A,A,H,-,C,A,0,,,,,Y,Y,A,01,0,0,1,0,0,0,0,0,0,"- ","- ",34.071930000000002,-118.40049999999999,"LOS ANGELES","BEVERLY HILLS",-118.40054007000001,34.071940050000002
8389934,2017,2017-06-19,1942,2017-05-15,0155,39745,1395,1,5,7,1942,0,0,0,M,0,24T31,"GAGE AV","AVALON BL",155.00,E,N,A,-,N,,,,,,,,,,Y,3,0,1,2,A,-,01,23152,A,N,B,E,A,A,H,-,C,D,0,,,,,Y,Y,A,07,0,1,0,0,0,0,0,0,0,"- ","- ",,,"LOS ANGELES","LOS ANGELES",-118.26519,33.982480000000002
8390575,2017,2017-06-21,1942,2017-06-11,1905,40690,0842,7,5,7,1942,0,0,0,H,0,8TL35,"WILSHIRE BL","SAN VICENTE BL",0.00,,Y,A,-,N,,,,,,,,,,Y,4,0,1,2,A,-,01,23152,A,N,D,C,A,A,H,-,A,A,0,,,,,Y,Y,A,01,0,0,1,0,0,0,0,0,0,"- ","- ",,,"LOS ANGELES","LOS ANGELES",-118.4591801,34.050780029999999
8390758,2017,2017-06-22,1942,2017-06-10,0110,38354,1006,6,5,7,1942,0,0,0,J,0,16T25,"BIANCA AV","LORNE ST",233.00,N,N,A,-,N,,,,,,,,,,Y,3,0,1,2,A,-,01,23152,A,N,D,E,A,A,H,-,D,D,0,,,,,Y,Y,A,07,0,1,0,0,0,0,0,0,0,"- ","- ",,,"LOS ANGELES","LOS ANGELES",-118.51340614999999,34.21785912
8390892,2017,2017-07-03,1942,2017-06-15,0500,38185,2139,4,5,7,1942,0,0,0,,0,16TL25,"WINNETKA AV","RUNNYMEDE ST",0.00,,Y,A,-,N,,,,,,,,,,N,4,0,1,6,A,-,01,23152,A,N,B,E,A,A,H,-,A,A,0,,,,,Y,Y,A,01,0,0,1,0,0,0,0,0,0,"- ","- ",,,"LOS ANGELES","LOS ANGELES",-118.57099008,34.205930070000001
8391004,2017,2017-06-28,1969,2017-05-02,1848,10146,PATRO,2,5,5,1969,0,0,0,,0,003,"SAN MIGUEL AV","TENAYA AV",141.00,S,N,A,-,N,,,,,,,,,,N,3,0,1,3,A,-,01,23152,A,N,A,E,A,A,H,-,A,D,0,,,,,Y,Y,A,01,0,1,0,0,0,0,0,0,0,"- ","- ",,,"LOS ANGELES","SOUTH GATE",-118.20155009,33.937974779999998
8391170,2017,2018-02-01,1910,2017-04-25,0922,04712,,2,5,4,1910,0,0,0,,0,006,"SANTA MONICA BL","ARDEN DR",0.00,,Y,A,-,N,,,,,,,,,,Y,4,0,1,2,A,-,09,21801,B,N,D,C,A,A,H,-,A,D,0,,,Y,Y,Y,Y,F,26,0,0,1,0,0,0,0,0,1,"- ","- ",,,"LOS ANGELES","BEVERLY HILLS",-118.39344004,34.078680030000001
8391270,2017,2017-06-20,1942,2017-05-12,0105,42704,1184,5,5,7,1942,0,0,0,K,0,2A45,"SUNSET BL","ECHO PARK AV",0.00,,N,A,-,N,,,,,,,,,,N,2,0,1,1,D,-,00,,,N,H,A,A,A,H,-,C,A,0,,,,,Y,Y,-,"- ",1,0,0,0,0,0,0,0,0,"- ","- ",,,"LOS ANGELES","LOS ANGELES",-118.25736003,34.076770070000002
8391431,2017,2017-06-20,1942,2017-05-17,1955,36698,0205,3,5,7,1942,0,0,0,B,0,24T34W,"SUNSET BL","DESCANSO DR",0.00,,Y,B,-,N,,,,,,,,,,Y,4,0,1,2,A,-,01,23152,A,F,G,B,B,A,H,-,C,A,0,Y,,,,Y,Y,A,01,0,0,1,0,1,0,0,0,0,"- ","- ",,,"LOS ANGELES","LOS ANGELES",-118.27484010000001,34.0854201
8392363,2017,2017-06-20,1942,2017-05-18,2330,42582,2011,4,5,7,1942,0,0,0,,0,20A1,"S WESTERN AV","2ND ST",0.00,,Y,A,-,N,,,,,,,,,,Y,4,0,1,3,A,-,04,21703,,N,C,C,A,A,H,-,C,A,0,,,,,Y,Y,A,01,0,0,1,0,0,0,0,0,0,"- ","- ",,,"LOS ANGELES","LOS ANGELES",-118.30912012,34.071120100000002
8392368,2017,2017-06-20,1942,2017-05-26,1230,41214,LAPD,5,5,7,1942,0,0,0,,0,1241,"11TH AV","63RD ST",0.00,,Y,B,-,N,,,,,,,,,,Y,4,0,1,2,A,-,12,22450,,F,B,C,A,A,H,-,A,A,0,,,,,Y,Y,-,99,0,0,1,0,0,0,0,0,0,"- ","- ",,,"LOS ANGELES","LOS ANGELES",-118.32938,33.98292
8393108,2017,2017-06-22,1942,2017-05-28,0650,40383,1599,7,5,7,1942,0,0,0,O,0,10T37,"MULHOLLAND DR","PYRAMID PL",477.00,E,N,A,-,N,,,,,,,,,,Y,3,0,1,1,A,-,01,23152,A,N,E,I,A,A,H,-,A,D,0,,,,,Y,Y,A,07,0,1,0,0,0,0,0,0,0,"- ","- ",,,"LOS ANGELES","LOS ANGELES",-118.35160431,34.119832090000003
8393155,2017,2017-06-30,1942,2017-05-30,2300,42566,1526,2,5,7,1942,0,0,0,O,0,15A12,"TUJUNGA AV","KITTRIDGE ST",7.00,S,N,A,-,N,,,,,,,,,,Y,4,0,3,1,A,-,03,22350,,N,A,I,A,A,H,-,C,A,0,,,,,Y,Y,D,22,0,0,3,0,0,0,0,0,0,"- ","- ",,,"LOS ANGELES","LOS ANGELES",-118.37904011000001,34.1902908
8393619,2017,2017-07-12,1942,2017-06-11,0155,42770,0518,7,5,7,1942,0,0,0,E,0,5A15,"AVALON BL","246TH ST",85.00,N,N,A,-,N,,,,,,,,,,Y,3,0,1,5,A,-,03,22350,,N,C,E,A,A,H,-,C,D,0,,,,,Y,Y,A,01,0,1,0,0,0,0,0,0,0,"- ","- ",,,"LOS ANGELES","LOS ANGELES",-118.26397265,33.803033110000001
8393867,2017,2017-06-20,1942,2017-05-27,0140,42279,2137,6,5,7,1942,0,0,0,,0,21A2,SATICOY,INDEPENDENCE,0.00,,Y,A,-,N,,,,,,,,,,Y,4,0,2,2,A,-,01,23152,A,N,B,C,A,A,H,-,C,D,0,,,,,Y,Y,A,01,0,0,2,0,0,0,0,0,0,"- ","- ",,,"LOS ANGELES","LOS ANGELES",-118.59063011000001,34.20832008
8394297,2017,2018-03-03,1955,2017-06-09,0321,42246,0321,5,5,6,1955,0,0,0,,0,1955,"SAN BERNARDINO AV","CHELSA DR",1000.00,W,N,A,-,N,,,,,,,,,,Y,4,0,1,3,A,-,01,23152,A,N,-,C,A,A,H,-,-,A,0,,,,,Y,Y,A,01,0,0,1,0,0,0,0,0,0,"- ","- ",,,"LOS ANGELES",POMONA,-117.72668387,34.075859999999999
8394931,2017,2017-06-27,1942,2017-06-16,1320,38354,1004,5,5,7,1942,0,0,0,J,0,9TL56,"KESWICK ST","RESEDA BL",0.00,,Y,A,-,N,,,,,,,,,,Y,3,0,4,2,A,-,01,23152,A,F,D,C,A,A,H,-,A,A,0,,,,,Y,Y,A,01,0,1,3,0,0,0,0,0,0,"- ","- ",,,"LOS ANGELES","LOS ANGELES",-118.53606001,34.210210080000003
8395170,2017,2017-07-10,1942,2017-05-17,0450,31271,,3,5,7,1942,0,0,0,,0,1136,LINCOLN,"AVE 45",300.00,W,N,A,-,N,,,,,,,,,,N,3,0,1,2,B,-,22,,,N,B,B,F,A,H,-,C,D,0,Y,,,,Y,Y,-,"- ",0,1,0,0,1,0,0,0,0,"- ","- ",,,"LOS ANGELES","LOS ANGELES",-118.21950493999999,34.123021180000002
8395371,2017,2017-06-29,1942,2017-05-24,2250,42705,LOSAN,3,5,7,1942,0,0,0,,0,1132,"HYPERION AV",WAVERLY,71.00,N,N,A,-,N,,,,,,,,,,Y,4,0,2,2,A,-,01,23153,,N,A,C,A,A,H,-,C,D,0,,,,,Y,Y,A,01,0,0,2,0,0,0,0,0,0,"- ","- ",,,"LOS ANGELES","LOS ANGELES",-118.26915,34.111629999999998
8395556,2017,2017-07-13,1942,2017-05-22,1630,40726,1136,1,5,7,1942,0,0,0,K,0,24T58,"EAGLE ROCK BL","VERDUGO RD",32.00,N,N,A,-,N,,,,,,,,,,Y,4,0,1,2,A,-,01,23152,A,F,C,C,A,A,H,-,A,A,0,,,,,Y,Y,D,22,0,0,1,0,0,0,0,0,0,"- ","- ",,,"LOS ANGELES","LOS ANGELES",-118.23796389,34.104739799999997
8395805,2017,2017-07-13,1942,2017-07-03,0545,38980,2148,1,5,7,1942,0,0,0,,0,15TL43,"VANOWEN ST","WINNETKA AV",0.00,,Y,A,-,N,,,,,,,,,,Y,3,0,5,4,A,-,01,23152,A,N,D,C,A,A,H,-,B,A,0,,,,,Y,Y,A,01,0,1,4,0,0,0,0,0,0,"- ","- ",,,"LOS ANGELES","LOS ANGELES",-118.57098003999999,34.193790040000003
8396070,2017,2017-07-11,1948,2017-06-04,1306,409,1948,7,5,5,1948,0,0,0,,0,003,"GRANDRIDGE AV","ELMGATE ST",30.00,N,N,A,-,N,,,,,,,,,,N,3,0,1,2,D,-,00,,,F,D,C,A,A,H,-,A,A,0,,,,,Y,Y,-,"- ",0,1,0,0,0,0,0,0,0,"- ","- ",,,"LOS ANGELES","MONTEREY PARK",-118.1343364,34.041192629999998
8396499,2017,2017-07-13,1942,2017-06-12,0145,41239,1025,1,5,7,1942,0,0,0,J,0,19T73,"SHERMAN WY","RESEDA BL",0.00,,Y,A,-,N,,,,,,,,,,Y,4,0,1,2,A,-,01,23152,A,N,D,C,A,A,H,-,C,A,0,,,,,Y,Y,A,01,0,0,1,0,0,0,0,0,0,"- ","- ",,,"LOS ANGELES","LOS ANGELES",-118.53604003,34.201180049999998
8396549,2017,2017-06-23,1942,2017-05-13,0200,39097,0565,6,5,7,1942,0,0,0,E,0,5A59,"GAFFEY ST","9TH ST",0.00,,Y,A,-,N,,,,,,,,,,N,4,0,1,2,A,-,10,21950,A,N,G,B,B,A,H,-,C,A,0,Y,,,,Y,Y,A,01,0,0,1,0,1,0,0,0,0,"- ","- ",,,"LOS ANGELES","LOS ANGELES",-118.29236002,33.736050069999997
8397089,2017,2017-08-15,1947,2017-05-09,2500,1405,,2,5,5,1947,0,0,0,,0,00E,"SOUTH GREENWOOD AV","MINES AV",6.00,N,N,A,-,N,,,,,,,,,,N,4,0,1,2,A,-,03,22350,,M,B,C,A,A,H,-,C,A,0,,,,,Y,Y,A,01,0,0,1,0,0,0,0,0,0,"- ","- ",34.007510000000003,-118.12138,"LOS ANGELES",MONTEBELLO,-118.11448093999999,34.003374620000002
8398062,2017,2017-06-28,1942,2017-06-15,2310,39410,1548,4,5,7,1942,0,0,0,O,0,9T53W3,"CAHUENGA BL","CUMPSTON ST",325.00,N,N,A,-,N,,,,,,,,,,Y,3,0,1,2,A,-,01,23152,A,N,B,C,A,A,H,-,C,D,0,,,Y,,Y,Y,C,02,0,1,0,0,0,0,0,0,1,"- ","- ",,,"LOS ANGELES","LOS ANGELES",-118.36157821,34.170881219999998
8399561,2017,2017-07-17,1976,2017-06-04,2006,597,,7,5,3,1964,0,0,0,,0,,"FLORENCE AV","PIONEER BL",96.00,W,N,A,-,N,,,,,,,,,,N,4,0,1,2,A,-,01,23152,A,N,C,C,A,A,H,-,B,A,0,,,,,Y,Y,A,01,0,0,1,0,0,0,0,0,0,"- ","- ",,,"LOS ANGELES","SANTA FE SPRINGS",-118.08215581,33.935319999999997
8399688,2017,2017-07-05,1942,2017-06-21,1510,41553,0964,3,5,7,1942,0,0,0,I,0,15T44,"MAGNOLIA BL","TILDEN AV",105.00,E,N,A,-,N,,,,,,,,,,Y,3,0,1,2,A,-,17,22517,,F,B,E,A,A,H,-,A,A,0,,,,,Y,Y,A,01,0,1,0,0,0,0,0,0,0,"- ","- ",,,"LOS ANGELES","LOS ANGELES",-118.44720355,34.164863359999998
8399985,2017,2017-07-06,1941,2017-06-16,1941,10912,,5,5,7,1941,0,0,0,,0,,"LOCUST AV","LOUISE ST",125.00,N,N,A,-,N,,,,,,,,,,Y,3,0,1,5,A,-,01,23152,A,M,A,E,A,A,H,-,C,D,0,,,,,Y,Y,A,,0,1,0,0,0,0,0,0,0,"- ","- ",,,"LOS ANGELES","LONG BEACH",-118.18985418,33.855452769999999
8400300,2017,2017-07-06,1965,2017-04-30,1910,3927,0B1C,7,5,5,1965,0,0,0,,0,B001,"PACIFIC COAST HWY","ARIZONA STAIRS",110.00,N,N,A,-,N,,,,,,,,,,Y,3,0,3,2,A,-,08,22101,D,N,D,C,A,A,H,-,A,D,0,,,,,Y,Y,A,01,0,1,2,0,0,0,0,0,0,"- ","- ",,,"LOS ANGELES","SANTA MONICA",-118.500499,34.015242000000001
8400486,2017,2017-07-07,1900,2017-06-15,0315,602401,1132,4,5,6,1992,0,0,0,,0,112T2,"AVENUE K","DIVISION ST",287.00,W,N,A,-,N,,,,,,,,,,Y,3,0,2,2,A,-,01,23152,A,N,A,C,A,A,H,-,C,D,0,,,,,Y,Y,A,01,0,1,1,0,0,0,0,0,0,"- ","- ",,,"LOS ANGELES",LANCASTER,-118.13112254000001,34.674990000000001
8401062,2017,2017-07-31,1942,2017-06-25,1000,33504,1621,7,5,7,1942,0,0,0,P,0,19TL77,"LAUREL CANYON BL","PAXTON ST",75.00,N,N,A,-,N,,,,,,,,,,Y,4,0,3,3,A,-,01,23152,A,N,-,-,A,A,A,H,A,-,0,,,,,Y,Y,A,01,0,0,3,0,0,0,0,0,0,"- ","- ",,,"LOS ANGELES","LOS ANGELES",-118.4386102,34.264896929999999
8401066,2017,2017-07-31,1942,2017-06-26,1600,41093,1689,1,5,7,1942,0,0,0,P,0,16X8,"OLD SAN FERNANDO RD","SUNLAND BL",16.00,N,N,A,-,N,,,,,,,,,,Y,3,0,4,3,A,-,01,23152,A,F,C,C,A,A,H,-,A,D,0,,,,,Y,Y,A,01,0,3,1,0,0,0,0,0,0,"- ","- ",,,"LOS ANGELES","LOS ANGELES",-118.36903182,34.219136810000002
8401628,2017,2017-07-11,1975,2017-06-01,1734,316,1975,4,5,6,1975,0,0,0,,0,001,"LARK ELLEN AV","WORKMAN AV",111.00,S,N,A,-,N,,,,,,,,,,Y,4,0,1,2,A,-,01,23153,A,N,C,C,A,A,H,-,A,-,0,,,,,Y,Y,-,,0,0,1,0,0,0,0,0,0,"- ","- ",,,"LOS ANGELES","WEST COVINA",-117.91656,34.075255689999999
8401663,2017,2017-07-11,1942,2017-06-27,1330,41729,1239,2,5,7,1942,0,0,0,L,0,5TL25,"VERMONT AV","SLAUSON AV",40.00,N,N,A,-,N,,,,,,,,,,N,4,0,1,2,A,-,03,22350,,F,C,C,A,A,H,-,A,A,0,,,,,Y,Y,-,99,0,0,1,0,0,0,0,0,0,"- ","- ",,,"LOS ANGELES","LOS ANGELES",-118.29147023,33.989239699999999
8402513,2017,2017-07-20,1942,2017-07-02,0127,40157,0315,7,5,7,1942,0,0,0,C,0,20T59,"WESTERN AV","24TH ST",269.00,S,N,A,-,N,,,,,,,,,,Y,3,0,2,2,A,-,01,23152,A,N,C,C,A,A,G,-,C,D,0,,,,,Y,Y,A,01,0,1,1,0,0,0,0,0,0,"- ","- ",,,"LOS ANGELES","LOS ANGELES",,
8402541,2017,2017-07-20,1942,2017-07-08,1945,42858,1267,6,5,7,1942,0,0,0,L,0,18A97,"WALL ST",MANCHESTER,5.00,S,N,A,-,N,,,,,,,,,,N,4,0,1,2,A,-,01,23152,A,F,B,G,A,A,H,-,A,A,0,,Y,,,Y,Y,A,01,0,0,1,0,0,0,1,0,0,"- ","- ",,,"LOS ANGELES","LOS ANGELES",-118.27169000000001,33.96008629
8402618,2017,2017-09-22,1942,2017-05-27,1650,38357,1313,6,5,7,1942,0,0,0,M,0,24T51,"SAN PEDRO ST","16TH ST",6.00,S,N,A,-,N,,,,,,,,,,N,4,0,1,2,A,-,05,21650,1,N,D,G,A,A,H,-,A,D,0,,Y,,,Y,Y,L,04,0,0,1,0,0,0,1,0,0,"- ","- ",,,"LOS ANGELES","LOS ANGELES",-118.25596107,34.029856369999997
8402620,2017,2017-07-12,1942,2017-05-26,2050,42765,233,5,5,7,1942,0,0,0,,0,2A47,"BEVERLY BL","OCCIDENTAL BL",54.00,E,N,A,-,N,,,,,,,,,,N,3,0,1,3,A,-,11,21955,,N,E,B,D,A,H,-,C,D,0,Y,,,,Y,Y,N,60,0,1,0,0,1,0,0,0,0,"- ","- ",,,"LOS ANGELES","LOS ANGELES",-118.27999462,34.070867810000003
8402681,2017,2017-07-13,1941,2017-06-28,0308,5960,,3,5,7,1941,0,0,0,,0,,"ATLANTIC AV","ATLANTIC PL",69.00,W,N,A,-,N,,,,,,,,,,Y,4,0,1,3,A,-,01,23152,A,M,B,C,A,A,H,-,C,D,0,,,,,Y,Y,A,,0,0,1,0,0,0,0,0,0,"- ","- ",,,"LOS ANGELES","LONG BEACH",-118.18604467999999,33.880399449999999
8403454,2017,2017-08-07,1909,2017-07-01,1705,389,1909,6,5,4,1909,0,0,0,,0,NORTH,"WATCHER ST","EDISON POLE  #4809052E",91.00,W,N,A,-,N,,,,,,,,,,Y,4,0,1,5,A,-,01,23152,A,F,A,E,F,A,H,-,A,D,0,Y,,,,Y,Y,A,01,0,0,1,0,1,0,0,0,0,"- ","- ",,,"LOS ANGELES","BELL GARDENS",,
8404339,2017,2019-04-09,1942,2017-06-10,0020,25115,1184,6,5,7,1942,0,0,0,K,0,24T32,"SUNSET BL","PORTIA ST",0.00,,Y,A,-,N,,,,,,,,,,Y,1,1,1,4,A,-,09,21801,A,F,D,C,F,A,H,-,C,D,0,Y,,Y,,Y,Y,A,07,0,0,1,0,1,0,0,1,0,"- ","- ",,,"LOS ANGELES","LOS ANGELES",-118.25437006,34.075460110000002
8404386,2017,2019-04-09,1942,2017-06-24,2230,39759,1346,6,5,7,1942,0,0,0,M,0,24T33,"VERNON AV","ASCOT AV",0.00,,Y,A,-,N,,,,,,,,,,N,1,1,0,2,A,-,10,21950,A,F,G,B,B,A,H,-,C,A,0,Y,,,,Y,Y,-,99,0,0,0,1,0,0,0,0,0,"- ","- ",,,"LOS ANGELES","LOS ANGELES",-118.24998002,34.003890089999999