CASE_ID,ACCIDENT_YEAR,PROC_DATE,JURIS,COLLISION_DATE,COLLISION_TIME,OFFICER_ID,REPORTING_DISTRICT,DAY_OF_WEEK,CHP_SHIFT,POPULATION,CNTY_CITY_LOC,SPECIAL_COND,BEAT_TYPE,CHP_BEAT_TYPE,CITY_DIVISION_LAPD,CHP_BEAT_CLASS,BEAT_NUMBER,PRIMARY_RD,SECONDARY_RD,DISTANCE,DIRECTION,INTERSECTION,WEATHER_1,WEATHER_2,STATE_HWY_IND,CALTRANS_COUNTY,CALTRANS_DISTRICT,STATE_ROUTE,ROUTE_SUFFIX,POSTMILE_PREFIX,POSTMILE,LOCATION_TYPE,RAMP_INTERSECTION,SIDE_OF_HWY,TOW_AWAY,COLLISION_SEVERITY,NUMBER_KILLED,NUMBER_INJURED,PARTY_COUNT,PRIMARY_COLL_FACTOR,PCF_CODE_OF_VIOL,PCF_VIOL_CATEGORY,PCF_VIOLATION,PCF_VIOL_SUBSECTION,HIT_AND_RUN,TYPE_OF_COLLISION,MVIW,PED_ACTION,ROAD_SURFACE,ROAD_COND_1,ROAD_COND_2,LIGHTING,CONTROL_DEVICE,CHP_ROAD_TYPE,PEDESTRIAN_ACCIDENT,BICYCLE_ACCIDENT,MOTORCYCLE_ACCIDENT,TRUCK_ACCIDENT,NOT_PRIVATE_PROPERTY,ALCOHOL_INVOLVED,STWD_VEHTYPE_AT_FAULT,CHP_VEHTYPE_AT_FAULT,COUNT_SEVERE_INJ,COUNT_VISIBLE_INJ,COUNT_COMPLAINT_PAIN,COUNT_PED_KILLED,COUNT_PED_INJURED,COUNT_BICYCLIST_KILLED,COUNT_BICYCLIST_INJURED,COUNT_MC_KILLED,COUNT_MC_INJURED,PRIMARY_RAMP,SECONDARY_RAMP,LATITUDE,LONGITUDE,COUNTY,CITY,POINT_X,POINT_Y
8639266,2018,2018-07-13,1972,2018-03-16,2235,14629,,5,5,6,1972,0,0,0,,0,,ARTESIA,CRENSHAW,0.00,,Y,C,-,N,,,,,,,,,,N,4,0,1,2,A,-,01,23152,A,N,C,C,A,B,H,-,C,A,0,,,,,Y,Y,A,,0,0,1,0,0,0,0,0,0,"- ","- ",,,"LOS ANGELES",TORRANCE,-118.32649230957031,33.872920989990234
8639621,2018,2018-06-25,1900,2018-05-20,2130,524199,1579,7,5,5,1954,0,0,0,,0,151T2,"ROOKS RD","BICENTENNIAL PARK ACCESS RD",0.00,,Y,A,-,N,,,,,,,,,,,3,0,1,2,A,-,01,23153,A,N,C,C,A,A,G,-,C,D,0,,,,,Y,Y,A,07,0,1,0,0,0,0,0,0,0,"- ","- ",,,"LOS ANGELES","PICO RIVERA",-118.042743,34.025917999999997
8640600,2018,2018-07-09,1947,2018-05-30,2500,1405,,3,5,5,1947,0,0,0,,0,00A,"WEST BEVERLY BL","HENDRICKS AV",0.00,,-,A,-,N,,,,,,,,,,Y,3,0,1,2,A,-,09,21801,A,N,D,C,A,A,H,-,A,D,0,,,,,Y,Y,A,01,0,1,0,0,0,0,0,0,0,"- ","- ",,,"LOS ANGELES",MONTEBELLO,-118.13893890380859,34.024120330810547
8640647,2018,2018-06-28,1942,2018-06-16,2315,38995,1681,6,5,7,1942,0,0,0,P,0,16A81,"ROSCOE BL","ARLETA AV",170.00,W,N,B,-,N,,,,,,,,,,Y,3,0,1,6,A,-,01,23152,A,N,B,E,A,A,H,-,C,A,0,,,,,Y,Y,D,22,0,1,0,0,0,0,0,0,0,"- ","- ",,,"LOS ANGELES","LOS ANGELES",-118.40583038330078,34.221660614013672
8640942,2018,2018-06-29,1941,2018-06-03,2113,10564,,7,5,7,1941,0,0,0,,0,,"MAGNOLIA AV","HILL ST",0.00,,N,A,-,N,,,,,,,,,,N,3,0,1,2,A,-,11,21950,B,F,G,B,E,A,H,-,A,D,0,Y,,,,Y,Y,N,,0,1,0,0,1,0,0,0,0,"- ","- ",,,"LOS ANGELES","LONG BEACH",-118.19812774658203,33.797130584716797
8641011,2018,2018-07-05,1941,2018-06-11,0056,10318,,1,5,7,1941,0,0,0,,0,,"EAST OCEAN BL","ELM AV",9.00,E,N,A,-,N,,,,,,,,,,N,4,0,1,2,A,-,11,21461,5,N,A,B,B,A,H,-,C,A,0,Y,,,,Y,Y,N,,0,0,1,0,1,0,0,0,0,"- ","- ",,,"LOS ANGELES","LONG BEACH",-118.18761444091797,33.766727447509766
8641353,2018,2018-07-12,1942,2018-06-23,1305,42251,1622,6,5,7,1942,0,0,0,P,0,16A11,"PAXTON ST","KEWEN AV",0.00,,Y,A,-,N,,,,,,,,,,Y,4,0,4,2,A,-,01,23152,A,N,D,C,A,A,H,-,A,A,0,,,,,Y,Y,A,01,0,0,4,0,0,0,0,0,0,"- ","- ",,,"LOS ANGELES","LOS ANGELES",-118.43350982666016,34.268310546875
8641362,2018,2018-07-10,1976,2018-06-15,1824,449,,5,5,5,1976,0,0,0,,0,001,"MESAGROVE AV","SHERRILL ST",57.00,S,N,A,-,N,,,,,,,,,,Y,4,0,1,4,A,-,01,23152,A,N,C,E,E,A,H,-,A,A,0,Y,,,,Y,Y,A,07,0,0,1,0,1,0,0,0,0,"- ","- ",,,"LOS ANGELES",WHITTIER,-118.06217193603516,34.001197814941406
8641668,2018,2018-06-22,1942,2018-06-10,0125,38687,1591,7,5,7,1942,0,0,0,O,0,15A85,"MULHOLLAND DR","SKYLINE DR",625.00,N,N,A,-,N,,,,,,,,,,Y,2,0,1,3,A,-,01,23152,A,F,B,E,F,A,H,-,D,A,0,Y,,,,Y,Y,A,01,1,0,0,0,1,0,0,0,0,"- ","- ",,,"LOS ANGELES","LOS ANGELES",-118.38753509521484,34.123439788818359
8641672,2018,2018-06-22,1942,2018-06-10,1545,42251,1023,7,5,7,1942,0,0,0,J,0,10A21,"VANOWEN ST","WILBUR AV",75.00,E,N,A,-,N,,,,,,,,,,Y,3,0,5,3,A,-,01,23152,A,N,C,C,A,A,H,-,A,D,0,,,,,Y,Y,A,01,0,1,4,0,0,0,0,0,0,"- ","- ",,,"LOS ANGELES","LOS ANGELES",-118.54450225830078,34.19384765625
8641717,2018,2018-06-22,1900,2018-06-09,0114,461784,2922,6,5,5,1990,0,0,0,,0,292T1,"GRAND AV","LAVENDER DR",25.00,N,N,A,-,N,,,,,,,,,,Y,3,0,1,1,A,-,08,22107,A,M,E,I,A,A,H,-,C,A,0,,,,,Y,Y,A,01,0,1,0,0,0,0,0,0,0,"- ","- ",,,"LOS ANGELES","DIAMOND BAR",-117.8197021484375,34.004562377929688
8641801,2018,2018-06-22,1941,2018-06-04,1644,10764,,1,5,7,1941,0,0,0,,0,,PCH,"MYRTLE AV",30.00,W,N,A,-,N,,,,,,,,,,Y,4,0,1,2,-,-,"- ",,,N,C,C,A,A,H,-,A,D,0,,,,,Y,Y,-,"- ",0,0,1,0,0,0,0,0,0,"- ","- ",,,"LOS ANGELES","LONG BEACH",-118.181884765625,33.789871215820312
8641809,2018,2018-06-22,1941,2018-06-07,2132,5886,,4,5,7,1941,0,0,0,,0,,"WARDLOW RD","MAGNOLIA AV",2.00,W,N,A,-,N,,,,,,,,,,Y,3,0,3,2,A,-,05,21651,C,N,B,C,A,A,H,-,C,D,0,,,,,Y,Y,A,,0,1,2,0,0,0,0,0,0,"- ","- ",,,"LOS ANGELES","LONG BEACH",-118.19805908203125,33.819168090820312
8642926,2018,2018-06-29,1948,2018-06-15,2135,459,1948,5,5,5,1948,0,0,0,,0,003,"EL MERCADO AV","ATLANTIC BL",0.00,,Y,A,-,N,,,,,,,,,,Y,3,0,2,3,A,-,01,23153,A,N,G,B,B,A,H,-,C,A,0,Y,,,,Y,Y,-,,0,1,1,0,2,0,0,0,0,"- ","- ",,,"LOS ANGELES","MONTEREY PARK",-118.13771057128906,34.051509857177734
8643078,2018,2018-07-09,1900,2018-06-11,0032,522303,2612,1,5,6,1950,0,0,0,,0,262T1,"ELIZABETH LAKE RD","RANCH CENTER DR",605.00,W,N,A,-,N,,,,,,,,,,Y,3,0,4,2,A,-,01,23152,A,N,A,C,A,A,H,-,C,D,0,,,,,Y,Y,A,01,0,1,3,0,0,0,0,0,0,"- ","- ",34.590339660644531,-118.20448303222656,"LOS ANGELES",PALMDALE,-118.20494842529297,34.590293884277344
8643118,2018,2018-07-09,1969,2018-06-02,0311,10205,PATRO,6,5,5,1969,0,0,0,,0,004,"FIRESTONE BL","ATLANTIC AV",2.00,E,N,A,-,N,,,,,,,,,,Y,4,0,1,2,A,-,01,23152,A,F,G,B,B,A,H,-,C,A,0,Y,,,,Y,Y,A,01,0,0,1,0,1,0,0,0,0,"- ","- ",,,"LOS ANGELES","SOUTH GATE",-118.18329620361328,33.952018737792969
8643437,2018,2018-06-27,1900,2018-05-05,2025,532457,1336,6,5,5,1908,0,0,0,,0,133T1P,"ARTESIA BL","CANEHILL AV",456.00,E,N,A,-,N,,,,,,,,,,Y,4,0,1,4,A,-,01,23152,A,N,C,E,A,A,H,-,C,A,0,,,,,Y,Y,A,01,0,0,1,0,0,0,0,0,0,"- ","- ",33.872909545898438,-118.10967254638672,"LOS ANGELES",BELLFLOWER,-118.10992431640625,33.872890472412109
8645692,2018,2018-07-10,1942,2018-05-11,0240,42364,,5,5,7,1942,0,0,0,,0,,"CRENSHAW BL","ADAMS BL",796.00,N,N,A,-,N,,,,,,,,,,N,2,0,1,2,A,-,11,21456,B,N,G,B,E,A,H,-,C,A,0,Y,,,Y,Y,Y,N,60,1,0,0,0,1,0,0,0,0,"- ","- ",,,"LOS ANGELES","LOS ANGELES",-118.333984375,34.034580230712891
8645962,2018,2018-07-17,1942,2018-06-23,1505,41158,0939,6,5,7,1942,0,0,0,I,0,9A37,"VICTORY BL","ETHEL AV",350.00,E,N,A,-,N,,,,,,,,,,Y,4,0,3,7,A,-,09,21804,A,F,B,C,F,A,H,-,A,D,0,Y,,,Y,Y,Y,-,99,0,0,3,0,2,0,0,0,0,"- ","- ",,,"LOS ANGELES","LOS ANGELES",-118.41698455810547,34.186679840087891
8646216,2018,2018-07-06,1942,2018-06-10,2025,43176,0818,7,5,7,1942,0,0,0,H,0,A13,"SUNSET BL","WESTWOOD PLZ",0.00,,Y,A,-,N,,,,,,,,,,Y,4,0,1,3,A,-,05,21460,A,F,B,C,A,A,H,-,C,A,0,,,,,Y,Y,-,99,0,0,1,0,0,0,0,0,0,"- ","- ",,,"LOS ANGELES","LOS ANGELES",-118.44522857666016,34.073841094970703
8647432,2018,2018-07-10,1941,2018-06-03,1157,11126,,7,5,7,1941,0,0,0,,0,901T,"LINDEN AV","BURNETT ST",244.00,N,N,A,-,N,,,,,,,,,,Y,2,0,1,5,A,-,03,22350,,N,B,D,A,A,H,-,A,D,0,,,,,Y,Y,A,,1,0,0,0,0,0,0,0,0,"- ","- ",,,"LOS ANGELES","LONG BEACH",-118.18612670898438,33.801418304443359
8648008,2018,2020-05-26,1900,2018-06-15,0132,519541,0560,5,5,3,1968,0,0,0,,0,55T1,"KLINGERMAN ST","SEAMAN AV",30.00,E,N,A,-,N,,,,,,,,,,Y,1,1,0,1,A,-,08,22107,,N,E,I,A,A,H,-,C,A,0,,,,,Y,Y,A,01,0,0,0,0,0,0,0,0,0,"- ","- ",34.055419921875,-118.05258178710938,"LOS ANGELES","SOUTH EL MONTE",-118.05265045166016,34.055450439453125
8648011,2018,2020-05-26,1900,2018-07-03,1646,620752,1137,2,5,6,1992,0,0,0,,0,111T2,"AVENUE K","20TH ST EAST",13.00,W,N,A,-,N,,,,,,,,,,Y,1,1,3,1,A,-,08,22107,,N,E,I,A,A,H,-,A,A,0,,,,,Y,Y,A,01,2,0,1,0,0,0,0,0,0,"- ","- ",,,"LOS ANGELES",LANCASTER,-118.09495544433594,34.675285339355469
8648024,2018,2020-05-26,1900,2018-05-27,0310,519541,0562,7,5,3,1968,0,0,0,,0,55T1,"PECK RD","DURFEE AV",201.00,W,N,A,-,N,,,,,,,,,,Y,1,1,1,3,A,-,08,22107,,N,E,I,A,A,H,-,C,D,0,,,,,Y,Y,D,22,0,1,0,0,0,0,0,0,0,"- ","- ",34.045978546142578,-118.03019714355469,"LOS ANGELES","SOUTH EL MONTE",-118.03855895996094,34.036251068115234
8648072,2018,2020-05-26,1955,2018-07-18,2141,40437,30,3,5,6,1955,0,0,0,,0,002,"TOWNE AV","FOOTHILL BL",399.00,N,N,A,-,N,,,,,,,,,,Y,1,1,0,2,A,-,11,21954,A,N,G,B,D,A,H,-,C,D,0,Y,,,,Y,Y,N,60,0,0,0,1,0,0,0,0,0,"- ","- ",,,"LOS ANGELES",POMONA,-117.73675537109375,34.106243133544922
8648160,2018,2020-05-26,1900,2018-01-15,1700,532239,1127,1,5,6,1992,0,0,0,,0,112T1,"40TH ST WEST","AVENUE J-15",0.00,,Y,A,-,N,,,,,,,,,,Y,1,1,1,2,A,-,09,21801,,N,D,C,A,A,H,-,B,D,0,,,,,Y,Y,A,01,0,1,0,0,0,0,0,0,0,"- ","- ",,,"LOS ANGELES",LANCASTER,-118.20143890380859,34.676441192626953
8648165,2018,2018-10-02,1942,2018-09-11,2220,38185,2187,2,5,7,1942,0,0,0,,0,21A97,"VENTURA BL","CALATRANA DR",88.00,E,N,A,-,N,,,,,,,,,,Y,1,1,2,2,A,-,01,23152,A,N,A,C,A,A,H,-,C,A,0,,,,,Y,Y,A,01,0,1,1,0,0,0,0,0,0,"- ","- ",,,"LOS ANGELES","LOS ANGELES",-118.60184478759766,34.168384552001953
8648245,2018,2020-05-22,1900,2018-09-12,1124,601485,2610,3,5,6,1950,0,0,0,,0,262T1,"RT 138","15TH ST EAST",555.00,W,N,A,-,Y,LA,7,138,-,-,45.090,H,-,W,Y,1,1,0,3,D,-,00,,,N,G,B,E,A,H,-,A,D,0,Y,,,,Y,Y,-,"- ",0,0,0,1,0,0,0,0,0,"- ","- ",34.579799652099609,-118.1051025390625,"LOS ANGELES",PALMDALE,-118.10488891601562,34.579616546630859
8648253,2018,2020-05-26,1942,2018-07-21,2330,41977,1842,6,5,7,1942,0,0,0,R,0,18A41,"S FIGUEROA ST","S 108TH ST",155.00,S,N,A,-,N,,,,,,,,,,Y,1,1,1,5,A,-,03,22350,,N,D,C,A,A,H,-,C,A,0,,,,,Y,Y,A,01,0,0,1,0,0,0,0,0,0,"- ","- ",,,"LOS ANGELES","LOS ANGELES",-118.28260803222656,33.937824249267578
8648258,2018,2018-10-12,1942,2018-09-17,1925,34561,2129,1,5,7,1942,0,0,0,,0,21A29,"WINNETKA AV","LANARK ST",0.00,,Y,A,-,N,,,,,,,,,,N,1,1,0,2,A,-,03,22350,,N,D,G,A,A,H,-,C,D,0,,Y,,,Y,Y,A,01,0,0,0,0,0,1,0,0,0,"- ","- ",,,"LOS ANGELES","LOS ANGELES",-118.57103729248047,34.218009948730469
8648261,2018,2020-05-26,1942,2018-09-30,1110,37679,0504,7,5,7,1942,0,0,0,E,0,25T21,"109TH ST","WESTERN AV",614.00,E,N,A,-,N,,,,,,,,,,Y,1,1,0,1,A,-,03,22350,,N,E,I,A,A,H,-,A,D,0,,,,,Y,Y,A,07,0,0,0,0,0,0,0,0,0,"- ","- ",,,"LOS ANGELES","LOS ANGELES",,
8648410,2018,2018-12-06,1948,2018-10-23,0641,356,1948,2,5,5,1948,0,0,0,,0,022,"NORTH ATLANTIC BL","GARVEY AV",465.00,N,N,A,-,N,,,,,,,,,,Y,1,1,0,2,D,-,00,,,N,G,B,D,A,H,-,C,D,0,Y,,,,Y,Y,-,"- ",0,0,0,1,0,0,0,0,0,"- ","- ",,,"LOS ANGELES","MONTEREY PARK",-118.13429260253906,34.063774108886719
8648449,2018,2020-05-26,1942,2018-11-22,2245,38090,2076,4,5,7,1942,0,0,0,,0,20A97,"S VERMONT AV","17TH PL",32.00,N,N,A,-,N,,,,,,,,,,N,1,1,0,2,A,-,11,21954,A,F,G,B,D,A,H,-,C,A,0,Y,,,,Y,Y,N,60,0,0,0,1,0,0,0,0,0,"- ","- ",,,"LOS ANGELES","LOS ANGELES",-118.29158020019531,34.042778015136719
8648504,2018,2020-05-26,1928,2018-12-26,0118,413,509,3,5,5,1928,0,0,0,,0,502,"PRAIRIE AV","NORTHROP AV",352.00,N,N,A,-,N,,,,,,,,,,Y,1,1,0,1,A,-,08,22107,,N,A,I,A,A,H,-,C,A,0,,,Y,,Y,Y,C,02,0,0,0,0,0,0,0,1,0,"- ","- ",33.919658660888672,-118.34397888183594,"LOS ANGELES",HAWTHORNE,-118.343885,33.920625999999999
8648531,2018,2020-05-26,1942,2018-12-24,2105,41129,1841,1,5,7,1942,0,0,0,R,0,18A41,"S FIGUEROA ST","W 108TH ST",0.00,,Y,A,-,N,,,,,,,,,,N,1,1,0,2,A,-,10,21950,A,F,G,B,B,A,H,-,C,A,0,Y,,,,Y,Y,-,99,0,0,0,1,0,0,0,0,0,"- ","- ",,,"LOS ANGELES","LOS ANGELES",-118.28260803222656,33.938251495361328
8648717,2019,2021-05-25,1900,2019-02-11,2320,472724,0635,1,5,6,1985,0,0,0,,0,61T1,"SOLEDAD CANYON RD","SAND CANYON RD",0.00,,Y,A,-,N,,,,,,,,,,Y,1,1,3,3,A,-,01,23152,A,N,D,C,A,A,H,-,C,A,0,,,,,Y,Y,D,22,0,3,0,0,0,0,0,0,0,"- ","- ",34.426998138427734,-118.42376708984375,"LOS ANGELES","SANTA CLARITA",-118.42371368408203,34.427021026611328
8648760,2018,2018-07-30,1900,2018-05-07,0220,509083,0977,1,5,4,1979,0,0,0,,0,91T4,"SANTA MONICA BL","SAN VICENTE BL",25.00,E,N,A,-,N,,,,,,,,,,N,3,0,2,2,A,-,03,22350,,N,C,C,A,A,H,-,C,D,0,,,,,Y,Y,-,,0,1,1,0,0,0,0,0,0,"- ","- ",,,"LOS ANGELES","WEST HOLLYWOOD",-118.38404846191406,34.084972381591797
8648809,2018,2018-07-30,1933,2018-06-15,2241,1005,6,5,5,6,1933,0,0,0,,0,001,"FLORENCE AV","WEST BL",650.00,W,N,A,-,N,,,,,,,,,,Y,4,0,1,2,A,-,01,23152,A,F,B,C,A,A,H,-,C,A,0,,,,,Y,Y,A,01,0,0,1,0,0,0,0,0,0,"- ","- ",33.974510192871094,-118.33518981933594,"LOS ANGELES",INGLEWOOD,-118.33734130859375,33.974422454833984
8649108,2018,2018-07-18,1900,2018-06-24,1930,532457,1335,7,5,5,1908,0,0,0,,0,133T1P,"ARTESIA BL","DOWNEY AV",70.00,E,N,A,-,N,,,,,,,,,,Y,2,0,1,3,A,-,01,23152,A,N,C,C,A,A,H,-,A,A,0,,,,,Y,Y,A,07,1,0,0,0,0,0,0,0,0,"- ","- ",33.874809265136719,-118.15100860595703,"LOS ANGELES",BELLFLOWER,-118.15106201171875,33.874778747558594
8649589,2018,2018-08-21,1942,2018-06-20,0110,43221,1138,3,5,7,1942,0,0,0,K,0,11A17,"FIGUEROA ST","AVE 61",310.00,N,N,A,-,N,,,,,,,,,,Y,3,0,2,2,A,-,03,22350,A,N,A,C,A,A,H,-,C,A,0,,,,,Y,Y,A,01,0,1,1,0,0,0,0,0,0,"- ","- ",,,"LOS ANGELES","LOS ANGELES",-118.18768310546875,34.112346649169922
8650243,2018,2018-08-28,1942,2018-07-28,1558,37952,0112,6,5,7,1942,0,0,0,A,0,1A1,"W TEMPLE ST","N BROADWAY",0.00,,Y,A,-,N,,,,,,,,,,Y,3,0,3,2,A,-,01,23152,A,N,D,C,A,A,H,-,A,A,0,,,,,Y,Y,A,01,0,1,2,0,0,0,0,0,0,"- ","- ",,,"LOS ANGELES","LOS ANGELES",-118.24359130859375,34.055759429931641
8650482,2018,2018-09-07,1976,2018-07-30,2141,854,,1,5,3,1964,0,0,0,,0,,"BROADWAY AV","WASHINGTON BL",369.00,S,N,A,-,N,,,,,,,,,,N,3,0,1,2,A,-,11,21954,A,N,G,B,D,A,H,-,C,D,0,Y,,,,Y,Y,N,60,0,1,0,0,1,0,0,0,0,"- ","- ",,,"LOS ANGELES","SANTA FE SPRINGS",-118.06950378417969,33.970474243164062
8650573,2018,2018-09-17,1942,2018-08-13,1910,41977,0358,1,5,7,1942,0,0,0,C,0,3A57,"W JEFFERSON BL","N MCCLINTOCK AV",0.00,,Y,A,-,N,,,,,,,,,,Y,4,0,2,2,A,-,09,21801,A,N,D,C,A,A,H,-,B,A,0,,,,,Y,Y,A,01,0,0,2,0,0,0,0,0,0,"- ","- ",,,"LOS ANGELES","LOS ANGELES",-118.287109375,34.025051116943359
8651679,2018,2018-10-03,1942,2018-08-25,1621,34426,0152,6,5,7,1942,0,0,0,A,0,1A41,"HILL ST","5TH ST",96.00,S,N,A,-,N,,,,,,,,,,N,4,0,1,2,A,-,11,21954,A,N,G,-,E,A,H,-,A,D,0,Y,,,,Y,Y,N,60,0,0,1,0,1,0,0,0,0,"- ","- ",,,"LOS ANGELES","LOS ANGELES",-118.25199127197266,34.048549652099609
8651927,2018,2018-10-19,1942,2018-08-31,0140,40543,1273,5,5,7,1942,0,0,0,L,0,12A93,"MANCHESTER AV","DENKER AV",0.00,,Y,A,-,N,,,,,,,,,,Y,4,0,1,2,A,-,12,21453,A,F,D,C,A,A,H,-,C,A,0,,,,,Y,Y,-,99,0,0,1,0,0,0,0,0,0,"- ","- ",,,"LOS ANGELES","LOS ANGELES",-118.30464935302734,33.959991455078125
8652093,2018,2018-08-17,1900,2018-06-01,0115,274533,1335,5,5,5,1908,0,0,0,,0,133T1,"RT 19","PARK ST",210.00,S,N,A,-,Y,LA,7,91,-,R,14.955,R,4,W,N,4,0,1,2,A,-,01,23152,A,M,C,C,A,A,H,-,C,A,0,,,,,Y,Y,A,01,0,0,1,0,0,0,0,0,0,"- ","- ",33.877891540527344,-118.142578125,"LOS ANGELES",BELLFLOWER,-118.13675689697266,33.877296447753906
8652579,2018,2018-08-17,1967,2018-06-24,2037,132,,7,5,2,1967,0,0,0,,0,SOUTH,"RT 1","OBISPO AV",63.00,W,N,A,-,Y,LA,7,1,-,-,4.270,H,-,S,N,4,0,1,2,D,-,00,,,F,C,C,A,A,H,-,C,D,0,,,,,Y,Y,-,"- ",0,0,1,0,0,0,0,0,0,"- ","- ",,,"LOS ANGELES","SIGNAL HILL",-118.15472412109375,33.789806365966797
8652869,2018,2018-07-09,1976,2018-05-14,2132,894,,1,5,3,1964,0,0,0,,0,002,"TELEGRAPH RD","SHOEMAKER AV",298.00,E,N,A,-,N,,,,,,,,,,Y,3,0,1,1,A,-,01,23152,A,N,E,I,A,A,H,-,C,D,0,,,,,Y,Y,A,01,0,1,0,0,0,0,0,0,0,"- ","- ",,,"LOS ANGELES","SANTA FE SPRINGS",-118.05429840087891,33.941799163818359
8653378,2018,2018-07-12,1900,2018-06-10,2110,602985,0462,7,5,4,1936,0,0,0,,0,46T1,"BIOLA AV","TACUBA DR",0.00,,Y,A,-,N,,,,,,,,,,N,3,0,1,2,A,-,11,21954,A,N,B,B,D,A,H,-,C,D,0,Y,,,,Y,Y,N,60,0,1,0,0,1,0,0,0,0,"- ","- ",,,"LOS ANGELES","LA MIRADA",-118.01992034912109,33.914180755615234
8653427,2018,2018-07-19,1920,2018-04-24,2312,13547,DOWNE,2,5,6,1920,0,0,0,,0,006,"LAKEWOOD BL","FIRESTONE BL",0.00,,Y,A,-,N,,,,,,,,,,N,4,0,1,2,A,-,01,23152,A,N,A,C,A,A,H,-,C,A,0,,,,,Y,Y,A,01,0,0,1,0,0,0,0,0,0,"- ","- ",,,"LOS ANGELES",DOWNEY,-118.1240234375,33.935531616210938
8653523,2018,2018-07-06,1942,2018-06-17,2225,34599,1523,7,5,7,1942,0,0,0,O,0,15A33,"VICTORY BL","BABCOCK AV",176.00,W,N,A,-,N,,,,,,,,,,N,2,0,1,2,A,-,01,23152,A,N,E,I,A,A,H,-,C,A,0,,,,,Y,Y,A,07,1,0,0,0,0,0,0,0,0,"- ","- ",,,"LOS ANGELES","LOS ANGELES",-118.40691375732422,34.186859130859375
8653585,2018,2018-07-12,1942,2018-06-17,2225,40404,1215,7,5,7,1942,0,0,0,L,0,12A15,"WEST 54TH ST","SOUTH VERMONT AV",25.00,W,N,A,-,N,,,,,,,,,,Y,4,0,3,2,A,-,01,23152,A,N,-,C,A,-,H,-,C,D,0,,,,,Y,Y,D,22,0,0,3,0,0,0,0,0,0,"- ","- ",,,"LOS ANGELES","LOS ANGELES",-118.29158020019531,33.993209838867188
8653632,2018,2018-07-12,1942,2018-06-17,1425,39759,1371,7,5,7,1942,0,0,0,M,0,13A85,"S BROADWAY","58TH ST",100.00,N,N,A,-,N,,,,,,,,,,N,3,0,3,2,A,-,01,23152,A,N,C,C,A,A,H,-,A,D,0,,,,,Y,Y,A,07,0,2,1,0,0,0,0,0,0,"- ","- ",,,"LOS ANGELES","LOS ANGELES",-118.27829742431641,33.990005493164062
8653916,2018,2018-07-12,1942,2018-06-16,1636,37258,0192,6,5,7,1942,0,0,0,A,0,1A61,"S FIGUEROA ST","VENICE BL",150.00,N,N,A,-,N,,,,,,,,,,N,4,0,1,2,B,-,22,,,N,B,G,A,A,H,-,A,D,0,,Y,,,Y,Y,L,04,0,0,1,0,0,0,1,0,0,"- ","- ",,,"LOS ANGELES","LOS ANGELES",-118.26980590820312,34.037864685058594
8654320,2018,2018-07-18,1942,2018-06-12,2010,43242,1798,2,5,7,1942,0,0,0,Q,0,17A95,"NORDHOFF ST","WOODLEY AV",10.00,W,N,A,-,N,,,,,,,,,,Y,4,0,1,2,A,-,08,22107,,N,A,C,A,A,H,-,B,A,0,,,,,Y,Y,A,01,0,0,1,0,0,0,0,0,0,"- ","- ",,,"LOS ANGELES","LOS ANGELES",-118.48509979248047,34.235641479492188
8655445,2018,2018-07-10,1933,2018-05-04,1643,959,04,5,5,6,1933,0,0,0,,0,001,"HYDE PARK BL","GLENWAY DR",90.00,W,N,A,-,N,,,,,,,,,,Y,3,0,7,5,A,-,01,23152,A,N,B,C,A,A,H,-,A,D,0,,,,,Y,Y,D,22,0,1,6,0,0,0,0,0,0,"- ","- ",33.968799591064453,-118.36477661132812,"LOS ANGELES",INGLEWOOD,-118.36516571044922,33.968666076660156
8655807,2018,2018-07-12,1920,2018-04-29,2132,13286,1920,7,5,6,1920,0,0,0,,0,004,"FLORENCE AV","LITTLE LAKE RD",30.00,W,N,A,-,N,,,,,,,,,,Y,4,0,2,2,A,-,01,23152,A,N,C,C,A,A,H,-,C,A,0,,,,,Y,Y,A,01,0,0,2,0,0,0,0,0,0,"- ","- ",,,"LOS ANGELES",DOWNEY,-118.09904479980469,33.938312530517578
8655992,2018,2018-07-19,1942,2018-07-01,0700,42565,0923,7,5,7,1942,0,0,0,I,0,9A23,"KESTER AV","LEMAY ST",31.00,S,N,B,-,N,,,,,,,,,,Y,3,0,1,1,A,-,01,23152,A,N,E,I,A,A,H,-,A,A,0,,,,,Y,Y,A,01,0,1,0,0,0,0,0,0,0,"- ","- ",,,"LOS ANGELES","LOS ANGELES",-118.45745086669922,34.1920166015625
8656012,2018,2018-07-13,1942,2018-06-28,1720,38613,1526,4,5,7,1942,0,0,0,O,0,15A27,"BECK AV","VICTORY BL",0.00,,Y,A,-,N,,,,,,,,,,Y,2,0,1,3,A,-,01,23152,A,N,C,C,A,A,H,-,A,A,0,,,Y,,Y,Y,A,07,1,0,0,0,0,0,0,0,1,"- ","- ",,,"LOS ANGELES","LOS ANGELES",-118.38340759277344,34.186691284179688
8656373,2018,2018-07-27,1900,2018-06-29,2035,612439,0617,5,5,6,1985,0,0,0,,0,64T1,"SOLEDAD CANYON RD","GOLDEN OAK RD",296.00,W,N,A,-,N,,,,,,,,,,Y,4,0,2,3,A,-,01,23152,A,N,C,C,A,A,H,-,C,D,0,,,,,Y,Y,A,01,0,0,2,0,0,0,0,0,0,"- ","- ",34.416400909423828,-118.51399993896484,"LOS ANGELES","SANTA CLARITA",-118.5140380859375,34.415889739990234
8657705,2018,2018-10-03,1942,2018-07-30,0200,42824,0911,1,5,7,1942,0,0,0,I,0,09A19,"SEPULVEDA BL","VICTORY BL",0.00,,Y,A,-,N,,,,,,,,,,Y,4,0,1,3,A,-,01,23152,A,N,D,C,A,A,H,-,C,D,0,,,,,Y,Y,A,01,0,0,1,0,0,0,0,0,0,"- ","- ",,,"LOS ANGELES","LOS ANGELES",-118.46617126464844,34.186660766601562