CASE_ID,ACCIDENT_YEAR,PROC_DATE,JURIS,COLLISION_DATE,COLLISION_TIME,OFFICER_ID,REPORTING_DISTRICT,DAY_OF_WEEK,CHP_SHIFT,POPULATION,CNTY_CITY_LOC,SPECIAL_COND,BEAT_TYPE,CHP_BEAT_TYPE,CITY_DIVISION_LAPD,CHP_BEAT_CLASS,BEAT_NUMBER,PRIMARY_RD,SECONDARY_RD,DISTANCE,DIRECTION,INTERSECTION,WEATHER_1,WEATHER_2,STATE_HWY_IND,CALTRANS_COUNTY,CALTRANS_DISTRICT,STATE_ROUTE,ROUTE_SUFFIX,POSTMILE_PREFIX,POSTMILE,LOCATION_TYPE,RAMP_INTERSECTION,SIDE_OF_HWY,TOW_AWAY,COLLISION_SEVERITY,NUMBER_KILLED,NUMBER_INJURED,PARTY_COUNT,PRIMARY_COLL_FACTOR,PCF_CODE_OF_VIOL,PCF_VIOL_CATEGORY,PCF_VIOLATION,PCF_VIOL_SUBSECTION,HIT_AND_RUN,TYPE_OF_COLLISION,MVIW,PED_ACTION,ROAD_SURFACE,ROAD_COND_1,ROAD_COND_2,LIGHTING,CONTROL_DEVICE,CHP_ROAD_TYPE,PEDESTRIAN_ACCIDENT,BICYCLE_ACCIDENT,MOTORCYCLE_ACCIDENT,TRUCK_ACCIDENT,NOT_PRIVATE_PROPERTY,ALCOHOL_INVOLVED,STWD_VEHTYPE_AT_FAULT,CHP_VEHTYPE_AT_FAULT,COUNT_SEVERE_INJ,COUNT_VISIBLE_INJ,COUNT_COMPLAINT_PAIN,COUNT_PED_KILLED,COUNT_PED_INJURED,COUNT_BICYCLIST_KILLED,COUNT_BICYCLIST_INJURED,COUNT_MC_KILLED,COUNT_MC_INJURED,PRIMARY_RAMP,SECONDARY_RAMP,LATITUDE,LONGITUDE,COUNTY,CITY,POINT_X,POINT_Y
8724796,2018,2018-10-30,1942,2018-09-11,0755,36406,1916,2,5,7,1942,0,0,0,,0,19A7,"GLENOAKS BL","ASTORIA ST",30.00,N,N,A,-,N,,,,,,,,,,N,4,0,1,4,A,-,03,22350,,N,C,C,A,A,H,-,A,D,0,,,,,Y,Y,A,01,0,0,1,0,0,0,0,0,0,"- ","- ",,,"LOS ANGELES","LOS ANGELES",-118.44625091552734,34.304965972900391
8725078,2018,2018-10-24,1928,2018-09-14,2327,398,525,5,5,5,1928,0,0,0,,0,502,"FREEMAN AV","IMPERIAL HWY",0.00,,Y,A,-,N,,,,,,,,,,N,3,0,1,2,A,-,08,22107,,M,B,E,A,A,H,-,C,D,0,,,,,Y,Y,A,01,0,1,0,0,0,0,0,0,0,"- ","- ",33.930950164794922,-118.34818267822266,"LOS ANGELES",HAWTHORNE,-118.34828186035156,33.930961608886719
8725688,2018,2018-11-02,1942,2018-10-20,2115,41072,1218,6,5,7,1942,0,0,0,L,0,25TL29,"HOOVER ST","52ND ST",46.00,N,N,A,-,N,,,,,,,,,,N,2,0,1,2,A,-,11,21955,,N,G,B,D,A,H,-,C,A,0,Y,,,,Y,Y,N,60,1,0,0,0,1,0,0,0,0,"- ","- ",,,"LOS ANGELES","LOS ANGELES",-118.28716278076172,33.995826721191406
8725698,2018,2018-10-30,1942,2018-09-09,2350,42309,1612,7,5,7,1942,0,0,0,P,0,16A11,"GLENOAKS BL","PAXTON ST",430.00,N,N,B,-,N,,,,,,,,,,Y,4,0,1,2,A,-,09,21801,A,N,B,C,A,A,H,-,C,A,0,,,,,Y,Y,A,01,0,0,1,0,0,0,0,0,0,"- ","- ",,,"LOS ANGELES","LOS ANGELES",-118.41861724853516,34.280288696289062
8725700,2018,2018-11-02,1942,2018-10-18,2027,38349,1004,4,5,7,1942,0,0,0,J,0,10A3,"SATICOY ST","LINDLEY AV",0.00,,Y,A,-,N,,,,,,,,,,Y,3,0,2,2,A,-,01,23152,A,F,D,D,A,A,H,-,C,A,0,,,,,Y,Y,A,07,0,1,1,0,0,0,0,0,0,"- ","- ",,,"LOS ANGELES","LOS ANGELES",-118.52734375,34.208400726318359
8726744,2018,2018-11-07,1942,2018-09-08,1430,37546,1258,6,5,7,1942,0,0,0,L,0,12A39,"HOOVER ST","79TH ST",0.00,,Y,A,-,N,,,,,,,,,,N,3,0,2,2,A,-,09,21801,A,N,D,C,A,A,H,-,A,A,0,,,,,Y,Y,A,01,0,1,1,0,0,0,0,0,0,"- ","- ",,,"LOS ANGELES","LOS ANGELES",-118.28711700439453,33.967819213867188
8727865,2018,2018-11-02,1942,2018-10-13,0310,41072,563,6,5,7,1942,0,0,0,,0,25T29,"GAFFEY ST","16TH ST",23.00,N,N,B,-,N,,,,,,,,,,N,3,0,1,2,A,-,11,21954,A,F,G,B,D,A,H,-,C,A,0,Y,,,,Y,Y,N,60,0,1,0,0,1,0,0,0,0,"- ","- ",,,"LOS ANGELES","LOS ANGELES",-118.29238128662109,33.729782104492188
8728022,2018,2018-11-14,1942,2018-09-28,1900,43107,,5,5,7,1942,0,0,0,,0,15A24,"LANKERSHIM BL","EMELITA ST",5.00,N,N,A,-,N,,,,,,,,,,N,4,0,3,4,A,-,10,21950,A,N,G,B,B,A,H,-,C,A,0,Y,,,,Y,Y,A,07,0,0,3,0,3,0,0,0,0,"- ","- ",,,"LOS ANGELES","LOS ANGELES",-118.38175964355469,34.176681518554688
8728037,2018,2018-11-05,1942,2018-09-11,1215,40165,1523,2,5,7,1942,0,0,0,O,0,15A33,"VICTORY BL","BABCOCK AV",72.00,E,N,A,-,N,,,,,,,,,,N,4,0,1,2,A,-,09,21804,A,N,H,G,A,A,H,-,A,D,0,,Y,,,Y,Y,A,07,0,0,1,0,0,0,1,0,0,"- ","- ",,,"LOS ANGELES","LOS ANGELES",-118.40632629394531,34.186859130859375
8728129,2018,2018-11-15,1942,2018-10-18,2145,39022,1445,4,5,7,1942,0,0,0,N,0,14A45,"S CENTINELA AV","VENICE BL",40.00,S,N,A,-,N,,,,,,,,,,Y,4,0,2,2,A,-,01,23152,A,N,C,C,A,A,H,-,C,A,0,,,,,Y,Y,A,07,0,0,2,0,0,0,0,0,0,"- ","- ",,,"LOS ANGELES","LOS ANGELES",-118.43352508544922,34.003658294677734
8728180,2018,2018-11-05,1942,2018-10-07,1605,34599,1526,7,5,7,1942,0,0,0,O,0,15A27,"OXNARD ST","COLFAX AV",0.00,,Y,A,-,N,,,,,,,,,,N,4,0,8,2,A,-,12,21453,A,N,D,C,A,A,H,-,A,A,0,,,,,Y,Y,A,01,0,0,8,0,0,0,0,0,0,"- ","- ",,,"LOS ANGELES","LOS ANGELES",-118.38780212402344,34.179409027099609
8728268,2018,2018-11-09,1942,2018-10-16,1100,43095,0939,2,5,7,1942,0,0,0,I,0,9A37,"VICTORY BL","MARY ELLEN AV",20.00,W,N,A,-,N,,,,,,,,,,N,4,0,1,2,A,-,03,22350,,N,C,C,A,A,H,-,A,A,0,,,,,Y,Y,A,01,0,0,1,0,0,0,0,0,0,"- ","- ",,,"LOS ANGELES","LOS ANGELES",-118.41932678222656,34.186668395996094
8728456,2018,2018-11-15,1909,2018-10-19,1814,587,1909,5,5,4,1909,0,0,0,,0,,"EASTERN AV","LUBEC ST",0.00,,Y,A,-,N,,,,,,,,,,Y,4,0,5,2,A,-,09,21804,,N,D,C,A,A,H,-,B,A,0,,,,,Y,Y,A,01,0,0,5,0,0,0,0,0,0,"- ","- ",,,"LOS ANGELES","BELL GARDENS",-118.164306640625,33.971561431884766
8728663,2018,2018-11-09,1972,2018-06-09,0515,21238,,6,5,6,1972,0,0,0,,0,,TORRANCE,"MADRID AV",5.00,W,N,A,-,N,,,,,,,,,,Y,4,0,1,1,A,-,08,22107,,N,E,I,A,A,H,-,B,A,0,,,,,Y,Y,A,,0,0,1,0,0,0,0,0,0,"- ","- ",,,"LOS ANGELES",TORRANCE,-118.32518005371094,33.836391448974609
8728740,2018,2018-11-08,1942,2018-10-26,2100,42251,0939,5,5,7,1942,0,0,0,I,0,9A37,"VICTORY BL","ETHEL AV",234.00,E,N,A,-,N,,,,,,,,,,Y,3,0,2,2,A,-,01,23152,A,N,B,C,A,A,H,-,D,A,0,,,,,Y,Y,A,01,0,1,1,0,0,0,0,0,0,"- ","- ",,,"LOS ANGELES","LOS ANGELES",-118.41736602783203,34.186679840087891
8728783,2018,2018-11-08,1941,2018-10-18,2311,11118,,4,5,7,1941,0,0,0,,0,,"WARDLOW RD","MYRTLE AV",6.00,W,N,A,-,N,,,,,,,,,,Y,4,0,1,2,A,-,01,23152,,N,C,E,A,A,H,-,C,A,0,,,,,Y,Y,A,,0,0,1,0,0,0,0,0,0,"- ","- ",,,"LOS ANGELES","LONG BEACH",-118.18180084228516,33.81890869140625
8729296,2018,2019-07-30,1916,2018-10-17,1945,2378,D36C1,3,5,4,1916,0,0,0,,0,DOWNTO,"S CITRUS AV","SHOPPERS LN",28.00,N,N,A,-,N,,,,,,,,,,N,1,1,0,2,A,-,01,23153,G,F,G,B,B,A,H,-,C,D,0,Y,,,,Y,Y,A,01,0,0,0,1,0,0,0,0,0,"- ","- ",34.078891754150391,-117.88993072509766,"LOS ANGELES",COVINA,-117.89016723632812,34.077674865722656
8729300,2018,2018-11-14,1916,2018-10-09,0203,2226,D34M1,2,5,4,1916,0,0,0,,0,DOWNTO,"BARRANCA AV","PUENTE ST",0.00,S,N,A,-,N,,,,,,,,,,N,2,0,1,1,A,-,01,23153,A,N,H,I,A,A,H,-,C,D,0,,,,,Y,Y,-,,1,0,0,0,0,0,0,0,0,"- ","- ",,,"LOS ANGELES",COVINA,-117.88130950927734,34.082561492919922
8731800,2018,2018-12-06,1942,2018-10-25,1230,41514,1772,4,5,7,1942,0,0,0,Q,0,17A81,"PENFIELD AV","PRAIRIE ST",50.00,N,N,A,-,N,,,,,,,,,,Y,4,0,1,2,A,-,01,23152,A,F,B,C,A,A,H,-,A,D,0,,,,,Y,Y,A,08,0,0,1,0,0,0,0,0,0,"- ","- ",,,"LOS ANGELES","LOS ANGELES",-118.56964874267578,34.239326477050781
8732154,2018,2019-01-11,1942,2018-10-29,2040,41778,0923,1,5,7,1942,0,0,0,I,0,9A23,"VANOWEN ST","CEDROS AV",0.00,,Y,A,-,N,,,,,,,,,,Y,2,0,1,2,A,-,01,23152,A,N,B,C,A,A,-,-,C,A,0,,,Y,,Y,Y,C,02,1,0,0,0,0,0,0,0,1,"- ","- ",,,"LOS ANGELES","LOS ANGELES",-118.45311737060547,34.193950653076172
8732345,2018,2018-11-15,1942,2018-10-23,0930,40574,1753,2,5,7,1942,0,0,0,Q,0,17A23,"LASSEN ST","WINNETKA AV",0.00,,Y,A,-,N,,,,,,,,,,Y,4,0,2,2,A,-,09,21801,A,N,D,C,A,A,H,-,A,A,0,,,,,Y,Y,A,01,0,0,2,0,0,0,0,0,0,"- ","- ",,,"LOS ANGELES","LOS ANGELES",-118.57122039794922,34.249988555908203
8732548,2018,2018-11-19,1942,2018-10-10,1745,35023,0516,3,5,7,1942,0,0,0,E,0,5A26,"AVALON BL","M ST",15.00,N,N,A,-,N,,,,,,,,,,Y,2,0,2,2,A,-,09,21801,A,N,B,C,A,A,-,-,A,A,0,,,Y,,Y,Y,A,01,1,0,1,0,0,0,0,0,1,"- ","- ",,,"LOS ANGELES","LOS ANGELES",-118.26314544677734,33.788871765136719
8732781,2018,2018-11-15,1942,2018-10-29,2100,36068,2133,1,5,7,1942,0,0,0,,0,21U1,"SHERMAN WAY","FALLBROOK AV",70.00,E,N,A,-,N,,,,,,,,,,N,4,0,1,2,A,-,01,23152,A,N,C,C,A,A,H,-,C,A,0,,,,,Y,Y,-,,0,0,1,0,0,0,0,0,0,"- ","- ",,,"LOS ANGELES","LOS ANGELES",-118.62319183349609,34.200996398925781
8733406,2018,2018-11-06,1942,2018-10-09,2150,37928,1268,2,5,7,1942,0,0,0,L,0,12A15,"MAIN ST","85TH ST",5.00,N,N,A,-,N,,,,,,,,,,N,3,0,1,2,A,-,10,21950,A,F,G,B,D,A,H,-,A,D,0,Y,,,,Y,Y,-,99,0,1,0,0,1,0,0,0,0,"- ","- ",,,"LOS ANGELES","LOS ANGELES",-118.27388763427734,33.961544036865234
8733564,2018,2018-11-08,1942,2018-09-15,0115,35005,0835,6,5,7,1942,0,0,0,H,0,8A13,"SANTA MONICA BL","VETERAN AV",0.00,,Y,A,-,N,,,,,,,,,,N,4,0,2,3,A,-,22,23123,A,N,C,C,A,A,H,-,C,D,0,,,,,Y,Y,A,01,0,0,2,0,0,0,0,0,0,"- ","- ",,,"LOS ANGELES","LOS ANGELES",-118.44013214111328,34.048919677734375
8733629,2018,2018-11-08,1900,2018-10-28,0310,465550,0643,7,5,6,1985,0,0,0,,0,61T1,"SOLEDAD CANYON RD","GOLDEN OAK RD",109.00,W,N,A,-,N,,,,,,,,,,Y,3,0,1,1,A,-,01,23152,A,N,E,I,A,A,H,-,C,D,0,,,,,Y,Y,A,01,0,1,0,0,0,0,0,0,0,"- ","- ",34.415901184082031,-118.51415252685547,"LOS ANGELES","SANTA CLARITA",-118.51351165771484,34.416156768798828
8733781,2018,2019-01-09,1941,2018-10-21,1941,10836,,7,5,7,1941,0,0,0,,0,901T,"2ND ST","TIVOLI DR",0.00,,Y,A,-,N,,,,,,,,,,N,3,0,1,2,A,-,"- ",,,N,H,G,A,A,H,-,A,A,0,,Y,,,Y,Y,-,"- ",0,1,0,0,0,0,1,0,0,"- ","- ",,,"LOS ANGELES","LONG BEACH",-118.12628173828125,33.757480621337891
8734047,2018,2018-11-13,1934,2018-10-10,0833,745,1934,3,5,1,1934,0,0,0,,0,,"ARROW HWY","MAINE AV",22.00,E,N,A,-,N,,,,,,,,,,Y,3,0,3,4,A,-,01,23153,A,N,C,C,A,A,H,-,A,A,0,,,,,Y,Y,A,01,0,1,2,0,0,0,0,0,0,"- ","- ",,,"LOS ANGELES",IRWINDALE,-117.96047973632812,34.106929779052734
8734604,2018,2018-11-21,1900,2018-10-04,1203,546182,1137,4,5,6,1992,0,0,0,,0,112T2,"AVE K","15TH ST EAST",106.00,W,N,A,-,N,,,,,,,,,,Y,4,0,1,2,A,-,01,23152,A,N,C,C,A,A,H,-,A,D,0,,,,,Y,Y,A,01,0,0,1,0,0,0,0,0,0,"- ","- ",,,"LOS ANGELES",LANCASTER,-118.10387420654297,34.675041198730469
8735199,2018,2018-11-13,1942,2018-10-01,1440,39236,RD121,1,5,7,1942,0,0,0,,0,12A15,"WEST BL","52ND ST",0.00,,Y,A,-,N,,,,,,,,,,N,4,0,1,2,A,-,12,22450,,N,B,C,A,A,H,-,A,A,0,,,,,Y,Y,-,"- ",0,0,1,0,0,0,0,0,0,"- ","- ",,,"LOS ANGELES","LOS ANGELES",-118.33554077148438,33.994918823242188
8735407,2018,2018-11-19,1942,2018-10-25,2330,41978,2054,4,5,7,1942,0,0,0,,0,20T59,"W OLYMPIC BL","ARDMORE AV",130.00,W,N,A,-,N,,,,,,,,,,Y,3,0,1,2,A,-,01,23152,A,N,E,I,A,A,H,-,C,D,0,,,,,Y,Y,A,01,0,1,0,0,0,0,0,0,0,"- ","- ",,,"LOS ANGELES","LOS ANGELES",-118.30252075195312,34.052631378173828
8735492,2018,2018-11-20,1942,2018-11-02,2215,40876,2161,5,5,7,1942,0,0,0,,0,21A73,"CALVERT ST","ELBA PL",185.00,W,N,A,-,N,,,,,,,,,,Y,4,0,1,2,A,-,01,23152,A,N,A,C,A,A,H,-,C,D,0,,,,,Y,Y,A,01,0,0,1,0,0,0,0,0,0,"- ","- ",,,"LOS ANGELES","LOS ANGELES",-118.65058898925781,34.182270050048828
8735958,2019,2019-04-04,1900,2019-03-02,2225,615165,0621,6,5,6,1985,0,0,0,,0,62T1,"VALENCIA BL","MCBEAN PKWY",0.00,,Y,B,-,N,,,,,,,,,,Y,4,0,2,3,A,-,01,23152,A,N,D,C,A,B,H,-,C,A,0,,,,,Y,Y,A,07,0,0,2,0,0,0,0,0,0,"- ","- ",34.413200378417969,-118.56009674072266,"LOS ANGELES","SANTA CLARITA",-118.55998992919922,34.413261413574219
8738034,2018,2019-01-28,1942,2018-10-13,0230,42252,0647,6,5,7,1942,0,0,0,F,0,6A67,"HOLLYWOOD BL","RT 101",0.00,,Y,C,-,Y,LA,7,101,-,-,6.373,R,3,S,Y,3,0,1,1,A,-,03,22350,,N,E,I,A,B,-,-,C,D,0,,,,,Y,Y,A,01,0,1,0,0,0,0,0,0,0,"- ","- ",,,"LOS ANGELES","LOS ANGELES",-118.31558990478516,34.099758148193359
8738492,2018,2019-01-09,1900,2018-11-02,0815,606669,1021,5,5,5,1977,0,0,0,,0,164T,"CARSON ST","WILMINGTON AV",0.00,,Y,A,-,N,,,,,,,,,,Y,4,0,1,2,A,-,00,21352,A,N,D,C,A,A,H,-,A,D,0,,,,,Y,Y,A,01,0,0,1,0,0,0,0,0,0,"- ","- ",,,"LOS ANGELES",CARSON,-118.23959350585938,33.831680297851562
8738829,2018,2019-01-31,1942,2018-10-31,1905,41957,0811,3,5,7,1942,0,0,0,H,0,8A1,"PACIFIC COAST HWY","PORTO MARINA WY",17.00,S,N,A,-,Y,LA,7,1,-,-,39.630,H,-,S,N,2,0,1,2,A,-,11,21954,A,N,G,B,E,A,H,-,C,A,0,Y,,,,Y,Y,N,60,1,0,0,0,1,0,0,0,0,"- ","- ",,,"LOS ANGELES","LOS ANGELES",-118.56055450439453,34.040042877197266
8739268,2018,2019-01-17,1905,2018-11-22,0930,1179,436,4,5,4,1905,0,0,0,,0,001,"VINCENT AV","LAXFORD DR",132.00,N,N,A,-,N,,,,,,,,,,Y,3,0,1,1,A,-,01,23152,A,N,F,I,A,A,H,-,A,A,0,,,,,Y,Y,D,22,0,1,0,0,0,0,0,0,0,"- ","- ",,,"LOS ANGELES",AZUSA,-117.92534637451172,34.109691619873047
8739468,2018,2019-01-17,1941,2018-11-16,1917,10221,,5,5,7,1941,0,0,0,,0,,"ATLANTIC AV","52ND ST",0.00,,Y,A,-,N,,,,,,,,,,N,4,0,2,3,D,-,00,,,N,G,B,B,A,H,-,C,A,0,Y,,,,Y,Y,-,"- ",0,0,2,0,2,0,0,0,0,"- ","- ",,,"LOS ANGELES","LONG BEACH",-118.18496704101562,33.850490570068359
8739775,2018,2018-11-26,1933,2018-10-10,1630,925,25,3,5,6,1933,0,0,0,,0,002,"CENTURY BL","MYRTLE AV",168.00,E,N,A,-,Y,,,,,,,,,,N,4,0,1,2,A,-,03,22350,,F,G,B,F,A,H,-,A,A,0,Y,,,,Y,Y,A,01,0,0,1,0,1,0,0,0,0,"- ","- ",33.944999694824219,-118.34909820556641,"LOS ANGELES",INGLEWOOD,-118.34864044189453,33.945449829101562
8739946,2018,2018-11-29,1933,2018-10-25,1915,959,3,4,5,6,1933,0,0,0,,0,001,"PARK AV","BRETT ST",185.00,N,N,B,-,N,,,,,,,,,,N,4,0,1,2,A,-,01,23152,A,N,A,E,A,A,H,-,C,A,0,,,,,Y,Y,A,01,0,0,1,0,0,0,0,0,0,"- ","- ",33.978260040283203,-118.34475708007812,"LOS ANGELES",INGLEWOOD,-118.34508514404297,33.978649139404297
8739950,2018,2019-01-12,1933,2018-08-18,1758,1014,14,6,5,6,1933,0,0,0,,0,002,"AVIATION BL","HILLCREST BL",600.00,S,N,A,-,N,,,,,,,,,,Y,2,0,1,2,A,-,08,22107,,N,D,C,A,A,H,-,A,A,0,,,Y,,Y,Y,I,11,1,0,0,0,0,0,0,0,1,"- ","- ",33.956390380859375,-118.37699890136719,"LOS ANGELES",INGLEWOOD,-118.37705993652344,33.954605102539062
8740093,2018,2018-12-12,1953,2018-10-07,1900,7999,PASAD,7,5,6,1953,0,0,0,,0,004,"SAN GABRIEL BL","CALIFORNIA BL",0.00,,Y,A,-,N,,,,,,,,,,Y,3,0,2,2,A,-,09,21801,A,N,D,C,A,A,H,-,C,A,0,,,,,Y,Y,A,01,0,1,1,0,0,0,0,0,0,"- ","- ",,,"LOS ANGELES",PASADENA,-118.0943603515625,34.135749816894531
8740773,2018,2018-11-19,1942,2018-10-28,0750,34959,1446,7,5,7,1942,0,0,0,N,0,14A49,"PACIFIC AV","GRAND VIEW BL",60.00,W,N,E,-,N,,,,,,,,,,N,4,0,1,2,A,-,10,21954,B,F,G,B,E,A,G,-,A,D,0,Y,,,,Y,Y,-,99,0,0,1,0,1,0,0,0,0,"- ","- ",,,"LOS ANGELES","LOS ANGELES",-118.43067932128906,34.003879547119141
8741126,2018,2019-02-01,1941,2018-11-04,1852,11265,,7,5,7,1941,0,0,0,,0,901CPD,"PACIFIC COAST HWY","GOLDEN AV",0.00,,Y,A,-,Y,LA,7,1,-,-,7.010,H,-,N,Y,3,0,1,3,A,-,01,23152,A,M,C,C,A,A,H,-,C,A,0,,,,,Y,Y,A,,0,1,0,0,0,0,0,0,0,"- ","- ",,,"LOS ANGELES","LONG BEACH",-118.20222473144531,33.789981842041016
8741778,2018,2019-01-22,1900,2018-11-06,2229,61485,2619,2,5,6,1950,0,0,0,,0,262T1,"RANCHO VISTA BL","RT 14",0.00,,Y,A,-,Y,LA,7,14,-,-,61.208,R,4,N,Y,4,0,1,3,A,-,01,23152,A,N,C,C,A,A,H,-,C,A,0,,,,,Y,Y,A,01,0,0,1,0,0,0,0,0,0,"- ",NF,34.601699829101562,-118.14189910888672,"LOS ANGELES",PALMDALE,-118.13790893554688,34.598342895507812
8741794,2018,2018-12-03,1900,2018-11-08,2206,601485,2612,4,5,6,1950,0,0,0,,0,262T1,"SPRING PARK LN","CRESTRIDGE WY",52.00,N,N,A,-,N,,,,,,,,,,Y,3,0,1,2,A,-,08,22107,,N,G,E,A,A,H,-,C,D,0,,,,,Y,Y,A,01,0,1,0,0,0,0,0,0,0,"- ","- ",34.613998413085938,-118.19490051269531,"LOS ANGELES",PALMDALE,-118.19486236572266,34.614025115966797
8742626,2018,2019-01-29,1942,2018-11-13,2105,34499,1039,2,5,7,1942,0,0,0,J,0,10A39,"GLORIA AV","VANOWEN ST",530.00,S,N,A,-,N,,,,,,,,,,Y,4,0,1,3,A,-,03,22350,,F,-,E,A,A,H,-,C,D,0,,,,,Y,Y,D,22,0,0,1,0,0,0,0,0,0,"- ","- ",,,"LOS ANGELES","LOS ANGELES",-118.47931671142578,34.192455291748047
8742801,2018,2018-12-28,1942,2018-11-14,1820,39291,1712,3,5,7,1942,0,0,0,Q,0,17X96,"PORTER VALLEY DR","PINE VALLEY AV",62.00,S,N,A,-,N,,,,,,,,,,Y,3,0,1,2,A,-,01,23152,A,N,C,E,A,A,H,-,C,A,0,,,,,Y,Y,A,01,0,1,0,0,0,0,0,0,0,"- ","- ",,,"LOS ANGELES","LOS ANGELES",-118.55413818359375,34.284702301025391
8742809,2018,2018-12-28,1942,2018-11-17,0345,32372,1793,6,5,7,1942,0,0,0,Q,0,17A67,"ROSCOE BL","TAMPA AV",0.00,,Y,A,-,N,,,,,,,,,,N,4,0,1,2,A,-,01,23152,A,N,D,C,A,A,H,-,C,A,0,,,,,Y,Y,A,01,0,0,1,0,0,0,0,0,0,"- ","- ",,,"LOS ANGELES","LOS ANGELES",-118.55351257324219,34.220481872558594
8742880,2018,2018-11-29,1942,2018-11-08,1755,42780,0565,4,5,7,1942,0,0,0,E,0,5A58,"WEST TEMPLE AV","S GAFFEY ST",0.00,,Y,A,-,N,,,,,,,,,,N,4,0,1,2,D,-,00,,,N,G,B,B,A,H,-,C,A,0,Y,,,,Y,Y,-,"- ",0,0,1,0,1,0,0,0,0,"- ","- ",,,"LOS ANGELES","LOS ANGELES",,
8742955,2018,2018-11-29,1942,2018-10-25,2230,33452,0246,4,5,7,1942,0,0,0,B,0,2A56,"W 6TH ST","BONNIE BRAE ST",80.00,E,N,A,-,N,,,,,,,,,,N,4,0,1,2,A,-,11,21955,,N,G,B,D,A,H,-,C,D,0,Y,,,,Y,Y,N,60,0,0,1,0,1,0,0,0,0,"- ","- ",,,"LOS ANGELES","LOS ANGELES",-118.27232360839844,34.058418273925781
8742959,2018,2018-11-28,1942,2018-10-29,2349,38233,0239,1,5,7,1942,0,0,0,B,0,2A39,"TEMPLE ST","VICTOR ST",65.00,W,N,A,-,N,,,,,,,,,,N,3,0,1,2,A,-,07,21658,A,N,D,G,A,A,H,-,C,A,0,,Y,,,Y,Y,L,04,0,1,0,0,0,0,1,0,0,"- ","- ",,,"LOS ANGELES","LOS ANGELES",-118.25218963623047,34.064258575439453
8743111,2018,2019-01-08,1942,2018-11-11,0310,43215,1506,7,5,7,1942,0,0,0,O,0,15A3,"VALARIO ST","BAKMAN AV",50.00,W,N,A,-,N,,,,,,,,,,N,4,0,1,2,A,-,03,22350,,M,C,C,A,A,H,-,C,A,0,,,,,Y,Y,-,99,0,0,1,0,0,0,0,0,0,"- ","- ",,,"LOS ANGELES","LOS ANGELES",-118.37807464599609,34.204826354980469
8745203,2018,2018-11-29,1942,2018-09-05,2215,39655,1445,3,5,7,1942,0,0,0,N,0,14A45,"VENICE BL","BEETHOVEN ST",66.00,W,N,A,-,N,,,,,,,,,,Y,3,0,1,3,A,-,01,23152,A,N,C,C,A,A,H,-,C,A,0,,,,Y,Y,Y,A,01,0,1,0,0,0,0,0,0,0,"- ","- ",,,"LOS ANGELES","LOS ANGELES",-118.44149780273438,33.999778747558594
8745361,2018,2018-11-29,1942,2018-10-19,0710,32758,0506,5,5,7,1942,0,0,0,E,0,5A1,"NORMANDIE AV","CARSON ST",35.00,N,N,A,-,N,,,,,,,,,,Y,2,0,1,2,A,-,03,22350,A,N,C,C,A,A,H,-,A,A,0,,,,,Y,Y,A,01,1,0,0,0,0,0,0,0,0,"- ","- ",,,"LOS ANGELES","LOS ANGELES",-118.29958343505859,33.831645965576172
8745717,2018,2019-01-17,1942,2018-11-14,1920,38183,2177,3,5,7,1942,0,0,0,,0,21A97,"CANOGA AV","CALIFA ST",173.00,S,N,A,-,N,,,,,,,,,,Y,3,0,1,1,A,-,01,23152,A,N,E,I,A,A,H,-,C,D,0,,,,,Y,Y,A,01,0,1,0,0,0,0,0,0,0,"- ","- ",,,"LOS ANGELES","LOS ANGELES",-118.59751892089844,34.176776885986328
8745817,2018,2018-11-28,1942,2018-09-21,1520,43464,0831,5,5,7,1942,0,0,0,H,0,8A12,"SAN VICENTE",BUNDY,0.00,,Y,A,-,N,,,,,,,,,,Y,4,0,1,1,A,-,00,21352,A,N,E,C,A,A,H,-,A,A,0,,,,,Y,Y,A,01,0,0,1,0,0,0,0,0,0,"- ","- ",,,"LOS ANGELES","LOS ANGELES",-118.47451019287109,34.05194091796875
8746788,2018,2019-01-24,1929,2018-11-18,0236,10203,SOUTH,7,5,3,1929,0,0,0,,0,001,"PIER AV","VALLEY DR",0.00,,Y,A,-,N,,,,,,,,,,N,3,0,1,3,A,-,10,21950,A,N,G,B,B,A,H,-,C,A,0,Y,,,,Y,Y,A,07,0,1,0,0,1,0,0,0,0,"- ","- ",,,"LOS ANGELES","HERMOSA BEACH",-118.39549255371094,33.864570617675781
8747169,2018,2018-12-24,1922,2018-11-18,2256,607,,7,5,6,1922,0,0,0,,0,,"COGSWELL RD","LOWER AZUSA RD",0.00,,Y,A,-,N,,,,,,,,,,Y,4,0,1,2,A,-,01,23153,A,N,C,C,A,A,H,-,C,A,0,,,,,Y,Y,A,01,0,0,1,0,0,0,0,0,0,"- ","- ",34.087898254394531,-118.006591796875,"LOS ANGELES","EL MONTE",-118.00655364990234,34.087871551513672
8747622,2018,2019-01-26,1925,2018-11-17,1623,27527,108,6,5,6,1925,0,0,0,,0,005,"FOOTHILL BL","LOWELL AV",280.00,E,N,A,-,N,,,,,,,,,,Y,3,0,1,1,A,-,01,23152,A,N,F,I,A,A,H,-,A,D,0,,,,,Y,Y,A,01,0,1,0,0,0,0,0,0,0,"- ","- ",,,"LOS ANGELES",GLENDALE,-118.26533508300781,34.239913940429688
8748963,2018,2018-12-13,1905,2018-10-26,1650,2019,445,5,5,4,1905,0,0,0,,0,001,"E ARROW HWY","CITRUS AV",200.00,E,N,A,-,N,,,,,,,,,,Y,3,0,1,3,A,-,01,23152,A,N,B,E,A,A,H,-,A,D,0,,,,,Y,Y,A,01,0,1,0,0,0,0,0,0,0,"- ","- ",,,"LOS ANGELES",AZUSA,-117.88961029052734,34.106800079345703