CASE_ID,ACCIDENT_YEAR,PROC_DATE,JURIS,COLLISION_DATE,COLLISION_TIME,OFFICER_ID,REPORTING_DISTRICT,DAY_OF_WEEK,CHP_SHIFT,POPULATION,CNTY_CITY_LOC,SPECIAL_COND,BEAT_TYPE,CHP_BEAT_TYPE,CITY_DIVISION_LAPD,CHP_BEAT_CLASS,BEAT_NUMBER,PRIMARY_RD,SECONDARY_RD,DISTANCE,DIRECTION,INTERSECTION,WEATHER_1,WEATHER_2,STATE_HWY_IND,CALTRANS_COUNTY,CALTRANS_DISTRICT,STATE_ROUTE,ROUTE_SUFFIX,POSTMILE_PREFIX,POSTMILE,LOCATION_TYPE,RAMP_INTERSECTION,SIDE_OF_HWY,TOW_AWAY,COLLISION_SEVERITY,NUMBER_KILLED,NUMBER_INJURED,PARTY_COUNT,PRIMARY_COLL_FACTOR,PCF_CODE_OF_VIOL,PCF_VIOL_CATEGORY,PCF_VIOLATION,PCF_VIOL_SUBSECTION,HIT_AND_RUN,TYPE_OF_COLLISION,MVIW,PED_ACTION,ROAD_SURFACE,ROAD_COND_1,ROAD_COND_2,LIGHTING,CONTROL_DEVICE,CHP_ROAD_TYPE,PEDESTRIAN_ACCIDENT,BICYCLE_ACCIDENT,MOTORCYCLE_ACCIDENT,TRUCK_ACCIDENT,NOT_PRIVATE_PROPERTY,ALCOHOL_INVOLVED,STWD_VEHTYPE_AT_FAULT,CHP_VEHTYPE_AT_FAULT,COUNT_SEVERE_INJ,COUNT_VISIBLE_INJ,COUNT_COMPLAINT_PAIN,COUNT_PED_KILLED,COUNT_PED_INJURED,COUNT_BICYCLIST_KILLED,COUNT_BICYCLIST_INJURED,COUNT_MC_KILLED,COUNT_MC_INJURED,PRIMARY_RAMP,SECONDARY_RAMP,LATITUDE,LONGITUDE,COUNTY,CITY,POINT_X,POINT_Y
8810494,2018,2019-03-08,1924,2018-02-20,0110,114642,11,2,5,5,1924,0,0,0,,0,8T3,"EL SEGUNDO BL","VERMONT AV",25.00,W,N,A,-,N,,,,,,,,,,Y,4,0,1,2,A,-,01,23152,A,N,C,C,A,A,H,-,C,A,0,,,,,Y,Y,A,07,0,0,1,0,0,0,0,0,0,"- ","- ",33.866371154785156,-118.29176330566406,"LOS ANGELES",GARDENA,-118.29192352294922,33.916419982910156
8810558,2018,2019-03-11,1924,2018-02-25,0416,115299,G24,7,5,5,1924,0,0,0,,0,0G4,"WESTERN AV","146TH ST",0.00,,Y,A,-,N,,,,,,,,,,Y,4,0,1,2,A,-,01,23152,A,N,D,C,A,A,H,-,C,D,0,,,,,Y,Y,A,01,0,0,1,0,0,0,0,0,0,"- ","- ",33.898998260498047,-118.30915069580078,"LOS ANGELES",GARDENA,-118.30915832519531,33.898998260498047
8811013,2019,2019-03-13,1955,2019-02-23,0211,42424,58,6,5,6,1955,0,0,0,,0,001,"TEMPLE AV","RT 57",0.00,,Y,A,-,N,,,,,,,,,,Y,2,0,1,2,A,-,01,23153,A,N,D,C,A,A,H,-,C,A,0,,,,,Y,Y,A,07,1,0,0,0,0,0,0,0,0,"- ",SF,,,"LOS ANGELES",POMONA,-117.80098724365234,34.043521881103516
8811505,2019,2019-08-22,1942,2019-02-27,2355,43295,1918,3,5,7,1942,0,0,0,,0,19A79,"HUBBARD ST","RT 210",0.00,,Y,C,-,Y,LA,7,210,-,R,3.949,R,4,W,Y,4,0,2,2,A,-,12,21453,A,F,D,C,A,B,H,-,C,A,0,,,,,Y,Y,-,99,0,0,2,0,0,0,0,0,0,"- ","- ",,,"LOS ANGELES","LOS ANGELES",-118.43129730224609,34.310043334960938
8812258,2019,2019-02-28,1942,2019-01-17,1800,42328,2076,4,5,7,1942,0,0,0,,0,20A1,"VENICE BL","CATALINA ST",200.00,E,N,A,-,N,,,,,,,,,,N,4,0,1,2,A,-,11,21954,A,N,G,B,E,A,H,-,C,D,0,Y,,,,Y,Y,N,60,0,0,1,0,1,0,0,0,0,"- ","- ",,,"LOS ANGELES","LOS ANGELES",-118.29366302490234,34.04425048828125
8812337,2019,2019-03-04,1942,2019-02-11,0005,42935,2001,1,5,7,1942,0,0,0,,0,20A1,"VAN NESS",MELROSE,100.00,S,N,A,-,N,,,,,,,,,,N,4,0,1,2,A,-,11,21955,,N,G,B,D,A,H,-,C,D,0,Y,,,,Y,Y,N,60,0,0,1,0,1,0,0,0,0,"- ","- ",,,"LOS ANGELES","LOS ANGELES",-118.31570434570312,34.083236694335938
8812570,2019,2019-03-22,1942,2019-03-04,2144,39402,1021,1,5,7,1942,0,0,0,J,0,10X94,"TAMPA AV","VANOWEN ST",100.00,N,N,A,-,N,,,,,,,,,,N,4,0,1,2,A,-,01,23152,A,M,C,C,A,A,H,-,C,A,0,,,,,Y,Y,A,01,0,0,1,0,0,0,0,0,0,"- ","- ",,,"LOS ANGELES","LOS ANGELES",-118.55345153808594,34.194103240966797
8812950,2019,2019-03-13,1928,2019-02-26,2300,386,506,2,5,5,1928,0,0,0,,0,501,"118TH PL","INGLEWOOD AV",0.00,,Y,A,-,N,,,,,,,,,,Y,2,0,1,2,A,-,01,23152,A,N,E,E,A,A,H,-,C,D,0,,,,,Y,Y,A,08,1,0,0,0,0,0,0,0,0,"- ","- ",33.926429748535156,-118.36134338378906,"LOS ANGELES",HAWTHORNE,-118.36132049560547,33.926361083984375
8813174,2019,2019-03-11,1900,2019-02-24,1149,510899,2607,7,5,6,1950,0,0,0,,0,264T1,"LUPINE ST","AVENUE R-4",0.00,,Y,A,-,N,,,,,,,,,,N,3,0,1,2,A,-,01,23152,A,N,E,E,A,A,H,-,A,D,0,,,,,Y,Y,A,01,0,1,0,0,0,0,0,0,0,"- ","- ",34.568870544433594,-118.03861236572266,"LOS ANGELES",PALMDALE,-118.03864288330078,34.568950653076172
8813388,2019,2019-03-08,1920,2019-02-09,0235,12645,,6,5,6,1920,0,0,0,,0,,"IMPERIAL HWY","BELLFLOWER BL",325.00,W,N,A,-,N,,,,,,,,,,N,3,0,1,1,A,-,01,23152,A,N,E,I,A,A,H,-,C,D,0,,,,,Y,Y,A,01,0,1,0,0,0,0,0,0,0,"- ","- ",,,"LOS ANGELES",DOWNEY,-118.12648773193359,33.917018890380859
8813433,2019,2019-03-20,1942,2019-02-22,2120,37770,0769,5,5,7,1942,0,0,0,G,0,8T3,"15TH ST","ARLINGTON AV",58.00,W,N,A,-,N,,,,,,,,,,Y,4,0,1,2,A,-,01,23152,A,N,A,E,A,A,H,-,C,A,0,,,,,Y,Y,A,01,0,0,1,0,0,0,0,0,0,"- ","- ",,,"LOS ANGELES","LOS ANGELES",-118.31792449951172,34.045436859130859
8814300,2019,2019-03-18,1942,2019-02-08,2250,41629,1177,5,5,7,1942,0,0,0,K,0,11A89,"JEFFRIES AV","AVENUE 28",0.00,,Y,A,-,N,,,,,,,,,,Y,4,0,2,2,A,-,01,23152,,N,D,C,A,A,H,-,C,D,0,,,,,Y,Y,A,01,0,0,2,0,0,0,0,0,0,"- ","- ",,,"LOS ANGELES","LOS ANGELES",-118.22281646728516,34.086238861083984
8814990,2019,2019-03-14,1942,2019-02-17,0240,39062,1333,7,5,7,1942,0,0,0,M,0,13A43,"S CENTRAL AV","33RD ST",212.00,N,N,A,-,N,,,,,,,,,,Y,2,0,7,7,A,-,01,23152,A,F,B,E,A,A,H,-,C,D,0,,,,,Y,Y,A,01,1,4,2,0,0,0,0,0,0,"- ","- ",,,"LOS ANGELES","LOS ANGELES",-118.25653076171875,34.014400482177734
8816042,2019,2019-03-26,1942,2019-02-21,2120,40972,1527,4,5,7,1942,0,0,0,O,0,15A27,"IRVINE AV","KITTRIDGE ST",19.00,S,N,A,-,N,,,,,,,,,,Y,3,0,1,1,A,-,01,23152,A,N,E,-,A,A,H,-,C,A,0,,,,,Y,Y,A,01,0,1,0,0,0,0,0,0,0,"- ","- ",,,"LOS ANGELES","LOS ANGELES",-118.38555908203125,34.19024658203125
8818247,2019,2019-03-21,1942,2019-03-02,1300,4065,1514,6,5,7,1942,0,0,0,O,0,15A3,"VANOWEN ST","LAUREL CANYON BL",0.00,,Y,B,-,N,,,,,,,,,,N,3,0,1,2,A,-,10,21950,A,F,G,B,B,B,H,-,A,A,0,Y,,,,Y,Y,-,99,0,1,0,0,1,0,0,0,0,"- ","- ",,,"LOS ANGELES","LOS ANGELES",-118.39652252197266,34.193950653076172
8818273,2019,2019-03-21,1900,2019-02-15,2210,56436,0532,5,5,5,1959,0,0,0,,0,52T1,"GARVEY AV","LINDY AV",50.00,W,N,A,-,N,,,,,,,,,,N,3,0,1,2,A,-,11,21954,A,F,G,B,D,A,H,-,C,D,0,Y,,,,Y,Y,N,60,0,1,0,0,1,0,0,0,0,"- ","- ",,,"LOS ANGELES",ROSEMEAD,-118.10606384277344,34.06256103515625
8818283,2019,2019-03-21,1942,2019-03-05,1900,40972,1017,2,5,7,1942,0,0,0,J,0,10A17,"LOUISE AV","SATICOY ST",162.00,S,N,C,-,N,,,,,,,,,,N,3,0,1,3,A,-,03,22350,,F,G,-,F,B,H,-,C,D,0,Y,,,,Y,Y,-,99,0,1,0,0,1,0,0,0,0,"- ","- ",,,"LOS ANGELES","LOS ANGELES",-118.50984954833984,34.207965850830078
8818286,2019,2019-03-22,1941,2019-03-09,0114,11107,,6,5,7,1941,0,0,0,,0,,"LAKEWOOD BL","POLE XE 1208",51.00,S,N,A,-,N,,,,,,,,,,Y,4,0,1,1,A,-,08,22107,,N,E,I,A,A,H,-,C,D,0,,,,,Y,Y,A,,0,0,1,0,0,0,0,0,0,"- ","- ",,,"LOS ANGELES","LONG BEACH",,
8819915,2018,2019-04-03,1942,2018-08-25,0625,43384,1203,6,5,7,1942,0,0,0,L,0,12A73,"VERNON AV","WESTERN AV",0.00,,Y,B,-,N,,,,,,,,,,N,4,0,1,2,A,-,09,21801,A,N,C,C,A,A,H,-,A,A,0,,,,,Y,Y,A,01,0,0,1,0,0,0,0,0,0,"- ","- ",,,"LOS ANGELES","LOS ANGELES",-118.30892944335938,34.003719329833984
8819925,2018,2019-03-22,1924,2018-03-15,2215,115299,G26,4,5,5,1924,0,0,0,,0,8T2,"BUDLONG AV","144TH ST",0.00,,Y,A,-,N,,,,,,,,,,Y,4,0,3,2,A,-,01,23152,A,N,D,C,A,A,H,-,C,D,0,,,,,Y,Y,D,22,0,0,3,0,0,0,0,0,0,"- ","- ",33.901378631591797,-118.29605102539062,"LOS ANGELES",GARDENA,-118.29608917236328,33.901359558105469
8820484,2019,2019-04-03,1942,2019-03-18,1945,42780,1802,1,5,7,1942,0,0,0,R,0,18A63,"92ND ST","MAIN ST",100.00,W,N,A,-,N,,,,,,,,,,N,4,0,1,2,A,-,03,22350,A,F,C,C,A,A,H,-,C,D,0,,,,,Y,Y,-,99,0,0,1,0,0,0,0,0,0,"- ","- ",,,"LOS ANGELES","LOS ANGELES",-118.27421569824219,33.952831268310547
8820488,2019,2019-04-15,1942,2019-03-18,0250,43209,1821,1,5,7,1942,0,0,0,R,0,18X95,CENTURY,VERMONT,503.00,E,N,A,-,N,,,,,,,,,,Y,3,0,1,2,A,-,03,22350,,N,C,E,A,A,H,-,C,A,0,,,,,Y,Y,A,07,0,1,0,0,0,0,0,0,0,"- ","- ",,,"LOS ANGELES","LOS ANGELES",-118.28995513916016,33.94549560546875
8821558,2019,2019-03-25,1942,2019-02-15,1630,42040,0237,5,5,7,1942,0,0,0,B,0,2A39,"W 3RD ST","COLUMBIA AV",0.00,,Y,C,-,N,,,,,,,,,,N,4,0,1,2,A,-,07,21658,A,N,B,C,A,B,H,-,A,A,0,,,,,Y,Y,-,"- ",0,0,1,0,0,0,0,0,0,"- ","- ",,,"LOS ANGELES","LOS ANGELES",-118.26441192626953,34.059440612792969
8821993,2019,2019-03-26,1942,2019-03-13,0030,40972,1795,3,5,7,1942,0,0,0,Q,0,17A95,"ROSCOE BL","AMESTOY AV",301.00,E,N,A,-,N,,,,,,,,,,Y,3,0,1,4,A,-,01,23152,A,N,D,-,A,A,H,-,C,A,0,,,,,Y,Y,A,01,0,1,0,0,0,0,0,0,0,"- ","- ",,,"LOS ANGELES","LOS ANGELES",-118.50453948974609,34.221347808837891
8822888,2019,2019-03-28,1942,2019-03-05,1750,39397,1251,2,5,7,1942,0,0,0,L,0,25T25,"FLORENCE AV","VICTORIA AV",0.00,,Y,A,-,N,,,,,,,,,,N,4,0,2,2,A,-,09,21802,A,N,B,C,A,A,H,-,A,A,0,,,,,Y,Y,A,01,0,0,2,0,0,0,0,0,0,"- ","- ",,,"LOS ANGELES","LOS ANGELES",-118.33299255371094,33.974521636962891
8823404,2019,2019-03-21,1924,2019-02-06,2231,80431,45,3,5,5,1924,0,0,0,,0,8T3,"NORMANDIE AV","182ND ST",0.00,,Y,A,-,N,,,,,,,,,,Y,4,0,3,2,A,-,01,23152,A,N,D,C,A,A,H,-,C,A,0,,,,,Y,Y,A,01,0,0,3,0,0,0,0,0,0,"- ","- ",33.865001678466797,-118.29900360107422,"LOS ANGELES",GARDENA,-118.29923248291016,33.865871429443359
8824341,2019,2019-03-26,1942,2019-03-03,1845,36504,0755,7,5,7,1942,0,0,0,G,0,7A53,"W PICO BL","COCHRAN AV",250.00,E,N,A,-,N,,,,,,,,,,Y,3,0,1,2,A,-,01,23152,A,N,B,E,A,A,H,-,C,A,0,,,,,Y,Y,A,07,0,1,0,0,0,0,0,0,0,"- ","- ",,,"LOS ANGELES","LOS ANGELES",-118.35183715820312,34.048183441162109
8824390,2019,2019-03-22,1942,2019-03-04,2200,41054,1497,1,5,7,1942,0,0,0,N,0,14A67,"W 104TH ST","AVIATION BL",0.00,,Y,A,-,N,,,,,,,,,,Y,3,0,1,2,A,-,01,23152,A,N,D,C,A,A,H,-,C,A,0,,,,,Y,Y,A,07,0,1,0,0,0,0,0,0,0,"- ","- ",,,"LOS ANGELES","LOS ANGELES",-118.37890625,33.942218780517578
8824719,2019,2019-03-26,1942,2019-03-10,0135,41054,0667,7,5,7,1942,0,0,0,F,0,6A67,"FOUNTAIN AV","N GOWER ST",0.00,,Y,A,-,N,,,,,,,,,,Y,3,0,1,4,A,-,01,23152,A,N,D,C,A,A,H,-,C,A,0,,,,,Y,Y,A,01,0,1,0,0,0,0,0,0,0,"- ","- ",,,"LOS ANGELES","LOS ANGELES",-118.32228851318359,34.094379425048828
8826953,2019,2019-04-09,1942,2019-03-06,1700,37304,1707,3,5,7,1942,0,0,0,Q,0,17A35,"BALBOA BL","WOODLEY AV",0.00,,Y,A,-,N,,,,,,,,,,N,3,0,1,2,A,-,09,21801,A,N,A,C,A,A,H,-,B,A,0,,,,,Y,Y,D,22,0,1,0,0,0,0,0,0,0,"- ","- ",,,"LOS ANGELES","LOS ANGELES",-118.50102233886719,34.303520202636719
8827273,2019,2019-03-28,1941,2019-03-08,2244,11253,,5,5,7,1941,0,0,0,,0,,"ATLANTIC AV","15TH ST",0.00,,Y,A,-,N,,,,,,,,,,N,2,0,2,2,A,-,12,21453,A,N,D,G,A,A,H,-,C,A,0,,Y,,,Y,Y,-,,1,1,0,0,0,0,1,0,0,"- ","- ",,,"LOS ANGELES","LONG BEACH",-118.18504333496094,33.785781860351562
8828194,2019,2019-04-10,1900,2019-02-15,2134,625459,1363,5,5,5,1952,0,0,0,,0,136T1,"SOMERSET BL","SAN JOSE AV",267.00,W,N,B,-,N,,,,,,,,,,Y,4,0,1,1,A,-,01,23152,A,N,A,I,A,B,H,-,C,D,0,,,,,Y,Y,A,01,0,0,1,0,0,0,0,0,0,"- ","- ",,,"LOS ANGELES",PARAMOUNT,-118.18270874023438,33.89630126953125
8828373,2019,2019-04-05,1942,2019-03-16,0225,42042,2088,6,5,7,1942,0,0,0,,0,20A71,"VERMONT AV","VENICE BL",0.00,,Y,A,-,N,,,,,,,,,,Y,4,0,2,2,A,-,01,23152,A,N,D,C,A,A,H,-,C,A,0,,,,,Y,Y,A,01,0,0,2,0,0,0,0,0,0,"- ","- ",,,"LOS ANGELES","LOS ANGELES",-118.29160308837891,34.044261932373047
8829576,2019,2019-05-21,1942,2019-03-17,0135,33223,1569,7,5,7,1942,0,0,0,O,0,15A67,"W CAHUENGA BL","RT 134",30.00,N,N,A,-,Y,LA,7,134,-,-,0.561,R,4,E,Y,3,0,3,2,A,-,01,23152,,N,C,C,A,A,H,-,C,A,0,,,,,Y,Y,A,01,0,1,2,0,0,0,0,0,0,"- ",EF,,,"LOS ANGELES","LOS ANGELES",-118.36665344238281,34.153083801269531
8830000,2019,2019-03-29,1942,2019-03-12,1830,43569,1645,2,5,7,1942,0,0,0,P,0,16A89,"OSBORNE ST","OSBORNE PL",50.00,W,N,A,-,N,,,,,,,,,,Y,3,0,3,2,A,-,09,21802,A,N,D,C,A,A,-,-,A,D,0,,,,,Y,Y,-,"- ",0,1,2,0,0,0,0,0,0,"- ","- ",,,"LOS ANGELES","LOS ANGELES",-118.40387725830078,34.258323669433594
8830386,2019,2019-04-19,1942,2019-02-14,0600,42860,0745,4,5,7,1942,0,0,0,G,0,7A69,"OLYMPIC BL","HAUSER BL",0.00,,Y,C,-,N,,,,,,,,,,N,4,0,1,2,A,-,03,22350,,F,C,C,A,-,H,-,A,A,0,,,,,Y,Y,-,99,0,0,1,0,0,0,0,0,0,"- ","- ",,,"LOS ANGELES","LOS ANGELES",-118.35356140136719,34.057411193847656
8830391,2019,2019-03-28,1942,2019-02-05,0845,32973,1307,2,5,7,1942,0,0,0,M,0,13A9,"E 8TH ST","SAN PEDRO ST",180.00,E,N,B,C,N,,,,,,,,,,N,3,0,1,2,A,-,17,21200,,N,A,G,A,B,H,-,A,D,0,,Y,,,Y,Y,L,04,0,1,0,0,0,0,1,0,0,"- ","- ",,,"LOS ANGELES","LOS ANGELES",-118.24871063232422,34.038101196289062
8833489,2019,2019-04-09,1942,2019-03-21,2240,32774,2157,4,5,7,1942,0,0,0,,0,21A57,"VANOWEN ST","INDEPENDENCE AV",57.00,W,N,A,-,N,,,,,,,,,,N,3,0,1,2,A,-,11,21954,A,N,G,B,D,A,H,-,D,D,0,Y,,,,Y,Y,N,60,0,1,0,0,1,0,0,0,0,"- ","- ",,,"LOS ANGELES","LOS ANGELES",-118.59078979492188,34.193771362304688
8833621,2019,2019-04-15,1942,2019-03-22,0515,43176,0815,5,5,7,1942,0,0,0,H,0,8A59,"SEPULVEDA BL","MONTANA AV",0.00,,Y,A,-,N,,,,,,,,,,N,3,0,1,2,A,-,10,21950,A,N,G,B,B,A,H,-,C,A,0,Y,,,,Y,Y,D,22,0,1,0,0,1,0,0,0,0,"- ","- ",,,"LOS ANGELES","LOS ANGELES",-118.46125030517578,34.067279815673828
8834125,2019,2019-05-01,1942,2019-03-31,1545,37900,0678,7,5,7,1942,0,0,0,F,0,6A77,"N WESTERN AV","ROMAINE AV",50.00,N,N,A,-,N,,,,,,,,,,N,3,0,1,2,A,-,"- ",,,N,G,B,F,A,H,-,A,D,0,Y,,,,Y,Y,N,60,0,1,0,0,1,0,0,0,0,"- ","- ",,,"LOS ANGELES","LOS ANGELES",-118.30915832519531,34.088626861572266
8836152,2019,2019-04-11,1942,2019-02-19,1005,39938,0422,2,5,7,1942,0,0,0,D,0,4A15,BROADWAY,"EASTLAKE AV",0.00,,N,A,-,N,,,,,,,,,,Y,4,0,1,3,A,-,05,21650,,N,B,C,A,A,H,-,A,A,0,,,,,Y,Y,A,01,0,0,1,0,0,0,0,0,0,"- ","- ",,,"LOS ANGELES","LOS ANGELES",-118.20783996582031,34.073749542236328
8837005,2019,2019-05-01,1942,2019-03-13,1240,42993,LOSAN,3,5,7,1942,0,0,0,,0,10X1,"HAMLIN ST","HAMLIN ST 17546",0.00,,N,A,-,N,,,,,,,,,,N,4,0,1,2,C,-,18,,,N,G,A,A,A,H,-,A,D,0,,Y,,,Y,Y,-,"- ",0,0,1,0,0,0,1,0,0,"- ","- ",,,"LOS ANGELES","LOS ANGELES",-118.515923,34.188504000000002
8837445,2019,2019-05-10,1941,2019-04-07,1255,5277,,7,5,7,1941,0,0,0,,0,,"DEL AMO BL","SUSANA RD",190.00,E,N,A,-,N,,,,,,,,,,Y,3,0,1,2,A,-,00,21568,A,N,B,C,A,A,H,-,A,D,0,,,,,Y,Y,A,,0,1,0,0,0,0,0,0,0,"- ","- ",,,"LOS ANGELES","LONG BEACH",-118.2061767578125,33.846569061279297
8837764,2019,2019-04-29,1942,2019-04-01,2130,41129,1232,1,5,7,1942,0,0,0,L,0,12A31,"60TH ST","CRENSHAW BL",20.00,S,N,A,-,N,,,,,,,,,,Y,4,0,2,2,A,-,09,21801,A,N,D,C,A,A,H,-,C,A,0,,,,,Y,Y,J,48,0,0,2,0,0,0,0,0,0,"- ","- ",,,"LOS ANGELES","LOS ANGELES",-118.33087158203125,33.985401153564453
8837960,2019,2019-04-22,1942,2019-03-30,2205,41274,1663,6,5,7,1942,0,0,0,P,0,16A77,"SAN FERNANDO RD","BRANDFORD ST",175.00,S,N,-,-,N,,,,,,,,,,Y,4,0,1,2,A,-,01,23152,A,N,C,E,A,A,H,-,D,D,0,,,,,Y,Y,A,01,0,0,1,0,0,0,0,0,0,"- ","- ",,,"LOS ANGELES","LOS ANGELES",,
8838264,2019,2019-08-26,1956,2019-04-03,0244,1262,630,3,5,5,1956,0,0,0,,0,002,"RT 1","190TH ST",0.00,,Y,A,-,Y,LA,7,1,-,-,20.610,H,-,N,Y,3,0,1,1,A,-,01,23152,A,N,F,A,A,A,H,-,C,A,0,,,Y,,Y,Y,C,02,0,1,0,0,0,0,0,0,1,"- ","- ",,,"LOS ANGELES","REDONDO BEACH",-118.39008331298828,33.854225158691406
8838941,2019,2019-04-18,1942,2019-03-31,1935,43215,15A32,7,5,7,1942,0,0,0,O,0,15A43,"BURBANK BL","SAINT CLAIR AV",0.00,,Y,A,-,N,,,,,,,,,,N,3,0,1,2,A,-,11,21953,,N,G,B,B,A,H,-,C,A,0,Y,,,,Y,Y,N,60,0,1,0,0,1,0,0,0,0,"- ","- ",,,"LOS ANGELES","LOS ANGELES",-118.39981842041016,34.172119140625
8839214,2019,2019-04-16,1942,2019-03-24,0620,38503,1269,7,5,7,1942,0,0,0,L,0,25L27,"MANCHESTER AV","CENTRAL AV",200.00,W,N,B,-,N,,,,,,,,,,N,3,0,3,2,A,-,03,22350,,N,F,I,F,A,H,-,A,D,0,Y,,,,Y,Y,A,01,0,2,1,0,1,0,0,0,0,"- ","- ",,,"LOS ANGELES","LOS ANGELES",-118.257080078125,33.960159301757812
8839348,2019,2019-04-30,1942,2019-03-13,1000,41757,0221,3,5,7,1942,0,0,0,B,0,2A39-W,"ROSEWOOD AV","KENMORE AV",0.00,,Y,A,-,N,,,,,,,,,,N,4,0,1,2,A,-,09,21801,A,N,D,C,A,A,H,-,A,D,0,,,,,Y,Y,A,07,0,0,1,0,0,0,0,0,0,"- ","- ",,,"LOS ANGELES","LOS ANGELES",-118.29695892333984,34.079021453857422
8839359,2019,2019-04-16,1942,2019-03-24,1915,43262,,7,5,7,1942,0,0,0,,0,18A34,"CENTURY BL","GRANDEE AV",0.00,,Y,A,-,N,,,,,,,,,,N,2,0,1,2,A,-,09,21801,A,N,G,B,B,A,H,-,A,A,0,Y,,,,Y,Y,A,01,1,0,0,0,1,0,0,0,0,"- ","- ",,,"LOS ANGELES","LOS ANGELES",-118.24346923828125,33.94573974609375
8839403,2019,2019-04-17,1942,2019-04-01,2025,37575,0764,1,5,7,1942,0,0,0,G,0,14T49,"REDONDO BL","PICO BL",155.00,S,N,A,-,N,,,,,,,,,,N,3,0,1,2,B,-,22,,,F,G,B,F,A,H,-,C,D,0,Y,,,,Y,Y,-,99,0,1,0,0,1,0,0,0,0,"- ","- ",,,"LOS ANGELES","LOS ANGELES",-118.34944152832031,34.047595977783203
8840392,2018,2019-05-04,1947,2018-10-24,1640,,,3,5,5,1947,0,0,0,,0,00E,"NORTH GARFIELD AV","WEST BEVERLY BL",0.00,,-,A,-,N,,,,,,,,,,N,2,0,1,2,A,-,10,21950,A,N,G,B,B,A,H,-,A,A,0,Y,,,,Y,Y,A,01,1,0,0,0,1,0,0,0,0,"- ","- ",34.014671325683594,-118.13001251220703,"LOS ANGELES",MONTEBELLO,-118.134033203125,34.02239990234375
8841721,2018,2019-04-17,1942,2018-12-23,1950,43077,0679,7,5,7,1942,0,0,0,F,0,6A31,"SUNSET BL","N KINGSLEY DR",15.00,W,N,A,-,N,,,,,,,,,,N,3,0,1,2,A,-,11,21451,C,N,G,B,D,A,H,-,C,D,0,Y,,,,Y,Y,N,60,0,1,0,0,1,0,0,0,0,"- ","- ",,,"LOS ANGELES","LOS ANGELES",-118.30332183837891,34.098121643066406
8842016,2019,2019-04-22,1942,2019-03-14,2300,40756,0666,4,5,7,1942,0,0,0,F,0,1A12,"SUNSET BL","VINE ST",10.00,E,N,C,-,N,,,,,,,,,,N,4,0,1,2,A,-,10,21950,A,F,G,B,B,B,H,-,C,A,0,Y,,,,Y,Y,-,99,0,0,1,0,1,0,0,0,0,"- ","- ",,,"LOS ANGELES","LOS ANGELES",-118.32659912109375,34.098011016845703
8842204,2019,2019-06-07,1955,2019-04-03,1105,46590,48,3,5,6,1955,0,0,0,,0,001,"GAREY AV","RT 10",0.00,,Y,A,-,Y,LA,7,10,-,-,45.614,R,1,E,N,4,0,1,2,A,-,09,21802,A,F,D,G,A,A,H,-,A,A,0,,Y,,,Y,Y,A,01,0,0,1,0,0,0,1,0,0,"- ",EF,,,"LOS ANGELES",POMONA,-117.75415802001953,34.073005676269531
8843525,2019,2019-05-09,1942,2019-04-06,1705,37900,0632,6,5,7,1942,0,0,0,F,0,6A31,"N LAUREL AV","SELMA AV",110.00,N,N,A,-,N,,,,,,,,,,Y,2,0,1,3,A,-,01,23152,A,N,D,C,A,A,H,-,A,D,0,,,,,Y,Y,A,01,1,0,0,0,0,0,0,0,0,"- ","- ",,,"LOS ANGELES","LOS ANGELES",-118.36430358886719,34.100162506103516
8843789,2019,2019-04-18,1942,2019-04-07,1905,42818,1791,7,5,7,1942,0,0,0,Q,0,17A81,"DE SOTO AV","CHASE ST",175.00,N,N,A,-,N,,,,,,,,,,Y,4,0,5,3,A,-,01,23152,A,N,C,C,A,A,H,-,B,D,0,,,,,Y,Y,A,01,0,0,5,0,0,0,0,0,0,"- ","- ",,,"LOS ANGELES","LOS ANGELES",-118.58851623535156,34.225028991699219
8844280,2019,2019-04-25,1953,2019-04-03,1104,9296,,3,5,6,1953,0,0,0,,0,,"FOOTHILL BL","SIERRA MADRE VILLA",250.00,W,N,B,-,N,,,,,,,,,,N,4,0,1,2,A,-,03,22350,,M,C,C,A,A,H,-,A,D,0,,,,,Y,Y,A,01,0,0,1,0,0,0,0,0,0,"- ","- ",,,"LOS ANGELES",PASADENA,-118.08331298828125,34.150066375732422
8844558,2019,2019-04-25,1900,2019-03-30,0100,623543,0633,6,5,6,1985,0,0,0,,0,62T1,"JAKES WY","PALO VERDE PL",23.00,W,N,A,-,N,,,,,,,,,,Y,4,0,1,5,A,-,01,23152,A,N,C,E,A,A,H,-,C,D,0,,,,,Y,Y,A,01,0,0,1,0,0,0,0,0,0,"- ","- ",34.409950256347656,-118.45362091064453,"LOS ANGELES","SANTA CLARITA",-118.45355224609375,34.409854888916016
8845161,2019,2019-04-30,1942,2019-04-05,0245,39022,0774,5,5,7,1942,0,0,0,G,0,7A85,"LA BREA AV","VENICE BL",200.00,S,N,A,-,N,,,,,,,,,,Y,3,0,1,2,A,-,01,23152,A,N,F,E,A,A,H,-,C,D,0,,,,,Y,Y,A,01,0,1,0,0,0,0,0,0,0,"- ","- ",,,"LOS ANGELES","LOS ANGELES",-118.34562683105469,34.045345306396484
8846105,2018,2019-10-09,1953,2018-12-26,0917,3301,1953,3,5,6,1953,0,0,0,,0,002,"RAYMOND AV","WASHINGTON BL",448.00,S,N,A,-,N,,,,,,,,,,Y,4,0,1,2,A,-,09,21804,A,N,B,C,A,A,H,-,A,D,0,,,,,Y,Y,A,01,0,0,1,0,0,0,0,0,0,"- ","- ",,,"LOS ANGELES",PASADENA,-118.14907073974609,34.1676025390625