CASE_ID,ACCIDENT_YEAR,PROC_DATE,JURIS,COLLISION_DATE,COLLISION_TIME,OFFICER_ID,REPORTING_DISTRICT,DAY_OF_WEEK,CHP_SHIFT,POPULATION,CNTY_CITY_LOC,SPECIAL_COND,BEAT_TYPE,CHP_BEAT_TYPE,CITY_DIVISION_LAPD,CHP_BEAT_CLASS,BEAT_NUMBER,PRIMARY_RD,SECONDARY_RD,DISTANCE,DIRECTION,INTERSECTION,WEATHER_1,WEATHER_2,STATE_HWY_IND,CALTRANS_COUNTY,CALTRANS_DISTRICT,STATE_ROUTE,ROUTE_SUFFIX,POSTMILE_PREFIX,POSTMILE,LOCATION_TYPE,RAMP_INTERSECTION,SIDE_OF_HWY,TOW_AWAY,COLLISION_SEVERITY,NUMBER_KILLED,NUMBER_INJURED,PARTY_COUNT,PRIMARY_COLL_FACTOR,PCF_CODE_OF_VIOL,PCF_VIOL_CATEGORY,PCF_VIOLATION,PCF_VIOL_SUBSECTION,HIT_AND_RUN,TYPE_OF_COLLISION,MVIW,PED_ACTION,ROAD_SURFACE,ROAD_COND_1,ROAD_COND_2,LIGHTING,CONTROL_DEVICE,CHP_ROAD_TYPE,PEDESTRIAN_ACCIDENT,BICYCLE_ACCIDENT,MOTORCYCLE_ACCIDENT,TRUCK_ACCIDENT,NOT_PRIVATE_PROPERTY,ALCOHOL_INVOLVED,STWD_VEHTYPE_AT_FAULT,CHP_VEHTYPE_AT_FAULT,COUNT_SEVERE_INJ,COUNT_VISIBLE_INJ,COUNT_COMPLAINT_PAIN,COUNT_PED_KILLED,COUNT_PED_INJURED,COUNT_BICYCLIST_KILLED,COUNT_BICYCLIST_INJURED,COUNT_MC_KILLED,COUNT_MC_INJURED,PRIMARY_RAMP,SECONDARY_RAMP,LATITUDE,LONGITUDE,COUNTY,CITY,POINT_X,POINT_Y
9025956,2020,2020-03-24,1942,2020-01-27,1955,42519,0303,1,5,7,1942,0,0,0,C,0,3A31,"LA BREA AV","ADAMS BL",200.00,W,N,A,-,N,,,,,,,,,,N,4,0,1,2,A,-,03,22350,,N,G,B,C,A,H,-,C,D,0,Y,,,,Y,Y,A,01,0,0,1,0,1,0,0,0,0,"- ","- ",,,"LOS ANGELES","LOS ANGELES",-118.35123443603516,34.032024383544922
90260218,2016,2016-09-02,9530,2016-08-22,0100,021108,,1,3,5,1943,0,1,1,,2,210,"I-105 W/B (GLENN ANDERSON FWY)","FIR ST.",244.00,W,N,A,-,Y,,,,,,,,,,Y,3,0,3,2,A,-,01,23152,A,F,B,C,A,A,H,-,C,D,0,,,,,Y,Y,D,22,0,1,2,0,0,0,0,0,0,"- ","- ",33.552199999999999,-118.12179999999999,"LOS ANGELES",LYNWOOD,-118.20511944,33.922942990000003
9026027,2020,2020-03-18,1953,2020-01-25,1901,2037,1953,6,5,6,1953,0,0,0,,0,004,"N ROSEMEAD BL","N HALSTEAD ST",0.00,,Y,A,-,N,,,,,,,,,,Y,3,0,2,3,A,-,10,21950,A,N,G,B,B,A,H,-,C,A,0,Y,,,,Y,Y,A,01,0,2,0,0,2,0,0,0,0,"- ","- ",,,"LOS ANGELES",PASADENA,-118.07846069335938,34.154888153076172
9026071,2020,2020-03-18,1953,2020-01-14,1923,6300,PASAD,2,5,6,1953,0,0,0,,0,001,"COLORADO BL","ORANGE GROVE BL",20.00,E,N,A,-,N,,,,,,,,,,Y,4,0,1,2,A,-,01,23152,A,N,C,C,A,A,H,-,C,A,0,,,,,Y,Y,A,01,0,0,1,0,0,0,0,0,0,"- ","- ",,,"LOS ANGELES",PASADENA,-118.16062164306641,34.145740509033203
90260801,2016,2016-09-05,9545,2016-08-28,2110,020655,,7,2,9,1900,0,2,4,,1,027,"BOUQUET CANYON RD","ELIZABETH LAKE RD",12566.00,S,N,A,-,N,,,,,,,,,,Y,4,0,1,1,A,-,01,23152,A,N,F,A,A,A,H,-,D,D,0,,,,,Y,Y,D,22,0,0,1,0,0,0,0,0,0,"- ","- ",34.588169999999998,-118.29067999999999,"LOS ANGELES",UNINCORPORATED,-118.29044094,34.588136470000002
9026110,2020,2020-02-26,1900,2020-01-14,1830,518188,0641,2,5,6,1985,0,0,0,,0,063,"SECO CANYON RD","PAMPLICO DR",55.00,S,N,A,-,N,,,,,,,,,,N,4,0,4,3,A,-,01,23152,A,N,C,C,A,A,H,-,C,A,0,,,,,Y,Y,A,07,0,0,4,0,0,0,0,0,0,"- ","- ",34.450710296630859,-118.53517150878906,"LOS ANGELES","SANTA CLARITA",-118.53517913818359,34.450691223144531
90262275,2016,2016-09-06,9535,2016-08-13,0230,021117,,6,3,6,1922,0,1,1,,2,400,"I-10 (SAN BERNARDINO FREEWAY) E/B","BALDWIN AVE",1500.00,E,N,A,-,Y,,,10,,,,,,E,Y,3,0,1,2,A,-,01,23152,A,N,C,C,A,A,H,-,D,D,0,,,,Y,Y,Y,A,01,0,1,0,0,0,0,0,0,0,"- ","- ",34.071129999999997,-118.04985000000001,"LOS ANGELES","EL MONTE",-118.0498138,34.071210739999998
90262983,2016,2016-09-07,9590,2016-08-08,0120,021072,,1,3,7,1942,0,1,1,,2,050,"I-110 N/B (HARBOR FREEWAY)","MANCHESTER AVE.",1600.00,S,N,A,-,Y,,,110,,,,,,N,Y,4,0,5,2,A,-,01,23152,A,N,C,C,A,A,H,-,D,D,0,,,,,Y,Y,A,08,0,0,5,0,0,0,0,0,0,"- ","- ",33.955080000000002,-118.28062,"LOS ANGELES","LOS ANGELES",-118.28069693,33.95507422
90265354,2016,2016-09-12,9540,2016-09-04,0515,020055,,7,3,9,1900,0,1,3,,2,147,"SR-14 S/B (ANTELOPE VALLEY FREEWAY)","PURITAN MINE RD",500.00,S,N,A,-,Y,,,,,,,,,,Y,3,0,1,2,A,-,01,23152,A,N,C,C,A,A,H,-,D,D,0,,,,,Y,Y,A,01,0,1,0,0,0,0,0,0,0,"- ","- ",34.301699999999997,-118.14409999999999,"LOS ANGELES",UNINCORPORATED,-118.24369439,34.504372320000002
90265866,2016,2016-09-12,9565,2016-09-10,0145,021163,,6,3,9,1900,0,1,1,,2,010,"I-105 E/B (CENTURY FREEWAY)","INGLEWOOD BLVD",10.00,W,N,A,-,Y,,,,,,,,,,Y,3,0,2,2,A,-,01,23152,A,F,C,C,A,A,H,-,D,D,0,,,,,Y,Y,A,01,0,2,0,0,0,0,0,0,0,"- ","- ",33.555410000000002,-118.21420000000001,"LOS ANGELES",UNINCORPORATED,-118.36138072,33.931740169999998
90266469,2016,2016-09-13,9530,2016-09-04,2015,021030,,7,2,9,1900,0,3,5,,2,002,"BROADWAY (15000 BLOCK)","COMPTON AVE.",650.00,N,N,A,-,N,,,,,,,,,,Y,4,0,1,1,A,-,01,23152,A,N,E,I,A,A,H,-,C,D,0,,,,,Y,Y,A,01,0,0,1,0,0,0,0,0,0,"- ","- ",33.897500000000001,-118.2791,"LOS ANGELES",UNINCORPORATED,-118.27857538000001,33.896601580000002
90268032,2016,2016-09-15,9540,2016-09-13,2335,016362,145,2,3,6,1985,0,1,3,,1,144,"SR-14  NORTHBOUND","GOLDEN VALLEY RD",3168.00,S,N,A,-,Y,,,14,,,,,,N,Y,4,0,1,2,A,-,01,23152,A,N,C,C,A,A,H,-,D,D,0,,,,,Y,Y,D,22,0,0,1,0,0,0,0,0,0,"- ","- ",34.391019999999997,-118.47496,"LOS ANGELES","SANTA CLARITA",-118.47497419,34.391045480000002
90269194,2016,2016-09-16,9575,2016-07-29,0215,021283,,5,3,7,1942,0,1,1,,2,050,"I-5 S/B (GOLDEN STATE FREEWAY)","SONORA AVENUE",300.00,S,N,A,-,Y,,,,,,,,,,Y,3,0,2,2,A,-,01,23152,E,N,E,I,A,A,H,-,C,D,0,,,,,Y,Y,A,08,0,2,0,0,0,0,0,0,0,"- ","- ",34.160620000000002,-118.2929,"LOS ANGELES","LOS ANGELES",-118.29289764000001,34.160435919999998
90269566,2016,2016-09-19,9580,2016-09-06,2129,020451,,2,2,7,1942,0,1,1,,2,407,"I-405 S/B (SAN DIEGO FWY)","NORDHOFF ST",400.00,N,N,A,-,Y,,,405,,,,,,S,Y,3,0,3,5,A,-,03,22350,,N,C,C,A,A,H,-,D,D,0,,,,,Y,Y,A,07,0,1,2,0,0,0,0,0,0,"- ","- ",34.241720000000001,-118.47305,"LOS ANGELES","LOS ANGELES",-118.47312058999999,34.241720659999999
9027177,2020,2020-02-25,1976,2020-01-18,2215,524,1976,6,5,3,1964,0,0,0,,0,002,"NORWALK BL","FLORENCE AV",114.00,N,N,A,-,N,,,,,,,,,,Y,4,0,2,4,A,-,01,23152,A,N,C,C,A,A,H,-,C,A,0,,,,,Y,Y,D,22,0,0,2,0,0,0,0,0,0,"- ","- ",,,"LOS ANGELES","SANTA FE SPRINGS",-118.07272338867188,33.935661315917969
90272415,2016,2017-03-31,9545,2016-09-11,0005,019345,,7,3,9,1900,0,3,5,,2,004,"90TH ST  E","AVENUE O",940.00,N,N,A,-,N,,,,,,,,,,Y,2,0,2,2,A,-,01,23152,A,N,B,C,A,A,H,-,D,D,0,,,,Y,Y,Y,D,22,1,0,1,0,0,0,0,0,0,"- ","- ",34.619250000000001,-117.96957999999999,"LOS ANGELES",UNINCORPORATED,-117.96955,34.619236999999998
9027267,2020,2020-05-29,1942,2020-02-01,0325,43382,1755,6,5,7,1942,0,0,0,Q,0,17A49,"LESSER ST","RESEDA BL",0.00,,Y,A,-,N,,,,,,,,,,Y,4,0,1,2,A,-,01,23152,A,F,D,C,A,A,H,-,C,A,0,,,,,Y,Y,-,,0,0,1,0,0,0,0,0,0,"- ","- ",,,"LOS ANGELES","LOS ANGELES",,
90272763,2016,2016-09-21,9525,2016-09-17,1409,021097,,6,2,6,1955,0,1,1,,2,109,"I-10 W/B (SAN BERNARDINO FREEWAY)","TOWNE AVE",1056.00,E,N,A,-,Y,,,10,,,,,,W,Y,3,0,1,3,A,-,01,23152,A,N,B,E,A,A,H,-,A,D,0,,,,Y,Y,Y,A,01,0,1,0,0,0,0,0,0,0,"- ","- ",34.080300000000001,-117.73669,"LOS ANGELES",POMONA,-117.7367028,34.08033314
9027506,2020,2020-06-04,1942,2020-02-09,2155,42151,12A69,7,5,7,1942,0,0,0,L,0,12A31,"CENTRAL AV","84TH ST",0.00,,Y,A,-,N,,,,,,,,,,N,3,0,3,2,A,-,09,21804,,N,D,C,A,A,H,-,C,D,0,,,,,Y,Y,A,01,0,2,1,0,0,0,0,0,0,"- ","- ",,,"LOS ANGELES","LOS ANGELES",-118.25643157958984,33.962879180908203
9027941,2019,2020-02-26,1941,2019-12-24,0726,11338,,2,5,7,1941,0,0,0,,0,,"OCEAN BL","ORANGE AV",0.00,,Y,A,-,N,,,,,,,,,,N,4,0,1,2,A,-,10,21950,A,F,B,B,B,A,H,-,A,A,0,Y,,,,Y,Y,A,,0,0,1,0,1,0,0,0,0,"- ","- ",,,"LOS ANGELES","LONG BEACH",-118.17736053466797,33.765670776367188
9027980,2019,2020-02-14,1973,2019-12-10,2340,636,1973,2,5,1,1973,0,0,0,,0,003,"DISTRICT BL","HELIOTROPE AV",1015.00,S,N,A,-,N,,,,,,,,,,Y,3,0,3,5,A,-,01,23152,A,N,D,C,A,A,H,-,C,D,0,,,,Y,Y,Y,A,01,0,1,2,0,0,0,0,0,0,"- ","- ",,,"LOS ANGELES",VERNON,-118.17483520507812,33.989109039306641
9028006,2019,2020-02-10,1900,2019-12-27,1910,551435,1121,5,5,6,1992,0,0,0,,0,111T1,"SIERRA HWY","AVE I",37.00,S,N,A,-,N,,,,,,,,,,Y,4,0,5,2,A,-,01,23152,G,N,C,C,A,A,H,-,C,A,0,,,,,Y,Y,D,22,0,0,5,0,0,0,0,0,0,"- ","- ",,,"LOS ANGELES",LANCASTER,-118.13783264160156,34.703830718994141
90280874,2016,2016-09-30,9540,2016-09-29,0225,020409,,4,3,9,1900,0,3,5,,2,300,"PARKER ROAD","SLOAN CANYON RD",0.00,,Y,A,-,N,,,,,,,,,,Y,4,0,1,1,A,-,01,23152,A,N,E,I,A,A,H,-,C,D,0,,,,,Y,Y,A,01,0,0,1,0,0,0,0,0,0,"- ","- ",34.489919999999998,-118.62882,"LOS ANGELES",UNINCORPORATED,-118.6286901,34.489900079999998
90280905,2016,2016-09-30,9590,2016-09-12,2343,019805,,1,3,7,1942,0,1,1,,2,085,"I-5 S/B (GOLDEN STATE FREEWAY)","COLORADO ST.",2700.00,S,N,A,-,Y,,,5,,,,,,S,Y,3,0,1,1,A,-,01,23152,A,M,E,I,A,A,H,-,C,D,0,,,,,Y,Y,A,01,0,1,0,0,0,0,0,0,0,"- ","- ",34.136809999999997,-118.27624,"LOS ANGELES","LOS ANGELES",-118.27633659999999,34.13678239
90281694,2016,2016-10-03,9530,2016-10-01,1705,017860,,6,2,6,1972,0,1,1,,2,400,"I-405 N/B (SAN DIEGO FREEWAY)","YUKON AVE.",340.00,N,N,A,-,Y,,,405,,,,,,N,Y,3,0,2,3,A,-,01,23152,A,N,D,C,A,A,H,-,A,D,0,,,,,Y,Y,D,22,0,1,1,0,0,0,0,0,0,"- ","- ",33.8675,-118.33599,"LOS ANGELES",TORRANCE,-118.33597477000001,33.867548849999999
90282293,2016,2016-10-03,9530,2016-09-24,2300,021038,,6,3,5,1943,0,1,1,,2,210,"I-105 W/B (GLENN ANDERSON FWY)","GERTRUDE AVE.",300.00,E,N,A,-,Y,,,,,,,,,,Y,3,0,1,1,A,-,03,22350,,N,E,J,A,A,H,-,D,D,0,,,,,Y,Y,A,01,0,1,0,0,0,0,0,0,0,"- ","- ",33.55153,-118.12282,"LOS ANGELES",LYNWOOD,-118.19747147,33.919585290000001
90284312,2016,2016-10-05,9590,2016-09-26,1835,018529,,1,2,7,1942,0,1,1,,2,081,"I-5 S/B","7TH ST.",50.00,N,N,A,-,Y,,,5,,,,,,S,Y,4,0,2,2,A,-,01,23152,A,N,C,C,A,A,H,-,B,D,0,,,,,Y,Y,D,22,0,0,2,0,0,0,0,0,0,"- ","- ",34.035490000000003,-118.22127999999999,"LOS ANGELES","LOS ANGELES",-118.22113616999999,34.035422439999998
90285363,2016,2016-10-06,9590,2016-10-02,0216,021132,,7,3,7,1942,0,1,2,,2,071,"US-101 S/B (HOF)","EDGEWARE ROAD",500.00,S,N,A,-,Y,,,101,,,,,,S,N,3,0,1,2,A,-,03,22350,,N,C,C,A,A,H,-,C,D,0,,,,,Y,Y,A,01,0,1,0,0,0,0,0,0,0,"- ","- ",34.065049999999999,-118.25181000000001,"LOS ANGELES","LOS ANGELES",-118.25177221,34.065102490000001
90285433,2016,2016-10-06,9530,2016-10-01,0715,021290,,6,1,7,1942,0,1,1,,2,110,"I-110 N/B (HARBOR FREEWAY)","EL SEGUNDO BLVD.",1600.00,S,N,A,-,Y,,,,,,,,,,Y,3,0,1,1,A,-,01,23152,A,N,E,I,A,A,H,-,A,D,0,,,,,Y,Y,A,01,0,1,0,0,0,0,0,0,0,"- ","- ",33.5443,-118.1711,"LOS ANGELES","LOS ANGELES",-118.28657,33.912102300000001
90286555,2016,2016-10-07,9530,2016-10-02,0720,020930,,7,1,9,1900,0,3,5,,2,001,"FLORENCE AVE (1200 BLOCK)","HOOPER AVE.",497.00,W,N,A,-,N,,,,,,,,,,Y,3,0,1,1,A,-,01,23152,A,N,E,I,A,A,H,-,A,D,0,,,,,Y,Y,A,07,0,1,0,0,0,0,0,0,0,"- ","- ",33.974699999999999,-118.2556,"LOS ANGELES",UNINCORPORATED,-118.16392,33.914239999999999
9028930,2019,2020-02-07,1970,2019-11-14,0345,216,1970,4,5,4,1970,0,0,0,,0,004,"FAIR OAKS AV","BANK ST",170.00,S,N,A,-,N,,,,,,,,,,Y,3,0,1,3,A,-,01,23152,A,N,A,E,A,A,H,-,C,D,0,,,,,Y,Y,A,07,0,1,0,0,0,0,0,0,0,"- ","- ",,,"LOS ANGELES","SOUTH PASADENA",-118.15049743652344,34.109474182128906
90289916,2016,2016-10-12,9525,2016-09-24,2305,019062,,6,3,6,1955,0,1,1,,2,109,"I-10 W/B TO TOWNE AVE","TOWNE AVE",30.00,E,N,A,-,Y,,,10,,,,R,,W,Y,4,0,1,3,A,-,01,23152,A,M,C,C,A,A,H,-,C,D,0,,,,,Y,Y,A,08,0,0,1,0,0,0,0,0,0,"- ","- ",34.079070000000002,-117.7407,"LOS ANGELES",POMONA,-117.7407,34.079070000000002
90295426,2016,2016-11-14,9540,2016-10-17,0005,020634,,1,3,9,1900,0,1,1,,1,503,"I-5 SB (GOLDEN STATE FREEWAY)","WELDON CANYON RD",1631.00,S,N,C,-,Y,,,5,,,,,,S,Y,3,0,1,6,A,-,01,23152,A,N,C,C,A,B,H,-,D,D,0,,,,,Y,Y,A,07,0,1,0,0,0,0,0,0,0,"- ","- ",34.3386,-118.51629,"LOS ANGELES",UNINCORPORATED,-118.51628658999999,34.33860687
90295992,2016,2016-10-19,9590,2016-10-02,2325,021201,,7,3,7,1942,0,1,2,,2,073,"US-101 S/B (HOLLYWOOD FREEWAY)","BARHAM BLVD",200.00,S,N,A,-,Y,,,101,,,,,,S,Y,3,0,2,3,A,-,03,22350,,N,C,C,A,A,E,-,C,D,0,,,,,Y,Y,A,01,0,1,1,0,0,0,0,0,0,"- ","- ",34.128210000000003,-118.34658,"LOS ANGELES","LOS ANGELES",-118.34659449999999,34.128195099999999
90299970,2016,2016-10-25,9530,2016-10-16,1930,20714,,7,2,9,1900,0,3,5,,2,001,"COMPTON AVE.","65TH ST.",0.00,,Y,B,-,N,,,,,,,,,,Y,3,0,1,2,A,-,01,23152,A,N,C,C,A,A,H,-,C,D,0,,,,,Y,Y,A,07,0,1,0,0,0,0,0,0,0,"- ","- ",33.980800000000002,-118.24785,"LOS ANGELES",UNINCORPORATED,-118.2477201,33.980810079999998
90302184,2016,2016-10-26,9580,2016-10-16,0345,020462,,7,3,7,1942,0,1,3,,2,116,"SR-118 E/B (RONALD REAGAN FWY.)","BALBOA BLVD",100.00,W,N,A,-,Y,,,118,,,,,,E,Y,3,0,1,2,A,-,01,23152,A,N,C,C,A,A,H,-,C,D,0,,,,,Y,Y,A,01,0,1,0,0,0,0,0,0,0,"- ","- ",34.27796,-118.50281,"LOS ANGELES","LOS ANGELES",-118.50281033,34.277979690000002
90307188,2016,2016-10-31,9525,2016-10-16,0240,021393,,7,3,5,1990,0,1,3,,2,574,"SR-57 N/B (ORANGE FREEWAY)",SR-60,400.00,S,N,A,-,Y,,,,,,,,,,Y,3,0,1,2,A,-,03,22350,,N,C,C,A,A,H,-,D,D,0,,,,,Y,Y,A,07,0,1,0,0,0,0,0,0,0,"- ","- ",34.008229999999998,-117.82299999999999,"LOS ANGELES","DIAMOND BAR",-117.83537576000001,34.001083700000002
90307261,2016,2016-10-31,9525,2016-10-07,0430,021393,,5,3,9,1900,0,3,5,,2,002,"BARRANCA AVE. (5300 BLOCK)","NEWBURGH ST.",67.00,S,N,A,-,N,,,,,,,,,,Y,2,0,2,4,A,-,01,23152,A,N,C,E,A,A,H,-,C,D,0,,,,,Y,Y,A,01,1,1,0,0,0,0,0,0,0,"- ","- ",34.129440000000002,-117.99218,"LOS ANGELES",UNINCORPORATED,-117.88169000000001,34.110520000000001
90308713,2016,2016-11-01,9565,2016-10-14,2050,021372,,5,2,9,1900,0,2,4,,2,031,"LA CIENEGA BLVD S/B","SLAUSON AVE",1300.00,S,N,A,-,N,,,,,,,,,,Y,4,0,1,2,A,-,08,22107,,N,E,I,A,A,H,-,C,D,0,,,,,Y,Y,A,01,0,0,1,0,0,0,0,0,0,"- ","- ",33.983840000000001,-118.37005000000001,"LOS ANGELES",UNINCORPORATED,-118.37121,33.988030000000002
90309224,2016,2016-11-02,9540,2016-10-27,0030,021395,,4,3,9,1900,0,1,3,,2,147,"SR-14 S/B (ANTELOPE VALLEY FREEWAY)","PURITAN MINE ROAD",2112.00,S,N,A,-,Y,,,14,,,,,,S,Y,4,0,1,1,A,-,01,23152,A,N,E,I,A,A,H,-,C,D,0,,,,,Y,Y,A,07,0,0,1,0,0,0,0,0,0,"- ","- ",34.50394,-118.25386,"LOS ANGELES",UNINCORPORATED,-118.25379339,34.503840339999996
90310005,2016,2016-11-02,9535,2016-10-07,2055,021305,,5,2,9,1900,0,3,5,,2,002,"DOWNEY RD. (700 BLOCK)","HUBBARD ST.",10.00,S,N,A,-,N,,,,,,,,,,Y,4,0,2,2,A,-,01,23152,A,M,C,C,A,A,H,-,C,D,0,,,,,Y,Y,A,01,0,0,2,0,0,0,0,0,0,"- ","- ",34.026200000000003,-118.18000000000001,"LOS ANGELES",UNINCORPORATED,-118.18008974999999,34.026292580000003
90310297,2016,2016-11-03,9530,2016-10-23,0435,021007,,7,3,7,1941,0,1,1,,2,430,"I-405 N/B (SAN DIEGO FREEWAY)","LAKEWOOD BLVD.",300.00,N,N,B,-,Y,,,,,,,,,,Y,3,0,1,2,A,-,01,23152,A,N,D,C,A,A,H,-,B,D,0,,,,,Y,Y,A,01,0,1,0,0,0,0,0,0,0,"- ","- ",33.482469999999999,-118.83665999999999,"LOS ANGELES","LONG BEACH",-118.14363286,33.806088029999998
90310912,2016,2016-11-03,9525,2016-10-15,1956,021074,,6,2,9,1900,0,3,5,,2,004,"BELGREEN DR. (1200 BLOCK)","FAIRPLAIN ST.",300.00,N,N,A,-,N,,,,,,,,,,Y,4,0,1,2,A,-,01,23152,A,N,D,C,A,A,H,-,C,D,0,,,,,Y,Y,A,01,0,0,1,0,0,0,0,0,0,"- ","- ",34.038290000000003,-118.01146,"LOS ANGELES",UNINCORPORATED,-118.01257896,34.037860420000001
9031192,2020,2020-03-11,1942,2020-01-08,2340,41933,1233,3,5,7,1942,0,0,0,L,0,12A45,"S HARVARD BL","W 60TH ST",175.00,N,N,A,-,N,,,,,,,,,,Y,3,0,1,7,A,-,01,23152,A,N,B,E,A,A,H,-,C,D,0,,,,,Y,Y,A,07,0,1,0,0,0,0,0,0,0,"- ","- ",,,"LOS ANGELES","LOS ANGELES",-118.30677795410156,33.986358642578125
90312881,2016,2016-11-07,9580,2016-10-29,1705,019544,,6,2,7,1942,0,1,3,,2,116,"SR-118 E/B (RONALD REAGAN FWY.)","RUFFNER AVE",710.00,E,N,A,-,Y,,,118,,,,,,E,Y,2,0,1,1,A,-,01,23152,A,N,F,A,A,A,H,-,A,D,0,,,,,Y,Y,D,22,1,0,0,0,0,0,0,0,0,"- ","- ",34.27637,-118.49594,"LOS ANGELES","LOS ANGELES",-118.49590910000001,34.27643063
90313430,2016,2016-11-07,9565,2016-10-13,2200,020209,,4,3,9,1900,0,3,5,,2,006,"WILSHIRE BLVD (WESTBOUND)","FEDERAL AVE",600.00,E,N,A,-,Y,,,,,,,,,,Y,4,0,1,1,A,-,01,23152,A,N,E,I,A,A,H,-,C,D,0,,,,,Y,Y,A,01,0,0,1,0,0,0,0,0,0,"- ","- ",34.0533,-118.45787,"LOS ANGELES",UNINCORPORATED,-118.45845136,34.052261379999997
9031350,2020,2020-03-17,1900,2020-01-13,1800,623020,1332,1,5,5,1952,0,0,0,,0,133T2,"SOMERSET BL","LAKEWOOD BL",695.00,W,N,A,-,N,,,,,,,,,,Y,4,0,2,3,A,-,04,21703,,N,C,C,A,A,H,-,C,A,0,,,,,Y,Y,A,01,0,0,2,0,0,0,0,0,0,"- ","- ",33.896400451660156,-118.14510345458984,"LOS ANGELES",PARAMOUNT,-118.14509582519531,33.896492004394531
90315229,2016,2016-11-09,9525,2016-11-01,0304,019970,,2,3,6,1955,0,1,1,,2,108,"I-10 E/B (SAN BERNARDINO FREEWAY)","FAIRPLEX DR.",1584.00,W,N,B,-,Y,,,10,,,,,,E,Y,3,0,1,2,A,-,01,23152,A,M,C,C,A,A,H,-,C,D,0,,,,Y,Y,Y,A,01,0,1,0,0,0,0,0,0,0,"- ","- ",34.069809999999997,-117.79594,"LOS ANGELES",POMONA,-117.79598054,34.069900160000003
90315365,2016,2016-11-09,9590,2016-11-02,2335,020409,,3,3,7,1942,0,1,2,,2,071,"US-101 S/B (SANTA ANA FREEWAY)","MISSION ROAD",800.00,N,N,A,-,Y,,,101,,,,,,S,Y,4,0,5,2,A,-,07,21658,A,N,B,C,A,A,H,-,C,D,0,,,,,Y,Y,A,08,0,0,5,0,0,0,0,0,0,"- ","- ",34.053310000000003,-118.23099000000001,"LOS ANGELES","LOS ANGELES",-118.23098668,34.053334720000002
90316953,2016,2016-11-11,9525,2016-11-01,2315,015988,,2,3,6,1955,0,1,1,,2,107,"I-10 W/B TO FAIRPLEX DR.","FAIRPLEX DR.",17.00,E,N,A,-,Y,,,10,,,,R,,W,Y,4,0,1,2,A,-,01,23152,A,N,C,C,A,A,H,-,D,A,0,,,Y,,Y,Y,A,01,0,0,1,0,0,0,0,0,1,"- ","- ",34.073390000000003,-117.78691000000001,"LOS ANGELES",POMONA,-117.78691000000001,34.073390000000003
90318050,2016,2016-11-14,9550,2016-11-11,2045,021244,,5,2,9,1900,0,1,1,,2,150,"WORKMAN MILL ROAD","CROSSROADS PARKWAY",630.00,S,N,A,-,N,,,,,,,,,,Y,3,0,2,1,A,-,01,23152,A,N,E,I,A,A,H,-,C,D,0,,,,,Y,Y,A,01,0,2,0,0,0,0,0,0,0,"- ","- ",34.028419999999997,-118.02760000000001,"LOS ANGELES",UNINCORPORATED,-118.02585999999999,34.028880000000001
90320324,2016,2016-11-15,9525,2016-11-13,0402,020544,,7,3,5,1990,0,1,3,,2,614,"SR-60 E/B (POMONA FREEWAY)","GOLDEN SPRINGS DR",2112.00,E,N,A,-,Y,,,60,,,,,,E,Y,3,0,1,1,A,-,01,23152,A,N,E,I,A,A,H,-,C,D,0,,,,,Y,Y,A,01,0,1,0,0,0,0,0,0,0,"- ","- ",34.025700000000001,-117.78888000000001,"LOS ANGELES","DIAMOND BAR",-117.78887164,34.025726509999998
9032057,2019,2020-02-11,1942,2019-10-24,1305,43682,1283,4,5,7,1942,0,0,0,L,0,12A73,CENTURY,DENKER,0.00,,Y,A,-,N,,,,,,,,,,N,4,0,1,2,A,-,12,21453,A,N,D,C,A,A,H,-,A,A,0,,,,,Y,Y,-,"- ",0,0,1,0,0,0,0,0,0,"- ","- ",,,"LOS ANGELES","LOS ANGELES",-118.30467224121094,33.945468902587891
90327471,2016,2016-11-22,9540,2016-11-20,0437,020762,,7,3,7,1942,0,1,1,,1,502,"I-5 N/B (GOLDEN STATE FREEWAY)","SR-14 N/B",940.00,S,N,B,-,Y,,,,,,,,,,Y,4,0,1,2,A,-,03,22350,,N,D,C,A,B,H,-,C,D,0,,,,,Y,Y,A,01,0,0,1,0,0,0,0,0,0,"- ","- ",34.335459999999998,-118.50682,"LOS ANGELES","LOS ANGELES",,
9032798,2019,2020-02-10,1942,2019-12-13,1740,41671,2071,5,5,7,1942,0,0,0,,0,20A71,"VENICE BL","S GRAMERCY PL",0.00,,Y,A,-,N,,,,,,,,,,N,3,0,1,2,A,-,11,21950,B,N,G,B,B,A,H,-,C,D,0,Y,,,,Y,Y,N,60,0,1,0,0,1,0,0,0,0,"- ","- ",,,"LOS ANGELES","LOS ANGELES",-118.31304168701172,34.043560028076172
90328517,2016,2016-12-01,9525,2016-11-12,0140,021375,,6,3,6,1955,0,1,3,,2,071,"SR-71 S/B (CHINO VALLEY FREEWAY)","OLD POMONA RD.",180.00,S,N,A,-,Y,,,71,,,,,,S,Y,4,0,1,1,A,-,01,23152,A,N,E,I,A,A,H,-,C,D,0,,,,,Y,Y,A,01,0,0,1,0,0,0,0,0,0,"- ","- ",34.034599999999998,-117.76143,"LOS ANGELES",POMONA,-117.76139133,34.034638229999999