CASE_ID,ACCIDENT_YEAR,PROC_DATE,JURIS,COLLISION_DATE,COLLISION_TIME,OFFICER_ID,REPORTING_DISTRICT,DAY_OF_WEEK,CHP_SHIFT,POPULATION,CNTY_CITY_LOC,SPECIAL_COND,BEAT_TYPE,CHP_BEAT_TYPE,CITY_DIVISION_LAPD,CHP_BEAT_CLASS,BEAT_NUMBER,PRIMARY_RD,SECONDARY_RD,DISTANCE,DIRECTION,INTERSECTION,WEATHER_1,WEATHER_2,STATE_HWY_IND,CALTRANS_COUNTY,CALTRANS_DISTRICT,STATE_ROUTE,ROUTE_SUFFIX,POSTMILE_PREFIX,POSTMILE,LOCATION_TYPE,RAMP_INTERSECTION,SIDE_OF_HWY,TOW_AWAY,COLLISION_SEVERITY,NUMBER_KILLED,NUMBER_INJURED,PARTY_COUNT,PRIMARY_COLL_FACTOR,PCF_CODE_OF_VIOL,PCF_VIOL_CATEGORY,PCF_VIOLATION,PCF_VIOL_SUBSECTION,HIT_AND_RUN,TYPE_OF_COLLISION,MVIW,PED_ACTION,ROAD_SURFACE,ROAD_COND_1,ROAD_COND_2,LIGHTING,CONTROL_DEVICE,CHP_ROAD_TYPE,PEDESTRIAN_ACCIDENT,BICYCLE_ACCIDENT,MOTORCYCLE_ACCIDENT,TRUCK_ACCIDENT,NOT_PRIVATE_PROPERTY,ALCOHOL_INVOLVED,STWD_VEHTYPE_AT_FAULT,CHP_VEHTYPE_AT_FAULT,COUNT_SEVERE_INJ,COUNT_VISIBLE_INJ,COUNT_COMPLAINT_PAIN,COUNT_PED_KILLED,COUNT_PED_INJURED,COUNT_BICYCLIST_KILLED,COUNT_BICYCLIST_INJURED,COUNT_MC_KILLED,COUNT_MC_INJURED,PRIMARY_RAMP,SECONDARY_RAMP,LATITUDE,LONGITUDE,COUNTY,CITY,POINT_X,POINT_Y
90390180,2017,2017-02-10,9540,2017-01-08,1213,021361,,7,1,6,1985,0,2,4,,1,201,"SIERRA HIGHWAY N/B","SAND CANYON RD",75.00,N,N,A,-,N,,,,,,,,,,Y,3,0,1,4,A,-,01,23152,A,M,B,C,A,A,H,-,A,A,0,,,,,Y,Y,A,01,0,1,0,0,0,0,0,0,0,"- ","- ",34.450130000000001,-118.42314,"LOS ANGELES","SANTA CLARITA",-118.42348158999999,34.449958410000001
90395235,2017,2017-02-17,9525,2017-02-11,0100,019707,,6,3,6,1955,0,1,3,,2,603,"SR-60 W/B (POMONA FWY)","PHILLIPS RANCH RD.",1320.00,W,N,B,-,Y,,,60,,,,,,W,Y,4,0,3,2,A,-,01,23152,A,N,B,C,A,B,H,-,D,D,0,,,,,Y,Y,A,01,0,0,3,0,0,0,0,0,0,"- ","- ",34.025149999999996,-117.75921,"LOS ANGELES",POMONA,-117.75920386999999,34.025004780000003
90395431,2017,2017-02-17,9530,2017-02-11,0258,021106,,6,3,7,1942,0,1,1,,2,120,"I-110 S/B (HARBOR FREEWAY)","MACARTHUR AVE.",300.00,N,N,B,-,Y,,,,,,,,,,Y,3,0,1,1,A,-,01,23152,A,N,E,I,A,B,H,-,C,D,0,,,,,Y,Y,A,01,0,1,0,0,0,0,0,0,0,"- ","- ",33.454599999999999,-118.1728,"LOS ANGELES","LOS ANGELES",-118.29115931,33.751681759999997
90396055,2017,2017-02-20,9550,2017-02-18,0230,020861,,6,3,9,1900,0,2,4,,1,051,"NOGALES ST.","COLIMA ROAD",87.00,N,N,A,-,N,,,,,,,,,,Y,4,0,1,1,A,-,01,23152,A,N,E,I,A,B,H,-,C,D,0,,,,,Y,Y,A,01,0,0,1,0,0,0,0,0,0,"- ","- ",33.98789,-117.88918,"LOS ANGELES",UNINCORPORATED,-117.8892,33.987745220000001
90396394,2017,2017-02-20,9580,2017-02-11,0100,018718,,6,3,7,1942,0,1,2,,2,105,"US-101 S/B (VENTURA FREEWAY)","RESEDA BLVD",400.00,S,N,B,-,Y,,,101,,,,,,S,N,4,0,1,2,A,-,01,23152,A,M,B,C,A,B,H,-,D,D,0,,,,,Y,Y,A,07,0,0,1,0,0,0,0,0,0,"- ","- ",34.172870000000003,-118.5346,"LOS ANGELES","LOS ANGELES",-118.53459553,34.172885100000002
90398532,2017,2017-02-23,9550,2017-02-21,0110,020531,,2,3,9,1900,0,3,5,,2,003,"LAS TUNAS DR. EASTBOUND","ROCKHILL DR",160.00,W,N,A,-,N,,,,,,,,,,Y,3,0,1,1,A,-,01,23152,A,N,F,I,A,A,H,-,D,D,0,,,,,Y,Y,A,01,0,1,0,0,0,0,0,0,0,"- ","- ",34.00459,-117.9926,"LOS ANGELES",UNINCORPORATED,-117.99249955000001,34.004508000000001
90399209,2016,2017-02-23,9565,2016-09-02,2256,020370,,5,3,7,1942,0,1,1,,2,083,"I-10 E/B (SANTA MONICA FREEWAY)","MANNING AVE.",67.00,E,N,A,-,Y,,,10,,,,,,E,Y,1,1,1,3,A,-,03,22350,,N,C,C,A,A,H,-,C,D,0,,,,,Y,Y,A,01,1,0,0,0,0,0,0,0,0,"- ","- ",34.029699999999998,-118.40549,"LOS ANGELES","LOS ANGELES",-118.40548336000001,34.029771429999997
9040096,2020,2020-03-06,1942,2020-01-26,1820,322264,1664,7,5,7,1942,0,0,0,P,0,16X4,"GLENOAKS BL",BRANFORD,440.00,N,N,A,-,N,,,,,,,,,,Y,4,0,3,3,A,-,07,21658,A,N,B,C,A,A,H,-,C,D,0,,,,,Y,Y,-,,0,0,3,0,0,0,0,0,0,"- ","- ",,,"LOS ANGELES","LOS ANGELES",-118.39436340332031,34.25628662109375
9040252,2020,2020-02-27,1900,2020-01-20,0438,600544,2112,1,5,5,1943,0,0,0,,0,212T4,"PLATT AV","BULLIS RD",275.00,W,N,A,-,N,,,,,,,,,,Y,2,0,1,2,A,-,01,23152,A,M,A,E,A,A,H,-,C,D,0,,,,,Y,Y,A,01,1,0,0,0,0,0,0,0,0,"- ","- ",,,"LOS ANGELES",LYNWOOD,-118.20140075683594,33.925010681152344
90403258,2017,2017-03-01,9575,2017-02-20,0008,021283,,1,3,7,1942,0,1,1,,2,050,"I-5 S/B FROM COLORADO ST. FWY EXTENSION","I-5 S/B (GOLDEN STATE FREEWAY)",100.00,W,N,C,-,Y,,,5,,,,R,,S,Y,3,0,1,1,A,-,01,23152,A,N,E,I,A,B,H,-,C,D,0,,,,,Y,Y,A,07,0,1,0,0,0,0,0,0,0,"- ","- ",34.142009999999999,-118.27879,"LOS ANGELES","LOS ANGELES",-118.27879,34.142009999999999
90403320,2017,2017-04-17,9525,2017-02-12,0035,021229,,7,3,5,1906,0,1,1,,2,104,"I-10 E/B (SAN BERNARDINO FWY)","PUENTE AVE",1320.00,E,N,A,-,Y,,,10,,,,,,E,Y,3,0,2,2,A,-,03,22350,,N,C,C,A,A,H,-,C,D,0,,,,,Y,Y,A,07,0,1,1,0,0,0,0,0,0,"- ","- ",34.070720000000001,-117.95593,"LOS ANGELES","BALDWIN PARK",-117.95593045,34.070723989999998
90403753,2017,2017-03-01,9590,2017-02-19,2243,021443,,7,3,7,1942,0,1,2,,2,043,"US-101 S/B (SAF) TO I-10 E/B (SBF)","MISSION ROAD",700.00,S,N,C,-,Y,,,101,,,,R,,S,Y,3,0,1,1,A,-,01,23152,A,N,E,I,A,B,H,-,C,D,0,,,,,Y,Y,A,01,0,1,0,0,0,0,0,0,0,"- ","- ",34.052320000000002,-118.22375,"LOS ANGELES","LOS ANGELES",-118.22375,34.052320000000002
9040377,2019,2020-02-14,1969,2019-12-27,0251,10220,PATRO,5,5,5,1969,0,0,0,,0,003,"MISSOURI AV","ALEXANDER AV",123.00,W,N,A,-,N,,,,,,,,,,Y,4,0,1,2,A,-,08,22107,,N,B,E,A,A,H,-,C,D,0,,,,,Y,Y,A,01,0,0,1,0,0,0,0,0,0,"- ","- ",,,"LOS ANGELES","SOUTH GATE",-118.19464111328125,33.945217132568359
9040391,2020,2020-03-04,1942,2020-01-05,1430,34959,0782,7,5,7,1942,0,0,0,G,0,7A73,"VENICE BL","BURCHARD AV",100.00,W,N,A,-,N,,,,,,,,,,Y,3,0,2,2,A,-,01,23152,A,N,D,C,A,A,H,-,A,D,0,,,,Y,Y,Y,A,01,0,1,1,0,0,0,0,0,0,"- ","- ",,,"LOS ANGELES","LOS ANGELES",-118.37464904785156,34.036994934082031
90404182,2017,2017-03-02,9590,2017-02-24,0230,020344,,5,3,7,1942,0,1,1,,2,012,"SR-110 N/B (ARROYO SECO PARKWAY)","AVE. 43",165.00,S,N,A,-,Y,,,110,,,,,,N,Y,3,0,3,1,A,-,01,23152,A,N,E,I,A,A,H,-,C,D,0,,,,,Y,Y,A,01,0,3,0,0,0,0,0,0,0,"- ","- ",34.09252,-118.20610000000001,"LOS ANGELES","LOS ANGELES",-118.20624459,34.092539649999999
9040430,2020,2020-02-26,1942,2020-01-23,2030,43906,0769,4,5,7,1942,0,0,0,G,0,7A47,"VENICE BL","4TH AV",40.00,W,N,A,-,N,,,,,,,,,,Y,4,0,1,2,A,-,01,23152,A,N,B,C,A,A,H,-,C,A,0,,,,,Y,Y,A,01,0,0,1,0,0,0,0,0,0,"- ","- ",,,"LOS ANGELES","LOS ANGELES",-118.3214111328125,34.043571472167969
9040462,2020,2020-02-26,1942,2020-01-25,1920,32774,0923,6,5,7,1942,0,0,0,I,0,9A23,"VICTORY BL","KESTER AV",237.00,W,N,A,-,N,,,,,,,,,,Y,4,0,1,2,A,-,01,23152,A,N,B,E,A,A,H,-,C,D,0,,,,,Y,Y,A,01,0,0,1,0,0,0,0,0,0,"- ","- ",,,"LOS ANGELES","LOS ANGELES",-118.45822906494141,34.186660766601562
9040756,2019,2020-02-05,1920,2019-12-28,2325,13321,,6,5,6,1920,0,0,0,,0,,"CEDARTREE RD","EGLISE AV",56.00,E,N,A,-,N,,,,,,,,,,Y,4,0,1,5,A,-,01,23152,A,N,A,C,A,A,H,-,C,A,0,,,,,Y,Y,A,01,0,0,1,0,0,0,0,0,0,"- ","- ",,,"LOS ANGELES",DOWNEY,-118.10222625732422,33.954189300537109
90413125,2017,2017-03-15,9565,2017-02-19,2240,021154,,7,3,9,1900,0,3,5,,2,003,"VERDUN AVE. (4900 BLOCK)","NORTHRIDGE DR.",150.00,N,N,B,C,N,,,,,,,,,,Y,3,0,1,3,A,-,01,23152,A,M,B,E,A,B,H,-,C,D,0,,,,,Y,Y,A,01,0,1,0,0,0,0,0,0,0,"- ","- ",33.996839999999999,-118.35333,"LOS ANGELES",UNINCORPORATED,-118.35320505,33.996736009999999
90413151,2017,2017-03-15,9565,2017-02-19,2241,021154,,7,3,9,1900,0,3,5,,2,003,"VERDUN AVE. (5100 BLOCK)","MAYMONT DR.",100.00,N,N,B,C,N,,,,,,,,,,Y,3,0,1,3,A,-,01,23152,A,M,B,E,A,B,H,-,C,D,0,,,,,Y,Y,A,01,0,1,0,0,0,0,0,0,0,"- ","- ",33.995370000000001,-118.35138000000001,"LOS ANGELES",UNINCORPORATED,-118.35529027,33.997832600000002
90413381,2017,2017-03-16,9525,2017-03-06,0745,021362,,1,1,6,1955,0,1,1,,2,107,"I-10 W/B (SAN BERNARDINO FWY)",SR-71,3168.00,E,N,A,-,Y,,,10,,,,,,W,Y,4,0,6,3,A,-,08,22107,,N,E,I,A,A,H,-,A,D,0,,,,,Y,Y,A,01,0,0,6,0,0,0,0,0,0,"- ","- ",34.070700000000002,-117.79510000000001,"LOS ANGELES",POMONA,-117.79503139000001,34.070547859999998
90414211,2017,2017-03-17,9575,2017-02-27,0450,021047,,1,3,6,1953,0,1,1,,2,064,"I-210 W/B (FOOTHILL FREEWAY)","FAIR OAKS AVE.",450.00,W,N,A,-,Y,,,210,,,,,,W,Y,3,0,1,2,A,-,01,23152,A,N,B,C,A,A,H,-,C,D,0,,,,Y,Y,Y,A,01,0,1,0,0,0,0,0,0,0,"- ","- ",34.151440000000001,-118.15214,"LOS ANGELES",PASADENA,-118.15211017999999,34.151353450000002
9041479,2020,2020-02-25,1900,2020-01-18,0200,538684,2607,6,5,6,1950,0,0,0,,0,264T1,"FORT TEJON RD","PEARBLOSSOM HWY",1848.00,N,N,A,-,N,,,,,,,,,,Y,2,0,1,1,A,-,08,22107,,N,E,I,A,A,H,-,C,D,0,,,,,Y,Y,D,22,1,0,0,0,0,0,0,0,0,"- ","- ",34.324630737304688,-118.26799774169922,"LOS ANGELES",PALMDALE,-118.03491973876953,34.546108245849609
9041597,2020,2020-03-03,1942,2020-01-11,0210,38535,09966,6,5,7,1942,0,0,0,I,0,9A63,"FULTON AV","ADDISON ST",30.00,N,N,A,-,N,,,,,,,,,,Y,3,0,1,2,A,-,07,21658,,N,-,C,A,A,H,-,C,A,0,,,,,Y,Y,A,01,0,1,0,0,0,0,0,0,0,"- ","- ",,,"LOS ANGELES","LOS ANGELES",-118.42252349853516,34.161323547363281
90417449,2016,2017-03-22,9565,2016-05-21,2355,021011,,6,3,9,1900,0,1,1,,2,060,"I-405 S/B TO I-105 W/B","IMPERIAL HIGHWAY",70.60,N,N,A,-,Y,,,405,,,,R,,S,Y,1,1,0,1,A,-,01,23152,A,N,E,I,A,A,H,-,D,D,0,,,Y,,Y,Y,C,02,0,0,0,0,0,0,0,1,0,"- ","- ",33.931049999999999,-118.36987999999999,"LOS ANGELES",UNINCORPORATED,-118.36987999999999,33.931049999999999
90417936,2017,2017-03-22,9580,2017-03-10,1820,020396,,5,2,7,1942,0,1,3,,2,116,"SR-118 E/B (RONALD REAGAN FWY.)","BALBOA BLVD",2250.00,W,N,A,-,Y,,,118,,,,,,E,Y,3,0,3,2,A,-,08,22107,,N,E,I,A,A,H,-,C,D,0,,,Y,,Y,Y,A,07,0,2,1,0,0,0,0,0,1,"- ","- ",34.277839999999998,-118.51007,"LOS ANGELES","LOS ANGELES",-118.51006852,34.277790330000002
90420298,2017,2017-03-24,9540,2017-03-22,1745,020504,,3,2,9,1900,0,3,5,,2,100,"MAGIC MOUNTAIN PKY","I-5 ON/OFF RAMP",10.00,W,N,A,-,Y,,,,,,,,,,N,4,0,1,2,A,-,01,23152,A,N,C,C,A,A,H,-,A,A,0,,,,,Y,Y,A,01,0,0,1,0,0,0,0,0,0,"- ","- ",34.422669999999997,-118.58401000000001,"LOS ANGELES",UNINCORPORATED,,
90420864,2017,2017-03-27,9535,2017-02-21,0145,021119,,2,3,6,1922,0,1,1,,2,401,"I-10 WESTBOUND (SAN BERNARDINO FREEWAY)","SANTA ANITA AVE",100.00,W,N,B,-,Y,,,10,,,,,,W,Y,3,0,1,1,A,-,01,23152,A,N,E,J,A,A,H,-,D,D,0,,,,,Y,Y,A,01,0,1,0,0,0,0,0,0,0,"- ","- ",34.068759999999997,-118.04263,"LOS ANGELES","EL MONTE",-118.04260379999999,34.068925409999999
90421064,2017,2017-03-29,9530,2017-03-26,1245,021235,,7,1,7,1942,0,1,1,,2,200,"I-105 E/B (GLENN ANDERSON FWY)","AVALON BLVD.",190.00,E,N,A,-,Y,,,105,,,,,,E,Y,3,0,2,2,A,-,01,23152,A,N,C,C,A,A,H,-,A,D,0,,,,,Y,Y,A,01,0,1,1,0,0,0,0,0,0,"- ","- ",33.927280000000003,-118.26475000000001,"LOS ANGELES","LOS ANGELES",-118.26474999,33.9273083
90421268,2017,2017-03-27,9545,2017-03-23,1605,020849,,4,2,9,1900,0,3,5,,2,004,"40TH ST  E","AVENUE P",20.00,N,N,A,-,N,,,,,,,,,,N,4,0,3,2,A,-,03,22350,,M,C,C,A,A,H,-,A,B,0,,,,,Y,Y,-,99,0,0,3,0,0,0,0,0,0,"- ","- ",34.602200000000003,-118.05883,"LOS ANGELES",UNINCORPORATED,-118.05858022,34.602154830000003
90423112,2017,2017-03-29,9575,2017-03-19,2230,021283,,7,3,7,1942,0,1,1,,2,053,"I-5 S/B (GOLDEN STATE FREEWAY)",SR-170,400.00,N,N,A,-,Y,,,5,,,,,,S,Y,3,0,1,1,A,-,01,23152,A,N,E,I,A,A,H,-,C,D,0,,,,,Y,Y,A,01,0,1,0,0,0,0,0,0,0,"- ","- ",34.234729999999999,-118.41195999999999,"LOS ANGELES","LOS ANGELES",-118.41195974,34.23473027
90423536,2017,2017-03-29,9580,2017-03-19,2235,020828,,7,3,7,1942,0,1,3,,1,271,"SR-27 N/B (TOPANGA CYN. BLVD.)","OAKWOOD DR",300.00,N,N,A,-,N,,,,,,,,,,N,4,0,1,1,A,-,01,23152,A,N,F,A,A,A,H,-,D,D,0,,,,,Y,Y,A,01,0,0,1,0,0,0,0,0,0,"- ","- ",34.111020000000003,-118.5921,"LOS ANGELES","LOS ANGELES",,
90423663,2017,2017-03-29,9580,2017-03-19,0250,021241,,7,3,7,1942,0,1,2,,2,100,"US-101 N/B (VENTURA FREEWAY)","LAUREL CANYON BLVD",1320.00,N,N,A,-,Y,,,101,,,,,,N,Y,3,0,1,1,A,-,08,22107,,N,E,I,A,A,H,-,D,D,0,,,,,Y,Y,A,01,0,1,0,0,0,0,0,0,0,"- ","- ",34.155880000000003,-118.40111,"LOS ANGELES","LOS ANGELES",-118.40115584,34.155789110000001
90424859,2017,2017-05-18,9535,2017-03-21,1940,021462,,2,2,9,1900,0,2,4,,2,016,"1ST ST.","GAGE AVE",0.00,,Y,B,C,N,,,,,,,,,,N,3,0,2,3,A,-,01,23153,A,N,G,B,B,B,H,-,C,A,0,Y,,,,Y,Y,D,22,0,2,0,0,2,0,0,0,0,"- ","- ",34.036029999999997,-118.18462,"LOS ANGELES",UNINCORPORATED,-118.18464012,34.036030050000001
90425038,2017,2017-03-31,9565,2017-03-24,1330,021576,,5,1,9,1900,0,2,4,,2,024,"IMPERIAL HWY. W/B","NORMANDIE AVE.",100.00,W,N,A,-,N,,,,,,,,,,Y,3,0,1,2,A,-,07,21658,A,N,B,C,A,A,H,-,A,D,0,,,Y,,Y,Y,A,07,0,1,0,0,0,0,0,0,1,"- ","- ",33.93103,-118.30054,"LOS ANGELES",UNINCORPORATED,-118.30064901,33.931022059999997
90425431,2017,2017-04-03,9540,2017-03-28,1835,020837,,2,2,9,1900,0,1,3,,2,146,"SR-14 N/B (AVF) TO SOLEDAD CYN RD","SOLEDAD CANYON RD",215.00,S,N,A,-,Y,,,14,,,,R,,N,Y,4,0,1,1,A,-,01,23152,A,N,E,I,A,A,H,-,A,D,0,,,,,Y,Y,A,01,0,0,1,0,0,0,0,0,0,"- ","- ",34.432479999999998,-118.38534,"LOS ANGELES",UNINCORPORATED,-118.38534,34.432479999999998
90425830,2017,2017-04-03,9530,2017-03-14,2100,014451,,2,2,9,1900,0,3,5,,2,002,"SAN PEDRO ST.","ROSECRANS AVE.",0.00,,Y,B,-,N,,,,,,,,,,Y,3,0,1,2,A,-,01,23152,A,N,D,C,A,A,H,-,C,A,0,,,,,Y,Y,A,07,0,1,0,0,0,0,0,0,0,"- ","- ",33.90213,-118.26929,"LOS ANGELES",UNINCORPORATED,-118.26900005,33.901960109999997
9042585,2020,2020-02-26,1900,2020-01-02,2050,520752,1192,4,5,6,1992,0,0,0,,0,111T2,"AVENUE L","30TH ST WEST",166.00,E,N,A,-,N,,,,,,,,,,Y,4,0,1,2,A,-,01,23152,A,N,C,C,A,A,H,-,C,A,0,,,,,Y,Y,D,22,0,0,1,0,0,0,0,0,0,"- ","- ",,,"LOS ANGELES",LANCASTER,-118.18292999267578,34.660274505615234
90426122,2017,2017-04-03,9525,2017-03-17,0854,018992,,5,1,5,1906,0,1,1,,2,651,"I-605 S/B (SAN GABRIEL RIVER FWY)","RAMONA BLVD",1200.00,N,N,A,-,Y,,,,,,,,,,Y,4,0,1,2,A,-,03,22350,,F,C,C,A,A,H,-,A,D,0,,,,,Y,Y,A,01,0,0,1,0,0,0,0,0,0,"- ","- ",34.080910000000003,-117.99798,"LOS ANGELES","BALDWIN PARK",-117.99794060000001,34.080800709999998
90426211,2017,2017-05-15,9525,2017-03-19,0224,020823,,7,3,6,1955,0,1,1,,2,110,"I-10 E/B (SAN BERNARDINO FWY)","TOWNE AVE",1320.00,W,N,A,-,Y,,,10,,,,,,E,Y,4,0,1,5,A,-,03,22350,,N,C,C,A,A,H,-,C,D,0,,,,,Y,Y,A,01,0,0,1,0,0,0,0,0,0,"- ","- ",34.076419999999999,-117.74563000000001,"LOS ANGELES",POMONA,-117.74565998,34.076493560000003
9042755,2020,2020-03-06,1900,2020-01-15,1515,026575,0643,3,5,6,1985,0,0,0,,0,61T1,"NEWHALL RANCH RD","SANTA CLARITA PARKWAY",450.00,W,N,A,-,N,,,,,,,,,,Y,4,0,1,2,A,-,08,22107,,N,B,C,A,A,H,-,A,D,0,,,,,Y,Y,A,07,0,0,1,0,0,0,0,0,0,"- ","- ",34.424541473388672,-118.52266693115234,"LOS ANGELES","SANTA CLARITA",-118.52082824707031,34.425334930419922
90427789,2017,2017-04-05,9550,2017-03-24,0222,020688,,5,3,9,1900,0,3,5,,2,005,"FULLERTON RD","CROSSHAVEN DRIVE",100.00,N,N,A,-,N,,,,,,,,,,Y,4,0,1,4,A,-,01,23152,A,N,B,C,A,A,H,-,C,D,0,,,,,Y,Y,A,01,0,0,1,0,0,0,0,0,0,"- ","- ",33.984000000000002,-117.90764,"LOS ANGELES",UNINCORPORATED,-117.90766872,33.984161890000003
9042831,2020,2020-02-20,1900,2020-01-07,1757,601485,2608,2,5,6,1950,0,0,0,,0,262T1,"AVENUE R-4","HALIFAX ST",0.00,,Y,A,-,N,,,,,,,,,,Y,2,0,1,2,A,-,03,22350,,N,G,B,D,A,H,-,C,D,0,Y,,,,Y,Y,A,01,1,0,0,0,1,0,0,0,0,"- ","- ",34.569400787353516,-118.09120178222656,"LOS ANGELES",PALMDALE,-118.09146118164062,34.569351196289062
90431260,2017,2017-04-11,9550,2017-04-09,2310,021121,,7,3,6,1949,0,1,1,,2,651,"INTERSTATE 605 S/B","IMPERIAL HIGHWAY",740.00,N,N,A,-,Y,,,605,,,,,,S,Y,3,0,1,2,A,-,01,23152,A,N,C,C,A,A,H,-,C,D,0,,,,Y,Y,Y,D,22,0,1,0,0,0,0,0,0,0,"- ","- ",33.920769999999997,-118.10465000000001,"LOS ANGELES",NORWALK,-118.10467477,33.92077097
90431433,2017,2017-04-11,9535,2017-04-08,2135,020816,,6,2,9,1900,0,1,3,,2,620,"SR-60 (POMONA FREEWAY) E/B","SANTA ANITA AVE",1600.00,W,N,A,-,Y,,,60,,,,,,E,Y,3,0,2,2,A,-,01,23152,A,F,B,C,A,A,H,-,C,D,0,,,,,Y,Y,A,01,0,2,0,0,0,0,0,0,0,"- ","- ",34.04081,-118.05876000000001,"LOS ANGELES",UNINCORPORATED,-118.05875532,34.04083662
90433333,2017,2017-04-13,9530,2017-04-04,2315,020923,,2,3,9,1900,0,3,5,,2,001,"ALAMEDA ST. (8600 BLOCK)","FIRESTONE BLVD.",36.00,N,N,A,-,N,,,,,,,,,,Y,3,0,1,1,A,-,01,23152,A,N,E,I,A,A,H,-,C,D,0,,,,,Y,Y,A,01,0,1,0,0,0,0,0,0,0,"- ","- ",33.957999999999998,-118.2311,"LOS ANGELES",UNINCORPORATED,-118.23110228,33.957886969999997
90434167,2017,2017-04-14,9525,2017-04-12,1350,019379,,3,1,3,1921,0,1,1,,2,202,"I-210 E/B (FOOTHILL FWY)","HIGHLAND AVE.",100.00,W,N,A,-,Y,,,210,,,,,,E,Y,4,0,3,3,A,-,01,23152,A,F,C,C,A,A,H,-,A,D,0,,,,,Y,Y,A,01,0,0,3,0,0,0,0,0,0,"- ","- ",34.13541,-117.9734,"LOS ANGELES",DUARTE,-117.97339233,34.135330140000001
9043417,2020,2020-02-21,1942,2020-01-03,2120,41957,0745,5,5,7,1942,0,0,0,G,0,7A33,"S LA BREA AV","S ORANGE DR",40.00,S,N,A,-,N,,,,,,,,,,Y,4,0,1,1,A,-,01,23152,A,N,A,I,A,A,H,-,C,D,0,,,,,Y,Y,A,07,0,0,1,0,0,0,0,0,0,"- ","- ",,,"LOS ANGELES","LOS ANGELES",-118.34410095214844,34.05511474609375
90435539,2017,2017-04-17,9525,2017-04-16,2036,020891,,7,2,6,1955,0,1,1,,2,107,"I-10 W/B (SAN BERNARDINO FWY)","SR-57 N/B (ORANGE FWY)",500.00,E,N,A,-,Y,,,10,,,,,,W,Y,4,0,2,2,A,-,01,23152,A,N,C,C,A,A,H,-,C,D,0,,,,,Y,Y,D,22,0,0,2,0,0,0,0,0,0,"- ","- ",34.07011,-117.79624,"LOS ANGELES",POMONA,-117.79619982,34.070020900000003
9043999,2020,2020-05-27,1942,2020-02-03,0252,43743,0911,1,5,7,1942,0,0,0,I,0,9A23,"SEPULVEDA BL","VANOWEN ST",0.00,,Y,A,-,N,,,,,,,,,,Y,3,0,3,2,A,-,01,23152,A,N,A,C,A,A,H,-,C,A,0,,,,,Y,Y,A,07,0,1,2,0,0,0,0,0,0,"- ","- ",,,"LOS ANGELES","LOS ANGELES",-118.46617889404297,34.193920135498047
90440201,2017,2017-04-24,9590,2017-03-25,0530,021596,,6,3,7,1942,0,1,3,,2,095,"SR-2 W/B (GLF) TO FLETCHER DR","LARGA AVE",20.00,W,N,A,-,Y,,,2,,,,R,,W,Y,3,0,1,1,A,-,01,23152,A,N,E,J,A,A,H,-,C,D,0,,,,,Y,Y,A,01,0,1,0,0,0,0,0,0,0,"- ","- ",34.10971,-118.25111,"LOS ANGELES","LOS ANGELES",-118.25111,34.10971
90440216,2017,2017-04-24,9575,2017-04-09,0140,021254,,7,3,6,1953,0,1,1,,2,064,"I-210 E/B (FOOTHILL FREEWAY)","ALTADENA DRIVE",800.00,W,N,A,-,Y,,,210,,,,,,E,Y,3,0,1,2,A,-,07,21658,A,F,B,C,A,A,H,-,D,D,0,,,,,Y,Y,-,"- ",0,1,0,0,0,0,0,0,0,"- ","- ",34.152360000000002,-118.10129999999999,"LOS ANGELES",PASADENA,-118.10129999999999,34.152359879999999
90440489,2017,2017-04-24,9530,2017-04-14,2353,021191,,5,3,6,1972,0,1,1,,2,400,"I-405 N/B (SAN DIEGO FREEWAY)","ARTESIA BLVD.",800.00,N,N,A,-,Y,,,405,,,,,,N,Y,3,0,1,1,A,-,01,23152,A,N,E,I,A,A,H,-,D,D,0,,,,,Y,Y,A,01,0,1,0,0,0,0,0,0,0,"- ","- ",33.878239999999998,-118.34598,"LOS ANGELES",TORRANCE,-118.34592907,33.878275029999998
90440882,2017,2017-04-24,9525,2017-04-15,0250,020693,,6,3,9,1900,0,3,5,,2,002,"BADILLO STREET (1600 BLOCK)","ORANGE AVE",7.00,E,N,A,-,N,,,,,,,,,,Y,4,0,1,1,A,-,01,23152,A,N,E,I,A,A,H,-,C,A,0,,,,,Y,Y,A,01,0,0,1,0,0,0,0,0,0,"- ","- ",34.087119999999999,-117.94141999999999,"LOS ANGELES",UNINCORPORATED,-117.94185696,34.087039099999998
90442015,2017,2017-04-26,9580,2017-04-13,2020,018101,,4,2,7,1942,0,1,3,,2,116,"SR-118 E/B (RONALD REAGAN FWY.)","RESEDA BLVD",250.00,W,N,A,-,Y,,,118,,,,,,E,Y,3,0,1,1,A,-,01,23152,A,N,E,I,A,A,A,-,A,D,0,,,,,Y,Y,A,01,0,1,0,0,0,0,0,0,0,"- ","- ",34.274639999999998,-118.53722,"LOS ANGELES","LOS ANGELES",-118.53725168,34.274793279999997
9044349,2020,2020-02-27,1941,2020-01-30,2059,5754,,4,5,7,1941,0,0,0,,0,,"ANAHEIM ST","CHESTNUT AV",137.00,W,N,A,-,N,,,,,,,,,,Y,3,0,1,7,A,-,01,23152,,N,C,E,A,A,H,-,C,D,0,,,,,Y,Y,A,,0,1,0,0,0,0,0,0,0,"- ","- ",,,"LOS ANGELES","LONG BEACH",-118.19680023193359,33.782600402832031