CASE_ID,ACCIDENT_YEAR,PROC_DATE,JURIS,COLLISION_DATE,COLLISION_TIME,OFFICER_ID,REPORTING_DISTRICT,DAY_OF_WEEK,CHP_SHIFT,POPULATION,CNTY_CITY_LOC,SPECIAL_COND,BEAT_TYPE,CHP_BEAT_TYPE,CITY_DIVISION_LAPD,CHP_BEAT_CLASS,BEAT_NUMBER,PRIMARY_RD,SECONDARY_RD,DISTANCE,DIRECTION,INTERSECTION,WEATHER_1,WEATHER_2,STATE_HWY_IND,CALTRANS_COUNTY,CALTRANS_DISTRICT,STATE_ROUTE,ROUTE_SUFFIX,POSTMILE_PREFIX,POSTMILE,LOCATION_TYPE,RAMP_INTERSECTION,SIDE_OF_HWY,TOW_AWAY,COLLISION_SEVERITY,NUMBER_KILLED,NUMBER_INJURED,PARTY_COUNT,PRIMARY_COLL_FACTOR,PCF_CODE_OF_VIOL,PCF_VIOL_CATEGORY,PCF_VIOLATION,PCF_VIOL_SUBSECTION,HIT_AND_RUN,TYPE_OF_COLLISION,MVIW,PED_ACTION,ROAD_SURFACE,ROAD_COND_1,ROAD_COND_2,LIGHTING,CONTROL_DEVICE,CHP_ROAD_TYPE,PEDESTRIAN_ACCIDENT,BICYCLE_ACCIDENT,MOTORCYCLE_ACCIDENT,TRUCK_ACCIDENT,NOT_PRIVATE_PROPERTY,ALCOHOL_INVOLVED,STWD_VEHTYPE_AT_FAULT,CHP_VEHTYPE_AT_FAULT,COUNT_SEVERE_INJ,COUNT_VISIBLE_INJ,COUNT_COMPLAINT_PAIN,COUNT_PED_KILLED,COUNT_PED_INJURED,COUNT_BICYCLIST_KILLED,COUNT_BICYCLIST_INJURED,COUNT_MC_KILLED,COUNT_MC_INJURED,PRIMARY_RAMP,SECONDARY_RAMP,LATITUDE,LONGITUDE,COUNTY,CITY,POINT_X,POINT_Y
90443712,2017,2017-04-27,9550,2017-04-26,1535,021577,,3,2,9,1900,0,2,4,,1,012,"WASHINGTON BLVD. E/B","MILLERGROVE DR.",150.00,W,N,A,-,N,,,,,,,,,,Y,4,0,1,3,A,-,01,23152,A,N,C,C,A,A,H,-,A,A,0,,,,,Y,Y,D,22,0,0,1,0,0,0,0,0,0,"- ","- ",33.973100000000002,-118.0767,"LOS ANGELES",UNINCORPORATED,-118.07666594,33.972919230000002
90444930,2017,2017-04-28,9545,2017-04-26,2228,019345,,3,3,9,1900,0,1,3,,2,011,"SR-14 N/B","AVENUE L",1175.00,S,N,A,-,Y,,,,,,,,,,Y,4,0,1,1,A,-,01,23152,A,N,E,A,A,A,H,-,D,D,0,,,,,Y,Y,A,07,0,0,1,0,0,0,0,0,0,"- ","- ",34.65455,-118.15328,"LOS ANGELES",UNINCORPORATED,,
90444994,2017,2017-04-28,9545,2017-04-21,0150,020524,,5,3,9,1900,0,3,5,,2,002,"TIERRA SUBIDA AVE","LAKEVIEW DR",96.00,N,N,A,-,N,,,,,,,,,,Y,3,0,1,1,A,-,01,23152,A,N,E,I,A,A,H,-,C,D,0,,,,,Y,Y,A,01,0,1,0,0,0,0,0,0,0,"- ","- ",34.542470000000002,-118.14153,"LOS ANGELES",UNINCORPORATED,-118.14132724,34.542463220000002
90445238,2017,2017-04-28,9565,2017-03-24,0205,021134,,5,3,7,1942,0,1,1,,2,064,"I-405 S/B (SAN DIEGO FWY)","CHURCH LN",900.00,N,N,A,-,Y,,,405,,,,,,S,Y,3,0,1,2,A,-,01,23152,A,N,C,C,A,A,H,-,C,D,0,,,,Y,Y,Y,D,22,0,1,0,0,0,0,0,0,0,"- ","- ",34.082070000000002,-118.47418,"LOS ANGELES","LOS ANGELES",-118.47412524000001,34.08209488
90446865,2017,2017-05-02,9550,2017-04-23,0230,021386,,7,3,9,1900,0,3,5,,2,001,"RIVERA ROAD","NORWALK BOULEVARD",150.00,E,N,A,-,N,,,,,,,,,,Y,3,0,1,1,A,-,01,23152,A,N,E,I,A,A,H,-,D,D,0,,,,,Y,Y,A,01,0,1,0,0,0,0,0,0,0,"- ","- ",33.963589999999996,-118.06989,"LOS ANGELES",UNINCORPORATED,-118.06998865,33.963523379999998
90448138,2017,2017-05-03,9545,2017-04-25,2030,018033,,2,2,9,1900,0,1,3,,2,011,"SR-14 S/B FROM AVENUE L E/B","AVENUE L",230.00,S,N,A,G,Y,,,,,,,,,,Y,4,0,1,3,A,-,01,23152,A,N,E,I,A,A,H,-,D,D,0,,,,,Y,Y,A,01,0,0,1,0,0,0,0,0,0,"- ","- ",34.659590000000001,-118.15385000000001,"LOS ANGELES",UNINCORPORATED,,
90448457,2017,2017-05-03,9540,2017-04-22,1720,021497,,6,2,7,1942,0,1,1,,2,500,"INTERSTATE 5 N/B (GOLDEN STATE FREEWAY)","SAN FERNANDO MISSION BLVD",150.00,S,N,A,-,Y,,,,,,,,,,Y,3,0,2,2,A,-,01,23152,A,N,B,C,A,A,H,-,A,D,0,,,,,Y,Y,A,01,0,2,0,0,0,0,0,0,0,"- ","- ",34.163550000000001,-118.27879,"LOS ANGELES","LOS ANGELES",-118.45260069,34.27659251
90450425,2017,2017-05-08,9550,2017-04-30,0420,021100,,7,3,5,1935,0,1,1,,2,151,"INTERSTATE 105 EASTBOUND","PARAMOUNT BOULEVARD",1300.00,E,N,A,-,Y,,,,,,,,,,Y,3,0,2,2,A,-,01,23152,A,N,C,C,A,A,H,-,D,A,0,,,,,Y,Y,A,01,0,1,1,0,0,0,0,0,0,"- ","- ",33.911729999999999,-118.15994999999999,"LOS ANGELES",LAKEWOOD,-118.15577168999999,33.912124820000003
90450667,2017,2017-05-08,9530,2017-04-30,1930,021038,,7,2,9,1900,0,3,5,,2,004,"ALAMEDA ST. (19000 BLOCK)","SANTA FE AVE.",693.00,N,N,A,-,N,,,,,,,,,,Y,3,0,1,2,A,-,11,21954,A,N,G,B,D,A,H,-,A,D,0,Y,,,,Y,Y,N,60,0,1,0,0,1,0,0,0,0,"- ","- ",33.859699999999997,-118.2171,"LOS ANGELES",UNINCORPORATED,-118.21728219000001,33.859300339999997
9045068,2020,2020-03-03,1941,2020-01-19,1928,10799,,7,5,7,1941,0,0,0,,0,,"SANTA FE AV","19TH ST",0.00,,-,A,-,N,,,,,,,,,,,3,0,1,4,A,-,01,23152,A,N,B,E,A,A,H,-,C,D,0,,,,,Y,Y,D,,0,1,0,0,0,0,0,0,0,"- ","- ",,,"LOS ANGELES","LONG BEACH",-118.21553039550781,33.791698455810547
90451842,2017,2017-05-09,9545,2017-04-30,0021,020655,,7,3,6,1992,0,1,3,,2,011,SR-14,"AVENUE K",1584.00,N,N,A,-,Y,,,14,,,,,,,Y,2,0,1,1,A,-,01,23152,A,N,E,I,A,A,H,-,D,D,0,,,,,Y,Y,A,01,1,0,0,0,0,0,0,0,0,"- ","- ",34.67944,-118.16189,"LOS ANGELES",LANCASTER,-118.16179024,34.679534750000002
90452633,2017,2017-05-10,9550,2017-05-08,0120,021451,,1,3,6,1949,0,1,1,,2,651,"INTERSTATE 605 NORTHBOUND","ALONDRA BOULEVARD",2000.00,N,N,A,-,Y,,,,,,,,,,Y,2,0,2,1,A,-,01,23152,A,N,H,A,A,A,H,-,D,D,0,,,,,Y,Y,D,22,1,1,0,0,0,0,0,0,0,"- ","- ",33.892580000000002,-118.04593,"LOS ANGELES",NORWALK,-118.10457877,33.893069089999997
90453320,2017,2017-05-10,9580,2017-04-15,0545,021498,,6,3,9,1900,0,1,3,,1,120,"SR-1 S/B (PACIFIC COAST HWY.)","COASTLINE DR",1056.00,N,N,A,-,Y,,,1,,,,,,S,Y,2,0,3,3,A,-,01,23152,A,N,B,E,A,A,H,-,C,D,0,,,,,Y,Y,A,01,2,1,0,0,0,0,0,0,0,"- ","- ",34.041780000000003,-118.57192999999999,"LOS ANGELES",UNINCORPORATED,-118.57194339999999,34.041830730000001
9045396,2019,2020-02-13,1942,2019-09-20,0730,43930,1836,5,5,7,1942,0,0,0,R,0,18A35,"108TH ST","CENTRAL AV",0.00,,Y,A,-,N,,,,,,,,,,N,4,0,1,2,A,-,09,21801,A,N,D,C,A,A,H,-,A,D,0,,,Y,,Y,Y,A,01,0,0,1,0,0,0,0,0,1,"- ","- ",,,"LOS ANGELES","LOS ANGELES",-118.25418853759766,33.938259124755859
90455472,2017,2017-09-07,9575,2017-05-03,1818,021566,,3,2,9,1900,0,3,5,,2,008,"WILLARD AVE.","LONGDEN AVE.",0.00,,Y,A,-,N,,,,,,,,,,Y,3,0,2,2,A,-,01,23152,A,N,D,C,A,A,H,-,A,A,0,,,,,Y,Y,A,01,0,1,1,0,0,0,0,0,0,"- ","- ",34.11347,-118.08544999999999,"LOS ANGELES",UNINCORPORATED,-118.08548,34.113490089999999
90455973,2017,2017-05-15,9540,2017-04-30,0130,021361,,7,3,9,1900,0,1,3,,1,140,"SR-14 N/B TRUCK RTE FROM I-5 N/B","SIERRA HIGHWAY",860.00,S,N,A,-,Y,,,14,,,,R,,N,Y,3,0,1,1,A,-,01,23152,A,N,E,I,A,A,H,-,C,D,0,,,,,Y,Y,A,01,0,1,0,0,0,0,0,0,0,"- ","- ",34.33625,-118.50628,"LOS ANGELES",UNINCORPORATED,-118.50628,34.33625
90456491,2017,2017-05-16,9540,2017-05-02,1555,019772,,2,2,9,1900,0,2,4,,1,204,"BOUQUET CANYON ROAD","KUNA DRIVE (PVT)",6864.00,N,N,A,-,N,,,,,,,,,,Y,4,0,3,2,A,-,01,23152,A,N,B,C,A,A,H,-,A,D,0,,,,,Y,Y,A,01,0,0,3,0,0,0,0,0,0,"- ","- ",34.507809999999999,-118.45271,"LOS ANGELES",UNINCORPORATED,-118.45281611,34.508893800000003
90456779,2017,2017-05-16,9525,2017-05-09,0220,015988,,2,3,6,1955,0,1,1,,2,108,"I-10 E/B TO FAIRPLEX DR.","FAIRPLEX DR.",493.00,W,N,A,-,Y,,,10,,,,R,,E,Y,2,0,1,1,A,-,01,23152,A,N,E,I,A,A,H,-,C,D,0,,,,,Y,Y,D,22,1,0,0,0,0,0,0,0,0,"- ","- ",34.072220000000002,-117.78982999999999,"LOS ANGELES",POMONA,-117.78982999999999,34.072220000000002
90456886,2017,2017-05-16,9575,2017-01-26,0156,020902,,4,3,7,1942,0,1,1,,2,053,"I-5 N/B (GOLDEN STATE FREEWAY)","VAN NUYS BLVD",123.00,S,N,A,-,Y,,,5,,,,,,N,Y,1,1,1,2,A,-,01,23152,G,N,A,C,A,A,H,-,C,D,0,,,,,Y,Y,A,07,1,0,0,0,0,0,0,0,0,"- ","- ",34.256419999999999,-118.43432,"LOS ANGELES","LOS ANGELES",-118.43447175999999,34.256259069999999
90457823,2017,2017-05-17,9590,2017-05-07,2305,021201,,7,3,7,1942,0,1,1,,2,053,"I-110 S/B (HARBOR FREEWAY)","2ND STREET",200.00,S,N,A,-,Y,,,110,,,,,,S,Y,3,0,1,2,A,-,01,23152,A,N,C,C,A,A,H,-,C,D,0,,,,,Y,Y,A,01,0,1,0,0,0,0,0,0,0,"- ","- ",34.057870000000001,-118.25416,"LOS ANGELES","LOS ANGELES",-118.25425197,34.057964740000003
90459391,2017,2017-05-19,9580,2017-05-07,0240,020788,,7,3,7,1942,0,1,2,,2,102,"US-101 N/B (VENTURA FREEWAY)","VAN NUYS BOULEVARD",330.00,S,N,B,-,Y,,,101,,,,,,N,Y,3,0,1,1,A,-,01,23152,A,N,E,I,A,B,H,-,C,D,0,,,,,Y,Y,A,01,0,1,0,0,0,0,0,0,0,"- ","- ",34.156399999999998,-118.44704,"LOS ANGELES","LOS ANGELES",-118.44704240999999,34.156394659999997
90459726,2017,2017-05-19,9550,2017-05-12,2350,020959,,5,3,6,1949,0,1,1,,2,651,"INTERSTATE 605 (SAN GABRIEL RIVER FREEW","FIRESTONE BOULEVARD",100.00,S,N,A,-,Y,,,605,,,,,,,Y,4,0,1,2,A,-,01,23152,A,N,C,C,A,A,H,-,C,D,0,,,,,Y,Y,A,01,0,0,1,0,0,0,0,0,0,"- ","- ",33.924410000000002,-118.10426,"LOS ANGELES",NORWALK,-118.10431319,33.924417099999999
90460557,2017,2017-05-22,9550,2017-05-17,1720,019117,,3,2,9,1900,0,3,5,,2,005,"ANNADEL AVENUE","WALNUT DRIVE SOUTH",10.00,S,N,B,-,N,,,,,,,,,,Y,3,0,1,1,A,-,01,23152,A,N,E,I,A,A,H,-,A,D,0,,,,,Y,Y,A,01,0,1,0,0,0,0,0,0,0,"- ","- ",33.993630000000003,-117.8747,"LOS ANGELES",UNINCORPORATED,-117.87473850000001,33.993703519999997
90460760,2017,2017-05-22,9535,2017-04-15,2249,021000,,6,3,4,1907,0,1,1,,2,074,"I-710 (LONG BEACH FREEWAY) N/B","FILESTONE BLVD",2400.00,N,N,A,-,Y,,,,,,,,,,Y,4,0,2,3,A,-,08,22107,,N,C,E,E,A,H,-,D,D,0,Y,,,,Y,Y,A,08,0,0,2,0,1,0,0,0,0,"- ","- ",33.955829999999999,-118.17042000000001,"LOS ANGELES",BELL,,
90460837,2017,2017-05-22,9545,2017-05-19,2030,017305,,5,2,6,1992,0,3,5,,2,001,"AVENUE K","110TH STREET WEST",432.00,E,N,A,-,N,,,,,,,,,,Y,3,0,1,1,A,-,01,23152,A,N,E,I,A,A,H,-,D,D,0,,,,,Y,Y,A,01,0,1,0,0,0,0,0,0,0,"- ","- ",34.674570000000003,-118.32229,"LOS ANGELES",LANCASTER,-118.32274595,34.674632610000003
90462274,2017,2017-05-24,9530,2017-05-16,2018,021623,,2,2,7,1942,0,1,3,,2,310,"SR-91 E/B (ARTESIA FREEWAY)",I-110,50.00,E,N,A,-,Y,,,91,,,,,,E,N,4,0,1,2,A,-,07,21658,A,N,B,C,A,A,H,-,C,D,0,,,,,Y,Y,-,99,0,0,1,0,0,0,0,0,0,"- ","- ",33.872700000000002,-118.2847,"LOS ANGELES","LOS ANGELES",-118.28470040000001,33.872673949999999
90463145,2017,2017-05-25,9550,2017-05-14,0615,021263,,7,1,7,1941,0,1,3,,2,090,"STATE ROUTE 91 EASTBOUND","CHERRY AVENUE",500.00,W,N,A,-,Y,,,91,,,,,,E,Y,4,0,1,2,A,-,01,23152,A,N,C,C,A,A,H,-,A,D,0,,,,,Y,Y,A,01,0,0,1,0,0,0,0,0,0,"- ","- ",33.876730000000002,-118.17309,"LOS ANGELES","LONG BEACH",-118.17307864,33.876840270000002
9046372,2019,2020-02-25,1910,2019-12-13,2353,05231,,5,5,4,1910,0,0,0,,0,005,"NORTH SANTA MONICA BL","WILSHIRE BL",32.00,W,N,A,-,N,,,,,,,,,,Y,4,0,2,3,A,-,01,23152,A,N,C,C,A,A,H,-,C,A,0,,,,,Y,Y,A,08,0,0,2,0,0,0,0,0,0,"- ","- ",,,"LOS ANGELES","BEVERLY HILLS",-118.41049957275391,34.067012786865234
9046555,2020,2020-06-05,1931,2020-02-17,0204,5324,1931,1,5,5,1931,0,0,0,,0,004,"CALIFORNIA ST","STATE ST",459.00,E,N,A,-,N,,,,,,,,,,Y,3,0,1,4,A,-,01,23152,A,N,A,E,A,A,H,-,C,D,0,,,,,Y,Y,A,01,0,1,0,0,0,0,0,0,0,"- ","- ",,,"LOS ANGELES","HUNTINGTON PARK",-118.20829010009766,33.970722198486328
9046567,2020,2020-03-03,1942,2020-01-28,0010,38185,2157,2,5,7,1942,0,0,0,,0,21A57,"DE SOTO AV","VANOWEN ST",70.00,N,N,A,-,N,,,,,,,,,,Y,3,0,1,3,A,-,01,23152,A,N,B,E,A,A,H,-,C,A,0,,,,,Y,Y,A,01,0,1,0,0,0,0,0,0,0,"- ","- ",,,"LOS ANGELES","LOS ANGELES",-118.58841705322266,34.193981170654297
90465863,2017,2017-05-29,9535,2017-04-30,0150,020859,,7,3,5,1959,0,1,1,,2,400,"I-10 E/B FROM ROSEMEAD BLVD.","SR-164 (ROSEMEAD BLVD)",50.00,W,N,A,-,Y,,,10,,,,R,,E,Y,3,0,1,1,A,-,01,23152,A,N,E,I,A,A,H,-,C,D,0,,,,,Y,Y,A,01,0,1,0,0,0,0,0,0,0,"- ","- ",34.07179,-118.07362000000001,"LOS ANGELES",ROSEMEAD,-118.07362000000001,34.07179
90466351,2017,2017-05-29,9565,2017-05-07,0410,021171,,7,3,9,1900,0,3,5,,2,006,"WILSHIRE BLVD","SAN VICENTE BLVD",400.00,E,N,B,C,N,,,,,,,,,,Y,2,0,1,1,A,-,01,23152,A,N,E,I,A,B,H,-,C,D,0,,,,,Y,Y,A,01,1,0,0,0,0,0,0,0,0,"- ","- ",34.053049999999999,-118.45822,"LOS ANGELES",UNINCORPORATED,-118.45856126,34.051720940000003
90468251,2017,2017-05-31,9550,2017-05-22,0148,021386,,1,3,4,1936,0,1,1,,2,501,"I-5 SB","VALLEY VIEW AVENUE",500.00,S,N,A,-,Y,,,5,,,,,,S,N,4,0,1,2,A,-,01,23152,A,N,C,C,A,A,D,-,D,D,0,,,,,Y,Y,A,01,0,0,1,0,0,0,0,0,0,"- ","- ",33.883139999999997,-118.02732,"LOS ANGELES","LA MIRADA",-118.02731334000001,33.883152240000001
9046949,2020,2020-02-20,1907,2020-01-10,1935,249,COM,5,5,4,1907,0,0,0,,0,,"EASTERN AV","EDISON POLE #1939072E",6.00,N,N,A,-,N,,,,,,,,,,Y,3,0,1,3,A,-,01,23152,B,N,C,C,A,A,H,-,C,A,0,,,,,Y,Y,A,01,0,1,0,0,0,0,0,0,0,"- ","- ",33.990459442138672,-118.16069793701172,"LOS ANGELES",BELL,,
90470038,2017,2017-06-02,9525,2017-05-30,0232,015988,,2,3,9,1900,0,2,4,,2,022,"ARROW HIGHWAY (20700 BLOCK)","LYMAN AVE",350.00,W,N,A,-,N,,,,,,,,,,Y,4,0,1,2,A,-,01,23152,A,N,C,E,A,A,H,-,C,D,0,,,,Y,Y,Y,A,01,0,0,1,0,0,0,0,0,0,"- ","- ",34.106810000000003,-117.85101,"LOS ANGELES",UNINCORPORATED,-117.85141342999999,34.106740010000003
90471411,2017,2017-06-06,9550,2017-06-05,0130,021577,,1,3,9,1900,0,1,1,,2,650,"I-605 N/B","PECK ROAD",1350.00,S,N,A,-,Y,,,,,,,,,,Y,2,0,2,2,A,-,01,23152,A,N,C,C,A,A,H,-,C,D,0,,,,Y,Y,Y,A,01,1,1,0,0,0,0,0,0,0,"- ","- ",34.131570000000004,-118.2256,"LOS ANGELES",UNINCORPORATED,-118.04120245,34.025019720000003
90471516,2017,2017-06-06,9590,2017-05-14,0230,021671,,7,3,7,1942,0,1,2,,2,070,"US 101 N/B (HOLLYWOOD FREEWAY)","GLENDALE BLVD.",1185.00,S,N,A,-,Y,,,,,,,,,,Y,3,0,4,2,A,-,01,23152,A,N,C,C,A,A,H,-,C,D,0,,,,,Y,Y,A,01,0,2,2,0,0,0,0,0,0,"- ","- ",34.068559999999998,-118.25774,"LOS ANGELES","LOS ANGELES",-118.25768208,34.068546720000001
90471621,2017,2017-06-16,9540,2017-05-14,1400,021118,,7,2,9,1900,0,2,4,,1,204,"BOUQUET CANYON RD N/B","TEXAS CANYON RD",13728.00,N,N,A,-,N,,,,,,,,,,Y,3,0,5,2,A,-,05,21460,A,N,A,C,A,A,H,-,A,A,0,,,,,Y,Y,D,22,0,2,3,0,0,0,0,0,0,"- ","- ",34.528889999999997,-118.4427,"LOS ANGELES",UNINCORPORATED,-118.44403783999999,34.522211949999999
90471873,2017,2017-06-06,9525,2017-05-20,0251,020823,,6,3,5,1990,0,1,3,,2,602,"SR-60 E/B (POMONA FWY)","GRAND AVE",625.00,W,N,A,-,Y,,,60,,,,,,E,Y,3,0,1,1,A,-,01,23152,A,N,E,I,A,A,H,-,C,D,0,,,,,Y,Y,A,01,0,1,0,0,0,0,0,0,0,"- ","- ",34.008360000000003,-117.82465000000001,"LOS ANGELES","DIAMOND BAR",-117.82481656,34.00853566
90472418,2017,2017-06-07,9550,2017-06-05,0020,021123,,1,3,9,1900,0,3,5,,2,002,"LEFFINGWELL RD. W/B","LA MIRADA BLVD.",385.00,E,N,A,-,N,,,,,,,,,,Y,4,0,1,2,A,-,01,23152,A,N,B,C,A,A,H,-,C,D,0,,,,,Y,Y,A,07,0,0,1,0,0,0,0,0,0,"- ","- ",33.927199999999999,-118.01047,"LOS ANGELES",UNINCORPORATED,-118.01075676000001,33.927012939999997
90473381,2017,2017-06-08,9565,2017-05-20,1815,021154,,6,2,9,1900,0,3,5,,2,003,"LA CIENEGA BLVD. S/B (5900 BLOCK)","SLAUSON AVE.",942.00,S,N,A,-,N,,,,,,,,,,Y,3,0,3,3,A,-,01,23152,A,N,C,C,A,A,H,-,A,D,0,,,,,Y,Y,A,01,0,2,1,0,0,0,0,0,0,"- ","- ",33.982779999999998,-118.37054999999999,"LOS ANGELES",UNINCORPORATED,-118.37121,33.988030000000002
90474342,2017,2017-06-09,9540,2017-04-17,0104,021464,,1,3,9,1900,0,1,3,,2,147,"SR-14 S/B (ANTELOPE VALLEY FREEWAY)","ESCONDIDO CANYON RD",150.00,S,N,A,-,Y,,,,,,,,,,Y,3,0,1,1,A,-,01,23152,A,N,E,I,A,A,H,-,D,D,0,,,,,Y,Y,A,07,0,1,0,0,0,0,0,0,0,"- ","- ",34.485930000000003,-118.28077999999999,"LOS ANGELES",UNINCORPORATED,-118.28424637000001,34.491878389999997
90475339,2017,2017-06-12,9550,2017-06-05,0205,021410,,1,3,9,1900,0,3,5,,2,002,"LAMBERT ROAD","FIRESIDE DR",300.00,E,N,A,-,N,,,,,,,,,,Y,4,0,1,1,A,-,01,23152,A,N,E,J,A,A,H,-,C,D,0,,,,,Y,Y,A,01,0,0,1,0,0,0,0,0,0,"- ","- ",33.925440000000002,-117.98042,"LOS ANGELES",UNINCORPORATED,-117.98056219999999,33.925392410000001
90476511,2017,2017-06-13,9590,2017-05-06,2300,021671,,6,3,7,1942,0,1,1,,2,012,"SR-110 N/B (ASP) TO FIGUEROA ST.","I-5 (GSF)",100.00,N,N,C,-,Y,,,110,,,,R,,N,Y,3,0,1,1,A,-,01,23152,A,M,E,I,A,B,H,-,C,D,0,,,,,Y,Y,A,01,0,1,0,0,0,0,0,0,0,"- ","- ",34.082070000000002,-118.22366,"LOS ANGELES","LOS ANGELES",-118.22366,34.082070000000002
90477283,2017,2017-06-13,9580,2017-06-07,0530,016413,,3,3,7,1942,0,1,2,,2,102,"US-101 N/B (VENTURA FREEWAY)","SEPULVEDA BLVD",101.00,S,N,B,-,Y,,,101,,,,,,N,Y,4,0,2,2,A,-,01,23152,G,N,E,I,A,A,H,-,C,D,0,,,,,Y,Y,A,01,0,0,2,0,0,0,0,0,0,"- ","- ",34.160029999999999,-118.46724,"LOS ANGELES","LOS ANGELES",-118.46727007,34.159939799999997
90481953,2017,2017-06-20,9545,2017-06-08,0215,019345,,4,3,9,1900,0,3,5,,2,004,"50TH ST  E","AVENUE M",9372000.00,S,N,A,-,N,,,,,,,,,,Y,3,0,1,1,A,-,01,23152,A,N,F,A,A,A,H,-,D,D,0,,,,,Y,Y,D,22,0,1,0,0,0,0,0,0,0,"- ","- ",34.641120000000001,-118.04092,"LOS ANGELES",UNINCORPORATED,-118.04518,34.580330000000004
90482408,2017,2017-06-21,9580,2017-05-29,2330,020791,,1,3,7,1942,0,1,3,,2,170,"SR-170 N/B TO OXNARD ST.","OXNARD ST",300.00,S,N,A,-,Y,,,170,,,,R,,N,Y,3,0,3,2,A,-,01,23152,A,N,C,C,A,A,H,-,C,D,0,,,,,Y,Y,D,22,0,1,2,0,0,0,0,0,0,"- ","- ",34.178440000000002,-118.39417,"LOS ANGELES","LOS ANGELES",-118.39417,34.178440000000002
90486246,2017,2017-06-23,9530,2017-06-21,2135,021016,,3,2,9,1900,0,3,5,,2,002,"AVALON BLVD.","135TH ST.",0.00,,Y,A,-,N,,,,,,,,,,Y,3,0,3,2,A,-,01,23152,A,N,A,C,A,A,H,-,C,A,0,,,,,Y,Y,A,01,0,2,1,0,0,0,0,0,0,"- ","- ",33.909100000000002,-118.2653,"LOS ANGELES",UNINCORPORATED,-118.26531005,33.90918001
90489497,2017,2017-11-16,9530,2017-02-26,1703,020935,,7,2,7,1942,0,1,3,,1,470,"SR-47 N/B (VINCENT THOMAS BRIDGE)","HARBOR BLVD.",1690.00,N,N,A,-,Y,,,47,,,,,,N,Y,3,0,1,2,A,-,03,22350,,N,C,C,A,A,H,-,A,D,0,,,,,Y,Y,A,07,0,1,0,0,0,0,0,0,0,"- ","- ",33.749699999999997,-118.2731,"LOS ANGELES","LOS ANGELES",-118.27310462,33.749669990000001
90492101,2017,2017-07-03,9590,2017-05-13,0302,021654,,6,3,7,1942,0,1,1,,2,085,"I-5 S/B (GSF)","FLETCHER DRIVE",1700.00,N,N,A,-,Y,,,5,,,,,,S,Y,3,0,1,3,A,-,08,22107,,N,B,C,A,A,H,-,C,D,0,,,,,Y,Y,A,07,0,1,0,0,0,0,0,0,0,"- ","- ",34.109090000000002,-118.26071,"LOS ANGELES","LOS ANGELES",-118.26072945999999,34.109051119999997
90492507,2017,2017-07-03,9565,2017-05-29,1825,021512,,1,2,9,1900,0,2,4,,2,031,"LA CIENEGA BLVD","STOCKER ST.",0.00,,Y,A,-,N,,,,,,,,,,Y,3,0,1,1,A,-,01,23152,A,N,E,J,A,A,H,-,A,A,0,,,,,Y,Y,A,01,0,1,0,0,0,0,0,0,0,"- ","- ",33.998040000000003,-118.36942000000001,"LOS ANGELES",UNINCORPORATED,-118.36959012,33.998050079999999
90492857,2017,2017-07-03,9575,2017-06-23,0410,021213,,5,3,7,1942,0,1,3,,2,070,"SR-118 E/B TO SAN FERNANDO RD.","SAN FERNANDO RD.",460.00,W,N,A,-,Y,,,118,,,,R,,E,Y,3,0,1,1,A,-,01,23152,A,N,E,I,A,A,H,-,C,D,0,,,,,Y,Y,A,08,0,1,0,0,0,0,0,0,0,"- ","- ",34.27102,-118.42961,"LOS ANGELES","LOS ANGELES",-118.42961,34.27102
90493185,2017,2017-07-03,9535,2017-06-22,0042,017781,,4,3,9,1900,0,1,1,,2,501,"I-5 (SANTA ANA FREEWAY) S/B","OLYMPIC BLVD.",15.00,S,N,A,-,Y,,,5,,,,,,S,Y,4,0,1,2,A,-,01,23152,A,M,C,C,A,A,H,-,C,D,0,,,,,Y,Y,A,01,0,0,1,0,0,0,0,0,0,"- ","- ",34.018659999999997,-118.17818,"LOS ANGELES",UNINCORPORATED,-118.17815474,34.018707120000002
90493308,2017,2017-07-04,9540,2017-06-23,2223,021308,,5,3,9,1900,0,1,1,,1,503,"I-5 S/B (GOLDEN STATE FREEWAY)","WELDON CANYON RD",1584.00,N,N,A,-,Y,,,5,,,,,,S,Y,3,0,2,1,A,-,08,22107,,N,E,I,A,A,H,-,C,D,0,,,,,Y,Y,A,01,0,1,1,0,0,0,0,0,0,"- ","- ",34.350140000000003,-118.5407,"LOS ANGELES",UNINCORPORATED,-118.54093319,34.349538029999998
90494485,2016,2017-07-05,9580,2016-06-28,0012,017371,,2,3,3,1994,0,1,2,,2,109,"US-101 S/B (VENTURA FREEWAY)","LEWIS ROAD PED. O/C",301.00,N,N,A,-,Y,,,101,,,,,,S,Y,1,2,0,2,A,-,00,23152,G,N,C,C,A,A,H,-,C,D,0,,,,Y,Y,Y,A,01,0,0,0,0,0,0,0,0,0,"- ","- ",34.143090000000001,-118.74431,"LOS ANGELES","AGOURA HILLS",-118.74430565999999,34.143132180000002