CASE_ID,ACCIDENT_YEAR,PROC_DATE,JURIS,COLLISION_DATE,COLLISION_TIME,OFFICER_ID,REPORTING_DISTRICT,DAY_OF_WEEK,CHP_SHIFT,POPULATION,CNTY_CITY_LOC,SPECIAL_COND,BEAT_TYPE,CHP_BEAT_TYPE,CITY_DIVISION_LAPD,CHP_BEAT_CLASS,BEAT_NUMBER,PRIMARY_RD,SECONDARY_RD,DISTANCE,DIRECTION,INTERSECTION,WEATHER_1,WEATHER_2,STATE_HWY_IND,CALTRANS_COUNTY,CALTRANS_DISTRICT,STATE_ROUTE,ROUTE_SUFFIX,POSTMILE_PREFIX,POSTMILE,LOCATION_TYPE,RAMP_INTERSECTION,SIDE_OF_HWY,TOW_AWAY,COLLISION_SEVERITY,NUMBER_KILLED,NUMBER_INJURED,PARTY_COUNT,PRIMARY_COLL_FACTOR,PCF_CODE_OF_VIOL,PCF_VIOL_CATEGORY,PCF_VIOLATION,PCF_VIOL_SUBSECTION,HIT_AND_RUN,TYPE_OF_COLLISION,MVIW,PED_ACTION,ROAD_SURFACE,ROAD_COND_1,ROAD_COND_2,LIGHTING,CONTROL_DEVICE,CHP_ROAD_TYPE,PEDESTRIAN_ACCIDENT,BICYCLE_ACCIDENT,MOTORCYCLE_ACCIDENT,TRUCK_ACCIDENT,NOT_PRIVATE_PROPERTY,ALCOHOL_INVOLVED,STWD_VEHTYPE_AT_FAULT,CHP_VEHTYPE_AT_FAULT,COUNT_SEVERE_INJ,COUNT_VISIBLE_INJ,COUNT_COMPLAINT_PAIN,COUNT_PED_KILLED,COUNT_PED_INJURED,COUNT_BICYCLIST_KILLED,COUNT_BICYCLIST_INJURED,COUNT_MC_KILLED,COUNT_MC_INJURED,PRIMARY_RAMP,SECONDARY_RAMP,LATITUDE,LONGITUDE,COUNTY,CITY,POINT_X,POINT_Y
90494666,2017,2017-07-06,9565,2017-07-04,2215,020264,,2,3,5,1928,0,1,1,,2,010,"I-105 E/B (CENTURY FREEWAY)","HAWTHORNE BLVD",770.00,W,N,A,-,Y,,,105,,,,,,E,Y,3,0,4,3,A,-,01,23152,A,N,C,C,A,A,H,-,C,D,0,,,,,Y,Y,A,01,0,2,2,0,0,0,0,0,0,"- ","- ",33.933399999999999,-118.35545999999999,"LOS ANGELES",HAWTHORNE,-118.35545294000001,33.933352800000002
90494948,2017,2017-07-06,9550,2017-07-04,0215,021196,,2,3,3,1964,0,1,1,,2,500,"I-5 N/B","PIONEER BLVD",2000.00,N,N,A,-,Y,,,,,,,,,,Y,2,0,1,2,A,-,01,23152,A,F,C,C,A,A,H,-,C,D,0,,,Y,,Y,Y,C,02,1,0,0,0,0,0,0,0,1,"- ","- ",33.92465,-118.08505,"LOS ANGELES","SANTA FE SPRINGS",-118.08516967,33.924818649999999
9049539,2020,2020-06-04,1900,2020-02-01,0205,636530,0612,6,5,6,1985,0,0,0,,0,61T1,"WHITES CANYON RD","NADAL ST",0.00,,Y,A,-,N,,,,,,,,,,Y,3,0,1,1,A,-,01,23152,A,N,E,I,A,A,H,-,C,A,0,,,,,Y,Y,A,01,0,1,0,0,0,0,0,0,0,"- ","- ",34.427871704101562,-118.46808624267578,"LOS ANGELES","SANTA CLARITA",-118.46798706054688,34.427730560302734
90497063,2017,2017-07-10,9530,2017-07-08,1728,020923,,6,2,9,1900,0,3,5,,2,002,"AVALON BLVD.","REDONDO BEACH BLVD.",0.00,,Y,A,-,N,,,,,,,,,,Y,3,0,3,2,A,-,01,23152,A,N,D,C,A,A,H,-,A,A,0,,,,,Y,Y,A,01,0,1,2,0,0,0,0,0,0,"- ","- ",33.893099999999997,-118.26519999999999,"LOS ANGELES",UNINCORPORATED,-118.26540004,33.893220079999999
90497119,2017,2017-07-10,9530,2017-06-25,2225,021380,,7,3,7,1942,0,1,1,,2,110,"I-110 S/B (HARBOR FREEWAY)","REDONDO AVE.",110.00,N,N,A,-,Y,,,110,,,,,,S,Y,3,0,1,1,A,-,01,23152,A,N,E,I,A,A,H,-,C,D,0,,,,,Y,Y,A,01,0,1,0,0,0,0,0,0,0,"- ","- ",33.894300000000001,-118.28579999999999,"LOS ANGELES","LOS ANGELES",-118.28590018,33.894284339999999
90497564,2017,2017-07-10,9525,2017-06-27,1953,019495,,2,2,9,1900,0,1,1,,2,106,"I-10 E/B (SAN BERNARDINO FWY)","HOLT AVE",1056.00,W,N,A,-,Y,,,10,,,,,,E,Y,3,0,2,4,A,-,08,22107,,N,B,C,A,A,D,E,A,D,0,,,,Y,Y,Y,A,01,0,2,0,0,0,0,0,0,0,"- ","- ",34.071100000000001,-117.86660000000001,"LOS ANGELES",UNINCORPORATED,-117.86661518,34.07105542
90498731,2017,2017-07-12,9565,2017-07-01,2340,021372,,6,3,9,1900,0,2,4,,2,043,"INGLEWOOD AVE","111TH ST",89.00,S,N,A,-,N,,,,,,,,,,Y,3,0,1,2,A,-,03,22350,,N,G,B,E,A,H,-,C,D,0,Y,,,,Y,Y,A,01,0,1,0,0,1,0,0,0,0,"- ","- ",33.934269999999998,-118.36136,"LOS ANGELES",UNINCORPORATED,-118.36133,33.934265889999999
90501507,2017,2017-07-17,9550,2017-07-16,0210,021577,,7,3,5,1919,0,1,1,,2,652,"I-605 NORTHBOUND TO SR-91 WESTBOUND",SR-91,300.00,N,N,A,-,Y,,,605,,,,R,,N,Y,4,0,2,1,A,-,01,23152,A,N,F,I,A,A,H,-,D,D,0,,,,,Y,Y,A,07,0,0,2,0,0,0,0,0,0,"- ","- ",33.878100000000003,-118.1027,"LOS ANGELES",CERRITOS,-118.1027,33.878100000000003
90502603,2017,2017-07-18,9550,2017-07-10,0030,021121,,1,3,9,1900,0,1,3,,2,600,"SR-60 W/B TO I-605","INTERSTATE 605 (SAN GABRIEL RIVER FREEWA",600.00,E,N,A,-,Y,,,60,,,,R,,W,Y,3,0,1,1,A,-,01,23152,A,N,E,I,A,A,H,-,D,D,0,,,,,Y,Y,A,08,0,1,0,0,0,0,0,0,0,"- ","- ",34.033520000000003,-118.02460000000001,"LOS ANGELES",UNINCORPORATED,-118.02460000000001,34.033520000000003
90503990,2017,2018-03-20,9535,2017-07-08,2130,021551,,6,2,9,1900,0,3,5,,2,002,"ARIZONA AVENUE N/B (500 BLOCK)","EAGLE ST.",372.00,S,N,A,-,N,,,,,,,,,,Y,1,1,0,2,A,-,11,21954,A,N,G,B,D,A,H,-,C,D,0,Y,,,,Y,Y,N,60,0,0,0,1,0,0,0,0,0,"- ","- ",34.028489999999998,-118.16489,"LOS ANGELES",UNINCORPORATED,-118.16512331,34.028191649999997
90504629,2017,2017-07-20,9565,2017-06-23,2258,021512,,5,3,9,1900,0,3,5,,2,002,"110TH ST.","BUDLONG AVE",511.00,E,N,A,-,N,,,,,,,,,,Y,4,0,3,3,A,-,01,23152,A,N,D,C,A,A,H,-,C,D,0,,,,,Y,Y,A,08,0,0,3,0,0,0,0,0,0,"- ","- ",33.935490000000001,-118.29412000000001,"LOS ANGELES",UNINCORPORATED,-118.29455882000001,33.935477589999998
90505294,2017,2017-07-21,9550,2017-07-19,0100,019120,,3,3,9,1900,0,1,3,,2,601,"STATE ROUTE 60 (EASTBOUND)","BARFORD PED OVERCROSSING",1056.00,E,N,A,-,Y,,,60,,,,,,,Y,3,0,1,2,A,-,01,23152,A,N,C,C,A,A,H,-,D,D,0,,,,,Y,Y,A,01,0,1,0,0,0,0,0,0,0,"- ","- ",34.002389999999998,-117.95023,"LOS ANGELES",UNINCORPORATED,-117.95021456000001,34.002439670000001
90506695,2017,2017-07-24,9530,2017-07-21,2350,021252,,5,3,5,1977,0,1,3,,2,310,"SR-91 W/B (ARTESIA FREEWAY)","AVALON BLVD.",330.00,E,N,A,-,Y,,,91,,,,,,W,Y,3,0,2,3,A,-,01,23152,A,N,B,C,A,A,H,-,C,D,0,,,,,Y,Y,D,22,0,2,0,0,0,0,0,0,0,"- ","- ",33.873399999999997,-118.2645,"LOS ANGELES",CARSON,-118.26450767999999,33.873523419999998
90507376,2017,2017-07-25,9590,2017-07-13,0157,020046,,4,3,4,1970,0,1,1,,2,015,"SR-110 S/B (ARROYO SECO PARKWAY)","GLENARM ST.",1800.00,S,N,A,-,Y,,,110,,,,,,S,Y,3,0,2,1,A,-,01,23152,A,N,F,A,A,A,H,-,C,D,0,,,,,Y,Y,A,01,0,2,0,0,0,0,0,0,0,"- ","- ",34.122860000000003,-118.14601999999999,"LOS ANGELES","SOUTH PASADENA",-118.14595534,34.122858530000002
90508861,2017,2017-07-26,9530,2017-07-17,0610,021689,,1,1,9,1900,0,1,1,,2,120,"I-110 N/B (HARBOR FREEWAY)","SEPULVEDA BLVD.",1584.00,S,N,A,-,Y,,,110,,,,,,N,Y,3,0,1,2,A,-,07,21658,A,F,B,C,A,A,H,-,A,D,0,,,,,Y,Y,-,99,0,1,0,0,0,0,0,0,0,"- ","- ",33.804450000000003,-118.28855,"LOS ANGELES",UNINCORPORATED,-118.28853762999999,33.804447080000003
90508882,2017,2017-07-26,9580,2017-07-16,0300,019776,,7,3,9,1900,0,1,3,,1,270,"SR-27 S/B (TOPANGA CYN. BLVD.)","OLD TOPANGA CANYON RD",200.00,S,N,A,-,Y,,,27,,,,,,S,Y,3,0,1,1,A,-,01,23152,A,N,E,I,A,A,H,-,C,D,0,,,,,Y,Y,A,01,0,1,0,0,0,0,0,0,0,"- ","- ",34.089289999999998,-118.60424999999999,"LOS ANGELES",UNINCORPORATED,-118.60419941000001,34.089339099999997
90509062,2017,2017-07-26,9590,2017-07-14,1400,021705,,5,2,7,1942,0,1,1,,2,085,"I-5 S/B (GSF) TO LOS FELIZ BOULEVARD","LOS FELIZ BLVD",1000.00,N,N,A,-,Y,,,5,,,,R,,S,Y,4,0,1,3,A,-,03,22350,,M,C,C,A,A,H,-,A,D,0,,,,,Y,Y,A,01,0,0,1,0,0,0,0,0,0,"- ","- ",34.12453,-118.27316999999999,"LOS ANGELES","LOS ANGELES",-118.27316999999999,34.12453
90509192,2017,2017-07-26,9565,2017-07-06,0840,021808,,4,1,7,1942,0,1,1,,2,062,"I-405 N/B (SAN DIEGO FREEWAY)","I-10 E/B",294.00,S,N,A,-,Y,,,405,,,,,,N,Y,3,0,1,2,A,-,07,21658,A,N,F,A,A,A,H,-,A,A,0,,,Y,,Y,Y,A,01,0,1,0,0,0,0,0,0,1,"- ","- ",34.030880000000003,-118.43319,"LOS ANGELES","LOS ANGELES",-118.43314023000001,34.030919390000001
90510196,2017,2017-07-27,9590,2017-07-18,0110,021583,,2,3,7,1942,0,1,2,,2,071,"US-101 S/B (HOF)","SILVER LAKE BLVD.",100.00,S,N,A,-,Y,,,101,,,,,,S,Y,4,0,1,2,A,-,03,22350,,F,C,C,A,A,H,-,D,D,0,,,,,Y,Y,-,99,0,0,1,0,0,0,0,0,0,"- ","- ",34.077030000000001,-118.28158999999999,"LOS ANGELES","LOS ANGELES",-118.28157662,34.077088600000003
90512539,2017,2017-07-31,9575,2017-07-16,1550,020119,,7,2,9,1900,0,2,4,,2,024,"WOODBURY RD.","LINCOLN AVE.",0.00,,Y,A,-,N,,,,,,,,,,Y,3,0,2,2,A,-,01,23152,A,N,D,C,A,A,H,-,A,A,0,,,,,Y,Y,D,22,0,2,0,0,0,0,0,0,0,"- ","- ",34.182980000000001,-118.15967000000001,"LOS ANGELES",UNINCORPORATED,-118.15970013,34.182990070000002
90512541,2017,2017-07-31,9575,2017-07-13,2220,020950,,4,3,7,1942,0,1,1,,2,050,"I-5 N/B TO SR-134 E/B TRANS ROAD","ZOO DR. OVERCROSSING",403.00,N,N,A,-,Y,,,5,,,,R,,N,Y,2,0,1,1,A,-,03,22350,,N,E,I,A,A,H,-,C,D,0,,,Y,,Y,Y,C,02,1,0,0,0,0,0,0,0,1,"- ","- ",34.152670000000001,-118.27957000000001,"LOS ANGELES","LOS ANGELES",-118.27957000000001,34.152670000000001
90512990,2017,2017-09-21,9525,2017-07-16,1600,021080,,7,2,6,1955,0,1,1,,2,108,"I-10 E/B (SAN BERNARDINO FWY)","SR-57 S/B (ORANGE FWY)",1320.00,W,N,A,-,Y,,,10,,,,,,E,N,4,0,3,2,A,-,01,23152,A,N,B,C,A,A,H,-,A,D,0,,,,,Y,Y,D,22,0,0,3,0,0,0,0,0,0,"- ","- ",34.064610000000002,-117.80965999999999,"LOS ANGELES",POMONA,-117.80956753,34.06415741
90513489,2017,2017-08-01,9550,2017-07-30,1935,021150,,7,2,9,1900,0,3,5,,2,002,"IMPERIAL HIGHWAY","CARMENITA ROAD",0.00,,Y,A,-,N,,,,,,,,,,Y,3,0,4,2,A,-,01,23152,A,N,D,C,A,A,H,-,B,A,0,,,,,Y,Y,A,01,0,2,2,0,0,0,0,0,0,"- ","- ",33.917079999999999,-118.04669,"LOS ANGELES",UNINCORPORATED,-118.04681008999999,33.917050109999998
90513538,2017,2017-08-01,9565,2017-07-28,0240,021658,,5,3,7,1942,0,1,1,,2,064,"I-405 SOUTHBOUND TO SUNSET BLVD","CHURCH LANE",115.00,E,N,A,-,Y,,,405,,,,R,,S,Y,3,0,1,1,A,-,01,23152,A,N,E,I,A,A,H,-,C,D,0,,,,,Y,Y,A,01,0,1,0,0,0,0,0,0,0,"- ","- ",34.07338,-118.46791,"LOS ANGELES","LOS ANGELES",-118.46791,34.07338
90514713,2017,2017-08-02,9590,2017-07-23,2128,021201,,7,2,7,1942,0,1,1,,2,053,"I-110 S/B (HARBOR FREEWAY) COLLECTOR RD","2ND STREET",200.00,S,N,A,-,Y,,,,,,,,,,Y,4,0,1,3,A,-,01,23152,A,F,C,C,A,A,H,-,C,D,0,,,,,Y,Y,A,01,0,0,1,0,0,0,0,0,0,"- ","- ",34.057360000000003,-118.25245,"LOS ANGELES","LOS ANGELES",,
90514982,2017,2017-08-02,9535,2017-07-23,0050,021000,,7,3,3,1914,0,1,1,,2,501,"I-5 S/B TO TRIGGS ST","TRIGGS ST",60.00,W,N,A,-,Y,,,5,,,,R,,S,Y,3,0,1,1,A,-,01,23152,A,N,E,I,A,A,H,-,C,D,0,,,,,Y,Y,A,01,0,1,0,0,0,0,0,0,0,"- ","- ",34.011220000000002,-118.16118,"LOS ANGELES",COMMERCE,-118.16118,34.011220000000002
90515159,2017,2017-08-02,9550,2017-07-21,0600,021449,,5,1,3,1964,0,1,1,,2,651,"I-605 NB TO I-5","FLORENCE AVENUE",300.00,N,N,A,-,Y,,,605,,,,R,,N,Y,3,0,1,1,A,-,01,23152,A,N,E,I,A,A,H,-,B,D,0,,,,,Y,Y,A,01,0,1,0,0,0,0,0,0,0,"- ","- ",33.938420000000001,-118.09726000000001,"LOS ANGELES","SANTA FE SPRINGS",-118.09726000000001,33.938420000000001
90515815,2016,2017-08-03,9580,2016-08-12,2317,020353,,5,3,7,1942,0,1,3,,2,116,"SR-118 E/B (RONALD REAGAN FWY.)","ENCINO AVE",291.00,E,N,A,-,Y,,,118,,,,,,E,Y,1,1,2,5,C,-,18,,,N,B,C,E,A,H,-,D,D,0,Y,,,,Y,Y,-,"- ",0,0,2,1,0,0,0,0,0,"- ","- ",34.277940000000001,-118.51424,"LOS ANGELES","LOS ANGELES",-118.51423536,34.277679970000001
90518106,2017,2017-08-07,9590,2017-07-22,0024,021643,,6,3,7,1942,0,1,1,,2,010,"SR-110 N/B (ARROYO SECO PARKWAY)","ALPINE ST.",200.00,N,N,A,-,Y,,,110,,,,,,N,N,4,0,1,3,A,-,03,22350,,N,C,C,A,A,H,-,C,D,0,,,,,Y,Y,A,01,0,0,1,0,0,0,0,0,0,"- ","- ",34.065010000000001,-118.24421,"LOS ANGELES","LOS ANGELES",-118.24420988999999,34.065009500000002
9051934,2020,2020-06-04,1942,2020-02-07,0610,37792,1033,5,5,7,1942,0,0,0,J,0,10A21,"VICTORY BL","WILBUR AV",900.00,E,N,A,-,N,,,,,,,,,,Y,3,0,1,4,A,-,01,23152,A,N,B,E,A,A,H,-,B,D,0,,,,,Y,Y,A,01,0,1,0,0,0,0,0,0,0,"- ","- ",,,"LOS ANGELES","LOS ANGELES",-118.54177093505859,34.186580657958984
90519821,2017,2017-08-09,9565,2017-07-26,0235,021729,,3,3,9,1900,0,2,4,,1,054,"ADMIRALTY WAY","VIA MARINA",0.00,,Y,A,-,N,,,,,,,,,,Y,3,0,1,1,A,-,01,23152,A,N,E,I,A,A,H,-,C,A,0,,,Y,,Y,Y,C,03,0,1,0,0,0,0,0,0,1,"- ","- ",33.981499999999997,-118.45972999999999,"LOS ANGELES",UNINCORPORATED,-118.46004007000001,33.981390079999997
90519830,2017,2017-08-09,9565,2017-07-29,2300,021632,,6,3,9,1900,0,3,5,,2,004,"137TH STREET","INGLEWOOD AVENUE",0.00,,Y,A,-,N,,,,,,,,,,Y,4,0,4,3,A,-,09,21802,A,N,D,C,A,A,H,-,C,A,0,,,,,Y,Y,A,07,0,0,4,0,0,0,0,0,0,"- ","- ",33.907769999999999,-118.36127,"LOS ANGELES",UNINCORPORATED,-118.36129004999999,33.907880079999998
90519944,2017,2017-08-09,9590,2017-07-25,1300,016689,,2,1,7,1942,0,1,1,,2,065,"I-10 W/B","NAOMI AVENUE",175.00,W,N,A,-,Y,,,10,,,,,,W,Y,3,0,1,2,A,-,01,23152,A,N,B,C,A,A,H,-,A,D,0,,,,,Y,Y,A,01,0,1,0,0,0,0,0,0,0,"- ","- ",34.024909999999998,-118.24728,"LOS ANGELES","LOS ANGELES",-118.24725897,34.02494866
9052000,2020,2020-10-13,1942,2020-02-06,1145,41510,1454,4,5,7,1942,0,0,0,N,0,14A45,"LINCOLN BL","BALI WY",443.00,S,N,A,-,Y,LA,7,1,-,-,31.030,H,-,S,N,3,0,1,2,A,-,08,22107,,N,B,G,A,A,H,-,A,A,0,,Y,,,Y,Y,L,04,0,1,0,0,0,0,1,0,0,"- ","- ",,,"LOS ANGELES","LOS ANGELES",-118.44027709960938,33.981555938720703
90520258,2017,2017-08-10,9550,2017-07-30,0815,021386,,7,1,9,1900,0,3,5,,2,001,"WASHINGTON BOULEVARD","MILNA AVE",30.00,E,N,A,-,N,,,,,,,,,,Y,3,0,1,3,A,-,01,23152,A,M,B,C,A,A,H,-,A,D,0,,,,,Y,Y,A,01,0,1,0,0,0,0,0,0,0,"- ","- ",33.972999999999999,-118.07678,"LOS ANGELES",UNINCORPORATED,-118.07696436000001,33.973369579999996
90521083,2017,2017-08-10,9530,2017-07-30,0510,021493,,7,3,9,1900,0,3,5,,2,004,"SUSANA RD.","PACIFIC COMMERCE DR.",170.00,S,N,A,-,N,,,,,,,,,,Y,4,0,1,1,A,-,08,22107,,N,E,I,A,A,H,-,C,D,0,,,,,Y,Y,A,01,0,0,1,0,0,0,0,0,0,"- ","- ",33.849130000000002,-118.20668000000001,"LOS ANGELES",UNINCORPORATED,-118.20681447,33.849203979999999
90522901,2017,2017-08-14,9565,2017-07-23,2200,021578,,7,3,6,1933,0,1,1,,2,060,"I-405 S/B FROM OLIVE ST.","ARBOR VITAE ST.",886.00,S,N,A,-,Y,,,405,,,,R,,S,Y,3,0,1,1,A,-,08,22107,,N,F,I,A,A,H,-,C,D,0,,,Y,,Y,Y,C,02,0,1,0,0,0,0,0,0,1,"- ","- ",33.950470000000003,-118.36951000000001,"LOS ANGELES",INGLEWOOD,-118.36951000000001,33.950470000000003
90523156,2017,2017-08-14,9580,2017-08-02,1814,019952,,3,2,7,1942,0,1,2,,2,102,"US-101 N/B (VENTURA FREEWAY)","SEPULVEDA BLVD",300.00,S,N,B,-,Y,,,101,,,,,,N,N,4,0,1,2,A,-,03,22350,,M,C,C,A,A,H,-,A,D,0,,,,,Y,Y,-,99,0,0,1,0,0,0,0,0,0,"- ","- ",34.159399999999998,-118.4602,"LOS ANGELES","LOS ANGELES",-118.46020559,34.159366820000002
90523175,2017,2017-08-14,9525,2017-08-07,2018,021080,,1,2,9,1900,0,3,5,,2,004,"DON JULIAN RD. (13600 BLOCK","PAMELA KAY LANE",98.00,W,N,A,-,N,,,,,,,,,,Y,2,0,1,2,A,-,01,23152,A,F,D,C,A,A,H,-,C,D,0,,,,,Y,Y,A,01,1,0,0,0,0,0,0,0,0,"- ","- ",34.040260000000004,-117.99697999999999,"LOS ANGELES",UNINCORPORATED,-117.9969931,34.040344269999999
90523710,2017,2017-08-15,9525,2017-08-09,2040,019970,,3,2,6,1975,0,1,1,,2,104,"I-10 E/B TO VINCENT AVE","VINCENT AVE",1056.00,W,N,A,-,Y,,,10,,,,R,,E,N,4,0,2,2,A,-,08,22107,,N,B,C,A,A,D,E,C,D,0,,,,,Y,Y,A,08,0,0,2,0,0,0,0,0,0,"- ","- ",34.07226,-117.931,"LOS ANGELES","WEST COVINA",-117.931,34.07226
90526479,2017,2017-08-18,9535,2017-08-09,2025,013989,,3,2,9,1900,0,3,5,,2,006,"SAN GABRIEL BOULEVARD (1800 BLOCK)","LAKE KNOLL DRIVE",62.00,S,N,A,-,N,,,,,,,,,,Y,4,0,3,3,A,-,03,22350,,N,C,C,A,A,H,-,C,D,0,,,,,Y,Y,A,07,0,0,3,0,0,0,0,0,0,"- ","- ",34.05077,-118.09041000000001,"LOS ANGELES",UNINCORPORATED,-118.09057987,34.050698089999997
90526739,2017,2017-08-21,9550,2017-08-17,2200,021500,,4,3,6,1920,0,1,1,,2,151,"INTERSTATE 105 (CENTURY FREEWAY)","DOWNEY AVE",500.00,W,N,A,-,Y,,,,,,,,,,Y,3,0,2,3,A,-,01,23153,A,N,C,C,A,A,H,-,D,D,0,,,,,Y,Y,A,01,0,1,1,0,0,0,0,0,0,"- ","- ",33.912219999999998,-118.15412000000001,"LOS ANGELES",DOWNEY,-118.15404477,33.912592519999997
90526992,2017,2017-08-21,9540,2017-08-11,1745,021389,,5,2,9,1900,0,2,4,,2,012,"PICO CANYON RD","CHIQUELLA LN",170.00,W,N,A,-,N,,,,,,,,,,N,3,0,1,2,A,-,09,21804,A,N,D,C,A,A,H,-,A,D,0,,,Y,,Y,Y,A,07,0,1,0,0,0,0,0,0,1,"- ","- ",34.379440000000002,-118.56752,"LOS ANGELES",UNINCORPORATED,-118.56747256,34.379462889999999
9052741,2019,2020-03-04,1965,2019-03-27,2200,3158,,3,5,5,1965,0,0,0,,0,,"WILSHIRE BL","16TH ST",24.00,E,N,A,-,N,,,,,,,,,,N,3,0,1,1,A,-,01,23152,A,N,E,I,A,A,H,-,C,D,0,,,,,Y,Y,A,01,0,1,0,0,0,0,0,0,0,"- ","- ",,,"LOS ANGELES","SANTA MONICA",-118.48694610595703,34.028354644775391
90527868,2017,2017-08-22,9530,2017-08-10,0152,020240,,4,3,7,1941,0,1,1,,2,430,"I-405 N/B (SAN DIEGO FREEWAY)","BELLFLOWER BLVD.",1320.00,S,N,A,-,Y,,,405,,,,,,N,N,3,0,1,1,A,-,01,23152,A,N,E,I,A,A,H,-,D,D,0,,,,,Y,Y,A,01,0,1,0,0,0,0,0,0,0,"- ","- ",33.802799999999998,-118.11879999999999,"LOS ANGELES","LONG BEACH",-118.11880077000001,33.802752669999997
90528483,2017,2017-08-22,9530,2017-08-20,2040,020956,,7,2,9,1900,0,3,5,,2,001,"FIRESTONE BLVD. (1900 BLOCK)","FIR AVE.",3.00,E,N,A,-,N,,,,,,,,,,Y,2,0,1,2,A,-,11,21456,B,N,G,B,B,A,H,-,C,A,0,Y,,,,Y,Y,N,60,1,0,0,0,1,0,0,0,0,"- ","- ",33.960140000000003,-118.23746,"LOS ANGELES",UNINCORPORATED,-118.23742013,33.960140279999997
90528964,2017,2017-08-23,9580,2017-08-13,2054,021187,,7,2,7,1942,0,1,2,,2,103,"US-101 S/B (VENTURA FREEWAY)","VAN NUYS BLVD",300.00,S,N,A,-,Y,,,101,,,,,,S,Y,3,0,1,1,A,-,08,22107,,N,E,I,A,A,H,-,D,D,0,,,,,Y,Y,D,22,0,1,0,0,0,0,0,0,0,"- ","- ",34.155259999999998,-118.44159999999999,"LOS ANGELES","LOS ANGELES",-118.44159107,34.155206360000001
90529807,2017,2017-08-24,9590,2017-08-09,0250,021504,,3,3,7,1942,0,1,1,,2,060,"I-10 E/B (SANTA MONICA FREEWAY)","S. HARCOURT AVENUE",250.00,W,N,A,-,Y,,,10,,,,,,E,Y,3,0,2,2,A,-,01,23152,A,N,C,C,A,A,H,-,C,D,0,,,,,Y,Y,A,01,0,2,0,0,0,0,0,0,0,"- ","- ",34.034370000000003,-118.34608,"LOS ANGELES","LOS ANGELES",-118.34608181,34.034407080000001
90530077,2017,2017-08-24,9530,2017-08-16,2100,020140,,3,2,7,1941,0,1,1,,2,073,"I-710 N/B (LONG BEACH FREEWAY)","ANAHEIM ST.",300.00,N,N,A,-,Y,,,710,,,,,,N,Y,3,0,2,1,A,-,08,22107,,N,E,I,A,A,H,-,C,D,0,,,,,Y,Y,A,01,0,2,0,0,0,0,0,0,0,"- ","- ",33.783619999999999,-118.20756,"LOS ANGELES","LONG BEACH",-118.207536,33.783619999999999
90534671,2017,2017-08-28,9590,2017-08-13,0328,021767,,7,3,7,1942,0,1,1,,2,053,"I-110 S/B (HARBOR FREEWAY)","2ND ST",200.00,S,N,A,-,Y,,,110,,,,,,S,Y,4,0,1,2,A,-,01,23152,A,N,E,I,A,A,H,-,C,D,0,,,,,Y,Y,A,01,0,0,1,0,0,0,0,0,0,"- ","- ",34.051400000000001,-118.26067999999999,"LOS ANGELES","LOS ANGELES",-118.26077610999999,34.051558499999999
90535380,2017,2017-08-28,9530,2017-08-27,0215,020935,,7,3,7,1941,0,1,1,,2,072,"I-710 N/B (LONG BEACH FREEWAY)",I-405,450.00,S,N,B,-,Y,,,710,,,,,,N,Y,3,0,2,2,A,-,01,23152,A,N,C,C,A,A,H,-,C,D,0,,,,,Y,Y,A,01,0,1,1,0,0,0,0,0,0,"- ","- ",33.825000000000003,-118.2069,"LOS ANGELES","LONG BEACH",-118.20702992,33.824976980000002
90536308,2017,2017-08-29,9530,2017-08-27,2350,021191,,7,3,9,1900,0,3,5,,2,001,"FLORENCE AVENUE","HOOPER AVE.",0.00,,Y,A,-,N,,,,,,,,,,Y,3,0,3,2,A,-,01,23152,A,N,A,C,A,A,H,-,C,A,0,,,,,Y,Y,A,01,0,3,0,0,0,0,0,0,0,"- ","- ",33.974730000000001,-118.25199000000001,"LOS ANGELES",UNINCORPORATED,-118.16261000999999,33.913630089999998
90536485,2017,2017-08-29,9540,2017-08-16,1658,017076,,3,2,9,1900,0,1,1,,2,508,"I-5 N/B (GOLDEN STATE FREEWAY)","PARKER ROAD",528.00,N,N,A,-,Y,,,5,,,,,,N,Y,3,0,1,2,A,-,01,23152,A,N,C,C,A,A,H,-,A,D,0,,,,,Y,Y,A,01,0,1,0,0,0,0,0,0,0,"- ","- ",34.490400000000001,-118.61959,"LOS ANGELES",UNINCORPORATED,-118.61960834999999,34.49038642
90536703,2017,2017-08-30,9535,2017-08-26,0330,020816,,6,3,9,1900,0,2,4,,2,022,"OLYMPIC BLVD. (3900 BLOCK)","INDIANA ST.",126.00,E,N,A,-,N,,,,,,,,,,Y,3,0,1,2,A,-,01,23152,A,N,B,E,A,A,H,-,C,D,0,,,,,Y,Y,A,01,0,1,0,0,0,0,0,0,0,"- ","- ",34.01887,-118.19168999999999,"LOS ANGELES",UNINCORPORATED,-118.19183513,34.018867149999998