CASE_ID,ACCIDENT_YEAR,PROC_DATE,JURIS,COLLISION_DATE,COLLISION_TIME,OFFICER_ID,REPORTING_DISTRICT,DAY_OF_WEEK,CHP_SHIFT,POPULATION,CNTY_CITY_LOC,SPECIAL_COND,BEAT_TYPE,CHP_BEAT_TYPE,CITY_DIVISION_LAPD,CHP_BEAT_CLASS,BEAT_NUMBER,PRIMARY_RD,SECONDARY_RD,DISTANCE,DIRECTION,INTERSECTION,WEATHER_1,WEATHER_2,STATE_HWY_IND,CALTRANS_COUNTY,CALTRANS_DISTRICT,STATE_ROUTE,ROUTE_SUFFIX,POSTMILE_PREFIX,POSTMILE,LOCATION_TYPE,RAMP_INTERSECTION,SIDE_OF_HWY,TOW_AWAY,COLLISION_SEVERITY,NUMBER_KILLED,NUMBER_INJURED,PARTY_COUNT,PRIMARY_COLL_FACTOR,PCF_CODE_OF_VIOL,PCF_VIOL_CATEGORY,PCF_VIOLATION,PCF_VIOL_SUBSECTION,HIT_AND_RUN,TYPE_OF_COLLISION,MVIW,PED_ACTION,ROAD_SURFACE,ROAD_COND_1,ROAD_COND_2,LIGHTING,CONTROL_DEVICE,CHP_ROAD_TYPE,PEDESTRIAN_ACCIDENT,BICYCLE_ACCIDENT,MOTORCYCLE_ACCIDENT,TRUCK_ACCIDENT,NOT_PRIVATE_PROPERTY,ALCOHOL_INVOLVED,STWD_VEHTYPE_AT_FAULT,CHP_VEHTYPE_AT_FAULT,COUNT_SEVERE_INJ,COUNT_VISIBLE_INJ,COUNT_COMPLAINT_PAIN,COUNT_PED_KILLED,COUNT_PED_INJURED,COUNT_BICYCLIST_KILLED,COUNT_BICYCLIST_INJURED,COUNT_MC_KILLED,COUNT_MC_INJURED,PRIMARY_RAMP,SECONDARY_RAMP,LATITUDE,LONGITUDE,COUNTY,CITY,POINT_X,POINT_Y
91255058,2020,2020-06-22,9530,2020-06-13,0440,021325,,6,3,5,1915,0,1,3,,2,310,"SR-91 W/B (ARTESIA FREEWAY)","WILMINGTON AVE.",990.00,W,N,A,-,Y,,,91,,,,,,W,Y,3,0,1,2,A,-,01,23152,A,N,B,C,A,A,H,-,C,D,0,,,,,Y,Y,D,22,0,1,0,0,0,0,0,0,0,"- ","- ",33.873619079589844,-118.23976135253906,"LOS ANGELES",COMPTON,-118.23976135253906,33.873703002929688
9125514,2020,2020-09-17,1941,2020-07-01,2113,11556,,3,5,7,1941,0,0,0,,0,,"OCEAN BL",LIVINGSTON,0.00,,Y,A,-,N,,,,,,,,,,Y,2,0,1,1,A,-,01,23152,A,N,H,A,A,A,H,-,C,A,0,,,Y,,Y,Y,C,,1,0,0,0,0,0,0,0,1,"- ","- ",,,"LOS ANGELES","LONG BEACH",-118.14900207519531,33.760528564453125
91255169,2020,2020-06-22,9545,2020-06-20,0958,021814,,6,1,9,1900,0,3,5,,2,004,"AVENUE O","150TH ST  E",104.00,E,N,A,-,N,,,,,,,,,,Y,3,0,4,1,A,-,01,23152,A,N,F,A,A,A,H,-,A,D,0,,,,,Y,Y,A,01,0,3,1,0,0,0,0,0,0,"- ","- ",34.616279602050781,-117.86286926269531,"LOS ANGELES",UNINCORPORATED,-117.86215209960938,34.616539001464844
9125520,2020,2020-09-17,1956,2020-07-05,0137,1368,73,7,5,5,1956,0,0,0,,0,002,"N CATALINA AV","N PACIFIC AV",93.00,S,N,A,-,N,,,,,,,,,,Y,3,0,1,1,A,-,03,22350,,N,F,I,A,A,H,-,C,D,0,,,,,Y,Y,A,01,0,1,0,0,0,0,0,0,0,"- ","- ",,,"LOS ANGELES","REDONDO BEACH",-118.39147186279297,33.845439910888672
91256754,2020,2020-06-24,9550,2020-06-14,2100,022450,,7,2,5,1919,0,1,1,,2,652,"I-605 N/B TO SR-91 W/B",SR-91,750.00,S,N,A,-,Y,,,605,,,,R,,N,Y,3,0,1,2,A,-,01,23152,A,N,C,C,A,A,H,-,C,D,0,,,,,Y,Y,A,01,0,1,0,0,0,0,0,0,0,"- ","- ",33.874179840087891,-118.10109710693359,"LOS ANGELES",CERRITOS,-118.10109710693359,33.874179840087891
91258784,2020,2020-06-26,9545,2020-06-16,1641,021340,,2,2,9,1900,0,3,5,,2,002,"AVENUE S","5TH STREET EAST",397.00,E,N,A,-,N,,,,,,,,,,Y,3,0,3,3,A,-,01,23152,A,N,C,C,A,A,H,-,A,D,0,,,,,Y,Y,A,01,0,2,1,0,0,0,0,0,0,"- ","- ",34.557960510253906,-118.11898040771484,"LOS ANGELES",UNINCORPORATED,-118.11909484863281,34.557998657226562
91259690,2020,2020-06-29,9590,2020-06-23,1350,021040,,2,1,7,1942,0,1,3,,2,095,"SR-2 W/B (GLENDALE FREEWAY)","SAN FERNANDO ROAD",500.00,W,N,A,-,Y,,,2,,,,,,W,Y,3,0,1,1,A,-,01,23152,A,N,E,I,A,A,H,-,A,D,0,,,,,Y,Y,A,01,0,1,0,0,0,0,0,0,0,"- ","- ",34.111598968505859,-118.24706268310547,"LOS ANGELES","LOS ANGELES",-118.24705505371094,34.111595153808594
91260019,2020,2020-06-29,9525,2020-06-19,0300,021443,,5,3,1,1934,0,1,1,,2,651,"I-605 S/B (SAN GABRIEL RIVER FWY)","RAMONA BLVD",1500.00,N,N,A,-,Y,,,605,,,,,,S,Y,3,0,1,2,A,-,01,23152,A,N,C,C,A,A,H,-,C,D,0,,,,Y,Y,Y,A,01,0,1,0,0,0,0,0,0,0,"- ","- ",34.084671020507812,-117.99703979492188,"LOS ANGELES",IRWINDALE,-117.99693298339844,34.084621429443359
91262275,2020,2020-07-02,9525,2020-06-24,2339,020891,,3,3,1,1934,0,1,1,,2,651,"I-605 S/B (SAN GABRIEL RIVER FWY)","LIVE OAK AVE.",1584.00,S,N,B,-,Y,,,605,,,,,,S,Y,3,0,3,2,A,-,01,23152,A,N,C,C,A,A,H,-,C,D,0,,,,Y,Y,Y,A,01,0,3,0,0,0,0,0,0,0,"- ","- ",34.104598999023438,-117.98345184326172,"LOS ANGELES",IRWINDALE,-117.98347473144531,34.104610443115234
91262662,2020,2020-07-03,9565,2020-06-24,2135,022145,,3,2,6,1933,0,1,1,,2,060,"I-405 N/B (SAN DIEGO FREEWAY)","ARBOR VITAE ST",560.00,S,N,A,-,Y,,,405,,,,,,N,Y,4,0,1,2,A,-,03,22350,,N,C,C,A,A,H,-,C,D,0,,,,,Y,Y,A,01,0,0,1,0,0,0,0,0,0,"- ","- ",33.951080322265625,-118.36850738525391,"LOS ANGELES",INGLEWOOD,-118.36878204345703,33.951015472412109
91262955,2020,2020-07-03,9535,2020-06-29,2240,022017,,1,3,3,1914,0,1,1,,2,073,"I-710 (LONG BEACH FREEWAY) S/B","INTERSTATE 5",500.00,S,N,A,-,Y,,,710,,,,,,S,Y,3,0,1,1,A,-,01,23152,A,N,E,I,A,A,H,-,D,D,0,,,,,Y,Y,A,07,0,1,0,0,0,0,0,0,0,"- ","- ",34.015548706054688,-118.17286682128906,"LOS ANGELES",COMMERCE,-118.17287445068359,34.015548706054688
9126350,2020,2020-09-18,1942,2020-06-12,0215,44278,0557,5,5,7,1942,0,0,0,E,0,5A55W3,"W GAFFEY ST","3RD ST",50.00,S,N,B,-,N,,,,,,,,,,Y,3,0,1,1,A,-,01,23152,A,N,E,I,A,A,H,-,C,-,0,,,,,Y,Y,A,07,0,1,0,0,0,0,0,0,0,"- ","- ",,,"LOS ANGELES","LOS ANGELES",-118.29232788085938,33.741382598876953
91263831,2020,2020-07-06,9540,2020-06-22,2050,018805,,1,2,9,1900,0,2,4,,1,104,"SAN FRANCISQUITO CANYON RD","RIVERVIEW RD",1056.00,N,N,A,-,N,,,,,,,,,,Y,2,0,2,2,A,-,09,21804,A,N,H,H,A,A,H,-,D,D,0,,,,,Y,Y,M,95,2,0,0,0,0,0,0,0,0,"- ","- ",34.494770050048828,-118.54206848144531,"LOS ANGELES",UNINCORPORATED,-118.54210662841797,34.494564056396484
91264355,2020,2020-07-07,9530,2020-06-26,2025,020349,,5,2,7,1941,0,1,1,,2,430,"I-405 S/B (SAN DIEGO FREEWAY)","REDONDO AVE.",100.00,S,N,A,-,Y,,,405,,,,,,S,Y,3,0,2,2,A,-,01,23152,A,F,C,C,A,A,H,-,A,D,0,,,,,Y,Y,A,07,0,1,1,0,0,0,0,0,0,"- ","- ",33.807048797607422,-118.15129089355469,"LOS ANGELES","LONG BEACH",-118.15129852294922,33.806976318359375
91265055,2020,2020-07-15,9565,2020-06-29,0033,020653,,1,3,9,1900,0,2,4,,2,021,"VERMONT AVE.","IMPERIAL HWY",75.00,N,N,A,-,N,,,,,,,,,,Y,4,0,1,2,A,-,01,23152,A,N,C,C,A,A,H,-,C,A,0,,,,,Y,Y,A,01,0,0,1,0,0,0,0,0,0,"- ","- ",33.931610107421875,-118.29181671142578,"LOS ANGELES",UNINCORPORATED,-118.29191589355469,33.931186676025391
91265514,2020,2020-07-08,9540,2020-06-26,1620,019508,,5,2,9,1900,0,1,3,,2,146,"SR-14 N/B (ANTELOPE VALLEY FREEWAY)","ESCONDIDO CANYON RD",5280.00,N,N,A,-,Y,,,14,,,,,,N,Y,4,0,2,4,A,-,03,22350,,N,C,C,A,A,H,-,A,D,0,,,,,Y,Y,A,01,0,0,2,0,0,0,0,0,0,"- ","- ",34.497810363769531,-118.26479339599609,"LOS ANGELES",UNINCORPORATED,-118.26479339599609,34.497825622558594
91265746,2020,2020-07-09,9575,2020-07-03,2335,021254,,5,3,7,1942,0,1,1,,2,053,"I-5 N/B (GOLDEN STATE FREEWAY)","BRANFORD STREET",69.00,N,N,A,-,Y,,,5,,,,,,N,Y,4,0,2,4,A,-,08,22107,,M,B,C,A,A,H,-,C,D,0,,,,,Y,Y,-,99,0,0,2,0,0,0,0,0,0,"- ","- ",34.239109039306641,-118.41615295410156,"LOS ANGELES","LOS ANGELES",-118.41622924804688,34.239021301269531
91265837,2020,2020-07-09,9590,2020-07-04,2335,021317,,6,3,7,1942,0,1,1,,2,064,"I-10 E/B (SANTA MONICA FREEWAY)","SANTA FE AVENUE",200.00,E,N,A,-,Y,,,10,,,,,,E,Y,4,0,1,2,A,-,03,22350,,N,C,C,A,A,H,-,C,D,0,,,,,Y,Y,A,01,0,0,1,0,0,0,0,0,0,"- ","- ",34.02838134765625,-118.22946929931641,"LOS ANGELES","LOS ANGELES",-118.22947692871094,34.028411865234375
91268812,2020,2020-07-15,9550,2020-07-09,0102,022139,,4,3,5,1935,0,1,3,,2,092,"STATE ROUTE 91 WESTBOUND","CARMENITA ROAD",50.00,E,N,A,-,Y,,,,,,,,,,Y,2,0,1,1,A,-,03,22350,,N,E,I,A,A,H,-,D,D,0,,,Y,,Y,Y,C,02,1,0,0,0,0,0,0,0,1,"- ","- ",33.856658935546875,-118.02847290039062,"LOS ANGELES",LAKEWOOD,-118.04624938964844,33.864059448242188
91269414,2019,2020-07-16,9535,2019-07-28,0740,021795,,7,1,9,1900,0,1,1,,2,071,"I-710 (LONG BEACH FREEWAY) SOUTHBOUND","WHITTIER BOULEVARD",1256.00,N,N,A,-,Y,,,710,,,,,,S,Y,1,1,0,1,A,-,01,23152,G,N,E,I,A,A,H,-,A,D,0,,,,,Y,Y,A,01,0,0,0,0,0,0,0,0,0,"- ","- ",34.027141571044922,-118.17257690429688,"LOS ANGELES",UNINCORPORATED,-118.17243957519531,34.027137756347656
91270824,2020,2020-07-20,9535,2020-07-08,0040,022225,,3,3,5,1915,0,1,1,,2,074,"I-710 N/B FROM ALONDRA BLVD W/B","ALONDRA BLVD",2.00,N,N,A,-,Y,,,710,,,,R,,N,Y,3,0,1,1,A,-,01,23152,A,N,E,I,A,A,H,-,C,A,0,,,,,Y,Y,D,22,0,1,0,0,0,0,0,0,0,"- ","- ",33.889251708984375,-118.18837738037109,"LOS ANGELES",COMPTON,-118.18837738037109,33.889251708984375
91271795,2020,2020-07-21,9565,2020-07-19,2030,022014,,7,2,9,1900,0,3,5,,2,002,"CENTURY BOULEVARD","VERMONT AVENUE",180.00,W,N,A,-,N,,,,,,,,,,Y,3,0,3,3,A,-,01,23152,A,N,C,C,A,A,H,-,C,A,0,,,,,Y,Y,A,01,0,1,2,0,0,0,0,0,0,"- ","- ",33.945499420166016,-118.29257965087891,"LOS ANGELES",UNINCORPORATED,-118.29251098632812,33.945491790771484
91272439,2020,2020-07-22,9565,2020-07-10,2033,022014,,5,2,9,1900,0,1,1,,2,060,"I-405 S/B FROM LA CIENEGA BOULEVARD",I-105,600.00,S,N,A,-,Y,,,405,,,,R,,S,Y,3,0,1,1,A,-,01,23152,A,N,F,A,A,A,H,-,C,D,0,,,,,Y,Y,A,01,0,1,0,0,0,0,0,0,0,"- ","- ",33.928119659423828,-118.36881256103516,"LOS ANGELES",UNINCORPORATED,-118.36881256103516,33.928119659423828
91273616,2020,2020-08-14,9525,2020-06-02,2500,020499,,2,4,9,1900,0,3,5,,2,005,"MOUNT BALDY ROAD","LOS ANGELES COUNTY LINE",5280.00,S,N,A,-,N,,,,,,,,,,Y,1,1,0,1,A,-,08,22107,,N,E,I,A,A,H,-,A,D,0,,,,,Y,Y,A,01,0,0,0,0,0,0,0,0,0,"- ","- ",34.218021392822266,-117.67101287841797,"LOS ANGELES",UNINCORPORATED,,
91273990,2020,2020-07-24,9530,2020-07-18,0205,021490,,6,3,7,1941,0,1,1,,2,071,"I-710 N/B (LONG BEACH FREEWAY)","DEL AMO BLVD.",900.00,S,N,A,-,Y,,,710,,,,,,N,Y,4,0,1,2,A,-,03,22350,,N,C,C,A,A,H,-,D,D,0,,,,,Y,Y,A,07,0,0,1,0,0,0,0,0,0,"- ","- ",33.843971252441406,-118.20597076416016,"LOS ANGELES","LONG BEACH",-118.20599365234375,33.843978881835938
91274305,2020,2020-07-27,9550,2020-07-20,1640,022450,,1,2,9,1900,0,1,1,,2,500,"INTERSTATE 5 SOUTHBOUND","LAKEWOOD BOULEVARD",2000.00,S,N,A,-,Y,,,,,,,,,,Y,4,0,1,2,A,-,01,23152,A,N,C,C,A,A,H,-,A,D,0,,,,,Y,Y,A,01,0,0,1,0,0,0,0,0,0,"- ","- ",33.953689575195312,-118.10621643066406,"LOS ANGELES",UNINCORPORATED,-118.10690307617188,33.954273223876953
91274676,2020,2020-07-27,9575,2020-07-19,0450,021394,,7,3,7,1942,0,1,3,,2,044,"SR-134 W/B (VENTURA FREEWAY)","LANKERSHIM BLVD.",290.00,E,N,A,-,Y,,,134,,,,,,W,Y,3,0,1,2,A,-,01,23152,A,N,C,C,A,A,H,-,C,D,0,,,,,Y,Y,A,01,0,1,0,0,0,0,0,0,0,"- ","- ",34.153301239013672,-118.36643981933594,"LOS ANGELES","LOS ANGELES",-118.36643981933594,34.153285980224609
91274854,2020,2020-07-27,9550,2020-07-18,1830,020974,,6,2,9,1900,0,1,3,,2,601,"SR-60 E/B","HACIENDA BOULEVARD",650.00,E,N,A,-,Y,,,60,,,,,,E,Y,3,0,1,2,A,-,01,23152,A,M,B,C,A,A,H,-,A,D,0,,,,,Y,Y,A,01,0,1,0,0,0,0,0,0,0,"- ","- ",34.006099700927734,-117.96219635009766,"LOS ANGELES",UNINCORPORATED,-117.96218872070312,34.006130218505859
91278687,2020,2020-07-31,9590,2020-07-21,2323,021996,,2,3,7,1942,0,1,1,,2,040,"I-5 N/B (SANTA ANA FREEWAY)","GRANDE VISTA AVE.",100.00,N,N,A,-,Y,,,5,,,,,,N,Y,4,0,1,4,A,-,01,23152,A,N,C,C,A,A,H,-,C,D,0,,,,,Y,Y,A,01,0,0,1,0,0,0,0,0,0,"- ","- ",34.025920867919922,-118.20664978027344,"LOS ANGELES","LOS ANGELES",-118.20669555664062,34.025791168212891
91278869,2020,2020-07-31,9565,2020-07-20,2203,022231,,1,3,7,1942,0,3,5,,2,002,"106TH STREET","BUDLONG AVENUE",230.00,W,N,A,-,N,,,,,,,,,,Y,3,0,1,8,A,-,01,23152,A,M,B,E,A,A,H,-,C,D,0,,,,,Y,Y,A,01,0,1,0,0,0,0,0,0,0,"- ","- ",33.940071105957031,-118.29705810546875,"LOS ANGELES","LOS ANGELES",-118.29700469970703,33.940029144287109
91279207,2020,2020-08-03,9525,2020-07-23,2240,021995,,4,3,9,1900,0,1,1,,2,105,"I-10 W/B (SAN BERNARDINO FWY)","HOLT AVENUE",5800.00,E,N,A,-,Y,,,10,,,,,,W,Y,3,0,1,1,A,-,01,23152,A,N,E,I,A,A,D,E,D,D,0,,,,,Y,Y,D,22,0,1,0,0,0,0,0,0,0,"- ","- ",34.068649291992188,-117.84497833251953,"LOS ANGELES",UNINCORPORATED,-117.84495544433594,34.068511962890625
9128059,2020,2020-10-20,1944,2020-06-01,2131,372,,1,5,4,1944,0,0,0,,0,004,"SEPULVEDA BL","30TH ST",295.00,N,N,A,-,N,,,,,,,,,,Y,4,0,1,1,A,-,08,22107,,N,E,I,A,A,H,-,C,A,0,,,,,Y,Y,A,01,0,0,1,0,0,0,0,0,0,"- ","- ",,,"LOS ANGELES","MANHATTAN BEACH",-118.39610290527344,33.898048400878906
91281754,2020,2020-08-06,9530,2020-07-30,1845,021380,,4,2,9,1900,0,3,5,,2,002,"MAIN ST (15600 BLOCK)","157TH ST.",155.00,N,N,A,-,N,,,,,,,,,,Y,3,0,1,5,A,-,01,23152,A,N,B,C,A,A,H,-,A,D,0,,,,,Y,Y,D,22,0,1,0,0,0,0,0,0,0,"- ","- ",33.889778137207031,-118.27623748779297,"LOS ANGELES",UNINCORPORATED,-118.27610778808594,33.889724731445312
91282205,2020,2020-08-07,9535,2020-05-27,1530,022330,,3,2,9,1900,0,3,5,,2,002,"MARIANNA AVE. (1300 BLOCK)","UNION PACIFIC AVE.",50.00,S,N,A,-,N,,,,,,,,,,Y,4,0,1,2,A,-,01,23152,A,M,C,E,A,A,H,-,A,D,0,,,,,Y,Y,A,07,0,0,1,0,0,0,0,0,0,"- ","- ",34.01654052734375,-118.17588806152344,"LOS ANGELES",UNINCORPORATED,-118.17591094970703,34.016433715820312
91283005,2020,2020-08-10,9530,2020-08-02,0750,020608,,7,1,5,1915,0,1,3,,2,310,"SR-91 W/B (ARTESIA FREEWAY)","WILMINGTON AVE.",450.00,W,N,A,-,Y,,,91,,,,,,W,Y,3,0,1,2,A,-,01,23152,A,N,C,C,A,A,H,-,A,D,0,,,,,Y,Y,A,07,0,1,0,0,0,0,0,0,0,"- ","- ",33.873680114746094,-118.23802185058594,"LOS ANGELES",COMPTON,-118.23802185058594,33.873760223388672
91288874,2020,2020-08-19,9590,2020-08-09,2045,022369,,7,2,7,1942,0,1,1,,2,051,"I-110 S/B (HARBOR FREEWAY)","FLORENCE AVENUE.",500.00,N,N,A,-,Y,,,110,,,,,,S,Y,4,0,1,1,A,-,01,23152,A,N,E,I,A,A,H,-,C,D,0,,,,,Y,Y,A,01,0,0,1,0,0,0,0,0,0,"- ","- ",33.976970672607422,-118.28121185302734,"LOS ANGELES","LOS ANGELES",-118.28092956542969,33.976970672607422
9128980,2020,2020-09-28,1942,2020-07-03,2120,39508,1183,5,5,7,1942,0,0,0,K,0,11A71,"GLENDALE BL","BERKELEY AV",10.00,N,N,A,-,N,,,,,,,,,,N,3,0,1,2,A,-,11,21954,A,N,G,B,D,A,H,-,C,D,0,Y,,,,Y,Y,N,60,0,1,0,0,1,0,0,0,0,"- ","- ",,,"LOS ANGELES","LOS ANGELES",-118.26010131835938,34.083576202392578
91291467,2020,2020-08-24,9535,2020-08-12,1935,022025,,3,2,5,1959,0,1,1,,2,401,"I-10 (SBF) W/B TO WALNUT GROVE AVE","WALNUT GROVE AVE",150.00,W,N,A,-,Y,,,10,,,,R,,W,Y,4,0,2,2,A,-,01,23152,A,N,D,C,A,A,H,-,D,D,0,,,,,Y,Y,A,01,0,0,2,0,0,0,0,0,0,"- ","- ",34.073551177978516,-118.08252716064453,"LOS ANGELES",ROSEMEAD,-118.08252716064453,34.073551177978516
91292897,2020,2020-08-26,9530,2020-08-19,1555,022438,,3,2,9,1900,0,3,5,,2,006,"DEL AMO BLVD.","HAMILTON AVE.",0.00,,Y,A,-,N,,,,,,,,,,Y,4,0,2,2,A,-,01,23152,A,N,D,C,A,A,H,-,A,A,0,,,,,Y,Y,A,01,0,0,2,0,0,0,0,0,0,"- ","- ",33.846279144287109,-118.28607940673828,"LOS ANGELES",UNINCORPORATED,-118.28604888916016,33.846240997314453
91295782,2020,2020-08-31,9580,2020-08-23,0230,022015,,7,3,7,1942,0,1,1,,2,406,"I-405 N/B TO SR-118 W/B","SR-118 W/B (RONALD REAGAN FWY.)",650.00,S,N,A,-,Y,,,405,,,,R,,N,Y,3,0,1,1,A,-,01,23152,A,N,E,I,A,A,H,-,E,D,0,,,,,Y,Y,D,22,0,1,0,0,0,0,0,0,0,"- ","- ",34.264141082763672,-118.47165679931641,"LOS ANGELES","LOS ANGELES",-118.47165679931641,34.264141082763672
91297321,2020,2020-09-02,9565,2020-08-22,2150,022097,,6,2,7,1942,0,1,1,,2,062,"I-405 S/B","OLYMPIC BLVD",200.00,S,N,A,-,Y,,,405,,,,,,S,Y,3,0,1,1,A,-,01,23152,G,N,E,I,A,A,H,-,D,D,0,,,,,Y,Y,A,01,0,1,0,0,0,0,0,0,0,"- ","- ",34.037258148193359,-118.4390869140625,"LOS ANGELES","LOS ANGELES",-118.43896484375,34.037319183349609
91298525,2020,2020-09-03,9575,2020-08-24,0037,021283,,1,3,7,1942,0,1,3,,2,041,"SR-134 W/B (VENTURA FREEWAY)","ARBOR DELL RD.",1631.00,W,N,A,-,Y,,,134,,,,,,W,Y,4,0,1,2,A,-,01,23152,A,N,B,C,A,A,H,-,D,D,0,,,,,Y,Y,A,01,0,0,1,0,0,0,0,0,0,"- ","- ",34.147369384765625,-118.19497680664062,"LOS ANGELES","LOS ANGELES",-118.19497680664062,34.147384643554688
91299247,2020,2020-09-04,9590,2020-08-26,0208,021998,,3,3,7,1942,0,1,1,,2,050,"I-110 N/B (HARBOR FREEWAY)","SLAUSON AVE.",400.00,N,N,A,-,Y,,,110,,,,,,N,Y,4,0,1,2,A,-,08,22107,,N,E,I,A,A,H,-,C,D,0,,,,,Y,Y,A,07,0,0,1,0,0,0,0,0,0,"- ","- ",33.990409851074219,-118.28021240234375,"LOS ANGELES","LOS ANGELES",-118.28040313720703,33.990409851074219
91299586,2020,2020-09-07,9550,2020-08-25,2245,022426,,2,3,9,1900,0,2,4,,1,051,"FULLERTON ROAD N/B","CROSSHAVEN DRIVE",30.00,N,N,A,-,N,,,,,,,,,,Y,3,0,2,4,A,-,01,23152,A,N,C,E,A,A,H,-,C,A,0,,,,,Y,Y,A,01,0,1,1,0,0,0,0,0,0,"- ","- ",33.984058380126953,-117.90756988525391,"LOS ANGELES",UNINCORPORATED,-117.90769958496094,33.983970642089844
9130073,2020,2020-11-09,1925,2020-08-03,1434,21057,274,1,5,6,1925,0,0,0,,0,002,"SAN FERNANDO RD","CYPRESS ST",60.00,S,N,A,-,N,,,,,,,,,,Y,4,0,1,2,A,-,01,23152,A,N,B,E,A,A,H,-,A,D,0,,,,,Y,Y,A,01,0,0,1,0,0,0,0,0,0,"- ","- ",,,"LOS ANGELES",GLENDALE,-118.26043701171875,34.129749298095703
91301443,2020,2020-09-09,9575,2020-08-29,2340,021879,,6,3,6,1912,0,1,1,,2,051,"I-5 N/B (GOLDEN STATE FREEWAY)","BUENA VISTA ST.",200.00,N,N,A,-,Y,,,5,,,,,,N,Y,3,0,1,1,A,-,01,23152,A,M,E,I,A,A,H,-,C,D,0,,,,,Y,Y,A,01,0,1,0,0,0,0,0,0,0,"- ","- ",34.199840545654297,-118.33831787109375,"LOS ANGELES",BURBANK,-118.33840179443359,34.199783325195312
91302727,2020,2020-09-11,9580,2020-09-05,0600,021522,,6,1,7,1942,0,1,2,,2,100,"US-101 N/B (VENTURA FREEWAY)","LAUREL CANYON BLVD",1584.00,S,N,A,-,Y,,,101,,,,,,N,Y,3,0,1,1,A,-,01,23152,A,N,E,I,A,A,H,-,B,D,0,,,,,Y,Y,A,01,0,1,0,0,0,0,0,0,0,"- ","- ",34.154598236083984,-118.39080047607422,"LOS ANGELES","LOS ANGELES",-118.39080047607422,34.154544830322266
91303847,2020,2020-09-14,9535,2020-09-07,0720,022011,,1,1,5,1969,0,1,1,,2,075,"I-710 (LONG BEACH FREEWAY) S/B","FILESTONE BLVD",970.00,S,N,A,-,Y,,,710,,,,,,S,Y,3,0,1,1,A,-,01,23152,A,N,E,I,A,A,H,-,A,D,0,,,,,Y,Y,A,01,0,1,0,0,0,0,0,0,0,"- ","- ",33.946491241455078,-118.17091369628906,"LOS ANGELES","SOUTH GATE",-118.17064666748047,33.946453094482422
91304532,2020,2020-09-14,9525,2020-09-03,1620,020216,,4,2,9,1900,0,3,5,,2,002,"SUNFLOWER AVE. (900 BLOCK)","CYPRESS ST.",30.00,N,N,A,-,N,,,,,,,,,,Y,4,0,1,2,A,-,01,23152,A,N,C,C,A,A,H,-,A,A,0,,,,,Y,Y,A,07,0,0,1,0,0,0,0,0,0,"- ","- ",34.095851898193359,-117.8465576171875,"LOS ANGELES",UNINCORPORATED,-117.84641265869141,34.095870971679688
91304690,2020,2020-09-15,9530,2020-09-06,0305,021465,,7,3,5,1977,0,1,3,,2,310,"SR-91 W/B (ARTESIA FREEWAY)","CENTRAL AVE.",1584.00,W,N,A,-,Y,,,91,,,,,,W,Y,3,0,1,1,A,-,08,22107,,N,E,I,A,A,H,-,C,D,0,,,,,Y,Y,A,01,0,1,0,0,0,0,0,0,0,"- ","- ",33.873748779296875,-118.25347137451172,"LOS ANGELES",CARSON,-118.25347137451172,33.873798370361328
91305844,2020,2020-09-16,9575,2020-09-06,0240,022110,,7,3,5,1902,0,1,1,,2,065,"I-210 E/B (FOOTHILL FREEWAY)","SANTA ANITA AVENUE",1320.00,W,N,A,-,Y,,,210,,,,,,E,Y,4,0,1,1,A,-,01,23152,A,N,E,I,A,A,H,-,D,D,0,,,,,Y,Y,A,01,0,0,1,0,0,0,0,0,0,"- ","- ",34.148151397705078,-118.03595733642578,"LOS ANGELES",ARCADIA,-118.03594970703125,34.148227691650391
9130609,2020,2020-11-05,1953,2020-06-25,1858,3301,1953,4,5,6,1953,0,0,0,,0,005,"FAIR OAKS AV","WALNUT ST",0.00,,Y,A,-,N,,,,,,,,,,N,3,0,1,2,A,-,09,21801,A,F,D,G,A,A,H,-,B,A,0,,Y,,,Y,Y,A,01,0,1,0,0,0,0,1,0,0,"- ","- ",,,"LOS ANGELES",PASADENA,-118.15052032470703,34.149600982666016
91306705,2020,2020-09-17,9525,2020-09-13,2240,021986,,7,3,5,1990,0,1,3,,2,603,"SR-60 W/B (POMONA FWY)","DIAMOND BAR BLVD",50.00,W,N,A,-,Y,,,60,,,,,,W,Y,4,0,1,1,A,-,01,23152,A,N,E,I,A,A,H,-,D,D,0,,,,,Y,Y,D,22,0,0,1,0,0,0,0,0,0,"- ","- ",34.023288726806641,-117.81185150146484,"LOS ANGELES","DIAMOND BAR",-117.81185150146484,34.023292541503906