CASE_ID,ACCIDENT_YEAR,PROC_DATE,JURIS,COLLISION_DATE,COLLISION_TIME,OFFICER_ID,REPORTING_DISTRICT,DAY_OF_WEEK,CHP_SHIFT,POPULATION,CNTY_CITY_LOC,SPECIAL_COND,BEAT_TYPE,CHP_BEAT_TYPE,CITY_DIVISION_LAPD,CHP_BEAT_CLASS,BEAT_NUMBER,PRIMARY_RD,SECONDARY_RD,DISTANCE,DIRECTION,INTERSECTION,WEATHER_1,WEATHER_2,STATE_HWY_IND,CALTRANS_COUNTY,CALTRANS_DISTRICT,STATE_ROUTE,ROUTE_SUFFIX,POSTMILE_PREFIX,POSTMILE,LOCATION_TYPE,RAMP_INTERSECTION,SIDE_OF_HWY,TOW_AWAY,COLLISION_SEVERITY,NUMBER_KILLED,NUMBER_INJURED,PARTY_COUNT,PRIMARY_COLL_FACTOR,PCF_CODE_OF_VIOL,PCF_VIOL_CATEGORY,PCF_VIOLATION,PCF_VIOL_SUBSECTION,HIT_AND_RUN,TYPE_OF_COLLISION,MVIW,PED_ACTION,ROAD_SURFACE,ROAD_COND_1,ROAD_COND_2,LIGHTING,CONTROL_DEVICE,CHP_ROAD_TYPE,PEDESTRIAN_ACCIDENT,BICYCLE_ACCIDENT,MOTORCYCLE_ACCIDENT,TRUCK_ACCIDENT,NOT_PRIVATE_PROPERTY,ALCOHOL_INVOLVED,STWD_VEHTYPE_AT_FAULT,CHP_VEHTYPE_AT_FAULT,COUNT_SEVERE_INJ,COUNT_VISIBLE_INJ,COUNT_COMPLAINT_PAIN,COUNT_PED_KILLED,COUNT_PED_INJURED,COUNT_BICYCLIST_KILLED,COUNT_BICYCLIST_INJURED,COUNT_MC_KILLED,COUNT_MC_INJURED,PRIMARY_RAMP,SECONDARY_RAMP,LATITUDE,LONGITUDE,COUNTY,CITY,POINT_X,POINT_Y
91577857,2021,2021-09-23,9530,2021-07-31,2230,022585,,6,3,9,1900,0,3,5,,2,001,"FLORENCE AVE. (1900 BLOCK)","WILSON AVE.",20.00,E,N,A,-,N,,,,,,,,,,Y,3,0,1,2,A,-,01,23152,A,N,C,C,A,A,H,-,C,D,0,,,,,Y,Y,A,01,0,1,0,0,0,0,0,0,0,"- ","- ",33.974769592285156,-118.23747253417969,"LOS ANGELES",UNINCORPORATED,-118.23764038085938,33.974720001220703
91578210,2021,2021-09-23,9535,2021-09-13,1610,022269,,1,2,5,1906,0,1,1,,2,650,"I-605 NORTHBOUND FROM VALLEY BLVD. WESTBOUND","VALLEY BLVD.",150.00,N,N,A,-,Y,,,605,,,,R,,N,N,4,0,1,1,A,-,01,23152,A,N,E,I,A,A,H,-,A,D,0,,,,,Y,Y,A,07,0,0,1,0,0,0,0,0,0,"- ","- ",34.054679870605469,-118.00364685058594,"LOS ANGELES","BALDWIN PARK",-118.00364685058594,34.054679870605469
91578669,2021,2021-09-24,9540,2021-09-20,0213,021802,,1,3,9,1900,0,1,3,,2,146,"SR-14 N/B (ANTELOPE VALLEY FREEWAY)","ESCONDIDO CANYON RD.",792.00,S,N,A,-,Y,,,14,,,,,,N,Y,3,0,1,1,A,-,01,23152,A,N,E,I,A,A,H,-,C,D,0,,,,,Y,Y,A,01,0,1,0,0,0,0,0,0,0,"- ","- ",34.490261077880859,-118.28556823730469,"LOS ANGELES",UNINCORPORATED,-118.28565979003906,34.490341186523438
91579943,2021,2021-09-27,9580,2021-09-17,1850,022663,,5,2,7,1942,0,1,2,,2,102,"US-101 N/B (VENTURA FREEWAY)","VAN NUYS BLVD",158.00,N,N,A,-,Y,,,101,,,,,,N,Y,3,0,1,1,A,-,01,23152,A,N,F,J,A,A,H,-,A,D,0,,,Y,,Y,Y,C,02,0,1,0,0,0,0,0,0,1,"- ","- ",34.159519195556641,-118.46083068847656,"LOS ANGELES","LOS ANGELES",-118.46083831787109,34.159450531005859
91580049,2021,2021-09-27,9565,2021-09-07,2225,022615,,2,3,9,1900,0,1,1,,2,010,"I-105 (CENTURY FWY) WESTBOUND","I-405 (SAN DIEGO FREEWAY)",1589.00,E,N,A,-,Y,,,105,,,,,,W,Y,4,0,2,3,A,-,01,23152,A,M,B,C,A,A,H,-,C,D,0,,,,,Y,Y,A,07,0,0,2,0,0,0,0,0,0,"- ","- ",33.930828094482422,-118.36659240722656,"LOS ANGELES",UNINCORPORATED,-118.36653137207031,33.930572509765625
91580072,2021,2021-09-27,9580,2021-09-18,2335,022550,,6,3,7,1942,0,1,3,,2,117,"SR-118 W/B (RONALD REAGAN FWY.) W/B TO/FROM RINALD","RINALDI ST",30.00,S,N,A,-,Y,,,118,,,,,,W,N,3,0,1,1,A,-,01,23152,A,N,E,I,A,A,H,-,C,D,0,,,,,Y,Y,A,07,0,1,0,0,0,0,0,0,0,"- ","- ",34.275409698486328,-118.53835296630859,"LOS ANGELES","LOS ANGELES",-118.53827667236328,34.2747802734375
91580135,2021,2021-09-27,9580,2021-09-19,1800,021954,,7,2,9,1900,0,3,5,,1,040,"ENCINAL CANYON RD","CLUBHOUSE DRIVE",1320.00,S,N,A,-,N,,,,,,,,,,Y,3,0,1,2,A,-,01,23152,A,N,B,J,A,A,H,-,A,D,0,,,,,Y,Y,D,22,0,1,0,0,0,0,0,0,0,"- ","- ",34.086471557617188,-118.85952758789062,"LOS ANGELES",UNINCORPORATED,-118.85532379150391,34.087501525878906
91581406,2021,2021-09-28,9590,2021-09-17,2115,021622,,5,2,7,1942,0,1,1,,2,053,"I-110 S/B (HARBOR FREEWAY) COLLECTOR ROAD","VENICE BOULEVARD",475.00,N,N,A,-,Y,,,110,,,,,,S,Y,4,0,1,1,A,-,01,23152,A,N,E,I,A,A,H,-,C,D,0,,,,,Y,Y,A,07,0,0,1,0,0,0,0,0,0,"- ","- ",34.040660858154297,-118.27407073974609,"LOS ANGELES","LOS ANGELES",-118.27375793457031,34.040603637695312
9158225,2020,2020-12-01,1900,2020-09-10,1820,551881,1416,4,5,1,1932,0,0,0,,0,141T5,"CASTLETON ST","STONER CREEK RD",286.00,E,N,A,-,N,,,,,,,,,,N,4,0,1,1,A,-,01,23152,A,N,E,I,A,A,H,-,A,D,0,,,,,Y,Y,A,01,0,0,1,0,0,0,0,0,0,"- ","- ",33.992561340332031,-117.91200256347656,"LOS ANGELES",INDUSTRY,-117.91220092773438,33.992595672607422
9158332,2020,2020-12-05,1920,2020-09-18,2339,13500,1920,5,5,6,1920,0,0,0,,0,006,"ROSECRANS AV","LAKEWOOD BL",90.00,W,N,A,-,N,,,,,,,,,,Y,4,0,3,2,A,-,01,23152,A,N,C,C,A,A,H,-,C,A,0,,,Y,,Y,Y,A,01,0,0,3,0,0,0,0,0,3,"- ","- ",,,"LOS ANGELES",DOWNEY,-118.14327239990234,33.903781890869141
91583782,2021,2021-09-30,9535,2021-08-10,2340,022214,,2,3,9,1900,0,2,4,,2,025,"ATLANTIC BLVD. ATLANTIC BLVD. (300 BLOCK)","4TH ST",150.00,N,N,A,-,N,,,,,,,,,,Y,3,0,1,1,A,-,01,23152,A,N,E,I,A,A,H,-,C,D,0,,,,,Y,Y,A,01,0,1,0,0,0,0,0,0,0,"- ","- ",34.029941558837891,-118.15451812744141,"LOS ANGELES",UNINCORPORATED,-118.15444946289062,34.02978515625
9158381,2020,2020-11-17,1920,2020-09-24,1543,13022,,4,5,6,1920,0,0,0,,0,001,"WOODRUFF AV","EVEREST ST",105.00,S,N,A,-,N,,,,,,,,,,Y,4,0,1,3,A,-,01,23152,A,N,D,C,A,A,H,-,A,A,0,,,,,Y,Y,A,01,0,0,1,0,0,0,0,0,0,"- ","- ",,,"LOS ANGELES",DOWNEY,-118.11669921875,33.919212341308594
91584305,2021,2021-09-30,9525,2021-09-18,0457,022645,,6,3,4,1913,0,1,1,,2,209,"SR-210 W/B (FOOTHILL FWY)","TOWNE AVENUE",1000.00,E,N,A,-,Y,,,210,,,,,,W,Y,4,0,1,1,A,-,01,23152,A,N,E,I,A,A,H,-,C,D,0,,,,,Y,Y,A,01,0,0,1,0,0,0,0,0,0,"- ","- ",34.120441436767578,-117.73088836669922,"LOS ANGELES",CLAREMONT,-117.73088836669922,34.120414733886719
91586051,2021,2021-10-01,9565,2021-08-29,0130,022615,,7,3,7,1942,0,1,1,,2,061,"I-405 NORTHBOUND (SAN DIEGO FWY) TO HOWARD HUGHES","CENTER DR",620.00,E,N,A,-,Y,,,405,,,,R,,N,Y,4,0,1,1,A,-,01,23152,A,N,E,I,A,A,H,-,D,D,0,,,,,Y,Y,D,22,0,0,1,0,0,0,0,0,0,"- ","- ",33.974788665771484,-118.38459777832031,"LOS ANGELES","LOS ANGELES",-118.38459777832031,33.974788665771484
91591914,2021,2021-10-08,9525,2021-09-30,1920,022655,,4,2,9,1900,0,3,5,,2,002,"GRAND AVE","CYPRESS ST.",0.00,,Y,A,-,N,,,,,,,,,,N,2,0,1,2,A,-,12,21453,A,F,G,B,B,A,H,-,C,A,0,Y,,,,Y,Y,-,99,1,0,0,0,1,0,0,0,0,"- ","- ",34.095718383789062,-117.87246704101562,"LOS ANGELES",UNINCORPORATED,-117.87265014648438,34.095699310302734
9159447,2020,2020-12-21,1909,2020-10-03,1431,601,1909,6,5,4,1909,0,0,0,,0,NORTH,"PERRY RD","FLORENCE PL",9.00,,N,A,-,,,,,,,,,,,Y,4,0,1,1,A,-,03,22350,,N,E,I,A,A,H,-,A,A,0,,,,,Y,Y,A,01,0,0,1,0,0,0,0,0,0,"- ","- ",33.966060638427734,-118.14810943603516,"LOS ANGELES","BELL GARDENS",-118.14817047119141,33.966068267822266
91594603,2021,2021-10-12,9525,2021-10-11,2046,020891,,1,2,6,1955,0,1,1,,2,108,"I-10 E/B (SAN BERNARDINO FRWY)","KELLOGG DR.",2640.00,W,N,B,-,Y,,,,,,,,,,Y,2,0,2,2,A,-,01,23152,A,F,C,C,A,A,H,-,C,D,0,,,,,Y,Y,A,01,1,1,0,0,0,0,0,0,0,"- ","- ",34.063579559326172,-117.82183837890625,"LOS ANGELES",POMONA,-117.82003021240234,34.063568115234375
91595119,2021,2021-10-13,9535,2021-10-02,1915,022641,,6,2,9,1900,0,2,4,,2,024,"WHITTIER BLVD (5400 BLOCK)","GOODRICH BLVD",20.00,E,N,A,-,N,,,,,,,,,,N,3,0,1,2,A,-,01,23152,A,F,C,C,A,A,H,-,C,A,0,,,Y,,Y,Y,A,01,0,1,0,0,0,0,0,0,1,"- ","- ",34.019588470458984,-118.15345001220703,"LOS ANGELES",UNINCORPORATED,-118.15353393554688,34.019615173339844
91595418,2021,2021-10-13,9550,2021-10-05,1324,013729,,2,1,5,1976,1,4,S,,2,901,"LIGHT AVE. (S/B)","LA CUARTA ST.",102.00,N,N,A,-,N,,,,,,,,,,N,4,0,1,2,A,-,03,22350,,N,B,C,A,A,H,-,A,D,0,,,,,Y,Y,A,07,0,0,1,0,0,0,0,0,0,"- ","- ",33.968601226806641,-118.03621673583984,"LOS ANGELES",WHITTIER,,
91595971,2021,2021-10-14,9540,2021-10-03,0105,021849,,7,3,7,1942,0,1,1,,1,503,"I-5 S/B (GOLDEN STATE FREEWAY)","ROXFORD ST",2957.00,N,N,A,-,Y,,,5,,,,,,S,Y,3,0,1,1,A,-,01,23152,A,N,E,J,A,A,H,-,C,D,0,,,,,Y,Y,A,01,0,1,0,0,0,0,0,0,0,"- ","- ",34.309608459472656,-118.48606872558594,"LOS ANGELES","LOS ANGELES",-118.48589324951172,34.309761047363281
91596082,2021,2021-10-14,9580,2021-10-10,0256,021461,,7,3,7,1942,0,1,3,,2,116,"SR-118 E/B (RONALD REAGAN FWY.)","LOUISE AVE",520.00,W,N,A,-,Y,,,118,,,,,,E,Y,2,0,2,3,A,-,03,22350,,N,C,C,A,A,G,-,C,D,0,,,,,Y,Y,A,01,1,1,0,0,0,0,0,0,0,"- ","- ",34.277610778808594,-118.51252746582031,"LOS ANGELES","LOS ANGELES",-118.51253509521484,34.277717590332031
91597408,2021,2021-10-15,9580,2021-10-06,2330,022591,,3,3,7,1942,0,1,2,,2,101,"US-101 S/B (VENTURA FREEWAY) TO WOODMAN AVE","WOODMAN AVE",55.00,N,N,A,-,Y,,,101,,,,R,,S,N,4,0,2,3,A,-,01,23152,A,N,C,C,A,A,H,-,D,D,0,,,,,Y,Y,A,01,0,0,2,0,0,0,0,0,0,"- ","- ",34.155239105224609,-118.43144989013672,"LOS ANGELES","LOS ANGELES",-118.43144989013672,34.155239105224609
91597645,2021,2021-10-15,9525,2021-10-03,2306,022509,,7,3,1,1934,0,1,1,,2,652,"I-605 N/B (SAN GABRIEL FREEWAY)","ARROW HIGHWAY",500.00,S,N,A,-,Y,,,605,,,,,,N,Y,4,0,1,2,A,-,01,23152,A,N,C,C,A,A,H,-,D,D,0,,,,,Y,Y,A,01,0,0,1,0,0,0,0,0,0,"- ","- ",34.113628387451172,-117.97865295410156,"LOS ANGELES",IRWINDALE,-117.97858428955078,34.113594055175781
91598384,2021,2021-10-18,9550,2021-10-03,0105,022403,,7,3,9,1900,0,2,4,,1,052,"COLIMA ROAD","YBARRA DRIVE",16.00,E,N,A,-,N,,,,,,,,,,Y,2,0,1,1,A,-,01,23152,A,N,E,I,A,A,H,-,C,A,0,,,,,Y,Y,A,07,1,0,0,0,0,0,0,0,0,"- ","- ",33.9864501953125,-117.87499237060547,"LOS ANGELES",UNINCORPORATED,-117.87500762939453,33.986602783203125
91599677,2021,2021-10-18,9575,2021-10-08,0149,022496,,5,3,7,1942,0,1,1,,2,050,"I-5 S/B (GOLDEN STATE FREEWAY)","COLORADO STREET",1584.00,N,N,A,-,Y,,,5,,,,,,S,Y,4,0,2,3,A,-,01,23152,A,N,G,E,E,A,H,-,C,D,0,Y,,,,Y,Y,A,01,0,0,2,0,1,0,0,0,0,"- ","- ",34.1451416015625,-118.27889251708984,"LOS ANGELES","LOS ANGELES",-118.27880096435547,34.145160675048828
91599906,2021,2021-10-19,9565,2021-10-07,1720,020653,,4,2,9,1900,0,3,5,,2,002,"EL SEGUNDO BLVD","DENKER AVE",200.00,E,N,B,-,N,,,,,,,,,,Y,2,0,1,1,A,-,08,22107,,N,E,I,A,A,H,-,A,D,0,,,,,Y,Y,A,01,1,0,0,0,0,0,0,0,0,"- ","- ",33.916538238525391,-118.30402374267578,"LOS ANGELES",UNINCORPORATED,-118.30390930175781,33.916439056396484
91599961,2021,2021-10-19,9545,2021-10-02,2323,021819,,6,3,9,1900,0,3,5,,2,004,"50TH STREET EAST","AVENUE O",1070.00,S,N,A,-,N,,,,,,,,,,Y,2,0,1,1,A,-,01,23152,A,N,E,I,A,A,H,-,D,D,0,,,,,Y,Y,A,01,1,0,0,0,0,0,0,0,0,"- ","- ",34.613670349121094,-118.04084777832031,"LOS ANGELES",UNINCORPORATED,-118.04097747802734,34.613765716552734
91601064,2021,2021-10-20,9580,2021-10-17,0123,022717,,7,3,7,1942,0,1,2,,2,104,"US-101 N/B (VENTURA FREEWAY)","HAYVENHURST DR",805.00,S,N,A,-,Y,,,101,,,,,,N,N,3,0,1,2,A,-,01,23152,A,N,C,C,A,A,H,-,C,D,0,,,,,Y,Y,A,01,0,1,0,0,0,0,0,0,0,"- ","- ",34.165241241455078,-118.48937225341797,"LOS ANGELES","LOS ANGELES",-118.48937225341797,34.165302276611328
91601525,2021,2021-10-20,9535,2021-10-06,1530,022269,,3,2,9,1900,0,2,4,,2,024,"WHITTIER BLVD.","HENDRICKS AVE.",0.00,,Y,A,-,N,,,,,,,,,,N,3,0,1,2,A,-,12,21453,A,M,G,B,B,A,H,-,A,A,0,Y,,,,Y,Y,A,07,0,1,0,0,1,0,0,0,0,"- ","- ",34.016910552978516,-118.14012908935547,"LOS ANGELES",UNINCORPORATED,-118.14013671875,34.016777038574219
91601631,2021,2022-03-07,9525,2021-08-01,0413,022509,,7,3,5,1906,0,1,1,,2,103,"I-10 W/B (SAN BERNARDINO FWY)","I-605 N/B (SAN GABRIEL RIVER FWY)",3696.00,E,N,A,-,Y,,,10,,,,,,W,Y,1,1,0,2,A,-,01,23152,A,N,C,C,A,A,H,-,C,D,0,,,,Y,Y,Y,A,01,0,0,0,0,0,0,0,0,0,"- ","- ",34.066879272460938,-117.98837280273438,"LOS ANGELES","BALDWIN PARK",-117.98834991455078,34.066738128662109
91601861,2021,2021-10-20,9590,2021-10-02,1813,022382,,6,2,7,1942,0,1,3,,2,094,"SR-2 (GLF)","COLORADO BLVD",90.00,W,N,A,-,Y,,,2,,,,,,,Y,3,0,1,2,A,-,01,23152,A,N,C,C,A,A,H,-,B,D,0,,,,,Y,Y,A,01,0,1,0,0,0,0,0,0,0,"- ","- ",34.142440795898438,-118.22673034667969,"LOS ANGELES","LOS ANGELES",-118.22734832763672,34.142616271972656
91602761,2021,2021-10-21,9530,2021-10-10,0435,022380,,7,3,9,1900,0,3,5,,2,001,"SANTA FE AVE (7700 BLOCK)","OLIVE AVENUE",115.00,N,N,A,-,N,,,,,,,,,,N,4,0,1,1,A,-,01,23152,A,N,E,I,A,A,H,-,C,D,0,,,,,Y,Y,A,01,0,0,1,0,0,0,0,0,0,"- ","- ",33.969200134277344,-118.23023986816406,"LOS ANGELES",UNINCORPORATED,-118.23026275634766,33.969165802001953
91603132,2021,2021-10-21,9575,2021-10-12,2233,021254,,2,3,6,1953,0,1,1,,2,080,"SR-710 SB TO MAPLE STREET","MAPLE STREET",35.00,N,N,A,-,Y,,,710,,,,R,,S,Y,3,0,1,1,A,-,01,23152,A,N,E,I,A,A,H,-,C,D,0,,,,,Y,Y,A,07,0,1,0,0,0,0,0,0,0,"- ","- ",34.150821685791016,-118.15638732910156,"LOS ANGELES",PASADENA,-118.15638732910156,34.150821685791016
91603517,2021,2021-10-22,9580,2021-10-09,1230,021522,,6,1,7,1942,0,1,1,,2,404,"I-405 N/B (SAN DIEGO FWY)","BURBANK BLVD",2640.00,N,N,A,-,Y,,,405,,,,,,N,N,4,0,1,2,A,-,01,23152,A,N,B,C,A,A,H,-,A,D,0,,,,,Y,Y,A,01,0,0,1,0,0,0,0,0,0,"- ","- ",34.183448791503906,-118.47257995605469,"LOS ANGELES","LOS ANGELES",-118.47261810302734,34.183422088623047
91605078,2021,2021-10-25,9565,2021-10-17,0230,020653,,7,3,7,1942,0,1,S,,2,904,"I-110 S/B (HARBOR FREEWAY)","30TH ST",300.00,S,N,A,-,Y,,,110,,,,,,S,Y,4,0,1,2,A,-,01,23152,A,N,C,C,A,A,H,-,D,D,0,,,,,Y,Y,A,07,0,0,1,0,0,0,0,0,0,"- ","- ",34.023799896240234,-118.27671813964844,"LOS ANGELES","LOS ANGELES",-118.27674102783203,34.023811340332031
91605462,2021,2021-10-25,9565,2021-10-03,0330,022671,,7,3,4,1918,0,1,3,,2,070,"SR-90 W/B (MARINA FWY)","SLAUSON AVE",400.00,W,N,A,-,Y,,,90,,,,,,W,Y,3,0,1,1,A,-,01,23152,A,M,E,I,A,A,H,-,C,D,0,,,,,Y,Y,A,01,0,1,0,0,0,0,0,0,0,"- ","- ",33.987930297851562,-118.39067840576172,"LOS ANGELES","CULVER CITY",-118.39069366455078,33.987991333007812
91606626,2021,2021-10-26,9530,2021-10-22,1250,021089,,5,1,9,1900,0,3,5,,2,004,"SANTA FE AVE. (20000 BLOCK)","DEL AMO BLVD.",200.00,N,N,A,-,N,,,,,,,,,,Y,4,0,1,3,A,-,01,23152,A,N,B,E,A,A,H,-,A,D,0,,,,Y,Y,Y,D,22,0,0,1,0,0,0,0,0,0,"- ","- ",33.849399566650391,-118.21189880371094,"LOS ANGELES",UNINCORPORATED,-118.21166229248047,33.847114562988281
91608460,2021,2021-10-28,9565,2021-10-15,2050,022672,,5,2,7,1942,0,1,1,,2,061,"I-405 S/B FROM HOWARD HUGHES PKWY. (SAN DIEGO FREE","HOWARD HUGHES PKWY",25.00,N,N,A,-,Y,,,405,,,,R,,S,Y,4,0,2,1,A,-,01,23152,A,N,E,I,A,A,H,-,C,A,0,,,,,Y,Y,A,07,0,0,2,0,0,0,0,0,0,"- ","- ",33.975208282470703,-118.38932800292969,"LOS ANGELES","LOS ANGELES",-118.38932800292969,33.975208282470703
91609307,2021,2021-10-28,9545,2021-10-25,0025,022679,,1,3,9,1900,0,3,5,,2,001,"AVENUE H","60TH STREET EAST",174.00,E,N,B,-,N,,,,,,,,,,Y,2,0,1,1,A,-,01,23152,A,N,E,I,A,A,H,-,C,D,0,,,,,Y,Y,A,01,1,0,0,0,0,0,0,0,0,"- ","- ",34.719169616699219,-118.02165222167969,"LOS ANGELES",UNINCORPORATED,-118.02277374267578,34.719207763671875
91611749,2021,2021-11-01,9580,2021-10-21,0220,022492,,4,3,7,1942,0,1,2,,2,103,"US-101 S/B (VENTURA FREEWAY)","BALBOA BLVD",1636.00,N,N,A,-,Y,,,101,,,,,,S,Y,4,0,1,2,A,-,01,23152,A,N,C,C,A,A,H,-,C,D,0,,,,,Y,Y,A,07,0,0,1,0,0,0,0,0,0,"- ","- ",34.171108245849609,-118.50663757324219,"LOS ANGELES","LOS ANGELES",-118.50663757324219,34.171089172363281
91612779,2021,2021-11-01,9530,2021-10-12,0850,018278,,2,1,9,1900,0,3,5,,2,001,"OLIVE ST.","SEVILLE AVE.",182.00,W,N,A,-,N,,,,,,,,,,N,4,0,1,2,A,-,03,22350,,M,C,C,A,C,H,-,A,D,0,,,,,Y,Y,-,99,0,0,1,0,0,0,0,0,0,"- ","- ",33.96807861328125,-118.2235107421875,"LOS ANGELES",UNINCORPORATED,-118.22303009033203,33.968116760253906
91613280,2021,2021-11-02,9535,2021-10-22,0225,022277,,5,3,4,1962,0,1,1,,2,400,"I-10 EASTBOUND (SAN BERNARDINO FREEWAY) TO NEW AVE","NEW AVENUE",140.00,E,N,A,-,Y,,,10,,,,R,,E,Y,3,0,1,1,A,-,01,23152,A,N,E,I,A,A,H,-,C,D,0,,,,,Y,Y,A,01,0,1,0,0,0,0,0,0,0,"- ","- ",34.071468353271484,-118.10761260986328,"LOS ANGELES","SAN GABRIEL",-118.10761260986328,34.071468353271484
91613434,2021,2021-11-02,9580,2021-10-25,2015,021966,,1,2,9,1900,0,1,3,,1,271,"SR-27 N/B (TOPANGA CYN. BLVD.)","SR-1 N/B (PACIFIC COAST HWY.)",1900.00,N,N,B,-,Y,,,27,,,,,,N,Y,3,0,1,1,A,-,01,23152,A,N,F,I,A,B,H,-,D,D,0,,,,,Y,Y,A,01,0,1,0,0,0,0,0,0,0,"- ","- ",34.045310974121094,-118.57945251464844,"LOS ANGELES",UNINCORPORATED,-118.57939910888672,34.045242309570312
91613546,2021,2021-11-02,9550,2021-10-24,0225,022426,,7,3,6,1949,0,1,1,,2,650,"INTERSTATE 605 N/B","ROSECRANS AVENUE",380.00,S,N,A,-,Y,,,605,,,,,,N,Y,4,0,1,1,A,-,07,21658,A,N,E,I,A,A,H,-,D,D,0,,,,,Y,Y,A,01,0,0,1,0,0,0,0,0,0,"- ","- ",33.895210266113281,-118.10453033447266,"LOS ANGELES",NORWALK,-118.10465240478516,33.89520263671875
91613697,2021,2021-11-02,9530,2021-10-22,2055,022292,,5,2,5,1977,0,1,1,,2,410,"I-405 N/B TO I-110 N/B",I-110,1000.00,S,N,A,-,Y,,,405,,,,R,,N,Y,4,0,1,4,A,-,01,23152,A,N,B,C,A,A,H,-,C,D,0,,,,,Y,Y,A,01,0,0,1,0,0,0,0,0,0,"- ","- ",33.855201721191406,-118.28202056884766,"LOS ANGELES",CARSON,-118.28202056884766,33.855201721191406
91614436,2021,2021-11-03,9530,2021-10-31,2325,022083,,7,3,5,1977,0,1,3,,2,310,"SR-91 W/B (ARTESIA FREEWAY)","AVALON BOULEVARD",430.00,E,N,B,-,Y,,,91,,,,,,W,Y,2,0,3,4,A,-,01,23152,A,N,C,C,A,A,H,-,C,D,0,,,,,Y,Y,A,01,1,2,0,0,0,0,0,0,0,"- ","- ",33.873500823974609,-118.26432037353516,"LOS ANGELES",CARSON,-118.26432037353516,33.87353515625
91614639,2021,2021-11-03,9530,2021-10-22,2230,022702,,5,3,7,1942,0,1,1,,2,110,"I-110 N/B (HARBOR FREEWAY)","120TH STREET",50.00,N,N,A,-,Y,,,110,,,,,,N,Y,3,0,1,1,A,-,01,23152,A,N,E,I,A,A,H,-,C,D,0,,,,,Y,Y,A,07,0,1,0,0,0,0,0,0,0,"- ","- ",33.923988342285156,-118.28076171875,"LOS ANGELES","LOS ANGELES",-118.28118133544922,33.924022674560547
91614967,2021,2021-11-03,9525,2021-10-29,0230,022630,,5,3,5,1990,0,1,3,,2,604,"SR-60 E/B (POMONA FWY)","GRAND AVE",528.00,E,N,A,-,Y,,,60,,,,,,E,Y,3,0,1,1,A,-,01,23152,A,N,E,I,A,A,H,-,D,D,0,,,,,Y,Y,A,01,0,1,0,0,0,0,0,0,0,"- ","- ",34.011341094970703,-117.82163238525391,"LOS ANGELES","DIAMOND BAR",-117.82178497314453,34.011501312255859
9161573,2020,2020-10-06,1900,2020-07-20,1918,650374,,1,5,3,1914,0,0,0,,0,027,"GOODRICH BL","WHITTIER BL",0.00,,Y,A,-,N,,,,,,,,,,N,3,0,1,2,A,-,05,21650,,F,G,B,A,A,H,-,A,D,0,,Y,,,Y,Y,L,04,0,1,0,0,0,0,1,0,0,"- ","- ",,,"LOS ANGELES",COMMERCE,-118.15360260009766,34.019630432128906
91616251,2021,2021-11-04,9530,2021-10-24,0120,022454,,7,3,9,1900,0,3,5,,2,003,"LIME AVE (14900 BLOCK)","SAN LUIS STREET",100.00,N,N,B,-,N,,,,,,,,,,Y,3,0,1,3,A,-,01,23152,A,M,B,E,A,A,H,-,C,D,0,,,,,Y,Y,A,01,0,1,0,0,0,0,0,0,0,"- ","- ",33.897380828857422,-118.19233703613281,"LOS ANGELES",UNINCORPORATED,-118.19247436523438,33.897262573242188
91616415,2021,2021-11-04,9525,2021-10-28,1920,021355,,4,2,6,1975,0,1,1,,2,104,"I-10 E/B (SAN BERNARDINO FWY)","PACIFIC AVE.",1056.00,E,N,A,-,Y,,,10,,,,,,E,Y,2,0,1,1,A,-,01,23152,A,N,F,A,A,A,H,-,A,D,0,,,Y,,Y,Y,C,02,1,0,0,0,0,0,0,0,1,"- ","- ",34.072288513183594,-117.94052886962891,"LOS ANGELES","WEST COVINA",-117.94052886962891,34.072315216064453
9161720,2020,2020-10-19,1900,2020-08-13,0000,641043,2608,4,5,6,1950,0,0,0,,0,263T1,"AVENUE R-4","ROTELLA ST",171.00,W,N,A,-,N,,,,,,,,,,Y,3,0,1,3,A,-,01,23152,A,M,C,E,A,A,H,-,C,D,0,,,,,Y,Y,D,22,0,1,0,0,0,0,0,0,0,"- ","- ",34.348850250244141,-118.42562866210938,"LOS ANGELES",PALMDALE,-118.07374572753906,34.569137573242188