CASE_ID,ACCIDENT_YEAR,PROC_DATE,JURIS,COLLISION_DATE,COLLISION_TIME,OFFICER_ID,REPORTING_DISTRICT,DAY_OF_WEEK,CHP_SHIFT,POPULATION,CNTY_CITY_LOC,SPECIAL_COND,BEAT_TYPE,CHP_BEAT_TYPE,CITY_DIVISION_LAPD,CHP_BEAT_CLASS,BEAT_NUMBER,PRIMARY_RD,SECONDARY_RD,DISTANCE,DIRECTION,INTERSECTION,WEATHER_1,WEATHER_2,STATE_HWY_IND,CALTRANS_COUNTY,CALTRANS_DISTRICT,STATE_ROUTE,ROUTE_SUFFIX,POSTMILE_PREFIX,POSTMILE,LOCATION_TYPE,RAMP_INTERSECTION,SIDE_OF_HWY,TOW_AWAY,COLLISION_SEVERITY,NUMBER_KILLED,NUMBER_INJURED,PARTY_COUNT,PRIMARY_COLL_FACTOR,PCF_CODE_OF_VIOL,PCF_VIOL_CATEGORY,PCF_VIOLATION,PCF_VIOL_SUBSECTION,HIT_AND_RUN,TYPE_OF_COLLISION,MVIW,PED_ACTION,ROAD_SURFACE,ROAD_COND_1,ROAD_COND_2,LIGHTING,CONTROL_DEVICE,CHP_ROAD_TYPE,PEDESTRIAN_ACCIDENT,BICYCLE_ACCIDENT,MOTORCYCLE_ACCIDENT,TRUCK_ACCIDENT,NOT_PRIVATE_PROPERTY,ALCOHOL_INVOLVED,STWD_VEHTYPE_AT_FAULT,CHP_VEHTYPE_AT_FAULT,COUNT_SEVERE_INJ,COUNT_VISIBLE_INJ,COUNT_COMPLAINT_PAIN,COUNT_PED_KILLED,COUNT_PED_INJURED,COUNT_BICYCLIST_KILLED,COUNT_BICYCLIST_INJURED,COUNT_MC_KILLED,COUNT_MC_INJURED,PRIMARY_RAMP,SECONDARY_RAMP,LATITUDE,LONGITUDE,COUNTY,CITY,POINT_X,POINT_Y
6237109,2013,2014-04-22,1942,2013-10-03,2030,34385,0667,4,5,7,1942,0,0,0,F,0,6TL7,"SANTA MONICA BL","BRONSON AV",0.00,,Y,A,-,N,,,,,,,,,,N,4,0,2,2,A,-,03,22350,,F,C,C,A,A,H,-,C,A,0,,,,,Y,Y,-,99,0,0,2,0,0,0,0,0,0,"- ","- ",,,"LOS ANGELES","LOS ANGELES",-118.3179423,34.090744899999997
6237378,2013,2014-04-19,9590,2013-10-03,0850,20618,,4,1,7,1942,0,1,1,,2,065,"RT 10","SANTA FE AV",100.00,E,N,A,-,Y,LA,7,10,-,-,17.730,H,-,W,N,4,0,1,3,A,-,03,22350,,N,C,C,A,A,H,-,A,D,1,,,,,Y,Y,D,22,0,0,1,0,0,0,0,0,0,"- ","- ",34.028489999999998,-118.22967,"LOS ANGELES","LOS ANGELES",-118.2302566,34.028367699999997
6237617,2013,2014-04-10,9590,2013-09-03,0255,20652,,2,3,7,1942,0,1,1,,2,053,"RT 110","FIGUEROA ST",550.00,S,N,A,-,Y,LA,7,110,-,-,22.831,R,2,S,Y,3,0,1,1,A,-,01,23152,A,N,E,I,A,A,H,-,C,D,1,,,,,Y,Y,A,01,0,1,0,0,0,0,0,0,0,"- ","- ",34.366199999999999,-118.15348,"LOS ANGELES","LOS ANGELES",-118.260847,34.051509000000003
6237646,2013,2014-04-11,1900,2013-09-15,0150,516547,1016,7,5,3,1995,0,0,0,,0,101EM,"RT 1","SWEETWATER CANYON RD",1584.00,S,N,A,-,Y,LA,7,1,-,-,46.070,H,-,N,Y,4,0,1,2,A,-,01,23152,A,N,E,E,A,A,-,-,C,D,0,,,,,Y,Y,A,01,0,0,1,0,0,0,0,0,0,"- ","- ",,,"LOS ANGELES",MALIBU,-118.6692322,34.0395349
6238723,2013,2014-04-10,1900,2013-09-09,2020,515583,1430,1,5,4,1937,0,0,0,,0,143T2,"TEMPLE AV","ORANGE AV",0.00,,Y,A,-,N,,,,,,,,,,N,2,0,1,2,A,-,12,21453,A,N,D,G,A,A,H,-,C,A,0,,Y,,,Y,Y,L,04,1,0,0,0,0,0,1,0,0,"- ","- ",,,"LOS ANGELES","LA PUENTE",-117.9727822,34.044165
6238810,2013,2014-04-10,9590,2013-09-19,2305,20348,,4,3,7,1942,0,1,1,,2,082,"RT 5",BROADWAY,300.00,S,N,A,-,Y,LA,7,5,-,-,19.670,H,-,N,N,4,0,1,1,A,-,08,22107,,N,E,I,A,A,H,-,C,D,1,,,,,Y,Y,A,01,0,0,1,0,0,0,0,0,0,"- ","- ",34.037320000000001,-118.27634999999999,"LOS ANGELES","LOS ANGELES",-118.2179569,34.070641199999997
6239134,2013,2014-04-18,1942,2013-10-07,1945,39062,1393,1,5,7,1942,0,0,0,M,0,1T11,BROADWAY,"64TH ST",120.00,N,N,A,-,N,,,,,,,,,,Y,4,0,2,2,A,-,01,23152,A,N,D,C,A,A,H,-,C,D,0,,,,,Y,Y,A,01,0,0,2,0,0,0,0,0,0,"- ","- ",,,"LOS ANGELES","LOS ANGELES",-118.27833219999999,33.981684000000001
6239607,2013,2014-04-15,1900,2013-09-08,1806,509582,19001,7,5,5,1935,0,0,0,,0,132T2,"DEL AMO BL","OBISPO AV",0.00,,Y,A,-,N,,,,,,,,,,N,4,0,1,2,A,-,09,21801,A,N,G,G,A,A,H,-,A,D,0,,Y,,,Y,Y,A,,0,0,1,0,0,0,1,0,0,"- ","- ",,,"LOS ANGELES",LAKEWOOD,-118.1548123,33.8471549
6239712,2013,2014-04-11,1942,2013-09-23,1845,40102,2002,1,5,7,1942,0,0,0,,0,20T59,"WESTERN AV","MELROSE AV",0.00,,Y,A,-,N,,,,,,,,,,N,4,0,1,2,A,-,09,21801,A,N,D,C,A,A,H,-,A,A,0,,,,,Y,Y,A,01,0,0,1,0,0,0,0,0,0,"- ","- ",,,"LOS ANGELES","LOS ANGELES",-118.3091422,34.083504900000001
6239807,2013,2014-04-21,1942,2013-10-04,2055,36336,1754,5,5,7,1942,0,0,0,Q,0,9T53,"DEVONSHIRE ST","RESEDA BL",0.00,,Y,A,-,N,,,,,,,,,,Y,2,0,3,2,A,-,12,21453,A,N,A,C,A,A,H,-,C,A,0,,,,,Y,Y,A,01,1,1,1,0,0,0,0,0,0,"- ","- ",,,"LOS ANGELES","LOS ANGELES",-118.5361223,34.257255000000001
6239950,2012,2013-10-29,1906,2012-03-05,0454,2897,,1,5,5,1906,0,0,0,,0,003,"GARVEY AV","FRANCISQUITO AV",0.00,,Y,A,-,N,,,,,,,,,,N,3,0,1,2,A,-,11,21954,A,N,G,B,C,A,H,-,C,D,0,Y,,,,Y,Y,N,60,0,1,0,0,1,0,0,0,0,"- ","- ",,,"LOS ANGELES","BALDWIN PARK",-117.97516215,34.069344880000003
6242128,2013,2014-03-29,1934,2013-08-17,2254,741,1934,6,5,1,1934,0,0,0,,0,001,"ARROW HWY","4TH ST",172.00,E,N,A,-,N,,,,,,,,,,Y,4,0,3,2,A,-,01,23153,A,N,C,C,A,A,H,-,C,A,0,,,,,Y,Y,A,01,0,0,3,0,0,0,0,0,0,"- ","- ",,,"LOS ANGELES",IRWINDALE,-117.9380153,34.107022200000003
6244991,2013,2014-03-17,1900,2013-07-25,1835,519473,0986,4,5,4,1979,0,0,0,,0,94E,"SUNSET BL","PALM AV",88.00,E,N,A,-,N,,,,,,,,,,Y,4,0,1,2,A,-,01,23152,A,N,C,C,A,A,H,-,A,A,0,,,Y,,Y,Y,A,01,0,0,1,0,0,0,0,0,1,"- ","- ",,,"LOS ANGELES","WEST HOLLYWOOD",-118.4000308,34.086869999999998
6245099,2013,2014-10-30,1900,2013-09-13,2500,516499,0987,5,5,4,1979,0,0,0,,0,92T2,"SUNSET BL","SWEETZER AV",0.00,,Y,A,-,N,,,,,,,,,,Y,4,0,3,2,A,-,01,23152,A,N,C,C,A,A,H,-,C,A,0,,,,,Y,Y,A,01,0,0,3,0,0,0,0,0,0,"- ","- ",,,"LOS ANGELES","WEST HOLLYWOOD",-118.37039230000001,34.096494900000003
6245131,2013,2014-04-24,1942,2013-10-10,2127,37304,2185,4,5,7,1942,0,0,0,,0,21T65,"VENTURA BL","TOPANGA CANYON BL",30.00,E,N,A,-,N,,,,,,,,,,N,4,0,3,2,A,-,01,23152,A,N,C,C,A,A,H,-,C,A,0,,,,,Y,Y,A,01,0,0,3,0,0,0,0,0,0,"- ","- ",,,"LOS ANGELES","LOS ANGELES",-118.6058432,34.168494799999998
6246889,2013,2014-04-14,1942,2013-09-16,0030,40605,2053,1,5,7,1942,0,0,0,,0,20T59,"SAN MARINO ST","OXFORD ST",0.00,,Y,A,-,N,,,,,,,,,,N,4,0,1,2,A,-,12,22450,A,N,B,C,A,A,H,-,D,D,0,,,,,Y,Y,A,01,0,0,1,0,0,0,0,0,0,"- ","- ",,,"LOS ANGELES","LOS ANGELES",-118.30783220000001,34.0544449
6247390,2013,2014-04-14,1901,2013-09-22,1417,226,24,7,5,5,1901,0,0,0,,0,003,"ATLANTIC BL","PINE ST",0.00,,Y,A,-,N,,,,,,,,,,Y,4,0,1,2,A,-,12,21453,A,N,D,C,A,A,G,-,A,A,0,,,,,Y,Y,-,"- ",0,0,1,0,0,0,0,0,0,"- ","- ",,,"LOS ANGELES",ALHAMBRA,-118.1346923,34.104124900000002
6248160,2013,2014-04-28,1976,2013-10-04,2105,397,,5,5,5,1976,0,0,0,,0,,"BEVERLY BL","MONTE VISTA ST",360.00,W,N,A,-,N,,,,,,,,,,Y,3,0,1,2,A,-,01,23152,A,N,C,E,A,A,H,-,C,D,0,,,,,Y,Y,A,01,0,1,0,0,0,0,0,0,0,"- ","- ",,,"LOS ANGELES",WHITTIER,-118.05331200000001,33.995515699999999
6248711,2013,2014-04-23,1942,2013-10-18,2040,35925,1259,5,5,7,1942,0,0,0,L,0,3TL5,"AVALON BL","75TH ST",0.00,,Y,A,-,Y,,,,,,,,,,Y,3,0,2,3,A,-,11,21950,B,N,C,B,B,A,H,-,C,A,0,Y,,,,Y,Y,N,60,0,1,1,0,2,0,0,0,0,"- ","- ",,,"LOS ANGELES","LOS ANGELES",-118.26517219999999,33.972174899999999
6249264,2013,2014-07-03,1924,2013-07-01,2142,108241,28,1,5,5,1924,0,0,0,,0,8T3,"VAN NESS AV","154TH ST",21.00,S,N,A,-,N,,,,,,,,,,N,4,0,3,3,A,-,09,21801,A,N,D,C,A,A,H,-,C,D,0,,,,,Y,Y,D,22,0,0,3,0,0,0,0,0,0,"- ","- ",,,"LOS ANGELES",GARDENA,-118.31784279999999,33.8918672
6249458,2013,2014-04-29,1900,2013-10-06,0115,483167,0469,7,5,4,1936,0,0,0,,0,46T2,"VALLEY VIEW AV","ADOREE ST",0.00,,Y,A,-,N,,,,,,,,,,Y,4,0,1,2,A,-,09,21802,A,N,D,C,A,A,H,-,C,D,0,,,,,Y,Y,A,01,0,0,1,0,0,0,0,0,0,"- ","- ",,,"LOS ANGELES","LA MIRADA",-118.0293822,33.914444899999999
6249506,2013,2014-06-13,1948,2013-10-20,0853,356,1948,7,5,5,1948,0,0,0,,0,021,"WEST GARVEY AV","ATLANTIC BL",30.00,W,N,A,-,N,,,,,,,,,,Y,3,0,2,5,A,-,03,22350,,F,C,C,A,A,H,-,A,A,0,,,,,Y,Y,-,"- ",0,2,0,0,0,0,0,0,0,"- ","- ",,,"LOS ANGELES","MONTEREY PARK",-118.134361,34.062544600000003
6250346,2013,2014-04-28,1929,2013-10-20,2020,176,1929,7,5,3,1929,0,0,0,,0,003,"AVIATION AV",HARPER,114.00,W,N,A,-,N,,,,,,,,,,N,3,0,1,2,A,-,11,21954,A,N,G,B,D,A,H,-,C,A,0,Y,,,,Y,Y,N,60,0,1,0,0,1,0,0,0,0,"- ","- ",,,"LOS ANGELES","HERMOSA BEACH",-118.3869402,33.865324999999999
6250577,2013,2014-11-17,9530,2013-01-25,0310,20194,,5,3,7,1941,0,1,1,,2,071,"RT 710","DEL AMO BL",900.00,N,N,B,C,Y,LA,7,710,-,-,11.010,H,-,S,Y,3,0,2,2,A,-,01,23152,A,N,D,C,A,B,H,-,C,D,1,,,,,Y,Y,A,01,0,1,1,0,0,0,0,0,0,"- ","- ",33.850239999999999,-118.20502999999999,"LOS ANGELES","LONG BEACH",-118.205259,33.851059900000003
6251508,2013,2014-04-25,9525,2013-10-04,0315,18505,,5,3,4,1960,0,1,3,,2,571,"RT 57","RT 10",2640.00,N,N,A,-,Y,LA,7,57,-,R,8.390,H,-,S,Y,4,0,1,2,A,-,01,23152,A,N,C,C,A,A,H,-,D,D,1,,,,,Y,Y,A,01,0,0,1,0,0,0,0,0,0,"- ","- ",34.076799999999999,-117.81318,"LOS ANGELES","SAN DIMAS",-117.8110217,34.074542100000002
6252399,2013,2014-02-21,1942,2013-10-27,1830,40476,1253,7,5,7,1942,0,0,0,L,0,12T41,WESTERN,"78TH ST",39.00,S,N,A,-,N,,,,,,,,,,Y,2,0,1,3,A,-,01,23152,A,N,B,E,E,A,H,-,B,D,0,Y,,,,Y,Y,A,01,1,0,0,0,1,0,0,0,0,"- ","- ",,,"LOS ANGELES","LOS ANGELES",-118.3090222,33.968957899999999
6252808,2013,2014-04-24,1901,2013-10-22,0228,269,7,2,5,5,1901,0,0,0,,0,002,"VALLEY BL",GARFIELD,45.00,E,N,A,-,N,,,,,,,,,,Y,3,0,1,1,A,-,03,22350,,N,E,I,A,A,H,-,C,A,0,,,,,Y,Y,A,01,0,1,0,0,0,0,0,0,0,"- ","- ",,,"LOS ANGELES",ALHAMBRA,-118.1229142,34.078592899999997
6252856,2013,2014-04-28,1942,2013-10-11,2016,36754,6391,5,5,7,1942,0,0,0,,0,3T5W3,"LA BREA AV","DON LORENZO DR",380.00,N,N,A,-,N,,,,,,,,,,N,4,0,1,2,A,-,03,22350,,N,C,C,A,A,H,-,C,D,0,,,,,Y,Y,A,01,0,0,1,0,0,0,0,0,0,"- ","- ",,,"LOS ANGELES","LOS ANGELES",-118.35924489999999,34.001852800000002
6253020,2013,2014-04-30,1941,2013-11-05,0002,10131,,2,5,7,1941,0,0,0,,0,,"ANAHEIM ST","LINDEN AV",16.00,W,N,A,-,N,,,,,,,,,,Y,4,0,1,2,A,-,09,21804,A,N,B,C,A,A,H,-,C,D,0,,,,,Y,Y,A,,0,0,1,0,0,0,0,0,0,"- ","- ",,,"LOS ANGELES","LONG BEACH",-118.1867647,33.782585599999997
6253161,2013,2014-04-23,1942,2013-10-06,0800,39203,0354,7,5,7,1942,0,0,0,C,0,3XL41,"JEFFERSON BL","9TH AV",80.00,E,N,A,-,N,,,,,,,,,,Y,3,0,1,3,A,-,01,23152,A,N,C,E,A,A,H,-,A,D,0,,,,,Y,Y,A,01,0,1,0,0,0,0,0,0,0,"- ","- ",,,"LOS ANGELES","LOS ANGELES",-118.32691869999999,34.025596999999998
6253855,2013,2014-04-23,1942,2013-10-20,1650,38471,1795,7,5,7,1942,0,0,0,Q,0,9TL52W,"PARTHENIA ST","ZELZAH AV",20.00,W,N,A,-,N,,,,,,,,,,Y,4,0,3,2,A,-,"- ",,,N,A,C,A,A,H,-,A,A,0,,,,,Y,Y,D,22,0,0,3,0,0,0,0,0,0,"- ","- ",,,"LOS ANGELES","LOS ANGELES",-118.5231083,34.228625200000003
6253898,2013,2014-04-23,1942,2013-10-24,0100,40639,0914,4,5,7,1942,0,0,0,I,0,19T73,"SHERMAN WAY","VAN NUYS BL",0.00,,Y,A,-,N,,,,,,,,,,Y,4,0,3,2,A,-,01,23152,A,N,D,C,A,A,H,-,C,A,0,,,,,Y,Y,A,01,0,0,3,0,0,0,0,0,0,"- ","- ",,,"LOS ANGELES","LOS ANGELES",-118.4487623,34.201185000000002
6253918,2013,2014-04-26,1942,2013-10-26,1800,38471,0969,6,5,7,1942,0,0,0,I,0,9TL52,"COLDWATER CANYON BL","CHANDLER ST",0.00,,Y,A,-,N,,,,,,,,,,Y,4,0,6,2,A,-,12,21453,A,N,D,C,A,A,H,-,C,A,0,,,,,Y,Y,A,01,0,0,6,0,0,0,0,0,0,"- ","- ",,,"LOS ANGELES","LOS ANGELES",-118.4138023,34.168664999999997
6254168,2013,2014-05-01,1965,2013-10-17,2220,3017,11A1,4,5,5,1965,0,0,0,,0,A001,"PACIFIC COAST HWY","PACIFIC COAST HWY 900-1000",0.00,,N,A,-,Y,LA,7,1,-,-,36.090,H,-,N,Y,2,0,1,1,A,-,08,22107,,N,E,I,A,A,H,-,C,D,0,,,,,Y,Y,-,"- ",1,0,0,0,0,0,0,0,0,"- ","- ",,,"LOS ANGELES","SANTA MONICA",-118.50628,34.019944099999996
6254289,2013,2014-04-24,9590,2013-10-24,0020,018809,,4,3,7,1942,0,1,1,,2,501,"RT 110","FLORENCE AV",200.00,N,N,A,-,Y,LA,7,110,-,-,17.040,H,-,S,Y,3,0,1,1,A,-,01,23152,A,N,E,I,A,A,H,-,C,D,1,,,,,Y,Y,D,22,0,1,0,0,0,0,0,0,0,"- ","- ",33.975859999999997,-118.28097,"LOS ANGELES","LOS ANGELES",-118.2810621,33.975858600000002
6254936,2013,2014-04-23,9540,2013-10-24,2150,019444,,4,2,7,1942,0,1,1,,1,405,"RT 405","RINALDI ST",70.00,S,N,A,-,Y,LA,7,405,-,-,47.740,H,-,S,Y,3,0,1,1,A,-,01,23152,A,N,E,I,A,A,H,-,C,D,1,,,,,Y,Y,D,22,0,1,0,0,0,0,0,0,0,"- ","- ",34.279290000000003,-118.46966999999999,"LOS ANGELES","LOS ANGELES",-118.4701365,34.278189400000002
6255346,2013,2014-04-25,1965,2013-10-25,0410,3477,1101,5,5,5,1965,0,0,0,,0,002,"OCEAN AV","PACIFIC ST",0.00,,Y,A,-,N,,,,,,,,,,Y,3,0,1,2,A,-,01,23152,A,M,C,E,A,A,H,-,C,D,0,,,,,Y,Y,A,01,0,1,0,0,0,0,0,0,0,"- ","- ",,,"LOS ANGELES","SANTA MONICA",-118.4889123,34.004514999999998
6255898,2013,2014-04-23,1976,2013-10-19,0249,239,WPD,6,5,3,1964,0,0,0,,0,001,"LOS NIETOS RD","JOHN ST",409.00,E,N,A,-,N,,,,,,,,,,Y,4,0,1,1,A,-,01,23152,A,N,E,I,A,A,H,-,C,A,0,,,,,Y,Y,A,01,0,0,1,0,0,0,0,0,0,"- ","- ",,,"LOS ANGELES","SANTA FE SPRINGS",-118.0625048,33.951320500000001
6255949,2013,2014-05-05,1951,2013-10-22,1415,737,1951,2,5,3,1951,0,0,0,,0,702,"PALOS VERDES DR W","VIA ROSA",130.00,S,N,A,-,N,,,,,,,,,,Y,3,0,2,1,A,-,01,23153,A,N,E,I,A,A,H,-,A,D,0,,,,,Y,Y,A,01,0,2,0,0,0,0,0,0,0,"- ","- ",,,"LOS ANGELES","PALOS VERDES EST",-118.3906425,33.803428599999997
6256560,2013,2014-04-14,1900,2013-09-19,0851,526162,1137,4,5,6,1992,0,0,0,,0,112T1,"20TH ST EAST","AVENUE K",0.00,,Y,A,-,N,,,,,,,,,,Y,2,0,2,2,A,-,09,21801,A,N,A,C,A,A,H,-,A,A,0,,,,,Y,Y,A,01,2,0,0,0,0,0,0,0,0,"- ","- ",,,"LOS ANGELES",LANCASTER,-118.0946622,34.675125000000001
6257174,2013,2014-04-25,1942,2013-10-20,1550,38471,1977,7,5,7,1942,0,0,0,,0,9TL52,"OSBORNE ST","BEACHY AV",140.00,W,N,A,-,N,,,,,,,,,,N,3,0,1,3,A,-,09,21801,A,F,D,C,A,A,H,-,A,D,0,,,,,Y,Y,-,99,0,1,0,0,0,0,0,0,0,"- ","- ",,,"LOS ANGELES","LOS ANGELES",-118.42972779999999,34.239419400000003
6258668,2013,2014-06-18,1953,2013-10-26,1921,8467,1953,6,5,6,1953,0,0,0,,0,,"E ORANGE GROVE BL","CHESTER AV",100.00,E,N,A,-,N,,,,,,,,,,Y,4,0,1,4,A,-,01,23152,A,N,C,E,A,A,H,-,B,D,0,,,,,Y,Y,A,01,0,0,1,0,0,0,0,0,0,"- ","- ",,,"LOS ANGELES",PASADENA,-118.12407229999999,34.157784900000003
6259294,2013,2014-04-14,1969,2013-09-14,0003,10162,TRAFF,6,5,5,1969,0,0,0,,0,CITY,"ATLANTIC AV","TENAYA AV",220.00,N,N,A,-,N,,,,,,,,,,Y,4,0,1,5,A,-,01,23152,A,N,C,C,A,A,H,-,C,A,0,,,,,Y,Y,A,07,0,0,1,0,0,0,0,0,0,"- ","- ",,,"LOS ANGELES","SOUTH GATE",-118.1820991,33.936855899999998
6259916,2013,2014-04-25,1953,2013-10-20,1609,9741,1953,7,5,6,1953,0,0,0,,0,002,"RAYMOND AV","HAMMOND AV",200.00,S,N,A,-,N,,,,,,,,,,Y,3,0,2,4,A,-,01,23153,,N,B,C,A,A,H,-,A,A,0,,,,,Y,Y,A,01,0,2,0,0,0,0,0,0,0,"- ","- ",,,"LOS ANGELES",PASADENA,-118.14908920000001,34.164626599999998
6260318,2013,2014-04-28,1942,2013-10-24,1035,36530,0647,4,5,7,1942,0,0,0,F,0,8T35,"GOWER AVE","CARLTON WY",47.00,S,N,B,-,N,,,,,,,,,,N,3,0,1,2,A,-,05,21202,A,N,A,G,A,A,H,-,A,D,0,,Y,,,Y,Y,A,07,0,1,0,0,0,0,1,0,0,"- ","- ",,,"LOS ANGELES","LOS ANGELES",-118.3223522,34.100315999999999
6261339,2013,2014-04-28,1900,2013-10-12,0400,442447,2247,6,5,3,1989,0,0,0,,0,224,"MULHOLLAND HWY","DRY CANYON COLD CREEK",1584.00,W,N,A,-,N,,,,,,,,,,Y,4,0,1,1,A,-,01,23152,B,N,F,I,A,A,H,-,D,D,0,,,,,Y,Y,A,,0,0,1,0,0,0,0,0,0,"- ","- ",,,"LOS ANGELES",CALABASAS,-118.67839859999999,34.0988252
6261613,2013,2014-04-28,1955,2013-10-06,0110,40976,19,7,5,6,1955,0,0,0,,0,003,"INDIAN HILL BL",COBBLESTONE,210.00,S,N,A,-,N,,,,,,,,,,N,4,0,1,2,A,-,11,21955,,N,G,B,D,A,H,-,C,A,0,Y,,,,Y,Y,N,60,0,0,1,0,1,0,0,0,0,"- ","- ",,,"LOS ANGELES",POMONA,-117.719268,34.077964000000001
6261726,2013,2014-04-29,1942,2013-10-14,2000,39876,1127,1,5,7,1942,0,0,0,K,0,1TL11,"FIGUEROA ST","YORK BL",0.00,,Y,A,-,N,,,,,,,,,,N,4,0,1,2,A,-,"- ",,,N,H,G,A,A,H,-,C,A,0,,Y,,,Y,Y,-,"- ",0,0,1,0,0,0,1,0,0,"- ","- ",,,"LOS ANGELES","LOS ANGELES",-118.1844023,34.115514900000001
6261857,2013,2014-04-22,1941,2013-10-26,2327,6265,,6,5,7,1941,0,0,0,,0,,"2ND ST","MARINA DR",0.00,,Y,A,-,N,,,,,,,,,,Y,4,0,1,1,A,-,08,22107,,N,E,I,A,A,H,-,C,A,0,,,,,Y,Y,A,,0,0,1,0,0,0,0,0,0,"- ","- ",,,"LOS ANGELES","LONG BEACH",-118.1132123,33.757604899999997
6261901,2013,2014-04-30,1941,2013-10-26,2131,10022,,6,5,7,1941,0,0,0,,0,,"WILLOW ST","STUDEBAKER RD",0.00,,Y,A,-,N,,,,,,,,,,Y,4,0,1,3,A,-,09,21802,A,N,A,C,A,A,H,-,C,A,0,,,,,Y,Y,A,,0,0,1,0,0,0,0,0,0,"- ","- ",,,"LOS ANGELES","LONG BEACH",-118.09929219999999,33.803254899999999
6261949,2013,2014-04-26,1955,2013-10-26,0143,41111,94,6,5,6,1955,0,0,0,,0,003,"9TH ST","ELM ST",0.00,,Y,A,-,N,,,,,,,,,,Y,4,0,2,3,A,-,01,23152,A,M,D,C,A,A,H,-,C,A,0,,,,,Y,Y,A,01,0,0,2,0,0,0,0,0,0,"- ","- ",,,"LOS ANGELES",POMONA,-117.7466622,34.051544900000003
6262212,2013,2014-04-22,1941,2013-10-19,0248,6314,,6,5,7,1941,0,0,0,,0,,"LONG BEACH BL",ARBOR,0.00,,Y,A,-,N,,,,,,,,,,N,3,0,1,1,A,-,08,22107,,N,A,I,A,A,H,-,C,A,0,,,,,Y,Y,A,,0,1,0,0,0,0,0,0,0,"- ","- ",,,"LOS ANGELES","LONG BEACH",-118.19268219999999,33.843514900000002
6263620,2013,2014-04-24,9590,2013-10-18,1730,20352,,5,2,7,1942,0,1,2,,2,071,"RT 101","EDGEWARE RD",500.00,S,N,A,-,Y,LA,7,101,-,-,1.980,H,-,S,Y,4,0,2,3,A,-,01,23152,A,N,C,C,A,A,H,-,A,D,1,,,,,Y,Y,A,01,0,0,2,0,0,0,0,0,0,"- ","- ",34.064439999999998,-118.25095,"LOS ANGELES","LOS ANGELES",-118.25414550000001,34.0667501
6264337,2013,2014-04-24,9575,2013-10-13,0019,019920,,7,3,6,1953,0,1,1,,2,063,"RT 210","ORANGE GROVE BL",150.00,W,N,A,-,Y,LA,7,210,-,R,24.590,H,-,E,Y,3,0,1,1,A,-,01,23152,A,N,E,I,A,A,H,-,C,D,6,,,,,Y,Y,A,01,0,1,0,0,0,0,0,0,0,"- ","- ",34.156089999999999,-118.15806000000001,"LOS ANGELES",PASADENA,-118.1576294,34.154419500000003
6265164,2013,2014-04-22,1942,2013-10-30,2205,27792,1902,3,5,7,1942,0,0,0,,0,10T35W,"CHIVERS AV","ROSALES ST",36.00,N,N,A,-,N,,,,,,,,,,N,2,0,1,1,A,-,03,22350,,N,H,J,A,A,H,-,C,D,0,,,Y,,Y,Y,C,02,1,0,0,0,0,0,0,0,1,"- ","- ",,,"LOS ANGELES","LOS ANGELES",-118.45404910000001,34.317092299999999
6265231,2013,2014-05-01,1942,2013-10-30,0519,37469,0665,3,5,7,1942,0,0,0,F,0,6T7,"SANTA MONICA BL","SEWARD ST",122.00,E,N,A,-,N,,,,,,,,,,N,3,0,2,2,A,-,01,23152,A,N,A,D,A,A,H,-,C,D,0,,,,,Y,Y,A,01,0,1,1,0,0,0,0,0,0,"- ","- ",,,"LOS ANGELES","LOS ANGELES",-118.3328101,34.0907202
6265571,2013,2014-04-30,1942,2013-11-02,1950,37304,0926,6,5,7,1942,0,0,0,I,0,21T65,"VANOWEN ST","WOODMAN AV",5.00,W,N,A,-,N,,,,,,,,,,Y,3,0,5,2,A,-,01,23152,A,N,C,C,A,A,H,-,C,D,0,,,,,Y,Y,A,01,0,1,4,0,0,0,0,0,0,"- ","- ",,,"LOS ANGELES","LOS ANGELES",-118.4312687,34.193944700000003
6266275,2013,2014-04-29,1942,2013-11-07,1635,34458,0215,4,5,7,1942,0,0,0,B,0,1TL24,"ALVARADO ST","SUNSET BL",57.00,N,N,A,-,N,,,,,,,,,,Y,3,0,3,2,A,-,"- ",,,F,A,C,A,A,H,-,A,A,0,,,,Y,Y,Y,F,21,0,1,2,0,0,0,0,0,0,"- ","- ",,,"LOS ANGELES","LOS ANGELES",-118.2634043,34.077753000000001
6266360,2013,2014-05-02,9545,2013-11-10,0145,019963,,7,3,9,1900,0,3,5,,2,003,"SIERRA HWY","CROWN VALLEY RD",225.00,S,N,A,-,N,,,,,,,,,,N,3,0,1,2,A,-,01,23152,A,F,G,B,F,A,H,-,C,D,0,Y,,,,Y,Y,A,01,0,1,0,0,1,0,0,0,0,"- ","- ",34.49277,-118.19947999999999,"LOS ANGELES",UNINCORPORATED,-118.199061,34.492844400000003
6267387,2013,2014-04-25,1942,2013-10-10,1950,36698,0158,4,5,7,1942,0,0,0,A,0,11T21W,"7TH ST","CENTRAL AV",0.00,,Y,A,-,N,,,,,,,,,,N,3,0,1,2,D,-,00,,,N,G,B,B,A,H,-,C,A,0,Y,,,,Y,Y,-,"- ",0,1,0,0,1,0,0,0,0,"- ","- ",,,"LOS ANGELES","LOS ANGELES",-118.2411922,34.036774899999998
6268021,2013,2014-04-25,1900,2013-10-11,0225,515585,1332,5,5,5,1908,0,0,0,,0,133T1,"LAKEWOOD BL","PEPPERWOOD ST",0.00,,Y,A,-,Y,,,,,,,,,,Y,3,0,1,1,A,-,01,23152,A,N,E,I,A,A,H,-,C,D,0,,,,,Y,Y,D,,0,1,0,0,0,0,0,0,0,"- ","- ",,,"LOS ANGELES",BELLFLOWER,-118.1430823,33.907924999999999