CASE_ID,ACCIDENT_YEAR,PROC_DATE,JURIS,COLLISION_DATE,COLLISION_TIME,OFFICER_ID,REPORTING_DISTRICT,DAY_OF_WEEK,CHP_SHIFT,POPULATION,CNTY_CITY_LOC,SPECIAL_COND,BEAT_TYPE,CHP_BEAT_TYPE,CITY_DIVISION_LAPD,CHP_BEAT_CLASS,BEAT_NUMBER,PRIMARY_RD,SECONDARY_RD,DISTANCE,DIRECTION,INTERSECTION,WEATHER_1,WEATHER_2,STATE_HWY_IND,CALTRANS_COUNTY,CALTRANS_DISTRICT,STATE_ROUTE,ROUTE_SUFFIX,POSTMILE_PREFIX,POSTMILE,LOCATION_TYPE,RAMP_INTERSECTION,SIDE_OF_HWY,TOW_AWAY,COLLISION_SEVERITY,NUMBER_KILLED,NUMBER_INJURED,PARTY_COUNT,PRIMARY_COLL_FACTOR,PCF_CODE_OF_VIOL,PCF_VIOL_CATEGORY,PCF_VIOLATION,PCF_VIOL_SUBSECTION,HIT_AND_RUN,TYPE_OF_COLLISION,MVIW,PED_ACTION,ROAD_SURFACE,ROAD_COND_1,ROAD_COND_2,LIGHTING,CONTROL_DEVICE,CHP_ROAD_TYPE,PEDESTRIAN_ACCIDENT,BICYCLE_ACCIDENT,MOTORCYCLE_ACCIDENT,TRUCK_ACCIDENT,NOT_PRIVATE_PROPERTY,ALCOHOL_INVOLVED,STWD_VEHTYPE_AT_FAULT,CHP_VEHTYPE_AT_FAULT,COUNT_SEVERE_INJ,COUNT_VISIBLE_INJ,COUNT_COMPLAINT_PAIN,COUNT_PED_KILLED,COUNT_PED_INJURED,COUNT_BICYCLIST_KILLED,COUNT_BICYCLIST_INJURED,COUNT_MC_KILLED,COUNT_MC_INJURED,PRIMARY_RAMP,SECONDARY_RAMP,LATITUDE,LONGITUDE,COUNTY,CITY,POINT_X,POINT_Y
6442493,2014,2016-01-19,9580,2014-03-29,0317,019611,,6,3,7,1942,0,1,2,,2,102,"RT 101","VAN NUYS BL",1056.00,S,N,A,-,Y,LA,7,101,-,-,15.470,H,-,N,Y,3,0,1,2,A,-,01,23152,A,N,C,C,A,A,H,-,D,D,1,,,,,Y,Y,A,07,0,1,0,0,0,0,0,0,0,"- ","- ",34.155769999999997,-118.44096999999999,"LOS ANGELES","LOS ANGELES",-118.44141933,34.155436389999998
6443816,2014,2015-11-17,9535,2014-03-02,0300,20363,,7,3,6,1922,0,1,1,,2,400,"RT 10","ROSEMEAD BL",200.00,E,N,B,-,Y,LA,7,10,-,-,26.910,H,-,E,Y,4,0,1,2,A,-,01,23152,A,N,C,C,A,A,H,-,D,D,0,,,,,Y,Y,A,01,0,0,1,0,0,0,0,0,0,"- ","- ",34.419890000000002,-118.35399,"LOS ANGELES","EL MONTE",-118.07210907,34.072080990000003
6444305,2014,2014-07-07,1900,2014-03-31,1130,520027,2834,1,5,5,1915,0,0,0,,0,282T1,"CENTRAL AV","KONA DR",28.00,S,N,A,-,N,,,,,,,,,,N,4,0,1,1,A,-,08,22100,B,N,A,I,A,A,H,-,A,D,0,,,,,Y,Y,A,01,0,0,1,0,0,0,0,0,0,"- ","- ",,,"LOS ANGELES",COMPTON,-118.24860833,33.869943220000003
6444750,2014,2014-07-08,9545,2014-03-26,1510,017305,,3,2,9,1900,0,3,5,,2,002,"AVENUE M-8","45TH ST WEST",0.00,,Y,B,-,N,,,,,,,,,,Y,4,0,1,2,A,-,01,23152,A,M,D,C,A,B,H,-,A,A,0,,,,,Y,Y,A,07,0,0,1,0,0,0,0,0,0,"- ","- ",34.638339999999999,-118.20994,"LOS ANGELES",UNINCORPORATED,-118.21004000000001,34.638269999999999
6444840,2014,2015-11-09,1900,2014-02-11,1545,530600,2610,2,5,6,1950,0,0,0,,0,263T1,"3RD ST EAST","RT 138",0.00,,Y,A,-,Y,LA,7,138,-,-,43.950,I,6,E,N,4,0,1,2,D,-,00,,,N,G,B,B,A,H,-,A,A,0,Y,,,,Y,Y,-,"- ",0,0,1,0,1,0,0,0,0,"- ","- ",,,"LOS ANGELES",PALMDALE,-118.12484221,34.579857920000002
6445882,2014,2015-08-12,1900,2014-02-18,0010,522365,2607,2,5,6,1950,0,0,0,,0,263T1,"AVENUE R-8","45TH ST EAST",0.00,,Y,A,-,N,,,,,,,,,,Y,2,0,1,2,A,-,09,21802,A,F,D,C,A,A,H,-,C,A,0,,,,,Y,Y,A,01,1,0,0,0,0,0,0,0,0,"- ","- ",,,"LOS ANGELES",PALMDALE,-118.04952013,34.565420090000003
6446774,2014,2015-11-19,9590,2014-03-09,0320,20652,,7,3,7,1942,0,1,1,,2,065,"RT 10","ALAMEDA ST",250.00,E,N,A,-,Y,LA,7,10,-,-,17.300,H,-,W,Y,3,0,1,1,A,-,01,23152,A,N,E,I,A,A,H,-,C,D,1,,,,,Y,Y,A,01,0,1,0,0,0,0,0,0,0,"- ","- ",34.025620000000004,-118.23956,"LOS ANGELES","LOS ANGELES",-118.23655931,34.025880229999999
6446778,2014,2016-01-20,9590,2014-03-16,0205,20436,,7,3,7,1942,0,1,1,,2,500,"RT 110","SLAUSON AV",50.00,N,N,A,-,Y,LA,7,110,-,-,18.010,H,-,N,Y,3,0,1,1,A,-,01,23152,A,N,E,I,A,A,H,-,C,D,1,,,,,Y,Y,A,01,0,1,0,0,0,0,0,0,0,"- ","- ",33.9893,-118.28018,"LOS ANGELES","LOS ANGELES",-118.28040045,33.989683300000003
6446819,2014,2014-07-03,1942,2014-03-15,1955,40157,0857,6,5,7,1942,0,0,0,H,0,6T7,"DOHENY DR","PICO BL",10.00,N,N,A,-,N,,,,,,,,,,Y,4,0,1,1,A,-,01,23152,A,N,E,I,A,A,H,-,C,A,0,,,,,Y,Y,A,07,0,0,1,0,0,0,0,0,0,"- ","- ",,,"LOS ANGELES","LOS ANGELES",-118.38996,34.055259999999997
6446844,2014,2014-07-07,1942,2014-03-19,1035,40735,2101,3,5,7,1942,0,0,0,,0,19TL75,"VALLEY CIRCLE BL","PLUMMER ST",630.00,W,N,A,-,N,,,,,,,,,,Y,3,0,1,1,A,-,01,23152,A,N,H,J,A,A,H,-,A,D,0,,,,,Y,Y,A,01,0,1,0,0,0,0,0,0,0,"- ","- ",,,"LOS ANGELES","LOS ANGELES",-118.62341016000001,34.241581910000001
6447551,2014,2014-08-13,1906,2014-04-02,0438,2841,1906,3,5,5,1906,0,0,0,,0,002,"MAINE AV","MACDEVITT ST",525.00,S,N,C,-,N,,,,,,,,,,Y,4,0,1,5,A,-,08,22107,,N,B,E,A,B,H,-,C,D,0,,,,,Y,Y,A,08,0,0,1,0,0,0,0,0,0,"- ","- ",,,"LOS ANGELES","BALDWIN PARK",-117.96596977,34.080594609999999
6447670,2014,2016-04-25,1942,2014-04-15,1520,38356,1716,2,5,7,1942,0,0,0,Q,0,16T28,"BALBOA BL","RT 118",0.00,,Y,A,-,Y,LA,7,118,-,R,7.579,R,4,E,Y,2,0,3,3,A,-,01,23152,A,N,D,C,A,A,H,-,A,A,0,,,Y,,Y,Y,C,06,1,1,1,0,0,0,0,0,1,"- ",EF,,,"LOS ANGELES","LOS ANGELES",-118.50604176,34.277904999999997
6448169,2014,2014-07-21,1942,2014-04-13,1420,38356,1641,7,5,7,1942,0,0,0,P,0,16TL28,"LAUREL CANYON BL","VAN NUYS BL",0.00,,Y,A,-,N,,,,,,,,,,Y,3,0,1,2,A,-,01,23152,A,N,D,C,A,A,H,-,A,A,0,,,Y,,Y,Y,C,02,0,1,0,0,0,0,0,0,1,"- ","- ",,,"LOS ANGELES","LOS ANGELES",-118.43210007,34.258790070000003
6449981,2014,2014-07-11,9525,2014-03-06,1235,16940,,4,1,9,1900,0,3,5,,2,004,"VAN WIG AV","SNOWDALE ST",35.00,N,N,A,-,N,,,,,,,,,,Y,3,0,1,2,A,-,01,23152,,N,C,E,A,A,H,-,A,D,0,,,,,Y,Y,A,01,0,1,0,0,0,0,0,0,0,"- ","- ",34.065109999999997,-117.96997,"LOS ANGELES",UNINCORPORATED,-117.97056542,34.064533179999998
6450497,2013,2014-05-13,9525,2013-11-11,1800,019970,,1,2,5,1990,0,1,3,,2,584,"RT 57","DIAMOND BAR BL",2640.00,S,N,B,-,Y,LA,7,57,-,R,1.440,H,-,N,Y,4,0,1,3,D,-,00,,,N,C,C,A,A,H,-,D,D,1,,,,,Y,Y,-,"- ",0,0,1,0,0,0,0,0,0,"- ","- ",33.962699999999998,-117.85316,"LOS ANGELES","DIAMOND BAR",-117.8534063,33.961998399999999
6450670,2014,2014-06-24,1942,2014-04-08,2209,00001,,2,5,7,1942,0,0,0,,0,,"FIELDS DR","DONALD O'CONNOR DR",34.00,S,N,A,-,N,,,,,,,,,,Y,4,0,2,2,A,-,01,23152,A,N,C,C,A,A,H,-,C,D,0,,,,,Y,Y,A,01,0,0,2,0,0,0,0,0,0,"- ","- ",34.1325,-118.34987,"LOS ANGELES","LOS ANGELES",-118.3501,34.132649999999998
6450931,2014,2014-07-03,1942,2014-03-21,1430,36320,1681,5,5,7,1942,0,0,0,P,0,16A1,"PEORIA ST","MOREHEART AV",0.00,,Y,A,-,N,,,,,,,,,,Y,3,0,2,2,A,-,08,22107,,N,D,C,A,A,H,-,A,A,0,,,,,Y,Y,A,01,0,1,1,0,0,0,0,0,0,"- ","- ",,,"LOS ANGELES","LOS ANGELES",-118.39829002,34.225380010000002
6453058,2014,2014-05-02,1942,2014-02-09,0035,40841,0639,7,5,7,1942,0,0,0,F,0,20T59,"RUSSELL AV","WESTERN AV",122.00,E,N,A,-,N,,,,,,,,,,Y,4,0,1,2,A,-,01,23152,A,N,C,C,A,A,H,-,C,D,0,,,,,Y,Y,A,01,0,0,1,0,0,0,0,0,0,"- ","- ",,,"LOS ANGELES","LOS ANGELES",-118.30888777,34.104170000000003
6453633,2014,2016-02-05,9530,2014-04-04,0130,20140,,5,3,7,1941,0,1,1,,2,071,"RT 710","LONG BEACH BL",300.00,N,N,A,-,Y,LA,7,710,-,-,12.070,H,-,N,Y,3,0,1,1,A,-,01,23152,A,N,E,I,A,A,H,-,C,D,1,,,,,Y,Y,A,01,0,1,0,0,0,0,0,0,0,"- ","- ",33.863340000000001,-118.19851,"LOS ANGELES","LONG BEACH",-118.19878567000001,33.863205729999997
6453647,2014,2014-07-23,1920,2014-04-05,2150,11992,,6,5,6,1920,0,0,0,,0,003,"PARAMOUNT BL","FLORENCE AV",150.00,N,N,A,-,N,,,,,,,,,,Y,4,0,2,2,A,-,01,23152,A,N,C,C,A,A,H,-,C,A,0,,,,,Y,Y,A,,0,0,2,0,0,0,0,0,0,"- ","- ",,,"LOS ANGELES",DOWNEY,-118.1297884,33.953898799999997
6454254,2013,2014-05-23,9565,2013-11-29,2005,19232,,5,2,7,1942,0,1,1,,2,010,"RT 105","SEPULVEDA BL",1000.00,E,N,A,-,Y,LA,7,105,-,R,0.980,H,-,E,Y,3,0,1,1,A,-,01,23152,A,N,E,I,A,B,H,-,C,D,1,,,,,Y,Y,A,07,0,1,0,0,0,0,0,0,0,FR,"- ",33.93282,-118.01912,"LOS ANGELES","LOS ANGELES",-118.386348,33.931004899999998
6454961,2014,2014-07-07,1900,2014-03-13,2225,526343,2612,4,5,6,1950,0,0,0,,0,266A,"EDGEWOOD CT","HUBBARD ST",150.00,W,N,A,-,N,,,,,,,,,,N,2,0,1,3,A,-,01,23152,A,N,B,E,A,A,H,-,C,D,0,,,,,Y,Y,A,01,1,0,0,0,0,0,0,0,0,"- ","- ",,,"LOS ANGELES",PALMDALE,-118.18161696,34.590333569999999
6455244,2014,2016-02-04,9565,2014-01-28,1400,020284,,2,2,5,1928,0,1,1,,2,012,"RT 105","YUKON AV",50.00,E,N,A,-,Y,LA,7,105,-,R,4.230,H,-,E,N,4,0,1,3,A,-,03,22350,,M,C,C,A,A,H,-,A,D,1,,,,,Y,Y,A,01,0,0,1,0,0,0,0,0,0,"- ","- ",33.924529999999997,-118.32966,"LOS ANGELES",HAWTHORNE,-118.3350185,33.924868590000003
6456881,2014,2016-04-16,9580,2014-04-12,1625,20003,,6,2,7,1942,0,1,3,,2,171,"RT 170","SHERMAN WAY",104.00,N,N,A,-,Y,LA,7,170,-,R,18.290,H,-,S,Y,3,0,1,1,A,-,08,22107,,N,F,I,A,A,H,-,A,D,1,,,,,Y,Y,D,22,0,1,0,0,0,0,0,0,0,"- ","- ",34.201450000000001,-118.40387,"LOS ANGELES","LOS ANGELES",-118.403846,34.201424930000002
6457163,2014,2014-07-09,9530,2014-04-18,2246,020359,,5,3,9,1900,0,3,5,,2,006,"CARSON ST","VERMONT AV",60.00,E,N,A,-,N,,,,,,,,,,Y,4,0,3,2,A,-,01,23152,A,N,C,C,A,A,H,-,C,D,0,,,,,Y,Y,A,01,0,0,3,0,0,0,0,0,0,"- ","- ",33.831499999999998,-118.29000000000001,"LOS ANGELES",UNINCORPORATED,-118.29008281999999,33.831600000000002
6457823,2014,2014-07-10,1900,2014-04-22,1250,273453,0645,2,5,6,1985,0,0,0,,0,64T1,"NEWHALL RANCH RD","GATEWAY VILLAGE",10.00,W,N,A,-,N,,,,,,,,,,Y,4,0,1,3,A,-,01,23152,A,N,C,C,A,A,H,-,A,A,0,,,,,Y,Y,D,22,0,0,1,0,0,0,0,0,0,"- ","- ",,,"LOS ANGELES","SANTA CLARITA",-118.57910203,34.442913050000001
6458985,2014,2015-09-28,1900,2014-04-27,2308,522365,2619,7,5,6,1950,0,0,0,,0,263T1,"SIERRA HWY","RANCHO VISTA BL",816.00,N,N,A,-,N,,,,,,,,,,Y,3,0,2,1,A,-,01,23152,A,N,F,A,A,A,H,-,C,D,0,,,,,Y,Y,A,07,0,2,0,0,0,0,0,0,0,"- ","- ",,,"LOS ANGELES",PALMDALE,-118.121686,34.604087999999997
6459097,2014,2014-07-11,1942,2014-04-27,0005,41419,0411,7,5,7,1942,0,0,0,D,0,4A71,"N BROADWAY","AVENUE 20",60.00,N,N,A,-,N,,,,,,,,,,Y,4,0,2,2,A,-,12,21453,A,N,D,C,A,A,H,-,C,A,0,,,,,Y,Y,-,,0,0,2,0,0,0,0,0,0,"- ","- ",,,"LOS ANGELES","LOS ANGELES",-118.21997295,34.07271326
6459888,2014,2014-07-10,9530,2014-04-14,0145,020548,,1,3,9,1900,0,3,5,,2,001,"HOOPER AV","83RD ST",225.00,N,N,A,-,N,,,,,,,,,,Y,4,0,1,2,A,-,01,23152,A,N,B,C,A,A,H,-,C,D,0,,,,,Y,Y,A,07,0,0,1,0,0,0,0,0,0,"- ","- ",33.964300000000001,-118.25286,"LOS ANGELES",UNINCORPORATED,-118.25295183,33.964191380000003
6460682,2014,2014-07-15,1942,2014-04-15,2215,39062,0129,2,5,7,1942,0,0,0,A,0,1T11,"COMMERCIAL ST","CENTER ST",0.00,,Y,A,-,N,,,,,,,,,,Y,3,0,3,2,A,-,01,23152,A,F,D,C,A,A,H,-,C,A,0,,,,,Y,Y,A,07,0,2,1,0,0,0,0,0,0,"- ","- ",,,"LOS ANGELES","LOS ANGELES",-118.23138009,34.052670040000002
6462057,2014,2015-02-10,1900,2014-02-28,2035,279461,0455,5,5,6,1949,0,0,0,,0,45K1,"PIONEER BL","ALONDRA BL",40.00,N,N,A,-,N,,,,,,,,,,N,4,0,1,3,A,-,01,23152,A,M,C,C,A,A,H,-,C,A,0,,,,,Y,Y,A,01,0,0,1,0,0,0,0,0,0,"- ","- ",,,"LOS ANGELES",NORWALK,-118.08251,33.887809679999997
6462584,2014,2014-07-09,1947,2014-03-15,2327,1397,,6,5,5,1947,0,0,0,,0,00A,"VIA CAMPO","FINDLAY AV",8.00,E,N,A,-,N,,,,,,,,,,Y,4,0,4,2,A,-,01,23152,A,F,D,D,A,A,H,-,C,A,0,,,,,Y,Y,-,,0,0,4,0,0,0,0,0,0,"- ","- ",,,"LOS ANGELES",MONTEBELLO,-118.13793366,34.03266069
6463831,2013,2014-04-24,9565,2013-10-11,2300,20573,,5,3,9,1900,0,2,4,,2,043,"INGLEWOOD AV","LENNOX BL",500.00,N,N,A,-,N,,,,,,,,,,Y,4,0,2,2,A,-,01,23152,A,N,C,C,A,A,H,-,C,D,0,,,,,Y,Y,A,07,0,0,2,0,0,0,0,0,0,"- ","- ",33.938789999999997,-118.36132000000001,"LOS ANGELES",UNINCORPORATED,-118.36135760000001,33.939556099999997
6464044,2014,2014-07-25,1942,2014-04-04,0500,38471,1502,5,5,7,1942,0,0,0,O,0,9T55-W,"COLDWATER CANYON BL","ELKWOOD ST",70.00,N,N,A,-,N,,,,,,,,,,Y,4,0,2,1,A,-,01,23152,A,N,E,I,A,A,H,-,C,A,0,,,,,Y,Y,A,01,0,0,2,0,0,0,0,0,0,"- ","- ",,,"LOS ANGELES","LOS ANGELES",-118.41439,34.212232
6464048,2014,2014-07-11,1942,2014-04-05,1945,40560,1025,6,5,7,1942,0,0,0,J,0,20T59,"VANOWEN ST","ETIWANDA AV",416.00,E,N,A,-,N,,,,,,,,,,Y,2,0,1,2,A,-,08,22103,,N,D,C,A,A,H,-,C,D,0,,,Y,,Y,Y,A,01,1,0,0,0,0,0,0,0,1,"- ","- ",,,"LOS ANGELES","LOS ANGELES",-118.53030683999999,34.193860000000001
6464236,2014,2014-07-09,1942,2014-03-31,1930,40560,2064,1,5,7,1942,0,0,0,,0,20T59,"PICO BL","ARDMORE AV",0.00,,Y,A,-,N,,,,,,,,,,N,3,0,1,2,A,-,11,21954,A,N,G,B,D,A,H,-,C,D,0,Y,,,,Y,Y,N,60,0,1,0,0,1,0,0,0,0,"- ","- ",,,"LOS ANGELES","LOS ANGELES",-118.30255004,34.047220090000003
6464546,2014,2015-09-23,1955,2014-03-17,1143,40180,60,1,5,6,1955,0,0,0,,0,001,"SOUTH CAMPUS DR","RT 71",220.00,W,N,A,-,N,,,,,,,,,,Y,4,0,1,3,A,-,03,22350,,N,C,C,A,A,H,-,A,D,0,,,,,Y,Y,A,01,0,0,1,0,0,0,0,0,0,"- ",SF,,,"LOS ANGELES",POMONA,-117.798203,34.064151000000003
6464673,2014,2014-06-13,1942,2014-01-13,1055,36399,1838,1,5,7,1942,0,0,0,R,0,3TL5,"WILMINGTON AV","105TH ST",6.00,S,N,A,-,N,,,,,,,,,,N,4,0,1,2,A,-,05,21650,1,F,D,G,A,A,H,-,A,A,0,,Y,,,Y,Y,L,04,0,0,1,0,0,0,1,0,0,"- ","- ",,,"LOS ANGELES","LOS ANGELES",-118.23903,33.940603549999999
6465431,2014,2014-07-22,1925,2014-04-09,1745,22249,119,3,5,6,1925,0,0,0,,0,005,HONOLULU,"PENNSYLVANIA AV",10.00,N,N,A,-,N,,,,,,,,,,N,4,0,1,2,A,-,03,22350,,F,C,C,A,A,H,-,B,A,0,,,,,Y,Y,A,,0,0,1,0,0,0,0,0,0,"- ","- ",,,"LOS ANGELES",GLENDALE,-118.24872999999999,34.221359999999997
6465745,2013,2014-05-09,1942,2013-12-25,1935,40476,0315,3,5,7,1942,0,0,0,C,0,3TL5,WESTERN,"27TH ST",500.00,N,N,A,-,N,,,,,,,,,,Y,4,0,1,2,A,-,01,23152,A,F,C,C,A,A,H,-,C,A,0,,,,,Y,Y,A,01,0,0,1,0,0,0,0,0,0,"- ","- ",,,"LOS ANGELES","LOS ANGELES",-118.3088532,33.821555099999998
6467146,2014,2014-07-10,1972,2014-03-31,1525,18263,,1,5,6,1972,0,0,0,,0,,SEPULVEDA,CRENSHAW,73.00,W,N,A,-,N,,,,,,,,,,Y,4,0,1,4,A,-,04,21703,,N,C,C,A,A,H,-,A,D,0,,,,,Y,Y,A,,0,0,1,0,0,0,0,0,0,"- ","- ",,,"LOS ANGELES",TORRANCE,-118.3286928,33.821908319999999
6467727,2013,2014-05-09,1942,2013-12-14,2335,38633,0565,6,5,7,1942,0,0,0,E,0,5T21,"GAFFEY ST","10TH ST",15.00,S,N,A,-,N,,,,,,,,,,Y,4,0,1,1,A,-,01,23152,A,N,E,I,A,A,H,-,C,A,0,,,,,Y,Y,A,01,0,0,1,0,0,0,0,0,0,"- ","- ",,,"LOS ANGELES","LOS ANGELES",-118.29238170000001,33.7350937
6467748,2014,2014-07-07,1942,2014-03-26,0730,37922,0305,3,5,7,1942,0,0,0,C,0,3A99,"ADAMS BL","PALM GROVE AV",0.00,,Y,A,-,N,,,,,,,,,,N,4,0,1,2,A,-,05,21650,1,F,H,G,A,A,H,-,A,A,0,,Y,,,Y,Y,L,04,0,0,1,0,0,0,1,0,0,"- ","- ",,,"LOS ANGELES","LOS ANGELES",-118.34507012,34.032540099999999
6467766,2014,2014-07-16,1942,2014-04-12,1240,32372,1901,6,5,7,1942,0,0,0,,0,35M55,"AZTEC ST","ELDRIDGE AV",16.00,E,N,A,-,N,,,,,,,,,,Y,4,0,1,2,A,-,01,23152,A,M,A,C,A,A,H,-,A,A,0,,,,,Y,Y,A,01,0,0,1,0,0,0,0,0,0,"- ","- ",,,"LOS ANGELES","LOS ANGELES",-118.42219424,34.316112330000003
6468424,2014,2014-07-29,1942,2014-05-29,0520,27792,1779,4,5,7,1942,0,0,0,Q,0,10T35,"NORDHOFF ST","GLORIA AV",400.00,W,N,A,-,N,,,,,,,,,,Y,3,0,1,1,A,-,01,23152,A,N,E,I,A,A,H,-,B,D,0,,,,,Y,Y,A,01,0,1,0,0,0,0,0,0,0,"- ","- ",,,"LOS ANGELES","LOS ANGELES",-118.48203096,34.235610000000001
6468949,2014,2014-07-09,9525,2014-03-28,1230,018651,,5,1,9,1900,0,3,5,,2,003,"HACIENDA BL","FRANCISQUITO AV",65.00,S,N,A,-,N,,,,,,,,,,N,4,0,1,2,A,-,01,23152,A,N,C,C,A,A,H,-,A,A,0,,,,,Y,Y,D,22,0,0,1,0,0,0,0,0,0,"- ","- ",34.05039,-117.94401999999999,"LOS ANGELES",UNINCORPORATED,-117.94660313,34.048137480000001
6469200,2014,2014-06-17,9565,2014-01-09,1700,018154,,4,2,9,1900,0,2,4,,2,043,"INGLEWOOD AV","104TH ST",300.00,S,N,A,-,N,,,,,,,,,,N,4,0,3,3,A,-,01,23152,A,N,C,C,A,A,H,-,C,D,0,,,,,Y,Y,A,07,0,0,3,0,0,0,0,0,0,"- ","- ",33.940600000000003,-118.36126,"LOS ANGELES",UNINCORPORATED,-118.36134896,33.940977169999996
6469471,2014,2016-03-18,9530,2014-03-28,2245,20564,,5,3,6,1972,0,1,1,,2,400,"RT 405","CRENSHAW BL",1320.00,E,N,A,-,Y,LA,7,405,-,-,15.200,H,-,S,N,3,0,1,2,A,-,03,22350,,N,C,C,A,A,H,-,D,D,1,,,,,Y,Y,A,01,0,1,0,0,0,0,0,0,0,"- ","- ",33.863570000000003,-118.32352,"LOS ANGELES",TORRANCE,-118.32213608000001,33.863159969999998
6469546,2014,2014-08-27,1900,2014-04-05,0200,519436,1624,6,5,5,1977,0,0,0,,0,168,"DOLORES ST","220TH ST",0.00,,Y,A,-,N,,,,,,,,,,Y,4,0,2,2,A,-,01,23152,A,M,C,C,A,A,H,-,C,D,0,,,,,Y,Y,A,01,0,0,2,0,0,0,0,0,0,"- ","- ",,,"LOS ANGELES",CARSON,-118.27237008,33.827810110000001
6471643,2014,2015-11-13,9535,2014-03-08,1253,19135,,6,1,5,1915,0,1,1,,2,074,"RT 710","ALONDRA BL",30.00,S,N,A,-,Y,LA,7,710,-,-,13.811,R,1,N,N,4,0,1,2,A,-,01,23152,A,N,C,C,A,A,H,-,A,A,1,,,,,Y,Y,A,01,0,0,1,0,0,0,0,0,0,"- ","- ",33.8889,-118.1884,"LOS ANGELES",COMPTON,-118.1894542,33.887192669999997
6471703,2014,2015-09-25,9580,2014-04-20,1820,19851,,7,2,9,1900,0,2,4,,1,129,"KANAN DUME RD","NEWTON CANYON RD",3168.00,S,N,A,-,N,,,,,,,,,,Y,2,0,3,3,A,-,01,23152,,N,A,C,A,A,H,-,A,D,0,,,,,Y,Y,A,01,2,0,1,0,0,0,0,0,0,"- ","- ",34.068730000000002,-118.81157,"LOS ANGELES",UNINCORPORATED,-118.81146222,34.068484529999999
6475901,2014,2014-07-24,1942,2014-04-29,0145,36607,0338,2,5,7,1942,0,0,0,C,0,3T5,"JEFFERSON BL","BUDLONG AV",12.00,E,N,A,-,N,,,,,,,,,,Y,4,0,1,2,A,-,01,23152,A,F,C,C,A,A,H,-,C,A,0,,,,,Y,Y,A,01,0,0,1,0,0,0,0,0,0,"- ","- ",,,"LOS ANGELES","LOS ANGELES",-118.29584047,34.02552
6476633,2014,2014-07-14,9550,2014-04-03,1810,20165,,4,2,9,1900,0,2,4,,1,032,"GALE AV","9TH AV",300.00,E,N,A,-,N,,,,,,,,,,Y,4,0,1,2,A,-,01,23152,A,N,C,E,A,A,H,-,A,D,0,,,,,Y,Y,A,01,0,0,1,0,0,0,0,0,0,"- ","- ",34.016350000000003,-117.97933999999999,"LOS ANGELES",UNINCORPORATED,-117.97897879,34.016268439999997
6477595,2014,2014-07-21,1942,2014-04-18,2145,38233,0251,5,5,7,1942,0,0,0,B,0,13T53W,"S RAMPART BL","W 6TH ST",385.00,N,N,A,-,N,,,,,,,,,,N,3,0,1,2,A,-,03,22350,,F,B,G,A,A,H,-,C,D,0,,Y,,,Y,Y,-,99,0,1,0,0,0,0,1,0,0,"- ","- ",,,"LOS ANGELES","LOS ANGELES",-118.280751,34.063336999999997
6478303,2014,2014-07-24,1920,2014-05-02,0351,11992,,5,5,6,1920,0,0,0,,0,001,"FIRESTONE BL","WOODRUFF AV",18.00,W,N,A,-,N,,,,,,,,,,Y,3,0,2,1,A,-,01,23153,A,N,E,I,A,A,H,-,D,A,0,,,,,Y,Y,A,,0,2,0,0,0,0,0,0,0,"- ","- ",,,"LOS ANGELES",DOWNEY,-118.11792078000001,33.932455390000001
6479040,2014,2014-07-24,1900,2014-05-07,1715,508752,1132,3,5,6,1992,0,0,0,,0,111T2,"YUCCA AV","MILLING AV",24.00,N,N,A,-,N,,,,,,,,,,Y,4,0,1,1,A,-,01,23152,A,M,E,I,A,A,H,-,A,A,0,,,,,Y,Y,A,07,0,0,1,0,0,0,0,0,0,"- ","- ",,,"LOS ANGELES",LANCASTER,-118.13480095,34.696885180000002
6479064,2014,2014-07-25,1965,2014-05-08,2100,3456,B2E,4,5,5,1965,0,0,0,,0,A002,"OCEAN PARK BL","24TH ST",149.00,E,N,A,-,N,,,,,,,,,,Y,4,0,1,2,A,-,01,23152,,F,C,C,A,A,H,-,C,A,0,,,,,Y,Y,A,01,0,0,1,0,0,0,0,0,0,"- ","- ",,,"LOS ANGELES","SANTA MONICA",-118.45954771,34.016724080000003
6479084,2014,2014-07-28,1900,2014-05-10,0101,507884,0631,6,5,6,1985,0,0,0,,0,61T1E,"SIERRA HWY","LINDA VISTA ST",1000.00,N,N,A,-,N,,,,,,,,,,Y,2,0,4,1,A,-,01,23152,A,N,E,I,A,A,H,-,C,D,0,,,,,Y,Y,A,01,1,3,0,0,0,0,0,0,0,"- ","- ",,,"LOS ANGELES","SANTA CLARITA",-118.43518437,34.434708020000002
6479092,2014,2014-07-28,1900,2014-05-11,0215,465550,0622,7,5,6,1985,0,0,0,,0,6017,"ALTA MADERA DR","ALICANTE DR",125.00,S,N,A,-,N,,,,,,,,,,Y,3,0,1,1,A,-,01,23152,A,N,E,I,A,A,H,-,C,D,0,,,,,Y,Y,A,07,0,1,0,0,0,0,0,0,0,"- ","- ",,,"LOS ANGELES","SANTA CLARITA",-118.5428455,34.400647530000001
6479994,2014,2016-04-16,1942,2014-05-04,1055,40731,1532,7,5,7,1942,0,0,0,O,0,19TL75,"RT 170","OXNARD ST",3.00,N,N,A,-,Y,LA,7,170,-,R,16.429,R,1,N,Y,4,0,1,2,A,-,03,22350,,F,C,C,A,A,H,-,A,A,0,,,,,Y,Y,A,07,0,0,1,0,0,0,0,0,0,"- ","- ",,,"LOS ANGELES","LOS ANGELES",-118.39372496,34.176741790000001