CASE_ID,ACCIDENT_YEAR,PROC_DATE,JURIS,COLLISION_DATE,COLLISION_TIME,OFFICER_ID,REPORTING_DISTRICT,DAY_OF_WEEK,CHP_SHIFT,POPULATION,CNTY_CITY_LOC,SPECIAL_COND,BEAT_TYPE,CHP_BEAT_TYPE,CITY_DIVISION_LAPD,CHP_BEAT_CLASS,BEAT_NUMBER,PRIMARY_RD,SECONDARY_RD,DISTANCE,DIRECTION,INTERSECTION,WEATHER_1,WEATHER_2,STATE_HWY_IND,CALTRANS_COUNTY,CALTRANS_DISTRICT,STATE_ROUTE,ROUTE_SUFFIX,POSTMILE_PREFIX,POSTMILE,LOCATION_TYPE,RAMP_INTERSECTION,SIDE_OF_HWY,TOW_AWAY,COLLISION_SEVERITY,NUMBER_KILLED,NUMBER_INJURED,PARTY_COUNT,PRIMARY_COLL_FACTOR,PCF_CODE_OF_VIOL,PCF_VIOL_CATEGORY,PCF_VIOLATION,PCF_VIOL_SUBSECTION,HIT_AND_RUN,TYPE_OF_COLLISION,MVIW,PED_ACTION,ROAD_SURFACE,ROAD_COND_1,ROAD_COND_2,LIGHTING,CONTROL_DEVICE,CHP_ROAD_TYPE,PEDESTRIAN_ACCIDENT,BICYCLE_ACCIDENT,MOTORCYCLE_ACCIDENT,TRUCK_ACCIDENT,NOT_PRIVATE_PROPERTY,ALCOHOL_INVOLVED,STWD_VEHTYPE_AT_FAULT,CHP_VEHTYPE_AT_FAULT,COUNT_SEVERE_INJ,COUNT_VISIBLE_INJ,COUNT_COMPLAINT_PAIN,COUNT_PED_KILLED,COUNT_PED_INJURED,COUNT_BICYCLIST_KILLED,COUNT_BICYCLIST_INJURED,COUNT_MC_KILLED,COUNT_MC_INJURED,PRIMARY_RAMP,SECONDARY_RAMP,LATITUDE,LONGITUDE,COUNTY,CITY,POINT_X,POINT_Y
6642311,2014,2014-10-06,1942,2014-09-05,2010,38380,2035,5,5,7,1942,0,0,0,,0,20T59,"NORMANDIE AV","WILSHIRE BL",45.00,N,N,A,-,N,,,,,,,,,,Y,4,0,1,3,A,-,01,23152,A,N,C,C,A,A,H,-,C,A,0,,,,,Y,Y,A,01,0,0,1,0,0,0,0,0,0,"- ","- ",,,"LOS ANGELES","LOS ANGELES",-118.30038699000001,34.061863389999999
6643031,2014,2014-11-17,1942,2014-10-04,1100,26101,1871,6,5,7,1942,0,0,0,R,0,18T23,"VERMONT AV","135TH ST",0.00,,Y,A,-,N,,,,,,,,,,Y,2,0,3,2,A,-,01,23152,A,N,D,C,A,A,H,-,A,A,0,,,Y,,Y,Y,A,01,2,1,0,0,0,0,0,0,1,"- ","- ",,,"LOS ANGELES","LOS ANGELES",,
6644932,2014,2014-10-08,1942,2014-08-23,2340,40930,0898,6,5,7,1942,0,0,0,H,0,8A29,"ROBERTSON BL","HARGIS ST",17.00,E,N,A,-,N,,,,,,,,,,Y,4,0,1,3,A,-,"- ",,,N,C,E,A,A,H,-,C,A,0,,,,,Y,Y,A,07,0,0,1,0,0,0,0,0,0,"- ","- ",,,"LOS ANGELES","LOS ANGELES",-118.3891376,34.03560547
6644946,2014,2014-10-10,1953,2014-09-13,0311,347,1953,6,5,6,1953,0,0,0,,0,001,"HILLCREST AV","HILLCREST AV 1200",0.00,,N,A,-,N,,,,,,,,,,Y,3,0,1,1,A,-,01,23140,A,N,F,I,A,A,H,-,C,D,0,,,,,Y,Y,A,01,0,1,0,0,0,0,0,0,0,"- ","- ",,,"LOS ANGELES",PASADENA,-118.132656,34.127422000000003
6645931,2014,2014-10-08,1942,2014-09-06,0115,41491,0815,6,5,7,1942,0,0,0,H,0,8A29,"MONTANA AV",BENTLEY,142.00,W,N,A,-,N,,,,,,,,,,Y,3,0,2,1,A,-,03,22350,,N,F,I,A,A,H,-,C,D,0,,,,,Y,Y,A,01,0,2,0,0,0,0,0,0,0,"- ","- ",,,"LOS ANGELES","LOS ANGELES",-118.46007526,34.06901122
6645943,2014,2014-10-08,1942,2014-09-26,0140,37575,0832,5,5,7,1942,0,0,0,H,0,14T47,"WILSHIRE BL","GRANVILLE AV",160.00,W,N,A,-,N,,,,,,,,,,Y,3,0,2,2,A,-,01,23153,A,N,C,C,A,A,H,-,C,D,0,,,,,Y,Y,A,01,0,1,1,0,0,0,0,0,0,"- ","- ",,,"LOS ANGELES","LOS ANGELES",-118.46307682,34.04774475
6646117,2014,2014-10-14,1900,2014-09-17,1622,565055,2812,3,5,5,1915,0,0,0,,0,283T1,"WILMINGTON AV","EL SEGUNDO BL",70.00,N,N,A,-,N,,,,,,,,,,N,4,0,2,4,A,-,03,22350,,N,C,C,A,A,H,-,A,A,0,,,,,Y,Y,A,01,0,0,2,0,0,0,0,0,0,"- ","- ",,,"LOS ANGELES",COMPTON,-118.23915,33.916381970000003
6646127,2014,2014-10-16,1942,2014-09-14,2230,40024,0721,7,5,7,1942,0,0,0,G,0,20T59,"SAN VICENTE BL","3RD ST",90.00,N,N,A,-,N,,,,,,,,,,Y,3,0,2,3,A,-,01,23152,A,N,C,C,A,A,H,-,C,D,0,,,,,Y,Y,A,01,0,1,1,0,0,0,0,0,0,"- ","- ",,,"LOS ANGELES","LOS ANGELES",-118.37799497,34.073759819999999
6646288,2014,2014-10-13,1972,2014-09-12,2315,19438,,5,5,6,1972,0,0,0,,0,,"TORRANCE BL","ARLINGTON AV",0.00,,Y,A,-,N,,,,,,,,,,N,3,0,1,2,A,-,17,21451,A,N,G,B,B,A,H,-,D,A,0,Y,,,,Y,Y,A,,0,1,0,0,1,0,0,0,0,"- ","- ",,,"LOS ANGELES",TORRANCE,-118.32049010999999,33.836420109999999
6646296,2014,2014-10-13,1942,2014-09-03,1513,40010,0256,3,5,7,1942,0,0,0,B,0,2A45,"7TH ST","WESTLAKE AV",50.00,W,N,A,-,N,,,,,,,,,,N,4,0,2,3,A,-,01,23152,A,N,E,E,A,A,H,-,A,D,0,,,,,Y,Y,A,01,0,0,2,0,0,0,0,0,0,"- ","- ",,,"LOS ANGELES","LOS ANGELES",-118.27579341000001,34.056007489999999
6646457,2014,2016-06-16,9590,2014-09-21,0325,20372,,7,3,7,1942,0,1,1,,2,010,"RT 5","LOS ANGELES RIVER",300.00,S,N,A,-,Y,LA,7,110,-,-,25.488,R,2,N,Y,4,0,2,1,A,-,08,22107,,N,E,I,A,A,H,-,C,D,1,,,,,Y,Y,D,22,0,0,2,0,0,0,0,0,0,"- ","- ",34.081980000000001,-118.22431,"LOS ANGELES","LOS ANGELES",-118.2268416,34.079510509999999
6647398,2014,2014-10-20,1942,2014-08-29,1845,38356,1509,5,5,7,1942,0,0,0,O,0,9T57,"RIVERTON AV","VALERIO ST",5.00,S,N,A,-,N,,,,,,,,,,Y,4,0,1,1,A,-,01,23152,A,N,E,I,A,A,H,-,A,A,0,,,,,Y,Y,A,01,0,0,1,0,0,0,0,0,0,"- ","- ",,,"LOS ANGELES","LOS ANGELES",-118.36598013,34.204796289999997
6648312,2014,2014-10-16,1913,2014-09-23,2034,3686,29,2,5,4,1913,0,0,0,,0,002,"COLLEGE AV","4TH ST",89.00,S,N,A,-,N,,,,,,,,,,N,4,0,1,1,A,-,01,23152,A,N,E,I,A,A,H,-,C,D,0,,,,,Y,Y,A,01,0,0,1,0,0,0,0,0,0,"- ","- ",,,"LOS ANGELES",CLAREMONT,-117.71493761000001,34.097386069999999
6649368,2013,2014-11-10,9550,2013-02-23,0100,19527,,6,3,6,1920,0,1,1,,2,500,"RT 5","SAN GABRIEL RIVER",100.00,N,N,A,-,Y,LA,7,5,-,-,7.210,H,-,S,Y,4,0,1,2,A,-,07,21658,A,N,C,C,A,A,H,-,C,D,1,,,,,Y,Y,A,01,0,0,1,0,0,0,0,0,0,"- ","- ",33.945619999999998,-118.09972,"LOS ANGELES",DOWNEY,-118.1002342,33.946452999999998
6649606,2013,2014-10-14,9550,2013-08-04,0325,20597,,7,3,6,1920,0,1,1,,2,500,"RT 5","RT 605",9944.00,N,N,A,-,Y,LA,7,5,-,-,7.400,H,-,S,Y,4,0,1,1,A,-,01,23152,A,N,E,I,A,A,H,-,C,D,1,,,,,Y,Y,A,01,0,0,1,0,0,0,0,0,0,"- ","- ",33.949800000000003,-118.10244,"LOS ANGELES",DOWNEY,-118.1016123,33.9484937
6649642,2013,2014-10-14,9550,2013-08-05,2204,017998,,1,3,5,1919,0,1,1,,2,652,"RT 605","DEL AMO BL",1000.00,N,N,A,-,Y,LA,7,605,-,R,3.060,H,-,N,Y,2,0,2,1,A,-,01,23152,A,N,E,I,A,A,H,-,D,D,1,,,,,Y,Y,A,01,2,0,0,0,0,0,0,0,0,"- ","- ",33.857999999999997,-118.096,"LOS ANGELES",CERRITOS,-118.0939808,33.849704699999997
6649672,2013,2014-10-14,9550,2013-08-10,0437,18949,,6,3,9,1900,0,1,3,,2,602,"RT 60","FAIRWAY DR",300.00,W,N,A,-,Y,LA,7,60,-,R,21.329,R,2,E,Y,3,0,1,1,A,-,08,22107,,N,F,A,A,A,H,-,C,D,1,,,,,Y,Y,A,01,0,1,0,0,0,0,0,0,0,"- ","- ",33.995570000000001,-117.87186,"LOS ANGELES",UNINCORPORATED,-117.8746721,33.9955049
6649712,2013,2014-10-22,9550,2013-10-18,0353,19844,,5,3,6,1949,0,1,1,,2,500,"RT 5","PIONEER BL",1500.00,N,N,A,-,Y,LA,7,5,-,-,5.460,H,-,S,Y,3,0,2,3,A,-,03,22350,,N,C,C,A,A,H,-,D,D,1,,,,Y,Y,Y,A,01,0,1,1,0,0,0,0,0,0,"- ","- ",33.926340000000003,-118.08644,"LOS ANGELES",NORWALK,-118.08518530000001,33.924574
6649737,2013,2014-10-14,9550,2013-09-01,2115,20533,,7,2,9,1900,0,3,5,,2,002,"GREENLEAF AV","BARTON RD",150.00,N,N,A,-,N,,,,,,,,,,N,4,0,1,2,A,-,10,21950,A,F,B,B,D,A,H,-,C,D,0,Y,,,,Y,Y,N,60,0,0,1,0,1,0,0,0,0,"- ","- ",33.949660000000002,-118.05324,"LOS ANGELES",UNINCORPORATED,-118.0533837,33.949589099999997
6650138,2013,2014-10-16,9550,2013-11-18,0005,20419,,1,3,9,1900,0,3,5,,2,002,"CERES AV","CERECITA DR",125.00,S,N,A,-,N,,,,,,,,,,Y,3,0,1,2,A,-,21,22106,,N,D,C,A,A,H,-,C,D,0,,,,,Y,Y,D,22,0,1,0,0,0,0,0,0,0,"- ","- ",33.935389999999998,-118.02788,"LOS ANGELES",UNINCORPORATED,-118.0276831,33.935420000000001
6650184,2013,2014-10-16,9550,2013-12-28,0440,18664,,6,3,9,1900,0,1,1,,2,650,"RT 605","SLAUSON AV",0.00,S,N,A,-,Y,LA,7,605,-,R,11.510,H,-,N,Y,4,0,2,2,A,-,01,23152,A,N,B,C,A,A,H,-,C,D,1,,,,,Y,Y,A,01,0,0,2,0,0,0,0,0,0,"- ","- ",33.967080000000003,-118.08347000000001,"LOS ANGELES",UNINCORPORATED,-118.0840748,33.9653171
6650875,2014,2016-06-06,9535,2014-09-05,1600,20033,,5,2,9,1900,0,1,3,,2,600,"RT 60","FORD BL",445.00,E,N,A,-,Y,LA,7,60,-,R,3.420,H,-,E,Y,3,0,1,4,A,-,01,23152,A,N,C,C,A,A,H,-,A,D,1,,,,,Y,Y,A,07,0,1,0,0,0,0,0,0,0,"- ","- ",34.036000000000001,-118.166,"LOS ANGELES",UNINCORPORATED,-118.16747982,34.035931179999999
6651324,2014,2016-04-21,9535,2014-06-19,1735,18655,,4,2,6,1922,0,1,1,,2,400,"RT 10","SANTA ANITA AV",125.00,W,N,A,-,Y,LA,7,10,-,-,28.650,H,-,E,Y,4,0,1,2,A,-,01,23153,A,F,C,C,A,A,H,-,A,D,0,,,,,Y,Y,A,01,0,0,1,0,0,0,0,0,0,"- ","- ",34.069760000000002,-118.04667000000001,"LOS ANGELES","EL MONTE",-118.0427529,34.068772459999998
6652322,2014,2016-06-04,9575,2014-07-22,2050,020492,,2,2,7,1942,0,1,1,,2,053,"RT 5","TERRA BELLA AV",700.00,S,N,A,-,Y,LA,7,5,-,-,37.830,H,-,N,Y,4,0,1,3,A,-,07,21658,A,F,B,C,A,A,H,-,C,D,1,,,,,Y,Y,-,99,0,0,1,0,0,0,0,0,0,"- ","- ",34.248579999999997,-118.42623,"LOS ANGELES","LOS ANGELES",-118.42706006,34.249216349999998
6652393,2014,2016-06-04,9575,2014-09-23,2250,20762,,2,3,9,1900,0,1,1,,2,062,"RT 210","WALTONIA DR",200.00,E,N,A,-,Y,LA,7,210,-,R,18.610,H,-,W,Y,4,0,1,1,A,-,08,22107,,N,E,I,A,A,H,-,C,D,1,,,,,Y,Y,A,01,0,0,1,0,0,0,0,0,0,"- ","- ",34.20899,-118.22046,"LOS ANGELES",UNINCORPORATED,-118.22182008999999,34.2093749
6652590,2014,2016-06-08,9590,2014-09-27,0000,20652,,6,3,7,1942,0,1,2,,2,073,"RT 101","SANTA MONICA BL",200.00,N,N,A,-,Y,LA,7,101,-,-,5.590,H,-,S,Y,3,0,2,2,A,-,01,23152,A,N,C,C,A,A,H,-,C,D,1,,,,,Y,Y,D,22,0,2,0,0,0,0,0,0,0,"- ","- ",34.090989999999998,-118.30669,"LOS ANGELES","LOS ANGELES",-118.30686407,34.091241580000002
6653109,2014,2016-04-29,9590,2014-09-20,0125,20662,,6,3,7,1942,0,1,1,,2,040,"RT 5","LORENA ST",100.00,N,N,A,-,Y,LA,7,5,-,-,15.670,H,-,N,Y,2,0,4,2,A,-,01,23152,A,F,D,C,A,A,H,-,C,D,1,,,,,Y,Y,A,01,1,1,2,0,0,0,0,0,0,"- ","- ",34.025469999999999,-118.20571,"LOS ANGELES","LOS ANGELES",-118.20347729,34.024617620000001
6653857,2013,2014-10-17,9550,2013-06-06,0215,019869,,4,3,5,1908,0,1,3,,2,091,"RT 91","CLARK AV",200.00,W,N,A,-,Y,LA,7,91,-,R,15.070,H,-,E,Y,3,0,2,1,A,-,08,22107,,N,E,I,A,A,H,-,C,D,1,,,,,Y,Y,A,01,0,1,1,0,0,0,0,0,0,"- ","- ",33.875109999999999,-118.08190999999999,"LOS ANGELES",BELLFLOWER,-118.134028,33.876935899999999
6653898,2013,2014-12-03,9550,2013-03-17,0007,20226,,7,3,6,1920,0,1,1,,2,150,"RT 105","BELLFLOWER BL",1000.00,W,N,A,-,Y,LA,7,105,-,R,16.270,H,-,E,Y,3,0,2,2,A,-,01,23152,A,N,A,C,A,A,H,-,C,D,1,,,,,Y,Y,A,01,0,2,0,0,0,0,0,0,0,"- ","- ",33.912869999999998,-118.12967999999999,"LOS ANGELES",DOWNEY,-118.1328817,33.912927099999997
6653906,2013,2014-10-17,9550,2013-03-28,0130,20262,,4,3,9,1900,0,3,5,,2,002,"LAMBERT RD","FIRST AV",0.00,E,N,A,-,N,,,,,,,,,,Y,3,0,1,1,A,-,01,23152,A,N,E,J,A,A,H,-,C,D,0,,,,,Y,Y,A,08,0,1,0,0,0,0,0,0,0,"- ","- ",33.928339999999999,-117.98362,"LOS ANGELES",UNINCORPORATED,-117.9854921,33.929664899999999
6654580,2013,2014-10-15,9550,2013-08-11,2330,19346,,7,3,9,1900,0,1,3,,2,602,"RT 60","AZUSA AV",100.00,E,N,A,-,Y,LA,7,60,-,-,17.990,H,-,E,Y,3,0,1,5,A,-,01,23152,,N,B,C,A,A,D,-,C,A,1,,,,Y,Y,Y,A,07,0,1,0,0,0,0,0,0,0,"- ","- ",33.997039999999998,-117.92910000000001,"LOS ANGELES",UNINCORPORATED,-117.9290286,33.996545599999997
6655092,2013,2014-10-15,9550,2013-07-20,0030,18949,,6,3,5,1919,0,1,3,,2,091,"RT 91","PIONEER BL",447.00,E,N,A,-,Y,LA,7,91,-,R,18.190,H,-,E,Y,3,0,1,1,A,-,01,23152,A,N,E,I,A,A,H,-,C,D,1,,,,,Y,Y,A,01,0,1,0,0,0,0,0,0,0,"- ","- ",33.876190000000001,-118.07996,"LOS ANGELES",CERRITOS,-118.0793951,33.876352300000001
6655116,2013,2014-10-21,9550,2013-07-26,2057,20419,,5,2,5,1919,0,1,1,,2,652,"RT 605","SOUTH ST",1800.00,N,N,A,-,Y,LA,7,605,-,R,4.200,H,-,N,Y,4,0,4,2,A,-,01,23152,A,F,D,C,A,A,H,-,C,D,1,,,,,Y,Y,A,01,0,0,4,0,0,0,0,0,0,"- ","- ",33.865270000000002,-118.09775,"LOS ANGELES",CERRITOS,-118.0981797,33.864798100000002
6656835,2013,2015-01-13,9535,2013-12-15,2025,20493,,7,2,9,1900,0,3,5,,2,002,"HANOVER AV","FAIRFIELD ST",28.00,S,N,A,-,N,,,,,,,,,,Y,3,0,1,2,A,-,03,22350,,N,D,E,A,A,H,-,C,A,0,,,,,Y,Y,A,07,0,1,0,0,0,0,0,0,0,"- ","- ",,,"LOS ANGELES",UNINCORPORATED,-118.1384515,34.011698500000001
6656906,2014,2014-10-14,9525,2014-08-10,0410,020058,,7,3,9,1900,0,3,5,,2,004,"ECHELON AV","AMAR RD",0.00,,Y,A,-,N,,,,,,,,,,Y,3,0,1,1,A,-,01,23152,A,M,E,I,A,A,H,-,C,A,0,,,,,Y,Y,A,01,0,1,0,0,0,0,0,0,0,"- ","- ",34.210920000000002,-117.56413999999999,"LOS ANGELES",UNINCORPORATED,-117.93459014,34.036190019999999
6656921,2014,2016-06-11,9525,2014-08-03,0335,18364,,7,3,6,1955,0,1,3,,2,572,"RT 57","TEMPLE AV",398.00,S,N,B,C,Y,LA,7,57,-,-,6.080,H,-,N,Y,4,0,1,1,A,-,01,23152,A,N,E,I,A,B,H,-,D,D,1,,,,,Y,Y,A,01,0,0,1,0,0,0,0,0,0,"- ","- ",34.043140000000001,-117.80076,"LOS ANGELES",POMONA,-117.80127881,34.042151189999998
6658022,2014,2014-10-21,1942,2014-09-28,1724,38181,2177,7,5,7,1942,0,0,0,,0,10TL34,"WINNETKA AV","MARTHA ST",0.00,,Y,A,-,N,,,,,,,,,,Y,4,0,2,3,A,-,01,23152,A,N,C,C,A,A,H,-,A,D,0,,,,,Y,Y,A,07,0,0,2,0,0,0,0,0,0,"- ","- ",,,"LOS ANGELES","LOS ANGELES",-118.57094003,34.172960099999997
6659901,2014,2016-06-04,1942,2014-09-28,0030,39224,1673,7,5,7,1942,0,0,0,P,0,16136,"LANKERSHIM BL","RT 5",0.00,,Y,A,-,Y,LA,7,5,-,-,34.796,R,4,N,Y,4,0,1,2,A,-,01,23152,A,N,D,C,A,A,H,-,C,A,0,,,,,Y,Y,D,22,0,0,1,0,0,0,0,0,0,"- ","- ",,,"LOS ANGELES","LOS ANGELES",-118.38443470999999,34.226594650000003
6659916,2014,2014-12-10,1944,2014-10-06,2100,347,7,1,5,4,1944,0,0,0,,0,004,"RT 1","N VALLEY DR",0.00,,Y,A,-,Y,,,,,,,,,,Y,4,0,1,1,A,-,01,23152,A,N,A,I,A,A,H,-,C,D,0,,,,,Y,Y,A,01,0,0,1,0,0,0,0,0,0,"- ","- ",,,"LOS ANGELES","MANHATTAN BEACH",-118.40255005,33.879380079999997
6660456,2014,2014-11-06,9530,2014-09-15,0010,020575,,1,3,9,1900,0,3,5,,2,001,"HOLMES AV","84TH ST",25.00,N,N,A,-,N,,,,,,,,,,Y,4,0,1,4,A,-,01,23152,A,N,C,E,A,A,H,-,C,D,0,,,,,Y,Y,A,01,0,0,1,0,0,0,0,0,0,"- ","- ",33.574199999999998,-118.1426,"LOS ANGELES",UNINCORPORATED,-118.24041,33.96184856
6662283,2013,2014-11-12,9550,2013-09-06,0250,019707,,5,3,3,1964,0,1,1,,2,650,"RT 605","SLAUSON AV",2000.00,S,N,A,-,Y,LA,7,605,-,R,10.660,H,-,N,Y,3,0,1,1,A,-,01,23152,A,N,E,I,A,A,H,-,D,D,1,,,,,Y,Y,A,01,0,1,0,0,0,0,0,0,0,"- ","- ",33.960549999999998,-118.0859,"LOS ANGELES","SANTA FE SPRINGS",-118.0882127,33.955916600000002
6664079,2014,2016-06-06,9525,2014-07-24,0240,020505,,4,3,4,1960,0,1,1,,2,208,"RT 210","SAN DIMAS AV",2112.00,W,N,A,-,Y,LA,7,210,-,R,45.060,H,-,E,Y,3,0,1,1,A,-,01,23152,A,N,E,I,A,A,H,-,C,D,1,,,,,Y,Y,A,01,0,1,0,0,0,0,0,0,0,"- ","- ",34.11853,-117.80732999999999,"LOS ANGELES","SAN DIMAS",-117.81430666999999,34.11969783
6664342,2014,2014-10-22,1942,2014-08-21,1740,39217,1958,4,5,7,1942,0,0,0,,0,17T12,"ARLETA AV","DEVONSHIRE ST",22.00,N,N,A,-,N,,,,,,,,,,Y,3,0,1,1,A,-,01,23152,A,N,E,I,A,A,H,-,A,A,0,,,,,Y,Y,A,08,0,1,0,0,0,0,0,0,0,"- ","- ",,,"LOS ANGELES","LOS ANGELES",-118.44408952000001,34.25767982
6664391,2014,2014-10-21,1942,2014-08-17,2027,33340,1966,7,5,7,1942,0,0,0,,0,21T61,"NORDHOFF ST","WAKEFIELD AV",56.00,W,N,A,-,N,,,,,,,,,,Y,3,0,3,2,A,-,01,23152,A,N,C,C,A,A,H,-,C,D,0,,,,,Y,Y,A,01,0,2,1,0,0,0,0,0,0,"- ","- ",,,"LOS ANGELES","LOS ANGELES",-118.44823494000001,34.235399999999998
6664393,2014,2014-10-21,1942,2014-08-06,1755,36153,1729,3,5,7,1942,0,0,0,Q,0,15T45,"ZELZAH AV",SIMMONS,100.00,S,N,A,-,N,,,,,,,,,,N,3,0,1,2,A,-,08,22107,,F,B,C,A,A,H,-,A,D,0,,,,,Y,Y,-,99,0,1,0,0,0,0,0,0,0,"- ","- ",,,"LOS ANGELES","LOS ANGELES",-118.52343429,34.276135709999998
6664897,2014,2014-11-06,1916,2014-09-04,0156,2653,3A,4,5,4,1916,0,0,0,,0,004,"N HOLLENBECK AV","ARROW HWY",571.00,S,N,A,-,N,,,,,,,,,,Y,2,0,2,1,A,-,01,23153,A,N,E,I,A,A,H,-,C,D,0,,,,,Y,Y,A,01,1,1,0,0,0,0,0,0,0,"- ","- ",,,"LOS ANGELES",COVINA,-117.89897087,34.105204690000001
6665575,2014,2014-11-13,1900,2014-09-21,1100,552619,1368,7,5,5,1952,0,0,0,,0,136E,"DOWNEY AV","70TH ST",0.00,,Y,A,-,N,,,,,,,,,,Y,4,0,2,3,A,-,01,23152,,N,-,C,A,A,H,-,A,A,0,,,,,Y,Y,D,22,0,0,2,0,0,0,0,0,0,"- ","- ",,,"LOS ANGELES",PARAMOUNT,-118.15133005,33.88199006
6667823,2014,2014-12-18,1942,2014-10-07,2300,39281,1021,2,5,7,1942,0,0,0,J,0,9T55,"TAMPA AV","VANOWEN ST",464.00,N,N,A,-,N,,,,,,,,,,Y,3,0,2,4,A,-,01,23152,A,N,C,C,A,A,H,-,C,D,0,,,,,Y,Y,A,01,0,1,1,0,0,0,0,0,0,"- ","- ",,,"LOS ANGELES","LOS ANGELES",-118.55347,34.195102630000001
6669043,2014,2014-12-16,1942,2014-10-12,0115,40476,1249,7,5,7,1942,0,0,0,L,0,12T41,FIGUEROA,"67TH ST",12.00,N,N,A,-,N,,,,,,,,,,Y,3,0,1,1,A,-,01,23152,A,N,E,I,A,A,H,-,C,A,0,,,,,Y,Y,A,01,0,1,0,0,0,0,0,0,0,"- ","- ",,,"LOS ANGELES","LOS ANGELES",-118.28270000000001,33.979002909999998
6669358,2014,2014-11-13,1942,2014-09-28,1730,41056,1827,7,5,7,1942,0,0,0,R,0,12T41,"CROESUS AV","95TH ST",122.00,N,N,A,-,N,,,,,,,,,,Y,2,0,3,7,A,-,01,23152,A,N,B,E,E,A,H,-,A,A,0,Y,,,,Y,Y,A,01,2,1,0,0,2,0,0,0,0,"- ","- ",,,"LOS ANGELES","LOS ANGELES",-118.2340425,33.950864520000003
6669699,2014,2014-12-10,9575,2014-10-05,2225,019931,,7,3,3,1991,0,1,1,,2,063,"RT 210","FOOTHILL BL",200.00,W,N,A,-,Y,,,,,,,,,,Y,4,0,1,2,A,-,03,22350,,N,C,C,A,A,H,-,D,D,0,,,,,Y,Y,A,01,0,0,1,0,0,0,0,0,0,"- ","- ",,,"LOS ANGELES","LA CANADA-FLINTRIDGE",-118.20665004,34.207096540000002
6670086,2014,2014-10-27,1900,2014-07-26,0308,526351,1334,6,5,5,1908,0,0,0,,0,133T1,"BELLFLOWER BL","OAK ST",0.00,,Y,A,-,N,,,,,,,,,,Y,3,0,1,1,A,-,01,23152,A,N,E,I,A,A,H,-,C,A,0,,,,,Y,Y,A,01,0,1,0,0,0,0,0,0,0,"- ","- ",,,"LOS ANGELES",BELLFLOWER,-118.12531,33.884650059999998
6670697,2014,2014-12-23,1941,2014-10-08,1904,10543,,3,5,7,1941,0,0,0,,0,,"SOUTH ST","DOWNEY AV",442.00,W,N,A,-,N,,,,,,,,,,N,2,0,1,2,A,-,11,21955,,N,G,B,D,A,H,-,C,A,0,Y,,,,Y,Y,N,,1,0,0,0,1,0,0,0,0,"- ","- ",,,"LOS ANGELES","LONG BEACH",-118.15118,33.860219999999998
6670786,2014,2014-10-28,1900,2014-09-09,2135,196195,1412,2,5,1,1932,0,0,0,,0,141T5,"TEMPLE AV","PEREZ PL",2640.00,N,N,A,-,N,,,,,,,,,,Y,4,0,1,1,A,-,03,22350,,M,E,I,A,A,H,-,C,D,0,,,,,Y,Y,A,01,0,0,1,0,0,0,0,0,0,"- ","- ",34.059280000000001,-117.99657000000001,"LOS ANGELES",INDUSTRY,-117.9947499,34.059121249999997
6671582,2014,2014-12-16,1941,2014-10-12,1806,5886,,7,5,7,1941,0,0,0,,0,,"LONG BEACH BL","55TH ST",78.00,N,N,A,-,N,,,,,,,,,,Y,3,0,1,2,A,-,06,21750,,N,B,C,A,A,H,-,B,A,0,,,Y,,Y,Y,C,,0,1,0,0,0,0,0,0,1,"- ","- ",,,"LOS ANGELES","LONG BEACH",-118.19726414,33.856094769999999
6672510,2014,2015-12-28,9550,2014-03-28,0244,19120,,5,3,9,1900,0,1,3,,2,600,"RT 60","HACIENDA BL",1500.00,W,N,A,-,Y,LA,7,60,-,-,15.650,H,-,E,N,4,0,1,2,A,-,03,22350,,N,C,C,A,A,D,-,C,D,1,,,,,Y,Y,A,01,0,0,1,0,0,0,0,0,0,"- ","- ",34.010080000000002,-117.97535999999999,"LOS ANGELES",UNINCORPORATED,-117.96921892,34.008301320000001
6672722,2014,2014-10-30,9550,2014-02-09,2023,020469,,7,2,9,1900,0,3,5,,2,002,"BENTONGROVE DR","JOYGLEN DR",183.00,W,N,A,-,N,,,,,,,,,,Y,3,0,1,2,A,-,01,23152,A,M,F,A,A,A,H,-,C,D,0,,,Y,,Y,Y,C,02,0,1,0,0,0,0,0,0,1,"- ","- ",33.938949999999998,-118.04275,"LOS ANGELES",UNINCORPORATED,-118.04193466,33.938402930000002
6673024,2013,2014-11-06,9550,2013-05-01,1705,19346,,3,2,6,1949,0,1,1,,2,500,"RT 5","FIRESTONE BL",100.00,N,N,A,-,Y,LA,7,5,-,-,3.680,H,-,N,N,4,0,1,2,A,-,03,22350,,F,C,C,A,A,H,-,A,D,1,,,,,Y,Y,-,99,0,0,1,0,0,0,0,0,0,"- ","- ",33.903910000000003,-118.06408999999999,"LOS ANGELES",NORWALK,-118.0629011,33.903479300000001
6673123,2014,2015-12-28,9550,2014-03-17,1610,019117,,1,2,9,1900,0,1,3,,2,600,"RT 60","HACIENDA BL",100.00,W,N,A,-,Y,LA,7,60,-,-,15.910,H,-,E,Y,4,0,1,2,A,-,03,22350,,N,C,C,A,A,H,-,A,D,1,,,,,Y,Y,A,01,0,0,1,0,0,0,0,0,0,"- ","- ",34.00065,-117.96374,"LOS ANGELES",UNINCORPORATED,-117.96500263999999,34.006970889999998
6673144,2014,2014-11-04,9550,2014-03-16,0530,20700,,7,3,9,1900,0,2,4,,1,021,"HAWES ST","VALLEY VIEW AV",50.00,E,N,B,-,N,,,,,,,,,,Y,3,0,1,2,A,-,01,23152,A,N,C,E,A,A,H,-,C,D,0,,,,,Y,Y,A,07,0,1,0,0,0,0,0,0,0,"- ","- ",33.938479999999998,-118.01837,"LOS ANGELES",UNINCORPORATED,-118.01818279,33.938413089999997