CASE_ID,ACCIDENT_YEAR,PROC_DATE,JURIS,COLLISION_DATE,COLLISION_TIME,OFFICER_ID,REPORTING_DISTRICT,DAY_OF_WEEK,CHP_SHIFT,POPULATION,CNTY_CITY_LOC,SPECIAL_COND,BEAT_TYPE,CHP_BEAT_TYPE,CITY_DIVISION_LAPD,CHP_BEAT_CLASS,BEAT_NUMBER,PRIMARY_RD,SECONDARY_RD,DISTANCE,DIRECTION,INTERSECTION,WEATHER_1,WEATHER_2,STATE_HWY_IND,CALTRANS_COUNTY,CALTRANS_DISTRICT,STATE_ROUTE,ROUTE_SUFFIX,POSTMILE_PREFIX,POSTMILE,LOCATION_TYPE,RAMP_INTERSECTION,SIDE_OF_HWY,TOW_AWAY,COLLISION_SEVERITY,NUMBER_KILLED,NUMBER_INJURED,PARTY_COUNT,PRIMARY_COLL_FACTOR,PCF_CODE_OF_VIOL,PCF_VIOL_CATEGORY,PCF_VIOLATION,PCF_VIOL_SUBSECTION,HIT_AND_RUN,TYPE_OF_COLLISION,MVIW,PED_ACTION,ROAD_SURFACE,ROAD_COND_1,ROAD_COND_2,LIGHTING,CONTROL_DEVICE,CHP_ROAD_TYPE,PEDESTRIAN_ACCIDENT,BICYCLE_ACCIDENT,MOTORCYCLE_ACCIDENT,TRUCK_ACCIDENT,NOT_PRIVATE_PROPERTY,ALCOHOL_INVOLVED,STWD_VEHTYPE_AT_FAULT,CHP_VEHTYPE_AT_FAULT,COUNT_SEVERE_INJ,COUNT_VISIBLE_INJ,COUNT_COMPLAINT_PAIN,COUNT_PED_KILLED,COUNT_PED_INJURED,COUNT_BICYCLIST_KILLED,COUNT_BICYCLIST_INJURED,COUNT_MC_KILLED,COUNT_MC_INJURED,PRIMARY_RAMP,SECONDARY_RAMP,LATITUDE,LONGITUDE,COUNTY,CITY,POINT_X,POINT_Y
6714777,2014,2015-01-08,9530,2014-11-16,2155,20774,,7,2,7,1942,0,1,1,,2,120,"RT 110","GAFFEY ST",313.00,N,N,A,-,Y,,,110,,,,,,,Y,3,0,3,3,A,-,01,23152,A,N,B,I,A,A,H,-,C,A,0,,,,,Y,Y,A,01,0,1,2,0,0,0,0,0,0,"- ","- ",33.746940000000002,-118.29207,"LOS ANGELES","LOS ANGELES",-118.29208349,33.74695672
6715062,2014,2015-01-13,9530,2014-11-07,2040,20473,,5,2,9,1900,0,3,5,,2,001,"SANTA FE AV","CALIFORNIA ST",100.00,N,N,A,-,N,,,,,,,,,,Y,3,0,1,2,A,-,01,23152,A,N,C,C,A,A,H,-,C,D,0,,,,,Y,Y,A,07,0,1,0,0,0,0,0,0,0,"- ","- ",33.973399999999998,-118.2307,"LOS ANGELES",UNINCORPORATED,-118.23027,33.973304239999997
6717311,2014,2015-01-13,9540,2014-11-15,0242,20175,,6,3,9,1900,0,1,3,,1,144,"RT 14","NEWHALL AV",528.00,S,N,A,-,Y,,,,,,,,,,Y,4,0,1,2,A,-,01,23152,A,N,C,C,A,A,H,-,D,D,0,,,,,Y,Y,A,01,0,0,1,0,0,0,0,0,0,"- ","- ",34.358330000000002,-118.50021,"LOS ANGELES",UNINCORPORATED,-118.50438411,34.363825839999997
6718195,2014,2015-03-10,1942,2014-12-06,1215,38444,0378,6,5,7,1942,0,0,0,C,0,5T21,"MARTIN LUTHER KING","MENLO AV",115.00,E,N,A,-,N,,,,,,,,,,Y,1,1,2,4,A,-,05,21650,,N,A,C,A,A,H,-,A,A,0,,,,,Y,Y,A,01,0,0,2,0,0,0,0,0,0,"- ","- ",,,"LOS ANGELES","LOS ANGELES",-118.28974241,34.010954150000003
6718333,2015,2017-04-04,9550,2015-01-01,0130,20371,,4,3,9,1900,0,3,5,,2,002,"1ST AV","CANDLELIGHT DR",28.00,N,N,A,-,N,,,,,,,,,,Y,1,2,0,2,A,-,05,21460,A,N,A,C,A,A,H,-,C,D,0,,,,,Y,Y,A,07,0,0,0,0,0,0,0,0,0,"- ","- ",33.920850000000002,-117.98556000000001,"LOS ANGELES",UNINCORPORATED,-117.98554,33.92085677
6718526,2015,2017-05-09,1955,2015-05-07,2247,30381,34,4,5,6,1955,0,0,0,,0,002,"ARROW HWY","AMBERSON ST",10.00,W,N,B,C,N,,,,,,,,,,Y,1,1,0,2,A,-,01,23152,A,N,C,C,A,B,H,-,C,D,0,,,,,Y,Y,A,01,0,0,0,0,0,0,0,0,0,"- ","- ",,,"LOS ANGELES",POMONA,-117.75112294,34.090059330000003
6718624,2017,2019-04-08,1942,2017-11-25,1735,41683,1806,6,5,7,1942,0,0,0,R,0,25T27,"CENTRAL AV","91ST ST",30.00,N,N,A,-,N,,,,,,,,,,N,1,1,0,2,A,-,11,21950,B,N,G,B,E,A,H,-,C,D,0,Y,,,,Y,Y,N,60,0,0,0,1,0,0,0,0,0,"- ","- ",,,"LOS ANGELES","LOS ANGELES",-118.25643904,33.953942269999999
6718625,2017,2019-04-08,1900,2017-11-26,2045,544630,1331,7,5,5,1908,0,0,0,,0,133T2,"RT 19","PEPPERWOOD AV",488.00,S,N,A,-,Y,LA,7,19,-,-,8.100,H,-,N,Y,1,1,0,3,A,-,11,21954,A,F,G,B,D,A,H,-,C,D,0,Y,,,,Y,Y,N,60,0,0,0,1,0,0,0,0,0,"- ","- ",,,"LOS ANGELES",BELLFLOWER,-118.14288048,33.90665242
6718691,2017,2019-04-08,1942,2017-12-25,0025,34458,1115,1,5,7,1942,0,0,0,K,0,11A17,"COLORADO BL","ARGUS DR",69.00,W,N,A,-,N,,,,,,,,,,Y,1,1,0,2,A,-,01,23152,A,N,C,C,A,A,H,-,C,A,0,,,Y,,Y,Y,A,07,0,0,0,0,0,0,0,1,0,"- ","- ",,,"LOS ANGELES","LOS ANGELES",-118.20646734,34.139401679999999
6721115,2014,2015-04-07,1900,2014-10-24,0820,545632,1610,5,5,5,1977,0,0,0,,0,685W,"AVALON BL","WALNUT ST",30.00,S,N,A,-,N,,,,,,,,,,N,4,0,3,2,A,-,04,21703,,M,C,C,A,A,H,-,A,A,0,,,,,Y,Y,A,01,0,0,3,0,0,0,0,0,0,"- ","- ",,,"LOS ANGELES",CARSON,-118.26562391,33.875708549999999
6721201,2014,2015-01-29,1916,2014-11-17,1207,2044,69,1,5,4,1916,0,0,0,,0,001,"GRAND AV",DEXTER,0.00,,N,A,-,N,,,,,,,,,,Y,4,0,1,3,A,-,01,23152,A,N,C,E,A,A,H,-,A,B,0,,,,,Y,Y,A,07,0,0,1,0,0,0,0,0,0,"- ","- ",,,"LOS ANGELES",COVINA,-117.87259003,34.083410030000003
6722050,2014,2014-12-31,1942,2014-10-25,0040,38689,1998,6,5,7,1942,0,0,0,,0,19T75,"ROSCOE BL","LENNOX AV",0.00,,Y,A,-,N,,,,,,,,,,Y,4,0,3,2,A,-,01,23153,A,N,D,C,A,A,H,-,C,A,0,,,,,Y,Y,A,01,0,0,3,0,0,0,0,0,0,"- ","- ",,,"LOS ANGELES","LOS ANGELES",-118.44596012,34.221580019999998
6722207,2014,2016-06-06,9550,2014-08-22,2235,20014,,5,3,5,1908,0,1,1,,2,652,"RT 605","RT 91",300.00,N,N,A,-,Y,LA,7,91,-,R,17.004,R,2,W,Y,3,0,1,1,A,-,01,23152,A,N,E,I,A,A,H,-,D,D,1,,,,,Y,Y,A,07,0,1,0,0,0,0,0,0,0,TO,"- ",33.877290000000002,-118.10395,"LOS ANGELES",BELLFLOWER,-118.10146005,33.876380060000002
6722261,2014,2016-06-11,9550,2014-08-09,0108,20664,,6,3,5,1908,0,1,3,,2,091,"RT 91","STUDEBAKER RD",400.00,E,N,A,-,Y,LA,7,91,-,R,17.190,H,-,W,Y,3,0,2,3,A,-,01,23152,A,N,C,C,A,A,H,-,C,D,1,,,,,Y,Y,A,01,0,1,1,0,0,0,0,0,0,"- ","- ",33.876379999999997,-118.09569,"LOS ANGELES",BELLFLOWER,-118.0982022,33.876391249999998
6722520,2014,2015-06-23,1942,2014-11-25,0415,40545,1368,2,5,7,1942,0,0,0,M,0,1T11,"CENTRAL AV","42ND PL",30.00,S,N,A,-,N,,,,,,,,,,Y,3,0,1,3,A,-,01,23152,A,M,C,E,A,A,H,-,C,D,0,,,,,Y,Y,A,07,0,1,0,0,0,0,0,0,0,"- ","- ",,,"LOS ANGELES","LOS ANGELES",-118.2564991,34.006557729999997
6723417,2014,2015-01-06,9590,2014-10-31,2220,20659,,5,3,7,1942,0,1,1,,2,051,"RT 110","SLAUSON AV",350.00,S,N,B,C,Y,,,110,,,,,,,Y,3,0,1,1,A,-,01,23152,A,N,E,I,A,B,H,-,C,D,0,,,,,Y,Y,A,07,0,1,0,0,0,0,0,0,0,"- ","- ",33.988100000000003,-118.2814,"LOS ANGELES","LOS ANGELES",-118.28061722,33.988097770000003
6723914,2014,2015-01-16,1942,2014-11-14,1750,40440,1218,5,5,7,1942,0,0,0,L,0,3T57,"HOOVER ST","54TH ST",0.00,,Y,A,-,N,,,,,,,,,,N,3,0,1,2,A,-,01,23152,A,N,G,B,B,A,H,-,C,A,0,Y,,,,Y,Y,A,01,0,1,0,0,1,0,0,0,0,"- ","- ",,,"LOS ANGELES","LOS ANGELES",-118.28715004999999,33.99325004
6724456,2014,2015-01-20,1923,2014-11-23,0116,498,311,7,5,3,1923,0,0,0,,0,003,"SEPULVEDA BL","EL SEGUNDO BL",0.00,,Y,A,-,Y,,,,,,,,,,Y,3,0,3,2,A,-,01,23153,A,F,D,C,A,A,H,-,C,A,0,,,,,Y,Y,D,22,0,1,2,0,0,0,0,0,0,"- ","- ",,,"LOS ANGELES","EL SEGUNDO",-118.39611011,33.916380009999997
6724734,2014,2014-12-12,1907,2014-10-03,2149,229,1,5,5,4,1907,0,0,0,,0,,"ATLANTIC AV","BROMPTON AV",0.00,,Y,A,-,N,,,,,,,,,,Y,4,0,1,2,A,-,08,22107,,N,D,C,A,A,H,-,C,A,0,,,,,Y,Y,A,01,0,0,1,0,0,0,0,0,0,"- ","- ",,,"LOS ANGELES",BELL,-118.18769002000001,33.97376002
6725064,2014,2016-02-18,1905,2014-11-15,1858,1153,436,6,5,4,1905,0,0,0,,0,071,VINCENT,"ARROW HWY",0.00,,Y,A,-,N,,,,,,,,,,Y,2,0,3,2,A,-,01,23153,A,N,D,C,A,A,H,-,C,A,0,,,,,Y,Y,A,07,1,0,2,0,0,0,0,0,0,"- ","- ",,,"LOS ANGELES",AZUSA,-117.92538008,34.106940090000002
6725118,2014,2015-01-21,9590,2014-11-21,2200,20617,,5,3,7,1942,0,1,1,,2,084,"RT 5","COLORADO ST",500.00,S,N,A,-,Y,,,5,,,,,,,Y,3,0,1,1,A,-,01,23152,A,N,E,I,A,A,H,-,C,D,0,,,,,Y,Y,A,07,0,1,0,0,0,0,0,0,0,"- ","- ",34.139220000000002,-118.27672,"LOS ANGELES","LOS ANGELES",-118.27686274,34.13916193
6725572,2014,2015-01-14,9590,2014-11-15,1050,20708,,6,1,7,1942,0,1,1,,2,081,"RT 5","BOYLE AV",100.00,N,N,B,-,Y,,,5,,,,,,,Y,3,0,1,3,A,-,01,23152,A,N,C,C,A,A,H,-,A,D,0,,,,,Y,Y,A,01,0,1,0,0,0,0,0,0,0,"- ","- ",34.032389999999999,-118.22063,"LOS ANGELES","LOS ANGELES",-118.22028521999999,34.032726629999999
6726253,2014,2016-01-12,9525,2014-08-16,0310,020544,,6,3,9,1900,0,3,5,,2,003,"LARK ELLEN AV","DUBESOR ST",13.00,N,N,A,-,N,,,,,,,,,,Y,3,0,2,2,A,-,01,23152,A,N,A,C,A,A,H,-,C,A,0,,,,,Y,Y,A,01,0,1,1,0,0,0,0,0,0,"- ","- ",34.04692,-117.91831000000001,"LOS ANGELES",UNINCORPORATED,-117.91834513000001,34.04681068
6726312,2014,2016-06-06,9550,2014-09-30,0030,020551,,2,3,6,1920,0,1,1,,2,650,"RT 5","RT 605",200.00,N,N,A,-,Y,LA,7,5,-,-,6.914,R,2,N,Y,3,0,1,1,A,-,01,23152,A,F,E,I,A,A,H,-,C,D,1,,,,,Y,Y,A,01,0,1,0,0,0,0,0,0,0,TO,"- ",33.941049999999997,-118.09583000000001,"LOS ANGELES",DOWNEY,-118.09716826,33.942130970000001
6726539,2014,2015-01-16,1942,2014-11-15,0145,36698,0118,6,5,7,1942,0,0,0,A,0,4T43W3,"NORTH MAIN ST","COLLEGE ST",15.00,N,N,B,-,N,,,,,,,,,,Y,3,0,1,1,A,-,01,23152,A,N,E,I,A,A,H,-,C,D,0,,,,,Y,Y,A,01,0,1,0,0,0,0,0,0,0,"- ","- ",,,"LOS ANGELES","LOS ANGELES",-118.23405248,34.062744170000002
6731903,2014,2015-01-22,9530,2014-11-27,0325,020584,,4,3,5,1977,0,1,3,,2,310,"RT 91","CENTRAL AV",30.00,W,N,A,-,Y,,,91,,,,,,,Y,3,0,1,1,A,-,01,23152,A,N,E,I,A,A,H,-,C,D,0,,,,,Y,Y,A,01,0,1,0,0,0,0,0,0,0,"- ","- ",33.873519999999999,-118.24912,"LOS ANGELES",CARSON,-118.2491187,33.873539170000001
6732406,2014,2015-01-02,1948,2014-10-17,1457,295,1948,5,5,5,1948,0,0,0,,0,002,"GARFIELD AV","EMERSON AV",27.00,S,N,B,-,N,,,,,,,,,,N,4,0,2,2,A,-,03,22350,,M,C,C,A,A,H,-,A,A,0,,,,,Y,Y,-,,0,0,2,0,0,0,0,0,0,"- ","- ",,,"LOS ANGELES","MONTEREY PARK",-118.12287999999999,34.06605596
6732613,2014,2015-01-29,1922,2014-12-04,2255,594,,4,5,6,1922,0,0,0,,0,,"GARVEY AV","MEEKER AV",200.00,W,N,A,-,N,,,,,,,,,,Y,4,0,2,2,A,-,01,23152,A,N,D,D,A,A,H,-,C,D,0,,,,,Y,Y,D,22,0,0,2,0,0,0,0,0,0,"- ","- ",,,"LOS ANGELES","EL MONTE",-118.02745889000001,34.062849999999997
6732750,2014,2015-01-20,1913,2014-11-26,0844,3681,21,3,5,4,1913,0,0,0,,0,002,"INDIAN HILL BL","AMERICAN AV",16.00,N,N,A,-,N,,,,,,,,,,N,4,0,1,3,A,-,03,22350,,N,C,C,A,A,H,-,A,D,0,,,,,Y,Y,-,,0,0,1,0,0,0,0,0,0,"- ","- ",,,"LOS ANGELES",CLAREMONT,-117.71928138,34.079570080000003
6733696,2014,2015-01-23,1900,2014-11-25,0133,527696,0251,2,5,4,1945,0,0,0,,0,2BT,"SLAUSON AV","MAYFLOWER AV",15.00,E,N,A,-,N,,,,,,,,,,Y,3,0,1,1,A,-,01,23152,A,M,E,I,A,A,H,-,C,A,0,,,,,Y,Y,D,22,0,1,0,0,0,0,0,0,0,"- ","- ",,,"LOS ANGELES",MAYWOOD,-118.18108091000001,33.986695539999999
6735478,2014,2016-02-18,1900,2014-12-11,0800,457374,1431,4,5,4,1937,0,0,0,,0,143T1,"HACIENDA BL","TEMPLE AV",114.00,N,N,B,-,N,,,,,,,,,,Y,4,0,2,3,A,-,03,22350,,N,C,C,A,A,H,-,A,A,0,,,Y,Y,Y,Y,F,26,0,0,2,0,0,0,0,0,1,"- ","- ",,,"LOS ANGELES","LA PUENTE",-117.95371092000001,34.03052383
6737286,2014,2016-06-23,1976,2014-11-30,0422,209,,7,5,5,1976,0,0,0,,0,003,"WHITTIER BL","BARTON RD",109.00,W,N,A,-,Y,LA,7,72,-,-,3.350,H,-,S,Y,3,0,1,1,A,-,01,23152,A,N,F,A,A,A,H,-,C,D,0,,,,,Y,Y,A,07,0,1,0,0,0,0,0,0,0,"- ","- ",,,"LOS ANGELES",WHITTIER,-118.02845461,33.960586839999998
6738423,2014,2015-01-23,1942,2014-11-22,2350,39474,1345,6,5,7,1942,0,0,0,M,0,13X42,"HOOPER AV","35TH ST",57.00,S,N,A,-,N,,,,,,,,,,Y,4,0,1,3,A,-,01,23152,A,N,B,E,A,A,H,-,C,D,0,,,,,Y,Y,-,,0,0,1,0,0,0,0,0,0,"- ","- ",,,"LOS ANGELES","LOS ANGELES",-118.25215,34.011873680000001
6738702,2014,2015-01-29,1942,2014-12-05,0415,38233,0195,5,5,7,1942,0,0,0,A,0,13T53,"S MAIN ST","W 17TH ST",0.00,,Y,A,-,N,,,,,,,,,,Y,3,0,1,2,A,-,01,23152,A,N,D,C,A,A,H,-,C,A,0,,,,,Y,Y,A,07,0,1,0,0,0,0,0,0,0,"- ","- ",,,"LOS ANGELES","LOS ANGELES",-118.26315008,34.032850070000002
6738704,2014,2015-01-29,1942,2014-12-03,2200,34088,1454,3,5,7,1942,0,0,0,N,0,14A49,"MINDANAO WY","GLENCOE AV",48.00,W,N,B,-,N,,,,,,,,,,Y,4,0,2,2,A,-,01,23152,A,N,A,C,A,B,H,-,C,A,0,,,,,Y,Y,A,01,0,0,2,0,0,0,0,0,0,"- ","- ",,,"LOS ANGELES","LOS ANGELES",-118.43733682,33.985420679999997
6739024,2014,2014-12-23,1942,2014-07-21,2030,38156,0659,1,5,7,1942,0,0,0,F,0,6A49,"SUNSET BL",HOBART,0.00,,Y,A,-,N,,,,,,,,,,N,3,0,1,2,A,-,10,21950,A,F,G,B,B,A,H,-,C,A,0,Y,,,,Y,Y,-,99,0,1,0,0,1,0,0,0,0,"- ","- ",,,"LOS ANGELES","LOS ANGELES",-118.30561012,34.098120100000003
6739337,2014,2015-01-21,1900,2014-11-16,0431,527062,2607,7,5,6,1950,0,0,0,,0,263T1,"AVENUE R","57TH ST EAST",71.00,W,N,A,-,N,,,,,,,,,,Y,3,0,1,1,C,-,18,,,N,H,A,A,A,H,-,C,A,0,,,,,Y,Y,-,"- ",0,1,0,0,0,0,0,0,0,"- ","- ",,,"LOS ANGELES",PALMDALE,-118.02806529,34.57247375
6743456,2014,2014-12-16,9550,2014-10-05,0425,20014,,7,3,9,1900,0,3,5,,2,002,"GLENN DR","MINA AV",0.00,W,-,A,-,N,,,,,,,,,,Y,3,0,1,2,A,-,01,23152,A,N,B,C,A,A,H,-,C,D,0,,,,,Y,Y,A,01,0,1,0,0,0,0,0,0,0,"- ","- ",33.949060000000003,-118.02921000000001,"LOS ANGELES",UNINCORPORATED,-118.02781012,33.948260060000003
6744494,2014,2015-02-11,1965,2014-12-03,2110,3296,B2E,3,5,5,1965,0,0,0,,0,A003,"PICO BL","CLOVERFIELD BL",18.00,E,N,A,-,N,,,,,,,,,,Y,4,0,1,3,A,-,01,23152,A,N,C,C,A,B,H,-,C,A,0,,,,,Y,Y,-,,0,0,1,0,0,0,0,0,0,"- ","- ",,,"LOS ANGELES","SANTA MONICA",-118.46560983000001,34.021546319999999
6744585,2014,2015-01-30,1900,2014-12-03,1900,532572,0451,3,5,6,1949,0,0,0,,0,45T1,"IMPERIAL HWY","FAIRFORD AV",30.00,E,N,C,-,N,,,,,,,,,,Y,3,0,1,1,A,-,01,23152,A,N,E,I,A,B,H,-,C,D,0,,,,,Y,Y,A,01,0,1,0,0,0,0,0,0,0,"- ","- ",,,"LOS ANGELES",NORWALK,-118.09478835,33.917059530000003
6748077,2014,2015-01-26,9575,2014-11-25,1714,20887,,2,2,6,1953,0,1,1,,2,064,"RT 210","LAKE AV",430.00,W,N,A,-,Y,,,210,,,,,,,Y,4,0,2,3,A,-,03,22350,,N,C,C,A,A,H,-,D,D,0,,,,,Y,Y,A,01,0,0,2,0,0,0,0,0,0,TO,"- ",34.151330000000002,-118.13544,"LOS ANGELES",PASADENA,-118.13544112,34.151659709999997
6749109,2014,2015-02-03,9530,2014-12-08,2047,020293,,1,2,9,1900,0,3,5,,2,001,"MIRAMONTE BL","76TH PL",30.00,S,N,A,-,N,,,,,,,,,,Y,4,0,1,2,A,-,01,23152,A,N,C,E,A,A,H,-,C,D,0,,,,,Y,Y,A,01,0,0,1,0,0,0,0,0,0,"- ","- ",,,"LOS ANGELES",UNINCORPORATED,-118.24552,33.970737730000003
6749880,2014,2015-02-02,9535,2014-12-10,0512,019706,,3,3,9,1900,0,1,3,,2,601,"RT 60","DANGLER AV",200.00,E,N,A,-,Y,,,60,,,,,,,Y,3,0,2,2,A,-,01,23152,A,N,C,C,A,A,H,-,C,D,0,,,,,Y,Y,A,01,0,2,0,0,0,0,0,0,0,TO,"- ",34.036760000000001,-118.16318,"LOS ANGELES",UNINCORPORATED,-118.16317626,34.036622639999997
6750260,2014,2015-01-29,1942,2014-12-20,1155,38603,0911,6,5,7,1942,0,0,0,I,0,9TL52,"GAULT ST","SEPULVEDA BL",120.00,W,N,B,-,N,,,,,,,,,,Y,3,0,1,2,A,-,01,23152,A,M,C,E,A,A,H,-,A,D,0,,,,,Y,Y,A,07,0,1,0,0,0,0,0,0,0,"- ","- ",,,"LOS ANGELES","LOS ANGELES",-118.46659613999999,34.199331800000003
6750292,2014,2015-01-29,1942,2014-12-19,1925,40184,1643,5,5,7,1942,0,0,0,P,0,16A35,"PIERCE ST","SAN FERNANDO RD",50.00,W,N,A,-,N,,,,,,,,,,Y,4,0,2,2,A,-,01,23152,A,F,C,C,A,A,H,-,C,D,0,,,,,Y,Y,A,01,0,0,2,0,0,0,0,0,0,"- ","- ",,,"LOS ANGELES","LOS ANGELES",-118.41905604,34.26301136
6751331,2014,2015-01-06,1900,2014-10-25,0330,274533,1332,6,5,5,1908,0,0,0,,0,133T1/,"RT 19","PASEO ST",102.00,S,N,A,-,Y,,,,,,,,,,Y,4,0,1,2,A,-,01,23152,A,N,C,E,A,A,H,-,C,D,0,,,,,Y,Y,-,,0,0,1,0,0,0,0,0,0,"- ","- ",,,"LOS ANGELES",BELLFLOWER,,
6752078,2014,2015-02-11,1900,2014-12-13,2045,525199,2840,6,5,5,1915,0,0,0,,0,283T1,"ALAMEDA ST W","MYRRH ST",0.00,,Y,A,-,N,,,,,,,,,,Y,4,0,3,4,A,-,01,23153,A,N,C,C,A,A,H,-,C,D,0,,,,,Y,Y,D,22,0,0,3,0,0,0,0,0,0,"- ","- ",,,"LOS ANGELES",COMPTON,-118.22000006,33.892430079999997
6752277,2014,2015-01-08,1942,2014-12-24,1450,39049,0233,3,5,7,1942,0,0,0,B,0,4T4,"3RD ST","LA FAYETTE PARK",30.00,E,N,A,-,N,,,,,,,,,,Y,4,0,2,2,A,-,01,23152,A,M,C,C,A,A,H,-,C,D,0,,,,,Y,Y,A,01,0,0,2,0,0,0,0,0,0,"- ","- ",,,"LOS ANGELES","LOS ANGELES",-118.28055089,34.067024359999998
6753254,2015,2015-02-23,1972,2015-01-05,1751,18874,,1,5,6,1972,0,0,0,,0,,"EARL ST","EMERALD ST",480.00,N,N,A,-,N,,,,,,,,,,N,3,0,1,2,A,-,08,22107,,N,B,G,A,A,H,-,C,D,0,,Y,,,Y,Y,L,,0,1,0,0,0,0,1,0,0,"- ","- ",,,"LOS ANGELES",TORRANCE,-118.35806675000001,33.842676529999999
6755754,2014,2016-04-12,1965,2014-12-20,1150,2972,B2C,6,5,5,1965,0,0,0,,0,B002,"OCEAN PARK BL","25TH ST",0.00,,Y,B,-,N,,,,,,,,,,Y,4,0,1,2,A,-,09,21802,A,M,D,C,A,A,H,-,A,A,0,,,,,Y,Y,-,,0,0,1,0,0,0,0,0,0,"- ","- ",,,"LOS ANGELES","SANTA MONICA",-118.45893012000001,34.017070050000001
6755760,2014,2015-02-04,1942,2014-12-13,0035,38013,706,6,5,7,1942,0,0,0,,0,6T7,"LA BREA AV","WILLOUGHBY AV",144.00,S,N,B,-,N,,,,,,,,,,N,4,0,2,2,A,-,03,22350,,N,C,E,A,A,H,-,C,D,0,,,,,Y,Y,A,01,0,0,2,0,0,0,0,0,0,"- ","- ",,,"LOS ANGELES","LOS ANGELES",-118.34406,34.086705049999999
6758089,2014,2016-02-18,1900,2014-11-25,0200,527062,2621,2,5,6,1950,0,0,0,,0,263T1,"SIERRA HWY","AVENUE O",0.00,,Y,A,-,N,,,,,,,,,,Y,3,0,1,1,A,-,01,23152,A,M,E,I,A,A,H,-,C,A,0,,,,,Y,Y,A,01,0,1,0,0,0,0,0,0,0,"- ","- ",,,"LOS ANGELES",PALMDALE,-118.12376006,34.617340040000002
6758159,2014,2015-01-22,1942,2014-11-22,2315,40705,1871,6,5,7,1942,0,0,0,R,0,3T5,"FIGUEROA ST","149TH ST",12.00,S,N,A,-,N,,,,,,,,,,Y,4,0,1,2,A,-,01,23152,A,N,C,C,A,A,H,-,C,D,0,,,,,Y,Y,A,01,0,0,1,0,0,0,0,0,0,"- ","- ",,,"LOS ANGELES","LOS ANGELES",-118.28322183,33.897427120000003
6758501,2014,2015-01-22,9550,2014-11-03,1830,019117,,1,2,9,1900,0,3,5,,2,003,"LOS ROBLES AV","9TH AV",169.00,E,N,A,-,N,,,,,,,,,,Y,3,0,1,4,A,-,01,23152,A,N,B,E,A,A,H,-,C,D,0,,,,,Y,Y,A,01,0,1,0,0,0,0,0,0,0,"- ","- ",34.010100000000001,-117.98443,"LOS ANGELES",UNINCORPORATED,-117.98336729,34.009631450000001
6759437,2014,2015-01-30,1909,2014-12-10,2206,560,1909,3,5,4,1909,0,0,0,,0,00N,"EASTERN AV","LUBEC ST",113.00,N,N,A,-,N,,,,,,,,,,N,3,0,1,2,A,-,01,21200,5,N,D,G,A,A,H,-,C,D,0,,Y,,,Y,Y,L,,0,1,0,0,0,0,1,0,0,"- ","- ",,,"LOS ANGELES","BELL GARDENS",-118.16426342,33.971867430000003
6767300,2014,2015-02-03,1942,2014-12-22,0655,32973,0221,1,5,7,1942,0,0,0,B,0,11T21,"OAKWOOD AV","ALEXANDRIA AV",110.00,W,N,A,-,N,,,,,,,,,,Y,4,0,1,3,A,-,01,23152,A,N,A,C,A,A,H,-,A,A,0,,,,,Y,Y,A,07,0,0,1,0,0,0,0,0,0,"- ","- ",,,"LOS ANGELES","LOS ANGELES",-118.29856248999999,34.077664339999998
6767526,2014,2015-02-05,1942,2014-12-29,2300,40643,1715,1,5,7,1942,0,0,0,Q,0,21T61,"RINALDI ST","HESPERIA AV",189.00,E,N,A,-,N,,,,,,,,,,Y,2,0,1,1,A,-,01,23152,A,M,E,I,A,A,H,-,C,D,0,,,,,Y,Y,A,01,1,0,0,0,0,0,0,0,0,"- ","- ",,,"LOS ANGELES","LOS ANGELES",-118.52623699999999,34.278981000000002
6767649,2014,2015-02-06,1942,2014-12-07,0000,41577,RD015,7,5,7,1942,0,0,0,,0,1A1,6TH,MATEO,200.00,E,N,A,-,N,,,,,,,,,,Y,3,0,1,1,A,-,01,23152,A,N,H,J,A,A,H,-,C,A,0,,,,,Y,Y,A,01,0,1,0,0,0,0,0,0,0,"- ","- ",,,"LOS ANGELES","LOS ANGELES",-118.23207309999999,34.038432
6768143,2014,2015-01-28,9535,2014-11-17,2256,017308,,1,3,9,1900,0,1,1,,2,651,"RT 605","RT 60",18.00,S,N,A,-,Y,,,,,,,,,,Y,3,0,1,1,A,-,01,23152,A,N,E,I,A,A,H,-,C,D,0,,,,,Y,Y,A,01,0,1,0,0,0,0,0,0,0,TO,"- ",34.035580000000003,-118.03069000000001,"LOS ANGELES",UNINCORPORATED,-118.02743242,34.033945529999997
6768150,2014,2015-01-28,9535,2014-11-06,2110,13421,,4,2,5,1906,0,1,1,,2,650,"RT 605","RT 10",1137.00,S,N,A,-,Y,,,605,,,,,,,N,2,0,1,1,A,-,01,23152,A,N,F,A,A,A,H,-,D,D,0,,,Y,,Y,Y,C,02,1,0,0,0,0,0,0,0,1,TO,"- ",34.062379999999997,-118.00013,"LOS ANGELES","BALDWIN PARK",-118.00032165,34.062438999999998
6770405,2014,2015-01-28,9550,2014-11-28,0155,18854,,5,3,9,1900,0,1,3,,2,602,"RT 60","FAIRWAY DR",350.00,W,N,A,-,Y,,,60,,,,,,,Y,3,0,1,1,A,-,01,23152,A,M,E,J,A,A,H,-,C,D,0,,,,,Y,Y,A,01,0,1,0,0,0,0,0,0,0,TO,"- ",33.995260000000002,-117.87153000000001,"LOS ANGELES",UNINCORPORATED,-117.87164111,33.996000449999997
6771034,2014,2015-02-10,9580,2014-12-14,1820,020791,,7,2,7,1942,0,2,4,,1,131,"MULHOLLAND HWY","SIERRA CREEK RD",100.00,W,N,A,-,N,,,,,,,,,,Y,4,0,1,1,A,-,01,23152,A,N,F,I,A,A,H,-,D,D,0,,,,,Y,Y,A,01,0,0,1,0,0,0,0,0,0,"- ","- ",34.113660000000003,-118.78624000000001,"LOS ANGELES","LOS ANGELES",-118.78565988,34.113799999999998