CASE_ID,ACCIDENT_YEAR,PROC_DATE,JURIS,COLLISION_DATE,COLLISION_TIME,OFFICER_ID,REPORTING_DISTRICT,DAY_OF_WEEK,CHP_SHIFT,POPULATION,CNTY_CITY_LOC,SPECIAL_COND,BEAT_TYPE,CHP_BEAT_TYPE,CITY_DIVISION_LAPD,CHP_BEAT_CLASS,BEAT_NUMBER,PRIMARY_RD,SECONDARY_RD,DISTANCE,DIRECTION,INTERSECTION,WEATHER_1,WEATHER_2,STATE_HWY_IND,CALTRANS_COUNTY,CALTRANS_DISTRICT,STATE_ROUTE,ROUTE_SUFFIX,POSTMILE_PREFIX,POSTMILE,LOCATION_TYPE,RAMP_INTERSECTION,SIDE_OF_HWY,TOW_AWAY,COLLISION_SEVERITY,NUMBER_KILLED,NUMBER_INJURED,PARTY_COUNT,PRIMARY_COLL_FACTOR,PCF_CODE_OF_VIOL,PCF_VIOL_CATEGORY,PCF_VIOLATION,PCF_VIOL_SUBSECTION,HIT_AND_RUN,TYPE_OF_COLLISION,MVIW,PED_ACTION,ROAD_SURFACE,ROAD_COND_1,ROAD_COND_2,LIGHTING,CONTROL_DEVICE,CHP_ROAD_TYPE,PEDESTRIAN_ACCIDENT,BICYCLE_ACCIDENT,MOTORCYCLE_ACCIDENT,TRUCK_ACCIDENT,NOT_PRIVATE_PROPERTY,ALCOHOL_INVOLVED,STWD_VEHTYPE_AT_FAULT,CHP_VEHTYPE_AT_FAULT,COUNT_SEVERE_INJ,COUNT_VISIBLE_INJ,COUNT_COMPLAINT_PAIN,COUNT_PED_KILLED,COUNT_PED_INJURED,COUNT_BICYCLIST_KILLED,COUNT_BICYCLIST_INJURED,COUNT_MC_KILLED,COUNT_MC_INJURED,PRIMARY_RAMP,SECONDARY_RAMP,LATITUDE,LONGITUDE,COUNTY,CITY,POINT_X,POINT_Y
8035361,2016,2016-05-27,1942,2016-04-05,2105,37191,1255,2,5,7,1942,0,0,0,L,0,12A49,"FLORENCE AV","NORMANDIE AV",0.00,,Y,A,-,N,,,,,,,,,,Y,4,0,1,2,A,-,09,21804,A,F,A,C,A,A,H,-,C,D,0,,,,,Y,Y,-,99,0,0,1,0,0,0,0,0,0,"- ","- ",,,"LOS ANGELES","LOS ANGELES",-118.30030013,33.974580099999997
8035476,2016,2016-05-31,1942,2016-05-22,1710,37715,2031,7,5,7,1942,0,0,0,,0,8TL28W,"WESTERN AV","WILSHIRE BL",0.00,,Y,A,-,N,,,,,,,,,,Y,4,0,2,3,A,-,01,23152,A,F,D,C,A,A,H,-,A,A,0,,,,,Y,Y,-,99,0,0,2,0,0,0,0,0,0,"- ","- ",,,"LOS ANGELES","LOS ANGELES",-118.30908006,34.06168006
8035775,2016,2016-05-03,1962,2016-04-20,1530,036,1962,3,5,4,1962,0,0,0,,0,024,"SAINT FRANCIS ST","LIVE OAK",100.00,S,N,A,-,N,,,,,,,,,,Y,3,0,3,2,A,-,01,23153,B,N,A,C,A,-,H,-,A,D,0,,,,,Y,Y,A,01,0,2,1,0,0,0,0,0,0,"- ","- ",,,"LOS ANGELES","SAN GABRIEL",-118.0970188,34.100965799999997
8035982,2016,2016-04-29,1942,2016-04-05,0900,39027,2021,2,5,7,1942,0,0,0,,0,20A45,"WILSHIRE AV","WILTON PL",0.00,,Y,A,-,N,,,,,,,,,,N,4,0,1,2,A,-,03,22350,,F,D,C,A,A,H,-,A,A,0,,,,,Y,Y,-,99,0,0,1,0,0,0,0,0,0,"- ","- ",,,"LOS ANGELES","LOS ANGELES",-118.31421003,34.061690030000001
8036092,2016,2016-05-03,1900,2016-04-21,2255,600125,1120,4,5,6,1992,0,0,0,,0,112T2,"10TH ST WEST","AVENUE G",1170.00,S,N,A,-,N,,,,,,,,,,Y,3,0,2,1,A,-,01,23152,A,N,F,A,A,A,H,-,D,D,0,,,,,Y,Y,A,01,0,1,1,0,0,0,0,0,0,"- ","- ",,,"LOS ANGELES",LANCASTER,-118.14855504000001,34.73015204
8036422,2016,2016-05-09,1942,2016-04-06,1745,39065,1435,3,5,7,1942,0,0,0,N,0,7T38,"VENICE BL","SAWTELLE BL",5.00,W,N,A,-,N,,,,,,,,,,N,3,0,1,2,A,-,00,21760,C,F,B,G,A,A,H,-,A,D,0,,Y,,,Y,Y,-,99,0,1,0,0,0,0,1,0,0,"- ","- ",,,"LOS ANGELES","LOS ANGELES",-118.41982351999999,34.01150217
8036532,2016,2016-05-05,1942,2016-04-19,2320,38639,394,2,5,7,1942,0,0,0,,0,3A63,"2ND AV","43RD ST",0.00,,Y,A,-,N,,,,,,,,,,Y,4,0,1,2,A,-,01,23152,A,N,D,C,A,A,H,-,C,A,0,,,,,Y,Y,A,01,0,0,1,0,0,0,0,0,0,"- ","- ",,,"LOS ANGELES","LOS ANGELES",-118.31929,34.005470000000003
8036962,2016,2016-05-10,1918,2016-04-09,0148,1107,,6,5,4,1918,0,0,0,,0,PATROL,"WASHINGTON BL","SAWTELLE BL",30.00,W,N,A,-,N,,,,,,,,,,Y,4,0,1,2,A,-,01,23152,A,F,H,G,A,A,H,-,C,D,0,,Y,,,Y,Y,A,01,0,0,1,0,0,0,1,0,0,"- ","- ",34.004240000000003,-118.41457,"LOS ANGELES","CULVER CITY",-118.41469115,34.004125190000003
8037408,2016,2016-05-11,1900,2016-03-17,1830,516825,0462,4,5,4,1936,0,0,0,,0,46T1,"LA MIRADA BL","TACUBA DR",0.00,,Y,A,-,N,,,,,,,,,,Y,4,0,1,2,A,-,01,23152,A,M,A,C,A,A,H,-,A,A,0,,,,,Y,Y,A,01,0,0,1,0,0,0,0,0,0,"- ","- ",,,"LOS ANGELES","LA MIRADA",-118.01210001,33.914330079999999
8038301,2016,2016-05-17,1942,2016-04-27,0835,42051,0468,3,5,7,1942,0,0,0,D,0,4A59,"4TH ST","EUCLID AV",0.00,,Y,A,-,N,,,,,,,,,,N,4,0,2,2,A,-,01,23152,A,N,C,C,A,A,H,-,A,D,0,,,,,Y,Y,A,01,0,0,2,0,0,0,0,0,0,"- ","- ",,,"LOS ANGELES","LOS ANGELES",-118.20341999999999,34.036880060000001
8038483,2016,2017-02-01,1955,2016-03-23,2358,40590,0084,3,5,6,1955,0,0,0,,0,004,"GAREY AV","RT 60",0.00,,Y,A,-,Y,LA,7,60,-,R,29.520,R,4,W,Y,3,0,1,1,A,-,01,23152,A,N,A,I,A,A,H,-,C,A,0,,,,,Y,Y,A,01,0,1,0,0,0,0,0,0,0,"- ","- ",,,"LOS ANGELES",POMONA,-117.74565828999999,34.023760379999999
8038992,2016,2016-05-25,1942,2016-05-03,2005,37724,1269,2,5,7,1942,0,0,0,L,0,3T5,"81ST ST","STANFORD AV",70.00,W,N,A,-,N,,,,,,,,,,Y,3,0,1,2,A,-,01,23152,A,M,A,E,A,A,H,-,C,D,0,,,,,Y,Y,D,22,0,1,0,0,0,0,0,0,0,"- ","- ",,,"LOS ANGELES","LOS ANGELES",-118.2631904,33.96557
8039162,2016,2016-05-19,1942,2016-04-23,1950,42182,LA,6,5,7,1942,0,0,0,,0,12A53,WADSWORTH,"75TH ST",45.00,N,N,A,-,N,,,,,,,,,,Y,3,0,1,5,A,-,01,23153,A,F,-,E,A,A,H,-,B,D,0,,,,,Y,Y,A,01,0,1,0,0,0,0,0,0,0,"- ","- ",,,"LOS ANGELES","LOS ANGELES",-118.25863,33.972203409999999
8043226,2016,2016-05-25,1906,2016-02-20,1627,4411,1906,6,5,5,1906,0,0,0,,0,002,"BALDWIN PARK BL","CLARK ST",0.00,,Y,A,-,N,,,,,,,,,,N,4,0,3,2,A,-,12,21453,A,N,D,C,A,A,H,-,A,A,0,,,,,Y,Y,A,01,0,0,3,0,0,0,0,0,0,"- ","- ",,,"LOS ANGELES","BALDWIN PARK",-117.96489011,34.0904101
8043689,2016,2016-05-23,1906,2016-02-22,1624,4411,1906,1,5,5,1906,0,0,0,,0,003,"RAMONA BL","STERLING WY",0.00,,Y,A,-,N,,,,,,,,,,N,4,0,3,2,A,-,09,21801,A,N,D,C,A,A,H,-,A,D,0,,,,,Y,Y,A,01,0,0,3,0,0,0,0,0,0,"- ","- ",,,"LOS ANGELES","BALDWIN PARK",-117.96284011,34.08604012
8044548,2016,2016-05-26,1925,2016-05-06,0934,19167,244,5,5,6,1925,0,0,0,,0,003,"COLORADO ST","LINCOLN AV",10.00,E,N,B,-,N,,,,,,,,,,N,4,0,1,2,A,-,11,21954,A,N,G,B,B,-,H,-,A,D,0,Y,,,,Y,Y,N,60,0,0,1,0,1,0,0,0,0,"- ","- ",,,"LOS ANGELES",GLENDALE,-118.22948704,34.142760920000001
8044798,2016,2016-05-27,1947,2016-02-21,2310,1328,,7,5,5,1947,0,0,0,,0,00D,"S GREENWOOD ST","TELEGRAPH RD",0.00,,Y,A,-,N,,,,,,,,,,Y,3,0,1,5,A,-,01,23152,A,N,E,I,A,A,H,-,C,A,0,,,,Y,Y,Y,A,01,0,1,0,0,0,0,0,0,0,"- ","- ",,,"LOS ANGELES",MONTEBELLO,-118.12835001000001,33.979750019999997
8045014,2016,2016-06-02,1942,2016-05-09,0550,37050,0453,1,5,7,1942,0,0,0,D,0,4A71,"ECHANDIA ST","BRIDGE ST",2.00,N,N,A,-,N,,,,,,,,,,Y,3,0,1,1,A,-,01,23152,A,N,A,I,A,A,H,-,A,D,0,,,,,Y,Y,A,01,0,1,0,0,0,0,0,0,0,"- ","- ",,,"LOS ANGELES","LOS ANGELES",-118.21827709,34.052664919999998
8045047,2016,2016-05-19,1942,2016-05-02,0200,35936,1253,1,5,7,1942,0,0,0,L,0,12T41,"WESTERN AV","FLORENCE AV",0.00,,Y,A,-,N,,,,,,,,,,Y,3,0,2,2,A,-,09,21801,A,N,D,C,A,A,H,-,C,D,0,,,,,Y,Y,A,01,0,1,1,0,0,0,0,0,0,"- ","- ",,,"LOS ANGELES","LOS ANGELES",-118.30898006,33.974570010000001
8045096,2016,2016-05-20,1942,2016-04-04,2145,42050,1243,1,5,7,1942,0,0,0,L,0,12A66,"WESTERN AV","65TH PL",30.00,S,N,A,-,N,,,,,,,,,,N,4,0,1,2,A,-,10,21950,,F,G,B,D,A,H,-,C,D,0,Y,,,,Y,Y,-,99,0,0,1,0,1,0,0,0,0,"- ","- ",,,"LOS ANGELES","LOS ANGELES",-118.30897,33.979717719999996
8045576,2016,2016-08-29,1931,2016-05-12,1826,5603,1931,4,5,5,1931,0,0,0,,0,004,"WALNUT ST","STATE ST",228.00,E,N,A,-,N,,,,,,,,,,N,3,0,2,3,A,-,00,20001,A,F,G,G,A,A,H,-,A,D,0,,Y,,,Y,Y,A,01,0,2,0,0,0,0,2,0,0,"- ","- ",,,"LOS ANGELES","HUNTINGTON PARK",-118.20892539,33.971622019999998
8046649,2016,2016-05-17,1942,2016-05-08,2035,41764,2134,7,5,7,1942,0,0,0,,0,21A97W,"SHERMAN WY","FARRALONE AV",288.00,W,N,B,-,N,,,,,,,,,,Y,4,0,1,1,A,-,01,23153,A,N,E,I,A,A,H,-,C,D,0,,,,,Y,Y,A,01,0,0,1,0,0,0,0,0,0,"- ","- ",,,"LOS ANGELES","LOS ANGELES",-118.61125088999999,34.20102
8046776,2016,2016-05-17,1942,2016-04-30,1645,39402,1532,6,5,7,1942,0,0,0,O,0,15A39,"VICTORY BL","WILKINSON AV",0.00,,N,A,-,N,,,,,,,,,,N,3,0,1,2,D,-,00,,,F,C,G,A,A,H,-,A,A,0,,Y,,,Y,Y,-,"- ",0,1,0,0,0,0,1,0,0,"- ","- ",,,"LOS ANGELES","LOS ANGELES",-118.40417001,34.186670110000001
8046784,2016,2016-05-17,1942,2016-04-30,0310,41344,1251,6,5,7,1942,0,0,0,L,0,12A67,"FLORENCE AV","8TH AV",21.00,W,N,A,-,N,,,,,,,,,,Y,4,0,1,2,A,-,12,21453,A,F,D,D,A,A,-,-,B,A,0,,,,,Y,Y,A,01,0,0,1,0,0,0,0,0,0,"- ","- ",,,"LOS ANGELES","LOS ANGELES",-118.32658913,33.974550000000001
8047947,2016,2016-06-06,1941,2016-05-12,1251,5462,,4,5,7,1941,0,0,0,,0,,"GRANADA AV",ANAHEIM,80.00,N,N,A,-,N,,,,,,,,,,Y,3,0,1,3,D,-,00,,,N,C,E,A,A,H,-,A,D,0,,,,,Y,Y,-,"- ",0,1,0,0,0,0,0,0,0,"- ","- ",,,"LOS ANGELES","LONG BEACH",-118.13468,33.782809380000003
8048300,2016,2016-05-26,1942,2016-04-29,2340,37511,1472,5,5,7,1942,0,0,0,N,0,7T23,"CULVER BL","JEFFERSON BL",865.00,W,N,A,-,N,,,,,,,,,,Y,3,0,2,1,A,-,01,23152,A,N,E,I,A,A,H,-,C,D,0,,,,,Y,Y,A,01,0,1,1,0,0,0,0,0,0,"- ","- ",,,"LOS ANGELES","LOS ANGELES",-118.44082422,33.966324049999997
8048325,2016,2016-05-26,1942,2016-04-16,0230,39708,0854,6,5,7,1942,0,0,0,H,0,8Z1,"COTNER AV","SANTA MONICA BL",80.00,N,N,A,-,N,,,,,,,,,,Y,4,0,1,1,A,-,03,22350,A,N,F,I,A,A,H,-,C,A,0,,,,,Y,Y,A,01,0,0,1,0,0,0,0,0,0,"- ","- ",,,"LOS ANGELES","LOS ANGELES",-118.44622680000001,34.0472964
8048330,2016,2016-05-31,1942,2016-05-06,0120,33342,642,5,5,7,1942,0,0,0,,0,6A48,"SUNSET BL","COURTNEY AV",0.00,,Y,A,-,N,,,,,,,,,,N,4,0,1,2,A,-,00,21955,A,N,G,B,D,A,H,-,C,D,0,Y,,,,Y,Y,N,60,0,0,1,0,1,0,0,0,0,"- ","- ",,,"LOS ANGELES","LOS ANGELES",-118.35722005,34.098060070000002
8048346,2016,2016-05-31,1942,2016-05-07,2040,40899,0669,6,5,7,1942,0,0,0,F,0,6T7,"FOUNTAIN AV","HOBART BL",0.00,,Y,A,-,N,,,,,,,,,,Y,3,0,1,2,A,-,01,23152,A,N,B,E,A,A,H,-,A,D,0,,,,,Y,Y,A,01,0,1,0,0,0,0,0,0,0,"- ","- ",,,"LOS ANGELES","LOS ANGELES",-118.30560010000001,34.095050030000003
8049120,2016,2016-06-01,1942,2016-05-16,0335,37464,1516,1,5,7,1942,0,0,0,O,0,15A39,"VANOWEN ST","KRAFT AV",0.00,,Y,A,-,N,,,,,,,,,,Y,4,0,1,2,A,-,01,23153,,N,D,C,A,A,H,-,C,B,0,,,,,Y,Y,A,01,0,0,1,0,0,0,0,0,0,"- ","- ",,,"LOS ANGELES","LOS ANGELES",-118.38015007,34.193950020000003
8049960,2016,2016-06-08,1942,2016-05-27,2140,38980,1723,5,5,7,1942,0,0,0,Q,0,15T43,"DEVONSHIRE ST","DE SOTO AV",150.00,E,N,A,-,N,,,,,,,,,,N,3,0,2,3,A,-,01,23152,A,N,C,C,A,A,H,-,C,D,0,,,,,Y,Y,A,07,0,1,1,0,0,0,0,0,0,"- ","- ",,,"LOS ANGELES","LOS ANGELES",-118.58808442,34.257249999999999
8051407,2016,2016-06-02,1905,2016-05-01,0047,1154,611,7,5,4,1905,0,0,0,,0,052,"AZUSA AV","11TH ST",230.00,N,N,B,-,N,,,,,,,,,,Y,4,0,1,2,A,-,01,23153,B,N,C,C,A,A,H,-,C,D,0,,,,,Y,Y,A,01,0,0,1,0,0,0,0,0,0,"- ","- ",,,"LOS ANGELES",AZUSA,-117.90747955000001,34.141450470000002
8051522,2016,2016-06-09,1942,2016-04-30,1130,37952,1371,6,5,7,1942,0,0,0,M,0,4TL4,BROADWAY,"55TH ST",0.00,,Y,B,-,N,,,,,,,,,,Y,3,0,1,2,A,-,01,23152,A,N,B,B,B,A,H,-,A,D,0,Y,,,,Y,Y,D,22,0,1,0,0,1,0,0,0,0,"- ","- ",,,"LOS ANGELES","LOS ANGELES",-118.27831,33.99239
8052460,2016,2016-06-07,1910,2016-03-25,0347,04230,,5,5,4,1910,0,0,0,,0,005,"OLYMPIC BL","SHIRLEY PL",0.00,,Y,A,-,N,,,,,,,,,,Y,3,0,1,3,A,-,01,23152,A,N,B,E,A,A,H,-,C,A,0,,,,,Y,Y,A,01,0,1,0,0,0,0,0,0,0,"- ","- ",34.058500000000002,-118.40956,"LOS ANGELES","BEVERLY HILLS",-118.41031006999999,34.059440000000002
8052506,2016,2016-07-26,1910,2016-02-28,0552,04230,,7,5,4,1910,0,0,0,,0,004,"WILSHIRE BL","NORTH SANTA MONICA BL",0.00,,Y,A,-,N,,,,,,,,,,Y,4,0,2,2,A,-,01,23152,A,N,C,C,A,A,H,-,B,A,0,,,,,Y,Y,A,01,0,0,2,0,0,0,0,0,0,"- ","- ",34.067030000000003,-118.40967000000001,"LOS ANGELES","BEVERLY HILLS",-118.41042009,34.06707007
8052605,2016,2016-06-08,1910,2016-01-25,0014,2165,,1,5,4,1910,0,0,0,,0,004,"SUNSET BL","COPLEY PL",40.00,E,N,A,-,N,,,,,,,,,,Y,3,0,1,1,A,-,01,23152,A,N,E,I,A,A,H,-,C,A,0,,,,,Y,Y,A,08,0,1,0,0,0,0,0,0,0,"- ","- ",,,"LOS ANGELES","BEVERLY HILLS",-118.42181042,34.077482119999999
8052633,2016,2016-06-08,1910,2016-01-22,0245,4574,,5,5,4,1910,0,0,0,,0,006,"W SUNSET BL","FOOTHILL DR",303.00,W,N,A,-,N,,,,,,,,,,Y,4,0,1,1,A,-,01,23152,A,N,A,I,A,A,H,-,C,A,0,,,,,Y,Y,A,01,0,0,1,0,0,0,0,0,0,"- ","- ",34.050899999999999,-118.24266,"LOS ANGELES","BEVERLY HILLS",-118.40716859,34.085946989999997
8052713,2016,2016-06-08,1953,2016-05-26,0137,3595,,4,5,6,1953,0,0,0,,0,004,"SIERRA MADRE BL","CANYON WASH DR",600.00,E,N,A,-,N,,,,,,,,,,Y,3,0,1,1,A,-,03,22350,,N,F,I,A,A,H,-,C,D,0,,,,,Y,Y,A,01,0,1,0,0,0,0,0,0,0,"- ","- ",,,"LOS ANGELES",PASADENA,-118.08585117,34.161707110000002
8053291,2016,2016-06-13,1900,2016-04-27,2050,439951,1366,3,5,5,1952,0,0,0,,0,136,"SOMERSET BL","ORANGE AV",0.00,,Y,A,-,N,,,,,,,,,,Y,4,0,4,2,A,-,01,23152,A,F,A,C,A,A,H,-,C,A,0,,,,,Y,Y,D,,0,0,4,0,0,0,0,0,0,"- ","- ",,,"LOS ANGELES",PARAMOUNT,-118.17752,33.896370089999998
8054343,2016,2016-06-20,1942,2016-02-22,0310,30575,0422,1,5,7,1942,0,0,0,D,0,6D233,"GRIFFIN AV","N BROADWAY",0.00,,Y,A,-,N,,,,,,,,,,Y,2,0,1,2,A,-,12,21453,A,N,D,C,A,A,-,-,C,A,0,,,,,Y,Y,A,01,1,0,0,0,0,0,0,0,0,"- ","- ",,,"LOS ANGELES","LOS ANGELES",-118.21173,34.073690020000001
8054480,2016,2016-06-22,1942,2016-05-11,1452,40700,1268,3,5,7,1942,0,0,0,L,0,25MQ61,BROADWAY,"77TH ST",4.00,S,N,A,-,N,,,,,,,,,,Y,3,0,2,2,A,-,01,23152,A,N,D,C,A,A,H,-,A,D,0,,,,,Y,Y,A,01,0,1,1,0,0,0,0,0,0,"- ","- ",,,"LOS ANGELES","LOS ANGELES",-118.278307,33.969845999999997
8055848,2016,2016-06-06,1900,2016-05-09,1724,546182,1133,1,5,6,1992,0,0,0,,0,111T1,"CHALLENGER WY","AVENUE J-14",0.00,,Y,A,-,N,,,,,,,,,,Y,2,0,3,2,A,-,09,21802,A,N,B,C,A,A,H,-,A,A,0,,,,,Y,Y,A,01,1,1,1,0,0,0,0,0,0,"- ","- ",,,"LOS ANGELES",LANCASTER,-118.112438,34.676775999999997
8056112,2016,2016-06-08,1967,2016-05-22,0026,131,902,7,5,2,1967,0,0,0,,0,NORTH,"ORANGE AV",33RD,154.00,N,N,A,-,N,,,,,,,,,,Y,3,0,1,2,A,-,01,23152,A,N,C,E,A,A,H,-,C,D,0,,,,,Y,Y,A,01,0,1,0,0,0,0,0,0,0,"- ","- ",,,"LOS ANGELES","SIGNAL HILL",-118.17632521,33.817522289999999
8056143,2016,2016-06-08,1976,2016-05-12,2321,299,,4,5,3,1964,0,0,0,,0,,"FLORENCE AV","FULTON WELLS AV",18.00,E,N,A,-,N,,,,,,,,,,Y,2,0,1,1,A,-,01,23152,A,N,E,I,A,A,H,-,C,D,0,,,,,Y,Y,A,01,1,0,0,0,0,0,0,0,0,"- ","- ",,,"LOS ANGELES","SANTA FE SPRINGS",-118.07617079000001,33.935339999999997
8057921,2016,2016-07-21,1942,2016-06-30,2355,37304,1783,4,5,7,1942,0,0,0,Q,0,19T75,"TAMPA AV","NORDHOFF ST",355.00,N,N,A,-,N,,,,,,,,,,Y,4,0,1,6,A,-,01,23152,A,N,B,E,A,A,H,-,C,A,0,,,,,Y,Y,A,01,0,0,1,0,0,0,0,0,0,"- ","- ",,,"LOS ANGELES","LOS ANGELES",-118.55356,34.236433830000003
8058029,2016,2016-06-14,1922,2016-04-27,1415,662,,3,5,6,1922,0,0,0,,0,001,"LOWER AZUSA RD","BALDWIN AV",60.00,E,N,A,-,N,,,,,,,,,,N,3,0,1,2,A,-,08,22107,,F,A,G,A,A,H,-,A,D,0,,Y,,,Y,Y,D,23,0,1,0,0,0,0,1,0,0,"- ","- ",,,"LOS ANGELES","EL MONTE",-118.04877514,34.090717949999998
8058227,2016,2016-06-15,1942,2016-05-21,0210,42219,0245,6,5,7,1942,0,0,0,B,0,2A2,"ALVARADO ST","WILSHIRE BL",0.00,,Y,A,-,N,,,,,,,,,,Y,3,0,1,2,A,-,12,21453,A,F,B,C,A,A,H,-,C,A,0,,,,,Y,Y,A,01,0,1,0,0,0,0,0,0,0,"- ","- ",,,"LOS ANGELES","LOS ANGELES",-118.27587004999999,34.057940019999997
8060609,2016,2016-06-20,1942,2016-06-02,2125,41179,0765,4,5,7,1942,0,0,0,G,0,6T7,"WEST BL","PICO BL",304.00,S,N,A,-,N,,,,,,,,,,N,3,0,1,2,A,-,11,21955,,N,G,B,D,A,H,-,C,D,0,Y,,,,Y,Y,N,60,0,1,0,0,1,0,0,0,0,"- ","- ",,,"LOS ANGELES","LOS ANGELES",-118.33376,34.048499999999997
8060618,2016,2016-06-20,1942,2016-06-12,1950,40024,0814,7,5,7,1942,0,0,0,H,0,14T47,"SUNSET BL","THURSTON AV",50.00,E,N,A,-,N,,,,,,,,,,N,4,0,1,2,A,-,01,23152,A,F,C,C,A,A,H,-,C,D,0,,,,,Y,Y,D,22,0,0,1,0,0,0,0,0,0,"- ","- ",,,"LOS ANGELES","LOS ANGELES",-118.464197,34.074021000000002
8061578,2016,2016-06-20,1942,2016-05-15,2240,37323,RD184,7,5,7,1942,0,0,0,,0,18A18,"MAIN ST","113TH ST",500.00,N,N,A,-,N,,,,,,,,,,Y,3,0,1,3,A,-,01,23152,A,N,C,E,A,A,H,-,C,D,0,,,,,Y,Y,A,01,0,1,0,0,0,0,0,0,0,"- ","- ",,,"LOS ANGELES","LOS ANGELES",-118.27388080999999,33.93342114
8062359,2016,2016-07-05,1942,2016-06-20,1945,40415,1268,1,5,7,1942,0,0,0,L,0,12T41,MANCHESTER,"SAN PEDRO ST",171.00,W,N,A,-,N,,,,,,,,,,Y,3,0,3,2,A,-,08,22107,,F,D,C,A,A,H,-,B,A,0,,,,,Y,Y,A,01,0,1,2,0,0,0,0,0,0,"- ","- ",,,"LOS ANGELES","LOS ANGELES",-118.27006281,33.960109979999999
8062559,2016,2016-06-13,1942,2016-06-01,1245,41316,0901,3,5,7,1942,0,0,0,I,0,15T44,"SEPULVEDA BL","SATICOY ST",170.00,S,N,A,-,N,,,,,,,,,,N,4,0,2,2,A,-,07,21658,A,F,D,C,A,A,H,-,A,D,0,,,,,Y,Y,-,99,0,0,2,0,0,0,0,0,0,"- ","- ",,,"LOS ANGELES","LOS ANGELES",-118.46621,34.2079837
8063737,2016,2016-06-20,1966,2016-05-06,1735,10760,3,5,5,3,1966,0,0,0,,0,,"W ORANGE GROVE AV","BALDWIN AV",194.00,W,N,C,-,N,,,,,,,,,,N,4,0,2,2,A,-,03,22350,,N,C,C,A,B,H,-,A,D,0,,,,,Y,Y,A,01,0,0,2,0,0,0,0,0,0,"- ","- ",,,"LOS ANGELES","SIERRA MADRE",-118.05361954999999,34.157045629999999
8064175,2016,2016-06-28,1942,2016-05-21,0310,42159,0478,6,5,7,1942,0,0,0,D,0,4A9,"LORENA ST","SISKIYOU ST",20.00,S,N,A,-,N,,,,,,,,,,Y,4,0,2,2,A,-,01,23152,A,N,B,C,A,A,H,-,C,D,0,,,,,Y,Y,D,22,0,0,2,0,0,0,0,0,0,"- ","- ",,,"LOS ANGELES","LOS ANGELES",-118.20167124,34.026641720000001
8064221,2016,2016-06-21,1918,2016-05-05,1510,1118,,4,5,4,1918,0,0,0,,0,2TL23,"WASHINGTON BL","DELMAS TER",0.00,,Y,B,-,N,,,,,,,,,,N,4,0,2,3,A,-,01,23152,A,N,C,C,A,B,H,-,A,D,0,,,,,Y,Y,A,01,0,0,2,0,0,0,0,0,0,"- ","- ",34.022219999999997,-118.39654,"LOS ANGELES","CULVER CITY",-118.39655001,34.022199999999998
8064511,2016,2016-06-21,1942,2016-05-28,2000,40697,1862,6,5,7,1942,0,0,0,R,0,12T73,"MAIN ST","120TH ST",0.00,,Y,A,-,N,,,,,,,,,,Y,3,0,4,2,A,-,01,23152,A,N,C,C,A,A,H,-,C,A,0,,,,,Y,Y,A,08,0,1,3,0,0,0,0,0,0,"- ","- ",,,"LOS ANGELES","LOS ANGELES",-118.27391013,33.923720009999997
8064554,2016,2016-06-20,1942,2016-05-09,2251,37713,358,1,5,7,1942,0,0,0,,0,3FB84,"FIGUEROA ST","JEFFERSON BL",0.00,,Y,A,-,N,,,,,,,,,,N,4,0,1,2,A,-,03,22350,,N,A,C,A,A,H,-,C,A,0,,,,,Y,Y,A,01,0,0,1,0,0,0,0,0,0,"- ","- ",,,"LOS ANGELES","LOS ANGELES",-118.28000005,34.02195004
8064882,2016,2016-06-16,1942,2016-06-03,2150,41198,0914,5,5,7,1942,0,0,0,I,0,10T37,"VANOWEN ST","VAN NUYS BL",200.00,E,N,A,-,N,,,,,,,,,,N,4,0,1,2,A,-,11,21954,A,F,D,B,D,A,H,-,C,A,0,Y,,,,Y,Y,N,60,0,0,1,0,1,0,0,0,0,"- ","- ",,,"LOS ANGELES","LOS ANGELES",-118.44807992,34.193919710000003
8065025,2016,2016-06-16,1942,2016-06-08,1850,36565,0946,3,5,7,1942,0,0,0,I,0,17T17,"OXNARD ST","MATILIJA AV",60.00,W,N,A,-,N,,,,,,,,,,Y,4,0,1,3,A,-,01,23152,A,N,C,E,A,A,H,-,A,D,0,,,,,Y,Y,A,01,0,0,1,0,0,0,0,0,0,"- ","- ",,,"LOS ANGELES","LOS ANGELES",-118.43363794,34.179384769999999
8065072,2016,2016-06-18,1976,2016-05-29,0828,212,,7,5,5,1976,0,0,0,,0,002,"PAINTER AV","BAILEY ST",0.00,,Y,A,-,N,,,,,,,,,,Y,4,0,1,2,A,-,09,21802,A,N,D,C,A,A,H,-,A,A,0,,,,,Y,Y,A,01,0,0,1,0,0,0,0,0,0,"- ","- ",,,"LOS ANGELES",WHITTIER,-118.03269012,33.980910059999999
8065119,2016,2016-06-28,1947,2016-05-28,0330,1366,,6,5,5,1947,0,0,0,,0,00D,"TELEGRAPH RD","GAGE RD",150.00,W,N,A,-,N,,,,,,,,,,Y,3,0,2,2,A,-,01,23152,A,N,D,C,A,A,H,-,C,A,0,,,,Y,Y,Y,A,07,0,2,0,0,0,0,0,0,0,"- ","- ",33.977069999999998,-118.12569999999999,"LOS ANGELES",MONTEBELLO,-118.12501188,33.976371880000002
8065179,2016,2016-06-20,1947,2016-05-13,0350,1366,,5,5,5,1947,0,0,0,,0,00E,"W TELEGRAPH RAMP","MAPLE AV",288.00,W,N,A,-,N,,,,,,,,,,Y,3,0,2,2,A,-,01,23153,A,N,A,C,A,A,H,-,C,A,0,,,,,Y,Y,-,"- ",0,2,0,0,0,0,0,0,0,"- ","- ",33.97974,-118.12833999999999,"LOS ANGELES",MONTEBELLO,-118.13249882,33.983885350000001
8065230,2016,2016-06-18,1976,2016-04-06,1625,393,1976,3,5,5,1976,0,0,0,,0,002,"MILTON AV","HADLEY ST",175.00,N,N,A,-,N,,,,,,,,,,N,3,0,1,4,A,-,09,21804,A,M,H,G,A,A,H,-,A,D,0,,Y,,,Y,Y,L,04,0,1,0,0,0,0,1,0,0,"- ","- ",,,"LOS ANGELES",WHITTIER,-118.03971,33.983199829999997