CASE_ID,ACCIDENT_YEAR,PROC_DATE,JURIS,COLLISION_DATE,COLLISION_TIME,OFFICER_ID,REPORTING_DISTRICT,DAY_OF_WEEK,CHP_SHIFT,POPULATION,CNTY_CITY_LOC,SPECIAL_COND,BEAT_TYPE,CHP_BEAT_TYPE,CITY_DIVISION_LAPD,CHP_BEAT_CLASS,BEAT_NUMBER,PRIMARY_RD,SECONDARY_RD,DISTANCE,DIRECTION,INTERSECTION,WEATHER_1,WEATHER_2,STATE_HWY_IND,CALTRANS_COUNTY,CALTRANS_DISTRICT,STATE_ROUTE,ROUTE_SUFFIX,POSTMILE_PREFIX,POSTMILE,LOCATION_TYPE,RAMP_INTERSECTION,SIDE_OF_HWY,TOW_AWAY,COLLISION_SEVERITY,NUMBER_KILLED,NUMBER_INJURED,PARTY_COUNT,PRIMARY_COLL_FACTOR,PCF_CODE_OF_VIOL,PCF_VIOL_CATEGORY,PCF_VIOLATION,PCF_VIOL_SUBSECTION,HIT_AND_RUN,TYPE_OF_COLLISION,MVIW,PED_ACTION,ROAD_SURFACE,ROAD_COND_1,ROAD_COND_2,LIGHTING,CONTROL_DEVICE,CHP_ROAD_TYPE,PEDESTRIAN_ACCIDENT,BICYCLE_ACCIDENT,MOTORCYCLE_ACCIDENT,TRUCK_ACCIDENT,NOT_PRIVATE_PROPERTY,ALCOHOL_INVOLVED,STWD_VEHTYPE_AT_FAULT,CHP_VEHTYPE_AT_FAULT,COUNT_SEVERE_INJ,COUNT_VISIBLE_INJ,COUNT_COMPLAINT_PAIN,COUNT_PED_KILLED,COUNT_PED_INJURED,COUNT_BICYCLIST_KILLED,COUNT_BICYCLIST_INJURED,COUNT_MC_KILLED,COUNT_MC_INJURED,PRIMARY_RAMP,SECONDARY_RAMP,LATITUDE,LONGITUDE,COUNTY,CITY,POINT_X,POINT_Y
8379863,2017,2017-08-03,1942,2017-06-19,2130,40383,1764,1,5,7,1942,0,0,0,Q,0,17T17,"TAMPA AV","LASSEN ST",0.00,,Y,A,-,N,,,,,,,,,,Y,3,0,2,2,A,-,01,23152,A,N,D,A,A,A,H,-,C,A,0,,,,,Y,Y,A,01,0,2,0,0,0,0,0,0,0,"- ","- ",,,"LOS ANGELES","LOS ANGELES",-118.55360005999999,34.250000069999999
8380725,2017,2017-06-20,1976,2017-05-07,0032,854,,7,5,3,1964,0,0,0,,0,,"FLORENCE AV","BLOOMFIELD AV",2.00,W,N,C,-,N,,,,,,,,,,Y,4,0,1,1,A,-,01,23152,A,N,E,I,A,B,H,-,C,A,0,,,,,Y,Y,A,01,0,0,1,0,0,0,0,0,0,"- ","- ",,,"LOS ANGELES","SANTA FE SPRINGS",-118.06406656999999,33.935470189999997
8381186,2017,2017-06-07,1956,2017-05-21,1252,1293,54,7,5,5,1956,0,0,0,,0,005,"ARTESIA BL","FELTON AV",68.00,W,N,A,-,N,,,,,,,,,,Y,4,0,1,2,A,-,03,22350,,N,C,C,A,A,H,-,A,D,0,,,,,Y,Y,A,07,0,0,1,0,0,0,0,0,0,"- ","- ",,,"LOS ANGELES","REDONDO BEACH",-118.36455359,33.872908539999997
8381609,2017,2017-06-15,1900,2017-05-18,0130,530600,0611,4,5,6,1985,0,0,0,,0,61T1,"ROSAMOND DR","CAMP PLENTY RD",209.00,N,N,A,-,N,,,,,,,,,,Y,3,0,1,3,A,-,00,21352,A,N,C,E,A,A,H,-,C,D,0,,,,,Y,Y,A,01,0,1,0,0,0,0,0,0,0,"- ","- ",,,"LOS ANGELES","SANTA CLARITA",-118.47816189,34.430930410000002
8382258,2017,2017-06-14,1929,2017-05-28,1818,202,SW,7,5,3,1929,0,0,0,,0,001,"PIER AV","ARDMORE AV",0.00,,Y,A,-,N,,,,,,,,,,N,4,0,1,2,A,-,09,21802,A,F,G,G,A,A,H,-,A,D,0,,Y,,,Y,Y,L,04,0,0,1,0,0,0,1,0,0,"- ","- ",,,"LOS ANGELES","HERMOSA BEACH",-118.39511005,33.864650040000001
8383660,2017,2017-06-08,1975,2017-05-21,0418,395,,7,5,6,1975,0,0,0,,0,005,"AMAR RD","SHADOW OAK DR",584.00,W,N,A,-,N,,,,,,,,,,Y,2,0,1,1,A,-,01,23152,B,N,E,I,A,A,H,-,C,D,0,,,,,Y,Y,A,07,1,0,0,0,0,0,0,0,0,"- ","- ",,,"LOS ANGELES","WEST COVINA",-117.90484621,34.026517490000003
8384063,2017,2017-08-14,1931,2017-05-12,0645,5636,1931,5,5,5,1931,0,0,0,,0,004,"WALNUT AV","FLORENCE AV",0.00,W,N,A,-,N,,,,,,,,,,N,4,0,1,2,A,-,05,21650,,N,B,B,E,A,H,-,A,D,0,Y,,,,Y,Y,-,,0,0,1,0,1,0,0,0,0,"- ","- ",,,"LOS ANGELES","HUNTINGTON PARK",-117.93429006,34.051730069999998
8384980,2017,2017-07-13,1942,2017-01-26,1830,36698,1383,4,5,7,1942,0,0,0,M,0,24T34,"MAIN ST","62ND ST",0.00,,Y,A,-,N,,,,,,,,,,N,3,0,1,2,A,-,01,23152,A,N,G,B,B,A,H,-,C,A,0,Y,,,,Y,Y,D,22,0,1,0,0,1,0,0,0,0,"- ","- ",,,"LOS ANGELES","LOS ANGELES",-118.27394004,33.983320050000003
8385954,2017,2017-07-10,1955,2017-06-24,2255,42251,0046,6,5,6,1955,0,0,0,,0,001,"HAMILTON BL","ORANGE GROVE AV",50.00,N,N,A,-,N,,,,,,,,,,Y,3,0,1,4,A,-,01,23152,A,N,C,E,A,A,H,-,C,A,0,,,,,Y,Y,A,01,0,1,0,0,0,0,0,0,0,"- ","- ",,,"LOS ANGELES",POMONA,-117.76364476000001,34.068216499999998
8386268,2017,2018-03-20,1942,2017-05-03,1845,32774,1565,3,5,7,1942,0,0,0,O,0,15TL43,"VINELAND AV","ACAMA ST",250.00,N,N,A,-,N,,,,,,,,,,N,3,0,1,2,A,-,08,22107,,N,C,G,A,A,H,-,A,D,0,,Y,,,Y,Y,L,04,0,1,0,0,0,0,1,0,0,"- ","- ",,,"LOS ANGELES","LOS ANGELES",-118.37092,34.146189999999997
8387983,2017,2017-06-15,1942,2017-05-04,1515,42603,0513,4,5,7,1942,0,0,0,E,0,5X64,"VERMONT AV",PCH,2640.00,S,N,A,-,N,,,,,,,,,,Y,4,0,3,2,A,-,09,21801,A,N,B,C,A,A,H,-,A,D,0,,,,,Y,Y,A,01,0,0,3,0,0,0,0,0,0,"- ","- ",,,"LOS ANGELES","LOS ANGELES",-118.29736599,33.785548910000003
8388165,2017,2017-06-15,1941,2017-06-03,0207,10785,,6,5,7,1941,0,0,0,,0,901T,"ANAHEIM ST","LOMA AV",0.00,,Y,A,-,N,,,,,,,,,,Y,4,0,2,2,A,-,08,22107,,N,D,C,A,A,H,-,C,A,0,,,,,Y,Y,A,,0,0,2,0,0,0,0,0,0,"- ","- ",,,"LOS ANGELES","LONG BEACH",-118.15026005999999,33.782610069999997
8388747,2017,2017-06-16,1942,2017-05-17,0940,39993,0625,3,5,7,1942,0,0,0,F,0,8TL35,"MULHOLLAND DR","SUNNY COVE",700.00,,N,A,-,N,,,,,,,,,,Y,3,0,1,2,A,-,04,21703,,N,B,C,A,A,G,-,A,A,0,,,,,Y,Y,A,01,0,1,0,0,0,0,0,0,0,"- ","- ",,,"LOS ANGELES","LOS ANGELES",-118.34321002999999,34.12049004
8389716,2017,2017-06-16,1910,2017-04-16,2241,04407,,7,5,4,1910,0,0,0,,0,005,"N RODEO DR","WILSHIRE BL",0.00,,Y,A,-,N,,,,,,,,,,Y,3,0,2,1,A,-,08,22107,,N,E,I,A,A,H,-,C,A,0,,,,,Y,Y,A,01,0,1,1,0,0,0,0,0,0,"- ","- ",34.067239999999998,-118.40098,"LOS ANGELES","BEVERLY HILLS",-118.40108004,34.067070039999997
8389719,2017,2017-06-16,1910,2017-03-22,1334,03209,,3,5,4,1910,0,0,0,,0,006,"N HILLCREST RD","BARRIE DR",195.00,S,N,A,-,N,,,,,,,,,,Y,3,0,1,1,A,-,01,23152,A,N,E,I,A,A,H,-,A,A,0,,,,,Y,Y,A,07,0,1,0,0,0,0,0,0,0,"- ","- ",34.101179999999999,-118.39326,"LOS ANGELES","BEVERLY HILLS",-118.39235293999999,34.100991440000001
8389781,2017,2017-06-16,1910,2017-04-19,2322,04824,,3,5,4,1910,0,0,0,,0,006,"N REXFORD DR","COLDWATER CANYON DR",156.00,E,N,A,-,N,,,,,,,,,,Y,3,0,1,1,A,-,01,23152,A,N,E,I,A,A,H,-,C,D,0,,,,,Y,Y,A,07,0,1,0,0,0,0,0,0,0,"- ","- ",,,"LOS ANGELES","BEVERLY HILLS",,
8390638,2017,2017-06-21,1942,2017-06-04,1450,41704,1801,7,5,7,1942,0,0,0,R,0,5T25,"88TH PL","FIGUEROA ST",450.00,W,N,A,-,N,,,,,,,,,,Y,4,0,1,2,A,-,01,23152,A,N,A,E,A,A,H,-,A,D,0,,,,,Y,Y,A,08,0,0,1,0,0,0,0,0,0,"- ","- ",,,"LOS ANGELES","LOS ANGELES",-118.28272,33.956740000000003
8390955,2017,2017-07-03,1942,2017-06-16,0230,42739,0905,5,5,7,1942,0,0,0,I,0,9A19,"SATICOY ST","KESTER AV",300.00,E,N,A,-,N,,,,,,,,,,Y,3,0,1,4,A,-,01,23152,A,N,B,E,A,A,H,-,C,D,0,,,,,Y,Y,A,01,0,1,0,0,0,0,0,0,0,"- ","- ",,,"LOS ANGELES","LOS ANGELES",-118.45647954,34.208469999999998
8392001,2017,2017-06-16,1942,2017-05-30,0005,41089,2025,2,5,7,1942,0,0,0,,0,20T59,"KENMORE AV","4TH ST",15.00,S,N,A,-,N,,,,,,,,,,Y,3,0,3,2,A,-,12,22450,A,F,D,C,A,A,H,-,C,A,0,,,,,Y,Y,-,99,0,1,2,0,0,0,0,0,0,"- ","- ",,,"LOS ANGELES","LOS ANGELES",-118.29664022999999,34.067178859999999
8392439,2017,2017-06-20,1942,2017-06-08,1235,37700,0729,4,5,7,1942,0,0,0,G,0,14TL52,"ROSSMORE AV","3RD ST",300.00,N,N,A,-,N,,,,,,,,,,Y,4,0,1,2,A,-,01,23152,A,F,C,C,A,A,H,-,A,D,0,,,,,Y,Y,A,07,0,0,1,0,0,0,0,0,0,"- ","- ",,,"LOS ANGELES","LOS ANGELES",-118.32734714,34.069762670000003
8393561,2017,2017-06-23,1942,2017-05-18,1345,42201,HARBO,4,5,7,1942,0,0,0,,0,512,"GAFFEY ST","ANAHEIM ST",0.00,,N,A,-,N,,,,,,,,,,N,4,0,2,2,A,-,03,22350,,N,B,C,A,A,-,-,A,D,0,,,,,Y,Y,-,,0,0,2,0,0,0,0,0,0,"- ","- ",,,"LOS ANGELES","LOS ANGELES",-118.29753008,33.782100010000001
8394627,2017,2017-07-13,1942,2017-05-20,0400,42580,0531,6,5,7,1942,0,0,0,E,0,5A25,"WILMINGTON BL","ROBIDOUX ST",120.00,S,N,A,-,N,,,,,,,,,,Y,4,0,1,5,A,-,01,23152,A,N,D,E,A,A,H,-,C,D,0,,,,,Y,Y,A,01,0,0,1,0,0,0,0,0,0,"- ","- ",,,"LOS ANGELES","LOS ANGELES",-118.27483708,33.787571450000002
8394919,2017,2017-06-27,1942,2017-06-03,0235,27792,1792,6,5,7,1942,0,0,0,Q,0,10T35,"CORBIN AV","PARTHENIA ST",75.00,S,N,B,-,N,,,,,,,,,,Y,4,0,1,1,A,-,05,21650,,N,E,I,A,A,H,-,C,A,0,,,,,Y,Y,A,01,0,0,1,0,0,0,0,0,0,"- ","- ",,,"LOS ANGELES","LOS ANGELES",-118.56229447,34.22802429
8395304,2017,2017-06-27,1942,2017-06-02,0220,25495,0752,5,5,7,1942,0,0,0,G,0,7T23,"LA CIENEGA BL","PACKARD ST",120.00,N,N,A,-,N,,,,,,,,,,Y,4,0,1,2,A,-,01,23152,A,M,C,E,A,A,H,-,C,D,0,,,,,Y,Y,A,01,0,0,1,0,0,0,0,0,0,"- ","- ",,,"LOS ANGELES","LOS ANGELES",-118.3762,34.055399129999998
8395440,2017,2017-06-29,1942,2017-05-30,1700,41661,0499,2,5,7,1942,0,0,0,D,0,24T51,"OLYMPIC BL","LA PUERTA ST",8.00,E,N,A,-,N,,,,,,,,,,N,3,0,1,2,A,-,09,21804,A,N,D,G,A,A,H,-,A,D,0,,Y,,,Y,Y,L,04,0,1,0,0,0,0,1,0,0,"- ","- ",,,"LOS ANGELES","LOS ANGELES",-118.19331364999999,34.018859999999997
8396066,2017,2017-07-11,1948,2017-06-03,1510,455,1948,6,5,5,1948,0,0,0,,0,001,"MONTEREY PASS RD","BRIGHTWOOD ST",25.00,N,N,A,-,N,,,,,,,,,,N,4,0,1,2,A,-,12,22450,A,F,D,C,A,A,H,-,A,D,0,,,,,Y,Y,A,01,0,0,1,0,0,0,0,0,0,"- ","- ",,,"LOS ANGELES","MONTEREY PARK",-118.16195,34.045498549999998
8396276,2017,2017-11-01,1942,2017-06-07,2030,42460,1177,3,5,7,1942,0,0,0,K,0,11A58,"FIGUEROA ST","AVE 22",0.00,,Y,A,-,N,,,,,,,,,,,3,0,1,2,A,-,10,21950,,N,D,G,A,A,H,-,C,A,0,,Y,,,Y,Y,A,01,0,1,0,0,0,0,1,0,0,"- ","- ",,,"LOS ANGELES","LOS ANGELES",-118.22389011,34.08273002
8396302,2017,2017-07-12,1942,2017-06-04,0330,36698,1321,7,5,7,1942,0,0,0,M,0,24T34W,"GRAND AV","21ST ST",230.00,N,N,B,-,N,,,,,,,,,,N,3,0,1,1,A,-,01,23152,A,N,E,I,A,A,H,-,C,D,0,,,,,Y,Y,A,01,0,1,0,0,0,0,0,0,0,"- ","- ",,,"LOS ANGELES","LOS ANGELES",-118.29024291,33.725790779999997
8396320,2017,2017-10-31,1941,2017-06-28,0457,10947,,3,5,7,1941,0,0,0,,0,,"ATLANTIC AV","ATLANTIC AV 80",0.00,,N,A,-,N,,,,,,,,,,N,4,0,1,2,A,-,"- ",,,N,G,B,F,A,H,-,C,A,0,Y,,,,Y,Y,N,,0,0,1,0,1,0,0,0,0,"- ","- ",,,"LOS ANGELES","LONG BEACH",-118.18507,33.767747
8397057,2017,2017-06-27,1900,2017-05-26,2345,529400,1431,5,5,4,1937,0,0,0,,0,143T2,"TEMPLE AV","GLENDORA AV",110.00,W,N,A,-,N,,,,,,,,,,Y,4,0,1,1,A,-,01,23152,A,N,E,I,A,A,H,-,C,A,0,,,,,Y,Y,A,01,0,0,1,0,0,0,0,0,0,"- ","- ",34.028289999999998,-117.95114,"LOS ANGELES","LA PUENTE",-117.95112133000001,34.028209680000003
8397093,2017,2017-08-15,1947,2017-05-23,1607,1414,,2,5,5,1947,0,0,0,,0,00D,"SOUTH ALLEY OF BEVERLY AV","3RD ST",150.00,W,N,A,-,N,,,,,,,,,,N,3,0,1,2,A,-,11,21954,A,M,G,B,E,A,H,-,A,D,0,Y,,,,Y,Y,N,60,0,1,0,0,1,0,0,0,0,"- ","- ",37.031300000000002,-118.12511000000001,"LOS ANGELES",MONTEBELLO,-118.06755,33.927439999999997
8397109,2017,2017-06-28,1900,2017-05-12,0220,515583,1416,5,5,1,1932,0,0,0,,0,141T1,"ALBATROSS RD","CASTLETON ST",0.00,,Y,A,-,N,,,,,,,,,,Y,3,0,1,1,A,-,01,23152,A,N,E,I,A,A,H,-,C,D,0,,,,,Y,Y,A,01,0,1,0,0,0,0,0,0,0,"- ","- ",,,"LOS ANGELES",INDUSTRY,-117.92366002,33.995570100000002
8397407,2017,2017-06-27,1942,2017-05-31,1715,41672,1412,3,5,7,1942,0,0,0,N,0,20TL58,"MAIN ST","BROOKS AV",0.00,,Y,B,-,N,,,,,,,,,,Y,3,0,2,2,A,-,03,22350,,F,C,C,A,A,H,-,A,D,0,,,,,Y,Y,A,07,0,2,0,0,0,0,0,0,0,"- ","- ",,,"LOS ANGELES","LOS ANGELES",-118.47413007,33.992310099999997
8398010,2017,2017-06-28,1961,2017-06-12,2020,42192,1936,1,5,3,1961,0,0,0,,0,19X8,"ACALA AV","SAN FERNANDO MISSION BL",50.00,S,N,A,-,N,,,,,,,,,,Y,4,0,1,5,A,-,01,23152,A,N,B,E,A,A,H,-,D,D,0,,,,,Y,Y,A,01,0,0,1,0,0,0,0,0,0,"- ","- ",,,"LOS ANGELES","SAN FERNANDO",-118.45065096,34.27838697
8398242,2017,2017-06-29,1942,2017-05-30,1420,41027,0195,2,5,7,1942,0,0,0,A,0,1X27,"MAIN ST","14TH PL",0.00,,Y,A,-,N,,,,,,,,,,Y,4,0,1,2,A,-,21,22106,,N,G,B,E,A,H,-,A,A,0,Y,,,,Y,Y,N,60,0,0,1,0,1,0,0,0,0,"- ","- ",,,"LOS ANGELES","LOS ANGELES",-118.26090007000001,34.035690029999998
8399002,2017,2017-08-04,1942,2017-06-13,2050,39970,0555,2,5,7,1942,0,0,0,E,0,5A1,"SUMMERLAND AV","GAFFEY ST",0.00,W,N,A,-,N,,,,,,,,,,N,3,0,1,2,A,-,11,21955,,N,D,B,D,A,H,-,C,A,0,Y,,,,Y,Y,N,60,0,1,0,0,1,0,0,0,0,"- ","- ",,,"LOS ANGELES","LOS ANGELES",-118.29290005999999,33.747650010000001
8399238,2017,2017-06-29,1916,2017-04-06,0456,2625,E49S1,4,5,4,1916,0,0,0,,0,EAST,"GRAND AV","PUENTE ST",0.00,,Y,A,-,N,,,,,,,,,,Y,4,0,1,2,A,-,03,22350,,N,C,C,A,A,H,-,C,A,0,,,,,Y,Y,A,01,0,0,1,0,0,0,0,0,0,"- ","- ",,,"LOS ANGELES",COVINA,-117.87243006,34.082500060000001
8399536,2017,2017-07-06,1910,2017-05-02,1055,03633,,2,5,4,1910,0,0,0,,0,006,"SANTA MONICA BL","REXFORD DR",50.00,E,N,A,-,N,,,,,,,,,,N,4,0,1,2,A,-,03,22350,,F,C,C,A,A,H,-,A,D,0,,,,,Y,Y,-,,0,0,1,0,0,0,0,0,0,"- ","- ",34,-118,"LOS ANGELES","BEVERLY HILLS",-118.40049317,34.073847569999998
8400549,2017,2017-07-06,1900,2017-06-14,0027,602401,1121,3,5,6,1992,0,0,0,,0,112T2,"AVENUE H-12","GADSDEN AV",368.00,E,N,A,-,N,,,,,,,,,,N,3,0,1,2,A,-,01,23152,F,N,B,E,A,A,H,-,C,D,0,,,,,Y,Y,A,01,0,1,0,0,0,0,0,0,0,"- ","- ",,,"LOS ANGELES",LANCASTER,-118.14502987,34.707709659999999
8401515,2017,2017-07-21,1942,2017-06-23,2315,41158,1675,5,5,7,1942,0,0,0,P,0,21T61,"TUXFORD ST","LA TUNA CANYON RD",28.00,N,N,A,-,N,,,,,,,,,,Y,4,0,3,1,A,-,01,23152,A,N,E,I,A,A,H,-,C,D,0,,,,,Y,Y,A,01,0,0,3,0,0,0,0,0,0,"- ","- ",,,"LOS ANGELES","LOS ANGELES",-118.37135000000001,34.234490000000001
8402289,2017,2017-07-24,1942,2017-07-06,1635,41927,0513,4,5,7,1942,0,0,0,E,0,3T57,"NORMANDIE AV","LOMITA BL",30.00,S,N,A,-,N,,,,,,,,,,Y,3,0,1,2,A,-,01,23152,A,N,C,C,A,A,H,-,A,D,0,,,,,Y,Y,A,01,0,1,0,0,0,0,0,0,0,"- ","- ",,,"LOS ANGELES","LOS ANGELES",-118.29747,33.797767720000003
8404366,2017,2017-07-28,1973,2017-05-14,2341,575,1973,7,5,1,1973,0,0,0,,0,0A1,"VERNON AV","SAINT CHARLES ST",467.00,E,N,A,-,N,,,,,,,,,,N,1,1,1,1,A,-,01,23152,A,N,B,I,A,A,H,-,C,D,0,,,,,Y,Y,A,07,0,0,1,0,0,0,0,0,0,"- ","- ",,,"LOS ANGELES",VERNON,-118.23291238,34.00395116
8404449,2017,2019-04-09,1942,2017-07-29,1800,36733,1794,6,5,7,1942,0,0,0,Q,0,15T43,"PARTHENIA ST","YOLANDA AV",0.00,W,N,A,-,N,,,,,,,,,,Y,1,1,0,1,A,-,03,22350,,N,A,I,A,A,H,-,A,D,0,,,Y,,Y,Y,C,02,0,0,0,0,0,0,0,1,0,"- ","- ",,,"LOS ANGELES","LOS ANGELES",-118.54048003,34.228240020000001
8404537,2017,2019-04-09,1942,2017-08-05,0050,36023,1127,6,5,7,1942,0,0,0,K,0,24Q1,"FIGUEROA ST","AVE 62",108.00,S,N,A,-,N,,,,,,,,,,Y,1,1,0,1,A,-,03,22350,,N,E,I,A,A,H,-,C,D,0,,,,,Y,Y,A,01,0,0,0,0,0,0,0,0,0,"- ","- ",,,"LOS ANGELES","LOS ANGELES",-118.18358913,34.116398089999997
8404652,2017,2018-05-23,1941,2017-04-09,1955,6135,,7,5,7,1941,0,0,0,,0,,"MARINA DR","STUDEBAKER RD",519.00,W,N,A,-,N,,,,,,,,,,Y,1,1,2,2,A,-,09,21801,A,N,D,C,A,A,H,-,C,D,0,,,Y,,Y,Y,D,,0,0,2,0,0,0,0,1,0,"- ","- ",,,"LOS ANGELES","LONG BEACH",-118.10951516,33.75414584
8404847,2018,2018-06-09,1900,2018-02-18,1515,517840,2611,7,5,6,1950,0,0,0,,0,264T1,"ELIZABETH LAKE RD","TIERRA SUBIDA AV",0.00,,Y,A,-,N,,,,,,,,,,Y,1,1,5,2,A,-,12,21453,A,N,D,C,A,A,H,-,A,A,0,,,,,Y,Y,A,07,0,1,4,0,0,0,0,0,0,"- ","- ",,,"LOS ANGELES",PALMDALE,-118.14749908447266,34.587169647216797
8404881,2017,2019-04-09,1953,2017-11-16,1205,5651,1953,4,5,6,1953,0,0,0,,0,004,"NEW YORK DR","BRADLEY AV",0.00,W,N,A,-,N,,,,,,,,,,Y,1,1,0,1,C,-,18,,,N,E,I,A,A,H,-,A,D,0,,,Y,,Y,Y,-,"- ",0,0,0,0,0,0,0,1,0,"- ","- ",,,"LOS ANGELES",PASADENA,-118.08709009,34.167410099999998
8404901,2018,2020-05-26,1955,2018-05-14,0153,30405,45,1,5,6,1955,0,0,0,,0,001,"ORANGEGROVE AV","HUNTINGTON BL",200.00,W,N,B,-,N,,,,,,,,,,N,1,1,0,2,D,-,00,,,F,G,B,E,A,H,-,C,D,0,Y,,,,Y,Y,-,"- ",0,0,0,1,0,0,0,0,0,"- ","- ",,,"LOS ANGELES",POMONA,-117.76229858398438,34.068489074707031
8404911,2018,2018-07-11,1900,2018-05-13,0041,613996,1622,7,5,5,1977,0,0,0,,0,160T,"ALAMEDA ST","EL PRESIDIO ST",100.00,N,N,A,-,N,,,,,,,,,,Y,1,1,0,2,A,-,01,23152,A,N,C,E,A,A,H,-,C,D,0,,,,Y,Y,Y,A,01,0,0,0,0,0,0,0,0,0,"- ","- ",33.842700958251953,-118.22170257568359,"LOS ANGELES",CARSON,-118.22179412841797,33.842842102050781
8404914,2018,2020-05-26,1907,2018-05-15,2054,225,3,2,5,4,1907,0,0,0,,0,,"EASTERN AV","RICKENBACKER RD",0.00,,N,A,-,N,,,,,,,,,,Y,1,1,0,2,A,-,11,21954,A,N,G,B,D,A,H,-,C,D,0,Y,,,,Y,Y,N,60,0,0,0,1,0,0,0,0,0,"- ","- ",33.989120483398438,-118.16161346435547,"LOS ANGELES",BELL,-118.16162109375,33.989120483398438
8404916,2018,2020-05-21,1953,2018-05-27,0203,3301,1953,7,5,6,1953,0,0,0,,0,003,"SIERRA MADRE BL","COLORADO BL",0.00,,Y,A,-,N,,,,,,,,,,Y,1,1,1,2,A,-,12,21453,A,F,D,C,A,A,H,-,C,A,0,,,,,Y,Y,A,07,1,0,0,0,0,0,0,0,0,"- ","- ",,,"LOS ANGELES",PASADENA,-118.10176086425781,34.146080017089844
8405071,2017,2017-08-07,1942,2017-06-11,0315,32129,0541,7,5,7,1942,0,0,0,E,0,5A85W3,"PACIFIC AV","CHANNEL ST",0.00,,-,A,-,N,,,,,,,,,,Y,4,0,1,1,A,-,03,22350,,N,A,I,A,A,H,-,C,A,0,,,,,Y,Y,A,07,0,0,1,0,0,0,0,0,0,"- ","- ",,,"LOS ANGELES","LOS ANGELES",-118.29052005,33.753800079999998
8405977,2017,2017-07-19,1942,2017-07-05,1625,26319,0946,3,5,7,1942,0,0,0,I,0,19TL46,"WOODMAN AV","HATTERAS ST",0.00,,Y,A,-,N,,,,,,,,,,Y,3,0,1,3,A,-,01,23152,A,N,D,C,A,A,H,-,A,D,0,,,,,Y,Y,A,01,0,1,0,0,0,0,0,0,0,"- ","- ",,,"LOS ANGELES","LOS ANGELES",-118.43124002,34.175730090000002
8406221,2017,2017-08-07,1922,2017-07-04,2050,671,P4,2,5,6,1922,0,0,0,,0,004,"COGSWELL RD","ELLIOTT AV",800.00,N,N,A,-,N,,,,,,,,,,Y,4,0,1,6,A,-,01,23152,A,N,D,E,A,A,H,-,C,D,0,,,,,Y,Y,A,01,0,0,1,0,0,0,0,0,0,"- ","- ",,,"LOS ANGELES","EL MONTE",-118.02325688000001,34.058782950000001
8406655,2017,2018-03-08,1965,2017-06-24,0313,3937,0B1B,6,5,5,1965,0,0,0,,0,B001,"PACIFIC COAST HWY","CALIFORNIA INCLINE",0.00,,Y,A,-,Y,LA,7,1,-,-,36.100,H,-,N,Y,3,0,4,2,A,-,03,22350,,N,C,C,A,A,H,-,C,A,0,,,,,Y,Y,A,01,0,3,1,0,0,0,0,0,0,"- ","- ",,,"LOS ANGELES","SANTA MONICA",-118.50653604999999,34.020192590000001
8406799,2017,2017-07-17,1942,2017-06-09,1046,40275,1353,5,5,7,1942,0,0,0,M,0,24TL24,"CENTRAL AV","VERNON AV",32.00,S,N,A,-,N,,,,,,,,,,Y,4,0,1,2,A,-,01,23152,A,M,C,C,A,A,H,-,A,D,0,,,,,Y,Y,A,01,0,0,1,0,0,0,0,0,0,"- ","- ",,,"LOS ANGELES","LOS ANGELES",-118.25649,34.003842239999997
8408121,2017,2017-07-20,1969,2017-07-08,0118,10195,TRAFF,6,5,5,1969,0,0,0,,0,003,"CALIFORNIA AV","SOUTHERN AV",0.00,,Y,A,-,N,,,,,,,,,,Y,4,0,3,2,A,-,01,23153,A,F,D,C,A,A,H,-,C,A,0,,,,,Y,Y,A,07,0,0,3,0,0,0,0,0,0,"- ","- ",,,"LOS ANGELES","SOUTH GATE",-118.20656006,33.951090039999997
8408433,2017,2017-07-24,1900,2017-06-30,1820,523558,1630,5,5,5,1977,0,0,0,,0,164T1,"AVALON BL","169TH ST",45.00,S,N,A,-,N,,,,,,,,,,Y,4,0,1,2,A,-,04,21703,,M,C,C,A,A,H,-,A,D,0,,,,,Y,Y,-,99,0,0,1,0,0,0,0,0,0,"- ","- ",,,"LOS ANGELES",CARSON,-118.26483500000001,33.878971
8408673,2017,2017-07-28,1906,2017-06-25,2307,4421,,7,5,5,1906,0,0,0,,0,002,"HARLAN AV","POLE #185638E",20.00,N,N,A,-,N,,,,,,,,,,N,3,0,1,2,A,-,21,22106,,F,G,B,E,A,H,-,C,D,0,Y,,,,Y,Y,A,01,0,1,0,0,1,0,0,0,0,"- ","- ",,,"LOS ANGELES","BALDWIN PARK",,
8409165,2017,2017-07-24,1900,2017-05-13,0229,506200,1262,6,5,3,1991,0,0,0,,0,122A,"LYNNHAVEN LN","GREEN LN",1.00,S,N,A,-,N,,,,,,,,,,Y,2,0,2,1,A,-,08,22107,,N,E,I,A,A,H,-,D,D,0,,,,,Y,Y,A,01,1,1,0,0,0,0,0,0,0,"- ","- ",,,"LOS ANGELES","LA CANADA-FLINTRIDGE",,
8410583,2017,2017-07-27,1942,2017-07-16,0435,42561,1975,7,5,7,1942,0,0,0,,0,19A93W,"NORDHOFF ST","WAKEFIELD AV",0.00,,Y,A,-,N,,,,,,,,,,Y,3,0,3,2,A,-,01,23152,A,N,D,C,A,A,H,-,C,A,0,,,,,Y,Y,A,01,0,2,1,0,0,0,0,0,0,"- ","- ",,,"LOS ANGELES","LOS ANGELES",-118.44805003,34.235400069999997
8410800,2017,2017-07-25,1900,2017-06-17,2038,616621,1133,6,5,6,1992,0,0,0,,0,112T1,"AVENUE J","5TH ST EAST",0.00,,Y,A,-,N,,,,,,,,,,Y,4,0,1,1,A,-,08,22107,,N,A,-,A,A,H,-,C,A,0,,,,,Y,Y,A,01,0,0,1,0,0,0,0,0,0,"- ","- ",,,"LOS ANGELES",LANCASTER,-118.12150007,34.689470110000002