CASE_ID,ACCIDENT_YEAR,PROC_DATE,JURIS,COLLISION_DATE,COLLISION_TIME,OFFICER_ID,REPORTING_DISTRICT,DAY_OF_WEEK,CHP_SHIFT,POPULATION,CNTY_CITY_LOC,SPECIAL_COND,BEAT_TYPE,CHP_BEAT_TYPE,CITY_DIVISION_LAPD,CHP_BEAT_CLASS,BEAT_NUMBER,PRIMARY_RD,SECONDARY_RD,DISTANCE,DIRECTION,INTERSECTION,WEATHER_1,WEATHER_2,STATE_HWY_IND,CALTRANS_COUNTY,CALTRANS_DISTRICT,STATE_ROUTE,ROUTE_SUFFIX,POSTMILE_PREFIX,POSTMILE,LOCATION_TYPE,RAMP_INTERSECTION,SIDE_OF_HWY,TOW_AWAY,COLLISION_SEVERITY,NUMBER_KILLED,NUMBER_INJURED,PARTY_COUNT,PRIMARY_COLL_FACTOR,PCF_CODE_OF_VIOL,PCF_VIOL_CATEGORY,PCF_VIOLATION,PCF_VIOL_SUBSECTION,HIT_AND_RUN,TYPE_OF_COLLISION,MVIW,PED_ACTION,ROAD_SURFACE,ROAD_COND_1,ROAD_COND_2,LIGHTING,CONTROL_DEVICE,CHP_ROAD_TYPE,PEDESTRIAN_ACCIDENT,BICYCLE_ACCIDENT,MOTORCYCLE_ACCIDENT,TRUCK_ACCIDENT,NOT_PRIVATE_PROPERTY,ALCOHOL_INVOLVED,STWD_VEHTYPE_AT_FAULT,CHP_VEHTYPE_AT_FAULT,COUNT_SEVERE_INJ,COUNT_VISIBLE_INJ,COUNT_COMPLAINT_PAIN,COUNT_PED_KILLED,COUNT_PED_INJURED,COUNT_BICYCLIST_KILLED,COUNT_BICYCLIST_INJURED,COUNT_MC_KILLED,COUNT_MC_INJURED,PRIMARY_RAMP,SECONDARY_RAMP,LATITUDE,LONGITUDE,COUNTY,CITY,POINT_X,POINT_Y
8411258,2017,2017-07-26,1900,2017-06-22,1820,487834,0531,4,5,5,1959,0,0,0,,0,53T1P,"VALLEY BL","RIO HONDO DR",0.00,,Y,A,-,N,,,,,,,,,,Y,3,0,3,4,A,-,01,23152,A,M,A,C,A,A,H,-,A,A,0,,,,,Y,Y,D,22,0,3,0,0,0,0,0,0,0,"- ","- ",34.075589999999998,-118.07314,"LOS ANGELES",ROSEMEAD,-118.06464013,34.081150100000002
8411993,2017,2017-07-27,1941,2017-07-06,2132,10557,,4,5,7,1941,0,0,0,,0,,PCH,"SANTA FE",200.00,W,N,A,-,N,,,,,,,,,,N,3,0,1,2,A,-,11,21954,A,N,B,B,D,A,H,-,C,A,0,Y,,,,Y,Y,N,,0,1,0,0,1,0,0,0,0,"- ","- ",,,"LOS ANGELES","LONG BEACH",-118.21613691,33.789859999999997
8412707,2017,2017-09-05,1942,2017-08-11,2156,38995,1925,5,5,7,1942,0,0,0,,0,21T61,"BRADLEY AV","FOREST EDGE DR",81.00,N,N,A,-,N,,,,,,,,,,Y,2,0,1,2,A,-,01,23152,A,N,C,E,A,A,E,-,D,A,0,,,,,Y,Y,A,01,1,0,0,0,0,0,0,0,0,"- ","- ",,,"LOS ANGELES","LOS ANGELES",-118.45357593,34.300661400000003
8413100,2017,2017-08-09,1942,2017-06-26,1130,39566,0919,1,5,7,1942,0,0,0,I,0,9A89,"VANOWEN ST","VARNA AV",0.00,,N,A,-,N,,,,,,,,,,N,4,0,2,2,A,-,07,21658,A,M,B,E,A,A,H,-,A,D,0,,,,,Y,Y,-,99,0,0,2,0,0,0,0,0,0,"- ","- ",,,"LOS ANGELES","LOS ANGELES",-118.42471007,34.193940069999996
8413127,2017,2018-04-09,1944,2017-06-24,2235,356,,6,5,4,1944,0,0,0,,0,,"SEPULVEDA BL","2ND ST",0.00,,Y,A,-,Y,LA,7,1,-,-,22.391,I,5,N,N,3,0,1,2,A,-,09,21802,B,N,D,G,A,A,G,-,E,A,0,,Y,,,Y,Y,L,04,0,1,0,0,0,0,1,0,0,"- ","- ",,,"LOS ANGELES","MANHATTAN BEACH",-118.3959322,33.880223290000004
8413740,2017,2017-08-01,1941,2017-07-09,0207,10793,,7,5,7,1941,0,0,0,,0,,"BELLFLOWER BL","LOS COYOTES DIAGONAL",0.00,,Y,A,-,N,,,,,,,,,,Y,3,0,5,2,A,-,12,21453,A,M,D,C,A,A,H,-,C,A,0,,,,,Y,Y,A,,0,2,3,0,0,0,0,0,0,"- ","- ",,,"LOS ANGELES","LONG BEACH",-118.12537003,33.80228005
8413767,2017,2017-08-25,1956,2017-07-14,2339,1260,,5,5,5,1956,0,0,0,,0,003,"HADLEY LN","RIPLEY AV",234.00,E,N,A,-,N,,,,,,,,,,Y,3,0,1,3,A,-,01,23152,A,N,B,E,A,A,H,-,C,D,0,,,,,Y,Y,A,07,0,1,0,0,0,0,0,0,0,"- ","- ",,,"LOS ANGELES","REDONDO BEACH",-118.36633531,33.864737910000002
8414310,2017,2017-08-16,1942,2017-07-30,1850,25907,1756,7,5,7,1942,0,0,0,Q,0,21T65,"BALBOA BL","MAYALL ST",0.00,N,N,A,-,N,,,,,,,,,,Y,3,0,3,2,A,-,01,23152,A,N,D,C,A,A,H,-,A,A,0,,,,,Y,Y,-,,0,2,1,0,0,0,0,0,0,"- ","- ",,,"LOS ANGELES","LOS ANGELES",-118.50237001000001,34.253850100000001
8414414,2017,2017-09-19,1933,2017-08-13,0738,1004,05,7,5,6,1933,0,0,0,,0,001,"BEACH AV","LA BREA AV",0.00,,Y,A,-,N,,,,,,,,,,Y,4,0,1,1,A,-,01,23152,A,N,E,I,A,A,H,-,A,A,0,,,,,Y,Y,A,01,0,0,1,0,0,0,0,0,0,"- ","- ",33.966749999999998,-118.35359,"LOS ANGELES",INGLEWOOD,-118.35368010000001,33.966710040000002
8414446,2017,2017-09-20,1933,2017-08-18,0100,828,25,5,5,6,1933,0,0,0,,0,002,"CENTURY BL","FLOWER ST",0.00,,Y,A,-,N,,,,,,,,,,N,3,0,1,2,A,-,11,21954,A,F,G,B,D,A,H,-,C,D,0,Y,,,,Y,Y,N,60,0,1,0,0,1,0,0,0,0,"- ","- ",33.945480000000003,-118.34665,"LOS ANGELES",INGLEWOOD,-118.34669004,33.945450039999997
8414449,2017,2017-09-20,1942,2017-09-07,2245,32774,1643,4,5,7,1942,0,0,0,P,0,16A23,"SAN FERNANDO RD","GARBER ST",53.00,S,N,A,-,N,,,,,,,,,,Y,3,0,1,3,A,-,01,23152,A,M,C,E,A,A,H,-,C,D,0,,,,,Y,Y,A,01,0,1,0,0,0,0,0,0,0,"- ","- ",,,"LOS ANGELES","LOS ANGELES",-118.41487392000001,34.259281180000002
8415263,2018,2018-03-09,1976,2018-02-18,1730,449,,7,5,5,1976,0,0,0,,0,002,"GREENLEAF AV","MULBERRY DR",75.00,N,N,A,-,N,,,,,,,,,,Y,4,0,2,4,A,-,01,23152,A,N,C,C,A,A,H,-,B,A,0,,,,,Y,Y,A,07,0,0,2,0,0,0,0,0,0,"- ","- ",,,"LOS ANGELES",WHITTIER,-118.04665374755859,33.956287384033203
8416323,2017,2017-09-13,1942,2017-07-15,2120,37495,1798,6,5,7,1942,0,0,0,Q,0,35MX10,"NORDHOFF ST","HASKELL AV",0.00,,Y,A,-,N,,,,,,,,,,Y,4,0,1,3,A,-,09,21801,A,N,D,C,A,A,H,-,C,A,0,,,,,Y,Y,A,01,0,0,1,0,0,0,0,0,0,"- ","- ",,,"LOS ANGELES","LOS ANGELES",-118.47634004,34.235570080000002
8416768,2017,2017-08-03,1942,2017-07-05,0200,42358,1253,3,5,7,1942,0,0,0,L,0,12A15,"FLORENCE AV",HOBART,0.00,,Y,A,-,N,,,,,,,,,,Y,4,0,1,2,A,-,03,22350,,F,B,C,A,A,H,-,C,D,0,,,,,Y,Y,-,99,0,0,1,0,0,0,0,0,0,"- ","- ",,,"LOS ANGELES","LOS ANGELES",-118.30789012,33.974570110000002
8417080,2017,2017-07-31,1965,2017-07-17,2040,3455,0B3A,1,5,5,1965,0,0,0,,0,B003,"PICO BL","10TH ST",6.00,S,N,A,-,N,,,,,,,,,,N,4,0,1,2,A,-,10,21950,A,N,G,B,B,A,H,-,C,D,0,Y,,,,Y,Y,A,01,0,0,1,0,1,0,0,0,0,"- ","- ",,,"LOS ANGELES","SANTA MONICA",-118.48115694000001,34.013231529999999
8417739,2017,2017-08-01,1900,2017-07-06,1725,606046,0622,4,5,6,1985,0,0,0,,0,62T1,"ARROYO PARK DR","CARRIZO DR",35.00,W,N,A,-,N,,,,,,,,,,Y,3,0,1,1,A,-,01,23152,A,N,E,I,A,A,H,-,A,D,0,,,,,Y,Y,A,01,0,1,0,0,0,0,0,0,0,"- ","- ",,,"LOS ANGELES","SANTA CLARITA",-118.55140063,34.405471550000001
8417833,2017,2017-09-08,1942,2017-07-23,2335,38995,0923,7,5,7,1942,0,0,0,I,0,15T45,"VANOWEN ST","VAN NUYS BL",245.00,E,N,B,-,N,,,,,,,,,,Y,3,0,1,2,A,-,01,23152,A,N,C,E,A,A,H,-,C,A,0,,,,,Y,Y,A,01,0,1,0,0,0,0,0,0,0,"- ","- ",,,"LOS ANGELES","LOS ANGELES",-118.44793138,34.193919999999999
8418051,2017,2017-08-02,1942,2017-07-16,2100,40690,0702,7,5,7,1942,0,0,0,G,0,14T47,"MELROSE AV","VISTA ST",150.00,W,N,A,-,N,,,,,,,,,,Y,4,0,2,2,A,-,01,23152,A,N,A,C,A,A,H,-,C,D,0,,,,,Y,Y,A,01,0,0,2,0,0,0,0,0,0,"- ","- ",,,"LOS ANGELES","LOS ANGELES",-118.35276412,34.083634969999999
8418776,2017,2017-08-09,1922,2017-07-03,2133,606,P4,1,5,6,1922,0,0,0,,0,004,"PECK RD",FINEVIEW,30.00,N,N,A,-,N,,,,,,,,,,Y,4,0,2,2,A,-,04,21703,,F,C,C,A,A,H,-,C,A,0,,,,,Y,Y,-,"- ",0,0,2,0,0,0,0,0,0,"- ","- ",34.051319999999997,-118.03039,"LOS ANGELES","EL MONTE",-118.03061,34.051582250000003
8418790,2017,2017-08-01,1900,2017-06-30,1856,545607,1351,5,5,3,1927,0,0,0,,0,135B,"NORWALK BL","223RD ST",24.00,N,N,A,-,N,,,,,,,,,,Y,4,0,3,3,A,-,01,23152,A,N,F,C,A,A,H,-,B,A,0,,,,,Y,Y,A,07,0,0,3,0,0,0,0,0,0,"- ","- ",,,"LOS ANGELES","HAWAIIAN GARDENS",-118.07193150000001,33.826235799999999
8419094,2017,2017-08-03,1900,2017-06-11,0055,438154,1418,7,5,1,1932,0,0,0,,0,141T1,"GALE AV","AUTO MALL WEST RD",101.00,E,N,A,-,N,,,,,,,,,,Y,4,0,1,1,A,-,03,22350,,N,E,I,A,A,H,-,C,D,0,,,Y,,Y,Y,C,02,0,0,1,0,0,0,0,0,1,"- ","- ",,,"LOS ANGELES",INDUSTRY,-117.924228,33.996678000000003
8419264,2017,2017-08-02,1942,2017-06-29,2340,37511,0739,4,5,7,1942,0,0,0,G,0,7T23,"6TH ST","RIMPAU BL",20.00,E,N,A,-,N,,,,,,,,,,Y,4,0,1,1,A,-,01,23152,A,N,E,I,A,A,H,-,C,A,0,,,,,Y,Y,A,01,0,0,1,0,0,0,0,0,0,"- ","- ",,,"LOS ANGELES","LOS ANGELES",-118.33149409000001,34.063960440000002
8419622,2017,2017-08-04,1900,2017-06-25,2205,516545,1328,7,5,5,1935,0,0,0,,0,132T1,"NORWALK BL","CENTRALIA ST",10.00,N,N,A,-,N,,,,,,,,,,N,3,0,1,2,A,-,01,21200,5,N,D,G,A,A,H,-,C,A,0,,Y,,,Y,Y,L,04,0,1,0,0,0,0,1,0,0,"- ","- ",,,"LOS ANGELES",LAKEWOOD,-118.07208,33.838767420000003
8419628,2017,2017-09-05,1900,2017-07-14,0715,531008,2834,5,5,5,1915,0,0,0,,0,282T1,"ARTESIA BL","CENTRAL AV",14.00,W,N,A,-,N,,,,,,,,,,Y,4,0,1,2,A,-,12,21453,A,N,D,C,A,A,H,-,-,A,0,,,,,Y,Y,-,"- ",0,0,1,0,0,0,0,0,0,"- ","- ",,,"LOS ANGELES",COMPTON,-118.24863000000001,33.873989999999999
8420196,2017,2017-08-10,1942,2017-07-10,2230,41977,0315,1,5,7,1942,0,0,0,C,0,5TL21,"ADAMS BL","ARLINGTON AV",80.00,W,N,A,-,N,,,,,,,,,,Y,3,0,1,2,A,-,00,23158,A,N,B,E,A,A,H,-,C,A,0,,,,,Y,Y,A,07,0,1,0,0,0,0,0,0,0,"- ","- ",,,"LOS ANGELES","LOS ANGELES",-118.31794354,34.032640000000001
8420389,2017,2017-08-08,1900,2017-05-24,1330,552550,1329,3,5,5,1935,0,0,0,,0,132T2,"HAZELBROOK AVE","CANDLEWOOD ST",295.00,S,N,A,-,N,,,,,,,,,,N,4,0,1,2,A,-,10,21950,A,M,-,B,C,A,H,-,A,D,0,Y,,,,Y,Y,A,07,0,0,1,0,1,0,0,0,0,"- ","- ",,,"LOS ANGELES",LAKEWOOD,-118.13971228,33.853001509999999
8420678,2017,2018-05-08,1931,2017-07-22,1013,5603,1931,6,5,5,1931,0,0,0,,0,002,"GAGE AV","HOLLENBECK ST",0.00,,Y,A,-,N,,,,,,,,,,Y,4,0,2,2,A,-,09,21801,A,N,D,C,A,A,H,-,A,D,0,,,,,Y,Y,A,01,0,0,2,0,0,0,0,0,0,"- ","- ",,,"LOS ANGELES","HUNTINGTON PARK",-118.20737007,33.980180060000002
8420965,2017,2017-08-03,1942,2017-07-23,2030,36733,1555,7,5,7,1942,0,0,0,O,0,16T25,"TUJUNGA AV","OTSEGO ST",200.00,S,N,A,-,N,,,,,,,,,,Y,3,0,1,4,A,-,01,23152,A,N,B,E,A,A,H,-,C,A,0,,,,,Y,Y,A,01,0,1,0,0,0,0,0,0,0,"- ","- ",,,"LOS ANGELES","LOS ANGELES",-118.37900999999999,34.162451449999999
8421413,2017,2017-08-14,1976,2017-07-22,2150,370,,6,5,5,1976,0,0,0,,0,002,"LAUREL AV","LAMBERT RD",17.00,N,N,A,-,N,,,,,,,,,,N,4,0,1,2,A,-,01,23152,A,N,B,C,A,A,H,-,C,A,0,,,,,Y,Y,A,07,0,0,1,0,0,0,0,0,0,"- ","- ",,,"LOS ANGELES",WHITTIER,-118.03447310999999,33.95575504
8422571,2017,2017-08-09,1941,2017-07-25,1656,11012,,2,5,7,1941,0,0,0,,0,,"BELL FLOWER BL","SPRING ST",0.00,,Y,A,-,N,,,,,,,,,,Y,4,0,1,2,A,-,01,23152,B,N,D,C,A,A,H,-,A,A,0,,,,,Y,Y,D,,0,0,1,0,0,0,0,0,0,"- ","- ",,,"LOS ANGELES","LONG BEACH",-118.12533001,33.810600039999997
8422825,2017,2017-08-07,1961,2017-07-02,2033,10387,1961,7,5,3,1961,0,0,0,,0,003,"HEWITT ST","SOUTH MACLAY AV",0.00,,Y,A,-,N,,,,,,,,,,N,2,0,1,2,A,-,11,21950,B,N,G,B,-,A,H,-,C,A,0,Y,,,,Y,Y,N,60,1,0,0,0,1,0,0,0,0,"- ","- ",,,"LOS ANGELES","SAN FERNANDO",-118.44498011,34.280600020000001
8423225,2017,2017-08-10,1906,2017-07-22,1444,2896,,6,5,5,1906,0,0,0,,0,003,"DALEWOOD ST","HAMBURGER LN",5.00,W,N,A,-,N,,,,,,,,,,Y,3,0,1,2,A,-,00,21450,A,N,D,C,A,A,H,-,A,D,0,,,,,Y,Y,A,01,0,1,0,0,0,0,0,0,0,"- ","- ",,,"LOS ANGELES","BALDWIN PARK",-117.98219641999999,34.065801090000001
8423677,2017,2018-06-11,1942,2017-08-01,0001,36336,1045,2,5,7,1942,0,0,0,J,0,15T45,"WHITE OAK AV","VENTURA FWY",0.00,,Y,A,-,Y,LA,7,101,-,-,20.122,R,4,N,Y,3,0,3,2,A,-,01,23152,A,N,D,C,A,A,H,-,C,A,0,,,,,Y,Y,A,01,0,1,2,0,0,0,0,0,0,"- ",WF,,,"LOS ANGELES","LOS ANGELES",-118.51658363999999,34.171283870000003
8425380,2017,2017-08-14,1942,2017-08-01,1810,40542,0948,2,5,7,1942,0,0,0,I,0,9TL46,"FULTON AV","BURBANK BL",200.00,S,N,B,-,N,,,,,,,,,,Y,3,0,4,3,A,-,04,21703,,N,C,C,A,A,H,-,A,D,0,,,,,Y,Y,A,01,0,2,2,0,0,0,0,0,0,"- ","- ",,,"LOS ANGELES","LOS ANGELES",-118.42251,34.17157143
8427196,2017,2017-08-15,1942,2017-08-02,1625,40119,0946,3,5,7,1942,0,0,0,I,0,15TL46,"WOODMAN AV","BURBANK BL",0.00,,Y,A,-,N,,,,,,,,,,Y,4,0,1,2,A,-,01,23152,A,F,D,C,A,A,H,-,A,A,0,,,,,Y,Y,A,01,0,0,1,0,0,0,0,0,0,"- ","- ",,,"LOS ANGELES","LOS ANGELES",-118.43126013,34.172130090000003
8427255,2017,2017-08-15,1900,2017-07-22,1925,279461,0458,6,5,6,1949,0,0,0,,0,43T1P,"PIONEER BL","CEDARVALE ST",0.00,,Y,A,-,N,,,,,,,,,,Y,4,0,3,3,A,-,01,23152,A,N,C,C,A,A,H,-,A,D,0,,,,,Y,Y,A,08,0,0,3,0,0,0,0,0,0,"- ","- ",,,"LOS ANGELES",NORWALK,-118.08232011,33.88167009
8429288,2017,2017-11-21,1900,2017-08-01,1909,602403,2260,2,5,2,1993,0,0,0,,0,226T1,"LINDERO CANYON RD","RIDGEFORD DR",400.00,N,N,A,-,N,,,,,,,,,,Y,2,0,1,2,A,-,01,23152,A,N,G,B,F,A,H,-,A,D,0,Y,,,,Y,Y,-,"- ",1,0,0,0,1,0,0,0,0,"- ","- ",34.134529999999998,-118.82259999999999,"LOS ANGELES","WESTLAKE VILLAGE",-118.82252289,34.134460070000003
8429548,2017,2017-08-21,1918,2017-04-23,0448,1094,1918,7,5,4,1918,0,0,0,,0,PATROL,"WASHINGTON BL","MICHAEL AV",84.00,E,N,A,-,N,,,,,,,,,,Y,3,0,1,2,A,-,08,22107,,N,D,E,A,A,H,-,C,A,0,,,,,Y,Y,A,01,0,1,0,0,0,0,0,0,0,"- ","- ",33.993980000000001,-118.44076,"LOS ANGELES","CULVER CITY",-118.44055092000001,33.994075819999999
8429549,2017,2017-08-18,1900,2017-07-07,0135,515583,1412,5,5,1,1932,0,0,0,,0,141T1,"BALDWIN PARK BL","TEMPLE AV",646.00,S,N,A,-,N,,,,,,,,,,Y,3,0,2,2,A,-,01,23152,A,N,E,E,A,A,H,-,D,D,0,,,,Y,Y,Y,A,01,0,1,1,0,0,0,0,0,0,"- ","- ",,,"LOS ANGELES",INDUSTRY,-117.99308818999999,34.055799960000002
8429575,2017,2017-08-21,1918,2017-01-30,0013,1036,,1,5,4,1918,0,0,0,,0,PATROL,"WASHINGTON BL","DEL REY AV",96.00,E,N,A,-,N,,,,,,,,,,Y,3,0,1,2,A,-,01,23153,B,N,C,E,A,A,H,-,C,D,0,,,,,Y,Y,A,01,0,1,0,0,0,0,0,0,0,"- ","- ",33.990850000000002,-118.44713,"LOS ANGELES","CULVER CITY",-118.44703637000001,33.990851820000003
8429732,2017,2017-08-22,1941,2017-08-05,0235,10792,,6,5,7,1941,0,0,0,,0,,"LONG BEACH BL","LONG BEACH BL 3832",0.00,,-,A,-,N,,,,,,,,,,Y,4,0,1,2,A,-,01,23152,A,N,B,E,A,A,H,-,C,D,0,,,,,Y,Y,-,"- ",0,0,1,0,0,0,0,0,0,"- ","- ",,,"LOS ANGELES","LONG BEACH",-118.18935500000001,33.827776999999998
8429774,2017,2017-08-24,1942,2017-07-30,2300,41397,0981,7,5,7,1942,0,0,0,I,0,9A5,"VENTURA BL","SEPULVEDA BL",35.00,E,N,A,-,N,,,,,,,,,,Y,4,0,1,2,A,-,01,23152,A,N,C,C,A,A,H,-,C,D,0,,,,,Y,Y,A,07,0,0,1,0,0,0,0,0,0,"- ","- ",,,"LOS ANGELES","LOS ANGELES",-118.46608677,34.153811130000001
8430235,2017,2017-08-21,1942,2017-06-30,2330,41719,763,5,5,7,1942,0,0,0,,0,7A53,"W PICO BL",GENESEE,115.00,W,N,A,-,N,,,,,,,,,,Y,4,0,1,1,A,-,03,22350,,N,H,J,A,A,H,-,C,A,0,,,,,Y,Y,A,01,0,0,1,0,0,0,0,0,0,"- ","- ",,,"LOS ANGELES","LOS ANGELES",-118.36388021,34.050987309999996
8430891,2017,2017-08-17,1942,2017-06-22,2215,42849,0853,4,5,7,1942,0,0,0,H,0,8A59,"SANTA MONICA BL",BELOIT,8.00,E,N,A,-,N,,,,,,,,,,N,4,0,1,2,A,-,08,22100,A,N,B,C,A,A,H,-,C,A,0,,,,,Y,Y,A,01,0,0,1,0,0,0,0,0,0,"- ","- ",,,"LOS ANGELES","LOS ANGELES",-118.44720527,34.046807610000002
8431900,2017,2017-08-21,1918,2017-03-21,0129,1135,,2,5,4,1918,0,0,0,,0,PATROL,"CULVER BL","CENTER ST",0.00,,Y,A,-,N,,,,,,,,,,Y,4,0,1,1,A,-,01,23152,G,N,E,I,A,A,H,-,C,D,0,,,,,Y,Y,A,01,0,0,1,0,0,0,0,0,0,"- ","- ",34.006259999999997,-118.4085,"LOS ANGELES","CULVER CITY",-118.40889007,34.006410119999998
8432732,2017,2017-08-24,1942,2017-07-10,2220,39062,1125,1,5,7,1942,0,0,0,K,0,24T34,"AVENUE 50","BUCHANAN ST",100.00,N,N,A,-,N,,,,,,,,,,Y,3,0,1,4,A,-,01,23152,A,N,C,E,A,A,H,-,D,D,0,,,,,Y,Y,A,01,0,1,0,0,0,0,0,0,0,"- ","- ",,,"LOS ANGELES","LOS ANGELES",-118.20731649,34.119967330000001
8432986,2017,2017-09-06,1942,2017-07-21,2355,33757,0659,5,5,7,1942,0,0,0,F,0,6T7,"SUNSET BL","HARVARD BL",70.00,E,N,A,-,N,,,,,,,,,,Y,3,0,1,2,A,-,01,23152,A,N,C,E,A,A,H,-,C,D,0,,,,,Y,Y,A,01,0,1,0,0,0,0,0,0,0,"- ","- ",,,"LOS ANGELES","LOS ANGELES",-118.30411927999999,34.098126020000002
8433333,2017,2018-06-19,1942,2017-07-14,1045,40024,0822,5,5,7,1942,0,0,0,H,0,14TL49,"PACIFIC COAST HWY","CHAUTAUQUA BL",800.00,N,N,A,-,Y,LA,7,1,-,-,37.190,H,-,S,Y,2,0,4,2,A,-,01,23152,A,N,A,C,A,A,H,-,A,D,0,,,,,Y,Y,D,22,2,2,0,0,0,0,0,0,0,"- ","- ",,,"LOS ANGELES","LOS ANGELES",-118.52162464,34.029331990000003
8433392,2017,2017-08-31,1942,2017-08-19,1945,37304,1776,6,5,7,1942,0,0,0,Q,0,9T57,"BALBOA BL","SUPERIOR ST",60.00,N,N,A,-,N,,,,,,,,,,Y,3,0,3,3,A,-,01,23152,A,N,C,C,A,A,H,-,B,D,0,,,,,Y,Y,A,08,0,2,1,0,0,0,0,0,0,"- ","- ",,,"LOS ANGELES","LOS ANGELES",-118.50241392,34.246794549999997
8433600,2017,2017-08-30,1942,2017-08-03,1710,42119,1722,4,5,7,1942,0,0,0,Q,0,17X36,"TOPANGA CYN","ANDORA AV",100.00,S,N,A,-,N,,,,,,,,,,N,4,0,1,2,A,-,03,22350,,F,C,C,A,A,-,-,A,D,0,,,Y,,Y,Y,A,01,0,0,1,0,0,0,0,0,1,"- ","- ",,,"LOS ANGELES","LOS ANGELES",-118.60607,34.263255669999999
8433862,2017,2017-08-28,1942,2017-08-03,1820,35688,0396,4,5,7,1942,0,0,0,C,0,3T5,"VERMONT AVE","41ST DR",55.00,N,N,A,-,N,,,,,,,,,,Y,3,0,5,2,A,-,01,23152,A,N,C,C,A,A,H,-,A,D,0,,,,,Y,Y,A,01,0,1,4,0,0,0,0,0,0,"- ","- ",,,"LOS ANGELES","LOS ANGELES",-118.29155,34.008430840000003
8434126,2017,2017-12-27,1918,2017-03-14,1415,646,1918,2,5,4,1918,0,0,0,,0,2M4,"VENICE BL","MIDWAY AV",120.00,E,N,A,-,Y,LA,7,187,-,-,6.510,H,-,E,N,3,0,1,2,A,-,15,21201,A,N,D,G,A,A,H,-,A,D,0,,Y,,,Y,Y,L,04,0,1,0,0,0,0,1,0,0,"- ","- ",34.017560000000003,-118.40879,"LOS ANGELES","CULVER CITY",-118.40854238,34.017628739999999
8434668,2017,2017-08-24,1931,2017-08-12,2213,5311,1931,6,5,5,1931,0,0,0,,0,002,"RANDOLPH ST","OTIS ST",0.00,,Y,A,-,N,,,,,,,,,,Y,4,0,2,2,A,-,01,23153,A,N,A,C,A,A,H,-,C,D,0,,,,,Y,Y,A,01,0,0,2,0,0,0,0,0,0,"- ","- ",,,"LOS ANGELES","HUNTINGTON PARK",-118.1920101,33.982230039999997
8435774,2017,2017-08-29,1928,2017-08-05,1006,399,520,6,5,5,1928,0,0,0,,0,503,"ROSECRANS AV","DOTY AV",50.00,W,N,A,-,N,,,,,,,,,,Y,3,0,1,1,A,-,03,22350,,N,H,A,A,A,H,-,A,A,0,,,Y,,Y,Y,C,02,0,1,0,0,0,0,0,0,1,"- ","- ",33.901870000000002,-118.33965000000001,"LOS ANGELES",HAWTHORNE,-118.33971439,33.901925990000002
8435856,2017,2017-08-31,1900,2017-08-03,2120,602942,0640,4,5,6,1985,0,0,0,,0,62T1,"BOUQUET CANYON RD","WELLSTON DR",0.00,,Y,A,-,N,,,,,,,,,,Y,4,0,1,1,A,-,01,23152,A,N,E,I,A,A,H,-,C,A,0,,,,,Y,Y,D,22,0,0,1,0,0,0,0,0,0,"- ","- ",,,"LOS ANGELES","SANTA CLARITA",-118.50198001,34.447700089999998
8436672,2017,2017-09-15,1942,2017-08-16,0912,41932,0835,3,5,7,1942,0,0,0,H,0,8A35,"OLYMPIC BL","MIDVALE AV",0.00,,Y,A,-,N,,,,,,,,,,N,4,0,2,2,A,-,09,21801,A,N,D,C,A,A,H,-,A,D,0,,,,,Y,Y,A,01,0,0,2,0,0,0,0,0,0,"- ","- ",,,"LOS ANGELES","LOS ANGELES",-118.43267004,34.043340010000001
8439169,2017,2017-09-09,1942,2017-08-04,0340,42734,1837,5,5,7,1942,0,0,0,R,0,18A3,"COMPTON AV","100TH AV",150.00,S,N,A,-,N,,,,,,,,,,N,2,0,1,2,A,-,09,21804,,N,G,B,A,A,H,-,C,A,0,,,Y,,Y,Y,C,03,1,0,0,0,0,0,0,0,1,"- ","- ",,,"LOS ANGELES","LOS ANGELES",,
8439388,2017,2017-09-11,1941,2017-08-18,2220,11020,,5,5,7,1941,0,0,0,,0,901T,"LOCUST AV","PLYMOUTH ST",34.00,S,N,A,-,N,,,,,,,,,,Y,2,0,1,2,A,-,03,22350,,N,C,E,A,A,H,-,D,A,0,,,Y,,Y,Y,C,,1,0,0,0,0,0,0,0,1,"- ","- ",,,"LOS ANGELES","LONG BEACH",-118.18984,33.853216760000002
8440388,2017,2017-09-14,1942,2017-08-25,2051,36733,1983,5,5,7,1942,0,0,0,,0,21T65,"NOBLE AV","SCHOENBORN ST",30.00,S,N,A,-,N,,,,,,,,,,Y,4,0,1,2,A,-,01,23152,A,N,B,C,A,A,H,-,C,D,0,,,,,Y,Y,A,01,0,0,1,0,0,0,0,0,0,"- ","- ",,,"LOS ANGELES","LOS ANGELES",-118.4611311,34.222617720000002
8440411,2017,2017-09-11,1942,2017-08-25,2050,36733,1983,5,5,7,1942,0,0,0,,0,21T65,"NOBLE AV","ROSCOE BL",25.00,N,N,A,-,N,,,,,,,,,,Y,4,0,1,2,A,-,01,23152,A,N,C,C,A,A,H,-,C,D,0,,,,,Y,Y,A,01,0,0,1,0,0,0,0,0,0,"- ","- ",,,"LOS ANGELES","LOS ANGELES",-118.46185,34.22146
8441351,2017,2017-09-21,1948,2017-08-16,1853,454,1948,3,5,5,1948,0,0,0,,0,001,"MONTEREY PASS RD","DAVIDSON DR",417.00,S,N,A,-,N,,,,,,,,,,N,4,0,1,3,A,-,08,22107,,N,B,C,A,A,H,-,A,D,0,,,,,Y,Y,-,,0,0,1,0,0,0,0,0,0,"- ","- ",,,"LOS ANGELES","MONTEREY PARK",-118.16186442999999,34.047383699999997
8441597,2017,2017-09-18,1941,2017-09-04,0011,5989,,1,5,7,1941,0,0,0,,0,,"CARSON ST","CLARK AV",0.00,,Y,A,-,N,,,,,,,,,,Y,2,0,2,2,A,-,01,23152,,N,H,C,A,A,H,-,C,A,0,,,,,Y,Y,A,,1,0,1,0,0,0,0,0,0,"- ","- ",,,"LOS ANGELES","LONG BEACH",-118.13387013000001,33.832380039999997