CASE_ID,ACCIDENT_YEAR,PROC_DATE,JURIS,COLLISION_DATE,COLLISION_TIME,OFFICER_ID,REPORTING_DISTRICT,DAY_OF_WEEK,CHP_SHIFT,POPULATION,CNTY_CITY_LOC,SPECIAL_COND,BEAT_TYPE,CHP_BEAT_TYPE,CITY_DIVISION_LAPD,CHP_BEAT_CLASS,BEAT_NUMBER,PRIMARY_RD,SECONDARY_RD,DISTANCE,DIRECTION,INTERSECTION,WEATHER_1,WEATHER_2,STATE_HWY_IND,CALTRANS_COUNTY,CALTRANS_DISTRICT,STATE_ROUTE,ROUTE_SUFFIX,POSTMILE_PREFIX,POSTMILE,LOCATION_TYPE,RAMP_INTERSECTION,SIDE_OF_HWY,TOW_AWAY,COLLISION_SEVERITY,NUMBER_KILLED,NUMBER_INJURED,PARTY_COUNT,PRIMARY_COLL_FACTOR,PCF_CODE_OF_VIOL,PCF_VIOL_CATEGORY,PCF_VIOLATION,PCF_VIOL_SUBSECTION,HIT_AND_RUN,TYPE_OF_COLLISION,MVIW,PED_ACTION,ROAD_SURFACE,ROAD_COND_1,ROAD_COND_2,LIGHTING,CONTROL_DEVICE,CHP_ROAD_TYPE,PEDESTRIAN_ACCIDENT,BICYCLE_ACCIDENT,MOTORCYCLE_ACCIDENT,TRUCK_ACCIDENT,NOT_PRIVATE_PROPERTY,ALCOHOL_INVOLVED,STWD_VEHTYPE_AT_FAULT,CHP_VEHTYPE_AT_FAULT,COUNT_SEVERE_INJ,COUNT_VISIBLE_INJ,COUNT_COMPLAINT_PAIN,COUNT_PED_KILLED,COUNT_PED_INJURED,COUNT_BICYCLIST_KILLED,COUNT_BICYCLIST_INJURED,COUNT_MC_KILLED,COUNT_MC_INJURED,PRIMARY_RAMP,SECONDARY_RAMP,LATITUDE,LONGITUDE,COUNTY,CITY,POINT_X,POINT_Y
8658293,2018,2018-08-17,1942,2018-07-03,0710,43384,1243,2,5,7,1942,0,0,0,L,0,12A15,"FLORENCE AV","HAAS AV",20.00,E,N,A,-,N,,,,,,,,,,N,4,0,3,3,A,-,04,21703,,N,A,D,A,A,H,-,A,A,0,,,,,Y,Y,A,01,0,0,3,0,0,0,0,0,0,"- ","- ",,,"LOS ANGELES","LOS ANGELES",-118.31678771972656,33.974601745605469
8658818,2018,2018-07-10,1920,2018-05-13,0057,13285,,7,5,6,1920,0,0,0,,0,005,"PARAMOUNT BL","7TH ST",0.00,,Y,A,B,N,,,,,,,,,,Y,4,0,2,6,A,-,12,21453,A,M,D,C,A,A,H,-,C,A,0,,,,,Y,Y,A,01,0,0,2,0,0,0,0,0,0,"- ","- ",,,"LOS ANGELES",DOWNEY,-118.1337890625,33.948379516601562
8659089,2018,2018-07-11,1901,2018-05-19,1640,291,29,6,5,5,1901,0,0,0,,0,003,"MISSION RD","FREMONT AV",15.00,W,N,A,-,N,,,,,,,,,,N,4,0,1,2,A,-,05,21650,,F,D,G,A,A,H,-,A,A,0,,Y,,,Y,Y,L,04,0,0,1,0,0,0,1,0,0,"- ","- ",,,"LOS ANGELES",ALHAMBRA,-118.15194702148438,34.079315185546875
8659625,2018,2018-07-24,1942,2018-07-04,0556,43034,,3,5,7,1942,0,0,0,,0,19A61,"VAN NUYS BL","PLUMMER ST",15.00,S,N,A,-,N,,,,,,,,,,Y,3,0,1,2,A,-,03,22350,,F,C,C,A,A,H,-,B,D,0,,,,,Y,Y,A,01,0,1,0,0,0,0,0,0,0,"- ","- ",,,"LOS ANGELES","LOS ANGELES",-118.45023345947266,34.242637634277344
8659974,2018,2018-07-17,1942,2018-06-24,1230,34458,0202,7,5,7,1942,0,0,0,B,0,A21,"VIRGIL AV","LOCKWOOD AV",26.00,S,N,A,-,N,,,,,,,,,,N,2,0,1,2,A,-,11,21955,,N,G,B,D,A,H,-,A,A,0,Y,,,,Y,Y,N,60,1,0,0,0,1,0,0,0,0,"- ","- ",,,"LOS ANGELES","LOS ANGELES",-118.28690338134766,34.088668823242188
8660425,2018,2018-07-18,1969,2018-06-17,0205,10059,PATRO,7,5,5,1969,0,0,0,,0,005,"PARAMOUNT BL","MAIN ST",10.00,N,N,A,-,N,,,,,,,,,,Y,2,0,4,2,A,-,01,23152,A,F,C,C,A,A,H,-,C,A,0,,,,,Y,Y,D,22,2,0,2,0,0,0,0,0,0,"- ","- ",,,"LOS ANGELES","SOUTH GATE",-118.15887451171875,33.9146728515625
8661380,2018,2018-07-17,1941,2018-07-01,0007,10846,,7,5,7,1941,0,0,0,,0,,"GRAND AV","WILLOW ST",0.00,,Y,A,-,N,,,,,,,,,,Y,3,0,2,4,A,-,01,23152,A,N,A,C,A,A,H,-,C,D,0,,,,,Y,Y,-,"- ",0,1,1,0,0,0,0,0,0,"- ","- ",,,"LOS ANGELES","LONG BEACH",-118.14794158935547,33.804008483886719
8663764,2018,2018-07-20,1941,2018-07-02,0207,10786,,1,5,7,1941,0,0,0,,0,,"ANAHEIM ST","LONG BEACH BL",0.00,,Y,A,-,N,,,,,,,,,,Y,2,0,4,3,A,-,08,22107,,N,D,B,F,A,H,-,C,A,0,Y,,,,Y,Y,A,,1,2,1,0,1,0,0,0,0,"- ","- ",,,"LOS ANGELES","LONG BEACH",-118.18949127197266,33.782611846923828
8663805,2018,2018-07-25,1942,2018-07-07,1740,39222,1512,6,5,7,1942,0,0,0,O,0,15A21,"SHERMAN WAY","WHITSETT AV",10.00,W,N,-,-,N,,,,,,,,,,Y,4,0,1,2,A,-,01,23153,,N,A,C,A,A,H,-,A,A,0,,,,,Y,Y,A,01,0,0,1,0,0,0,0,0,0,"- ","- ",,,"LOS ANGELES","LOS ANGELES",-118.40522003173828,34.201210021972656
8663821,2018,2018-07-25,1942,2018-07-07,2050,38692,1995,6,5,7,1942,0,0,0,,0,19A93,"VAN NUYS BL","ARMINTA ST",50.00,N,N,A,-,N,,,,,,,,,,N,4,0,2,2,A,-,01,23152,A,F,C,C,A,A,H,-,C,A,0,,,,,Y,Y,A,01,0,0,2,0,0,0,0,0,0,"- ","- ",,,"LOS ANGELES","LOS ANGELES",-118.44925689697266,34.213409423828125
8663835,2018,2018-07-26,1941,2018-07-07,1615,516.,,6,5,7,1941,0,0,0,,0,,"WARDLOW RD","LOS COYOTES DIAGONAL",27.00,W,N,A,-,N,,,,,,,,,,Y,4,0,1,1,A,-,08,22107,,N,E,I,A,A,H,-,A,A,0,,,,,Y,Y,A,,0,0,1,0,0,0,0,0,0,"- ","- ",,,"LOS ANGELES","LONG BEACH",-118.10994720458984,33.818740844726562
8666308,2018,2018-07-31,1942,2018-06-24,0100,33902,0464,7,5,7,1942,0,0,0,D,0,4A71,"2ND ST","SOTO ST",6.00,E,N,A,-,N,,,,,,,,,,Y,3,0,1,3,A,-,01,23152,A,N,C,E,A,A,H,-,C,D,0,,,,,Y,Y,A,01,0,1,0,0,0,0,0,0,0,"- ","- ",,,"LOS ANGELES","LOS ANGELES",-118.21076202392578,34.042182922363281
8666441,2018,2018-07-30,1900,2018-07-01,1010,526352,1430,7,5,4,1937,0,0,0,,0,143T1,"AMAR RD","ORANGE AV",190.00,W,N,A,-,N,,,,,,,,,,Y,4,0,1,4,A,-,07,21658,A,M,B,C,A,A,H,-,A,D,0,,,,,Y,Y,-,99,0,0,1,0,0,0,0,0,0,"- ","- ",34.049179077148438,-117.96845245361328,"LOS ANGELES","LA PUENTE",-117.96834564208984,34.049167633056641
8668143,2018,2018-07-31,1942,2018-06-17,2245,38296,1273,7,5,7,1942,0,0,0,L,0,12A83,"MANCHESTER AV","SAINT ANDREWS PL",25.00,W,N,A,-,N,,,,,,,,,,Y,3,0,3,2,A,-,01,23153,A,N,C,E,A,A,H,-,C,D,0,,,Y,,Y,Y,A,01,0,3,0,0,0,0,0,0,2,"- ","- ",,,"LOS ANGELES","LOS ANGELES",-118.311279296875,33.9599609375
8668170,2018,2018-08-01,1941,2018-07-12,2319,11120,,4,5,7,1941,0,0,0,,0,,"7TH ST","CERRITOS AV",0.00,,-,A,-,N,,,,,,,,,,Y,3,0,2,16,A,-,01,23152,,N,A,C,A,A,H,-,C,D,0,,,,,Y,Y,A,,0,1,1,0,0,0,0,0,0,"- ","- ",,,"LOS ANGELES","LONG BEACH",-118.177978515625,33.775348663330078
8669357,2018,2018-08-14,1941,2018-07-21,0257,10909,,6,5,7,1941,0,0,0,,0,901,"JUNIPERO PL","LIGHT POLE  RM 1380",18.00,E,N,A,-,N,,,,,,,,,,Y,4,0,2,1,A,-,01,23152,B,N,A,I,A,A,H,-,C,D,0,,,,,Y,Y,A,,0,0,2,0,0,0,0,0,0,"- ","- ",,,"LOS ANGELES","LONG BEACH",,
8670548,2018,2018-10-04,1942,2018-07-22,2300,38135,0909,7,5,7,1942,0,0,0,I,0,9X16,"SHERMAN WY","RANCHITO AV",300.00,W,N,A,-,N,,,,,,,,,,N,4,0,1,2,A,-,10,21952,,F,B,B,E,A,H,-,C,D,0,Y,,,,Y,Y,-,,0,0,1,0,1,0,0,0,0,"- ","- ",,,"LOS ANGELES","LOS ANGELES",-118.43659973144531,34.201198577880859
8671059,2018,2018-09-06,1942,2018-07-22,1705,35433,1602,7,5,7,1942,0,0,0,P,0,16A11,"PAXTON ST","FOOTHILL BL",20.00,,N,A,-,N,,,,,,,,,,Y,4,0,2,2,A,-,01,23152,A,M,C,C,A,A,H,-,A,D,0,,,,,Y,Y,A,01,0,0,2,0,0,0,0,0,0,"- ","- ",,,"LOS ANGELES","LOS ANGELES",-118.40818023681641,34.286861419677734
8672232,2018,2018-08-16,1942,2018-07-13,0040,42251,2147,5,5,7,1942,0,0,0,,0,21A57,"DESOTO AV","HART ST",305.00,S,N,A,-,N,,,,,,,,,,Y,3,0,1,2,A,-,01,23152,A,N,C,E,A,A,H,-,C,D,0,,,,,Y,Y,A,01,0,1,0,0,0,0,0,0,0,"- ","- ",,,"LOS ANGELES","LOS ANGELES",-118.58844757080078,34.196552276611328
8672238,2018,2018-09-05,1900,2018-07-16,1835,509580,0635,1,5,6,1985,0,0,0,,0,61T1,"ABELIA RD","GRANDIFLORAS RD",5.00,N,N,A,-,N,,,,,,,,,,N,4,0,1,2,A,-,08,22100,A,N,B,C,A,A,H,-,A,A,0,,,,,Y,Y,D,22,0,0,1,0,0,0,0,0,0,"- ","- ",,,"LOS ANGELES","SANTA CLARITA",-118.3922119140625,34.443962097167969
8672528,2018,2018-08-09,1900,2018-06-10,2245,509623,0971,7,5,4,1979,0,0,0,,0,91T1,"SANTA MONICA BL","SAN VICENTE BL",0.00,,Y,A,-,N,,,,,,,,,,Y,3,0,1,2,A,-,11,21456,B,N,G,B,B,A,H,-,C,A,0,Y,,,,Y,Y,N,60,0,1,0,0,1,0,0,0,0,"- ","- ",34.084758758544922,-118.38419342041016,"LOS ANGELES","WEST HOLLYWOOD",-118.38410949707031,34.084930419921875
8672532,2018,2018-08-09,1900,2018-06-18,0155,509623,0987,1,5,4,1979,0,0,0,,0,91T1,"SUNSET BL","KINGS RD",0.00,,Y,A,-,N,,,,,,,,,,N,4,0,2,2,A,-,01,23152,A,N,C,C,A,A,H,-,C,A,0,,,,,Y,Y,A,01,0,0,2,0,0,0,0,0,0,"- ","- ",34.095138549804688,-118.37297058105469,"LOS ANGELES","WEST HOLLYWOOD",-118.37272644042969,34.095211029052734
8673180,2018,2018-08-13,1942,2018-07-17,1345,37654,0558,2,5,7,1942,0,0,0,E,0,5E6,"PACIFIC AV","FRONT ST",150.00,S,N,A,-,N,,,,,,,,,,Y,3,0,1,1,A,-,01,23153,A,N,D,I,A,A,G,-,A,D,0,,,,,Y,Y,A,08,0,1,0,0,0,0,0,0,0,"- ","- ",,,"LOS ANGELES","LOS ANGELES",-118.28701019287109,33.750720977783203
8674161,2018,2018-08-14,1942,2018-04-28,1109,41510,1433,6,5,7,1942,0,0,0,N,0,14A67,"LINCOLN BL","SUPERBA AV",0.00,,Y,A,-,Y,LA,7,1,-,-,32.500,H,-,S,N,4,0,1,2,A,-,04,21703,,N,C,C,A,A,H,-,A,A,0,,,,,Y,Y,A,01,0,0,1,0,0,0,0,0,0,"- ","- ",,,"LOS ANGELES","LOS ANGELES",-118.45790863037109,33.996479034423828
8674477,2018,2018-08-29,1920,2018-06-09,2229,12510,,6,5,6,1920,0,0,0,,0,002,"OLD RIVER SCHOOL RD","QUILL DR",43.00,S,N,A,-,N,,,,,,,,,,Y,3,0,1,10,A,-,01,23152,A,N,B,E,A,A,H,-,C,A,0,,,,,Y,Y,A,01,0,1,0,0,0,0,0,0,0,"- ","- ",,,"LOS ANGELES",DOWNEY,-118.16014099121094,33.931888580322266
8674544,2017,2018-08-17,1918,2017-10-13,0101,798,,5,5,4,1918,0,0,0,,0,4T1,"SEPULVEDA BL","CENTINELA AV",0.00,,Y,A,-,N,,,,,,,,,,Y,3,0,1,1,A,-,01,23152,A,N,E,I,A,A,H,-,C,A,0,,,,,Y,Y,A,01,0,1,0,0,0,0,0,0,0,"- ","- ",33.98104,-118.39473,"LOS ANGELES","CULVER CITY",-118.39482011,33.981040110000002
8674725,2017,2018-08-20,1918,2017-11-25,1708,1117,1918,6,5,4,1918,0,0,0,,0,PATROL,"SEPULVEDA BL","JANISANN AV",200.00,S,N,B,-,N,,,,,,,,,,N,2,0,1,2,A,-,11,21954,A,N,G,B,D,A,H,-,C,D,0,Y,,,,Y,Y,N,60,1,0,0,0,1,0,0,0,0,"- ","- ",33.996839999999999,-118.39666,"LOS ANGELES","CULVER CITY",-118.39621941999999,33.996443499999998
8674771,2017,2018-08-21,1918,2017-12-14,1230,1165,3,4,5,4,1918,0,0,0,,0,PATROL,"WASHINGTON BL","MCCONNELL BL",0.00,,Y,A,-,N,,,,,,,,,,N,4,0,2,3,A,-,03,22350,,F,C,C,A,A,H,-,A,D,0,,,,,Y,Y,A,01,0,0,2,0,0,0,0,0,0,"- ","- ",33.99682,-118.43331000000001,"LOS ANGELES","CULVER CITY",-118.43335005,33.996810070000002
8675155,2018,2018-08-20,1942,2018-06-10,0245,43058,1488,7,5,7,1942,0,0,0,N,0,14A11,MANCHESTER,BELLANCA,0.00,,Y,A,-,N,,,,,,,,,,,4,0,1,2,A,-,09,21801,A,N,-,-,A,A,H,-,C,-,0,,,,,Y,Y,A,01,0,0,1,0,0,0,0,0,0,"- ","- ",,,"LOS ANGELES","LOS ANGELES",-118.38054656982422,33.9599609375
8675696,2018,2018-08-29,1976,2018-07-27,0212,452,1976,5,5,5,1976,0,0,0,,0,003,"LA CUARTA ST","BRIGHT AV",18.00,W,N,A,-,N,,,,,,,,,,N,3,0,1,1,A,-,01,23152,A,M,E,I,A,A,H,-,C,A,0,,,,,Y,Y,A,01,0,1,0,0,0,0,0,0,0,"- ","- ",,,"LOS ANGELES",WHITTIER,-118.03626251220703,33.968170166015625
8676040,2018,2018-08-31,1947,2018-07-25,1322,1320,,3,5,5,1947,0,0,0,,0,00A,"NORTH GARFIELD AV","VIA CAMPO",0.00,,Y,A,-,N,,,,,,,,,,N,4,0,1,2,A,-,07,21658,A,N,C,C,A,A,H,-,-,D,0,,,,,Y,Y,D,22,0,0,1,0,0,0,0,0,0,"- ","- ",34.032741546630859,-118.12996673583984,"LOS ANGELES",MONTEBELLO,-118.12996673583984,34.032741546630859
8676115,2018,2018-10-25,1941,2018-08-09,2236,11009,,4,5,7,1941,0,0,0,,0,,"7TH ST","FLINT AV",0.00,,Y,A,-,N,,,,,,,,,,Y,4,0,1,3,A,-,01,23152,,N,C,C,A,A,H,-,C,A,0,,,,Y,Y,Y,A,,0,0,1,0,0,0,0,0,0,"- ","- ",,,"LOS ANGELES","LONG BEACH",-118.12312316894531,33.775321960449219
8676518,2018,2018-09-07,1972,2018-04-21,0208,21151,,6,5,6,1972,0,0,0,,0,,WESTERN,182ND,305.00,N,N,A,-,N,,,,,,,,,,Y,3,0,2,2,A,-,01,23153,A,N,D,C,A,A,H,-,C,A,0,,,,,Y,Y,A,,0,2,0,0,0,0,0,0,0,"- ","- ",,,"LOS ANGELES",TORRANCE,-118.30914306640625,33.866447448730469
8676905,2018,2018-11-13,1976,2018-07-27,1718,507,,5,5,5,1976,0,0,0,,0,002,"WHITTIER BL","PENN ST",0.00,,Y,A,-,Y,LA,7,72,-,-,4.856,I,5,N,Y,3,0,2,2,A,-,01,23152,A,N,A,C,A,A,H,-,A,D,0,,,,,Y,Y,D,22,0,2,0,0,0,0,0,0,0,"- ","- ",,,"LOS ANGELES",WHITTIER,-118.04690551757812,33.975563049316406
8677658,2018,2018-10-12,1942,2018-07-10,2220,42457,1525,2,5,7,1942,0,0,0,O,0,15A33,"LANKERSHIM BL","GILMORE ST",25.00,E,N,A,-,N,,,,,,,,,,N,4,0,2,2,A,-,08,22107,,N,B,C,A,A,H,-,C,A,0,,,,,Y,Y,A,01,0,0,2,0,0,0,0,0,0,"- ","- ",,,"LOS ANGELES","LOS ANGELES",-118.38780975341797,34.1875
8677792,2018,2018-10-29,1975,2018-08-06,1059,427,,1,5,6,1975,0,0,0,,0,TRAFFI,"BADILLO ST","ORANGE AV",0.00,,Y,A,-,N,,,,,,,,,,Y,4,0,1,2,A,-,12,21453,A,F,D,C,A,A,H,-,A,A,0,,,,,Y,Y,-,"- ",0,0,1,0,0,0,0,0,0,"- ","- ",34.083351135253906,-117.90738677978516,"LOS ANGELES","WEST COVINA",-117.94187927246094,34.087039947509766
8677918,2018,2018-10-04,1969,2018-07-30,2200,10197,PATRO,1,5,5,1969,0,0,0,,0,003,"FIRESTONE BL","OTIS ST",50.00,E,N,A,-,N,,,,,,,,,,N,4,0,1,2,A,-,01,23152,A,N,C,C,A,A,H,-,C,A,0,,,,,Y,Y,A,01,0,0,1,0,0,0,0,0,0,"- ","- ",,,"LOS ANGELES","SOUTH GATE",-118.19635772705078,33.953243255615234
8678026,2018,2018-08-21,1918,2018-01-09,0041,1036,,2,5,4,1918,0,0,0,,0,PATROL,"WASHINGTON BL","WADE ST",120.00,E,N,C,-,N,,,,,,,,,,Y,3,0,1,1,A,-,01,23152,A,N,F,I,A,B,H,-,C,D,0,,,,,Y,Y,A,01,0,1,0,0,0,0,0,0,0,"- ","- ",33.996910095214844,-118.43450927734375,"LOS ANGELES","CULVER CITY",-118.43413543701172,33.996883392333984
8679525,2018,2018-08-22,1900,2018-07-24,2310,615165,0642,2,5,6,1985,0,0,0,,0,62T1,"MCBEAN PKWY","SKYCREST CIR",96.00,S,N,A,-,N,,,,,,,,,,Y,4,0,1,1,A,-,01,23152,A,N,E,I,A,A,H,-,C,D,0,,,,,Y,Y,D,22,0,0,1,0,0,0,0,0,0,"- ","- ",34.447898864746094,-118.55259704589844,"LOS ANGELES","SANTA CLARITA",-118.55290222167969,34.447776794433594
8679536,2018,2018-08-29,1955,2018-07-29,0511,42315,98,7,5,6,1955,0,0,0,,0,003,"HOLT AV","VIA DEL PASEO",210.00,E,N,A,-,N,,,,,,,,,,Y,4,0,1,4,A,-,01,23152,A,N,C,E,A,A,H,-,C,D,0,,,,,Y,Y,A,01,0,0,1,0,0,0,0,0,0,"- ","- ",,,"LOS ANGELES",POMONA,-117.721451,34.063135000000003
8679550,2018,2018-08-21,1942,2018-07-23,0100,41771,0939,1,5,7,1942,0,0,0,I,0,9A89,"OXNARD ST","COLDWATER CANYON AV",0.00,,Y,A,-,N,,,,,,,,,,Y,2,0,1,3,A,-,01,23152,A,N,C,C,A,A,H,-,C,A,0,,,,,Y,Y,-,"- ",1,0,0,0,0,0,0,0,0,"- ","- ",,,"LOS ANGELES","LOS ANGELES",-118.41375732421875,34.179420471191406
8679586,2018,2018-08-22,1900,2018-07-26,1750,552548,0642,4,5,6,1985,0,0,0,,0,62T1,"NEWHALL RANCH RD","BRIDGEVIEW LN",0.00,,Y,A,-,N,,,,,,,,,,Y,4,0,1,2,A,-,01,23152,A,N,C,C,A,A,H,-,A,D,0,,,,,Y,Y,D,22,0,0,1,0,0,0,0,0,0,"- ","- ",34.42919921875,-118.55370330810547,"LOS ANGELES","SANTA CLARITA",-118.55419158935547,34.429241180419922
8680238,2018,2018-09-06,1955,2018-07-27,2047,41119,0049,5,5,6,1955,0,0,0,,0,001,"W HOLT AV",FILLMORE,299.00,E,N,A,-,N,,,,,,,,,,Y,4,0,1,4,A,-,01,23152,A,M,C,B,F,-,H,-,C,D,0,Y,,,,Y,Y,A,01,0,0,1,0,1,0,0,0,0,"- ","- ",,,"LOS ANGELES",POMONA,-117.76609802246094,34.061981201171875
8680565,2018,2018-08-22,1942,2018-07-28,1825,40275,1107,6,5,7,1942,0,0,0,K,0,11A25,"YOSEMITE DR","RAY CT",40.00,W,N,A,-,N,,,,,,,,,,Y,3,0,1,3,A,-,01,23152,A,N,C,E,A,A,H,-,A,D,0,,,,,Y,Y,A,01,0,1,0,0,0,0,0,0,0,"- ","- ",,,"LOS ANGELES","LOS ANGELES",-118.19828033447266,34.132846832275391
8680609,2018,2018-10-08,1942,2018-08-07,2334,33757,0636,2,5,7,1942,0,0,0,F,0,6A15,"LAS PALMAS AV","FRANKLIN AV",50.00,S,N,A,-,N,,,,,,,,,,Y,4,0,1,2,A,-,01,23152,A,N,C,C,A,A,H,-,C,D,0,,,,,Y,Y,A,01,0,0,1,0,0,0,0,0,0,"- ","- ",,,"LOS ANGELES","LOS ANGELES",-118.33638763427734,34.105033874511719
8680629,2018,2018-10-08,1942,2018-08-03,0213,40014,0783,5,5,7,1942,0,0,0,G,0,7A73,"WASHINGTON BL",THURMAN,88.00,E,N,A,-,N,,,,,,,,,,Y,3,0,1,3,A,-,01,23152,A,N,C,E,A,A,H,-,C,D,0,,,,,Y,Y,A,01,0,1,0,0,0,0,0,0,0,"- ","- ",,,"LOS ANGELES","LOS ANGELES",-118.36692047119141,34.035732269287109
8680989,2018,2018-10-04,1942,2018-08-04,1918,39072,0491,6,5,7,1942,0,0,0,D,0,4A97,"OLYMPIC BL","BOYLE AV",35.00,E,N,A,-,N,,,,,,,,,,Y,4,0,2,2,A,-,01,23152,A,N,C,C,A,A,H,-,A,A,0,,,,,Y,Y,A,08,0,0,2,0,0,0,0,0,0,"- ","- ",,,"LOS ANGELES","LOS ANGELES",-118.22097015380859,34.024765014648438
8681037,2018,2018-10-04,1965,2018-08-04,2108,3882,0B4E,6,5,5,1965,0,0,0,,0,B004,"MONTANA AV","9TH CT",0.00,,Y,A,-,N,,,,,,,,,,Y,4,0,1,2,A,-,01,23152,A,N,C,C,A,A,H,-,C,D,0,,,,,Y,Y,A,01,0,0,1,0,0,0,0,0,0,"- ","- ",37.020030975341797,-121.02281188964844,"LOS ANGELES","SANTA MONICA",-118.49993133544922,34.028369903564453
8681046,2018,2018-09-05,1942,2018-07-28,2240,40832,1245,6,5,7,1942,0,0,0,L,0,,"NORMANDIE AV","65TH ST",10.00,N,N,A,-,N,,,,,,,,,,N,4,0,1,2,A,-,07,21658,A,F,B,C,A,A,H,-,C,D,0,,,,,Y,Y,-,99,0,0,1,0,0,0,0,0,0,"- ","- ",,,"LOS ANGELES","LOS ANGELES",-118.30027770996094,33.980628967285156
8681605,2018,2018-10-09,1942,2018-08-16,1950,42491,2107,4,5,7,1942,0,0,0,,0,21A97,"DE SOTO AV","ROSCOE BL",0.00,,Y,A,-,N,,,,,,,,,,Y,3,0,1,2,A,-,01,23152,A,N,D,C,A,A,H,-,C,A,0,,,,,Y,Y,A,01,0,1,0,0,0,0,0,0,0,"- ","- ",,,"LOS ANGELES","LOS ANGELES",-118.58849334716797,34.219940185546875
8681607,2018,2018-10-09,1942,2018-08-13,2210,41752,1548,1,5,7,1942,0,0,0,O,0,15A3,"MAGNOLIA BL","BAKMAN AV",5.00,W,N,A,-,N,,,,,,,,,,N,3,0,1,2,A,-,12,21453,A,N,D,G,A,A,H,-,C,A,0,,Y,,,Y,Y,L,04,0,1,0,0,0,0,1,0,0,"- ","- ",,,"LOS ANGELES","LOS ANGELES",-118.37741851806641,34.164939880371094
8681617,2018,2018-10-09,1942,2018-08-15,1355,38995,1521,3,5,7,1942,0,0,0,O,0,15A21,"ETHEL AV","HART ST",23.00,N,N,A,-,N,,,,,,,,,,Y,4,0,1,4,A,-,01,23152,A,N,-,E,A,A,H,-,A,D,0,,,,,Y,Y,A,01,0,0,1,0,0,0,0,0,0,"- ","- ",,,"LOS ANGELES","LOS ANGELES",-118.41812896728516,34.197643280029297
8681893,2018,2018-10-08,1942,2018-08-05,0615,40404,1258,7,5,7,1942,0,0,0,L,0,12A57,"S MAIN ST","EAST FLORENCE AV",0.00,,Y,A,-,N,,,,,,,,,,N,4,0,3,2,A,-,01,23152,A,N,D,C,A,A,H,-,A,A,0,,,,,Y,Y,A,01,0,0,3,0,0,0,0,0,0,"- ","- ",,,"LOS ANGELES","LOS ANGELES",-118.27394104003906,33.974681854248047
8681983,2018,2018-09-04,1910,2018-07-21,1950,04616,,6,5,4,1910,0,0,0,,0,004,"BEVERLY DR","COLDWATER CANYON DR",0.00,,Y,A,-,N,,,,,,,,,,Y,4,0,1,1,A,-,01,23152,A,N,E,I,A,A,H,-,B,A,0,,,,,Y,Y,A,01,0,0,1,0,0,0,0,0,0,"- ","- ",34.090530395507812,-118.41204833984375,"LOS ANGELES","BEVERLY HILLS",-118.41207122802734,34.090518951416016
8682002,2018,2018-09-17,1900,2018-07-25,2034,529141,1518,3,5,5,1954,0,0,0,,0,151T1,"PARAMOUNT BL","REX RD",20.00,N,N,A,-,N,,,,,,,,,,Y,2,0,1,2,A,-,03,22350,,N,G,C,A,A,H,-,C,A,0,,,,,Y,Y,-,,1,0,0,0,0,0,0,0,0,"- ","- ",33.981849670410156,-118.10910797119141,"LOS ANGELES","PICO RIVERA",-118.10918426513672,33.981662750244141
8682017,2018,2018-09-20,1942,2018-08-28,0050,37304,0946,2,5,7,1942,0,0,0,I,0,9A37,"MURIETTA AV","BURBANK BL",100.00,S,N,A,-,N,,,,,,,,,,N,2,0,1,2,A,-,11,21954,A,F,G,B,D,A,H,-,D,D,0,Y,,,,Y,Y,N,60,1,0,0,0,1,0,0,0,0,"- ","- ",,,"LOS ANGELES","LOS ANGELES",-118.43888854980469,34.171844482421875
8682713,2018,2018-09-17,1942,2018-08-28,1945,36698,1101,2,5,7,1942,0,0,0,K,0,11A1,"VERMONT AV","VISTA DEL VALLE DR",0.00,,Y,A,-,N,,,,,,,,,,Y,2,0,1,2,A,-,09,21801,A,N,A,G,A,A,H,-,B,D,0,,Y,,,Y,Y,D,22,1,0,0,0,0,0,1,0,0,"- ","- ",,,"LOS ANGELES","LOS ANGELES",-117.82311248779297,34.079761505126953
8683080,2018,2018-09-19,1900,2018-08-25,1954,606079,2607,6,5,6,1950,0,0,0,,0,264T1,"55TH ST EAST","AVE R-8",0.00,,Y,A,-,N,,,,,,,,,,Y,4,0,3,2,A,-,01,23152,A,N,D,C,A,A,H,-,C,A,0,,,,,Y,Y,A,01,0,0,3,0,0,0,0,0,0,"- ","- ",,,"LOS ANGELES",PALMDALE,-118.03173065185547,34.565261840820312
8683996,2018,2018-09-11,1900,2018-08-19,2238,600020,2112,7,5,5,1943,0,0,0,,0,212T4,"LONG BEACH BL","MARTIN LUTHER KING BL",0.00,,Y,A,-,N,,,,,,,,,,Y,3,0,2,3,A,-,01,23152,A,N,A,C,A,A,H,-,C,A,0,,,,,Y,Y,A,01,0,2,0,0,0,0,0,0,0,"- ","- ",,,"LOS ANGELES",LYNWOOD,-118.21353149414062,33.936820983886719
8684043,2018,2018-09-17,1900,2018-08-21,1255,520676,2246,2,5,3,1989,0,0,0,,0,222A,"PARKWAY CALABASAS","PARK ENTRADA",9.00,N,N,A,-,N,,,,,,,,,,Y,4,0,2,2,A,-,01,23153,A,N,C,C,A,A,H,-,A,A,0,,,,,Y,Y,A,01,0,0,2,0,0,0,0,0,0,"- ","- ",34.141681671142578,-118.65376281738281,"LOS ANGELES",CALABASAS,-118.65396118164062,34.141529083251953