CASE_ID,ACCIDENT_YEAR,PROC_DATE,JURIS,COLLISION_DATE,COLLISION_TIME,OFFICER_ID,REPORTING_DISTRICT,DAY_OF_WEEK,CHP_SHIFT,POPULATION,CNTY_CITY_LOC,SPECIAL_COND,BEAT_TYPE,CHP_BEAT_TYPE,CITY_DIVISION_LAPD,CHP_BEAT_CLASS,BEAT_NUMBER,PRIMARY_RD,SECONDARY_RD,DISTANCE,DIRECTION,INTERSECTION,WEATHER_1,WEATHER_2,STATE_HWY_IND,CALTRANS_COUNTY,CALTRANS_DISTRICT,STATE_ROUTE,ROUTE_SUFFIX,POSTMILE_PREFIX,POSTMILE,LOCATION_TYPE,RAMP_INTERSECTION,SIDE_OF_HWY,TOW_AWAY,COLLISION_SEVERITY,NUMBER_KILLED,NUMBER_INJURED,PARTY_COUNT,PRIMARY_COLL_FACTOR,PCF_CODE_OF_VIOL,PCF_VIOL_CATEGORY,PCF_VIOLATION,PCF_VIOL_SUBSECTION,HIT_AND_RUN,TYPE_OF_COLLISION,MVIW,PED_ACTION,ROAD_SURFACE,ROAD_COND_1,ROAD_COND_2,LIGHTING,CONTROL_DEVICE,CHP_ROAD_TYPE,PEDESTRIAN_ACCIDENT,BICYCLE_ACCIDENT,MOTORCYCLE_ACCIDENT,TRUCK_ACCIDENT,NOT_PRIVATE_PROPERTY,ALCOHOL_INVOLVED,STWD_VEHTYPE_AT_FAULT,CHP_VEHTYPE_AT_FAULT,COUNT_SEVERE_INJ,COUNT_VISIBLE_INJ,COUNT_COMPLAINT_PAIN,COUNT_PED_KILLED,COUNT_PED_INJURED,COUNT_BICYCLIST_KILLED,COUNT_BICYCLIST_INJURED,COUNT_MC_KILLED,COUNT_MC_INJURED,PRIMARY_RAMP,SECONDARY_RAMP,LATITUDE,LONGITUDE,COUNTY,CITY,POINT_X,POINT_Y
8750206,2018,2018-12-04,1976,2018-10-28,0319,860,,7,5,5,1976,0,0,0,,0,001,"PENN ST",GUILFORD,492.00,E,N,A,-,N,,,,,,,,,,Y,4,0,1,3,A,-,01,23152,A,N,B,E,A,A,H,-,C,D,0,,,,,Y,Y,A,01,0,0,1,0,0,0,0,0,0,"- ","- ",,,"LOS ANGELES",WHITTIER,-118.02931213378906,33.975399017333984
8750279,2018,2018-12-18,1942,2018-10-29,2045,42352,1469,1,5,7,1942,0,0,0,N,0,14A73,"LA TIJERA BL","ALVERN CIR",0.00,,-,A,-,N,,,,,,,,,,Y,3,0,1,4,A,-,00,20001,A,N,C,D,A,A,H,-,C,A,0,,,,,Y,Y,-,99,0,1,0,0,0,0,0,0,0,"- ","- ",,,"LOS ANGELES","LOS ANGELES",-118.37436676025391,33.975040435791016
8750375,2018,2018-12-06,1976,2018-11-18,0311,378,,7,5,5,1976,0,0,0,,0,001,"BEVERLY BL","WORKMAN MILL RD",15.00,W,N,A,-,N,,,,,,,,,,Y,2,0,1,1,A,-,08,22107,,N,E,I,A,A,H,-,C,A,0,,,,,Y,Y,A,01,1,0,0,0,0,0,0,0,0,"- ","- ",,,"LOS ANGELES",WHITTIER,-118.05543518066406,33.998661041259766
8750454,2018,2018-12-21,1948,2018-11-04,0149,388,1948,7,5,5,1948,0,0,0,,0,002,"N MOORE AV","W EMERSON AV",139.00,N,N,A,-,N,,,,,,,,,,,3,0,1,2,A,-,01,23152,A,N,A,E,A,A,H,-,C,D,0,,,,,Y,Y,-,,0,1,0,0,0,0,0,0,0,"- ","- ",,,"LOS ANGELES","MONTEREY PARK",-118.13062286376953,34.066490173339844
8751057,2018,2019-01-18,1942,2018-11-06,0600,38634,1614,2,5,7,1942,0,0,0,P,0,16A35,"FOOTHILL BL","PIERCE ST",27.00,N,N,A,-,N,,,,,,,,,,N,3,0,1,2,A,-,00,20015,,N,D,C,A,A,H,-,A,A,0,,,Y,,Y,Y,-,"- ",0,1,0,0,0,0,0,0,1,"- ","- ",,,"LOS ANGELES","LOS ANGELES",-118.39872741699219,34.277904510498047
8751371,2018,2018-12-20,1900,2018-11-24,1825,623588,0647,6,5,6,1985,0,0,0,,0,64T1,"RAILROAD AV","DRAYTON ST",644.00,S,N,A,-,N,,,,,,,,,,Y,3,0,1,1,A,-,01,23152,A,N,E,I,A,A,H,-,C,D,0,,,,,Y,Y,A,08,0,1,0,0,0,0,0,0,0,"- ","- ",34.405998229980469,-118.53949737548828,"LOS ANGELES","SANTA CLARITA",-118.54029846191406,34.409595489501953
8752511,2018,2019-01-23,1900,2018-11-17,0225,612439,0627,6,5,6,1985,0,0,0,,0,61T1,"NEWHALL AV","RAILROAD AV",0.00,,Y,A,-,N,,,,,,,,,,Y,3,0,1,2,A,-,01,23152,B,N,E,E,A,A,H,-,C,D,0,,,,,Y,Y,A,07,0,1,0,0,0,0,0,0,0,"- ","- ",34.375701904296875,-118.52400207519531,"LOS ANGELES","SANTA CLARITA",-118.52417755126953,34.375560760498047
8753533,2018,2019-01-22,1955,2018-12-14,1745,42305,064,5,5,6,1955,0,0,0,,0,001,"VALLEY BL","DUPONT ST",0.00,,Y,A,-,N,,,,,,,,,,Y,3,0,1,2,A,-,01,23152,A,N,C,E,A,A,H,-,C,A,0,,,,,Y,Y,D,22,0,1,0,0,0,0,0,0,0,"- ","- ",,,"LOS ANGELES",POMONA,-117.80132293701172,34.059638977050781
8754398,2018,2018-12-18,1946,2018-10-10,1659,P15,PASAD,3,5,4,1946,0,0,0,,0,003,"DUARTE RD",CALIFORNIA,478.00,,N,A,-,N,,,,,,,,,,Y,2,0,3,4,A,-,"- ",,,N,A,C,A,A,H,-,A,D,0,,,,,Y,Y,A,01,2,1,0,0,0,0,0,0,0,"- ","- ",,,"LOS ANGELES",MONROVIA,-117.99503326416016,34.132499694824219
8756153,2018,2019-01-22,1942,2018-11-29,2245,32372,1781,4,5,7,1942,0,0,0,Q,0,17A81,"DE SOTO AV","KNAPP ST",65.00,S,N,A,-,N,,,,,,,,,,N,4,0,1,2,A,-,01,23152,F,N,C,C,A,A,H,-,C,A,0,,,,,Y,Y,A,01,0,0,1,0,0,0,0,0,0,"- ","- ",,,"LOS ANGELES","LOS ANGELES",-118.58856201171875,34.238040924072266
8756495,2018,2018-12-21,1976,2018-11-25,0330,889,,7,5,3,1964,0,0,0,,0,,"FLORENCE AV","FULTON WELLS AV",150.00,W,N,A,-,N,,,,,,,,,,Y,3,0,1,4,A,-,01,23152,A,N,E,I,A,A,H,-,C,D,0,,,,,Y,Y,A,01,0,1,0,0,0,0,0,0,0,"- ","- ",,,"LOS ANGELES","SANTA FE SPRINGS",-118.07672119140625,33.935340881347656
8757135,2018,2018-12-20,1942,2018-11-24,1710,42359,0649,6,5,7,1942,0,0,0,F,0,6A48,"NORMANDIE AV","HOLLYWOOD BL",150.00,,N,A,-,N,,,,,,,,,,Y,4,0,1,8,A,-,01,23152,A,N,B,E,A,A,H,-,B,D,0,,,,,Y,Y,D,22,0,0,1,0,0,0,0,0,0,"- ","- ",,,"LOS ANGELES","LOS ANGELES",-118.30055999755859,34.101749420166016
8757322,2018,2019-01-18,1969,2018-10-31,1454,10224,TRAFF,3,5,5,1969,0,0,0,,0,004,"FIRESTONE BL","BURKE AV",0.00,,Y,A,-,N,,,,,,,,,,N,4,0,1,2,A,-,08,22107,,N,-,G,A,A,H,-,A,D,0,,Y,,,Y,Y,A,01,0,0,1,0,0,0,1,0,0,"- ","- ",,,"LOS ANGELES","SOUTH GATE",-118.18596649169922,33.9521484375
8757740,2018,2019-01-30,1942,2018-12-03,1915,35393,1205,1,5,7,1942,0,0,0,L,0,12A3,"NORMANDIE AV","51ST PL",10.00,S,N,A,-,N,,,,,,,,,,N,3,0,1,2,A,-,11,21950,B,N,G,B,B,A,H,-,C,A,0,Y,,,,Y,Y,N,60,0,1,0,0,1,0,0,0,0,"- ","- ",,,"LOS ANGELES","LOS ANGELES",-118.3001708984375,33.995922088623047
8758050,2018,2018-12-28,1942,2018-12-10,1850,42309,2137,1,5,7,1942,0,0,0,,0,21A5,"DE SOTO AV","WYANDOTTE ST",0.00,,Y,A,-,N,,,,,,,,,,Y,4,0,1,3,A,-,01,23152,A,N,A,C,A,A,H,-,C,A,0,,,,,Y,Y,A,01,0,0,1,0,0,0,0,0,0,"- ","- ",,,"LOS ANGELES","LOS ANGELES",-118.58847045898438,34.202850341796875
8758096,2018,2019-01-28,1942,2018-12-08,1920,37613,2159,6,5,7,1942,0,0,0,,0,21A29,"OAKDALE AV","VICTORY BL",0.00,,Y,A,-,N,,,,,,,,,,Y,4,0,4,2,A,-,01,23152,A,N,D,C,A,A,H,-,C,D,0,,,,,Y,Y,A,01,0,0,4,0,0,0,0,0,0,"- ","- ",,,"LOS ANGELES","LOS ANGELES",-118.56607055664062,34.186569213867188
8758143,2018,2019-01-25,1942,2018-12-08,2500,41274,1555,6,5,7,1942,0,0,0,O,0,15A67,"CAMARILLO ST","ELMER AV",0.00,,Y,A,-,N,,,,,,,,,,Y,4,0,1,2,A,-,03,22350,,M,C,E,A,A,H,-,C,D,0,,,Y,,Y,Y,C,02,0,0,1,0,0,0,0,0,1,"- ","- ",,,"LOS ANGELES","LOS ANGELES",-118.37628936767578,34.157649993896484
8758827,2018,2018-12-19,1946,2018-10-26,2244,P44,PASAD,5,5,4,1946,0,0,0,,0,001,MYRTLE,FOOTHILL,0.00,S,N,A,-,N,,,,,,,,,,N,2,0,1,2,A,-,10,21950,A,N,D,B,C,A,H,-,C,-,0,Y,,,,Y,Y,A,01,1,0,0,0,1,0,0,0,0,"- ","- ",,,"LOS ANGELES",MONROVIA,-118.00105285644531,34.151351928710938
8760365,2018,2018-12-28,1900,2018-10-27,1108,625547,1017,6,5,3,1995,0,0,0,,0,101T2,"BIG ROCK DR","LITTLE ROCK WY",0.00,,Y,A,-,N,,,,,,,,,,N,3,0,1,2,A,-,09,21801,A,N,A,G,A,A,H,-,A,D,0,,Y,,,Y,Y,A,01,0,1,0,0,0,0,1,0,0,"- ","- ",34.041908264160156,-118.61595153808594,"LOS ANGELES",MALIBU,-118.61905670166016,34.041828155517578
8760586,2018,2019-01-29,1942,2018-12-10,1956,40972,1521,1,5,7,1942,0,0,0,O,0,15A21,"SHERMAN WY","VARNA AV",75.00,W,N,A,-,N,,,,,,,,,,N,4,0,1,2,A,-,01,23152,A,F,C,C,A,A,H,-,C,A,0,,,,,Y,Y,A,01,0,0,1,0,0,0,0,0,0,"- ","- ",,,"LOS ANGELES","LOS ANGELES",-118.42498779296875,34.201198577880859
8760953,2018,2019-01-11,1942,2018-11-23,2025,34426,1354,5,5,7,1942,0,0,0,M,0,13A41,"MARTIN LUTHER KING JR BL","MAIN ST",0.00,,Y,A,-,N,,,,,,,,,,Y,4,0,1,2,A,-,01,23152,A,N,A,C,A,A,H,-,C,A,0,,,Y,,Y,Y,A,01,0,0,1,0,0,0,0,0,1,"- ","- ",,,"LOS ANGELES","LOS ANGELES",-118.27401733398438,34.011150360107422
8761848,2018,2019-01-17,1942,2018-12-31,1720,39192,1621,1,5,7,1942,0,0,0,P,0,16A11,"REMICK AV","VAN NUYS BL",15.00,N,N,A,-,N,,,,,,,,,,N,3,0,1,2,A,-,10,21950,A,F,G,B,B,A,H,-,A,D,0,Y,,,,Y,Y,-,99,0,1,0,0,1,0,0,0,0,"- ","- ",,,"LOS ANGELES","LOS ANGELES",-118.43384552001953,34.25762939453125
8761904,2018,2019-01-17,1900,2018-12-09,1634,552335,0331,7,5,4,1939,0,0,0,,0,35T1,"PRAIRIE AV","ROSECRANS AV",269.00,S,N,B,-,N,,,,,,,,,,N,3,0,1,2,A,-,05,21650,1,N,H,G,A,A,H,-,B,D,0,,Y,,,Y,Y,L,04,0,1,0,0,0,0,1,0,0,"- ","- ",33.901100158691406,-118.34390258789062,"LOS ANGELES",LAWNDALE,-118.34385681152344,33.901172637939453
8762204,2018,2019-01-22,1941,2018-12-12,1907,6268,,3,5,7,1941,0,0,0,,0,,"PARAMOUNT BL","PROPERTY LINE",20.00,N,N,A,-,N,,,,,,,,,,N,2,0,1,2,A,-,14,21201,D,N,A,G,A,A,H,-,C,D,0,,Y,,Y,Y,Y,L,,1,0,0,0,0,0,1,0,0,"- ","- ",,,"LOS ANGELES","LONG BEACH",,
8762889,2018,2019-01-29,1942,2018-12-01,0255,43183,0735,6,5,7,1942,0,0,0,G,0,7A53,"WILSHIRE BL","RIDGELEY DR",10.00,W,N,A,-,N,,,,,,,,,,Y,4,0,1,3,A,-,01,23152,A,F,B,E,E,A,H,-,C,D,0,Y,,,,Y,Y,A,01,0,0,1,0,1,0,0,0,0,"- ","- ",,,"LOS ANGELES","LOS ANGELES",-118.35049438476562,34.062351226806641
8763162,2018,2019-01-07,1942,2018-12-01,0540,34959,2079,6,5,7,1942,0,0,0,,0,20A97,"VERMONT AV","PICO BL",0.00,,Y,A,-,N,,,,,,,,,,Y,4,0,1,2,A,-,03,22350,,N,C,E,A,A,H,-,C,D,0,,,,,Y,Y,D,22,0,0,1,0,0,0,0,0,0,"- ","- ",,,"LOS ANGELES","LOS ANGELES",-118.29160308837891,34.047260284423828
8763350,2018,2019-01-03,1942,2018-10-10,1750,4327,0355,3,5,7,1942,0,0,0,C,0,3A31,"WESTERN AV","35TH ST",15.00,N,N,A,-,N,,,,,,,,,,Y,2,0,2,2,A,-,12,22450,A,N,D,D,A,A,H,-,A,D,0,,,,,Y,Y,A,01,1,0,1,0,0,0,0,0,0,"- ","- ",,,"LOS ANGELES","LOS ANGELES",,
8763785,2018,2019-01-03,1942,2018-11-28,0145,42059,1441,3,5,7,1942,0,0,0,N,0,14A11,"PACIFIC AV","26TH PL",20.00,S,N,A,-,N,,,,,,,,,,Y,4,0,3,3,A,-,01,23152,A,N,D,C,A,A,H,-,C,D,0,,,,,Y,Y,A,01,0,0,3,0,0,0,0,0,0,"- ","- ",,,"LOS ANGELES","LOS ANGELES",-118.4676513671875,33.982093811035156
8764644,2018,2018-12-28,1942,2018-11-24,2345,43275,1449,6,5,7,1942,0,0,0,N,0,14A49,"VENICE BL","MCLAUGHLIN AV",0.00,,Y,A,-,N,,,,,,,,,,Y,3,0,2,1,A,-,01,23152,A,N,E,I,A,A,H,-,C,A,0,,,,,Y,Y,A,01,0,1,1,0,0,0,0,0,0,"- ","- ",,,"LOS ANGELES","LOS ANGELES",-118.42465209960938,34.008720397949219
8764648,2018,2018-12-27,1942,2018-11-24,1750,32820,1427,6,5,7,1942,0,0,0,N,0,14A26,"CLOVER AV","BENTLEY AV",81.00,W,N,A,-,N,,,,,,,,,,Y,4,0,1,2,A,-,01,23152,A,F,H,G,A,A,H,-,C,D,0,,Y,,,Y,Y,A,01,0,0,1,0,0,0,1,0,0,"- ","- ",,,"LOS ANGELES","LOS ANGELES",-118.42632293701172,34.027069091796875
8764868,2018,2019-01-08,1942,2018-12-14,2205,42565,1979,5,5,7,1942,0,0,0,,0,19A79,"BRANDFORD ST","SHARP AV",12.00,W,N,A,-,N,,,,,,,,,,Y,4,0,1,3,A,-,01,23152,A,N,C,C,A,A,H,-,C,A,0,,,,,Y,Y,A,01,0,0,1,0,0,0,0,0,0,"- ","- ",,,"LOS ANGELES","LOS ANGELES",-118.41645200000001,34.238509999999998
8765738,2018,2019-01-28,1906,2018-12-17,1829,4406,"EL MO",1,5,5,1906,0,0,0,,0,001,"RAMONA BL","SYRACUSE AV",0.00,,Y,A,-,N,,,,,,,,,,N,4,0,1,2,A,-,00,21455,A,N,-,C,A,A,H,-,C,D,0,,,,,Y,Y,A,01,0,0,1,0,0,0,0,0,0,"- ","- ",,,"LOS ANGELES","BALDWIN PARK",-117.99569702148438,34.078140258789062
8765759,2018,2019-01-30,1955,2018-12-14,1648,PARASKA,21,5,5,6,1955,0,0,0,,0,002,"LA VERNE AV","SAN ANTONIO AV",0.00,,Y,A,-,N,,,,,,,,,,Y,3,0,3,3,A,-,01,23152,A,N,D,C,A,A,H,-,A,A,0,,,,,Y,Y,A,01,0,3,0,0,0,0,0,0,0,"- ","- ",,,"LOS ANGELES",POMONA,-117.73674011230469,34.081089019775391
8765956,2018,2019-01-07,1942,2018-11-23,0400,42147,1283,5,5,7,1942,0,0,0,L,0,12A83,"WESTERN AV","92ND ST",15.00,S,N,A,-,N,,,,,,,,,,N,4,0,1,2,A,-,03,22350,,N,C,E,A,A,-,-,C,D,0,,,,,Y,Y,A,01,0,0,1,0,0,0,0,0,0,"- ","- ",,,"LOS ANGELES","LOS ANGELES",-118.30901,33.952686999999997
8766161,2018,2019-01-15,1942,2018-10-28,0020,42948,1134,7,5,7,1942,0,0,0,K,0,11A89,"BUSHWICK ST","AVENUE 33",0.00,,Y,A,-,N,,,,,,,,,,Y,4,0,1,1,A,-,12,22450,A,N,E,I,A,A,H,-,C,D,0,,,,,Y,Y,A,01,0,0,1,0,0,0,0,0,0,"- ","- ",,,"LOS ANGELES","LOS ANGELES",-118.23967742919922,34.115188598632812
8766459,2018,2019-01-03,1942,2018-12-10,2225,42876,1323,1,5,7,1942,0,0,0,M,0,13A13,"SAN PEDRO ST","27TH ST",108.00,,N,A,-,N,,,,,,,,,,N,2,0,1,2,A,-,11,21954,A,N,G,B,D,A,H,-,C,D,0,Y,,,,Y,Y,N,60,1,0,0,0,1,0,0,0,0,"- ","- ",,,"LOS ANGELES","LOS ANGELES",-118.26190185546875,34.020618438720703
8766705,2018,2019-01-28,1942,2018-12-07,0230,42834,2026,5,5,7,1942,0,0,0,,0,20A25,"S VERMONT AV","5TH ST",150.00,N,N,A,-,N,,,,,,,,,,Y,3,0,1,2,A,-,01,23152,A,N,C,E,A,A,H,-,C,D,0,,,,,Y,Y,A,01,0,1,0,0,0,0,0,0,0,"- ","- ",,,"LOS ANGELES","LOS ANGELES",-118.29165649414062,34.065822601318359
8766909,2018,2018-12-31,1900,2018-12-06,2240,519541,0562,4,5,3,1968,0,0,0,,0,55T1EM,"PECK RD","FARNDON ST",130.00,N,N,A,-,N,,,,,,,,,,Y,2,0,1,1,A,-,01,23152,A,N,E,I,A,A,H,-,C,D,0,,,,,Y,Y,A,01,1,0,0,0,0,0,0,0,0,"- ","- ",34.040081024169922,-118.03692626953125,"LOS ANGELES","SOUTH EL MONTE",-118.03685760498047,34.039989471435547
8766968,2018,2019-01-02,1942,2018-11-23,2000,47654,0727,5,5,7,1942,0,0,0,G,0,7A33W3,"BEVERLY BL","CITRUS AV",0.00,,Y,A,-,N,,,,,,,,,,N,4,0,1,2,A,-,10,21950,A,N,G,B,B,A,H,-,C,D,0,Y,,,,Y,Y,A,07,0,0,1,0,1,0,0,0,0,"- ","- ",,,"LOS ANGELES","LOS ANGELES",-118.33968353271484,34.076179504394531
8767036,2018,2019-01-03,1913,2018-11-15,1544,4019,27,4,5,4,1913,0,0,0,,0,002,"INDIAN HILL BL","OAK PARK DR",0.00,,Y,A,-,N,,,,,,,,,,Y,3,0,1,2,A,-,01,23152,A,N,A,C,A,A,H,-,A,A,0,,,,,Y,Y,A,01,0,1,0,0,0,0,0,0,0,"- ","- ",,,"LOS ANGELES",CLAREMONT,-117.71922302246094,34.086841583251953
8767189,2018,2018-12-28,1942,2018-11-29,0035,42818,1503,4,5,7,1942,0,0,0,O,0,15A3,"SHERMAN AV","LAUREL CANYON BL",620.00,W,N,C,-,N,,,,,,,,,,Y,3,0,1,1,A,-,01,23152,A,N,E,I,A,B,H,-,C,D,0,,,,,Y,Y,A,01,0,1,0,0,0,0,0,0,0,"- ","- ",,,"LOS ANGELES","LOS ANGELES",-118.39851379394531,34.201004028320312
8768452,2018,2019-01-26,1942,2018-12-15,0130,43149,0946,6,5,7,1942,0,0,0,I,0,9X16,"BURBANK BL","MAMMOTH AV",100.00,E,N,A,-,N,,,,,,,,,,Y,4,0,1,2,A,-,01,23152,A,N,B,E,A,A,H,-,C,D,0,,,,,Y,Y,A,01,0,0,1,0,0,0,0,0,0,"- ","- ",,,"LOS ANGELES","LOS ANGELES",-118.43202972412109,34.172130584716797
8768457,2018,2019-01-03,1942,2018-11-17,1200,38502,1169,6,5,7,1942,0,0,0,K,0,11A37,"52ND AV","ECHO ST",0.00,,Y,A,-,N,,,,,,,,,,Y,3,0,3,2,A,-,01,23152,A,F,-,C,A,A,H,-,A,D,0,,,,,Y,Y,A,01,0,1,2,0,0,0,0,0,0,"- ","- ",,,"LOS ANGELES","LOS ANGELES",-118.19870758056641,34.105159759521484
8768996,2018,2019-01-17,1900,2018-12-22,0028,453085,2118,6,5,5,1943,0,0,0,,0,212T4,"NORTON AV","SAN JOSE AV",0.00,,Y,B,-,N,,,,,,,,,,Y,3,0,1,2,A,-,03,22350,,N,D,E,A,A,H,-,C,A,0,,,,,Y,Y,A,01,0,1,0,0,0,0,0,0,0,"- ","- ",,,"LOS ANGELES",LYNWOOD,-118.21745300292969,33.933670043945312
8770525,2018,2019-01-30,1976,2018-12-21,1739,331,1976,5,5,3,1964,0,0,0,,0,001,"SORENSEN AV","SLAUSON AV",215.00,N,N,A,-,N,,,,,,,,,,Y,4,0,3,3,A,-,01,23152,A,N,C,C,A,A,H,-,C,D,0,,,,,Y,Y,A,07,0,0,3,0,0,0,0,0,0,"- ","- ",,,"LOS ANGELES","SANTA FE SPRINGS",-118.06038665771484,33.964149475097656
8770718,2019,2019-02-02,1967,2019-01-01,2005,116,,2,5,2,1967,0,0,0,,0,SOUTH,HILL,"GAVIOTA AV",98.00,W,N,A,-,N,,,,,,,,,,Y,4,0,1,2,A,-,01,23152,A,M,C,E,A,A,H,-,C,D,0,,,,,Y,Y,A,01,0,0,1,0,0,0,0,0,0,"- ","- ",,,"LOS ANGELES","SIGNAL HILL",-118.17124938964844,33.797130584716797
8772070,2018,2019-01-12,1942,2018-12-01,0445,43199,0469,6,5,7,1942,0,0,0,D,0,4A59,"E 1ST ST","INDIANA ST",100.00,W,-,A,-,N,,,,,,,,,,Y,4,0,1,1,A,-,03,22350,,N,E,I,A,A,H,-,C,D,0,,,,,Y,Y,D,22,0,0,1,0,0,0,0,0,0,"- ","- ",,,"LOS ANGELES","LOS ANGELES",-118.19270324707031,34.036102294921875
8772212,2018,2019-01-18,1942,2018-12-29,1550,37080,1591,6,5,7,1942,0,0,0,O,0,10TL38,"LAUREL CANYON","MULHOLLAND DR",405.00,N,N,A,-,N,,,,,,,,,,Y,2,0,2,3,A,-,01,23152,A,N,A,C,A,A,H,-,D,A,0,,,,,Y,Y,A,01,2,0,0,0,0,0,0,0,0,"- ","- ",,,"LOS ANGELES","LOS ANGELES",-118.37630462646484,34.124355316162109
8772352,2018,2019-01-11,1942,2018-12-10,1830,34599,2144,1,5,7,1942,0,0,0,,0,21A43,"OXNARD ST","FALLBROOK AV",255.00,E,N,A,-,N,,,,,,,,,,N,4,0,1,1,A,-,01,23152,A,N,E,I,A,A,H,-,D,A,0,,,,,Y,Y,A,07,0,0,1,0,0,0,0,0,0,"- ","- ",,,"LOS ANGELES","LOS ANGELES",-118.62250518798828,34.179206848144531
8772993,2018,2019-01-12,1955,2018-12-23,0621,42045,95,7,5,6,1955,0,0,0,,0,004,"GAREY AV","GRAND AV",0.00,,Y,A,-,N,,,,,,,,,,Y,3,0,1,2,A,-,00,21353,A,N,D,C,A,A,H,-,A,A,0,,,,,Y,Y,A,01,0,1,0,0,0,0,0,0,0,"- ","- ",,,"LOS ANGELES",POMONA,-117.74984741210938,34.047821044921875
8773526,2018,2019-01-30,1972,2018-10-11,1415,14197,,4,5,6,1972,0,0,0,,0,,"WESTERN AV","221ST ST",85.00,S,N,A,-,Y,LA,7,213,-,-,7.620,H,-,S,Y,4,0,1,2,A,-,12,21453,A,N,C,C,A,A,H,-,A,A,0,,,,,Y,Y,A,,0,0,1,0,0,0,0,0,0,"- ","- ",,,"LOS ANGELES",TORRANCE,-118.30904388427734,33.826408386230469
8773840,2018,2019-01-30,1947,2018-12-27,2157,1409,,4,5,5,1947,0,0,0,,0,00A,"N HAY ST","W VIA ACOSTA AV",0.00,,Y,A,-,N,,,,,,,,,,N,4,0,1,2,A,-,12,22450,,M,D,C,A,-,H,-,C,A,0,,,,,Y,Y,A,01,0,0,1,0,0,0,0,0,0,"- ","- ",34.023128509521484,-118.12950134277344,"LOS ANGELES",MONTEBELLO,-118.12947082519531,34.023128509521484
8774375,2018,2019-01-18,1942,2018-12-21,2225,36504,1487,5,5,7,1942,0,0,0,N,0,14A73,"S SEPULVEDA BL","LA TIJERA BL",0.00,,Y,A,-,N,,,,,,,,,,Y,3,0,9,4,A,-,01,23152,A,N,D,C,A,A,H,-,C,A,0,,,,,Y,Y,A,01,0,3,6,0,0,0,0,0,0,"- ","- ",,,"LOS ANGELES","LOS ANGELES",-118.39623260498047,33.957241058349609
8774383,2018,2019-01-18,1942,2018-12-15,0155,43452,1455,6,5,7,1942,0,0,0,N,0,14A49,"CULVER BL","BRADDOCK DR",1000.00,E,N,A,-,N,,,,,,,,,,Y,2,0,1,2,A,-,01,23152,A,N,A,E,A,A,H,-,C,A,0,,,,,Y,Y,A,07,1,0,0,0,0,0,0,0,0,"- ","- ",,,"LOS ANGELES","LOS ANGELES",-118.42318725585938,33.988170623779297
8775237,2018,2019-01-10,1972,2018-09-26,2230,20987,,3,5,6,1972,0,0,0,,0,,"TORRANCE BL","CRENSHAW BL",60.00,,N,C,-,N,,,,,,,,,,N,3,0,1,1,A,-,01,23152,A,N,H,J,A,A,H,-,A,A,0,,,,,Y,Y,A,,0,1,0,0,0,0,0,0,0,"- ","- ",,,"LOS ANGELES",TORRANCE,-118.32871246337891,33.836341857910156
8775471,2018,2019-01-26,1942,2018-12-13,1725,35161,0841,4,5,7,1942,0,0,0,H,0,8A13,"WILSHIRE BL","S BUNDY DR",0.00,,Y,A,-,N,,,,,,,,,,N,4,0,1,3,A,-,04,21703,,N,C,C,A,A,H,-,C,A,0,,,,,Y,Y,A,07,0,0,1,0,0,0,0,0,0,"- ","- ",,,"LOS ANGELES","LOS ANGELES",-118.46749877929688,34.044071197509766
8775575,2018,2019-01-28,1942,2018-12-11,1630,41970,727,2,5,7,1942,0,0,0,,0,7EL6,HIGHLAND,3RD,0.00,,Y,A,-,N,,,,,,,,,,N,3,0,1,2,A,-,03,22350,,F,C,C,A,A,H,-,A,A,0,,,,,Y,Y,A,01,0,1,0,0,0,0,0,0,0,"- ","- ",,,"LOS ANGELES","LOS ANGELES",-118.33863830566406,34.06890869140625
8776052,2019,2019-02-02,1942,2019-01-05,2025,40388,1004,6,5,7,1942,0,0,0,J,0,10A3,"RESEDA BL","INGOMAR ST",165.00,S,N,C,-,N,,,,,,,,,,Y,2,0,4,3,A,-,01,23152,A,N,C,C,A,B,H,-,C,A,0,,,,,Y,Y,A,01,1,2,1,0,0,0,0,0,0,"- ","- ",,,"LOS ANGELES","LOS ANGELES",-118.53605651855469,34.211566925048828
8776068,2019,2019-02-02,1942,2019-01-01,2315,34561,2125,2,5,7,1942,0,0,0,,0,21A5,"OWENSMOUTH AV","SATICOY ST",600.00,N,N,A,-,N,,,,,,,,,,N,4,0,3,2,A,-,21,22106,,N,D,C,A,A,H,-,C,D,0,,,,,Y,Y,A,07,0,0,3,0,0,0,0,0,0,"- ","- ",,,"LOS ANGELES","LOS ANGELES",-118.60160064697266,34.209964752197266
8776262,2018,2019-02-01,1942,2018-12-27,1815,38125,0946,4,5,7,1942,0,0,0,I,0,9X16,"WOODMAN AV","BURBANK BL",100.00,S,N,A,G,N,,,,,,,,,,N,4,0,1,2,A,-,08,22107,,F,B,C,A,A,H,-,C,A,0,,,,,Y,Y,-,99,0,0,1,0,0,0,0,0,0,"- ","- ",,,"LOS ANGELES","LOS ANGELES",-118.43125915527344,34.171855926513672
8776298,2018,2019-02-01,1942,2018-12-11,2315,42780,1831,2,5,7,1942,0,0,0,R,0,18A63,"EL SEGUNDO","VERMONT AV",5.00,E,N,A,-,N,,,,,,,,,,Y,4,0,1,2,A,-,01,23152,A,N,C,C,A,A,H,-,C,A,0,,,,,Y,Y,A,01,0,0,1,0,0,0,0,0,0,"- ","- ",,,"LOS ANGELES","LOS ANGELES",-118.29156494140625,33.916419982910156