CASE_ID,ACCIDENT_YEAR,PROC_DATE,JURIS,COLLISION_DATE,COLLISION_TIME,OFFICER_ID,REPORTING_DISTRICT,DAY_OF_WEEK,CHP_SHIFT,POPULATION,CNTY_CITY_LOC,SPECIAL_COND,BEAT_TYPE,CHP_BEAT_TYPE,CITY_DIVISION_LAPD,CHP_BEAT_CLASS,BEAT_NUMBER,PRIMARY_RD,SECONDARY_RD,DISTANCE,DIRECTION,INTERSECTION,WEATHER_1,WEATHER_2,STATE_HWY_IND,CALTRANS_COUNTY,CALTRANS_DISTRICT,STATE_ROUTE,ROUTE_SUFFIX,POSTMILE_PREFIX,POSTMILE,LOCATION_TYPE,RAMP_INTERSECTION,SIDE_OF_HWY,TOW_AWAY,COLLISION_SEVERITY,NUMBER_KILLED,NUMBER_INJURED,PARTY_COUNT,PRIMARY_COLL_FACTOR,PCF_CODE_OF_VIOL,PCF_VIOL_CATEGORY,PCF_VIOLATION,PCF_VIOL_SUBSECTION,HIT_AND_RUN,TYPE_OF_COLLISION,MVIW,PED_ACTION,ROAD_SURFACE,ROAD_COND_1,ROAD_COND_2,LIGHTING,CONTROL_DEVICE,CHP_ROAD_TYPE,PEDESTRIAN_ACCIDENT,BICYCLE_ACCIDENT,MOTORCYCLE_ACCIDENT,TRUCK_ACCIDENT,NOT_PRIVATE_PROPERTY,ALCOHOL_INVOLVED,STWD_VEHTYPE_AT_FAULT,CHP_VEHTYPE_AT_FAULT,COUNT_SEVERE_INJ,COUNT_VISIBLE_INJ,COUNT_COMPLAINT_PAIN,COUNT_PED_KILLED,COUNT_PED_INJURED,COUNT_BICYCLIST_KILLED,COUNT_BICYCLIST_INJURED,COUNT_MC_KILLED,COUNT_MC_INJURED,PRIMARY_RAMP,SECONDARY_RAMP,LATITUDE,LONGITUDE,COUNTY,CITY,POINT_X,POINT_Y
8804580,2019,2019-03-06,1942,2019-02-21,1900,41844,504,4,5,7,1942,0,0,0,,0,5A1,"NORMANDIE AV","TORRANCE BL",0.00,,Y,A,-,N,,,,,,,,,,N,2,0,1,2,A,-,09,21801,A,N,D,G,A,A,H,-,C,A,0,,Y,,,Y,Y,L,04,1,0,0,0,0,0,1,0,0,"- ","- ",,,"LOS ANGELES","LOS ANGELES",-118.29962158203125,33.841960906982422
8805497,2019,2019-02-21,1975,2019-01-10,1616,369,,4,5,6,1975,0,0,0,,0,004,"CAMERON AV","AVINGTON AV",25.00,E,N,A,-,N,,,,,,,,,,Y,3,0,1,1,A,-,03,22350,,N,E,J,A,A,H,-,A,D,0,,,,,Y,Y,-,,0,1,0,0,0,0,0,0,0,"- ","- ",,,"LOS ANGELES","WEST COVINA",-117.91835021972656,34.061187744140625
8805711,2019,2019-02-19,1955,2019-01-05,2306,41883,4,6,5,6,1955,0,0,0,,0,001,"3RD ST","THOMAS ST",48.00,E,N,C,-,N,,,,,,,,,,N,3,0,2,2,A,-,01,23152,A,N,C,C,A,B,H,-,C,A,0,,,,,Y,Y,-,,0,2,0,0,0,0,0,0,0,"- ","- ",,,"LOS ANGELES",POMONA,-117.75105285644531,34.056880950927734
8806061,2019,2019-02-26,1938,2019-01-11,2001,1080,AREA2,5,5,4,1938,0,0,0,,0,002,"ARROW HWY","WHEELER AV",0.00,,Y,B,-,N,,,,,,,,,,Y,3,0,4,3,A,-,01,23153,A,N,C,D,A,A,H,-,C,A,0,,,,,Y,Y,A,01,0,1,3,0,0,0,0,0,0,"- ","- ",,,"LOS ANGELES","LA VERNE",-117.78112030029297,34.1002197265625
8806236,2019,2019-02-26,1953,2019-01-18,2132,1928,1953,5,5,6,1953,0,0,0,,0,004,"EATON DR","SIERRA MADRE BL",0.00,,Y,A,-,N,,,,,,,,,,Y,4,0,1,1,A,-,01,23152,A,N,E,J,A,A,H,-,C,A,0,,,,,Y,Y,A,07,0,0,1,0,0,0,0,0,0,"- ","- ",,,"LOS ANGELES",PASADENA,-118.09017944335938,34.161380767822266
8806243,2018,2019-02-28,1924,2018-12-27,1839,80420,G44,4,5,5,1924,0,0,0,,0,8L2S,"ARTESIA BL","DALTON AV",15.00,W,N,A,-,N,,,,,,,,,,N,4,0,1,2,A,-,10,21950,A,N,G,B,B,A,H,-,C,A,0,Y,,,,Y,Y,A,01,0,0,1,0,1,0,0,0,0,"- ","- ",33.872829437255859,-118.30368041992188,"LOS ANGELES",GARDENA,-118.30378723144531,33.872951507568359
8806336,2019,2019-03-04,1942,2019-01-28,0945,40574,1729,1,5,7,1942,0,0,0,Q,0,17A35,"RINALDI ST","BALBOA BL",0.00,,Y,A,-,N,,,,,,,,,,Y,4,0,1,2,A,-,09,21801,A,N,D,C,A,A,H,-,A,A,0,,,,,Y,Y,A,01,0,0,1,0,0,0,0,0,0,"- ","- ",,,"LOS ANGELES","LOS ANGELES",-118.50212097167969,34.279300689697266
8806408,2019,2019-03-11,1942,2019-01-07,1000,38729,0218,1,5,7,1942,0,0,0,B,0,2A39,"GLENDALE BL","BELLEVUE AV",130.00,N,N,C,-,N,,,,,,,,,,Y,3,0,1,1,A,-,01,23152,A,N,A,I,A,B,H,-,A,D,0,,,,,Y,Y,D,22,0,1,0,0,0,0,0,0,0,"- ","- ",,,"LOS ANGELES","LOS ANGELES",-118.26146697998047,34.070964813232422
8806717,2019,2019-04-05,1942,2019-02-05,0615,37505,0185,2,5,7,1942,0,0,0,A,0,1A85,"S LOS ANGELES ST","E 9TH ST",0.00,,Y,A,-,N,,,,,,,,,,Y,4,0,1,3,A,-,12,21453,A,N,D,C,A,B,H,-,A,A,0,,,,,Y,Y,D,22,0,0,1,0,0,0,0,0,0,"- ","- ",,,"LOS ANGELES","LOS ANGELES",-118.25408935546875,34.04071044921875
8806746,2019,2019-03-05,1942,2019-01-18,1920,42665,1249,5,5,7,1942,0,0,0,L,0,12A49,"FIGUEROA ST","69TH ST",113.00,S,N,A,-,N,,,,,,,,,,Y,2,0,5,2,A,-,01,23152,A,N,A,C,A,A,H,-,C,A,0,,,,,Y,Y,A,01,1,0,4,0,0,0,0,0,0,"- ","- ",,,"LOS ANGELES","LOS ANGELES",-118.28269958496094,33.977039337158203
8806774,2019,2019-03-05,1942,2019-01-18,1935,43210,216,5,5,7,1942,0,0,0,,0,2A47,"SUNSET BL","CORONADO ST",0.00,,Y,A,-,N,,,,,,,,,,N,4,0,1,2,A,-,08,22102,,N,D,C,A,A,H,-,C,D,0,,,Y,,Y,Y,A,01,0,0,1,0,0,0,0,0,1,"- ","- ",,,"LOS ANGELES","LOS ANGELES",-118.26911163330078,34.079330444335938
8806832,2019,2019-02-28,1942,2019-01-10,0755,37416,1465,4,5,7,1942,0,0,0,N,0,14A49,"N JEFFERSON BL","CENTINELA AV",150.00,W,N,A,-,N,,,,,,,,,,N,3,0,1,2,C,-,18,,,N,H,G,A,A,H,-,A,D,0,,Y,,,Y,Y,-,"- ",0,1,0,0,0,0,1,0,0,"- ","- ",,,"LOS ANGELES","LOS ANGELES",-118.40917205810547,33.981330871582031
8807384,2018,2019-03-08,1942,2018-12-07,0530,3966,935,5,5,7,1942,0,0,0,,0,9A41,"VAN NUYS BL","DELANO ST",0.00,,Y,A,-,N,,,,,,,,,,Y,4,0,2,2,A,-,12,21453,A,N,D,C,A,B,H,-,B,A,0,,,Y,,Y,Y,-,"- ",0,0,2,0,0,0,0,0,2,"- ","- ",,,"LOS ANGELES","LOS ANGELES",-118.44873809814453,34.182640075683594
8808117,2019,2021-05-25,1942,2019-04-13,0251,37511,0666,6,5,7,1942,0,0,0,F,0,6A67,"SUNSET BL","VINE ST",41.00,E,N,A,-,N,,,,,,,,,,Y,1,1,0,2,A,-,01,23152,F,F,G,B,E,A,H,-,C,D,0,Y,,,,Y,Y,D,22,0,0,0,1,0,0,0,0,0,"- ","- ",,,"LOS ANGELES","LOS ANGELES",-118.32649230957031,34.098007202148438
8808143,2019,2021-05-25,1900,2019-03-14,1800,437456,0649,4,5,6,1985,0,0,0,,0,64T1,"VIA JOYCE DR","PLUM CANYON RD",318.00,N,N,A,-,N,,,,,,,,,,Y,1,1,0,1,A,-,01,23152,A,N,E,I,A,A,H,-,A,D,0,,,Y,,Y,Y,C,02,0,0,0,0,0,0,0,1,0,"- ","- ",34.448501586914062,-118.48960113525391,"LOS ANGELES","SANTA CLARITA",-118.48963165283203,34.448284149169922
8808248,2019,2019-08-12,1900,2019-07-07,1650,536813,0647,7,5,6,1985,0,0,0,,0,62T1,"RAILROAD AV","OAK RIDGE DR",1584.00,S,N,A,-,N,,,,,,,,,,Y,3,0,2,2,A,-,01,23152,A,N,B,C,A,A,H,-,A,D,0,,,,,Y,Y,A,01,0,1,1,0,0,0,0,0,0,"- ","- ",34.396499633789062,-118.5386962890625,"LOS ANGELES","SANTA CLARITA",-118.53899383544922,34.396286010742188
8808321,2019,2021-05-25,1942,2019-05-11,2235,37724,1245,6,5,7,1942,0,0,0,L,0,12A45,"S VERMONT AV","W 69TH ST",0.00,,Y,A,-,N,,,,,,,,,,N,1,1,0,3,A,-,11,21456,B,N,G,B,D,A,H,-,C,A,0,Y,,,,Y,Y,N,60,0,0,0,1,0,0,0,0,0,"- ","- ",,,"LOS ANGELES","LOS ANGELES",-118.29184722900391,33.977031707763672
8808349,2019,2021-05-20,1942,2019-06-16,0050,32774,,7,5,7,1942,0,0,0,,0,,"DE GARMO AV","TYLER ST",156.00,S,N,A,-,N,,,,,,,,,,N,1,1,0,2,A,-,03,22350,,F,C,G,A,A,H,-,C,D,0,,Y,,,Y,Y,-,99,0,0,0,0,0,1,0,0,0,"- ","- ",,,"LOS ANGELES","LOS ANGELES",-118.45429992675781,34.308673858642578
8808402,2019,2021-05-20,1976,2019-06-28,2318,449,,5,5,5,1976,0,0,0,,0,002,"WHITTIER BL","PENN ST",289.00,W,N,A,-,Y,LA,7,72,-,-,4.910,H,-,N,Y,1,1,0,2,A,-,11,21954,A,N,G,B,D,A,H,-,D,D,0,Y,,,,Y,Y,N,60,0,0,0,1,0,0,0,0,0,"- ","- ",,,"LOS ANGELES",WHITTIER,-118.04738616943359,33.976272583007812
8808476,2019,2019-09-05,1941,2019-08-18,0240,6308,,7,5,7,1941,0,0,0,,0,,"PACIFIC COAST HWY","GRAND AV",128.00,E,N,B,-,Y,LA,7,1,-,-,3.860,H,-,N,Y,1,1,2,2,A,-,01,23152,,N,D,C,A,A,H,-,C,D,0,,,,,Y,Y,A,,0,2,0,0,0,0,0,0,0,"- ","- ",,,"LOS ANGELES","LONG BEACH",-118.14772796630859,33.789909362792969
8808479,2019,2021-05-20,1900,2019-08-13,2002,625546,1366,2,5,5,1952,0,0,0,,0,136,"ORANGE AV","MYRRH ST",8.00,N,N,A,-,N,,,,,,,,,,N,1,1,0,2,A,-,10,21950,A,F,G,B,B,A,H,-,C,D,0,Y,,,,Y,Y,A,01,0,0,0,1,0,0,0,0,0,"- ","- ",33.892829895019531,-118.17754364013672,"LOS ANGELES",PARAMOUNT,-118.177490234375,33.892753601074219
8808647,2019,2020-02-10,1900,2019-09-21,1721,611053,1013,6,5,3,1995,0,0,0,,0,101,"RT 1","KANAN DUME RD",0.00,,Y,A,-,Y,LA,7,1,-,-,54.020,I,5,N,Y,2,0,1,1,A,-,01,23152,A,F,E,J,A,A,H,-,A,A,0,,,,,Y,Y,A,01,1,0,0,0,0,0,0,0,0,"- ","- ",34.021480560302734,-118.80283355712891,"LOS ANGELES",MALIBU,-118.80258941650391,34.021553039550781
8808901,2018,2019-03-12,1905,2018-12-08,2241,1163,323,6,5,4,1905,0,0,0,,0,003,"CERRITOS AV","FOOTHILL BL",106.00,S,N,A,-,N,,,,,,,,,,N,3,0,1,3,A,-,11,21954,A,M,G,B,D,A,H,-,C,A,0,Y,,,,Y,Y,N,60,0,1,0,0,1,0,0,0,0,"- ","- ",34.131999969482422,-117.89900207519531,"LOS ANGELES",AZUSA,-117.90003204345703,34.133270263671875
8809357,2019,2019-05-29,1942,2019-01-16,2150,43027,2136,3,5,7,1942,0,0,0,,0,21A5,"CANOGA AV","SHERMAN WY",0.00,,Y,A,-,N,,,,,,,,,,N,4,0,1,2,A,-,09,21801,A,M,C,G,A,A,H,-,C,D,0,,Y,,,Y,Y,-,99,0,0,1,0,0,0,1,0,0,"- ","- ",,,"LOS ANGELES","LOS ANGELES",-118.59770965576172,34.201030731201172
8809359,2019,2019-05-18,1942,2019-01-26,1240,35675,0984,6,5,7,1942,0,0,0,I,0,9A89W2,"BEVERLY GLEN BL","GREENLEAF ST",35.00,S,N,A,-,N,,,,,,,,,,N,4,0,4,4,A,-,03,22350,,N,C,C,A,A,H,-,A,D,0,,,,,Y,Y,A,01,0,0,4,0,0,0,0,0,0,"- ","- ",,,"LOS ANGELES","LOS ANGELES",-118.44657135009766,34.147624969482422
8810081,2019,2019-03-22,1941,2019-02-17,1837,10772,,7,5,7,1941,0,0,0,,0,,"LONG BEACH BL","20TH ST",0.00,,Y,A,G,N,,,,,,,,,,Y,4,0,1,2,A,-,09,21800,A,N,D,C,A,A,H,-,C,A,0,,,,,Y,Y,A,,0,0,1,0,0,0,0,0,0,"- ","- ",,,"LOS ANGELES","LONG BEACH",-118.18946838378906,33.793498992919922
8810170,2019,2019-03-12,1905,2019-01-01,0037,1165,111,2,5,4,1905,0,0,0,,0,002,"N SAN GABRIEL AVE","2ND ST",252.00,S,N,B,-,N,,,,,,,,,,Y,3,0,1,1,A,-,03,22350,,N,H,I,A,A,H,-,C,A,0,,,Y,,Y,Y,C,02,0,1,0,0,0,0,0,0,1,"- ","- ",34.121700286865234,-117.90879821777344,"LOS ANGELES",AZUSA,-117.90864562988281,34.123771667480469
8810254,2019,2019-03-21,1942,2019-02-15,0230,39059,0974,5,5,7,1942,0,0,0,I,0,9A79,"VAN NUYS BL","KLING ST",250.00,N,N,C,-,N,,,,,,,,,,Y,4,0,2,2,A,-,12,21453,A,N,D,C,A,B,H,-,C,A,0,,,,,Y,Y,-,"- ",0,0,2,0,0,0,0,0,0,"- ","- ",,,"LOS ANGELES","LOS ANGELES",-118.44869232177734,34.156715393066406
8810350,2019,2019-03-19,1942,2019-02-03,0845,43166,"LOS A",7,5,7,1942,0,0,0,,0,1745,"ENCINO AV","KINGSBURY ST",0.00,,Y,B,-,N,,,,,,,,,,Y,4,0,1,2,A,-,12,22450,A,N,D,C,A,B,H,-,C,A,0,,,,,Y,Y,A,01,0,0,1,0,0,0,0,0,0,"- ","- ",34.263568878173828,-118.51541137695312,"LOS ANGELES","LOS ANGELES",-118.51541900634766,34.263641357421875
8810485,2019,2019-04-05,1942,2019-02-11,1900,36599,1031,1,5,7,1942,0,0,0,J,0,10A21,"VICTORY BL","TAMPA AV",200.00,W,N,A,-,N,,,,,,,,,,N,3,0,1,2,A,-,03,22350,,N,C,D,A,A,H,-,C,A,0,,,,,Y,Y,A,01,0,1,0,0,0,0,0,0,0,"- ","- ",,,"LOS ANGELES","LOS ANGELES",-118.55415344238281,34.186569213867188
8810762,2018,2019-03-11,1933,2018-11-14,0734,869,02,3,5,6,1933,0,0,0,,0,001,"FAIRVIEW BL","LA BREA AV",0.00,,Y,A,-,N,,,,,,,,,,Y,4,0,1,2,A,-,05,21651,B,N,A,C,A,A,H,-,A,A,0,,,,,Y,Y,A,01,0,0,1,0,0,0,0,0,0,"- ","- ",33.979400634765625,-118.35787963867188,"LOS ANGELES",INGLEWOOD,-118.35791015625,33.979278564453125
8810937,2018,2019-03-11,1933,2018-12-03,1618,869,36,1,5,6,1933,0,0,0,,0,004,"IMPERIAL HWY","SIMMS AV",320.00,E,N,A,-,N,,,,,,,,,,Y,4,0,3,2,A,-,09,21801,A,N,D,C,A,A,H,-,A,A,0,,,,,Y,Y,A,01,0,0,3,0,0,0,0,0,0,"- ","- ",33.93096923828125,-118.32913970947266,"LOS ANGELES",INGLEWOOD,-118.32811737060547,33.931015014648438
8811054,2018,2019-03-15,1933,2018-12-07,1420,1041,18,5,5,6,1933,0,0,0,,0,002,"OSAGE AV","KELSO ST",100.00,N,N,A,-,N,,,,,,,,,,N,4,0,1,2,A,-,03,22350,,F,G,B,E,A,H,-,A,A,0,Y,,,,Y,Y,A,01,0,0,1,0,1,0,0,0,0,"- ","- ",33.956779479980469,-118.34539031982422,"LOS ANGELES",INGLEWOOD,-118.34546661376953,33.957015991210938
8811544,2019,2019-03-25,1942,2019-03-05,1920,42565,1969,2,5,7,1942,0,0,0,,0,19A79,"OSBORNE ST","ARLETA AV",0.00,,Y,C,-,N,,,,,,,,,,Y,4,0,2,2,A,-,01,23152,A,N,A,C,A,B,H,-,C,A,0,,,,,Y,Y,A,01,0,0,2,0,0,0,0,0,0,"- ","- ",,,"LOS ANGELES","LOS ANGELES",-118.42610931396484,34.242080688476562
8812005,2019,2019-03-04,1948,2019-02-01,2200,420,1948,5,5,5,1948,0,0,0,,0,002,"NEWMARK AV","ATLANTIC BL",8.00,E,N,C,-,N,,,,,,,,,,N,4,0,1,2,A,-,10,21950,A,N,G,B,B,B,H,-,C,A,0,Y,,,,Y,Y,-,,0,0,1,0,1,0,0,0,0,"- ","- ",,,"LOS ANGELES","MONTEREY PARK",-118.13359069824219,34.059780120849609
8812424,2019,2019-03-05,1942,2019-02-17,2330,42728,1834,7,5,7,1942,0,0,0,R,0,18A41,"CENTURY BL",BROADWAY,300.00,E,N,A,-,N,,,,,,,,,,Y,3,0,1,2,A,-,09,21804,A,N,C,C,A,A,H,-,C,D,0,,,,,Y,Y,A,01,0,1,0,0,0,0,0,0,0,"- ","- ",,,"LOS ANGELES","LOS ANGELES",-118.27740478515625,33.945549011230469
8813615,2019,2019-03-11,1955,2019-02-15,2020,42254,98,5,5,6,1955,0,0,0,,0,003,"INDIAN HILL BL","HOLT AV",315.00,N,N,C,-,N,,,,,,,,,,Y,4,0,2,3,A,-,01,23152,A,N,B,C,A,B,H,-,C,D,0,,,,,Y,Y,A,01,0,0,2,0,0,0,0,0,0,"- ","- ",,,"LOS ANGELES",POMONA,-117.71920013427734,34.064071655273438
8814274,2019,2019-04-03,1900,2019-01-18,1500,542244,2812,5,5,5,1915,0,0,0,,0,283T1,"EL SEGUNDO BL","COMPTON AV",7.00,E,N,A,-,N,,,,,,,,,,Y,3,0,1,1,A,-,03,22350,,N,E,I,A,A,H,-,A,A,0,,,,,Y,Y,A,01,0,1,0,0,0,0,0,0,0,"- ","- ",,,"LOS ANGELES",COMPTON,-118.24620819091797,33.916217803955078
8816908,2019,2019-03-20,1976,2019-02-14,2320,202,,4,5,5,1976,0,0,0,,0,003,"PAINTER AV","MAR VISTA ST",0.00,,Y,B,-,N,,,,,,,,,,Y,3,0,2,2,A,-,01,23152,A,N,A,C,A,B,H,-,C,A,0,,,,,Y,Y,A,01,0,2,0,0,0,0,0,0,0,"- ","- ",,,"LOS ANGELES",WHITTIER,-118.03267669677734,33.973499298095703
8818295,2019,2019-03-21,1941,2019-03-12,2311,10318,,2,5,7,1941,0,0,0,,0,,"4TH ST EAST","HERMOSA AV",46.00,E,N,A,-,N,,,,,,,,,,Y,4,0,1,4,A,-,01,23152,A,N,D,E,A,A,H,-,C,D,0,,,,,Y,Y,A,,0,0,1,0,0,0,0,0,0,"- ","- ",,,"LOS ANGELES","LONG BEACH",-118.16915893554688,33.771709442138672
8819534,2019,2019-03-11,1900,2019-01-15,1459,626678,1335,2,5,5,1908,0,0,0,,0,133T2,"RT 19","ROSE ST",170.00,N,N,A,-,N,,,,,,,,,,Y,4,0,1,2,A,-,01,23152,A,N,C,C,A,B,H,-,A,D,0,,,,,Y,Y,A,01,0,0,1,0,0,0,0,0,0,"- ","- ",,,"LOS ANGELES",BELLFLOWER,-118.14255523681641,33.870044708251953
8819563,2017,2019-03-12,1938,2017-09-23,0002,363,,6,5,4,1938,0,0,0,,0,,"MORENO AV","GLADSTONE ST",34.00,N,-,A,-,N,,,,,,,,,,Y,4,0,1,1,A,-,01,23152,A,N,E,I,A,A,H,-,C,A,0,,,,,Y,Y,A,01,0,0,1,0,0,0,0,0,0,"- ","- ",,,"LOS ANGELES","LA VERNE",-117.78286792999999,34.112567589999998
8820243,2019,2019-05-07,1910,2019-01-28,2134,4223,,1,5,4,1910,0,0,0,,0,004,"S WHITTIER DR","W WILSHIRE BL",0.00,,Y,A,-,N,,,,,,,,,,Y,4,0,2,3,A,-,09,21801,A,N,A,C,A,A,H,-,B,A,0,,,,,Y,Y,A,01,0,0,2,0,0,0,0,0,0,"- ","- ",,,"LOS ANGELES","BEVERLY HILLS",-118.41465759277344,34.067081451416016
8820971,2019,2019-03-22,1928,2019-03-04,1946,386,514,1,5,5,1928,0,0,0,,0,504,"ROSECRANS AV","INGLEWOOD AV",400.00,W,N,A,-,N,,,,,,,,,,Y,4,0,2,4,A,-,01,23152,A,N,C,C,A,A,H,-,C,A,0,,,,,Y,Y,A,01,0,0,2,0,0,0,0,0,0,"- ","- ",33.901859283447266,-118.36118316650391,"LOS ANGELES",HAWTHORNE,-118.36258697509766,33.901779174804688
8821081,2019,2019-03-25,1956,2019-03-01,0250,1354,66,5,5,5,1956,0,0,0,,0,004,"MANHATTAN BEACH BL","JOHNSTON AV",90.00,E,N,A,-,N,,,,,,,,,,Y,3,0,2,1,A,-,07,21658,A,N,E,I,A,A,H,-,C,D,0,,,,,Y,Y,A,01,0,2,0,0,0,0,0,0,0,"- ","- ",,,"LOS ANGELES","REDONDO BEACH",-118.36907196044922,33.887310028076172
8821324,2019,2019-03-22,1941,2019-03-09,2110,11246,,6,5,7,1941,0,0,0,,0,,"PINE AV","8TH ST",0.00,,Y,A,-,N,,,,,,,,,,Y,4,0,4,2,A,-,03,22350,,N,C,C,A,A,H,-,C,A,0,,,,,Y,Y,A,,0,0,4,0,0,0,0,0,0,"- ","- ",,,"LOS ANGELES","LONG BEACH",-118.19236755371094,33.776580810546875
8821393,2019,2019-03-22,1942,2019-03-07,2040,43576,"VAN N",4,5,7,1942,0,0,0,,0,9A89,"VENTURA BL","FULTON AV",0.00,,Y,B,-,N,,,,,,,,,,Y,4,0,1,3,A,-,01,23152,A,N,A,C,A,A,H,-,C,A,0,,,,,Y,Y,A,01,0,0,1,0,0,0,0,0,0,"- ","- ",,,"LOS ANGELES","LOS ANGELES",-118.42250823974609,34.146568298339844
8821413,2019,2019-03-22,1942,2019-03-01,0120,32372,2105,5,5,7,1942,0,0,0,,0,21A5,"PARTHENIA ST","INTERNATIONAL AV",151.00,E,N,B,-,N,,,,,,,,,,N,4,0,1,4,A,-,01,23152,A,N,B,E,A,A,H,-,C,D,0,,,,,Y,Y,A,01,0,0,1,0,0,0,0,0,0,"- ","- ",,,"LOS ANGELES","LOS ANGELES",-118.59893798828125,34.228191375732422
8821749,2019,2019-03-25,1942,2019-03-01,2250,48183,0971,5,5,7,1942,0,0,0,I,0,9A63,"N SEPULVEDA BL","CAMARILLO ST",80.00,N,N,A,-,N,,,,,,,,,,Y,3,0,1,2,A,-,01,23152,A,N,C,E,A,A,H,-,C,A,0,,,,,Y,Y,A,07,0,1,0,0,0,0,0,0,0,"- ","- ",,,"LOS ANGELES","LOS ANGELES",-118.46614837646484,34.157810211181641
8821810,2019,2019-04-23,1942,2019-03-13,1320,34420,1913,3,5,7,1942,0,0,0,,0,19A1,"ROXFORD ST","BRADLEY AV",66.00,W,N,A,-,N,,,,,,,,,,Y,3,0,2,2,A,-,01,23152,A,N,C,C,A,A,H,-,A,A,0,,,,,Y,Y,A,01,0,1,1,0,0,0,0,0,0,"- ","- ",,,"LOS ANGELES","LOS ANGELES",-118.4698486328125,34.312976837158203
8822197,2019,2019-08-22,1900,2019-02-09,2321,622540,1017,6,5,3,1995,0,0,0,,0,101A,"RT 1","BIG ROCK DR",250.00,S,N,A,-,Y,LA,7,1,-,-,42.440,H,-,N,Y,2,0,13,5,A,-,05,21651,B,N,A,C,A,A,H,-,C,D,0,,,,,Y,Y,D,22,2,8,3,0,0,0,0,0,0,"- ","- ",34.038009643554688,-118.60679626464844,"LOS ANGELES",MALIBU,-118.60745239257812,34.038040161132812
8822915,2019,2019-03-26,1942,2019-03-06,1630,43005,1881,3,5,7,1942,0,0,0,R,0,18X96,"FIGUEROA ST","GARDENA BL",0.00,,Y,C,-,N,,,,,,,,,,N,4,0,2,2,A,-,09,21801,A,N,D,C,A,B,H,-,A,A,0,,,,,Y,Y,A,07,0,0,2,0,0,0,0,0,0,"- ","- ",,,"LOS ANGELES","LOS ANGELES",-118.28260040283203,33.881839752197266
8823805,2019,2019-03-26,1942,2019-01-17,1820,33130,1307,4,5,7,1942,0,0,0,M,0,13A9,"EAST 7TH ST","S ALAMEDA ST",0.00,,Y,A,-,N,,,,,,,,,,N,3,0,1,2,A,-,11,21955,,F,G,B,D,A,H,-,B,D,0,Y,,,,Y,Y,N,60,0,1,0,0,1,0,0,0,0,"- ","- ",,,"LOS ANGELES","LOS ANGELES",-118.23863983154297,34.035049438476562
8823810,2019,2019-03-21,1942,2019-02-24,0310,41984,1979,7,5,7,1942,0,0,0,,0,19X5,"SHARP AV","WENTWORTH ST",500.00,N,N,A,-,N,,,,,,,,,,N,3,0,3,3,A,-,03,22350,,N,C,-,A,A,H,-,C,D,0,,,,,Y,Y,A,01,0,3,0,0,0,0,0,0,0,"- ","- ",,,"LOS ANGELES","LOS ANGELES",-118.41448974609375,34.236557006835938
8823993,2019,2019-03-25,1931,2019-03-02,1519,5661,1931,6,5,5,1931,0,0,0,,0,004,"SANTA ANA ST","CALIFORNIA AV",6.00,E,N,A,-,N,,,,,,,,,,N,3,0,1,2,A,-,05,21202,A,N,D,G,A,B,H,-,A,A,0,,Y,,,Y,Y,L,04,0,1,0,0,0,0,1,0,0,"- ","- ",,,"LOS ANGELES","HUNTINGTON PARK",-118.20478057861328,33.96282958984375
8824049,2018,2019-03-25,1924,2018-03-06,1712,113166,,2,5,5,1924,0,0,0,,0,,"WESTERN AV","158TH ST",0.00,,Y,A,-,N,,,,,,,,,,Y,4,0,2,2,A,-,09,21801,A,N,A,C,A,A,H,-,A,A,0,,,,,Y,Y,A,01,0,0,2,0,0,0,0,0,0,"- ","- ",33.887401580810547,-118.30914306640625,"LOS ANGELES",GARDENA,-118.30915832519531,33.887409210205078
8824159,2019,2019-03-20,1973,2019-01-05,0507,623,1973,6,5,1,1973,0,0,0,,0,0A1,"SANTA FE AV","49TH ST",0.00,,Y,A,-,N,,,,,,,,,,N,3,0,1,2,A,-,11,21956,A,N,G,B,E,A,H,-,C,D,0,Y,,,,Y,Y,N,60,0,1,0,0,1,0,0,0,0,"- ","- ",,,"LOS ANGELES",VERNON,-118.23027801513672,33.999080657958984
8824334,2019,2019-03-22,1942,2019-03-09,2355,38635,0357,6,5,7,1942,0,0,0,C,0,3A63,"JEFFERSON BL","NORMANDIE AV",0.00,,Y,A,-,N,,,,,,,,,,N,3,0,1,2,A,-,07,21658,A,F,B,C,A,A,H,-,C,A,0,,,,,Y,Y,-,99,0,1,0,0,0,0,0,0,0,"- ","- ",,,"LOS ANGELES","LOS ANGELES",-118.30023193359375,34.025508880615234
8825862,2019,2019-03-29,1907,2019-02-17,0137,240,1,7,5,4,1907,0,0,0,,0,,"FLORENCE AV","PINE AV",54.00,E,N,A,-,N,,,,,,,,,,Y,3,0,2,2,A,-,01,23152,,N,C,C,A,A,H,-,C,D,0,,,,,Y,Y,A,01,0,1,1,0,0,0,0,0,0,"- ","- ",33.970111846923828,-118.18891143798828,"LOS ANGELES",BELL,-118.18934631347656,33.970439910888672
8828734,2019,2019-04-11,1906,2019-03-15,2301,1791,1906,5,5,5,1906,0,0,0,,0,003,"VINELAND AV","FOSTER AV",85.00,S,N,A,-,N,,,,,,,,,,Y,3,0,1,1,A,-,01,23152,A,N,E,I,A,A,H,-,C,A,0,,,,,Y,Y,A,01,0,1,0,0,0,0,0,0,0,"- ","- ",,,"LOS ANGELES","BALDWIN PARK",-117.97026824951172,34.070377349853516