CASE_ID,ACCIDENT_YEAR,PROC_DATE,JURIS,COLLISION_DATE,COLLISION_TIME,OFFICER_ID,REPORTING_DISTRICT,DAY_OF_WEEK,CHP_SHIFT,POPULATION,CNTY_CITY_LOC,SPECIAL_COND,BEAT_TYPE,CHP_BEAT_TYPE,CITY_DIVISION_LAPD,CHP_BEAT_CLASS,BEAT_NUMBER,PRIMARY_RD,SECONDARY_RD,DISTANCE,DIRECTION,INTERSECTION,WEATHER_1,WEATHER_2,STATE_HWY_IND,CALTRANS_COUNTY,CALTRANS_DISTRICT,STATE_ROUTE,ROUTE_SUFFIX,POSTMILE_PREFIX,POSTMILE,LOCATION_TYPE,RAMP_INTERSECTION,SIDE_OF_HWY,TOW_AWAY,COLLISION_SEVERITY,NUMBER_KILLED,NUMBER_INJURED,PARTY_COUNT,PRIMARY_COLL_FACTOR,PCF_CODE_OF_VIOL,PCF_VIOL_CATEGORY,PCF_VIOLATION,PCF_VIOL_SUBSECTION,HIT_AND_RUN,TYPE_OF_COLLISION,MVIW,PED_ACTION,ROAD_SURFACE,ROAD_COND_1,ROAD_COND_2,LIGHTING,CONTROL_DEVICE,CHP_ROAD_TYPE,PEDESTRIAN_ACCIDENT,BICYCLE_ACCIDENT,MOTORCYCLE_ACCIDENT,TRUCK_ACCIDENT,NOT_PRIVATE_PROPERTY,ALCOHOL_INVOLVED,STWD_VEHTYPE_AT_FAULT,CHP_VEHTYPE_AT_FAULT,COUNT_SEVERE_INJ,COUNT_VISIBLE_INJ,COUNT_COMPLAINT_PAIN,COUNT_PED_KILLED,COUNT_PED_INJURED,COUNT_BICYCLIST_KILLED,COUNT_BICYCLIST_INJURED,COUNT_MC_KILLED,COUNT_MC_INJURED,PRIMARY_RAMP,SECONDARY_RAMP,LATITUDE,LONGITUDE,COUNTY,CITY,POINT_X,POINT_Y
8967424,2019,2020-01-22,1931,2019-10-20,0515,5318,1931,7,5,5,1931,0,0,0,,0,001,"PACIFIC BL","52ND ST",56.00,S,N,A,-,N,,,,,,,,,,Y,3,0,1,2,A,-,01,23153,A,N,C,E,A,A,H,-,C,D,0,,,,,Y,Y,A,01,0,1,0,0,0,0,0,0,0,"- ","- ",,,"LOS ANGELES","HUNTINGTON PARK",-118.22525787353516,33.995525360107422
8967520,2019,2019-11-04,1900,2019-10-21,0300,600544,2117,1,5,5,1943,0,0,0,,0,212T4,"BULLIS RD","EUCLID AV",0.00,,Y,A,-,N,,,,,,,,,,Y,3,0,1,2,A,-,12,22450,A,N,D,C,A,A,H,-,C,A,0,,,,,Y,Y,A,01,0,1,0,0,0,0,0,0,0,"- ","- ",,,"LOS ANGELES",LYNWOOD,-118.20600891113281,33.912021636962891
8967978,2019,2019-11-20,1900,2019-10-16,2140,608904,0469,3,5,4,1936,0,0,0,,0,46T1PM,"ADOREE ST","CLEARWOOD AV",64.00,E,N,A,-,N,,,,,,,,,,Y,2,0,1,1,A,-,01,23152,A,N,H,A,A,A,H,-,C,D,0,,,Y,,Y,Y,C,03,1,0,0,0,0,0,0,0,1,"- ","- ",,,"LOS ANGELES","LA MIRADA",-118.03282928466797,33.913902282714844
8968075,2019,2019-11-15,1942,2019-10-27,0605,30452,1585,7,5,7,1942,0,0,0,O,0,15A85,"VENTURA BL","ARCH DR",200.00,W,N,A,-,N,,,,,,,,,,Y,3,0,3,2,A,-,01,23152,A,F,C,E,A,A,H,-,C,D,0,,,,,Y,Y,A,01,0,1,2,0,0,0,0,0,0,"- ","- ",,,"LOS ANGELES","LOS ANGELES",-118.37476348876953,34.141765594482422
8968212,2019,2019-11-12,1969,2019-10-05,0228,10211,PATRO,6,5,5,1969,0,0,0,,0,004,"TWEEDY BL","ANNETTA AV",0.00,,Y,A,-,N,,,,,,,,,,Y,3,0,1,2,A,-,01,23152,A,N,D,E,A,A,H,-,C,D,0,,,,,Y,Y,A,01,0,1,0,0,0,0,0,0,0,"- ","- ",,,"LOS ANGELES","SOUTH GATE",-118.18978881835938,33.942459106445312
8968445,2019,2019-12-12,1953,2019-10-19,2029,5974,PASAD,6,5,6,1953,0,0,0,,0,002,"FAIR OAKS AV","CLAREMONT ST",0.00,,Y,A,-,N,,,,,,,,,,Y,3,0,1,2,A,-,01,23152,,N,A,C,A,A,H,-,C,D,0,,,,,Y,Y,A,01,0,1,0,0,0,0,0,0,0,"- ","- ",,,"LOS ANGELES",PASADENA,-118.15065002441406,34.166961669921875
8968581,2019,2019-11-15,1941,2019-10-24,1918,11374,,4,5,7,1941,0,0,0,,0,,"CHERRY AV",HUNGERFORD,0.00,,Y,A,-,N,,,,,,,,,,N,2,0,1,2,A,-,09,21804,,N,D,G,A,A,H,-,C,A,0,,Y,,,Y,Y,L,04,1,0,0,0,0,0,1,0,0,"- ","- ",,,"LOS ANGELES","LONG BEACH",-118.16858673095703,33.862861633300781
8968769,2019,2019-11-19,1942,2019-10-14,2316,37618,0182,1,5,7,1942,0,0,0,A,0,1A61,"S GRAND AV","W OLYMPIC BL",0.00,,Y,A,-,N,,,,,,,,,,Y,4,0,3,3,A,-,12,21453,A,N,D,C,A,A,H,-,C,A,0,,,,,Y,Y,A,01,0,0,3,0,0,0,0,0,0,"- ","- ",,,"LOS ANGELES","LOS ANGELES",-118.26061248779297,34.04302978515625
8969282,2019,2020-01-23,1941,2019-10-20,0335,10845,,7,5,7,1941,0,0,0,,0,901T,"W SHORELINE DR","LIGHT POLE QC1464",173.00,N,N,B,-,N,,,,,,,,,,Y,1,1,1,1,A,-,01,23152,,N,H,I,A,A,H,-,C,D,0,,,,,Y,Y,A,,0,0,1,0,0,0,0,0,0,"- ","- ",,,"LOS ANGELES","LONG BEACH",,
8971590,2019,2019-11-21,1942,2019-09-24,1350,42758,0325,2,5,7,1942,0,0,0,C,0,,"VERMONT AV","ADAMS BL",250.00,N,N,A,-,N,,,,,,,,,,N,3,0,1,3,A,-,11,21956,A,N,G,B,E,A,H,-,A,D,0,Y,,,,Y,Y,N,60,0,1,0,0,1,0,0,0,0,"- ","- ",,,"LOS ANGELES","LOS ANGELES",-118.29154205322266,34.033435821533203
8973301,2019,2019-11-06,1948,2019-07-22,1813,440,1948,1,5,5,1948,0,0,0,,0,002,"GARVEY AV","BALTIMORE AV",5.00,W,N,A,-,N,,,,,,,,,,N,3,0,1,2,A,-,10,21950,A,M,G,B,B,A,H,-,A,D,0,Y,,,,Y,Y,-,,0,1,0,0,1,0,0,0,0,"- ","- ",,,"LOS ANGELES","MONTEREY PARK",-118.12442016601562,34.062538146972656
8973570,2019,2019-11-14,1953,2019-10-14,0055,0551,1953,1,5,6,1953,0,0,0,,0,003,"MAR VISTA AV","VILLA AV",300.00,S,N,A,-,N,,,,,,,,,,Y,4,0,2,2,A,-,01,23152,A,N,B,E,A,A,H,-,D,D,0,,,,,Y,Y,A,01,0,0,2,0,0,0,0,0,0,"- ","- ",,,"LOS ANGELES",PASADENA,-118.12678527832031,34.153484344482422
8973586,2019,2019-11-14,1953,2019-10-15,2236,1928,1953,2,5,6,1953,0,0,0,,0,001,"LAKE AV","MAPLE ST",150.00,N,N,A,-,N,,,,,,,,,,Y,3,0,1,2,A,-,03,22350,,N,E,C,A,A,H,-,C,A,0,,,,,Y,Y,-,,0,1,0,0,0,0,0,0,0,"- ","- ",,,"LOS ANGELES",PASADENA,-118.13229370117188,34.152729034423828
8973992,2019,2019-11-19,1900,2019-10-19,2127,62008,2612,6,5,6,1950,0,0,0,,0,262T1,"25TH ST WEST","REDINGTON ST",160.00,S,N,A,-,N,,,,,,,,,,Y,4,0,1,1,A,-,01,23152,A,N,E,I,A,A,H,-,C,A,0,,,,,Y,Y,A,01,0,0,1,0,0,0,0,0,0,"- ","- ",39.587028503417969,-118.17398071289062,"LOS ANGELES",PALMDALE,-118.17400360107422,34.587142944335938
8974481,2019,2020-06-09,1972,2019-03-22,2148,14197,,5,5,6,1972,0,0,0,,0,,"PACIFIC COAST HWY","MADISON ST",204.00,E,N,A,-,Y,LA,7,1,-,-,15.750,H,-,N,Y,3,0,3,2,A,-,01,23153,A,N,C,C,A,A,H,-,C,A,0,,,,,Y,Y,A,,0,2,1,0,0,0,0,0,0,"- ","- ",,,"LOS ANGELES",TORRANCE,-118.34725189208984,33.803249359130859
8975272,2019,2020-02-21,1942,2019-10-14,1030,41932,514,1,5,7,1942,0,0,0,,0,5A17,"PACIFIC COAST HWY","FRIGATE AV",0.00,,Y,A,-,Y,,,,,,,,,,Y,3,0,2,2,A,-,09,21802,A,N,D,C,A,A,H,-,A,D,0,,,,,Y,Y,A,07,0,1,1,0,0,0,0,0,0,"- ","- ",,,"LOS ANGELES","LOS ANGELES",-118.27770233154297,33.790390014648438
8975722,2019,2020-01-22,1941,2019-11-08,1759,11296,,5,5,7,1941,0,0,0,,0,,"PACIFIC COAST HWY","N RUSSELL DR",248.00,E,N,A,-,N,,,,,,,,,,Y,4,0,2,2,A,-,08,22107,,N,D,-,A,A,H,-,C,D,0,,,,,Y,Y,A,,0,0,2,0,0,0,0,0,0,"- ","- ",,,"LOS ANGELES","LONG BEACH",-118.13540649414062,33.784862518310547
8975744,2019,2020-01-03,1941,2019-10-31,2051,11416,,4,5,7,1941,0,0,0,,0,,"CARSON ST","ATLANTIC AV",147.00,E,N,A,-,N,,,,,,,,,,N,2,0,1,2,A,-,"- ",,I,N,E,B,D,A,H,-,C,A,0,Y,,,,Y,Y,N,,1,0,0,0,1,0,0,0,0,"- ","- ",,,"LOS ANGELES","LONG BEACH",-118.18458557128906,33.831748962402344
8976084,2019,2019-11-18,1942,2019-10-13,1520,33294,0923,7,5,7,1942,0,0,0,I,0,35M36,"VICTORY BL","COLUMBUS AV",165.00,W,N,A,-,N,,,,,,,,,,Y,3,0,3,4,A,-,03,22350,,N,C,C,A,A,H,-,A,A,0,,,,,Y,Y,A,01,0,1,2,0,0,0,0,0,0,"- ","- ",,,"LOS ANGELES","LOS ANGELES",-118.46455383300781,34.186653137207031
8978304,2019,2019-12-13,1942,2019-10-08,1900,43845,0147,2,5,7,1942,0,0,0,A,0,1A2,"5TH ST","SAN JULIAN ST",1.00,W,N,A,-,N,,,,,,,,,,N,3,0,1,2,A,-,11,21954,A,N,G,B,D,A,H,-,C,D,0,Y,,,,Y,Y,N,60,0,1,0,0,1,0,0,0,0,"- ","- ",,,"LOS ANGELES","LOS ANGELES",-118.24496459960938,34.044601440429688
8979626,2019,2020-01-22,1953,2019-11-02,2138,2377,1953,6,5,6,1953,0,0,0,,0,005,"RAYMOND AV","COLORADO BL",0.00,,Y,A,-,N,,,,,,,,,,N,2,0,1,2,A,-,11,21456,C,N,G,B,B,A,H,-,C,A,0,Y,,,,Y,Y,N,60,1,0,0,0,1,0,0,0,0,"- ","- ",,,"LOS ANGELES",PASADENA,-118.14890289306641,34.145801544189453
8980188,2019,2019-11-21,1942,2019-10-04,0155,32642,2155,5,5,7,1942,0,0,0,,0,21A1,"TOPANGA CANYON BL","WESTFIELD VILLAGE HWY",0.00,,Y,A,-,N,,,,,,,,,,N,4,0,1,2,A,-,03,22350,,F,C,C,A,A,H,-,C,A,0,,,,,Y,Y,-,99,0,0,1,0,0,0,0,0,0,"- ","- ",,,"LOS ANGELES","LOS ANGELES",,
8980632,2019,2019-12-17,1942,2019-10-19,0215,42069,1269,6,5,7,1942,0,0,0,L,0,12A69,"E 82ND ST","AVALON BL",0.00,,Y,A,-,N,,,,,,,,,,Y,2,0,3,2,A,-,01,23152,A,N,D,C,A,-,H,-,C,A,0,,,,,Y,Y,A,01,1,1,1,0,0,0,0,0,0,"- ","- ",,,"LOS ANGELES","LOS ANGELES",-118.26515197753906,33.96466064453125
8980795,2019,2020-01-03,1906,2019-11-10,1903,4430,1906,7,5,5,1906,0,0,0,,0,004,"MAINE AV","HALLWOOD DR",121.00,N,N,A,-,N,,,,,,,,,,Y,3,0,1,2,A,-,08,22107,,N,C,E,A,A,H,-,C,A,0,,,,,Y,Y,A,07,0,1,0,0,0,0,0,0,0,"- ","- ",,,"LOS ANGELES","BALDWIN PARK",-117.96050262451172,34.095851898193359
8980866,2019,2020-01-16,1967,2019-11-08,1535,136,,5,5,2,1967,0,0,0,,0,NORTH,"CHERRY AV",SPRING,20.00,S,N,A,-,N,,,,,,,,,,Y,3,0,1,2,A,-,01,23152,A,N,C,C,A,A,H,-,A,A,0,,,,,Y,Y,A,01,0,1,0,0,0,0,0,0,0,"- ","- ",,,"LOS ANGELES","SIGNAL HILL",-118.16761016845703,33.811614990234375
8981673,2019,2020-01-09,1909,2019-11-19,1515,583,1909,2,5,4,1909,0,0,0,,0,00N,"GAGE AV","GARFIELD AV",129.00,W,N,B,-,N,,,,,,,,,,N,4,0,1,3,A,-,03,22350,,N,C,C,A,A,H,-,B,A,0,,,,,Y,Y,A,07,0,0,1,0,0,0,0,0,0,"- ","- ",,,"LOS ANGELES","BELL GARDENS",-118.1474609375,33.973854064941406
8983033,2019,2019-12-21,1942,2019-10-28,2100,37618,1218,1,5,7,1942,0,0,0,L,0,25T21,"CENTURY BL","WESTERN AV",50.00,W,N,A,-,N,,,,,,,,,,N,4,0,2,3,A,-,01,23152,A,N,C,C,A,A,H,-,C,A,0,,,,,Y,Y,A,01,0,0,2,0,0,0,0,0,0,"- ","- ",,,"LOS ANGELES","LOS ANGELES",-118.30919647216797,33.945453643798828
8983171,2019,2019-12-11,1920,2019-10-03,0111,13022,,4,5,6,1920,0,0,0,,0,004,"FLORENCE AV","STUDEBAKER RD",0.00,,Y,A,-,N,,,,,,,,,,N,4,0,1,2,A,-,05,21650,,N,D,G,A,A,H,-,C,A,0,,Y,,,Y,Y,L,04,0,0,1,0,0,0,1,0,0,"- ","- ",,,"LOS ANGELES",DOWNEY,-118.09673309326172,33.937061309814453
8984128,2019,2019-12-07,1900,2019-08-02,1215,436136,1320,5,5,5,1935,0,0,0,,0,132T2,"LAKEWOOD BL","CANDLEWOOD ST",0.00,,Y,A,-,N,,,,,,,,,,N,4,0,1,3,A,-,12,21453,A,N,D,C,A,A,H,-,A,A,0,,,,,Y,Y,A,01,0,0,1,0,0,0,0,0,0,"- ","- ",,,"LOS ANGELES",LAKEWOOD,-118.14257049560547,33.853828430175781
8984279,2019,2019-12-27,1942,2019-10-05,0130,41946,1501,6,5,7,1942,0,0,0,O,0,15A21,"SATICOY ST","FULTON AV",175.00,E,N,A,-,N,,,,,,,,,,Y,4,0,1,1,A,-,08,22107,,N,A,I,A,A,H,-,C,D,0,,,,,Y,Y,-,,0,0,1,0,0,0,0,0,0,"- ","- ",,,"LOS ANGELES","LOS ANGELES",-118.42295837402344,34.208309173583984
8985227,2019,2020-06-23,1976,2019-11-27,2219,494,,3,5,3,1964,0,0,0,,0,002,"TELEGRAPH RD","CEDARDALE DR",35.00,W,N,C,-,Y,LA,7,605,-,R,10.463,R,4,S,Y,4,0,2,2,A,-,01,23152,A,F,C,C,A,B,H,-,C,A,0,,,,,Y,Y,A,01,0,0,2,0,0,0,0,0,0,"- ","- ",,,"LOS ANGELES","SANTA FE SPRINGS",-118.09054565429688,33.952362060546875
8987007,2019,2019-12-03,1942,2019-10-18,1630,41597,0438,5,5,7,1942,0,0,0,D,0,4A6,"ALHAMA AV","STOCKBRIDGE AV",0.00,,Y,A,-,N,,,,,,,,,,N,4,0,1,3,A,-,09,21801,,N,A,C,A,A,H,-,A,D,0,,,,,Y,Y,A,01,0,0,1,0,0,0,0,0,0,"- ","- ",,,"LOS ANGELES","LOS ANGELES",-118.163342,34.078985000000003
8987061,2019,2019-12-05,1942,2019-10-24,2305,39876,1141,4,5,7,1942,0,0,0,K,0,24T31,"VERMONT AV","FRANKLIN AV",0.00,,Y,A,-,N,,,,,,,,,,Y,3,0,2,2,A,-,09,21801,A,N,A,C,A,A,H,-,C,A,0,,,,,Y,Y,A,01,0,1,1,0,0,0,0,0,0,"- ","- ",,,"LOS ANGELES","LOS ANGELES",-118.29178619384766,34.105411529541016
8987441,2019,2020-01-22,1942,2019-11-09,0110,43432,0318,6,5,7,1942,0,0,0,C,0,3A19,"W ADAMS BL","S VERMONT AV",0.00,,Y,A,-,N,,,,,,,,,,Y,2,0,2,2,A,-,09,21801,A,N,A,C,A,A,H,-,C,A,0,,,,,Y,Y,A,07,1,0,1,0,0,0,0,0,0,"- ","- ",,,"LOS ANGELES","LOS ANGELES",-118.29155731201172,34.032749176025391
8988240,2019,2019-12-05,1924,2019-10-18,0251,80431,25,5,5,5,1924,0,0,0,,0,8T3,"MARINE AV","DENKER AV",87.00,E,N,A,-,N,,,,,,,,,,Y,3,0,1,4,A,-,01,23152,A,N,B,E,A,A,H,-,C,D,0,,,,,Y,Y,A,01,0,1,0,0,0,0,0,0,0,"- ","- ",33.894660949707031,-118.30477905273438,"LOS ANGELES",GARDENA,-118.30451202392578,33.894641876220703
8989255,2019,2020-01-13,1942,2019-11-30,0330,43671,2027,6,5,7,1942,0,0,0,,0,20AT1,CATALINA,"S WILSHIRE BL",0.00,,Y,B,-,N,,,,,,,,,,N,4,0,1,2,D,-,00,,,N,G,B,E,A,H,-,C,A,0,Y,,,,Y,Y,-,"- ",0,0,1,0,1,0,0,0,0,"- ","- ",,,"LOS ANGELES","LOS ANGELES",-118.29540252685547,34.061759948730469
8989271,2019,2020-01-13,1942,2019-11-17,2000,44032,2038,7,5,7,1942,0,0,0,,0,20A34,"S WESTMORELAND AV","8TH ST",0.00,,Y,A,-,N,,,,,,,,,,N,4,0,1,2,A,-,10,21950,A,N,G,B,B,A,H,-,C,A,0,Y,,,,Y,Y,-,,0,0,1,0,1,0,0,0,0,"- ","- ",,,"LOS ANGELES","LOS ANGELES",-118.28907775878906,34.0577392578125
8990463,2019,2020-01-13,1942,2019-11-17,0010,43241,1266,7,5,7,1942,0,0,0,L,0,12A83,"79TH ST","FIGUEROA ST",15.00,E,N,A,-,N,,,,,,,,,,Y,4,0,1,2,A,-,01,23152,,F,B,C,A,A,H,-,C,A,0,,,,,Y,Y,A,01,0,0,1,0,0,0,0,0,0,"- ","- ",,,"LOS ANGELES","LOS ANGELES",-118.28266906738281,33.967842102050781
8990474,2019,2020-01-13,1931,2019-11-15,0111,5315,1931,5,5,5,1931,0,0,0,,0,001,"SANTA FE AV","BELGRAVE AV",130.00,N,N,A,-,N,,,,,,,,,,N,3,0,1,2,A,-,11,21955,,N,G,B,E,A,H,-,C,D,0,Y,,,,Y,Y,N,60,0,1,0,0,1,0,0,0,0,"- ","- ",,,"LOS ANGELES","HUNTINGTON PARK",-118.23032379150391,33.987476348876953
8990911,2019,2020-01-14,1942,2019-10-20,1420,41048,1891,7,5,7,1942,0,0,0,R,0,18A97,"VERMONT AV","GARDENA BL",50.00,S,N,A,-,N,,,,,,,,,,N,2,0,2,4,A,-,01,23152,A,N,C,C,A,A,H,-,A,D,0,,,,,Y,Y,A,01,1,0,1,0,0,0,0,0,0,"- ","- ",,,"LOS ANGELES","LOS ANGELES",-118.29130554199219,33.881454467773438
8990915,2019,2020-01-13,1942,2019-10-09,1650,42030,1242,3,5,7,1942,0,0,0,L,0,12X58,"HYDE PARK BL","64TH ST",0.00,,Y,A,-,N,,,,,,,,,,N,2,0,1,2,A,-,03,22350,,F,G,B,D,A,H,-,A,D,0,Y,,,,Y,Y,-,99,1,0,0,0,1,0,0,0,0,"- ","- ",,,"LOS ANGELES","LOS ANGELES",-118.32259000000001,33.981727999999997
8991034,2019,2020-01-16,1942,2019-11-29,0001,43441,2042,5,5,7,1942,0,0,0,,0,20A53,"WILTON PL","SAN MARINO ST",160.00,N,N,B,-,N,,,,,,,,,,Y,3,0,2,2,A,-,01,23152,A,N,A,C,A,B,H,-,C,D,0,,,,,Y,Y,A,01,0,1,1,0,0,0,0,0,0,"- ","- ",,,"LOS ANGELES","LOS ANGELES",-118.31426239013672,34.054847717285156
8991533,2019,2020-01-16,1942,2019-10-30,1600,43338,03,3,5,7,1942,0,0,0,C,0,3A34W7,"WESTERN AV","VERNON AV",20.00,N,N,A,-,N,,,,,,,,,,N,4,0,1,2,A,-,03,22350,,N,C,C,A,A,H,-,A,A,0,,,,,Y,Y,A,01,0,0,1,0,0,0,0,0,0,"- ","- ",,,"LOS ANGELES","LOS ANGELES",-118.30892944335938,34.003776550292969
8992204,2019,2020-01-18,1942,2019-11-21,2115,40388,0969,4,5,7,1942,0,0,0,I,0,8A37,"COLDWATER CANYON AV","RIVERSIDE DR",600.00,N,N,A,-,N,,,,,,,,,,Y,4,0,1,2,A,-,01,23152,A,F,B,C,A,A,H,-,C,A,0,,,,,Y,Y,A,01,0,0,1,0,0,0,0,0,0,"- ","- ",,,"LOS ANGELES","LOS ANGELES",-118.41378784179688,34.159275054931641
8992356,2019,2020-01-16,1942,2019-11-29,0710,39085,1035,5,5,7,1942,0,0,0,J,0,10A17,"VICTORY BL","WHITEOAK AV",0.00,,Y,A,-,N,,,,,,,,,,Y,2,0,2,2,A,-,01,23152,A,N,D,C,A,A,H,-,A,A,0,,,,Y,Y,Y,A,07,1,0,1,0,0,0,0,0,0,"- ","- ",,,"LOS ANGELES","LOS ANGELES",-118.51849365234375,34.186618804931641
8992392,2019,2020-01-28,1900,2019-11-11,1815,609132,2611,1,5,6,1950,0,0,0,,0,263T1,"TECHNOLOGY DR","3RD ST EAST",0.00,,Y,A,-,N,,,,,,,,,,N,4,0,1,2,D,-,00,,,N,D,C,A,A,H,-,C,A,0,,,,,Y,Y,-,"- ",0,0,1,0,0,0,0,0,0,"- ","- ",34.594440460205078,-118.12545013427734,"LOS ANGELES",PALMDALE,-118.12542724609375,34.594429016113281
8992891,2019,2020-01-17,1900,2019-11-02,1415,532124,0523,6,5,4,1971,0,0,0,,0,52T1PM,"OLIVE ST","ZADELL AV",175.00,E,N,A,-,N,,,,,,,,,,Y,4,0,1,2,A,-,01,23152,A,N,D,C,A,A,H,-,A,D,0,,,,,Y,Y,A,01,0,0,1,0,0,0,0,0,0,"- ","- ",34.0997314453125,-118.04743957519531,"LOS ANGELES","TEMPLE CITY",-118.04773712158203,34.099456787109375
8993103,2019,2019-12-10,1942,2019-10-23,1250,40141,2157,3,5,7,1942,0,0,0,,0,21A57,"VANOWEN ST","LURLINE AV",350.00,W,N,A,-,N,,,,,,,,,,N,4,0,1,2,A,-,08,22107,,N,D,G,A,A,H,-,A,D,0,,Y,,,Y,Y,L,04,0,0,1,0,0,0,1,0,0,"- ","- ",,,"LOS ANGELES","LOS ANGELES",-118.58499908447266,34.193771362304688
8993120,2019,2020-01-14,1942,2019-09-07,1715,43725,1129,6,5,7,1942,0,0,0,K,0,11X26,"YORK BL","AVE 66",0.00,,Y,A,-,N,,,,,,,,,,Y,2,0,2,3,A,-,03,22350,,N,-,C,A,A,H,-,A,D,0,,,,,Y,Y,A,01,1,0,1,0,0,0,0,0,0,"- ","- ",,,"LOS ANGELES","LOS ANGELES",-118.17983245849609,34.113838195800781
8993201,2019,2019-12-12,1942,2019-09-04,1210,42835,1901,3,5,7,1942,0,0,0,,0,19A43,"FOOTHILL BL","SIERRA HWY",80.00,S,N,A,-,N,,,,,,,,,,Y,4,0,1,2,A,-,05,21650,,N,A,C,A,A,H,-,C,D,0,,,,,Y,Y,A,08,0,0,1,0,0,0,0,0,0,"- ","- ",,,"LOS ANGELES","LOS ANGELES",-118.50458526611328,34.334125518798828
8993711,2019,2020-01-09,1900,2019-11-03,1631,464239,0261,7,5,4,1917,0,0,0,,0,26T,"SALT LAKE AV","OTIS AV",97.00,N,N,A,-,N,,,,,,,,,,Y,3,0,3,2,A,-,03,22350,,N,C,C,A,A,-,-,A,D,0,,,,,Y,Y,D,22,0,3,0,0,0,0,0,0,0,"- ","- ",,,"LOS ANGELES",CUDAHY,-118.19515228271484,33.963882446289062
8994039,2019,2020-01-16,1941,2019-11-25,2001,11101,,1,5,7,1941,0,0,0,,0,,"4TH ST","FREEMAN AV",0.00,,Y,A,-,N,,,,,,,,,,N,4,0,1,2,D,-,00,,,F,A,B,D,A,H,-,C,D,0,Y,,,,Y,Y,-,"- ",0,0,1,0,1,0,0,0,0,"- ","- ",,,"LOS ANGELES","LONG BEACH",-118.15570831298828,33.771690368652344
8994995,2019,2020-01-16,1900,2019-11-23,0437,515210,0524,6,5,4,1971,0,0,0,,0,52T1,"TEMPLE CITY BL","ELLIS AV",423.00,S,N,A,-,N,,,,,,,,,,Y,4,0,2,3,A,-,01,23153,A,N,C,D,A,A,H,-,C,A,0,,,,,Y,Y,A,01,0,0,2,0,0,0,0,0,0,"- ","- ",34.085800170898438,-118.056396484375,"LOS ANGELES","TEMPLE CITY",-118.05644226074219,34.085945129394531
8995551,2019,2020-01-09,1953,2019-11-13,2343,3775,,3,5,6,1953,0,0,0,,0,002,"MARENGO AV","VILLA ST",0.00,,Y,A,-,N,,,,,,,,,,Y,2,0,1,2,A,-,01,23153,A,F,C,G,A,A,H,-,C,A,0,,Y,,,Y,Y,A,01,1,0,0,0,0,0,1,0,0,"- ","- ",,,"LOS ANGELES",PASADENA,-118.14600372314453,34.154140472412109
8995650,2019,2019-12-18,1944,2019-10-06,1531,368,2B1,7,5,4,1944,0,0,0,,0,001,"N AVIATION BL","11 ST",42.00,S,N,A,-,N,,,,,,,,,,Y,3,0,2,4,A,-,08,22107,,N,F,E,A,A,H,-,A,A,0,,,,,Y,Y,A,07,0,1,1,0,0,0,0,0,0,"- ","- ",,,"LOS ANGELES","MANHATTAN BEACH",-118.37860870361328,33.886394500732422
8996033,2019,2020-02-24,1931,2019-12-01,1412,5328,1931,7,5,5,1931,0,0,0,,0,001,"GAGE AV","RUGBY AV",2.00,N,N,A,-,N,,,,,,,,,,N,4,0,1,2,A,-,08,22107,,N,B,G,A,A,H,-,A,A,0,,Y,,,Y,Y,L,04,0,0,1,0,0,0,1,0,0,"- ","- ",,,"LOS ANGELES","HUNTINGTON PARK",-118.22654724121094,33.98162841796875
8996692,2019,2020-02-19,1955,2019-12-13,2151,40386,81,5,5,6,1955,0,0,0,,0,005,"VANDERGRIFT LN","PARK AV",100.00,W,N,A,-,N,,,,,,,,,,Y,3,0,1,3,A,-,01,23152,A,M,F,E,A,A,H,-,C,A,0,,,,,Y,Y,A,01,0,1,0,0,0,0,0,0,0,"- ","- ",,,"LOS ANGELES",POMONA,-117.75412750244141,34.037666320800781
9000497,2019,2019-12-17,1907,2019-10-16,2235,243,1,3,5,4,1907,0,0,0,,0,,"GAGE AV","CALIFORNIA AV",104.00,W,N,A,-,N,,,,,,,,,,Y,3,0,1,1,A,-,01,23152,G,N,E,I,A,A,H,-,C,A,0,,,,,Y,Y,A,01,0,1,0,0,0,0,0,0,0,"- ","- ",33.979598999023438,-118.20182800292969,"LOS ANGELES",BELL,-118.20266723632812,33.979671478271484
9000593,2019,2020-02-04,1953,2019-12-07,0016,LOEZA530,1953,6,5,6,1953,0,0,0,,0,003,"ALTADENA DR","DUDLEY ST",0.00,,Y,B,-,N,,,,,,,,,,N,3,0,1,1,A,-,01,23152,A,M,A,I,A,B,H,-,C,A,0,,,,,Y,Y,A,01,0,1,0,0,0,0,0,0,0,"- ","- ",,,"LOS ANGELES",PASADENA,-118.09841156005859,34.162479400634766
9000633,2019,2020-09-28,1942,2019-12-02,1030,43265,1681,1,5,7,1942,0,0,0,P,0,16A81,"ROSCOE BL","VANTAGE AV",0.00,,Y,A,-,N,,,,,,,,,,Y,4,0,2,3,A,-,08,22107,A,F,D,C,A,A,H,-,A,D,0,,,,,Y,Y,A,01,0,0,2,0,0,0,0,0,0,"- ","- ",,,"LOS ANGELES","LOS ANGELES",-118.39768218994141,34.221649169921875
9000653,2019,2020-02-06,1955,2019-12-01,0650,42524,49,7,5,6,1955,0,0,0,,0,001,"HOLT AV","DUDLEY ST",528.00,E,N,A,-,N,,,,,,,,,,Y,4,0,2,3,A,-,01,23152,A,N,B,E,A,A,H,-,B,D,0,,,,,Y,Y,A,01,0,0,2,0,0,0,0,0,0,"- ","- ",,,"LOS ANGELES",POMONA,-117.77493286132812,34.061759948730469
9000709,2019,2020-02-06,1975,2019-12-04,1921,400,,3,5,6,1975,0,0,0,,0,001,"N ORANGE AV","W DAVID CT",0.00,,Y,C,-,N,,,,,,,,,,Y,2,0,2,2,A,-,01,23153,A,N,D,C,A,B,H,-,C,D,0,,,,,Y,Y,-,,2,0,0,0,0,0,0,0,0,"- ","- ",,,"LOS ANGELES","WEST COVINA",-117.94184112548828,34.087619781494141