CASE_ID,ACCIDENT_YEAR,PROC_DATE,JURIS,COLLISION_DATE,COLLISION_TIME,OFFICER_ID,REPORTING_DISTRICT,DAY_OF_WEEK,CHP_SHIFT,POPULATION,CNTY_CITY_LOC,SPECIAL_COND,BEAT_TYPE,CHP_BEAT_TYPE,CITY_DIVISION_LAPD,CHP_BEAT_CLASS,BEAT_NUMBER,PRIMARY_RD,SECONDARY_RD,DISTANCE,DIRECTION,INTERSECTION,WEATHER_1,WEATHER_2,STATE_HWY_IND,CALTRANS_COUNTY,CALTRANS_DISTRICT,STATE_ROUTE,ROUTE_SUFFIX,POSTMILE_PREFIX,POSTMILE,LOCATION_TYPE,RAMP_INTERSECTION,SIDE_OF_HWY,TOW_AWAY,COLLISION_SEVERITY,NUMBER_KILLED,NUMBER_INJURED,PARTY_COUNT,PRIMARY_COLL_FACTOR,PCF_CODE_OF_VIOL,PCF_VIOL_CATEGORY,PCF_VIOLATION,PCF_VIOL_SUBSECTION,HIT_AND_RUN,TYPE_OF_COLLISION,MVIW,PED_ACTION,ROAD_SURFACE,ROAD_COND_1,ROAD_COND_2,LIGHTING,CONTROL_DEVICE,CHP_ROAD_TYPE,PEDESTRIAN_ACCIDENT,BICYCLE_ACCIDENT,MOTORCYCLE_ACCIDENT,TRUCK_ACCIDENT,NOT_PRIVATE_PROPERTY,ALCOHOL_INVOLVED,STWD_VEHTYPE_AT_FAULT,CHP_VEHTYPE_AT_FAULT,COUNT_SEVERE_INJ,COUNT_VISIBLE_INJ,COUNT_COMPLAINT_PAIN,COUNT_PED_KILLED,COUNT_PED_INJURED,COUNT_BICYCLIST_KILLED,COUNT_BICYCLIST_INJURED,COUNT_MC_KILLED,COUNT_MC_INJURED,PRIMARY_RAMP,SECONDARY_RAMP,LATITUDE,LONGITUDE,COUNTY,CITY,POINT_X,POINT_Y
9013562,2019,2020-01-13,1942,2019-11-21,1900,40119,1012,4,5,7,1942,0,0,0,J,0,10A3,"RESEDA BL","WYANDOTTE ST",60.00,S,N,A,-,N,,,,,,,,,,Y,4,0,1,2,A,-,08,22107,,N,B,E,A,A,H,-,C,D,0,,,,,Y,Y,A,08,0,0,1,0,0,0,0,0,0,"- ","- ",,,"LOS ANGELES","LOS ANGELES",-118.53604125976562,34.202785491943359
90136013,2016,2016-03-14,9590,2016-02-13,1250,021133,,6,1,7,1942,0,1,1,,2,041,"I-5 S/B (SAF) TO INDIANA ST","CALZONA STREET",16.00,S,N,A,-,Y,,,5,,,,R,,S,Y,3,0,1,1,A,-,01,23152,A,N,E,I,A,A,H,-,A,D,0,,,,,Y,Y,A,01,0,1,0,0,0,0,0,0,0,"- ","- ",34.020609999999998,-118.19555,"LOS ANGELES","LOS ANGELES",-118.19555,34.020609999999998
90136027,2016,2016-03-14,9545,2016-02-28,0600,019006,,7,1,9,1900,0,3,5,,2,004,"106TH STREET EAST","AVENUE S-12",27.00,N,N,A,-,N,,,,,,,,,,Y,4,0,1,2,A,-,01,23152,A,N,E,I,A,A,H,-,D,D,0,,,,,Y,Y,A,01,0,0,1,0,0,0,0,0,0,"- ","- ",34.546779999999998,-117.94065000000001,"LOS ANGELES",UNINCORPORATED,-117.94059462,34.54657392
90136624,2015,2016-03-15,9530,2015-10-01,0235,015372,,4,3,7,1941,0,1,1,,2,072,"I-710 N/B (LONG BEACH FREEWAY)","CARSON ST.",800.00,N,N,A,-,Y,,,,,,,,,,Y,1,1,0,2,A,-,08,22107,,N,C,E,A,A,H,-,C,D,0,,,,Y,Y,Y,A,01,0,0,0,0,0,0,0,0,0,"- ","- ",33.504559999999998,-118.12197,"LOS ANGELES","LONG BEACH",-118.20868406,33.83396956
9013736,2019,2020-02-28,1942,2019-12-12,0510,42736,4215,4,5,7,1942,0,0,0,,0,1504,LANKERSHIM,VALERIO,410.00,S,N,A,-,N,,,,,,,,,,Y,4,0,1,2,A,-,01,23152,A,N,B,C,A,A,H,-,B,D,0,,,,,Y,Y,A,01,0,0,1,0,0,0,0,0,0,"- ","- ",,,"LOS ANGELES","LOS ANGELES",-118.38778686523438,34.203716278076172
90137599,2016,2016-03-16,9580,2016-03-06,0358,020404,,7,3,7,1942,0,1,3,,2,116,"SR-118 E/B (RONALD REAGAN FWY.)","TAMPA AVE.",100.00,E,N,B,C,Y,,,118,,,,,,E,Y,3,0,1,1,A,-,08,22107,,N,E,I,A,B,H,-,C,D,0,,,,,Y,Y,A,01,0,1,0,0,0,0,0,0,0,"- ","- ",34.272179999999999,-118.55548,"LOS ANGELES","LOS ANGELES",-118.55547903,34.272211079999998
90138928,2016,2016-03-17,9575,2016-03-03,1800,020995,,4,2,6,1953,0,1,1,,2,064,"I-210 W/B (FOOTHILL FREEWAY)","LAKE AVE.",200.00,E,N,A,-,Y,,,210,,,,,,W,Y,3,0,1,4,A,-,03,22350,,M,C,C,A,A,H,-,C,D,0,,,,,Y,Y,-,99,0,1,0,0,0,0,0,0,0,"- ","- ",34.151969999999999,-118.12693,"LOS ANGELES",PASADENA,-118.12693682,34.152065610000001
90139131,2016,2016-03-17,9535,2016-01-24,0300,021126,,7,3,9,1900,0,3,5,,2,002,"SOUTSIDE DRIVE (6400 BLOCK)","SERVER AVENUE (1300 BLOCK)",156.00,E,N,A,-,N,,,,,,,,,,Y,3,0,1,3,A,-,08,22107,,N,B,E,A,A,H,-,C,D,0,,,,,Y,Y,D,22,0,1,0,0,0,0,0,0,0,"- ","- ",34.010080000000002,-118.13485,"LOS ANGELES",UNINCORPORATED,-118.13530452000001,34.010187420000001
90142550,2016,2016-03-24,9565,2016-03-22,1940,021171,,2,2,9,1900,0,3,5,,2,004,"111TH ST","LARCH AVE.",0.00,,Y,A,-,N,,,,,,,,,,Y,4,0,1,2,A,-,01,23152,A,N,D,C,A,A,H,-,C,A,0,,,,,Y,Y,A,01,0,0,1,0,0,0,0,0,0,"- ","- ",33.934570000000001,-118.35035000000001,"LOS ANGELES",UNINCORPORATED,-118.35037006,33.934570059999999
90145344,2016,2016-03-28,9550,2016-03-24,1710,020151,,4,2,9,1900,0,3,5,,2,004,"PUNTA DEL ESTE DR.","GARONA DR.",124.00,N,N,A,-,N,,,,,,,,,,Y,4,0,1,1,A,-,01,23152,A,N,E,I,A,A,H,-,A,D,0,,,,,Y,Y,A,01,0,0,1,0,0,0,0,0,0,"- ","- ",33.985259999999997,-117.95362,"LOS ANGELES",UNINCORPORATED,-117.95371,33.985206759999997
90145685,2016,2016-03-28,9590,2016-03-08,0350,019805,,2,3,7,1942,0,1,1,,2,013,"SR-110 S/B (ARROYO SECO PARKWAY)","AVE. 43",960.00,S,N,A,-,Y,,,110,,,,,,S,Y,3,0,1,1,A,-,01,23152,A,N,B,I,A,A,H,-,C,D,0,,,,,Y,Y,A,01,0,1,0,0,0,0,0,0,0,"- ","- ",34.09093,-118.20714,"LOS ANGELES","LOS ANGELES",-118.20711887,34.090916730000004
90146629,2016,2016-03-29,9530,2016-03-27,1401,021174,,7,2,9,1900,0,3,5,,2,002,"AVALON BLVD.","135TH ST.",0.00,,Y,A,-,N,,,,,,,,,,Y,4,0,2,2,A,-,01,23152,A,N,D,C,A,A,H,-,A,D,0,,,,,Y,Y,A,07,0,0,2,0,0,0,0,0,0,"- ","- ",33.543199999999999,-118.1555,"LOS ANGELES",UNINCORPORATED,-118.26531005,33.90918001
90147966,2016,2016-03-30,9535,2016-02-28,0420,017308,,7,3,9,1900,0,1,1,,2,651,"I-605 S/B (SAN GABRIEL RIVER FREEWAY)",SR-60,2640.00,N,N,A,-,Y,,,605,,,,,,S,Y,3,0,1,2,A,-,07,21658,A,N,C,C,A,A,H,-,C,D,0,,,,,Y,Y,A,01,0,1,0,0,0,0,0,0,0,"- ","- ",34.038440000000001,-118.02160000000001,"LOS ANGELES",UNINCORPORATED,-118.02154993000001,34.038351259999999
9014915,2019,2020-02-10,1942,2019-12-06,2010,42715,1385,5,5,7,1942,0,0,0,M,0,13Z1,"60TH ST","CENTRAL AV",0.00,,Y,A,-,N,,,,,,,,,,N,4,0,1,2,A,-,12,21453,A,N,D,C,A,A,H,-,C,A,0,,,,,Y,Y,-,"- ",0,0,1,0,0,0,0,0,0,"- ","- ",,,"LOS ANGELES","LOS ANGELES",-118.25646209716797,33.985698699951172
90149669,2016,2016-04-04,9590,2016-01-10,0250,020443,,7,3,7,1942,0,1,2,,2,042,"US-101 N/B (SAF)","WHITTIER BLVD.",470.00,N,N,C,-,Y,,,101,,,,,,N,Y,2,0,2,1,A,-,01,23152,A,N,E,I,A,B,H,-,C,D,0,,,,,Y,Y,A,01,1,1,0,0,0,0,0,0,0,"- ","- ",34.038409999999999,-118.22150999999999,"LOS ANGELES","LOS ANGELES",-118.22144937,34.038415880000002
9015010,2019,2020-01-02,1920,2019-11-29,1302,11992,,5,5,6,1920,0,0,0,,0,006,"CAVEL ST","MARBEL AV",30.00,W,N,A,-,N,,,,,,,,,,Y,3,0,1,2,A,-,01,23152,A,N,C,E,A,A,H,-,A,D,0,,,,,Y,Y,A,01,0,1,0,0,0,0,0,0,0,"- ","- ",,,"LOS ANGELES",DOWNEY,-118.13288116455078,33.92620849609375
9015102,2019,2020-01-02,1942,2019-11-23,1700,42918,1822,6,5,7,1942,0,0,0,R,0,18A34,"98TH ST","MAIN ST",5.00,E,N,A,-,N,,,,,,,,,,Y,3,0,1,3,A,-,01,23152,A,M,B,E,A,A,H,-,B,A,0,,,,,Y,Y,A,01,0,1,0,0,0,0,0,0,0,"- ","- ",,,"LOS ANGELES","LOS ANGELES",-118.27388763427734,33.947391510009766
90152312,2016,2016-04-06,9535,2016-01-27,1735,020851,,3,2,9,1900,0,2,4,,2,024,"WHITTIER BLVD. (4700 BLOCK)","KERN AVE",50.00,E,N,A,-,N,,,,,,,,,,N,3,0,2,3,A,-,01,23152,A,N,B,C,A,A,H,-,C,D,0,,,,,Y,Y,A,01,0,2,0,0,0,0,0,0,0,"- ","- ",34.022129999999997,-118.16539,"LOS ANGELES",UNINCORPORATED,-118.16559004,34.022157470000003
90152608,2016,2016-04-07,9575,2016-03-18,0248,020492,,5,3,7,1942,0,1,3,,2,044,"SR-134 W/B (VENTURA FREEWAY)","LANKERSHIM BLVD",469.00,W,N,A,-,Y,,,,,,,,,,Y,2,0,1,1,A,-,01,23152,A,N,E,I,A,A,H,-,C,D,0,,,,,Y,Y,A,01,1,0,0,0,0,0,0,0,0,"- ","- ",34.911639999999998,-118.22892,"LOS ANGELES","LOS ANGELES",-118.36912302,34.153125070000002
9015293,2019,2020-02-20,1920,2019-12-15,1956,13286,1920,7,5,6,1920,0,0,0,,0,002,"STEWART AND GRAY RD","RIVES AV",300.00,E,N,A,-,N,,,,,,,,,,Y,3,0,5,4,A,-,01,23152,A,F,A,E,A,A,H,-,C,D,0,,,,,Y,Y,A,01,0,3,2,0,0,0,0,0,0,"- ","- ",,,"LOS ANGELES",DOWNEY,-118.14720153808594,33.936569213867188
90152968,2016,2016-04-07,9525,2016-03-18,0318,020719,,5,3,9,1900,0,3,5,,2,002,"CYPRESS ST. (BLOCK #16700)","ASPAN AVE.",70.00,W,N,B,-,N,,,,,,,,,,Y,4,0,1,1,A,-,01,23152,A,N,E,I,A,A,H,-,D,D,0,,,,,Y,Y,A,07,0,0,1,0,0,0,0,0,0,"- ","- ",34.095910000000003,-117.91982,"LOS ANGELES",UNINCORPORATED,-117.91983999999999,34.095680000000002
9015298,2019,2020-02-19,1900,2019-12-14,0915,600019,0560,6,5,3,1968,0,0,0,,0,55T1AM,"SANTA ANITA AV","WEAVER ST",0.00,,Y,A,-,N,,,,,,,,,,N,3,0,1,2,A,-,17,21200,,N,G,G,A,A,H,-,A,D,0,,Y,,,Y,Y,L,04,0,1,0,0,0,0,1,0,0,"- ","- ",34.054771423339844,-118.04250335693359,"LOS ANGELES","SOUTH EL MONTE",-118.04241180419922,34.0548095703125
9015387,2019,2020-06-08,1902,2019-11-30,2201,756,13,6,5,5,1902,0,0,0,,0,003,"COLORADO BL","MICHILLINDA AV",0.00,,Y,B,-,N,,,,,,,,,,Y,2,0,7,2,A,-,"- ",,,F,-,C,A,B,H,-,C,A,0,,,,,Y,Y,A,01,3,2,2,0,0,0,0,0,0,"- ","- ",,,"LOS ANGELES",ARCADIA,-118.06778717041016,34.147930145263672
90154436,2016,2016-04-11,9530,2016-04-09,0340,015372,,6,3,5,1977,0,1,3,,2,310,"SR-91 E/B (ARTESIA FREEWAY)","CENTRAL AVE.",2640.00,W,N,B,-,Y,,,,,,,,,,Y,4,0,1,2,A,-,01,23152,A,F,C,C,A,B,H,-,C,D,0,,,,,Y,Y,A,01,0,0,1,0,0,0,0,0,0,"- ","- ",33.522570000000002,-118.15246,"LOS ANGELES",CARSON,-118.25743481000001,33.873532079999997
9015752,2019,2020-02-26,1942,2019-11-29,1710,40008,0491,5,5,7,1942,0,0,0,D,0,4A97,"S SOTO ST","OLYMPIC BL",100.00,N,N,A,-,N,,,,,,,,,,N,2,0,1,2,A,-,11,21954,A,N,G,B,D,A,H,-,C,D,0,Y,,,,Y,Y,N,60,1,0,0,0,1,0,0,0,0,"- ","- ",,,"LOS ANGELES","LOS ANGELES",-118.21982574462891,34.024543762207031
9015869,2019,2020-02-13,1942,2019-12-23,0845,38940,1065,1,5,7,1942,0,0,0,J,0,10A99,"WHITE OAK AV","MAGNOLIA BL",0.00,,Y,B,-,N,,,,,,,,,,Y,3,0,2,2,A,-,09,21802,A,N,D,C,A,B,H,-,A,A,0,,,,,Y,Y,A,01,0,2,0,0,0,0,0,0,0,"- ","- ",,,"LOS ANGELES","LOS ANGELES",-118.51856231689453,34.165351867675781
90159650,2016,2016-04-18,9530,2016-03-31,2041,020584,,4,2,9,1900,0,3,5,,2,002,"EL SEGUNDO BLVD. (2100 BLOCK)","WILLOWBROOK AVE.",950.00,W,N,A,-,N,,,,,,,,,,Y,3,0,1,4,A,-,01,23152,A,N,E,I,A,A,H,-,C,D,0,,,,,Y,Y,A,07,0,1,0,0,0,0,0,0,0,"- ","- ",33.916179999999997,-118.23506,"LOS ANGELES",UNINCORPORATED,-118.23479397,33.916139999999999
9016016,2020,2020-11-30,1900,2020-05-09,1553,652863,1900,6,5,3,1995,0,0,0,,0,NPD,"RT 1","BIG ROCK RD",1056.00,W,N,A,-,Y,LA,7,1,-,-,42.290,H,-,S,Y,2,0,1,2,A,-,01,23152,A,N,A,E,A,A,H,-,A,D,0,,,,Y,Y,Y,A,01,1,0,0,0,0,0,0,0,0,"- ","- ",34.03887939453125,-118.60488128662109,"LOS ANGELES",MALIBU,-118.60508728027344,34.038925170898438
90161055,2016,2016-04-19,9565,2016-04-16,2330,020556,,6,3,9,1900,0,2,S,,2,001,"LA BREA AVENUE","STOCKER STREET",10.00,S,N,A,-,N,,,,,,,,,,Y,3,0,1,1,A,-,01,23152,A,N,E,I,A,A,H,-,C,A,0,,,,,Y,Y,A,01,0,1,0,0,0,0,0,0,0,"- ","- ",33.996630000000003,-118.35784,"LOS ANGELES",UNINCORPORATED,-118.35793493,33.997002879999997
90161514,2016,2016-04-20,9580,2016-04-07,0042,017371,,4,3,9,1900,0,2,4,,1,128,"KANAN RD","TROUTDALE DR",4752.00,N,N,A,-,N,,,,,,,,,,Y,3,0,1,1,A,-,01,23152,A,N,E,I,A,A,H,-,C,D,0,,,,,Y,Y,A,01,0,1,0,0,0,0,0,0,0,"- ","- ",34.128990000000002,-118.77512,"LOS ANGELES",UNINCORPORATED,-118.77510069,34.129551730000003
9016218,2019,2020-01-30,1946,2019-10-21,0725,P16,1946,1,5,4,1946,0,0,0,,0,002,HUNTINGTON,5TH,534.00,E,N,A,-,N,,,,,,,,,,N,4,0,1,2,A,-,03,22350,,F,C,C,A,A,H,-,A,A,0,,,,,Y,Y,A,07,0,0,1,0,0,0,0,0,0,"- ","- ",,,"LOS ANGELES",MONROVIA,-118.01873779296875,34.140140533447266
90162336,2016,2016-04-21,9530,2016-03-03,1335,019941,,4,1,7,1942,0,1,3,,1,470,"SR-47 N/B (VINCENT THOMAS BRIDGE)","FERRY STREET",1701.00,N,N,A,-,Y,,,47,,,,,,N,N,1,1,0,1,C,-,18,,,N,H,A,A,A,H,-,A,D,0,,,,,Y,Y,-,"- ",0,0,0,0,0,0,0,0,0,"- ","- ",33.750309999999999,-118.25921,"LOS ANGELES","LOS ANGELES",-118.2592329,33.750372800000001
90164806,2016,2016-04-25,9530,2016-04-17,1925,021030,,7,2,9,1900,0,1,3,,2,310,"SR-91 E/B (ARTESIA FREEWAY)","SUSANA RD.",150.00,W,N,A,-,Y,,,91,,,,,,E,Y,4,0,1,1,A,-,01,23152,A,M,E,I,A,A,H,-,A,D,0,,,,,Y,Y,A,01,0,0,1,0,0,0,0,0,0,"- ","- ",33.873399999999997,-118.2077,"LOS ANGELES",UNINCORPORATED,-118.20769862,33.873413630000002
90166371,2016,2016-04-27,9565,2016-04-25,0057,018804,,1,3,9,1900,0,1,1,,2,060,"I-405 S/B","LENNOX BLVD.",650.00,N,N,A,-,Y,,,405,,,,,,S,N,4,0,1,2,A,-,01,23152,A,N,B,C,A,A,H,-,C,D,0,,,,,Y,Y,A,07,0,0,1,0,0,0,0,0,0,"- ","- ",33.939520000000002,-118.36863,"LOS ANGELES",UNINCORPORATED,-118.36853979,33.9395217
90167464,2016,2016-04-28,9540,2016-04-21,0005,020079,,4,3,7,1942,0,1,1,,2,210,"I-210 W/B TO I-5 N/B","YARNELL ST",3168.00,W,N,A,-,Y,,,210,,,,R,,W,Y,3,0,1,1,A,-,01,23152,A,N,E,I,A,A,H,-,D,D,0,,,,,Y,Y,D,22,0,1,0,0,0,0,0,0,0,"- ","- ",34.317689999999999,-118.48647,"LOS ANGELES","LOS ANGELES",-118.48647,34.317689999999999
90168042,2016,2016-04-28,9580,2016-04-21,2315,021241,,4,3,7,1942,0,1,2,,2,102,"US-101 N/B (VENTURA FREEWAY)","HAYVENHURST AVE",2112.00,S,N,A,-,Y,,,101,,,,,,N,Y,3,0,1,2,A,-,01,23152,A,M,B,C,A,A,H,-,D,D,0,,,,,Y,Y,A,01,0,1,0,0,0,0,0,0,0,"- ","- ",34.16534,-118.48454,"LOS ANGELES","LOS ANGELES",-118.48454035,34.165366050000003
90168159,2016,2016-04-28,9530,2016-04-27,1350,015063,,3,1,9,1900,0,3,5,,2,005,"MARINE AVENUE","LEMOLI AVENUE",0.00,,Y,A,-,N,,,,,,,,,,Y,3,0,3,2,A,-,01,23152,A,F,A,C,A,A,H,-,A,A,0,,,,,Y,Y,A,07,0,2,1,0,0,0,0,0,0,"- ","- ",33.894599999999997,-118.3308,"LOS ANGELES",UNINCORPORATED,-118.33087003999999,33.894670069999997
9016823,2020,2020-03-11,1942,2020-01-26,1800,36102,1532,7,5,7,1942,0,0,0,O,0,15A33,"LAUREL CANYON BL","OXNARD ST",202.00,S,N,A,-,N,,,,,,,,,,N,2,0,1,2,A,-,01,23152,A,N,H,G,A,A,H,-,C,A,0,,Y,,,Y,Y,L,04,1,0,0,0,0,0,1,0,0,"- ","- ",,,"LOS ANGELES","LOS ANGELES",-118.39652252197266,34.178867340087891
9016935,2019,2020-03-18,1900,2019-11-24,1804,621316,1432,7,5,4,1937,0,0,0,,0,143T1,"AMAR RD","AILERON AV",0.00,,Y,A,-,N,,,,,,,,,,Y,3,0,1,2,A,-,01,23152,A,N,A,C,A,A,H,-,C,A,0,,,,,Y,Y,D,22,0,1,0,0,0,0,0,0,0,"- ","- ",34.036510467529297,-117.94081878662109,"LOS ANGELES","LA PUENTE",-117.94081115722656,34.036548614501953
90169505,2016,2016-04-29,9580,2016-04-16,0937,021187,,6,1,7,1942,0,1,1,,2,407,"I-405 S/B (SAN DIEGO FWY)","ROSCOE BLVD",300.00,N,N,A,-,Y,,,405,,,,,,S,Y,3,0,1,3,A,-,01,23152,A,N,B,C,A,A,H,-,A,D,0,,,,,Y,Y,A,01,0,1,0,0,0,0,0,0,0,"- ","- ",34.2224,-118.47324,"LOS ANGELES","LOS ANGELES",-118.47330817,34.22240068
90170380,2016,2016-05-02,9545,2016-04-17,2000,018420,,7,2,9,1900,0,1,3,,1,042,"SMALL RD","PEARBLOSSOM HWY",0.00,,Y,A,-,Y,,,,,,,,,,Y,2,0,1,2,A,-,01,23152,A,F,D,C,A,A,H,-,D,A,0,,,,,Y,Y,A,01,1,0,0,0,0,0,0,0,0,"- ","- ",34.528599999999997,-118.09143,"LOS ANGELES",UNINCORPORATED,-118.09159003000001,34.528850030000001
90170724,2016,2016-05-02,9565,2016-04-30,1710,020879,,6,2,5,1928,0,1,1,,2,012,"I-105 E/B","PRAIRIE AVE",250.00,W,N,A,-,Y,,,105,,,,,,E,Y,3,0,2,2,A,-,01,23152,A,N,C,C,A,A,H,-,A,D,0,,,,,Y,Y,A,07,0,1,1,0,0,0,0,0,0,"- ","- ",33.93233,-118.34742,"LOS ANGELES",HAWTHORNE,-118.34757911,33.931965579999996
90171708,2016,2016-05-03,9580,2016-04-29,1530,021077,,5,2,7,1942,0,1,3,,2,170,"SR 170 N/B FROM VICTORY BLVD. E/B","VICTORY BLVD",50.00,S,N,A,-,Y,,,170,,,,R,,N,Y,3,0,1,1,A,-,01,23152,A,N,E,I,A,A,H,-,A,D,0,,,,,Y,Y,A,01,0,1,0,0,0,0,0,0,0,"- ","- ",34.185839999999999,-118.40073,"LOS ANGELES","LOS ANGELES",-118.40073,34.185839999999999
90172240,2016,2016-05-04,9550,2016-05-02,1900,020932,,1,2,9,1900,0,2,4,,1,022,"TELEGRAPH ROAD","MILLS AVENUE",0.00,,Y,A,-,N,,,,,,,,,,Y,3,0,2,2,A,-,01,23152,A,F,A,C,A,A,H,-,A,A,0,,,,,Y,Y,D,22,0,1,1,0,0,0,0,0,0,"- ","- ",33.95693,-118.0414,"LOS ANGELES",UNINCORPORATED,-118.04161010999999,33.936940030000002
90174385,2016,2016-05-06,9545,2016-05-01,0325,020547,,7,3,9,1900,0,3,5,,2,003,"SIERRA HIGHWAY","SOLEDAD CANYON RD",38.00,E,N,A,-,N,,,,,,,,,,Y,2,0,1,1,A,-,01,23152,A,N,E,I,A,A,H,-,C,A,0,,,,,Y,Y,A,01,1,0,0,0,0,0,0,0,0,"- ","- ",34.291800000000002,-118.08110000000001,"LOS ANGELES",UNINCORPORATED,-118.45594576000001,34.416464130000001
90175888,2016,2016-05-10,9575,2016-04-21,0045,021213,,4,3,7,1942,0,1,3,,2,043,"SR-134 W/B (VENTURA FREEWAY)","I-5 S/B (GOLDEN STATE FREEWAY)",368.00,W,N,A,-,Y,,,134,,,,,,W,Y,3,0,1,2,A,-,01,23152,A,N,D,C,A,A,H,-,C,D,0,,,,,Y,Y,D,22,0,1,0,0,0,0,0,0,0,"- ","- ",34.155419999999999,-118.29065,"LOS ANGELES","LOS ANGELES",-118.29064999000001,34.155427029999998
9017601,2020,2020-03-02,1942,2020-01-26,1900,37010,0351,7,5,7,1942,0,0,0,C,0,3A31,"OBAMA BL","LA BREA AV",10.00,E,N,A,-,N,,,,,,,,,,N,2,0,1,2,A,-,10,21950,A,N,G,B,B,A,H,-,C,A,0,Y,,,,Y,Y,A,01,1,0,0,0,1,0,0,0,0,"- ","- ",,,"LOS ANGELES","LOS ANGELES",-118.355587,34.021531000000003
90176010,2016,2016-05-10,9545,2016-05-02,0256,020244,,1,3,9,1900,0,1,3,,2,011,"SR-14 S/B","AVENUE D",575.00,N,N,A,-,Y,,,14,,,,,,S,Y,3,0,1,3,A,-,01,23152,A,N,C,C,A,A,H,-,D,D,0,,,,Y,Y,Y,A,01,0,1,0,0,0,0,0,0,0,"- ","- ",34.782829999999997,-118.17074,"LOS ANGELES",UNINCORPORATED,-118.17092648000001,34.782829309999997
90176330,2016,2016-05-10,9525,2016-04-24,0142,020847,,7,3,5,1906,0,1,1,,2,103,"I-10 W/B (SAN BERNARDINO FREEWAY)","FRANCISQUITO AVE",2010.00,E,N,A,-,Y,,,10,,,,,,W,Y,3,0,1,2,A,-,01,23152,A,N,B,C,A,A,H,-,C,D,0,,,,,Y,Y,A,01,0,1,0,0,0,0,0,0,0,"- ","- ",34.069560000000003,-117.96764,"LOS ANGELES","BALDWIN PARK",-117.96763172,34.069493940000001
9017655,2020,2020-03-04,1942,2020-01-26,2150,32297,2016,7,5,7,1942,0,0,0,,0,20XL3,"3RD ST","NORMANDIE AV",0.00,,Y,B,-,N,,,,,,,,,,N,4,0,1,2,A,-,12,21453,A,F,G,B,B,A,H,-,C,A,0,Y,,,,Y,Y,-,99,0,0,1,0,1,0,0,0,0,"- ","- ",,,"LOS ANGELES","LOS ANGELES",-118.30036163330078,34.069011688232422
9017900,2019,2020-02-10,1942,2019-12-24,2120,40602,0507,2,5,7,1942,0,0,0,E,0,5A15,"225TH ST","NORMANDIE AV",75.00,W,N,A,-,N,,,,,,,,,,N,4,0,1,4,A,-,03,22350,,N,B,C,A,B,H,-,C,D,0,,,,,Y,Y,A,01,0,0,1,0,0,0,0,0,0,"- ","- ",,,"LOS ANGELES","LOS ANGELES",-118.29932403564453,33.822265625
90179582,2016,2016-05-16,9525,2016-05-01,2200,021229,,7,3,9,1900,0,3,5,,2,004,"SUNSET AVE","FAIRGROVE AVE",0.00,,Y,A,-,N,,,,,,,,,,Y,4,0,1,2,A,-,09,21801,A,N,D,C,A,A,H,-,C,A,0,,,,,Y,Y,A,01,0,0,1,0,0,0,0,0,0,"- ","- ",34.04907,-117.95932999999999,"LOS ANGELES",UNINCORPORATED,-117.95909005,34.049160059999998
90179647,2016,2016-05-16,9525,2016-04-23,0044,021138,,6,3,6,1955,0,1,3,,2,603,"SR-60 W/B (POMONA FREEWAY)","PHILLIPS RANCH RD",100.00,W,N,A,-,Y,,,60,,,,,,W,Y,4,0,1,2,A,-,01,23152,A,N,C,C,A,A,H,-,D,D,0,,,,,Y,Y,A,01,0,0,1,0,0,0,0,0,0,"- ","- ",34.024149999999999,-117.77146,"LOS ANGELES",POMONA,-117.77146393,34.024133980000002
90180228,2016,2016-05-16,9535,2016-05-05,0150,021143,,4,3,6,1922,0,1,1,,2,400,"I-10 (SAN BERNARDINO FREEWAY) E/B","SANTA ANITA AVE",400.00,E,N,A,-,Y,,,10,,,,,,E,Y,4,0,1,2,A,-,01,23152,A,N,C,C,A,A,H,-,D,D,0,,,,,Y,Y,A,01,0,0,1,0,0,0,0,0,0,"- ","- ",34.068129999999996,-118.03359,"LOS ANGELES","EL MONTE",-118.03359448,34.06787886
90180471,2016,2016-05-16,9525,2016-04-30,1830,019495,,6,2,1,1934,0,1,1,,2,652,"I-605 N/B (SAN GABRIEL RIVER FREEWAY)",I-210,5280.00,S,N,A,-,Y,,,605,,,,,,N,Y,3,0,2,2,A,-,01,23152,A,N,C,C,A,A,H,-,A,D,0,,,,,Y,Y,A,01,0,1,1,0,0,0,0,0,0,"- ","- ",34.124400000000001,-117.9661,"LOS ANGELES",IRWINDALE,-117.96607173,34.12437053
90182205,2016,2016-05-18,9525,2016-03-12,0120,020989,,6,3,6,1955,0,1,1,,2,110,"I-10 E/B (SAN BERNARDINO FREEWAY)","DUDLEY STREET",2021.00,E,N,A,-,Y,,,10,,,,,,E,N,2,0,1,2,A,-,11,21954,A,N,G,B,D,A,H,-,C,D,0,Y,,,,Y,Y,N,60,1,0,0,0,1,0,0,0,0,"- ","- ",34.071890000000003,-117.77058,"LOS ANGELES",POMONA,-117.77057684,34.071909849999997