CASE_ID,ACCIDENT_YEAR,PROC_DATE,JURIS,COLLISION_DATE,COLLISION_TIME,OFFICER_ID,REPORTING_DISTRICT,DAY_OF_WEEK,CHP_SHIFT,POPULATION,CNTY_CITY_LOC,SPECIAL_COND,BEAT_TYPE,CHP_BEAT_TYPE,CITY_DIVISION_LAPD,CHP_BEAT_CLASS,BEAT_NUMBER,PRIMARY_RD,SECONDARY_RD,DISTANCE,DIRECTION,INTERSECTION,WEATHER_1,WEATHER_2,STATE_HWY_IND,CALTRANS_COUNTY,CALTRANS_DISTRICT,STATE_ROUTE,ROUTE_SUFFIX,POSTMILE_PREFIX,POSTMILE,LOCATION_TYPE,RAMP_INTERSECTION,SIDE_OF_HWY,TOW_AWAY,COLLISION_SEVERITY,NUMBER_KILLED,NUMBER_INJURED,PARTY_COUNT,PRIMARY_COLL_FACTOR,PCF_CODE_OF_VIOL,PCF_VIOL_CATEGORY,PCF_VIOLATION,PCF_VIOL_SUBSECTION,HIT_AND_RUN,TYPE_OF_COLLISION,MVIW,PED_ACTION,ROAD_SURFACE,ROAD_COND_1,ROAD_COND_2,LIGHTING,CONTROL_DEVICE,CHP_ROAD_TYPE,PEDESTRIAN_ACCIDENT,BICYCLE_ACCIDENT,MOTORCYCLE_ACCIDENT,TRUCK_ACCIDENT,NOT_PRIVATE_PROPERTY,ALCOHOL_INVOLVED,STWD_VEHTYPE_AT_FAULT,CHP_VEHTYPE_AT_FAULT,COUNT_SEVERE_INJ,COUNT_VISIBLE_INJ,COUNT_COMPLAINT_PAIN,COUNT_PED_KILLED,COUNT_PED_INJURED,COUNT_BICYCLIST_KILLED,COUNT_BICYCLIST_INJURED,COUNT_MC_KILLED,COUNT_MC_INJURED,PRIMARY_RAMP,SECONDARY_RAMP,LATITUDE,LONGITUDE,COUNTY,CITY,POINT_X,POINT_Y
9048039,2020,2020-06-03,1948,2020-02-04,1614,420,1948,2,5,5,1948,0,0,0,,0,002,"GARFIELD AV","NEWMARK AV",100.00,N,N,A,-,N,,,,,,,,,,Y,4,0,1,2,A,-,01,23152,A,F,B,C,A,A,H,-,A,A,0,,,,,Y,Y,-,,0,0,1,0,0,0,0,0,0,"- ","- ",,,"LOS ANGELES","MONTEREY PARK",-118.12281799316406,34.060062408447266
90481356,2017,2017-06-20,9550,2017-06-08,0001,020795,,4,3,5,1908,0,1,3,,2,090,"STATE ROUTE 91 E/B","LAKEWOOD BOULEVARD",1000.00,W,N,A,-,Y,,,91,,,,,,E,Y,3,0,1,4,A,-,01,23152,A,N,B,C,A,A,H,-,C,D,0,,,,,Y,Y,D,22,0,1,0,0,0,0,0,0,0,"- ","- ",33.877000000000002,-118.1472,"LOS ANGELES",BELLFLOWER,-118.14719998,33.876995780000001
90481447,2017,2017-06-20,9565,2017-06-18,1945,021267,,7,2,9,1900,0,3,5,,2,002,"CIMARRON ST","105TH ST",217.00,S,N,A,-,N,,,,,,,,,,Y,4,0,1,4,A,-,01,23152,A,N,B,C,A,A,H,-,B,D,0,,,,,Y,Y,A,07,0,0,1,0,0,0,0,0,0,"- ","- ",33.940469999999998,-118.31585,"LOS ANGELES",UNINCORPORATED,-118.31586572000001,33.940494860000001
90481516,2017,2017-06-20,9535,2017-06-17,0100,020816,,6,3,9,1900,0,1,3,,2,620,"SR-60 E/B TO I-605",I-605,900.00,W,N,B,-,Y,,,60,,,,R,,E,Y,2,0,1,3,A,-,01,23152,A,N,C,E,E,A,H,-,C,D,0,Y,,,,Y,Y,A,01,1,0,0,0,1,0,0,0,0,"- ","- ",34.035249999999998,-118.03037,"LOS ANGELES",UNINCORPORATED,-118.03037,34.035249999999998
90482365,2017,2017-06-21,9535,2017-06-11,0250,021599,,7,3,5,1901,0,1,1,,2,420,"I-10 E/B TO ATLANTIC BLVD S/B","I-10 (SAN BERNARDINO FREEWAY) E/B",45.00,S,N,A,-,Y,,,10,,,,R,,E,Y,4,0,1,1,A,-,01,23152,A,N,E,I,A,A,H,-,C,D,0,,,,,Y,Y,A,01,0,0,1,0,0,0,0,0,0,"- ","- ",34.070459999999997,-118.13472,"LOS ANGELES",ALHAMBRA,-118.13472,34.070459999999997
90482912,2017,2017-06-21,9525,2017-06-12,2045,018651,,1,2,9,1900,0,3,5,,2,003,"SANDALWOOD AVE.(200 BLOCK)","BOULAY ST.",0.00,,Y,A,-,N,,,,,,,,,,N,3,0,1,2,A,-,11,21954,A,N,G,B,D,A,H,-,A,D,0,Y,,,,Y,Y,N,60,0,1,0,0,1,0,0,0,0,"- ","- ",34.013550000000002,-117.91896,"LOS ANGELES",UNINCORPORATED,-117.91722006000001,34.016960109999999
90483528,2017,2017-06-22,9540,2017-06-13,0510,021308,,2,3,9,1900,0,1,1,,2,507,"I-5 S/B (GOLDEN STATE FREEWAY)","HONOR RANCH RD.",541.00,N,N,A,-,Y,,,5,,,,,,S,Y,2,0,1,1,A,-,08,22107,,N,E,I,A,A,H,-,B,D,0,,,,,Y,Y,A,01,1,0,0,0,0,0,0,0,0,"- ","- ",34.450769999999999,-118.61457,"LOS ANGELES",UNINCORPORATED,-118.61444111,34.450865049999997
90483646,2017,2017-06-22,9525,2017-06-10,0320,020989,,6,3,9,1900,0,3,5,,2,003,"VALLEY BLVD. (13200 BLOCK)","COVINA BLVD",60.00,E,N,A,-,N,,,,,,,,,,Y,3,0,1,1,A,-,01,23152,A,N,E,I,A,A,H,-,C,D,0,,,,,Y,Y,A,01,0,1,0,0,0,0,0,0,0,"- ","- ",34.050449999999998,-117.99775,"LOS ANGELES",UNINCORPORATED,-117.99794246,34.050410679999999
90483753,2017,2017-06-22,9565,2017-06-08,1910,021572,,4,2,5,1928,0,1,1,,2,010,"I-105 E/B (CENTURY FWY)","HAWTHORNE BLVD",1200.00,W,N,A,-,Y,,,105,,,,,,E,Y,3,0,2,3,A,-,01,23152,A,N,B,C,A,A,H,-,A,D,0,,,,,Y,Y,A,01,0,1,1,0,0,0,0,0,0,"- ","- ",33.933120000000002,-118.35701,"LOS ANGELES",HAWTHORNE,-118.35699940000001,33.933069639999999
90487111,2017,2017-06-26,9590,2017-06-02,2300,021667,,5,3,7,1942,0,1,2,,2,072,"US-101 N/B (HOLLYWOOD FREEWAY)","HIGHLAND AVENUE",500.00,S,N,A,-,Y,,,101,,,,,,N,Y,4,0,1,2,A,-,01,23152,A,N,C,C,A,A,H,-,C,D,0,,,,,Y,Y,A,01,0,0,1,0,0,0,0,0,0,"- ","- ",34.111840000000001,-118.33533,"LOS ANGELES","LOS ANGELES",-118.33533671000001,34.111836580000002
90487355,2017,2017-06-26,9580,2017-06-02,0335,021592,,5,3,7,1942,0,1,2,,2,100,"US-101 N/B (HOLLYWOOD FREEWAY)","VINELAND AVE",975.00,S,N,A,-,Y,,,101,,,,,,N,Y,3,0,1,2,A,-,01,23152,A,M,A,C,A,A,H,-,D,D,0,,,,,Y,Y,A,01,0,1,0,0,0,0,0,0,0,"- ","- ",34.144860000000001,-118.36807,"LOS ANGELES","LOS ANGELES",-118.36805158,34.144871479999999
90487817,2017,2017-06-26,9590,2017-06-25,0445,021583,,7,3,7,1942,0,1,1,,2,012,"SR-110 N/B (ARROYO SECO PARKWAY)","AVENUE 26",100.00,N,N,A,-,Y,,,110,,,,,,N,Y,3,0,3,1,A,-,01,23152,A,N,E,I,A,A,H,-,C,D,0,,,,,Y,Y,A,01,0,1,2,0,0,0,0,0,0,"- ","- ",34.085929999999998,-118.21508,"LOS ANGELES","LOS ANGELES",-118.21511473,34.08606305
90488973,2017,2017-06-27,9545,2017-06-18,2300,012653,,7,3,9,1900,0,3,5,,2,001,"AVENUE K","110TH ST  W",35.00,W,N,A,-,N,,,,,,,,,,Y,3,0,1,1,A,-,03,22350,,M,E,I,A,A,H,-,D,A,0,,,,,Y,Y,A,08,0,1,0,0,0,0,0,0,0,"- ","- ",34.67474,-118.32424,"LOS ANGELES",UNINCORPORATED,-118.32418,34.674630000000001
90489002,2017,2017-06-27,9525,2017-06-19,0220,019970,,1,3,4,1960,0,1,3,,2,572,"SR-57 N/B (ORANGE FWY)","VIA VERDE AVE",2640.00,N,N,A,-,Y,,,57,,,,,,N,Y,3,0,1,1,A,-,01,23152,A,N,E,I,A,A,H,-,D,D,0,,,,,Y,Y,A,01,0,1,0,0,0,0,0,0,0,"- ","- ",34.0839,-117.81901000000001,"LOS ANGELES","SAN DIMAS",-117.81889529,34.083955090000003
90489697,2017,2017-06-28,9580,2017-06-17,1245,020619,,6,1,7,1942,0,1,3,,2,115,"SR-118 W/B TO I-405 S/B","SEPULVEDA BLVD",1320.00,W,N,A,-,Y,,,118,,,,R,,W,Y,3,0,1,2,A,-,01,23152,A,M,E,I,A,A,H,-,A,D,0,,,,,Y,Y,A,01,0,1,0,0,0,0,0,0,0,"- ","- ",34.266330000000004,-118.4712,"LOS ANGELES","LOS ANGELES",-118.4712,34.266330000000004
9048978,2018,2020-02-25,1910,2018-08-15,2252,4223,,3,5,4,1910,0,0,0,,0,004,"W N SANTA MONICA BL W","N BEDFORD DR N",0.00,,Y,A,-,N,,,,,,,,,,Y,4,0,1,2,A,-,03,22350,,N,C,C,A,A,H,-,C,A,0,,,,,Y,Y,A,01,0,0,1,0,0,0,0,0,0,"- ","- ",34.068931579589844,-118.40589141845703,"LOS ANGELES","BEVERLY HILLS",-118.40671,34.069580000000002
90490262,2017,2017-06-29,9565,2017-05-28,0346,21512,,7,3,9,1900,0,1,1,,2,060,"I-405 N/B FROM IMPERIAL HWY","IMPERIAL HWY",1368.00,N,N,A,-,Y,,,405,,,,R,,N,Y,4,0,1,2,A,-,07,21658,A,N,B,C,A,A,H,-,C,D,0,,,,,Y,Y,A,01,0,0,1,0,0,0,0,0,0,"- ","- ",33.93477,-118.36772999999999,"LOS ANGELES",UNINCORPORATED,-118.36772999999999,33.93477
9049033,2018,2020-02-24,1910,2018-01-22,1825,03410,,1,5,4,1910,0,0,0,,0,009,"N LA CIENEGA BL","WILSHIRE BL",0.00,,Y,A,-,N,,,,,,,,,,Y,4,0,1,3,A,-,03,22350,,N,C,C,A,-,H,-,C,D,0,,,,,Y,Y,A,01,0,0,1,0,0,0,0,0,0,"- ","- ",,,"LOS ANGELES","BEVERLY HILLS",-118.37622833251953,34.065181732177734
90490407,2017,2017-06-29,9590,2017-05-14,2030,021654,,7,2,7,1942,0,1,1,,2,052,"I-110 N/B (HARBOR FREEWAY)","3RD ST",50.00,S,N,A,-,Y,,,110,,,,,,N,N,4,0,2,3,A,-,03,22350,,N,C,C,A,A,H,-,C,D,0,,,,,Y,Y,A,01,0,0,2,0,0,0,0,0,0,"- ","- ",34.05592,-118.25606000000001,"LOS ANGELES","LOS ANGELES",-118.25606809,34.055928459999997
90491868,2017,2017-06-30,9535,2017-06-27,0350,020851,,2,3,9,1900,0,3,5,,2,001,"HAMMEL ST. (4200 BLOCK)","EASTERN AVE.",30.00,W,N,A,-,N,,,,,,,,,,Y,3,0,1,1,A,-,01,23152,A,M,E,I,A,A,H,-,C,D,0,,,,,Y,Y,A,08,0,1,0,0,0,0,0,0,0,"- ","- ",34.042400000000001,-118.1739,"LOS ANGELES",UNINCORPORATED,-118.17372690000001,34.042396150000002
90492514,2017,2017-07-05,9535,2017-07-01,0320,021381,,6,3,9,1900,0,2,4,,2,014,"CESAR E. CHAVEZ AVE. (3400 BLOCK)","ALMA AVE.",124.00,E,N,A,-,N,,,,,,,,,,Y,3,0,1,3,A,-,01,23152,A,N,B,E,A,A,H,-,C,D,0,,,,,Y,Y,A,01,0,1,0,0,0,0,0,0,0,"- ","- ",34.040590000000002,-118.19092999999999,"LOS ANGELES",UNINCORPORATED,-118.19100154,34.04050118
90493000,2017,2017-07-03,9590,2017-07-02,2340,021678,,7,3,7,1942,0,1,1,,2,082,"I-5 N/B (GOLDEN STATE FREEWAY)","MAIN ST.",90.00,N,N,A,-,Y,,,5,,,,,,N,Y,4,0,1,3,A,-,03,22350,,N,C,C,A,A,H,-,C,D,0,,,,,Y,Y,A,01,0,0,1,0,0,0,0,0,0,"- ","- ",34.065770000000001,-118.21611,"LOS ANGELES","LOS ANGELES",-118.21615667,34.0657681
90493424,2017,2017-07-04,9580,2017-06-24,0225,021592,,6,3,7,1942,0,1,1,,2,404,"I-405 N/B (SAN DIEGO FWY)","VICTORY BLVD",1000.00,S,N,A,-,Y,,,405,,,,,,N,Y,4,0,1,2,A,-,01,23152,A,N,B,C,A,A,H,-,D,D,0,,,,,Y,Y,A,01,0,0,1,0,0,0,0,0,0,"- ","- ",34.184100000000001,-118.4731,"LOS ANGELES","LOS ANGELES",-118.47310081000001,34.18409948
90494533,2017,2017-07-05,9535,2017-07-03,2112,020851,,1,2,9,1900,0,2,4,,2,012,"CITY TERRACE DRIVE WB (3900 BLOCK)","HAZARD AVENUE",0.00,,Y,A,-,N,,,,,,,,,,N,2,0,1,2,A,-,11,21950,B,N,G,B,D,A,H,-,C,D,0,Y,,,,Y,Y,N,60,1,0,0,0,1,0,0,0,0,"- ","- ",34.055759999999999,-118.1788,"LOS ANGELES",UNINCORPORATED,-118.17894006,34.05564012
90494678,2017,2017-07-06,9565,2017-05-17,1840,021021,,3,2,9,1900,0,3,5,,2,003,"ANGELES VISTA BLVD","KNOLL CREST AVE",50.00,N,N,A,-,N,,,,,,,,,,N,4,0,1,2,A,-,01,23152,F,N,B,C,A,A,H,-,A,A,0,,,,,Y,Y,A,01,0,0,1,0,0,0,0,0,0,"- ","- ",33.999479999999998,-118.33479,"LOS ANGELES",UNINCORPORATED,-118.33475074,33.999300849999997
90494845,2017,2017-07-06,9545,2017-06-29,1130,016549,,4,1,9,1900,0,3,5,,1,005,"169TH ST  E","VALEPORT AVE",24.00,N,N,A,-,N,,,,,,,,,,N,2,0,1,2,A,-,01,23152,A,N,D,E,A,A,H,-,A,D,0,,,Y,,Y,Y,C,03,1,0,0,0,0,0,0,0,1,"- ","- ",34.624870000000001,-117.8282,"LOS ANGELES",UNINCORPORATED,-117.82822127999999,34.62497578
9049531,2020,2020-06-04,1900,2020-02-09,1927,641160,0632,7,5,6,1985,0,0,0,,0,61T1,"SAND CANYON RD","CACHUMA LN",0.00,,Y,B,G,N,,,,,,,,,,Y,3,0,3,2,A,-,01,23152,A,N,A,C,A,A,H,-,C,D,0,,,,,Y,Y,A,01,0,2,1,0,0,0,0,0,0,"- ","- ",34.395301818847656,-118.41510009765625,"LOS ANGELES","SANTA CLARITA",-118.41510009765625,34.395271301269531
90496848,2017,2017-09-13,9530,2017-06-27,0355,021004,,2,3,9,1900,0,3,5,,2,004,"ALAMEDA ST. (18000 BLOCK)","SANTA FE AVE.",1671.00,N,N,A,-,N,,,,,,,,,,Y,3,0,2,2,A,-,01,23152,A,N,C,C,A,A,H,-,C,D,0,,,,,Y,Y,A,07,0,2,0,0,0,0,0,0,0,"- ","- ",33.8628,-118.2166,"LOS ANGELES",UNINCORPORATED,-118.21700128000001,33.861963090000003
90496892,2017,2017-07-10,9580,2017-06-10,1607,20100,,6,2,7,1942,0,1,1,,2,407,"I-405 S/B (SAN DIEGO FREEWAY)","NORDHOFF ST",4224.00,N,N,A,-,Y,,,405,,,,,,S,Y,2,0,3,3,A,-,01,23152,A,N,B,C,A,A,H,-,A,D,0,,,Y,,Y,Y,C,02,1,0,2,0,0,0,0,0,1,"- ","- ",34.2425,-118.47302999999999,"LOS ANGELES","LOS ANGELES",-118.47311327,34.24250078
90497675,2017,2017-07-11,9535,2017-07-02,1900,021538,,7,2,9,1900,0,2,4,,2,011,"EASTERN AVE. (1600 BLOCK)","RAMONA BLVD",240.00,N,N,A,-,N,,,,,,,,,,Y,4,0,1,2,A,-,01,23152,A,F,D,C,A,A,H,-,A,A,0,,,,,Y,Y,A,01,0,0,1,0,0,0,0,0,0,"- ","- ",34.06335,-118.17552999999999,"LOS ANGELES",UNINCORPORATED,-118.17324204000001,34.06014622
9049774,2020,2020-05-28,1942,2020-02-18,0800,37500,1512,2,5,7,1942,0,0,0,O,0,15A21,"GOODLAND AV","BASSETT ST",80.00,S,N,A,-,N,,,,,,,,,,,4,0,1,2,A,-,06,21750,,F,B,C,A,A,H,-,A,D,0,,,,,Y,Y,-,99,0,0,1,0,0,0,0,0,0,"- ","- ",,,"LOS ANGELES","LOS ANGELES",-118.41159820556641,34.195579528808594
9049777,2020,2020-05-29,1941,2020-02-22,0146,11342,,6,5,7,1941,0,0,0,,0,,"WILLOW ST","EDISON POLE  # 1380311E",300.00,W,N,A,-,N,,,,,,,,,,Y,4,0,3,2,A,-,01,23153,A,N,C,C,A,A,H,-,C,D,0,,,,,Y,Y,A,,0,0,3,0,0,0,0,0,0,"- ","- ",,,"LOS ANGELES","LONG BEACH",,
90498157,2017,2017-07-11,9580,2017-07-01,2110,020353,,6,2,7,1942,0,1,3,,2,116,"SR-118 E/B (RONALD REAGAN FWY.)","HAYVENHURST AVE",700.00,E,N,A,-,Y,,,118,,,,,,E,Y,3,0,1,1,A,-,01,23152,A,N,E,I,A,A,H,-,C,D,0,,,,,Y,Y,A,01,0,1,0,0,0,0,0,0,0,"- ","- ",34.273310000000002,-118.49160999999999,"LOS ANGELES","LOS ANGELES",-118.49165927,34.273250300000001
9049835,2020,2020-05-21,1942,2020-02-16,0015,42529,396,7,5,7,1942,0,0,0,,0,3A19,"40TH PL",MENLO,30.00,E,N,A,-,N,,,,,,,,,,N,4,0,1,5,A,-,03,22350,A,N,C,E,A,A,H,-,C,D,0,,,,,Y,Y,A,01,0,0,1,0,0,0,0,0,0,"- ","- ",,,"LOS ANGELES","LOS ANGELES",-118.28990173339844,34.010032653808594
9049837,2020,2020-05-29,1942,2020-02-16,1505,40440,1256,7,5,7,1942,0,0,0,L,0,12A57,"W FLORENCE AV","S BROADWAY",0.00,,Y,A,-,N,,,,,,,,,,Y,3,0,7,3,A,-,01,23152,A,N,D,C,A,A,H,-,A,A,0,,,,,Y,Y,A,07,0,1,6,0,0,0,0,0,0,"- ","- ",,,"LOS ANGELES","LOS ANGELES",-118.27832794189453,33.974658966064453
90498490,2017,2017-07-11,9580,2017-07-09,2050,020876,,7,2,7,1942,0,1,1,,2,406,"I-405 N/B TO SR-118 E/B","CHATSWORTH ST",500.00,S,N,A,-,Y,,,405,,,,R,,N,Y,4,0,2,2,A,-,01,23152,A,N,B,C,A,A,H,-,D,D,0,,,,,Y,Y,A,01,0,0,2,0,0,0,0,0,0,"- ","- ",34.262039999999999,-118.47178,"LOS ANGELES","LOS ANGELES",-118.47178,34.262039999999999
90498960,2017,2017-07-12,9545,2017-07-06,2025,016124,,4,2,9,1900,0,3,5,,2,004,"AVENUE S","96TH ST EAST",0.00,,Y,A,-,N,,,,,,,,,,Y,3,0,1,1,A,-,01,23152,A,N,E,I,A,A,H,-,A,D,0,,,,,Y,Y,A,01,0,1,0,0,0,0,0,0,0,"- ","- ",34.557679999999998,-117.95806,"LOS ANGELES",UNINCORPORATED,-117.95818010000001,34.557890059999998
9049908,2020,2020-06-05,1928,2020-02-16,0200,50416,509,7,5,5,1928,0,0,0,,0,502,"PRAIRIE AV",BROADWAY,200.00,N,N,A,-,N,,,,,,,,,,Y,3,0,1,6,A,-,03,22350,,N,B,E,A,A,H,-,C,A,0,,,,,Y,Y,A,01,0,1,0,0,0,0,0,0,0,"- ","- ",33.920059204101562,-118.34397888183594,"LOS ANGELES",HAWTHORNE,-118.34387969970703,33.920627593994141
90501742,2017,2017-07-17,9575,2017-07-09,0037,020681,,7,3,6,1953,0,1,1,,2,064,"I-210 W/B TO SR-710 S/B","FAIR OAKS AVE.",1400.00,W,N,A,-,Y,,,210,,,,R,,W,Y,3,0,1,1,A,-,01,23152,A,N,E,I,A,A,H,-,C,D,0,,,,,Y,Y,D,22,0,1,0,0,0,0,0,0,0,"- ","- ",34.150640000000003,-118.15524000000001,"LOS ANGELES",PASADENA,-118.15524000000001,34.150640000000003
90503411,2017,2017-07-19,9545,2017-07-12,1535,021695,,3,2,9,1900,0,3,5,,2,004,"PALMDALE BLVD.","230TH ST  E",3749.00,W,N,A,-,N,,,,,,,,,,Y,3,0,1,1,A,-,01,23152,A,N,E,I,A,A,H,-,A,D,0,,,,,Y,Y,A,01,0,1,0,0,0,0,0,0,0,"- ","- ",34.57958,-117.73273,"LOS ANGELES",UNINCORPORATED,-117.73265521,34.579613909999999
90504280,2017,2017-07-25,9535,2017-07-09,0255,020943,,7,3,9,1900,0,1,3,,2,066,"STATE ROUTE 164 (ROSEMEAD BOULEVARD) SB",SR-60,1035.00,N,N,A,-,N,,,164,,,,,,S,Y,4,0,1,3,A,-,01,23152,A,N,C,C,A,A,H,-,C,D,0,,,,,Y,Y,A,01,0,0,1,0,0,0,0,0,0,"- ","- ",34.044460000000001,-118.06441,"LOS ANGELES",UNINCORPORATED,-118.06437986,34.044460020000002
90509778,2017,2017-07-27,9525,2017-07-11,2120,018651,,2,2,6,1955,0,1,3,,2,572,"SR-57 N/B (ORANGE FWY)","I-10 FREEWAY",528.00,S,N,A,-,Y,,,57,,,,,,N,Y,3,0,1,1,A,-,01,23152,A,N,E,I,A,A,H,-,C,D,0,,,Y,,Y,Y,C,02,0,1,0,0,0,0,0,0,1,"- ","- ",34.058459999999997,-117.80427,"LOS ANGELES",POMONA,-117.80431181,34.058446629999999
90511736,2017,2017-07-28,9580,2017-07-23,0235,020353,,7,3,7,1942,0,1,2,,2,104,"US-101 N/B (VENTURA FREEWAY)","WINNETKA AVE",480.00,N,N,A,-,Y,,,101,,,,,,N,Y,4,0,1,2,A,-,01,23152,F,N,C,C,A,A,D,-,C,A,0,,,,,Y,Y,A,01,0,0,1,0,0,0,0,0,0,"- ","- ",34.171770000000002,-118.57259000000001,"LOS ANGELES","LOS ANGELES",-118.57257831,34.171739180000003
90512304,2017,2017-07-31,9590,2017-07-02,0330,021583,,7,3,7,1942,0,1,2,,2,071,"US-101 S/B (HOLLYWOOD FREEWAY)","GLENDALE BOULEVARD",230.00,N,N,A,-,Y,,,101,,,,,,S,Y,4,0,1,4,A,-,01,23152,A,N,C,C,A,A,H,-,C,D,0,,,,,Y,Y,A,01,0,0,1,0,0,0,0,0,0,"- ","- ",34.069890000000001,-118.26165,"LOS ANGELES","LOS ANGELES",-118.26168672999999,34.069785840000002
90512994,2017,2017-07-31,9530,2017-07-28,2324,021541,,5,3,5,1943,0,1,1,,2,210,"I-105 E/B (GLENN ANDERSON FWY)","FIR ST.",300.00,W,N,A,-,Y,,,105,,,,,,E,Y,4,0,2,2,A,-,01,23152,A,N,C,C,A,A,H,-,D,D,0,,,,,Y,Y,A,01,0,0,2,0,0,0,0,0,0,"- ","- ",33.922800000000002,-118.20569999999999,"LOS ANGELES",LYNWOOD,-118.20568265999999,33.922839310000001
90513462,2017,2017-07-31,9565,2017-07-29,2330,021058,,6,3,9,1900,0,2,4,,2,043,"INGLEWOOD AVE.","LENNOX BLVD.",557.00,N,N,B,-,N,,,,,,,,,,N,2,0,6,4,A,-,01,23152,A,N,C,C,F,A,H,-,C,D,0,Y,,,,Y,Y,A,01,1,1,4,0,2,0,0,0,0,"- ","- ",33.93974,-118.3614,"LOS ANGELES",UNINCORPORATED,-118.36134368,33.939687720000002
90513471,2017,2017-08-01,9565,2017-07-23,0225,021163,,7,3,5,1928,0,1,1,,2,010,"I-105 W/B (CENTURY FREEWAY)","HAWTHORNE BLVD",400.00,E,N,A,-,Y,,,105,,,,,,W,Y,4,0,1,1,A,-,08,22107,,N,F,J,A,A,H,-,C,D,0,,,,,Y,Y,A,01,0,0,1,0,0,0,0,0,0,"- ","- ",33.933190000000003,-118.34979,"LOS ANGELES",HAWTHORNE,-118.34978644,33.933203579999997
90513606,2017,2017-08-01,9540,2017-07-29,1910,020862,,6,2,7,1942,0,1,S,,2,551,"I-5 SOUTHBOUND (GSF)","ROXFORD ST",1000.00,S,N,A,-,Y,,,5,,,,,,S,Y,3,0,1,1,A,-,08,22107,,N,E,J,A,A,H,-,A,D,0,,,,,Y,Y,A,01,0,1,0,0,0,0,0,0,0,"- ","- ",34.300249999999998,-118.47704,"LOS ANGELES","LOS ANGELES",-118.47692304,34.300366080000003
90516047,2017,2017-08-03,9580,2017-07-26,0255,020404,,3,3,3,1989,0,1,2,,2,106,"US-101 N/B (VENTURA FREEWAY)","LAS VIRGENES RD",1200.00,N,N,A,-,Y,,,101,,,,,,N,Y,3,0,3,2,A,-,01,23152,A,N,C,C,A,A,H,-,C,D,0,,,,,Y,Y,A,01,0,1,2,0,0,0,0,0,0,"- ","- ",34.146790000000003,-118.69947999999999,"LOS ANGELES",CALABASAS,-118.69955279,34.146863930000002
90516183,2017,2017-08-03,9525,2017-07-31,2150,021250,,1,2,9,1900,0,3,5,,2,004,"WORKMAN MILL RD.","ALANWOOD RD",0.00,,Y,A,-,N,,,,,,,,,,Y,3,0,1,2,A,-,01,23152,A,N,D,C,A,A,H,-,C,A,0,,,,,Y,Y,A,01,0,1,0,0,0,0,0,0,0,"- ","- ",34.040230000000001,-117.99912,"LOS ANGELES",UNINCORPORATED,-117.99913013,34.040240050000001
90517440,2017,2017-08-07,9550,2017-07-30,0050,021150,,7,3,5,1935,0,1,1,,2,652,"I-605 N/B","CARSON AVENUE",1200.00,N,N,A,-,Y,,,605,,,,,,N,Y,3,0,1,1,A,-,01,23152,A,M,E,I,A,A,H,-,C,D,0,,,,,Y,Y,D,22,0,1,0,0,0,0,0,0,0,"- ","- ",33.834560000000003,-118.08562999999999,"LOS ANGELES",LAKEWOOD,-118.08569558000001,33.834522270000001
90518807,2017,2017-08-08,9590,2017-07-27,0114,020672,,4,3,7,1942,0,1,1,,2,064,"I-10 E/B (SMF)","HOOPER AVE.",100.00,W,N,A,-,Y,,,10,,,,,,E,Y,3,0,1,1,A,-,01,23152,A,N,E,I,A,A,H,-,C,D,0,,,,,Y,Y,A,01,0,1,0,0,0,0,0,0,0,"- ","- ",34.023800000000001,-118.24491999999999,"LOS ANGELES","LOS ANGELES",-118.2449206,34.023797039999998
9052236,2019,2020-03-10,1965,2019-05-29,2250,3158,0B1L,3,5,5,1965,0,0,0,,0,B001,"OCEAN AV",BROADWAY,245.00,N,N,A,-,N,,,,,,,,,,,2,0,1,1,A,-,01,21221,5,N,H,A,A,A,H,-,C,D,0,,,,,Y,Y,-,,1,0,0,0,0,0,0,0,0,"- ","- ",37.004051208496094,-121.02001190185547,"LOS ANGELES","SANTA MONICA",-118.49705505371094,34.013195037841797
90523586,2017,2017-08-15,9530,2017-08-04,2140,021465,,5,2,7,1941,0,1,1,,2,420,"I-405 S/B TO SPRING ST","CHERRY AVE.",917.00,E,N,A,-,Y,,,405,,,,R,,S,Y,3,0,1,1,A,-,01,23152,A,N,B,I,A,A,H,-,C,D,0,,,,,Y,Y,A,01,0,1,0,0,0,0,0,0,0,"- ","- ",33.811900000000001,-118.1644,"LOS ANGELES","LONG BEACH",-118.1644,33.811900000000001
90524145,2017,2017-08-16,9530,2017-08-14,2113,020293,,1,2,9,1900,0,3,5,,2,002,"SAN PEDRO ST.","ROSECRANS AVE.",0.00,,Y,A,-,N,,,,,,,,,,Y,3,0,2,2,A,-,01,23152,A,N,D,C,A,A,H,-,C,A,0,,,,,Y,Y,A,01,0,1,1,0,0,0,0,0,0,"- ","- ",33.901960000000003,-118.26902,"LOS ANGELES",UNINCORPORATED,-118.26900005,33.901960109999997