CASE_ID,ACCIDENT_YEAR,PROC_DATE,JURIS,COLLISION_DATE,COLLISION_TIME,OFFICER_ID,REPORTING_DISTRICT,DAY_OF_WEEK,CHP_SHIFT,POPULATION,CNTY_CITY_LOC,SPECIAL_COND,BEAT_TYPE,CHP_BEAT_TYPE,CITY_DIVISION_LAPD,CHP_BEAT_CLASS,BEAT_NUMBER,PRIMARY_RD,SECONDARY_RD,DISTANCE,DIRECTION,INTERSECTION,WEATHER_1,WEATHER_2,STATE_HWY_IND,CALTRANS_COUNTY,CALTRANS_DISTRICT,STATE_ROUTE,ROUTE_SUFFIX,POSTMILE_PREFIX,POSTMILE,LOCATION_TYPE,RAMP_INTERSECTION,SIDE_OF_HWY,TOW_AWAY,COLLISION_SEVERITY,NUMBER_KILLED,NUMBER_INJURED,PARTY_COUNT,PRIMARY_COLL_FACTOR,PCF_CODE_OF_VIOL,PCF_VIOL_CATEGORY,PCF_VIOLATION,PCF_VIOL_SUBSECTION,HIT_AND_RUN,TYPE_OF_COLLISION,MVIW,PED_ACTION,ROAD_SURFACE,ROAD_COND_1,ROAD_COND_2,LIGHTING,CONTROL_DEVICE,CHP_ROAD_TYPE,PEDESTRIAN_ACCIDENT,BICYCLE_ACCIDENT,MOTORCYCLE_ACCIDENT,TRUCK_ACCIDENT,NOT_PRIVATE_PROPERTY,ALCOHOL_INVOLVED,STWD_VEHTYPE_AT_FAULT,CHP_VEHTYPE_AT_FAULT,COUNT_SEVERE_INJ,COUNT_VISIBLE_INJ,COUNT_COMPLAINT_PAIN,COUNT_PED_KILLED,COUNT_PED_INJURED,COUNT_BICYCLIST_KILLED,COUNT_BICYCLIST_INJURED,COUNT_MC_KILLED,COUNT_MC_INJURED,PRIMARY_RAMP,SECONDARY_RAMP,LATITUDE,LONGITUDE,COUNTY,CITY,POINT_X,POINT_Y
91404481,2021,2021-02-08,9530,2021-02-05,1821,022454,,5,2,5,1943,0,1,1,,2,210,"I-105 EB FROM SB LONG BEACH BLVD","FIR ST.",680.00,W,N,A,-,Y,,,105,,,,R,,E,Y,4,0,2,4,A,-,01,23152,A,N,C,C,A,A,H,-,C,D,0,,,,,Y,Y,D,22,0,0,2,0,0,0,0,0,0,"- ","- ",33.923229217529297,-118.20686340332031,"LOS ANGELES",LYNWOOD,-118.20686340332031,33.923229217529297
91404770,2021,2021-02-09,9550,2021-02-07,1910,022391,,7,2,9,1900,0,3,5,,2,005,"JELLICK AVENUE","SEADLER DRIVE",100.00,S,N,A,-,N,,,,,,,,,,Y,3,0,2,5,A,-,01,23152,A,N,G,B,E,A,H,-,C,D,0,Y,,,,Y,Y,A,01,0,2,0,0,2,0,0,0,0,"- ","- ",33.990268707275391,-117.90097045898438,"LOS ANGELES",UNINCORPORATED,-117.90098571777344,33.990268707275391
91405719,2021,2021-02-10,9545,2021-01-31,0200,021819,,7,3,9,1900,0,3,5,,2,002,"SIERRA HIGHWAY","RAE ST.",434.00,S,N,A,-,N,,,,,,,,,,Y,2,0,4,2,A,-,01,23152,A,N,A,C,A,A,H,-,C,D,0,,,,,Y,Y,A,01,4,0,0,0,0,0,0,0,0,"- ","- ",34.535709381103516,-118.10379028320312,"LOS ANGELES",UNINCORPORATED,-118.10379791259766,34.535717010498047
91407217,2021,2021-02-11,9535,2021-02-06,1425,022230,,6,2,9,1900,0,1,1,,2,420,"I-10 (SAN BERNARDINO FREEWAY) E/B","EASTERN AVE",500.00,W,N,A,-,Y,,,10,,,,,,E,Y,3,0,1,2,A,-,01,23152,A,N,C,C,A,A,H,-,A,D,0,,,,,Y,Y,A,01,0,1,0,0,0,0,0,0,0,"- ","- ",34.057880401611328,-118.17903137207031,"LOS ANGELES",UNINCORPORATED,-118.17905426025391,34.057941436767578
91407368,2021,2021-02-12,9545,2021-02-06,2305,021360,,6,3,9,1900,0,3,5,,1,005,"AVENUE O","152ND ST  E",112.00,W,N,A,-,N,,,,,,,,,,Y,2,0,1,1,A,-,01,23152,A,N,E,I,A,A,H,-,D,D,0,,,,,Y,Y,A,07,1,0,0,0,0,0,0,0,0,"- ","- ",34.616279602050781,-117.85952758789062,"LOS ANGELES",UNINCORPORATED,-117.85836029052734,34.616539001464844
91410276,2021,2021-02-17,9525,2021-01-30,1809,021080,,6,2,4,1946,0,1,1,,2,201,"I-210 W/B (FOOTHILL FWY)","MONTEREY AVE",1056.00,E,N,A,-,Y,,,210,,,,,,W,Y,3,0,2,1,A,-,01,23152,A,N,E,I,A,A,H,-,C,D,0,,,,,Y,Y,A,07,0,2,0,0,0,0,0,0,0,"- ","- ",34.1373291015625,-118.011962890625,"LOS ANGELES",MONROVIA,-118.01200103759766,34.137203216552734
91410416,2021,2021-02-17,9535,2021-02-05,1550,022263,,5,2,9,1900,0,1,3,,2,621,"SR-60 (POMONA FREEWAY) W/B","ROSEMEAD BLVD",150.00,W,N,A,-,Y,,,60,,,,,,W,Y,4,0,3,3,A,-,01,23152,A,N,C,C,A,A,H,-,A,D,0,,,,,Y,Y,A,01,0,0,3,0,0,0,0,0,0,"- ","- ",34.041328430175781,-118.06536102294922,"LOS ANGELES",UNINCORPORATED,-118.06536102294922,34.041393280029297
91410593,2021,2021-02-18,9575,2021-02-08,2235,022489,,1,3,6,1953,0,1,1,,2,064,"I-210 W/B (FOOTHILL FREEWAY)","ALLEN AVE.",330.00,E,N,A,-,Y,,,210,,,,,,W,Y,4,0,1,1,A,-,01,23152,A,N,E,I,A,A,H,-,C,D,0,,,,,Y,Y,A,01,0,0,1,0,0,0,0,0,0,"- ","- ",34.152759552001953,-118.11190032958984,"LOS ANGELES",PASADENA,-118.11190032958984,34.152645111083984
91412692,2021,2021-02-22,9530,2021-02-13,1530,022453,,6,2,9,1900,0,3,5,,2,002,"124TH STREET (1500 BLOCK)","COMPTON AVE.",450.00,W,N,A,-,N,,,,,,,,,,Y,3,0,1,3,A,-,01,23152,A,M,B,E,A,A,H,-,A,D,0,,,,,Y,Y,A,01,0,1,0,0,0,0,0,0,0,"- ","- ",33.919788360595703,-118.24786376953125,"LOS ANGELES",UNINCORPORATED,-118.24769592285156,33.919731140136719
9141359,2020,2020-10-12,1942,2020-09-19,1444,38191,1037,6,5,7,1942,0,0,0,J,0,10A17,"VICTORY BL","ALDEA AV",271.00,E,N,A,-,N,,,,,,,,,,Y,3,0,3,2,A,-,01,23152,A,N,A,C,A,A,H,-,A,D,0,,,,,Y,Y,A,01,0,2,1,0,0,0,0,0,0,"- ","- ",,,"LOS ANGELES","LOS ANGELES",-118.50794982910156,34.186798095703125
91413858,2021,2021-02-23,9550,2021-02-11,2300,022480,,4,3,5,1919,0,1,1,,2,652,"INTERSTATE 605 N/B","ARTESIA BOULEVARD",600.00,S,N,A,-,Y,,,605,,,,,,N,Y,4,0,2,2,A,-,01,23152,A,N,C,C,A,A,H,-,C,D,0,,,,,Y,Y,A,01,0,0,2,0,0,0,0,0,0,"- ","- ",33.871219635009766,-118.10037994384766,"LOS ANGELES",CERRITOS,-118.10044097900391,33.871196746826172
9141653,2020,2020-10-13,1942,2020-08-07,2050,42791,0245,5,5,7,1942,0,0,0,B,0,2F7,"WILSHIRE BL",ALVARADO,100.00,E,N,A,-,N,,,,,,,,,,Y,4,0,2,3,A,-,21,22106,,N,D,C,A,A,H,-,C,D,0,,,,,Y,Y,A,01,0,0,2,0,0,0,0,0,0,"- ","- ",,,"LOS ANGELES","LOS ANGELES",-118.27558898925781,34.057792663574219
9141681,2020,2020-10-17,1925,2020-08-23,1633,21057,156,7,5,6,1925,0,0,0,,0,004,"GLENOAKS CANYON DR","GLENOAKS BL",180.00,E,N,A,-,N,,,,,,,,,,Y,4,0,1,3,A,-,01,23152,A,N,B,C,A,A,H,-,A,D,0,,,,,Y,Y,A,01,0,0,1,0,0,0,0,0,0,"- ","- ",,,"LOS ANGELES",GLENDALE,-118.20246124267578,34.152706146240234
91417946,2021,2021-03-01,9565,2021-02-07,1622,014393,,7,2,7,1942,0,1,1,,2,064,"I-405 N/B","MORAGA DRIVE",600.00,N,N,A,-,Y,,,405,,,,,,N,Y,4,0,1,1,A,-,01,23152,A,N,E,I,A,A,H,-,A,D,0,,,,,Y,Y,A,01,0,0,1,0,0,0,0,0,0,"- ","- ",34.081310272216797,-118.47350311279297,"LOS ANGELES","LOS ANGELES",-118.47345733642578,34.081333160400391
91418003,2020,2021-07-06,9545,2020-11-15,2110,021497,,7,2,9,1900,0,3,5,,2,004,"AVENUE P","240TH ST  E",3485.00,E,N,A,-,N,,,,,,,,,,Y,1,1,3,1,A,-,01,23152,A,N,E,I,A,A,H,-,D,D,0,,,,,Y,Y,A,01,1,2,0,0,0,0,0,0,0,"- ","- ",34.601871490478516,-117.69061279296875,"LOS ANGELES",UNINCORPORATED,-117.69087982177734,34.601913452148438
91419601,2021,2021-03-03,9575,2021-02-20,0411,017414,,6,3,7,1942,0,1,1,,2,053,"I-5 N/B (GOLDEN STATE FREEWAY)","OSBORNE ST.",315.00,N,N,A,-,Y,,,5,,,,,,N,Y,3,0,2,1,A,-,01,23152,A,N,E,I,A,A,H,-,C,D,0,,,,,Y,Y,A,07,0,2,0,0,0,0,0,0,0,"- ","- ",34.245510101318359,-118.42318725585938,"LOS ANGELES","LOS ANGELES",-118.42316436767578,34.245536804199219
91419639,2021,2021-03-03,9530,2021-02-28,2315,021902,,7,3,9,1900,0,3,5,,2,006,"NORMANDIE AVE.","SEPULVEDA BLVD.",0.00,,Y,A,-,N,,,,,,,,,,Y,4,0,2,2,A,-,01,23152,A,N,D,C,A,A,H,-,C,A,0,,,,,Y,Y,A,01,0,0,2,0,0,0,0,0,0,"- ","- ",33.813091278076172,-118.29817962646484,"LOS ANGELES",UNINCORPORATED,-118.29820251464844,33.813026428222656
91420213,2021,2021-03-04,9550,2021-02-19,0350,022593,,5,3,6,1949,0,1,1,,2,500,"I-5 S/B","NORWALK BOULEVARD",350.00,S,N,A,-,Y,,,5,,,,,,S,Y,3,0,1,2,A,-,01,23152,A,N,C,C,A,A,H,-,D,D,0,,,,Y,Y,Y,A,01,0,1,0,0,0,0,0,0,0,"- ","- ",33.912200927734375,-118.07411193847656,"LOS ANGELES",NORWALK,-118.07400512695312,33.912391662597656
91420642,2021,2021-03-04,9530,2021-02-23,2000,020349,,2,2,5,1977,0,1,1,,2,120,"I-110 N/B TO I-405",I-405,500.00,S,N,A,-,Y,,,110,,,,R,,N,Y,2,0,1,1,A,-,01,23152,A,N,E,I,A,A,H,-,C,D,0,,,,,Y,Y,A,07,1,0,0,0,0,0,0,0,0,"- ","- ",33.852928161621094,-118.28450012207031,"LOS ANGELES",CARSON,-118.28450012207031,33.852928161621094
91420786,2021,2021-03-04,9525,2021-02-27,1600,021443,,6,2,5,1906,0,1,1,,2,651,"I-605 S/B (SAN GABRIEL RIVER FWY)","I-10 W/B (SAN BERNARDINO FWY)",1000.00,N,N,A,-,Y,,,605,,,,,,S,Y,4,0,1,3,A,-,01,23152,A,N,B,C,A,A,H,-,A,D,0,,,,,Y,Y,A,01,0,0,1,0,0,0,0,0,0,"- ","- ",34.071720123291016,-117.99994659423828,"LOS ANGELES","BALDWIN PARK",-117.99997711181641,34.071731567382812
91421263,2021,2021-03-05,9580,2021-02-24,2200,021963,,3,3,7,1942,0,1,2,,2,101,"US-101 S/B (VENTURA FREEWAY)","COLDWATER CANYON AVE",1056.00,S,N,A,-,Y,,,,,,,,,,Y,3,0,1,2,A,-,01,23152,A,N,C,C,A,A,H,-,C,D,0,,,,,Y,Y,A,01,0,1,0,0,0,0,0,0,0,"- ","- ",34.155628204345703,-118.41033172607422,"LOS ANGELES","LOS ANGELES",-118.41378784179688,34.156658172607422
9142189,2020,2020-09-15,1972,2020-07-28,1657,18059,,2,5,6,1972,0,0,0,,0,,CABRILLO,"218TH ST",0.00,,Y,A,-,N,,,,,,,,,,Y,4,0,1,4,A,-,01,23152,A,N,D,C,A,A,H,-,A,D,0,,,,,Y,Y,A,,0,0,1,0,0,0,0,0,0,"- ","- ",,,"LOS ANGELES",TORRANCE,-118.31442260742188,33.829620361328125
91422053,2021,2021-03-08,9550,2021-03-02,0145,021986,,2,3,9,1900,0,1,3,,2,600,"SR-60 W/B","HACIENDA BOULEVARD",270.00,W,N,A,-,Y,,,60,,,,,,W,Y,3,0,1,2,A,-,01,23152,A,N,B,C,A,A,H,-,D,D,0,,,,Y,Y,Y,A,07,0,1,0,0,0,0,0,0,0,"- ","- ",34.007339477539062,-117.96528625488281,"LOS ANGELES",UNINCORPORATED,-117.96530151367188,34.007293701171875
91424010,2021,2021-03-10,9565,2021-02-26,2218,022423,,5,3,9,1900,0,3,5,,2,002,"CENTURY BLVD","NORMANDIE AVE",570.00,E,N,A,-,N,,,,,,,,,,Y,3,0,1,2,A,-,01,23152,A,N,D,C,A,A,H,-,C,D,0,,,,,Y,Y,A,01,0,1,0,0,0,0,0,0,0,"- ","- ",33.945468902587891,-118.29830169677734,"LOS ANGELES",UNINCORPORATED,-118.29840087890625,33.945491790771484
91424432,2021,2021-03-10,9590,2021-02-28,0400,022357,,7,3,7,1942,0,1,1,,2,060,"I-10 E/B (SANTA MONICA FREEWAY)","CRENSHAW BLVD",230.00,W,N,A,-,Y,,,10,,,,,,E,Y,4,0,1,1,A,-,01,23152,A,N,E,I,A,A,H,-,C,D,0,,,,,Y,Y,A,07,0,0,1,0,0,0,0,0,0,"- ","- ",34.034969329833984,-118.33473205566406,"LOS ANGELES","LOS ANGELES",-118.33472442626953,34.034912109375
91424894,2021,2021-03-11,9540,2021-02-16,1800,019232,,2,2,9,1900,0,2,4,,1,201,"SIERRA HWY","ROWHER TRUCK TRAIL",300.00,N,N,A,-,N,,,,,,,,,,Y,3,0,1,1,A,-,01,23152,A,N,E,I,A,A,H,-,D,D,0,,,,,Y,Y,D,22,0,1,0,0,0,0,0,0,0,"- ","- ",34.501239776611328,-118.38105010986328,"LOS ANGELES",UNINCORPORATED,,
91425307,2021,2021-03-11,9535,2021-03-04,2130,022347,,4,2,5,1969,0,1,1,,2,075,"I-710 (LONG BEACH FREEWAY) S/B","FIRESTONE BOULEVARD",2480.00,S,N,A,-,Y,,,710,,,,,,S,Y,3,0,2,2,A,-,07,21658,A,N,B,C,A,A,H,-,D,D,0,,,,,Y,Y,A,01,0,2,0,0,0,0,0,0,0,"- ","- ",33.942901611328125,-118.17118072509766,"LOS ANGELES","SOUTH GATE",-118.17108154296875,33.942886352539062
9142712,2020,2020-10-12,1941,2020-08-09,0044,11406,,7,5,7,1941,0,0,0,,0,,"OLIVE AV","6TH ST",80.00,S,N,A,-,N,,,,,,,,,,Y,4,0,1,3,A,-,01,23152,,N,-,E,A,A,H,-,C,A,0,,,,,Y,Y,D,,0,0,1,0,0,0,0,0,0,"- ","- ",,,"LOS ANGELES","LONG BEACH",-118.18238830566406,33.773921966552734
9142720,2020,2020-10-12,1941,2020-08-13,2014,5870,,4,5,7,1941,0,0,0,,0,,"2ND ST","MARINA DR",200.00,S,N,A,-,N,,,,,,,,,,N,4,0,2,3,A,-,04,21703,,N,C,C,A,A,H,-,C,A,0,,,,,Y,Y,A,,0,0,2,0,0,0,0,0,0,"- ","- ",,,"LOS ANGELES","LONG BEACH",-118.11386108398438,33.757450103759766
91427687,2021,2021-03-15,9525,2021-03-14,0650,022009,,7,1,6,1975,0,1,1,,2,105,"I-10 W/B (SAN BERNARDINO FWY)","VINCENT AVE",1056.00,E,N,B,-,Y,,,10,,,,,,W,Y,3,0,1,2,A,-,03,22350,,N,B,C,A,A,H,-,A,D,0,,,,,Y,Y,A,01,0,1,0,0,0,0,0,0,0,"- ","- ",34.072288513183594,-117.91683959960938,"LOS ANGELES","WEST COVINA",-117.91683959960938,34.072311401367188
91427768,2021,2021-03-16,9565,2021-03-13,2023,022145,,6,2,7,1942,0,1,1,,2,083,"I-10 E/B (SANTA MONICA FREEWAY)","BAGLEY AVENUE",100.00,W,N,A,-,Y,,,10,,,,,,E,Y,4,0,1,4,A,-,03,22350,,N,C,C,A,A,H,-,C,D,0,,,,,Y,Y,A,01,0,0,1,0,0,0,0,0,0,"- ","- ",34.029109954833984,-118.39727020263672,"LOS ANGELES","LOS ANGELES",-118.39727783203125,34.029045104980469
91429437,2021,2021-03-17,9530,2021-03-09,2011,022454,,2,2,9,1900,0,3,5,,2,002,"ROSECRANS AVE. (14000 BLOCK)","AVALON BLVD.",36.00,W,N,A,-,N,,,,,,,,,,Y,4,0,1,2,A,-,01,23152,A,N,C,C,A,A,H,-,C,A,0,,,,,Y,Y,A,07,0,0,1,0,0,0,0,0,0,"- ","- ",33.920200347900391,-118.26557159423828,"LOS ANGELES",UNINCORPORATED,-118.26539611816406,33.902118682861328
91431036,2021,2021-03-19,9590,2021-02-06,0106,022404,,6,3,7,1942,0,1,1,,2,010,"SR-110 N/B (ARROYO SECO PARKWAY)","YALE ST. PEDESTRIAN O/C",194.00,S,N,A,-,Y,,,110,,,,,,N,Y,3,0,1,1,A,-,01,23152,A,N,E,I,A,A,H,-,C,D,0,,,,,Y,Y,A,01,0,1,0,0,0,0,0,0,0,"- ","- ",34.067050933837891,-118.23977661132812,"LOS ANGELES","LOS ANGELES",-118.23976135253906,34.067005157470703
91432986,2021,2021-03-23,9550,2021-03-13,2145,022260,,6,2,9,1900,0,3,5,,2,005,"HARBOR BOULEVARD N/B","VANTAGE POINTE DRIVE",745.00,N,N,A,-,N,,,,,,,,,,Y,2,0,2,2,A,-,01,23152,A,N,E,I,A,A,H,-,C,D,0,,,,,Y,Y,A,07,1,0,1,0,0,0,0,0,0,"- ","- ",33.960041046142578,-117.91639709472656,"LOS ANGELES",UNINCORPORATED,-117.91529846191406,33.960941314697266
91434463,2021,2021-04-01,9545,2021-03-16,2130,022130,,2,2,9,1900,0,1,3,,1,042,SR-138,"190TH ST  E",670.00,E,N,A,-,Y,,,138,,,,,,,Y,3,0,1,1,A,-,01,23152,A,N,F,A,A,A,H,-,D,D,0,,,,,Y,Y,A,08,0,1,0,0,0,0,0,0,0,"- ","- ",34.498600006103516,-117.790283203125,"LOS ANGELES",UNINCORPORATED,-117.790283203125,34.498619079589844
91436978,2021,2021-03-26,9590,2021-03-19,0142,021317,,5,3,7,1942,0,1,1,,2,065,"I-10 W/B (SANTA MONICA FREEWAY)","ALAMEDA ST",160.00,W,N,A,-,Y,,,10,,,,,,W,Y,2,0,1,1,A,-,01,23152,A,N,E,I,A,A,H,-,D,D,0,,,,,Y,Y,A,01,1,0,0,0,0,0,0,0,0,"- ","- ",34.024620056152344,-118.23973846435547,"LOS ANGELES","LOS ANGELES",-118.23972320556641,34.024581909179688
91437800,2021,2021-03-29,9550,2021-02-23,0430,022430,,2,3,4,1936,0,1,1,,2,501,"INTERSTATE 5 N/B","VALLEY VIEW AVENUE",75.00,S,N,A,-,Y,,,5,,,,,,N,Y,3,0,1,2,A,-,03,22350,,M,C,C,A,A,H,-,C,D,0,,,Y,,Y,Y,C,02,0,1,0,0,0,0,0,0,1,"- ","- ",33.883598327636719,-118.02767181396484,"LOS ANGELES","LA MIRADA",-118.0277099609375,33.883522033691406
91438500,2021,2021-03-29,9525,2021-03-24,2220,022521,,3,3,1,1934,0,1,1,,2,651,"I-605 S/B (SAN GABRIEL RIVER FWY)","I-210 E/B (FOOTHILL FWY)",1500.00,S,N,A,-,Y,,,605,,,,,,S,Y,4,0,1,3,D,-,00,,,F,B,C,A,A,H,-,D,D,0,,,,Y,Y,Y,-,"- ",0,0,1,0,0,0,0,0,0,"- ","- ",34.130191802978516,-117.96083831787109,"LOS ANGELES",IRWINDALE,-117.96083068847656,34.130184173583984
91438826,2021,2021-03-30,9550,2021-03-21,0320,022426,,7,3,5,1908,0,1,3,,2,090,"STATE ROUTE 91 W/B","CLARK AVENUE",350.00,E,N,A,-,Y,,,91,,,,,,W,Y,3,0,1,2,A,-,01,23152,A,N,D,C,A,A,H,-,C,D,0,,,,,Y,Y,A,01,0,1,0,0,0,0,0,0,0,"- ","- ",33.876861572265625,-118.13279724121094,"LOS ANGELES",BELLFLOWER,-118.13276672363281,33.876968383789062
91441058,2021,2021-04-01,9590,2021-03-25,0603,021654,,4,1,7,1942,0,1,1,,2,052,"I-110 N/B (HARBOR FREEWAY)","1ST STREET",200.00,N,N,A,-,Y,,,,,,,,,,Y,4,0,1,2,A,-,01,23152,A,N,C,C,A,A,H,-,B,D,0,,,,,Y,Y,A,01,0,0,1,0,0,0,0,0,0,"- ","- ",34.058998107910156,-118.25,"LOS ANGELES","LOS ANGELES",,
91441477,2021,2021-04-02,9540,2021-03-28,1610,021374,,7,2,6,1985,0,1,3,,2,146,"SR-14 N/B (ANTELOPE VALLEY FREEWAY)","SOLEDAD CANYON RD",2640.00,S,N,A,-,Y,,,14,,,,,,N,Y,3,0,1,1,A,-,01,23152,A,N,E,I,A,A,H,-,A,D,0,,,,,Y,Y,A,01,0,1,0,0,0,0,0,0,0,"- ","- ",34.432529449462891,-118.39450836181641,"LOS ANGELES","SANTA CLARITA",-118.39449310302734,34.4324951171875
91441776,2021,2021-04-02,9530,2021-03-24,1445,020427,,3,2,7,1941,0,1,3,,2,320,"SR-91 E/B TO ATLANTIC AVE","ATLANTIC AVE.",35.00,W,N,A,-,Y,,,91,,,,R,,E,Y,4,0,2,3,A,-,03,22350,,N,C,C,A,A,H,-,A,A,0,,,,,Y,Y,A,01,0,0,2,0,0,0,0,0,0,"- ","- ",33.876438140869141,-118.18637084960938,"LOS ANGELES","LONG BEACH",-118.18637084960938,33.876438140869141
91442640,2021,2021-04-05,9575,2021-03-27,2235,021932,,6,3,7,1942,0,1,1,,2,053,"I-5 S/B (GOLDEN STATE FREEWAY)","VAN NUYS BLVD",1700.00,S,N,A,-,Y,,,5,,,,,,S,Y,4,0,4,2,A,-,01,23152,A,N,C,C,A,A,H,-,C,D,0,,,,,Y,Y,A,01,0,0,4,0,0,0,0,0,0,"- ","- ",34.253028869628906,-118.43132019042969,"LOS ANGELES","LOS ANGELES",-118.43134307861328,34.253009796142578
91443375,2021,2021-04-05,9535,2021-03-20,2315,022418,,6,3,5,1952,0,1,1,,2,104,"I-105 E/B TO I-710 S/B","INTERSTATE 710",345.00,W,N,A,-,Y,,,105,,,,R,,E,Y,3,0,2,1,A,-,01,23152,A,N,E,I,A,A,H,-,D,D,0,,,,,Y,Y,A,01,0,2,0,0,0,0,0,0,0,"- ","- ",33.911540985107422,-118.1817626953125,"LOS ANGELES",PARAMOUNT,-118.1817626953125,33.911540985107422
91443933,2021,2021-04-06,9565,2021-04-04,0245,022423,,7,3,5,1928,0,1,1,,2,012,"I-105 E/B FROM HAWTHORNE BLVD","HAWTHORNE BLVD",100.00,E,N,A,-,Y,,,105,,,,R,,E,Y,3,0,2,3,A,-,01,23152,A,F,C,E,E,A,H,-,D,D,0,Y,,,,Y,Y,A,01,0,2,0,0,1,0,0,0,0,"- ","- ",33.933029174804688,-118.35205841064453,"LOS ANGELES",HAWTHORNE,-118.35205841064453,33.933029174804688
9144441,2020,2020-10-22,1942,2020-08-22,2017,42787,0395,6,5,7,1942,0,0,0,C,0,3A99,"MARTIN LUTHER KING JR BL","DENKER AV",10.00,N,N,A,-,N,,,,,,,,,,Y,4,0,1,2,A,-,01,23153,A,N,C,C,A,A,-,-,C,A,0,,,,,Y,Y,A,01,0,0,1,0,0,0,0,0,0,"- ","- ",,,"LOS ANGELES","LOS ANGELES",-118.30455017089844,34.010848999023438
9144459,2020,2020-10-15,1941,2020-08-15,1521,11010,,6,5,7,1941,0,0,0,,0,,"INDIANA AV","ARTESIA BL",0.00,,Y,A,-,N,,,,,,,,,,Y,4,0,1,2,D,-,00,,,N,A,E,A,A,H,-,A,D,0,,,,,Y,Y,-,"- ",0,0,1,0,0,0,0,0,0,"- ","- ",,,"LOS ANGELES","LONG BEACH",-118.15367889404297,33.874771118164062
91446112,2021,2021-04-08,9535,2021-03-31,2043,021976,,3,2,5,1947,0,1,3,,2,600,"SR-60 (POMONA FREEWAY) E/B","FINDLAY AVE.",125.00,E,N,A,-,Y,,,60,,,,,,E,Y,4,0,1,4,A,-,07,21658,A,N,E,I,A,A,H,-,C,D,0,,,,,Y,Y,A,01,0,0,1,0,0,0,0,0,0,"- ","- ",34.032981872558594,-118.137451171875,"LOS ANGELES",MONTEBELLO,-118.137451171875,34.032981872558594
91447265,2021,2021-04-09,9575,2021-04-04,0325,021932,,7,3,6,1925,0,1,3,,2,042,"SR-134 W/B (VENTURA FREEWAY)","PACIFIC AVENUE",280.00,W,N,A,-,Y,,,134,,,,,,W,Y,3,0,1,1,A,-,01,23152,A,N,E,I,A,A,H,-,C,D,0,,,,,Y,Y,A,01,0,1,0,0,0,0,0,0,0,"- ","- ",34.156288146972656,-118.26542663574219,"LOS ANGELES",GLENDALE,-118.26540374755859,34.156147003173828
9144805,2020,2020-10-15,1942,2020-08-30,1000,27792,1001,7,5,7,1942,0,0,0,J,0,10A3,"TAMPA AV","SATICOY ST",0.00,,Y,A,-,N,,,,,,,,,,Y,4,0,2,2,A,-,01,23152,A,F,D,C,A,A,H,-,A,A,0,,,,,Y,Y,D,22,0,0,2,0,0,0,0,0,0,"- ","- ",,,"LOS ANGELES","LOS ANGELES",-118.55351257324219,34.208358764648438
91448508,2021,2021-04-12,9535,2021-04-03,2205,022418,,6,3,9,1900,0,1,3,,2,620,"SR-60 (POMONA FREEWAY) E/B","SANTA ANITA AVENUE",1610.00,W,N,A,-,Y,,,60,,,,,,E,Y,4,0,3,2,A,-,01,23152,A,N,C,C,A,A,D,-,D,D,0,,,,,Y,Y,A,01,0,0,3,0,0,0,0,0,0,"- ","- ",34.040561676025391,-118.05745697021484,"LOS ANGELES",UNINCORPORATED,-118.05744934082031,34.040607452392578
91449976,2021,2021-04-14,9540,2021-04-04,0110,021214,,7,3,7,1942,0,1,1,,2,213,"I-210 E/B (FOOTHILL FREEWAY)","ROXFORD STREET",30.00,E,N,A,-,Y,,,210,,,,,,E,Y,3,0,1,1,A,-,01,23152,A,N,E,I,A,A,D,E,D,D,0,,,,,Y,Y,A,01,0,1,0,0,0,0,0,0,0,"- ","- ",34.323410034179688,-118.46013641357422,"LOS ANGELES","LOS ANGELES",-118.46012115478516,34.323539733886719
9145035,2020,2020-10-24,1942,2020-08-29,2140,42999,1913,6,5,7,1942,0,0,0,,0,19A7,"POLK ST","BRADLEY AV",0.00,,Y,A,-,N,,,,,,,,,,Y,4,0,1,2,A,-,01,23152,A,N,A,C,A,A,H,-,C,A,0,,,,,Y,Y,A,01,0,0,1,0,0,0,0,0,0,"- ","- ",,,"LOS ANGELES","LOS ANGELES",-118.4556884765625,34.302291870117188
9145038,2020,2020-10-24,1942,2020-08-25,2040,43095,1764,2,5,7,1942,0,0,0,Q,0,17A81,"PLUMMER ST","CORBIN AV",0.00,,Y,A,-,N,,,,,,,,,,Y,4,0,1,2,A,-,09,21801,A,F,D,C,A,A,H,-,C,A,0,,,,,Y,Y,A,08,0,0,1,0,0,0,0,0,0,"- ","- ",,,"LOS ANGELES","LOS ANGELES",-118.56230163574219,34.242721557617188