CASE_ID,ACCIDENT_YEAR,PROC_DATE,JURIS,COLLISION_DATE,COLLISION_TIME,OFFICER_ID,REPORTING_DISTRICT,DAY_OF_WEEK,CHP_SHIFT,POPULATION,CNTY_CITY_LOC,SPECIAL_COND,BEAT_TYPE,CHP_BEAT_TYPE,CITY_DIVISION_LAPD,CHP_BEAT_CLASS,BEAT_NUMBER,PRIMARY_RD,SECONDARY_RD,DISTANCE,DIRECTION,INTERSECTION,WEATHER_1,WEATHER_2,STATE_HWY_IND,CALTRANS_COUNTY,CALTRANS_DISTRICT,STATE_ROUTE,ROUTE_SUFFIX,POSTMILE_PREFIX,POSTMILE,LOCATION_TYPE,RAMP_INTERSECTION,SIDE_OF_HWY,TOW_AWAY,COLLISION_SEVERITY,NUMBER_KILLED,NUMBER_INJURED,PARTY_COUNT,PRIMARY_COLL_FACTOR,PCF_CODE_OF_VIOL,PCF_VIOL_CATEGORY,PCF_VIOLATION,PCF_VIOL_SUBSECTION,HIT_AND_RUN,TYPE_OF_COLLISION,MVIW,PED_ACTION,ROAD_SURFACE,ROAD_COND_1,ROAD_COND_2,LIGHTING,CONTROL_DEVICE,CHP_ROAD_TYPE,PEDESTRIAN_ACCIDENT,BICYCLE_ACCIDENT,MOTORCYCLE_ACCIDENT,TRUCK_ACCIDENT,NOT_PRIVATE_PROPERTY,ALCOHOL_INVOLVED,STWD_VEHTYPE_AT_FAULT,CHP_VEHTYPE_AT_FAULT,COUNT_SEVERE_INJ,COUNT_VISIBLE_INJ,COUNT_COMPLAINT_PAIN,COUNT_PED_KILLED,COUNT_PED_INJURED,COUNT_BICYCLIST_KILLED,COUNT_BICYCLIST_INJURED,COUNT_MC_KILLED,COUNT_MC_INJURED,PRIMARY_RAMP,SECONDARY_RAMP,LATITUDE,LONGITUDE,COUNTY,CITY,POINT_X,POINT_Y
9211671,2021,2021-03-04,1942,2021-01-18,1020,41629,1132,1,5,7,1942,0,0,0,K,0,11A1,"HYPERION AV","VALLEYBRINK RD",857.00,S,N,-,-,N,,,,,,,,,,Y,1,1,2,2,A,-,03,22350,A,N,D,C,A,A,A,-,A,H,0,,,,,Y,Y,A,01,0,1,1,0,0,0,0,0,0,"- ","- ",,,"LOS ANGELES","LOS ANGELES",-118.26400756835938,34.115238189697266
9211724,2020,2021-03-18,1953,2020-11-15,0259,3301,1953,7,5,6,1953,0,0,0,,0,001,"E ORANGE GROVE BL","CRAIG AV",0.00,,Y,A,-,N,,,,,,,,,,Y,1,1,1,1,A,-,01,23152,A,N,D,I,A,A,H,-,C,D,0,,,,,Y,Y,A,01,1,0,0,0,0,0,0,0,0,"- ","- ",,,"LOS ANGELES",PASADENA,-118.10627746582031,34.158248901367188
9211833,2020,2022-06-11,1972,2020-11-12,0400,21239,SOBAY,4,5,6,1972,0,0,0,,0,,"CARSON ST","FLOWER AV",100.00,W,N,A,-,N,,,,,,,,,,Y,1,1,1,4,A,-,09,21804,A,N,D,C,A,A,H,-,C,A,0,,,,,Y,Y,A,01,0,0,1,0,0,0,0,0,0,"- ","- ",,,"LOS ANGELES",TORRANCE,-118.3385009765625,33.831207275390625
9212892,2020,2021-02-02,1900,2020-12-11,2200,652731,1320,5,5,5,1935,0,0,0,,0,132T2,"LAKEWOOD BL","CANDLEWOOD ST",0.00,,Y,A,-,N,,,,,,,,,,Y,3,0,2,2,A,-,12,21453,A,N,D,C,A,A,H,-,C,A,0,,,,,Y,Y,A,07,0,2,0,0,0,0,0,0,0,"- ","- ",,,"LOS ANGELES",LAKEWOOD,-118.14257049560547,33.853828430175781
9214446,2020,2021-03-01,1941,2020-12-12,2005,10919,,6,5,7,1941,0,0,0,,0,901T,"WILLOW ST","MAGNOLIA AV",0.00,,Y,A,-,N,,,,,,,,,,Y,4,0,1,2,A,-,12,21453,A,N,D,C,A,A,H,-,C,A,0,,,,,Y,Y,D,,0,0,1,0,0,0,0,0,0,"- ","- ",,,"LOS ANGELES","LONG BEACH",-118.19811248779297,33.804450988769531
9214729,2020,2021-02-04,1941,2020-12-23,2300,10850,,3,5,7,1941,0,0,0,,0,,"ALAMITOS AV","11TH ST",220.00,S,N,A,-,N,,,,,,,,,,Y,3,0,3,2,A,-,08,22107,,N,C,C,A,A,H,-,C,D,0,,,,,Y,Y,A,,0,1,2,0,0,0,0,0,0,"- ","- ",,,"LOS ANGELES","LONG BEACH",-118.17870330810547,33.780197143554688
9214942,2020,2021-02-09,1942,2020-12-23,1750,39720,1615,3,5,7,1942,0,0,0,P,0,19X63W,"FOOTHILL BL","GLADSTONE AV",220.00,N,N,A,-,N,,,,,,,,,,N,2,0,1,2,A,-,11,21954,A,N,G,B,D,A,G,-,C,D,0,Y,,,,Y,Y,N,60,1,0,0,0,1,0,0,0,0,"- ","- ",,,"LOS ANGELES","LOS ANGELES",-118.38725280761719,34.273288726806641
9214997,2020,2021-02-04,1941,2020-12-16,1250,6313,,3,5,7,1941,0,0,0,,0,,"4TH ST","LOMA AV",295.00,E,N,A,-,N,,,,,,,,,,N,4,0,1,3,A,-,06,21760,C,F,B,G,A,A,H,-,A,D,0,,Y,,,Y,Y,A,,0,0,1,0,0,0,1,0,0,"- ","- ",,,"LOS ANGELES","LONG BEACH",-118.14929962158203,33.771694183349609
9218303,2021,2021-03-13,1916,2021-01-02,1918,2980,D29C1,6,5,4,1916,0,0,0,,0,00D,"BADILLO ST","CITRUS AV",19.00,W,N,A,-,N,,,,,,,,,,N,3,0,1,2,A,-,10,21950,A,N,A,B,B,A,H,-,C,A,0,Y,,,,Y,Y,A,01,0,1,0,0,1,0,0,0,0,"- ","- ",,,"LOS ANGELES",COVINA,-117.89021301269531,34.086250305175781
9218972,2020,2021-02-10,1942,2020-12-05,2240,36814,1322,6,5,7,1942,0,0,0,M,0,13A13,"E ADAMS BL","TRINITY ST",150.00,E,N,A,-,N,,,,,,,,,,Y,3,0,2,2,A,-,09,21801,A,N,A,C,A,A,H,-,C,D,0,,,Y,,Y,Y,A,07,0,1,1,0,0,0,0,0,1,"- ","- ",,,"LOS ANGELES","LOS ANGELES",-118.26283264160156,34.022254943847656
9219353,2021,2021-03-12,1942,2021-01-11,1900,41729,1805,1,5,7,1942,0,0,0,R,0,18A1,"E 92ND ST","WALL ST",100.00,E,N,A,-,N,,,,,,,,,,Y,3,0,2,5,A,-,03,22350,,N,D,E,A,A,H,-,A,D,0,,,,,Y,Y,A,01,0,2,0,0,0,0,0,0,0,"- ","- ",,,"LOS ANGELES","LOS ANGELES",-118.27136993408203,33.952850341796875
9219618,2020,2021-02-23,1941,2020-12-31,1359,410507,1810,4,5,7,1941,0,0,0,,0,184D,"WRIGLEY RD","PEBBLY BEACH RD",800.00,W,N,A,-,N,,,,,,,,,,,3,0,1,1,A,-,03,22350,,N,F,A,A,A,H,-,A,D,0,,,,,Y,Y,A,01,0,1,0,0,0,0,0,0,0,"- ","- ",,,"LOS ANGELES","LONG BEACH",-118.31255340576172,33.334197998046875
9220310,2021,2021-03-23,1942,2021-02-06,1855,41536,1834,6,5,7,1942,0,0,0,R,0,18A34,"AVALON BL","107TH ST",20.00,S,N,A,-,N,,,,,,,,,,N,4,0,4,2,A,-,01,23152,A,N,B,C,A,A,H,-,C,A,0,,,,,Y,Y,D,22,0,0,4,0,0,0,0,0,0,"- ","- ",,,"LOS ANGELES","LOS ANGELES",-118.26519012451172,33.939205169677734
9220857,2020,2021-02-26,1900,2020-12-30,1850,626593,,3,5,6,1992,0,0,0,,0,112T1,"AVENUE K","25TH ST",50.00,E,N,A,-,N,,,,,,,,,,Y,4,0,2,2,A,-,01,23152,A,N,C,C,A,A,H,-,C,A,0,,,,,Y,Y,A,01,0,0,2,0,0,0,0,0,0,"- ","- ",34.67510986328125,-118.08571624755859,"LOS ANGELES",LANCASTER,-118.17451477050781,34.674953460693359
9221527,2020,2021-02-22,1946,2020-11-08,1807,A7,1946,7,5,4,1946,0,0,0,,0,002,"HUNTINGTON DR","RT 210",0.00,,Y,A,-,Y,LA,7,210,-,R,32.739,R,4,W,Y,4,0,1,2,A,-,01,23152,A,N,D,C,A,A,H,-,C,A,0,,,,,Y,Y,A,07,0,0,1,0,0,0,0,0,0,"- ",WO,,,"LOS ANGELES",MONROVIA,-118.01878356933594,34.142032623291016
9222409,2021,2021-03-01,1909,2021-02-13,1355,563,1909,6,5,4,1909,0,0,0,,0,,"SPECHT AV","LUBEC ST",437.00,N,N,A,-,N,,,,,,,,,,,4,0,1,2,A,-,21,22106,,F,G,B,E,A,H,-,A,D,0,Y,,,,Y,Y,A,07,0,0,1,0,1,0,0,0,0,"- ","- ",33.978179931640625,-118.16564178466797,"LOS ANGELES","BELL GARDENS",-118.16551208496094,33.972908020019531
9222429,2021,2021-03-05,1942,2021-02-05,1910,37618,517,5,5,7,1942,0,0,0,,0,5A15,"N AVALON BL","PACIFIC COAST HWY",170.00,S,N,A,-,Y,LA,7,1,-,-,10.500,H,-,N,Y,4,0,2,2,A,-,01,23152,A,N,C,C,A,A,H,-,C,D,0,,,,,Y,Y,A,01,0,0,2,0,0,0,0,0,0,"- ","- ",,,"LOS ANGELES","LOS ANGELES",-118.26277923583984,33.791252136230469
9222734,2021,2021-03-24,1900,2021-01-09,0220,606079,2611,6,5,6,1950,0,0,0,,0,260T1,"AVENUE S","SIERRA HWY",60.00,E,N,A,-,N,,,,,,,,,,Y,4,0,1,2,A,-,03,22350,,M,C,C,A,A,H,-,C,A,0,,,,,Y,Y,A,01,0,0,1,0,0,0,0,0,0,"- ","- ",34.558128356933594,-118.11392211914062,"LOS ANGELES",PALMDALE,-118.11399078369141,34.558059692382812
9224613,2021,2021-03-09,1942,2021-01-30,0020,43791,0501,6,5,7,1942,0,0,0,E,0,25T31W,"S VERMONT AV","186TH ST",120.00,S,N,B,-,N,,,,,,,,,,Y,3,0,1,3,-,-,"- ",,A,N,B,E,A,A,H,-,C,D,0,,,,,Y,Y,A,01,0,1,0,0,0,0,0,0,0,"- ","- ",,,"LOS ANGELES","LOS ANGELES",-118.29054260253906,33.861679077148438
9224624,2021,2021-03-09,1942,2021-01-20,1700,43572,1519,3,5,7,1942,0,0,0,O,0,15A85,"VICTORY BL","CAHUENGA BL",0.00,,Y,A,-,N,,,,,,,,,,Y,4,0,1,2,A,-,08,22100,B,N,D,C,A,A,H,-,A,A,0,,,,,Y,Y,A,01,0,0,1,0,0,0,0,0,0,"- ","- ",,,"LOS ANGELES","LOS ANGELES",-118.36159515380859,34.185997009277344
9224791,2020,2021-02-12,1925,2020-10-13,2043,26039,116,2,5,6,1925,0,0,0,,0,005,"HONOLULU AV","OAKGROVE CT",595.00,W,N,A,-,N,,,,,,,,,,Y,2,0,1,1,A,-,01,23152,A,N,E,I,A,A,H,-,C,D,0,,,,,Y,Y,A,01,1,0,0,0,0,0,0,0,0,"- ","- ",,,"LOS ANGELES",GLENDALE,-118.26396179199219,34.230728149414062
9224871,2021,2021-03-29,1942,2021-02-01,1105,33458,1523,1,5,7,1942,0,0,0,O,0,15A33,"OXNARD ST","WHITSETT AV",0.00,,Y,A,B,N,,,,,,,,,,Y,4,0,1,3,A,-,01,23152,A,N,D,C,A,A,H,-,A,A,0,,,,,Y,Y,A,01,0,0,1,0,0,0,0,0,0,"- ","- ",,,"LOS ANGELES","LOS ANGELES",-118.40525817871094,34.179409027099609
9225920,2020,2021-03-03,1942,2020-12-16,1830,43636,1412,3,5,7,1942,0,0,0,N,0,14A12W,"MAIN ST","CLUB HOUSE AV",15.00,S,N,A,-,N,,,,,,,,,,Y,2,0,1,2,A,-,08,22102,,N,B,C,A,A,H,-,B,D,0,,,Y,,Y,Y,A,01,1,0,0,0,0,0,0,0,1,"- ","- ",,,"LOS ANGELES","LOS ANGELES",-118.47306060791016,33.990772247314453
9226329,2021,2021-03-22,1907,2021-01-08,2340,250,2,5,5,4,1907,0,0,0,,0,,"FLORENCE AV","KING AV",90.00,E,N,A,-,N,,,,,,,,,,Y,3,0,2,2,A,-,01,23152,A,N,C,E,A,A,H,-,C,D,0,,,,,Y,Y,A,01,0,2,0,0,0,0,0,0,0,"- ","- ",33.969310760498047,-118.18537139892578,"LOS ANGELES",BELL,-118.18496704101562,33.969974517822266
9226542,2021,2021-03-20,1900,2021-02-04,0415,490039,1510,4,5,5,1954,0,0,0,,0,151T3,"EDNA ST","ORANGE ST",84.00,S,N,A,-,N,,,,,,,,,,N,3,0,1,3,A,-,01,23152,A,N,D,E,A,A,-,-,C,D,0,,,,Y,Y,Y,A,01,0,1,0,0,0,0,0,0,0,"- ","- ",34.009380340576172,-118.09369659423828,"LOS ANGELES","PICO RIVERA",-118.09336090087891,34.00933837890625
9226756,2021,2021-03-16,1901,2021-01-20,1939,207,8,3,5,5,1901,0,0,0,,0,001,"MISSION RD","CHAPEL AV",118.00,E,N,A,-,N,,,,,,,,,,Y,4,0,1,2,A,-,01,23152,A,N,C,C,A,A,H,-,D,A,0,,,,,Y,Y,A,07,0,0,1,0,0,0,0,0,0,"- ","- ",34.091041564941406,-118.11981964111328,"LOS ANGELES",ALHAMBRA,-118.11942291259766,34.091197967529297
9226995,2021,2021-03-24,1942,2021-02-25,2315,41752,335,4,5,7,1942,0,0,0,,0,3A58,"ARLINGTON AV","29TH ST",40.00,N,N,A,-,N,,,,,,,,,,N,3,0,1,2,A,-,01,23152,A,F,C,C,A,A,H,-,C,A,0,,,Y,,Y,Y,A,01,0,1,0,0,0,0,0,0,1,"- ","- ",,,"LOS ANGELES","LOS ANGELES",-118.31767272949219,34.029170989990234
9227031,2021,2021-03-24,1909,2021-02-22,1322,570,1909,1,5,4,1909,0,0,0,,0,NORTH,"GAGE AV","SPECHT AV",217.00,W,N,A,-,N,,,,,,,,,,,2,0,1,2,A,-,08,22107,,F,G,B,E,A,E,H,A,D,0,Y,,,,Y,Y,A,01,1,0,0,0,1,0,0,0,0,"- ","- ",33.975681304931641,-118.16510772705078,"LOS ANGELES","BELL GARDENS",-118.16581726074219,33.975734710693359
9227269,2021,2021-04-23,1942,2021-03-04,2245,41072,0333,4,5,7,1942,0,0,0,C,0,3A31,"CRENSHAW BL","29TH ST",75.00,S,N,A,-,N,,,,,,,,,,Y,2,0,3,2,A,-,09,21801,A,N,D,C,A,A,H,-,C,A,0,,,,,Y,Y,A,01,1,0,2,0,0,0,0,0,0,"- ","- ",,,"LOS ANGELES","LOS ANGELES",-118.33509826660156,34.029254913330078
9227371,2021,2021-04-02,1925,2021-02-25,2043,28043,151,4,5,6,1925,0,0,0,,0,004,"E CHEVY CHASE DR","LINDA VISTA RD",45.00,E,N,A,-,N,,,,,,,,,,Y,3,0,1,1,A,-,03,22350,,N,E,I,A,A,H,-,C,D,0,,,,,Y,Y,A,01,0,1,0,0,0,0,0,0,0,"- ","- ",,,"LOS ANGELES",GLENDALE,-118.20199584960938,34.170795440673828
9227644,2021,2021-04-06,1942,2021-02-26,2010,39184,1505,5,5,7,1942,0,0,0,O,0,26MX10,"TUJUNGA AV","SHERMAN WY",140.00,S,N,A,-,N,,,,,,,,,,Y,3,0,3,3,A,-,01,23152,A,N,C,C,A,A,H,-,C,A,0,,,,Y,Y,Y,A,07,0,1,2,0,0,0,0,0,0,"- ","- ",,,"LOS ANGELES","LOS ANGELES",-118.37903594970703,34.200794219970703
9228855,2021,2021-03-11,1900,2021-01-21,2200,480768,0633,4,5,6,1985,0,0,0,,0,61T1,"HUMPHREYS PKWY","LOST CANYON RD",0.00,,Y,A,-,N,,,,,,,,,,Y,2,0,1,1,A,-,08,22107,,N,E,I,A,A,H,-,C,D,0,,,,,Y,Y,D,22,1,0,0,0,0,0,0,0,0,"- ","- ",34.413921356201172,-118.44065856933594,"LOS ANGELES","SANTA CLARITA",,
9229183,2021,2021-04-12,1942,2021-02-17,2045,39217,2146,3,5,7,1942,0,0,0,,0,21A57,"VANOWEN ST","ETON AV",200.00,W,N,A,-,N,,,,,,,,,,N,4,0,1,2,A,-,01,23152,A,N,C,C,A,A,H,-,C,D,0,,,,,Y,Y,A,01,0,0,1,0,0,0,0,0,0,"- ","- ",,,"LOS ANGELES","LOS ANGELES",-118.59613037109375,34.193748474121094
9229405,2021,2021-03-26,1956,2021-02-12,0314,1368,20,5,5,5,1956,0,0,0,,0,002,"CATALINA AV","CARNELIAN ST",3.00,N,N,-,-,N,,,,,,,,,,Y,4,0,1,1,A,-,01,23152,A,N,E,I,A,A,H,-,C,A,0,,,,,Y,Y,A,01,0,0,1,0,0,0,0,0,0,"- ","- ",33.844841003417969,-118.39076232910156,"LOS ANGELES","REDONDO BEACH",-118.39078521728516,33.844844818115234
9229811,2021,2021-03-23,1900,2021-02-09,1720,652731,1327,2,5,5,1935,0,0,0,,0,132T2,"DEL AMO BL","MAPES AV",40.00,W,N,A,-,N,,,,,,,,,,Y,4,0,1,5,A,-,01,23152,G,M,B,C,A,A,H,-,A,A,0,,,,,Y,Y,A,01,0,0,1,0,0,0,0,0,0,"- ","- ",,,"LOS ANGELES",LAKEWOOD,-118.08916473388672,33.845901489257812
9230033,2021,2021-03-19,1942,2021-01-09,1925,42876,1322,6,5,7,1942,0,0,0,M,0,13A13,"SAN PEDRO ST","ADAMS BL",170.00,N,N,A,-,N,,,,,,,,,,N,2,0,1,2,A,-,11,21954,A,F,G,B,D,A,H,-,C,A,0,Y,,,,Y,Y,-,99,1,0,0,0,1,0,0,0,0,"- ","- ",,,"LOS ANGELES","LOS ANGELES",-118.26104736328125,34.022014617919922
9230117,2021,2021-03-13,1942,2021-01-01,0755,33452,,5,5,7,1942,0,0,0,,0,1303,"E PICO BL","PALOMA ST",200.00,W,N,A,-,N,,,,,,,,,,Y,4,0,1,2,-,-,"- ",,F,N,E,I,A,A,H,-,A,D,0,,,,,Y,Y,A,01,0,0,1,0,0,0,0,0,0,"- ","- ",,,"LOS ANGELES","LOS ANGELES",-118.24896240234375,34.030620574951172
9230394,2021,2021-04-06,1941,2021-01-22,1948,10120,,5,5,7,1941,0,0,0,,0,,"CHESTNUT AV","4TH ST",68.00,N,N,A,-,N,,,,,,,,,,Y,4,0,1,5,A,-,21,22106,,N,C,E,E,A,H,-,C,D,0,Y,,,,Y,Y,A,,0,0,1,0,1,0,0,0,0,"- ","- ",,,"LOS ANGELES","LONG BEACH",-118.19636535644531,33.771915435791016
9230882,2021,2021-03-16,1922,2021-01-20,1338,661,5,3,5,6,1922,0,0,0,,0,,"FLAIR DR","AEROJET AV",0.00,,Y,A,-,N,,,,,,,,,,N,3,0,1,2,A,-,10,21950,A,N,G,B,B,A,H,-,A,D,0,Y,,,,Y,Y,A,07,0,1,0,0,1,0,0,0,0,"- ","- ",,,"LOS ANGELES","EL MONTE",-118.06874847412109,34.071632385253906
9232257,2021,2021-03-27,1942,2021-02-07,0015,43791,1259,7,5,7,1942,0,0,0,L,0,25T35-,"FLORENCE AV","CENTRAL AV",350.00,W,N,B,-,N,,,,,,,,,,N,3,0,2,3,A,-,08,22100,B,N,D,C,A,A,H,-,C,A,0,,,,,Y,Y,A,01,0,1,1,0,0,0,0,0,0,"- ","- ",,,"LOS ANGELES","LOS ANGELES",-118.25761413574219,33.974750518798828
9232524,2021,2021-04-07,1942,2021-03-01,0045,40602,0532,1,5,7,1942,0,0,0,E,0,5A15,PCH,"RONAN AV",250.00,E,N,A,-,N,,,,,,,,,,N,3,0,1,2,A,-,03,22350,A,N,C,C,A,A,H,-,C,A,0,,,,,Y,Y,A,01,0,1,0,0,0,0,0,0,0,"- ","- ",,,"LOS ANGELES","LOS ANGELES",-118.27210235595703,33.790702819824219
9232667,2020,2021-02-26,1942,2020-12-11,2315,37123,0473,5,5,7,1942,0,0,0,D,0,4A71,"SOTO ST","TERRACE HEIGHTS",0.00,,Y,A,-,N,,,,,,,,,,N,2,0,1,2,A,-,11,21954,A,F,G,B,D,A,H,-,C,D,0,Y,,,,Y,Y,N,60,1,0,0,0,1,0,0,0,0,"- ","- ",,,"LOS ANGELES","LOS ANGELES",-118.21484375,34.035751342773438
9232717,2020,2021-02-26,1900,2020-12-24,2245,633695,1432,4,5,4,1937,0,0,0,,0,143T2,"TEMPLE AV","STIMSON AV",26.00,E,N,A,-,N,,,,,,,,,,Y,3,0,1,2,A,-,01,23152,A,N,D,C,A,A,H,-,C,A,0,,,,,Y,Y,A,07,0,1,0,0,0,0,0,0,0,"- ","- ",34.028060913085938,-117.94902801513672,"LOS ANGELES","LA PUENTE",-117.94902801513672,34.028060913085938
9232918,2021,2021-03-09,1900,2021-01-15,0130,651920,1123,5,5,6,1992,0,0,0,,0,111,"AV J","CEDAR AV",79.25,,N,A,-,N,,,,,,,,,,Y,3,0,2,1,A,-,01,23152,A,N,A,I,A,A,H,-,C,D,0,,,,,Y,Y,A,07,0,2,0,0,0,0,0,0,0,"- ","- ",,,"LOS ANGELES",LANCASTER,-118.13814544677734,34.689456939697266
9232972,2021,2021-03-10,1910,2021-01-29,2154,04829,,5,5,4,1910,0,0,0,,0,005,"W OLYMPIC BL","BEVERWIL DR",0.00,,Y,A,-,N,,,,,,,,,,Y,4,0,1,3,A,-,01,23152,A,N,C,C,A,A,-,-,C,D,0,,,,,Y,Y,A,01,0,0,1,0,0,0,0,0,0,"- ","- ",,,"LOS ANGELES","BEVERLY HILLS",-118.39910125732422,34.059680938720703
9233044,2021,2021-03-08,1942,2021-01-16,1815,34426,1371,6,5,7,1942,0,0,0,M,0,13A85,"S MAIN ST","E 54TH ST",0.00,,Y,A,-,N,,,,,,,,,,N,3,0,1,2,A,-,01,23152,A,N,A,C,A,A,H,-,C,A,0,,,,,Y,Y,A,01,0,1,0,0,0,0,0,0,0,"- ","- ",,,"LOS ANGELES","LOS ANGELES",-118.27397155761719,33.993331909179688
9234968,2021,2021-03-30,1941,2021-02-13,2159,11358,,6,5,7,1941,0,0,0,,0,,"EAST OCEAN BL","E OCEAN BL  805",0.00,,Y,A,-,N,,,,,,,,,,N,4,0,1,2,A,-,21,22106,,M,C,C,A,A,H,-,B,D,0,,,,,Y,Y,A,,0,0,1,0,0,0,0,0,0,"- ","- ",,,"LOS ANGELES","LONG BEACH",-118.14900207519531,33.760528564453125
9235858,2021,2021-04-09,1942,2021-02-28,1845,41370,1963,7,5,7,1942,0,0,0,,0,19EL4,"VAN NUYS BL","NOVICE ST",10.00,S,N,A,-,N,,,,,,,,,,N,4,0,1,2,A,-,01,23153,A,N,C,C,A,A,H,-,C,D,0,,,,,Y,Y,D,22,0,0,1,0,0,0,0,0,0,"- ","- ",,,"LOS ANGELES","LOS ANGELES",-118.45023345947266,34.243602752685547
9236081,2021,2021-03-30,1942,2021-02-20,1120,42768,,6,5,7,1942,0,0,0,,0,,"BORDEN AV","HERRON ST",69.00,S,N,A,-,N,,,,,,,,,,Y,2,0,2,2,A,-,01,23152,A,N,A,C,A,A,H,-,A,D,0,,,,,Y,Y,A,01,1,0,1,0,0,0,0,0,0,"- ","- ",,,"LOS ANGELES","LOS ANGELES",-118.438720703125,34.304031372070312
9236087,2021,2021-04-09,1900,2021-02-12,1931,621412,1432,5,5,4,1937,0,0,0,,0,143T1,"MOLINAR AV","CADWELL ST",0.00,,Y,A,-,N,,,,,,,,,,N,4,0,1,2,A,-,12,22450,A,N,H,G,A,A,H,-,C,D,0,,Y,,,Y,Y,L,04,0,0,1,0,0,0,1,0,0,"- ","- ",34.037979125976562,-117.94438934326172,"LOS ANGELES","LA PUENTE",-117.94444274902344,34.037937164306641
9236320,2021,2021-04-05,1942,2021-02-21,0625,38191,1021,7,5,7,1942,0,0,0,J,0,10A21,"VANOWEN ST","SHIRLEY AV",208.00,W,N,A,-,N,,,,,,,,,,Y,2,0,1,3,A,-,01,23152,A,N,C,E,A,A,H,-,A,D,0,,,,,Y,Y,A,01,1,0,0,0,0,0,0,0,0,"- ","- ",,,"LOS ANGELES","LOS ANGELES",-118.55855560302734,34.193828582763672
9237418,2021,2021-03-17,1942,2021-01-12,1430,39710,165,2,5,7,1942,0,0,0,P,0,1X27,"7TH ST","WALL ST",60.00,E,N,A,-,N,,,,,,,,,,Y,4,0,1,2,A,-,07,21658,,N,B,B,E,A,H,-,A,D,0,Y,,,,Y,Y,A,01,0,0,1,0,1,0,0,0,0,"- ","- ",,,"LOS ANGELES","LOS ANGELES",-118.24838256835938,34.041851043701172
9237583,2021,2021-04-06,1913,2021-02-08,1458,3886,09,1,5,4,1913,0,0,0,,0,,"INDIAN HILL BL","1ST ST",12.00,N,N,A,-,N,,,,,,,,,,N,2,0,1,2,A,-,10,21950,A,N,G,B,B,A,H,-,A,A,0,Y,,,,Y,Y,I,11,1,0,0,0,1,0,0,0,0,"- ","- ",,,"LOS ANGELES",CLAREMONT,-117.71930694580078,34.094539642333984
9238749,2021,2021-03-29,1900,2021-02-13,1535,608904,0468,6,5,4,1936,0,0,0,,0,46T1,"ROSECRANS AV","MERCADO AV",36.00,E,N,B,-,N,,,,,,,,,,Y,3,0,1,2,A,-,01,23152,A,N,C,C,A,A,H,-,A,D,0,,,,,Y,Y,A,01,0,1,0,0,0,0,0,0,0,"- ","- ",,,"LOS ANGELES","LA MIRADA",-117.99068450927734,33.897895812988281
9240793,2021,2021-03-30,1942,2021-02-24,1549,41683,1823,3,5,7,1942,0,0,0,R,0,18A3,"S SAN PEDRO ST","E 102ND ST",0.00,,Y,A,-,N,,,,,,,,,,Y,4,0,1,2,A,-,09,21802,A,N,D,C,A,A,H,-,A,D,0,,,,,Y,Y,A,01,0,0,1,0,0,0,0,0,0,"- ","- ",,,"LOS ANGELES","LOS ANGELES",-118.26952362060547,33.943771362304688
9241120,2021,2021-03-30,1941,2021-02-23,1805,10009,,2,5,7,1941,0,0,0,,0,,"SOUTH ST","LIME AV",0.00,,Y,A,-,N,,,,,,,,,,Y,4,0,3,2,A,-,08,22107,,N,D,-,A,A,H,-,B,D,0,,,,,Y,Y,A,,0,0,3,0,0,0,0,0,0,"- ","- ",,,"LOS ANGELES","LONG BEACH",-118.18400573730469,33.860088348388672
9241233,2021,2021-04-06,1953,2021-01-23,1858,0996,1953,6,5,6,1953,0,0,0,,0,002,"SUNSET AV","CLAREMONT ST",0.00,,Y,C,-,N,,,,,,,,,,Y,3,0,3,3,A,-,12,22450,A,F,D,C,A,B,H,-,D,D,0,,,,Y,Y,Y,G,26,0,1,2,0,0,0,0,0,0,"- ","- ",,,"LOS ANGELES",PASADENA,-118.15489959716797,34.166664123535156
9241978,2021,2021-04-29,1920,2021-03-19,0134,13965,,5,5,6,1920,0,0,0,,0,005,"WESTERN AV","7TH ST",888.00,N,N,A,-,N,,,,,,,,,,Y,4,0,1,3,A,-,01,23152,A,N,B,C,A,A,H,-,C,D,0,,,,,Y,Y,A,07,0,0,1,0,0,0,0,0,0,"- ","- ",,,"LOS ANGELES",DOWNEY,-118.13004302978516,33.949459075927734
9242201,2020,2021-03-24,1900,2020-10-02,1855,649307,0262,5,5,4,1917,0,0,0,,0,26T,"WILCOX AV","ELIZABETH ST",50.00,N,N,A,-,N,,,,,,,,,,Y,3,0,1,2,A,-,"- ",,,M,A,D,A,A,H,-,C,D,0,,,,,Y,Y,-,,0,1,0,0,0,0,0,0,0,"- ","- ",,,"LOS ANGELES",CUDAHY,-118.17891693115234,33.962574005126953
9242621,2021,2021-04-14,1942,2021-03-23,1340,42768,1035,2,5,7,1942,0,0,0,J,0,10A21,"KITTRIDGE ST","DARBY AV",100.00,E,N,A,-,N,,,,,,,,,,N,4,0,1,2,A,-,01,23152,A,M,B,C,A,A,H,-,A,D,0,,,,,Y,Y,A,01,0,0,1,0,0,0,0,0,0,"- ","- ",,,"LOS ANGELES","LOS ANGELES",-118.53317260742188,34.190242767333984