CASE_ID,ACCIDENT_YEAR,PROC_DATE,JURIS,COLLISION_DATE,COLLISION_TIME,OFFICER_ID,REPORTING_DISTRICT,DAY_OF_WEEK,CHP_SHIFT,POPULATION,CNTY_CITY_LOC,SPECIAL_COND,BEAT_TYPE,CHP_BEAT_TYPE,CITY_DIVISION_LAPD,CHP_BEAT_CLASS,BEAT_NUMBER,PRIMARY_RD,SECONDARY_RD,DISTANCE,DIRECTION,INTERSECTION,WEATHER_1,WEATHER_2,STATE_HWY_IND,CALTRANS_COUNTY,CALTRANS_DISTRICT,STATE_ROUTE,ROUTE_SUFFIX,POSTMILE_PREFIX,POSTMILE,LOCATION_TYPE,RAMP_INTERSECTION,SIDE_OF_HWY,TOW_AWAY,COLLISION_SEVERITY,NUMBER_KILLED,NUMBER_INJURED,PARTY_COUNT,PRIMARY_COLL_FACTOR,PCF_CODE_OF_VIOL,PCF_VIOL_CATEGORY,PCF_VIOLATION,PCF_VIOL_SUBSECTION,HIT_AND_RUN,TYPE_OF_COLLISION,MVIW,PED_ACTION,ROAD_SURFACE,ROAD_COND_1,ROAD_COND_2,LIGHTING,CONTROL_DEVICE,CHP_ROAD_TYPE,PEDESTRIAN_ACCIDENT,BICYCLE_ACCIDENT,MOTORCYCLE_ACCIDENT,TRUCK_ACCIDENT,NOT_PRIVATE_PROPERTY,ALCOHOL_INVOLVED,STWD_VEHTYPE_AT_FAULT,CHP_VEHTYPE_AT_FAULT,COUNT_SEVERE_INJ,COUNT_VISIBLE_INJ,COUNT_COMPLAINT_PAIN,COUNT_PED_KILLED,COUNT_PED_INJURED,COUNT_BICYCLIST_KILLED,COUNT_BICYCLIST_INJURED,COUNT_MC_KILLED,COUNT_MC_INJURED,PRIMARY_RAMP,SECONDARY_RAMP,LATITUDE,LONGITUDE,COUNTY,CITY,POINT_X,POINT_Y
9589361,2021,2023-06-14,1942,2021-05-28,2140,38273,1795,5,5,7,1942,0,0,0,Q,0,36T54,"PARTHENIA ST","LINDLEY AV",50.00,E,N,A,-,N,,,,,,,,,,Y,3,0,1,2,A,-,01,23152,A,M,A,E,A,A,H,-,C,D,0,,,,,Y,Y,A,01,0,1,0,0,0,0,0,0,0,"- ","- ",,,"LOS ANGELES","LOS ANGELES",-118.52718353271484,34.228668212890625
5403210,2012,2014-04-07,1942,2012-02-04,0150,25907,1701,6,5,7,1942,0,0,0,Q,0,15T43,"TAMPA AV","SINGING HILLS DR",1500.00,S,N,A,-,N,,,,,,,,,,Y,1,1,1,1,A,-,03,22350,,N,E,I,A,A,H,-,C,-,0,,,,,Y,Y,A,01,0,0,1,0,0,0,0,0,0,"- ","- ",,,"LOS ANGELES","LOS ANGELES",-118.55893278000001,34.277157410000001
5403298,2012,2014-04-11,1900,2012-02-16,2123,484623,1192,4,5,6,1992,0,0,0,,0,112T1,"AVENUE L","21ST WEST",92.00,W,N,A,-,N,,,,,,,,,,Y,1,1,0,2,A,-,11,21954,A,N,G,B,D,A,H,-,D,D,0,Y,,,,Y,Y,N,60,0,0,0,1,0,0,0,0,0,"- ","- ",,,"LOS ANGELES",LANCASTER,-118.16822744,34.66038906
5403541,2012,2014-04-09,1942,2012-03-13,1830,39317,0301,2,5,7,1942,0,0,0,C,0,3T5,"ADAMS BL","CLOVERDALE AV",195.00,W,N,A,-,N,,,,,,,,,,N,1,1,1,2,A,-,11,21953,,N,G,B,D,A,H,-,A,A,0,Y,,,,Y,Y,A,01,0,0,1,1,0,0,0,0,0,"- ","- ",,,"LOS ANGELES","LOS ANGELES",-118.3582646,34.032484850000003
5403597,2012,2014-04-11,1900,2012-01-08,0206,506588,1335,7,5,5,1908,0,0,0,,0,136BE,"RT 19","MAYNE ST",219.00,N,N,A,-,Y,LA,7,19,-,-,6.690,H,-,S,Y,1,1,1,3,A,-,11,21954,A,N,G,B,D,A,H,-,C,A,0,Y,,,,Y,Y,N,,1,0,0,1,1,0,0,0,0,"- ","- ",,,"LOS ANGELES",BELLFLOWER,-118.1427521,33.886370239999998
5448931,2012,2013-06-22,1942,2012-01-01,2130,39203,0336,7,5,7,1942,0,0,0,C,0,3Z3,"WESTERN AV","27TH ST",78.00,N,N,A,-,N,,,,,,,,,,Y,2,0,2,3,A,-,01,23152,A,N,C,E,A,A,H,-,C,A,0,,,,Y,Y,Y,A,01,1,0,1,0,0,0,0,0,0,"- ","- ",,,"LOS ANGELES","LOS ANGELES",-118.30897455,34.03107876
5454907,2012,2013-06-18,1942,2012-01-15,0545,33875,1543,7,5,7,1942,0,0,0,O,0,17TL13,"WHITSETT AV","CUMPSTON ST",60.00,N,N,A,-,N,,,,,,,,,,N,2,0,1,2,A,-,10,21952,,F,A,B,F,A,H,-,C,A,0,Y,,,,Y,Y,-,99,1,0,0,0,1,0,0,0,0,"- ","- ",,,"LOS ANGELES","LOS ANGELES",-118.40525045,34.169679289999998
5456198,2012,2013-10-10,9550,2012-01-01,0510,020245,,7,3,6,1955,0,1,3,,2,604,"RT 60","RT 71",300.00,S,N,A,-,Y,LA,7,60,-,R,29.010,R,2,E,Y,4,0,1,1,A,-,01,23152,A,N,E,I,A,A,H,-,B,D,1,,,,,Y,Y,A,07,0,0,1,0,0,0,0,0,0,"- ","- ",34.022379999999998,-117.74951,"LOS ANGELES",POMONA,-117.75568205,34.024174909999999
5457366,2012,2013-06-20,1900,2012-01-14,2220,45632,2825,6,5,5,1915,0,0,0,,0,218T1,"ROSECRANS AV","LONG BEACH BL",0.00,,Y,A,-,N,,,,,,,,,,Y,4,0,1,3,A,-,12,21453,A,N,A,C,A,A,H,-,C,A,0,,,Y,,Y,Y,C,02,0,0,1,0,0,0,0,0,1,"- ","- ",,,"LOS ANGELES",COMPTON,-118.20848219,33.903514909999998
5457716,2012,2013-06-21,9575,2012-01-16,1845,19607,,1,2,9,1900,0,2,4,,2,026,"NEW YORK DR","ALLEN AV",170.00,W,N,A,-,N,,,,,,,,,,Y,3,0,1,3,A,-,01,23152,A,N,B,E,A,A,H,-,C,D,0,,,,,Y,Y,A,01,0,1,0,0,0,0,0,0,0,"- ","- ",34.178550000000001,-118.11235000000001,"LOS ANGELES",UNINCORPORATED,-118.11264156999999,34.178545290000002
5458069,2012,2013-09-25,9535,2012-01-02,0140,20167,,1,3,9,1900,0,1,3,,2,601,"RT 60","3RD ST",75.00,E,N,A,-,Y,LA,7,60,-,R,2.670,H,-,W,Y,4,0,1,1,A,-,01,23152,A,N,E,I,A,A,H,-,C,D,1,,,,,Y,Y,A,01,0,0,1,0,0,0,0,0,0,"- ","- ",34.033920000000002,-118.18026999999999,"LOS ANGELES",UNINCORPORATED,-118.17954623,34.034035830000001
5458204,2012,2013-09-17,9590,2012-01-28,2308,20052,,6,3,7,1942,0,1,1,,2,013,"RT 110","AVE 43",150.00,N,N,A,-,Y,LA,7,110,-,-,27.150,H,-,S,Y,3,0,1,2,A,-,01,23152,A,N,C,C,A,A,H,-,C,D,1,,,,,Y,Y,A,01,0,1,0,0,0,0,0,0,0,"- ","- ",34.619999999999997,-118.12220000000001,"LOS ANGELES","LOS ANGELES",-118.20635634999999,34.093130379999998
5458869,2012,2013-07-18,1942,2012-02-04,0025,35471,0941,6,5,7,1942,0,0,0,I,0,16T23,"VAN NUYS BL",ALBERS,0.00,,N,A,-,N,,,,,,,,,,Y,3,0,1,1,A,-,01,23152,C,M,E,I,A,A,H,-,C,D,0,,,,,Y,Y,D,22,0,1,0,0,0,0,0,0,0,"- ","- ",,,"LOS ANGELES","LOS ANGELES",-118.4487223,34.170294900000002
5458984,2012,2013-07-13,1955,2012-02-10,2336,41186,40,5,5,6,1955,0,0,0,,0,002,"GILLETTE RD","DUDLEY AV",528.00,W,N,A,-,N,,,,,,,,,,Y,4,0,1,2,A,-,01,23152,A,N,C,E,A,A,H,-,C,A,0,,,,Y,Y,Y,A,01,0,0,1,0,0,0,0,0,0,"- ","- ",,,"LOS ANGELES",POMONA,-117.77946028,34.074041649999998
5459702,2012,2013-06-15,9540,2012-01-27,2355,19337,,5,3,9,1900,0,2,4,,1,201,"SIERRA HWY","DAVENPORT RD",5808.00,N,N,A,-,N,,,,,,,,,,Y,3,0,1,1,A,-,01,23152,A,N,E,I,A,A,H,-,D,D,0,,,,,Y,Y,D,22,0,1,0,0,0,0,0,0,0,"- ","- ",34.497590000000002,-118.3832,"LOS ANGELES",UNINCORPORATED,-118.38384259999999,34.496775509999999
5460766,2012,2013-06-08,1942,2012-01-14,1755,32973,1372,6,5,7,1942,0,0,0,M,0,13TL22,"56TH ST","SAN PEDRO ST",0.00,,Y,B,-,N,,,,,,,,,,Y,4,0,1,2,A,-,01,23152,A,N,D,C,A,A,H,-,C,A,0,,,,,Y,Y,A,07,0,0,1,0,0,0,0,0,0,"- ","- ",,,"LOS ANGELES","LOS ANGELES",-118.27013221999999,33.991554960000002
5461292,2012,2013-06-29,9550,2012-01-18,2245,20014,,3,3,9,1900,0,3,5,,2,003,"VALLECITO DR","TURNBULL CANYON RD",200.00,S,N,A,-,N,,,,,,,,,,Y,3,0,1,1,A,-,01,23152,A,N,B,I,A,A,H,-,C,D,0,,,,,Y,Y,A,01,0,1,0,0,0,0,0,0,0,"- ","- ",34.005569999999999,-117.98018,"LOS ANGELES",UNINCORPORATED,-117.98037977,34.00615775
5461725,2012,2013-06-12,1942,2012-01-02,1900,37143,1502,1,5,7,1942,0,0,0,O,0,15TL43,"COLDWATER CANYON AV","ROSCOE BL",50.00,S,N,A,-,N,,,,,,,,,,N,3,0,2,3,A,-,05,21650,1,F,B,G,A,A,H,-,C,D,0,,Y,,,Y,Y,L,04,0,2,0,0,0,0,2,0,0,"- ","- ",,,"LOS ANGELES","LOS ANGELES",-118.41442146,34.221497730000003
5467171,2012,2013-09-25,9590,2012-01-01,0620,19303,,7,1,7,1942,0,1,1,,2,064,"RT 10","CENTRAL AV",200.00,E,N,A,-,Y,LA,7,10,-,-,16.490,H,-,E,Y,3,0,1,1,A,-,01,23152,A,N,E,I,A,A,H,-,B,D,1,,,,,Y,Y,A,08,0,1,0,0,0,0,0,0,0,"- ","- ",34.025860000000002,-118.24944000000001,"LOS ANGELES","LOS ANGELES",-118.2486285,34.025423979999999
5467210,2012,2013-06-22,1972,2012-01-04,0055,18322,,3,5,6,1972,0,0,0,,0,,CABRILLO,220TH,450.00,S,N,A,-,N,,,,,,,,,,N,3,0,2,1,A,-,03,22350,,F,E,I,A,A,H,-,C,D,0,,,,,Y,Y,A,,0,2,0,0,0,0,0,0,0,"- ","- ",,,"LOS ANGELES",TORRANCE,-118.31440218,33.826660680000003
5467874,2012,2013-06-17,1900,2012-01-08,0152,286406,2313,7,5,5,1919,0,0,0,,0,230T,"PIONEER BL","SOUTH ST",109.00,N,N,A,-,N,,,,,,,,,,Y,4,0,1,1,A,-,01,23152,A,N,E,I,A,A,H,-,C,A,0,,,,,Y,Y,A,01,0,0,1,0,0,0,0,0,0,"- ","- ",,,"LOS ANGELES",CERRITOS,-118.08217935,33.858773659999997
5468081,2012,2013-06-22,1900,2012-01-01,2225,06557,251,7,5,4,1945,0,0,0,,0,028,"SLAUSON AV","ALAMO AV",270.00,E,N,A,-,N,,,,,,,,,,Y,4,0,1,1,A,-,01,23152,A,N,E,I,A,A,H,-,C,D,0,,,,,Y,Y,A,01,0,0,1,0,0,0,0,0,0,"- ","- ",,,"LOS ANGELES",MAYWOOD,-118.17341988,33.986011150000003
5469388,2012,2013-09-11,9575,2012-01-15,1830,20006,,7,2,9,1900,0,2,4,,2,016,"LA CRESCENTA AV","ALABAMA AV",105.00,S,N,A,-,N,,,,,,,,,,Y,3,0,1,3,A,-,01,23152,A,N,C,E,A,A,H,-,D,D,0,,,,,Y,Y,A,01,0,1,0,0,0,0,0,0,0,"- ","- ",34.317250000000001,-118.13862,"LOS ANGELES",UNINCORPORATED,-118.23989867,34.228396979999999
5479364,2012,2013-09-12,9580,2012-01-15,2130,20140,,7,2,7,1942,0,1,3,,2,117,"RT 118","GAYNOR AV",100.00,W,N,A,-,Y,LA,7,118,-,R,9.310,H,-,W,Y,3,0,3,1,A,-,01,23152,A,M,F,I,A,A,H,-,C,D,1,,,,,Y,Y,D,22,0,3,0,0,0,0,0,0,0,"- ","- ",34.266190000000002,-118.48036999999999,"LOS ANGELES","LOS ANGELES",-118.48318836999999,34.267124199999998
5479397,2012,2013-06-22,9535,2012-01-02,1430,14473,,1,2,9,1900,0,2,4,,2,012,"CITY TERRACE DR","POMEROY ST",88.00,E,N,A,-,N,,,,,,,,,,Y,3,0,1,3,A,-,01,23152,A,N,H,C,A,A,H,-,A,D,0,,,,,Y,Y,A,07,0,1,0,0,0,0,0,0,0,"- ","- ",34.051099999999998,-118.18904000000001,"LOS ANGELES",UNINCORPORATED,-118.18852800000001,34.051065999999999
5480669,2012,2013-06-22,9550,2012-01-05,2310,19844,,4,3,9,1900,0,3,5,,2,001,"WASHINGTON BL","NORWALK BL",40.00,E,N,A,-,N,,,,,,,,,,Y,4,0,2,3,A,-,01,23152,A,N,C,C,A,A,H,-,C,A,0,,,,,Y,Y,A,01,0,0,2,0,0,0,0,0,0,"- ","- ",33.972610000000003,-118.07425000000001,"LOS ANGELES",UNINCORPORATED,-118.07389529,33.972545580000002
5481059,2012,2013-10-08,9525,2012-01-18,1850,018505,,3,2,5,1990,0,1,3,,2,574,"RT 57","RT 60",1056.00,S,N,A,-,Y,LA,7,57,-,R,4.250,H,-,N,N,4,0,2,2,A,-,01,23152,A,N,C,C,A,A,H,-,D,D,1,,,,,Y,Y,D,22,0,0,2,0,0,0,0,0,0,"- ","- ",34.008740000000003,-117.82313000000001,"LOS ANGELES","DIAMOND BAR",-117.83752157000001,33.99894158
5481309,2012,2013-10-11,9540,2012-01-08,0120,19704,,7,3,9,1900,0,1,1,,2,512,"RT 5","SMOKEY BEAR RD",7280.00,S,N,A,-,Y,LA,7,5,-,R,78.120,H,-,N,Y,3,0,1,2,A,-,01,23152,A,N,C,C,A,A,H,-,D,D,1,,,,Y,Y,Y,A,01,0,1,0,0,0,0,0,0,0,"- ","- ",34.685459999999999,-118.78400999999999,"LOS ANGELES",UNINCORPORATED,-118.79706521999999,34.710729729999997
5482866,2012,2013-06-21,1942,2012-01-14,2055,38980,2149,6,5,7,1942,0,0,0,,0,19T75,"SHERMAN WY","LUBAO AV",25.00,W,N,A,-,N,,,,,,,,,,Y,4,0,1,5,A,-,01,23152,A,N,C,E,A,A,H,-,C,D,0,,,,,Y,Y,D,22,0,0,1,0,0,0,0,0,0,"- ","- ",,,"LOS ANGELES","LOS ANGELES",-118.56810479000001,34.201124849999999
5484213,2012,2013-06-12,1942,2012-01-07,1550,40097,1438,6,5,7,1942,0,0,0,N,0,8TL28,"OVERLAND AV","MCCUNE AV",91.00,S,N,A,-,N,,,,,,,,,,Y,4,0,6,2,A,-,01,23152,A,N,C,C,A,A,H,-,A,D,0,,,,,Y,Y,A,07,0,0,6,0,0,0,0,0,0,"- ","- ",,,"LOS ANGELES","LOS ANGELES",-118.40782441,34.019768020000001
5486598,2012,2013-07-20,1928,2012-02-27,2213,366,H514,1,5,5,1928,0,0,0,,0,0H4,"137TH ST","RAMONA AV",0.00,,Y,B,-,N,,,,,,,,,,N,4,0,1,3,A,-,01,23152,A,M,A,E,A,A,H,-,C,A,0,,,,,Y,Y,A,07,0,0,1,0,0,0,0,0,0,"- ","- ",,,"LOS ANGELES",HAWTHORNE,-118.35714224,33.907974850000002
5486831,2012,2013-09-20,9590,2012-02-15,2310,019379,,3,3,7,1942,0,1,1,,2,063,"RT 10","GRAND AVE",200.00,W,N,A,-,Y,LA,7,10,-,-,15.270,H,-,W,Y,3,0,2,2,A,-,01,23152,A,N,E,I,A,A,H,-,C,D,1,,,,,Y,Y,D,22,0,2,0,0,0,0,0,0,0,"- ","- ",34.0351,-118.2677,"LOS ANGELES","LOS ANGELES",-118.26541896000001,34.033741020000001
5487630,2012,2013-06-15,1900,2012-01-22,0303,528217,1320,7,5,5,1935,0,0,0,,0,135BE,"DOWNEY AV","ECKLESON ST",0.00,,Y,A,-,N,,,,,,,,,,Y,3,0,2,1,A,-,01,23152,A,N,E,J,A,A,H,-,C,A,0,,,,,Y,Y,A,01,0,1,1,0,0,0,0,0,0,"- ","- ",,,"LOS ANGELES",LAKEWOOD,-118.15133217,33.848674889999998
5490707,2012,2013-07-19,1934,2012-02-25,1811,752,1934,6,5,1,1934,0,0,0,,0,001,"ARROW HWY","IRWINDALE AV",67.00,E,N,B,-,N,,,,,,,,,,Y,3,0,2,4,A,-,01,23153,A,N,C,C,A,A,H,-,C,A,0,,,,,Y,Y,D,22,0,1,1,0,0,0,0,0,0,"- ","- ",,,"LOS ANGELES",IRWINDALE,-117.93398173999999,34.107004879999998
5491904,2012,2013-09-25,9540,2012-01-14,0455,19590,,6,3,6,1985,0,1,1,,2,506,"RT 5","LYONS AV",210.00,S,N,A,-,Y,LA,7,5,-,R,50.290,H,-,N,Y,4,0,1,2,A,-,01,23152,A,N,C,C,A,A,H,-,D,D,1,,,,,Y,Y,A,01,0,0,1,0,0,0,0,0,0,"- ","- ",34.377980000000001,-118.56502,"LOS ANGELES","SANTA CLARITA",-118.56512221,34.378414909999996
5492022,2012,2013-09-26,9540,2012-01-30,0245,19788,,1,3,9,1900,0,1,1,,1,502,"RT 5","WELDON CANYON RD",2640.00,N,N,A,-,Y,LA,7,5,-,R,47.080,H,-,N,Y,3,0,1,1,A,-,01,23152,A,N,E,I,A,A,H,-,D,D,1,,,,,Y,Y,A,01,0,1,0,0,0,0,0,0,0,"- ","- ",34.343850000000003,-118.53043,"LOS ANGELES",UNINCORPORATED,-118.52836194,34.34246478
5492042,2012,2013-09-26,1956,2012-02-10,1837,1261,24,5,5,5,1956,0,0,0,,0,002,"RT 1","BERYL ST",120.00,N,N,A,-,Y,LA,7,1,-,-,20.250,H,-,N,Y,3,0,1,4,A,-,01,23152,A,N,B,E,A,A,H,-,C,D,0,,,,,Y,Y,A,01,0,1,0,0,0,0,0,0,0,"- ","- ",,,"LOS ANGELES","REDONDO BEACH",-118.38841232999999,33.848759729999998
5493442,2012,2013-09-17,9590,2012-01-21,0250,20081,,6,3,7,1942,0,1,1,,2,052,"RT 110","RT 101",100.00,S,N,C,-,Y,LA,7,110,-,-,23.579,R,2,N,Y,2,0,1,1,A,-,03,22350,,M,E,I,A,B,H,-,C,D,1,,,,,Y,Y,A,01,1,0,0,0,0,0,0,0,0,TO,"- ",34.061540000000001,-118.24890000000001,"LOS ANGELES","LOS ANGELES",-118.25117226,34.060501449999997
5493857,2012,2013-09-23,9590,2012-02-12,0700,19303,,7,1,7,1942,0,1,1,,2,060,"RT 10","ARLINGTON BL",25.00,W,N,B,-,Y,LA,7,10,-,R,12.184,R,1,E,N,4,0,1,2,A,-,01,23152,A,F,C,C,A,A,H,-,A,D,1,,,,,Y,Y,A,01,0,0,1,0,0,0,0,0,0,TO,"- ",34.021059999999999,-118.19044,"LOS ANGELES","LOS ANGELES",-118.31868307000001,34.036444340000003
5494586,2012,2013-09-11,9550,2012-01-16,0215,018558,,1,3,9,1900,0,3,5,,2,002,"IMPERIAL HWY","MEYER RD",0.00,,Y,B,-,N,,,,,,,,,,Y,4,0,1,2,A,-,01,23152,A,N,A,C,A,A,H,-,C,A,0,,,,,Y,Y,A,01,0,0,1,0,0,0,0,0,0,"- ","- ",33.917020000000001,-118.03373999999999,"LOS ANGELES",UNINCORPORATED,-118.03399220999999,33.917124909999998
5494648,2012,2013-09-13,9535,2012-01-14,0131,19983,,6,3,9,1900,0,1,1,,2,071,"RT 710","WHITTIER BL",10.00,N,N,A,-,Y,LA,7,710,-,-,23.790,H,-,S,Y,4,0,1,2,A,-,03,22350,,N,D,C,A,A,H,-,C,D,1,,,,,Y,Y,A,01,0,0,1,0,0,0,0,0,0,"- ","- ",34.023760000000003,-118.17269,"LOS ANGELES",UNINCORPORATED,-118.17241212,34.025694889999997
5494967,2012,2013-06-24,1912,2012-01-26,2010,12190,,4,5,6,1912,0,0,0,,0,,"ALAMEDA AV","NAOMI ST",95.00,E,N,A,-,N,,,,,,,,,,N,3,0,1,2,A,-,01,23152,A,N,C,C,A,A,H,-,C,D,0,,,,,Y,Y,A,07,0,1,0,0,0,0,0,0,0,"- ","- ",34.157699999999998,-118.32987,"LOS ANGELES",BURBANK,-118.32988308,34.157635429999999
5495945,2012,2013-07-13,1942,2012-01-10,0155,32774,1752,2,5,7,1942,0,0,0,Q,0,21T61,"LURLINE AV","VINTAGE ST",19.00,S,N,A,-,N,,,,,,,,,,Y,3,0,1,2,A,-,01,23152,A,N,-,I,A,A,H,-,C,-,0,,,,,Y,Y,A,01,0,1,0,0,0,0,0,0,0,"- ","- ",,,"LOS ANGELES","LOS ANGELES",-118.58422073,34.251742749999998
5496162,2012,2013-06-08,1942,2012-01-28,0150,38996,0971,6,5,7,1942,0,0,0,I,0,16T25,"VENTURA BL",KESTER,155.00,W,N,A,G,N,,,,,,,,,,Y,3,0,3,6,A,-,01,23152,A,N,D,C,A,A,H,-,C,D,0,,,,,Y,Y,A,01,0,2,1,0,0,0,0,0,0,"- ","- ",,,"LOS ANGELES","LOS ANGELES",-118.45792364,34.15243839
5496581,2012,2013-06-17,1942,2012-01-29,1830,39975,1991,7,5,7,1942,0,0,0,,0,9TL54,"LAMARK ST","ORION AV",0.00,,Y,A,-,N,,,,,,,,,,N,3,0,1,2,A,-,03,22350,,F,D,G,A,A,H,-,D,A,0,,Y,,,Y,Y,-,99,0,1,0,0,0,0,1,0,0,"- ","- ",,,"LOS ANGELES","LOS ANGELES",-118.47211224,34.218494929999999
5497069,2012,2013-09-16,9590,2012-01-28,1900,20311,,6,2,7,1942,0,1,1,,2,085,"RT 5","LOS FELIZ BL",400.00,N,N,A,-,Y,LA,7,5,-,-,24.410,H,-,S,N,4,0,1,4,A,-,03,22350,,N,C,C,A,A,H,-,C,D,1,,,,,Y,Y,A,01,0,0,1,0,0,0,0,0,0,"- ","- ",34.124749999999999,-118.27302,"LOS ANGELES","LOS ANGELES",-118.27174513,34.12138625
5497268,2012,2013-06-21,1900,2012-01-18,2317,472781,0453,3,5,6,1949,0,0,0,,0,43T1,"ROSECRANS AV","FLATBUSH AV",20.00,W,N,A,-,N,,,,,,,,,,Y,4,0,2,2,A,-,01,23152,A,N,C,C,A,A,H,-,C,A,0,,,,,Y,Y,A,07,0,0,2,0,0,0,0,0,0,"- ","- ",,,"LOS ANGELES",NORWALK,-118.10671779,33.902121389999998
5497851,2012,2013-06-15,9530,2012-01-20,2236,20194,,5,3,9,1900,0,3,5,,2,002,"ROSECRANS AV","CENTRAL AV",30.00,W,N,B,-,N,,,,,,,,,,Y,4,0,3,2,A,-,01,23152,A,M,C,C,A,A,H,-,C,A,0,,,,,Y,Y,D,22,0,0,3,0,0,0,0,0,0,"- ","- ",33.184559999999998,-118.29675,"LOS ANGELES",UNINCORPORATED,-118.25368084999999,33.902784840000002
5497905,2012,2013-09-17,9590,2012-01-26,2340,019110,,4,3,7,1942,0,1,1,,2,010,"RT 110","ALPINE ST",20.00,S,N,A,-,Y,LA,7,110,-,-,23.960,H,-,N,Y,3,0,1,1,A,-,01,23152,A,N,E,I,A,A,H,-,C,D,1,,,,,Y,Y,D,22,0,1,0,0,0,0,0,0,0,"- ","- ",34.064680000000003,-118.24572999999999,"LOS ANGELES","LOS ANGELES",-118.2442454,34.064995340000003
5500859,2012,2013-07-12,1942,2012-02-08,1515,37731,1249,3,5,7,1942,0,0,0,L,0,5T25,"GAGE AV","FIGUEROA ST",555.00,W,N,A,-,N,,,,,,,,,,Y,4,0,1,2,A,-,01,23152,A,F,C,C,A,A,H,-,A,D,0,,,,,Y,Y,A,01,0,0,1,0,0,0,0,0,0,"- ","- ",,,"LOS ANGELES","LOS ANGELES",-118.28450924000001,33.982369329999997
5502440,2012,2013-07-20,1941,2012-02-04,2035,1921,,6,5,7,1941,0,0,0,,0,,"SOUTH ST","LEWIS AV",0.00,,Y,A,-,N,,,,,,,,,,Y,3,0,3,3,A,-,08,22107,,N,D,C,A,A,H,-,C,A,0,,,,,Y,Y,A,,0,1,2,0,0,0,0,0,0,"- ","- ",,,"LOS ANGELES","LONG BEACH",-118.1800822,33.860094850000003
5502780,2012,2013-06-22,1942,2012-01-29,1755,40502,1494,7,5,7,1942,0,0,0,N,0,14X68,"SEPULVEDA BL","CENTURY BL",500.00,S,N,A,-,N,,,,,,,,,,Y,4,0,1,2,A,-,01,23152,A,N,C,C,A,A,H,-,C,D,0,,,,,Y,Y,A,01,0,0,1,0,0,0,0,0,0,"- ","- ",,,"LOS ANGELES","LOS ANGELES",-118.39630219999999,33.943334069999999
5502994,2012,2013-07-16,1942,2012-02-12,0245,39083,1512,7,5,7,1942,0,0,0,O,0,15A39,"COLDWATER CANYON","SHERMAN WAY",200.00,S,N,A,-,N,,,,,,,,,,Y,3,0,2,2,A,-,01,23152,A,F,D,C,A,A,H,-,C,D,0,,,,,Y,Y,A,01,0,1,1,0,0,0,0,0,0,"- ","- ",,,"LOS ANGELES","LOS ANGELES",-118.41382265,34.200646380000002
5503495,2012,2013-07-18,1942,2012-02-08,1155,39576,1708,3,5,7,1942,0,0,0,Q,0,21TL62,"RINALDI ST","HAYVENHURST AV",15.00,W,N,A,-,N,,,,,,,,,,Y,4,0,1,2,A,-,01,23152,A,N,C,C,A,A,H,-,A,A,0,,,,,Y,Y,A,01,0,0,1,0,0,0,0,0,0,"- ","- ",,,"LOS ANGELES","LOS ANGELES",-118.49346180000001,34.279225969999999
5503628,2012,2013-09-16,9550,2012-01-23,0020,16761,,1,3,9,1900,0,1,1,,2,650,"RT 605","PECK RD",125.00,N,N,A,-,Y,LA,7,605,-,R,16.670,H,-,N,Y,4,0,1,2,A,-,01,23152,A,N,B,C,A,A,H,-,D,D,1,,,,,Y,Y,A,01,0,0,1,0,0,0,0,0,0,"- ","- ",34.028230000000001,-118.03534999999999,"LOS ANGELES",UNINCORPORATED,-118.03777151,34.027093899999997
5504636,2012,2013-09-17,1900,2012-01-24,0216,507736,1016,2,5,3,1995,0,0,0,,0,101A,"RT 1","CARBON CANYON RD",2640.00,S,N,A,-,Y,LA,7,1,-,-,44.460,H,-,N,Y,3,0,1,4,A,-,07,21658,A,F,C,E,A,-,H,-,C,D,0,,,,,Y,Y,A,01,0,1,0,0,0,0,0,0,0,"- ","- ",,,"LOS ANGELES",MALIBU,-118.64150220000001,34.03802486
5506795,2012,2013-07-10,1942,2012-02-11,0055,35161,2044,6,5,7,1942,0,0,0,,0,20A69,"IROLO ST","JAMES M. WOOD BL",15.00,N,N,B,-,N,,,,,,,,,,N,3,0,3,2,A,-,01,23152,A,N,F,C,A,A,H,-,C,D,0,,,,,Y,Y,A,01,0,1,2,0,0,0,0,0,0,"- ","- ",,,"LOS ANGELES","LOS ANGELES",-118.30091242,34.055925989999999
5507128,2012,2013-06-26,1942,2012-01-31,2120,40577,745,2,5,7,1942,0,0,0,,0,7L90,"COCHRAN AV","OLYMPIC BL",0.00,,Y,A,-,N,,,,,,,,,,N,4,0,2,2,A,-,12,21453,A,N,D,C,A,A,H,-,C,A,0,,,,,Y,Y,A,01,0,0,2,0,0,0,0,0,0,"- ","- ",,,"LOS ANGELES","LOS ANGELES",-118.34911225,34.057284899999999
5508164,2012,2013-09-10,9565,2012-01-18,2035,019362,,3,2,9,1900,0,1,1,,2,063,"RT 405","WILSHIRE BL",150.00,S,N,A,-,Y,LA,7,405,-,-,31.384,R,2,S,Y,4,0,1,1,A,-,01,23152,A,N,E,I,A,A,H,-,C,D,1,,,,,Y,Y,A,01,0,0,1,0,0,0,0,0,0,"- ","- ",34.054139999999997,-118.45226,"LOS ANGELES",UNINCORPORATED,-118.44964217,34.051904880000002