CASE_ID,ACCIDENT_YEAR,PROC_DATE,JURIS,COLLISION_DATE,COLLISION_TIME,OFFICER_ID,REPORTING_DISTRICT,DAY_OF_WEEK,CHP_SHIFT,POPULATION,CNTY_CITY_LOC,SPECIAL_COND,BEAT_TYPE,CHP_BEAT_TYPE,CITY_DIVISION_LAPD,CHP_BEAT_CLASS,BEAT_NUMBER,PRIMARY_RD,SECONDARY_RD,DISTANCE,DIRECTION,INTERSECTION,WEATHER_1,WEATHER_2,STATE_HWY_IND,CALTRANS_COUNTY,CALTRANS_DISTRICT,STATE_ROUTE,ROUTE_SUFFIX,POSTMILE_PREFIX,POSTMILE,LOCATION_TYPE,RAMP_INTERSECTION,SIDE_OF_HWY,TOW_AWAY,COLLISION_SEVERITY,NUMBER_KILLED,NUMBER_INJURED,PARTY_COUNT,PRIMARY_COLL_FACTOR,PCF_CODE_OF_VIOL,PCF_VIOL_CATEGORY,PCF_VIOLATION,PCF_VIOL_SUBSECTION,HIT_AND_RUN,TYPE_OF_COLLISION,MVIW,PED_ACTION,ROAD_SURFACE,ROAD_COND_1,ROAD_COND_2,LIGHTING,CONTROL_DEVICE,CHP_ROAD_TYPE,PEDESTRIAN_ACCIDENT,BICYCLE_ACCIDENT,MOTORCYCLE_ACCIDENT,TRUCK_ACCIDENT,NOT_PRIVATE_PROPERTY,ALCOHOL_INVOLVED,STWD_VEHTYPE_AT_FAULT,CHP_VEHTYPE_AT_FAULT,COUNT_SEVERE_INJ,COUNT_VISIBLE_INJ,COUNT_COMPLAINT_PAIN,COUNT_PED_KILLED,COUNT_PED_INJURED,COUNT_BICYCLIST_KILLED,COUNT_BICYCLIST_INJURED,COUNT_MC_KILLED,COUNT_MC_INJURED,PRIMARY_RAMP,SECONDARY_RAMP,LATITUDE,LONGITUDE,COUNTY,CITY,POINT_X,POINT_Y
5542515,2012,2014-04-14,9550,2012-03-10,1615,19179,,6,2,9,1900,0,3,5,,2,002,"MEYER RD","BEATY AV",0.00,,Y,A,-,N,,,,,,,,,,Y,1,1,1,2,A,-,09,21801,A,N,D,C,A,A,H,-,A,A,0,,,Y,,Y,Y,A,01,0,1,0,0,0,0,0,1,0,"- ","- ",33.924570000000003,-118.04508,"LOS ANGELES",UNINCORPORATED,-118.04516215,33.924544859999997
5543392,2012,2013-07-24,1941,2012-03-12,0227,5307,,1,5,7,1941,0,0,0,,0,,"STANLEY AV","ANAHEIM ST",80.00,S,N,A,-,N,,,,,,,,,,Y,4,0,1,2,A,-,03,22350,,N,A,C,A,A,H,-,C,D,0,,,,,Y,Y,A,,0,0,1,0,0,0,0,0,0,"- ","- ",,,"LOS ANGELES","LONG BEACH",-118.16224563999999,33.78238554
5543967,2012,2013-07-29,1942,2012-03-23,1120,38859,1431,5,5,7,1942,0,0,0,N,0,14TL52,"MARKET ST","MAIN ST",0.00,,Y,A,-,N,,,,,,,,,,Y,4,0,1,2,A,-,01,23152,A,N,D,C,A,A,H,-,A,A,0,,,,,Y,Y,A,01,0,0,1,0,0,0,0,0,0,"- ","- ",,,"LOS ANGELES","LOS ANGELES",-118.47175223000001,33.988924900000001
5544186,2012,2013-07-22,1942,2012-03-18,2040,40302,1485,7,5,7,1942,0,0,0,N,0,14A76,"EMERSON ST","86TH PL",18.00,S,N,A,G,N,,,,,,,,,,Y,3,0,1,2,A,-,01,23152,A,F,B,E,A,A,H,-,C,D,0,,,,,Y,Y,-,99,0,1,0,0,0,0,0,0,0,"- ","- ",,,"LOS ANGELES","LOS ANGELES",-118.40438220999999,33.959245469999999
5544422,2012,2013-09-20,1942,2012-03-02,2320,40065,1907,5,5,7,1942,0,0,0,,0,16T23,"MACLAY ST","FOOTHILL BL",380.00,E,N,A,-,Y,LA,7,210,-,R,4.816,R,4,E,Y,3,0,1,1,A,-,01,23152,A,N,E,I,A,A,H,-,C,D,0,,,,,Y,Y,A,01,0,1,0,0,0,0,0,0,0,"- ","- ",,,"LOS ANGELES","LOS ANGELES",-118.42227217999999,34.301784910000002
5544449,2012,2013-07-31,1942,2012-03-17,0210,39477,0914,6,5,7,1942,0,0,0,I,0,9T53,"VANOWEN ST","VESPER AV",40.00,W,N,C,-,N,,,,,,,,,,Y,4,0,1,5,A,-,01,23152,A,N,B,E,A,B,H,-,C,D,0,,,,,Y,Y,A,08,0,0,1,0,0,0,0,0,0,"- ","- ",,,"LOS ANGELES","LOS ANGELES",-118.45105422,34.193921930000002
5545619,2012,2013-07-08,9545,2012-02-17,2218,18489,,5,3,9,1900,0,3,5,,2,004,"90TH ST EAST","GRAPHIC AV",94.00,N,N,A,-,N,,,,,,,,,,Y,3,0,1,1,A,-,01,23152,A,M,E,I,A,A,H,-,D,D,0,,,,,Y,Y,A,01,0,1,0,0,0,0,0,0,0,"- ","- ",,,"LOS ANGELES",UNINCORPORATED,-117.96978597,34.556600529999997
5545854,2012,2013-07-27,1942,2012-03-24,0330,39778,"LOS A",6,5,7,1942,0,0,0,,0,0331,"HARCOURT AV",ADAMS,300.00,S,N,A,-,N,,,,,,,,,,N,3,0,1,2,A,-,01,23152,A,N,A,E,A,A,H,-,C,D,0,,,,,Y,Y,A,01,0,1,0,0,0,0,0,0,0,"- ","- ",,,"LOS ANGELES","LOS ANGELES",-118.3464895,34.03180545
5546003,2012,2013-07-26,1942,2012-03-21,0005,40065,1531,3,5,7,1942,0,0,0,O,0,16T25,"WHITSETT AV","OXNARD ST",0.00,,Y,A,-,N,,,,,,,,,,Y,3,0,1,2,A,-,12,21453,A,N,D,C,A,A,H,-,C,A,0,,,,,Y,Y,-,"- ",0,1,0,0,0,0,0,0,0,"- ","- ",,,"LOS ANGELES","LOS ANGELES",-118.4052623,34.179404900000002
5546140,2012,2013-08-05,1942,2012-03-28,2130,39262,2005,3,5,7,1942,0,0,0,,0,76T23,"BEVERLY BL","KINGSLEY DR",40.00,W,N,B,-,N,,,,,,,,,,Y,4,0,2,3,A,-,01,23152,A,N,C,C,A,A,H,-,C,A,0,,,,,Y,Y,A,01,0,0,2,0,0,0,0,0,0,"- ","- ",,,"LOS ANGELES","LOS ANGELES",-118.30364401999999,34.076273229999998
5546145,2012,2013-09-30,9575,2012-03-22,0110,17414,,4,3,7,1942,0,1,3,,2,043,"RT 134","RIVERSIDE DR",600.00,W,N,A,-,Y,LA,7,134,-,-,4.700,H,-,E,Y,3,0,1,1,A,-,01,23152,A,N,E,I,A,A,H,-,D,D,1,,,,,Y,Y,A,01,0,1,0,0,0,0,0,0,0,"- ","- ",34.156149999999997,-118.30082,"LOS ANGELES","LOS ANGELES",-118.29854798,34.155837050000002
5547751,2012,2013-08-13,1942,2012-04-02,1740,37700,1424,1,5,7,1942,0,0,0,N,0,6TL4,"CENTINELLA AV","WOODBINE AV",0.00,,Y,A,-,N,,,,,,,,,,Y,3,0,4,2,A,-,01,23152,A,N,C,C,A,A,H,-,A,D,0,,,,,Y,Y,A,01,0,1,3,0,0,0,0,0,0,"- ","- ",,,"LOS ANGELES","LOS ANGELES",-118.44005228,34.01214487
5549888,2012,2013-08-14,1942,2012-03-20,2030,40065,1621,2,5,7,1942,0,0,0,P,0,16T25,"VAN NUYS BL","REMICK AV",45.00,E,N,A,-,N,,,,,,,,,,N,3,0,1,2,A,-,11,21956,A,N,G,B,D,A,H,-,C,D,0,Y,,,,Y,Y,N,60,0,1,0,0,1,0,0,0,0,"- ","- ",,,"LOS ANGELES","LOS ANGELES",-118.43367087,34.257646630000004
5549946,2012,2013-08-08,1900,2012-03-09,2125,502210,0627,5,5,6,1985,0,0,0,,0,63T1,"NEWHALL AV","RACE ST",213.00,E,N,A,-,N,,,,,,,,,,Y,4,0,3,2,A,-,01,23152,A,N,C,C,A,A,H,-,C,A,0,,,,,Y,Y,A,07,0,0,3,0,0,0,0,0,0,"- ","- ",,,"LOS ANGELES","SANTA CLARITA",-118.51969800000001,34.373589000000003
5551116,2012,2013-08-08,9535,2012-03-10,0330,019798,,6,3,9,1900,0,2,4,,2,021,"FORD BL","4TH ST",175.00,N,N,A,-,N,,,,,,,,,,Y,3,0,1,2,A,-,01,23152,A,N,C,E,A,A,H,-,C,D,0,,,,,Y,Y,A,01,0,1,0,0,0,0,0,0,0,"- ","- ",34.032139999999998,-118.16895,"LOS ANGELES",UNINCORPORATED,-118.169156,34.031974689999998
5554195,2012,2013-08-09,1942,2012-03-25,0215,40821,VNYS,7,5,7,1942,0,0,0,,0,9A5,"VANOWEN ST","FIRMAMENT AV",0.00,,Y,A,-,N,,,,,,,,,,Y,2,0,1,5,A,-,03,22350,,N,C,E,A,A,H,-,C,D,0,,,,,Y,Y,D,22,1,0,0,0,0,0,0,0,0,"- ","- ",,,"LOS ANGELES","LOS ANGELES",-118.47290225,34.193884920000002
5554866,2012,2013-07-19,1900,2012-02-25,2242,443242,1348,6,5,3,1903,0,0,0,,0,134T4,"PIONEER BL","ASHWORTH ST",20.00,N,N,A,-,N,,,,,,,,,,Y,3,0,1,2,A,-,03,22350,,N,C,C,A,A,H,-,C,A,0,,,,,Y,Y,A,08,0,1,0,0,0,0,0,0,0,"- ","- ",,,"LOS ANGELES",ARTESIA,-118.08228214,33.868519689999999
5555359,2012,2013-10-03,9580,2012-03-24,0300,18718,,6,3,7,1942,0,1,2,,2,100,"RT 101","LAUREL CANYON BL",100.00,S,N,A,-,Y,LA,7,101,-,-,12.830,H,-,N,Y,3,0,2,1,A,-,01,23152,A,N,E,I,A,A,H,-,D,D,1,,,,,Y,Y,A,01,0,1,1,0,0,0,0,0,0,"- ","- ",34.15448,-118.39643,"LOS ANGELES","LOS ANGELES",-118.39610564,34.154504920000001
5555400,2012,2013-09-23,1928,2012-03-17,2012,378,503,6,5,5,1928,0,0,0,,0,002,"EL SEGUNDO BL","WASHINGTON AV",0.00,,Y,B,-,N,,,,,,,,,,Y,4,0,1,2,A,-,01,23152,,N,C,C,A,A,H,-,C,A,0,,,,,Y,Y,A,01,0,0,1,0,0,0,0,0,0,"- ","- ",,,"LOS ANGELES",HAWTHORNE,-118.34949229,33.916444890000001
5555737,2012,2013-10-07,9590,2012-03-29,2035,18584,,4,2,7,1942,0,1,1,,2,083,"RT 5","PASADENA AV",300.00,N,N,A,-,Y,LA,7,5,-,-,19.920,H,-,S,Y,4,0,2,3,A,-,01,23152,A,N,B,C,A,A,H,-,C,D,1,,,,,Y,Y,A,01,0,0,2,0,0,0,0,0,0,"- ","- ",34.076000000000001,-118.21951,"LOS ANGELES","LOS ANGELES",-118.21953734,34.074385900000003
5556072,2012,2013-09-17,1942,2012-01-21,0230,38394,0514,6,5,7,1942,0,0,0,E,0,5A55,"PACIFIC COAST HWY","FIGUEROA ST",33.00,E,N,C,-,Y,LA,7,1,-,-,11.550,H,-,N,Y,4,0,2,2,A,-,04,21703,,N,C,C,A,B,-,-,C,A,0,,,,,Y,Y,A,01,0,0,2,0,0,0,0,0,0,"- ","- ",,,"LOS ANGELES","LOS ANGELES",-118.28100547,33.790470089999999
5556190,2012,2014-01-22,1942,2012-03-12,0315,37800,0919,1,5,7,1942,0,0,0,I,0,21T63,"VANOWEN ST","WOODMAN AV",0.00,,N,A,-,N,,,,,,,,,,Y,4,0,4,2,A,-,01,23152,A,F,B,C,A,A,H,-,C,D,0,,,,,Y,Y,A,07,0,0,4,0,0,0,0,0,0,"- ","- ",,,"LOS ANGELES","LOS ANGELES",-118.43125227,34.193944930000001
5556271,2012,2013-10-09,9545,2012-01-27,0108,18353,,5,3,9,1900,0,1,3,,2,031,"RT 14","CROWN VALLEY RD",1056.00,S,N,A,-,Y,LA,7,14,-,R,48.380,H,-,N,Y,4,0,1,1,A,-,01,23152,A,N,E,I,A,A,H,-,D,D,1,,,,,Y,Y,A,01,0,0,1,0,0,0,0,0,0,"- ","- ",,,"LOS ANGELES",UNINCORPORATED,-118.20322170999999,34.49093002
5556277,2012,2013-06-14,1942,2012-01-21,0140,38050,0192,6,5,7,1942,0,0,0,A,0,13T53,"18TH ST","HILL ST",40.00,E,N,C,-,N,,,,,,,,,,Y,3,0,1,1,A,-,01,23152,A,N,E,I,A,B,H,-,C,D,0,,,,,Y,Y,A,01,0,1,0,0,0,0,0,0,0,"- ","- ",,,"LOS ANGELES","LOS ANGELES",-118.26564259,34.033203960000002
5556409,2012,2013-10-11,9575,2012-03-04,1500,19410,,7,2,6,1953,0,1,1,,2,064,"RT 210","LAKE AV",50.00,W,N,A,-,Y,LA,7,210,-,R,26.320,H,-,W,Y,3,0,1,2,A,-,07,21658,A,M,C,C,A,A,H,-,A,D,1,,,Y,,Y,Y,A,01,0,1,0,0,0,0,0,0,0,"- ","- ",34.151989999999998,-118.13257,"LOS ANGELES",PASADENA,-118.13239212000001,34.151964909999997
5559829,2012,2013-07-27,9550,2012-03-23,1850,019120,,5,2,9,1900,0,2,4,,1,051,"FULLERTON RD","COLIMA RD",20.00,S,N,A,-,N,,,,,,,,,,Y,4,0,1,2,A,-,01,23152,A,N,A,C,A,A,H,-,A,A,0,,,,,Y,Y,A,01,0,0,1,0,0,0,0,0,0,"- ","- ",33.98847,-117.9057,"LOS ANGELES",UNINCORPORATED,-117.90569862,33.988350310000001
5559990,2012,2013-10-02,9535,2012-03-09,0445,19341,,5,3,9,1900,0,3,5,,2,006,"RT 164","SAN GABRIEL BL",0.00,,Y,A,-,Y,LA,7,164,-,-,2.410,I,5,S,Y,3,0,1,2,A,-,01,23152,A,N,D,C,A,-,H,-,C,A,0,,,,,Y,Y,A,01,0,1,0,0,0,0,0,0,0,"- ","- ",34.142000000000003,-118.45,"LOS ANGELES",UNINCORPORATED,-118.06811209999999,34.028574900000002
5560369,2012,2013-08-08,1976,2012-03-17,2135,886,,6,5,3,1964,0,0,0,,0,,"GLENWORTH ST","PIONEER BL",240.00,W,N,B,-,N,,,,,,,,,,Y,4,0,1,2,A,-,01,23152,A,N,D,C,A,B,H,-,C,D,0,,,,,Y,Y,A,01,0,0,1,0,0,0,0,0,0,"- ","- ",,,"LOS ANGELES","SANTA FE SPRINGS",-118.082942,33.939860000000003
5561090,2012,2013-10-31,1941,2012-03-25,0651,10229,,7,5,7,1941,0,0,0,,0,,"PACIFIC COAST HWY","NEWPORT AV",60.00,E,N,A,-,Y,LA,7,1,-,-,4.060,H,-,S,Y,4,0,1,1,A,-,12,21453,A,N,E,I,A,A,H,-,A,A,0,,,,,Y,Y,A,,0,0,1,0,0,0,0,0,0,"- ","- ",,,"LOS ANGELES","LONG BEACH",-118.149936,33.789790009999997
5574078,2012,2013-10-02,9590,2012-03-31,2305,19780,,6,3,7,1942,0,1,1,,2,013,"RT 110","AVENUE 52",480.00,S,N,B,-,Y,LA,7,110,-,-,27.960,H,-,S,Y,3,0,1,2,A,-,01,23152,A,N,B,C,A,B,H,-,C,D,1,,,,,Y,Y,A,07,0,1,0,0,0,0,0,0,0,"- ","- ",34.101819999999996,-118.19667,"LOS ANGELES","LOS ANGELES",-118.19830315999999,34.102553569999998
5576145,2012,2013-08-07,1942,2012-03-17,2230,38727,1844,6,5,7,1942,0,0,0,R,0,18E15,"AVALON BL","113TH ST",0.00,,Y,C,-,N,,,,,,,,,,N,4,0,1,3,A,-,03,22350,,N,B,C,A,B,-,-,C,A,0,,,,,Y,Y,A,07,0,0,1,0,0,0,0,0,0,"- ","- ",,,"LOS ANGELES","LOS ANGELES",-118.26516225,33.931954920000003
5577176,2012,2013-10-04,1934,2012-02-04,0214,533,,6,5,1,1934,0,0,0,,0,002,"IRWINDALE AV","RT 210",0.00,,Y,A,-,Y,LA,7,210,-,R,38.009,R,4,E,Y,4,0,1,2,A,-,01,23152,A,N,C,C,A,A,H,-,C,A,0,,,,,Y,Y,A,08,0,0,1,0,0,0,0,0,0,"- ",EF,,,"LOS ANGELES",IRWINDALE,-117.92961208,34.130584919999997
5577561,2012,2014-02-03,9525,2012-04-14,0032,18366,,6,3,4,1938,0,1,1,,2,208,"RT 210","EMERALD AV",15.00,W,N,B,-,Y,LA,7,210,-,R,47.710,H,-,E,Y,4,0,1,2,A,-,03,22350,,M,C,C,A,A,H,-,D,D,1,,,,Y,Y,Y,A,01,0,0,1,0,0,0,0,0,0,"- ","- ",34.119529999999997,-117.76831,"LOS ANGELES","LA VERNE",-117.76591297,34.11951998
5577807,2012,2013-08-17,9525,2012-04-19,0040,16830,,4,3,9,1900,0,3,5,,2,002,"GLENDORA AV","CALORA AV",74.00,S,N,A,-,N,,,,,,,,,,Y,4,0,1,2,A,-,08,22107,,M,E,I,A,A,H,-,C,D,0,,,,,Y,Y,A,01,0,0,1,0,0,0,0,0,0,"- ","- ",34.104500000000002,-117.86376,"LOS ANGELES",UNINCORPORATED,-117.86386213,34.104302029999999
5577904,2012,2013-11-04,1925,2012-04-09,2359,19931,191,1,5,6,1925,0,0,0,,0,001,"GLENOAKS BL","WESTERN AV",0.00,,Y,A,-,N,,,,,,,,,,,4,0,2,2,A,-,01,23152,A,N,A,C,A,A,H,-,C,A,0,,,,,Y,Y,-,"- ",0,0,2,0,0,0,0,0,0,"- ","- ",,,"LOS ANGELES",GLENDALE,-118.28977224,34.17103487
5579392,2012,2013-08-19,1900,2012-04-16,2150,464912,0642,1,5,6,1985,0,0,0,,0,60T2P,"SECO CANYON RD","GARZOTA DR",0.00,,Y,A,-,N,,,,,,,,,,Y,4,0,1,2,A,-,09,21801,A,N,A,C,A,A,H,-,C,A,0,,,,,Y,Y,D,22,0,0,1,0,0,0,0,0,0,"- ","- ",,,"LOS ANGELES","SANTA CLARITA",-118.53284228,34.43752491
5580073,2012,2013-10-08,9580,2012-03-24,2245,20153,,6,3,7,1942,0,1,1,,2,404,"RT 405","VICTORY BL",300.00,N,N,A,-,Y,LA,7,405,-,-,41.402,R,2,N,Y,3,0,3,2,A,-,01,23152,A,F,A,C,A,A,H,-,C,D,1,,,,,Y,Y,A,01,0,2,1,0,0,0,0,0,0,TO,"- ",34.187480000000001,-118.47369999999999,"LOS ANGELES","LOS ANGELES",-118.47378218,34.185484889999998
5580336,2012,2013-08-24,1928,2012-04-05,0219,364,H516,4,5,5,1928,0,0,0,,0,0H3,"HAWTHORN BL","ROSECRANS AV",0.00,,Y,A,-,N,,,,,,,,,,Y,4,0,1,2,A,-,01,23152,A,F,D,C,A,A,H,-,C,A,0,,,,,Y,Y,A,01,0,0,1,0,0,0,0,0,0,"- ","- ",,,"LOS ANGELES",HAWTHORNE,-118.35277000000001,33.901919999999997
5580680,2012,2013-08-01,1900,2012-03-21,0330,526684,2619,3,5,6,1950,0,0,0,,0,263T1,"10TH ST WEST","AUTO CENTER DR",0.00,,Y,A,-,N,,,,,,,,,,N,4,0,1,2,A,-,10,21950,A,M,G,B,B,A,H,-,C,A,0,Y,,,,Y,Y,A,01,0,0,1,0,1,0,0,0,0,"- ","- ",,,"LOS ANGELES",PALMDALE,-118.14753229999999,34.591485030000001
5580711,2012,2013-10-21,9575,2012-03-29,1455,20002,,4,2,9,1900,0,1,1,,2,053,"RT 5","SHELDON ST",400.00,N,N,A,-,Y,LA,7,5,-,-,36.080,H,-,N,Y,3,0,1,3,A,-,01,23152,A,N,C,C,A,A,H,-,A,D,1,,,,,Y,Y,A,01,0,1,0,0,0,0,0,0,0,"- ","- ",34.232010000000002,-118.40711,"LOS ANGELES",UNINCORPORATED,-118.40605782,34.232043900000001
5580890,2012,2013-10-15,9525,2012-03-23,2330,18505,,5,3,6,1955,0,1,1,,2,107,"RT 10","THE MALL",150.00,E,N,A,-,Y,LA,7,10,-,-,40.510,H,-,W,Y,4,0,1,2,A,-,01,23152,A,N,B,C,A,A,H,-,D,D,1,,,,,Y,Y,A,01,0,0,1,0,0,0,0,0,0,"- ","- ",34.069200000000002,-117.83843,"LOS ANGELES",POMONA,-117.83994039,34.06896768
5581126,2012,2013-08-02,1947,2012-03-11,0329,1385,,7,5,5,1947,0,0,0,,0,00B,"12TH ST","WHITTIER BL",178.00,N,N,A,-,N,,,,,,,,,,Y,4,0,1,3,A,-,01,23152,A,N,B,E,A,A,H,-,C,D,0,,,,,Y,Y,A,,0,0,1,0,0,0,0,0,0,"- ","- ",,,"LOS ANGELES",MONTEBELLO,-118.11281034,34.011528400000003
5581624,2012,2013-08-09,1962,2012-03-31,2034,103,1962,6,5,4,1962,0,0,0,,0,025,"DEL MAR AV","COMMERCIAL CENTER",57.00,S,N,C,-,N,,,,,,,,,,Y,3,0,2,3,A,-,01,23152,A,N,D,C,A,B,H,-,C,A,0,,,,,Y,Y,A,01,0,2,0,0,0,0,0,0,0,"- ","- ",,,"LOS ANGELES","SAN GABRIEL",,
5582738,2012,2013-07-30,1905,2012-03-30,1529,1138,444,5,5,4,1905,0,0,0,,0,061,"ARROW HWY","CITRUS AV",427.00,W,N,A,-,N,,,,,,,,,,N,2,0,1,2,A,-,09,21804,A,N,D,C,A,A,H,-,A,D,0,,,Y,,Y,Y,A,07,1,0,0,0,0,0,0,0,1,"- ","- ",,,"LOS ANGELES",AZUSA,-117.89169938000001,34.106824889999999
5582923,2012,2013-08-24,1942,2012-04-04,0450,40163,1543,3,5,7,1942,0,0,0,O,0,9T53,"WHITSETT AV","BURBANK BL",100.00,S,N,A,-,N,,,,,,,,,,Y,3,0,1,2,A,-,01,23152,A,N,C,E,A,A,H,-,D,D,0,,,,,Y,Y,A,07,0,1,0,0,0,0,0,0,0,"- ","- ",,,"LOS ANGELES","LOS ANGELES",-118.40526222,34.171850579999997
5582959,2012,2013-08-24,1942,2012-04-03,2140,38687,904,2,5,7,1942,0,0,0,,0,19T73,"SHERMAN WAY","SEPULVEDA BL",800.00,E,N,A,-,N,,,,,,,,,,Y,4,0,1,2,A,-,01,23152,A,F,B,C,A,A,H,-,C,D,0,,,,,Y,Y,A,01,0,0,1,0,0,0,0,0,0,"- ","- ",,,"LOS ANGELES","LOS ANGELES",-118.4635615,34.20113138
5584182,2012,2013-07-20,9540,2012-03-31,0157,019590,,6,3,9,1900,0,3,5,,2,200,"SAND CANYON RD","THOMPSON RANCH DR",1205.00,W,N,A,-,N,,,,,,,,,,Y,3,0,1,1,A,-,01,23152,A,N,E,I,A,A,H,-,D,D,0,,,,,Y,Y,D,22,0,1,0,0,0,0,0,0,0,"- ","- ",34.435070000000003,-118.41771,"LOS ANGELES",UNINCORPORATED,,
5584818,2012,2013-08-29,1912,2012-04-16,2018,12791,,1,5,6,1912,0,0,0,,0,,"GLENOAKS BL","CYPRESS AV",174.00,N,N,A,-,N,,,,,,,,,,Y,4,0,1,2,A,-,01,23153,A,N,C,C,A,A,H,-,C,A,0,,,,,Y,Y,A,01,0,0,1,0,0,0,0,0,0,"- ","- ",34.111269999999998,-118.18409,"LOS ANGELES",BURBANK,-118.31162044,34.18710325
5584968,2012,2013-08-16,1965,2012-04-14,1610,3280,,6,5,5,1965,0,0,0,,0,,"WILSHIRE BL","20TH ST",186.00,E,N,A,-,N,,,,,,,,,,Y,3,0,2,5,A,-,01,23152,A,N,C,E,A,A,H,-,A,A,0,,,,,Y,Y,A,07,0,1,1,0,0,0,0,0,0,"- ","- ",,,"LOS ANGELES","SANTA MONICA",-118.48273620000001,34.031733350000003
5585000,2012,2013-08-16,1975,2012-04-01,0207,288,,7,5,6,1975,0,0,0,,0,002,"CORTEZ AV","ACACIA AV",10.00,W,N,A,-,N,,,,,,,,,,Y,2,0,2,2,A,-,01,23152,A,F,E,I,A,B,H,-,C,D,0,,,,,Y,Y,-,"- ",1,1,0,0,0,0,0,0,0,"- ","- ",,,"LOS ANGELES","WEST COVINA",-117.89125503,34.064576170000002
5585670,2012,2014-02-03,9535,2012-04-08,2025,19982,,7,2,5,1969,0,1,1,,2,075,"RT 710","IMPERIAL HWY",1200.00,N,N,A,-,Y,LA,7,710,-,-,17.250,H,-,S,Y,3,0,2,1,A,-,08,22107,,N,E,I,A,A,H,-,C,D,1,,,,,Y,Y,A,07,0,2,0,0,0,0,0,0,0,"- ","- ",33.934480000000001,-118.1772,"LOS ANGELES","SOUTH GATE",-118.17665842,33.93484995
5585771,2012,2013-09-27,9535,2012-03-10,0055,20167,,6,3,5,1969,0,1,1,,2,074,"RT 710","LA RIVER",20.00,S,N,A,-,Y,LA,7,710,-,-,17.340,H,-,N,Y,3,0,1,1,A,-,01,23152,A,N,E,I,A,A,H,-,D,D,1,,,,,Y,Y,A,01,0,1,0,0,0,0,0,0,0,"- ","- ",33.935070000000003,-118.17603,"LOS ANGELES","SOUTH GATE",-118.17464526000001,33.936056219999998
5586161,2012,2014-02-25,9590,2012-04-04,0200,18538,,3,3,7,1942,0,1,1,,2,083,"RT 5","FIGUEROA ST",76.00,S,N,A,-,Y,LA,7,5,-,-,20.770,H,-,S,Y,4,0,1,1,A,-,01,23152,A,N,E,I,A,A,H,-,C,D,1,,,,,Y,Y,A,01,0,0,1,0,0,0,0,0,0,"- ","- ",34.082859999999997,-118.22763999999999,"LOS ANGELES","LOS ANGELES",-118.22883997,34.083463600000002
5586197,2012,2014-02-25,9590,2012-04-08,0201,20081,,7,3,7,1942,0,1,1,,2,041,"RT 5","LORENA ST",10.00,S,N,A,-,Y,LA,7,5,-,-,15.650,H,-,S,Y,3,0,3,2,A,-,01,23152,A,N,A,C,A,A,H,-,C,D,1,,,,,Y,Y,A,01,0,2,1,0,0,0,0,0,0,"- ","- ",34.024120000000003,-118.20314,"LOS ANGELES","LOS ANGELES",-118.2030267,34.024239590000001
5587506,2012,2013-08-24,1941,2012-04-07,2228,6122,,6,5,7,1941,0,0,0,,0,,"EAST OCEAN BL","ORIZABA AV",146.00,E,N,A,-,N,,,,,,,,,,Y,4,0,1,3,A,-,07,21658,A,N,B,E,A,A,H,-,C,D,0,,,,,Y,Y,A,,0,0,1,0,0,0,0,0,0,"- ","- ",,,"LOS ANGELES","LONG BEACH",-118.15748868,33.761952600000001
5587858,2012,2014-01-23,9565,2012-04-02,2030,019507,,1,2,9,1900,0,3,5,,2,002,"VERMONT AV","91ST ST",100.00,N,N,B,-,N,,,,,,,,,,Y,3,0,1,1,A,-,01,23152,A,N,E,I,A,A,H,-,C,D,0,,,,,Y,Y,A,07,0,1,0,0,0,0,0,0,0,"- ","- ",33.953699999999998,-118.29199,"LOS ANGELES",UNINCORPORATED,-118.29194219,33.954839100000001
5588720,2012,2013-10-18,1942,2012-04-22,0020,33260,1361,7,5,7,1942,0,0,0,M,0,4T43,"51ST ST",BROADWAY,54.00,W,N,B,-,N,,,,,,,,,,Y,4,0,1,3,A,-,01,23152,A,N,B,E,A,A,H,-,C,D,0,,,,,Y,Y,A,01,0,0,1,0,0,0,0,0,0,"- ","- ",,,"LOS ANGELES","LOS ANGELES",-118.27850999,33.996485849999999
5589112,2012,2013-11-14,1942,2012-04-22,1925,39493,2125,7,5,7,1942,0,0,0,,0,9T53,"DELANY LN","JORDAN AV",14.00,W,N,A,-,N,,,,,,,,,,Y,3,0,1,1,A,-,01,23152,A,M,E,I,A,A,H,-,A,D,0,,,,,Y,Y,A,01,0,1,0,0,0,0,0,0,0,"- ","- ",,,"LOS ANGELES","LOS ANGELES",-118.602959,34.210639999999998
5591051,2012,2013-11-04,1942,2012-04-19,1608,33937,1806,4,5,7,1942,0,0,0,R,0,,"89TH ST","CENTRAL AV",40.00,E,N,A,-,N,,,,,,,,,,Y,3,0,1,2,A,-,01,23152,A,N,D,E,A,A,H,-,A,D,0,,,,,Y,Y,A,08,0,1,0,0,0,0,0,0,0,"- ","- ",,,"LOS ANGELES","LOS ANGELES",-118.25636172999999,33.955634850000003
5592074,2012,2013-10-15,9550,2012-03-20,1935,18952,,2,2,9,1900,0,1,1,,2,650,"RT 605","RT 60",1000.00,S,N,A,-,Y,LA,7,605,-,R,11.726,H,-,N,Y,2,0,1,2,A,-,01,23152,A,N,E,I,A,A,H,-,D,D,1,,,,,Y,Y,A,01,1,0,0,0,0,0,0,0,0,"- ","- ",34.032449999999997,-118.02866,"LOS ANGELES",UNINCORPORATED,-118.0829221,33.967864890000001
5592869,2012,2013-08-28,1961,2012-04-07,1750,10243,1961,6,5,3,1961,0,0,0,,0,001,"SAN FERNANDO RD","SAN FERNANDO MISSION BL",0.00,,Y,A,-,N,,,,,,,,,,Y,4,0,2,2,A,-,01,23153,A,N,D,D,A,A,H,-,A,A,0,,,,,Y,Y,B,01,0,0,2,0,0,0,0,0,0,"- ","- ",,,"LOS ANGELES","SAN FERNANDO",-118.44296233999999,34.284174960000001