CASE_ID,ACCIDENT_YEAR,PROC_DATE,JURIS,COLLISION_DATE,COLLISION_TIME,OFFICER_ID,REPORTING_DISTRICT,DAY_OF_WEEK,CHP_SHIFT,POPULATION,CNTY_CITY_LOC,SPECIAL_COND,BEAT_TYPE,CHP_BEAT_TYPE,CITY_DIVISION_LAPD,CHP_BEAT_CLASS,BEAT_NUMBER,PRIMARY_RD,SECONDARY_RD,DISTANCE,DIRECTION,INTERSECTION,WEATHER_1,WEATHER_2,STATE_HWY_IND,CALTRANS_COUNTY,CALTRANS_DISTRICT,STATE_ROUTE,ROUTE_SUFFIX,POSTMILE_PREFIX,POSTMILE,LOCATION_TYPE,RAMP_INTERSECTION,SIDE_OF_HWY,TOW_AWAY,COLLISION_SEVERITY,NUMBER_KILLED,NUMBER_INJURED,PARTY_COUNT,PRIMARY_COLL_FACTOR,PCF_CODE_OF_VIOL,PCF_VIOL_CATEGORY,PCF_VIOLATION,PCF_VIOL_SUBSECTION,HIT_AND_RUN,TYPE_OF_COLLISION,MVIW,PED_ACTION,ROAD_SURFACE,ROAD_COND_1,ROAD_COND_2,LIGHTING,CONTROL_DEVICE,CHP_ROAD_TYPE,PEDESTRIAN_ACCIDENT,BICYCLE_ACCIDENT,MOTORCYCLE_ACCIDENT,TRUCK_ACCIDENT,NOT_PRIVATE_PROPERTY,ALCOHOL_INVOLVED,STWD_VEHTYPE_AT_FAULT,CHP_VEHTYPE_AT_FAULT,COUNT_SEVERE_INJ,COUNT_VISIBLE_INJ,COUNT_COMPLAINT_PAIN,COUNT_PED_KILLED,COUNT_PED_INJURED,COUNT_BICYCLIST_KILLED,COUNT_BICYCLIST_INJURED,COUNT_MC_KILLED,COUNT_MC_INJURED,PRIMARY_RAMP,SECONDARY_RAMP,LATITUDE,LONGITUDE,COUNTY,CITY,POINT_X,POINT_Y
5787834,2012,2013-11-22,1900,2012-08-15,1230,475111,2610,3,5,6,1950,0,0,0,,0,264T1,"PALMDALE BL","15TH ST EAST",412.00,W,N,A,-,Y,,,,,,,,,,Y,4,0,2,3,A,-,01,23152,A,N,B,E,A,A,H,-,A,D,0,,,,,Y,Y,A,08,0,0,2,0,0,0,0,0,0,"- ","- ",,,"LOS ANGELES",PALMDALE,-118.10436797,34.579680850000003
5788089,2012,2014-04-30,1913,2012-08-25,2334,3678,65,6,5,4,1913,0,0,0,,0,,"RT 66","CLAREMONT BL",51.00,E,N,A,-,N,,,,,,,,,,N,4,0,3,2,A,-,01,23152,A,N,C,C,A,A,H,-,C,A,0,,,,,Y,Y,-,"- ",0,0,3,0,0,0,0,0,0,"- ","- ",,,"LOS ANGELES",CLAREMONT,-117.70289406000001,34.107004889999999
5788138,2012,2013-11-30,9535,2012-08-04,0245,020157,,6,3,9,1900,0,1,1,,2,420,"RT 10","CITY TERRACE DR",500.00,W,N,A,-,Y,LA,7,10,-,-,19.890,H,-,E,Y,4,0,1,3,A,-,01,23152,A,N,C,C,A,A,H,-,C,D,1,,,,,Y,Y,A,01,0,0,1,0,0,0,0,0,0,"- ","- ",34.055599999999998,-118.1914,"LOS ANGELES",UNINCORPORATED,-118.18933053000001,34.055212760000003
5788139,2012,2013-11-25,1922,2012-08-26,1700,598,,7,5,6,1922,0,0,0,,0,,GARVEY,"MT VIEW",0.00,,Y,A,-,N,,,,,,,,,,N,3,0,1,2,A,-,08,22107,,N,D,C,A,A,H,-,A,A,0,,,,,Y,Y,A,01,0,1,0,0,0,0,0,0,0,"- ","- ",,,"LOS ANGELES","EL MONTE",-118.02185218,34.062824890000002
5789121,2012,2013-11-22,9525,2012-08-24,0135,16830,,5,3,6,1955,0,1,3,,2,572,"RT 57","RT 10",490.00,S,N,A,-,Y,LA,7,57,-,R,7.570,H,-,N,Y,3,0,1,1,A,-,01,23152,A,N,F,A,A,A,H,-,C,D,1,,,,,Y,Y,A,07,0,1,0,0,0,0,0,0,0,"- ","- ",34.062919999999998,-117.80553999999999,"LOS ANGELES",POMONA,-117.80602673999999,34.063403860000001
5789149,2012,2013-11-22,1900,2012-08-19,0015,516545,1320,7,5,5,1935,0,0,0,,0,132T1,"LAKEWOOD BL","DEL AMO BL",0.00,,Y,A,-,N,,,,,,,,,,Y,3,0,1,2,A,-,01,23152,A,M,D,C,A,A,H,-,C,A,0,,,,,Y,Y,A,07,0,1,0,0,0,0,0,0,0,"- ","- ",,,"LOS ANGELES",LAKEWOOD,-118.14278227,33.846674849999999
5789675,2012,2013-11-27,1942,2012-08-05,2020,38687,1921,7,5,7,1942,0,0,0,,0,19T73,"BLEDSOE ST","HADDON AV",60.00,E,N,A,-,N,,,,,,,,,,Y,3,0,3,2,A,-,01,23152,A,F,A,C,A,A,H,-,C,D,0,,,,,Y,Y,A,01,0,1,2,0,0,0,0,0,0,"- ","- ",,,"LOS ANGELES","LOS ANGELES",-118.47023556000001,34.300924109999997
5789690,2012,2013-11-21,1942,2012-08-04,2125,40163,1585,6,5,7,1942,0,0,0,O,0,15T43,"VENTURA BL","ARCH ST",50.00,W,N,A,-,N,,,,,,,,,,N,2,0,1,2,A,-,11,21954,A,N,G,B,D,A,H,-,A,D,0,Y,,,,Y,Y,N,60,1,0,0,0,1,0,0,0,0,"- ","- ",,,"LOS ANGELES","LOS ANGELES",-118.37431715,34.14182486
5789734,2012,2013-11-21,1942,2012-08-04,2135,39477,1967,6,5,7,1942,0,0,0,,0,9T53,"TERRA BELLA ST","CANTERBURY AV",50.00,E,N,A,-,N,,,,,,,,,,Y,3,0,1,3,A,-,01,23152,A,N,C,C,A,A,H,-,C,D,0,,,,,Y,Y,A,07,0,1,0,0,0,0,0,0,0,"- ","- ",,,"LOS ANGELES","LOS ANGELES",-118.43884799999999,34.243325220000003
5789789,2012,2013-11-23,1942,2012-08-11,1055,31000,743,6,5,7,1942,0,0,0,,0,7TL23,"FAIRFAX AV","SAN VICENTE BL",0.00,,Y,A,-,N,,,,,,,,,,Y,4,0,1,2,A,-,01,23152,A,F,D,C,A,A,H,-,A,A,0,,,,,Y,Y,-,99,0,0,1,0,0,0,0,0,0,"- ","- ",,,"LOS ANGELES","LOS ANGELES",-118.36368232,34.058504919999997
5790074,2012,2013-11-19,9525,2012-08-05,0131,16319,,7,3,5,1990,0,1,3,,2,601,"RT 60","GRAND AV",1056.00,W,N,-,-,Y,LA,7,60,-,R,24.250,H,-,W,Y,4,0,1,2,A,-,01,23152,A,N,C,C,A,A,D,-,C,D,1,,,,,Y,Y,A,08,0,0,1,0,0,0,0,0,0,"- ","- ",34.009779999999999,-117.8241,"LOS ANGELES","DIAMOND BAR",-117.82586554,34.007941150000001
5790142,2012,2013-11-30,1942,2012-08-12,2030,38477,1913,7,5,7,1942,0,0,0,,0,15T45,"BLEDSOE ST","BRADLEY AV",30.00,W,N,A,-,N,,,,,,,,,,Y,3,0,4,3,A,-,01,23152,A,N,C,C,A,A,H,-,C,A,0,,,,,Y,Y,A,01,0,1,3,0,0,0,0,0,0,"- ","- ",,,"LOS ANGELES","LOS ANGELES",-118.46277985,34.30759467
5790336,2012,2014-04-15,1929,2012-08-13,1700,178,,1,5,3,1929,0,0,0,,0,003,"PACIFIC COAST HIGHWAY","2ND ST",90.00,S,N,A,-,Y,LA,7,1,-,-,20.720,H,-,N,Y,4,0,3,3,A,-,01,23153,A,N,C,C,A,A,H,-,A,A,0,,,,,Y,Y,A,01,0,0,3,0,0,0,0,0,0,"- ","- ",,,"LOS ANGELES","HERMOSA BEACH",-118.39042799000001,33.855483399999997
5790373,2012,2013-11-23,1942,2012-08-05,2130,40646,0325,7,5,7,1942,0,0,0,C,0,3T5,"ADAMS BL","ELLENDALE PL",81.00,E,N,A,-,N,,,,,,,,,,N,4,0,1,2,A,-,01,23152,A,N,C,C,A,A,H,-,C,A,0,,,,,Y,Y,A,01,0,0,1,0,0,0,0,0,0,"- ","- ",,,"LOS ANGELES","LOS ANGELES",-118.28872536999999,34.03275575
5790819,2012,2014-05-07,1900,2012-08-31,1400,475111,2603,5,5,6,1950,0,0,0,,0,264T1,"RT 138","57TH ST EAST",0.00,,Y,A,-,Y,LA,7,138,-,-,51.601,I,5,W,Y,2,0,2,2,A,-,08,22107,,N,D,C,A,A,H,-,A,D,0,,,,,Y,Y,A,08,1,1,0,0,0,0,0,0,0,"- ","- ",,,"LOS ANGELES",PALMDALE,-118.02759308,34.540900049999998
5791484,2012,2013-11-15,1955,2012-08-09,2047,40906,30,4,5,6,1955,0,0,0,,0,002,"SUMNER AV","SUMNER AV 2900",0.00,,Y,A,-,N,,,,,,,,,,Y,3,0,1,1,A,-,01,23152,A,N,A,I,A,A,H,-,C,D,0,,,,,Y,Y,A,01,0,1,0,0,0,0,0,0,0,"- ","- ",,,"LOS ANGELES",POMONA,-117.74224599999999,34.099007999999998
5791807,2012,2013-09-30,1942,2012-06-21,2305,38817,377,4,5,7,1942,0,0,0,,0,5T21,"BUDLONG AV","38TH ST",0.00,,Y,A,-,N,,,,,,,,,,Y,3,0,3,6,A,-,01,23152,A,N,D,C,A,A,H,-,C,A,0,,,,,Y,Y,A,01,0,3,0,0,0,0,0,0,0,"- ","- ",,,"LOS ANGELES","LOS ANGELES",-118.29588219999999,34.017314849999998
5792446,2012,2013-12-20,1942,2012-10-12,1900,36659,1258,5,5,7,1942,0,0,0,L,0,12T41,"FLORENCE AV","SAN PEDRO ST",350.00,W,N,A,-,N,,,,,,,,,,Y,3,0,5,6,A,-,07,21658,A,N,B,C,A,A,H,-,C,A,0,,,,,Y,Y,A,07,0,1,4,0,0,0,0,0,0,"- ","- ",,,"LOS ANGELES","LOS ANGELES",-118.27072431000001,33.974700009999999
5793608,2012,2013-11-30,1942,2012-09-09,2050,40398,1785,7,5,7,1942,0,0,0,Q,0,10T39,"RESEDA BL","DEARBORN ST",0.00,,Y,A,-,N,,,,,,,,,,Y,2,0,1,2,A,-,01,23152,A,F,G,B,B,A,H,-,C,A,0,Y,,,,Y,Y,D,22,1,0,0,0,1,0,0,0,0,"- ","- ",,,"LOS ANGELES","LOS ANGELES",-118.53610239,34.237304930000001
5793787,2012,2013-12-09,9535,2012-09-27,0010,018468,,4,3,9,1900,0,1,3,,2,600,"RT 60","RT 710",66.00,W,N,A,-,Y,LA,7,60,-,R,3.240,H,-,E,Y,3,0,2,1,A,-,08,22107,,N,F,A,A,A,H,-,C,D,1,,,,,Y,Y,A,07,0,2,0,0,0,0,0,0,0,"- ","- ",34.035429999999998,-118.17088,"LOS ANGELES",UNINCORPORATED,-118.17119928,34.03534011
5794137,2012,2013-10-09,1942,2012-06-23,0220,38394,0811,6,5,7,1942,0,0,0,H,0,20T59,"PALISADES DR","SUNSET BL",2112.00,N,N,B,-,N,,,,,,,,,,Y,3,0,2,1,A,-,03,22350,,N,E,I,A,A,H,-,C,D,0,,,,,Y,Y,A,01,0,2,0,0,0,0,0,0,0,"- ","- ",,,"LOS ANGELES","LOS ANGELES",-118.55267689999999,34.05010687
5795652,2012,2013-11-16,1942,2012-08-08,1305,40911,1341,3,5,7,1942,0,0,0,M,0,13A41,BROADWAY,"MARTIN LUTHER KING BL",0.00,,Y,A,-,N,,,,,,,,,,N,4,0,1,2,A,-,10,21950,A,F,G,B,B,A,H,-,A,D,0,Y,,,,Y,Y,A,01,0,0,1,0,1,0,0,0,0,"- ","- ",,,"LOS ANGELES","LOS ANGELES",-118.27834229,34.011094919999998
5796497,2012,2013-11-23,1925,2012-08-17,1858,22599,3,5,5,6,1925,0,0,0,,0,250,"E COLORADO",GLENDALE,120.00,E,N,A,-,N,,,,,,,,,,N,4,0,2,2,A,-,03,22350,,N,C,D,A,A,H,-,A,A,0,,,,,Y,Y,A,01,0,0,2,0,0,0,0,0,0,"- ","- ",,,"LOS ANGELES",GLENDALE,-118.24892674,34.1426485
5796521,2012,2013-11-16,1942,2012-08-12,0300,40059,1823,7,5,7,1942,0,0,0,R,0,12TL45,"AVALON BL",CENTURY,0.00,N,N,A,-,N,,,,,,,,,,N,3,0,1,2,A,-,11,21953,,F,G,B,D,A,H,-,C,D,0,Y,,,,Y,Y,N,60,0,1,0,0,1,0,0,0,0,"- ","- ",,,"LOS ANGELES","LOS ANGELES",-118.26518226,33.945604959999997
5796565,2012,2013-12-03,1942,2012-08-31,2045,39349,0427,5,5,7,1942,0,0,0,D,0,13T53,"PAOLA AV","HUNTINGTON DR S",100.00,E,N,-,-,N,,,,,,,,,,Y,4,0,1,2,A,-,01,23152,A,N,H,E,A,-,-,-,-,D,0,,,,,Y,Y,A,01,0,0,1,0,0,0,0,0,0,"- ","- ",,,"LOS ANGELES","LOS ANGELES",,
5796585,2012,2013-11-20,1942,2012-08-18,0040,39184,1184,6,5,7,1942,0,0,0,K,0,4T43W3,"W SUNSET BL","ECHO PARK AV",0.00,,Y,A,-,N,,,,,,,,,,Y,3,0,1,2,A,-,01,23153,A,N,C,C,A,A,H,-,C,A,0,,,Y,,Y,Y,A,01,0,1,0,0,0,0,0,0,1,"- ","- ",,,"LOS ANGELES","LOS ANGELES",-118.25737221,34.076764910000001
5796588,2012,2013-11-16,1942,2012-08-18,0400,30083,1163,6,5,7,1942,0,0,0,K,0,11T21,"VERMONT AV","SANTA MONICA BL",450.00,N,N,A,-,N,,,,,,,,,,N,3,0,1,2,A,-,11,21954,A,F,G,B,E,A,H,-,C,D,0,Y,,,,Y,Y,N,60,0,1,0,0,1,0,0,0,0,"- ","- ",,,"LOS ANGELES","LOS ANGELES",-118.29176219999999,34.092098999999997
5796633,2012,2013-11-23,1942,2012-08-20,2025,39184,1136,1,5,7,1942,0,0,0,K,0,4TL43,"YORK BL","W AVENUE 43",192.00,S,N,A,-,N,,,,,,,,,,Y,3,0,1,2,A,-,01,23152,A,N,B,C,A,A,H,-,C,D,0,,,,,Y,Y,A,08,0,1,0,0,0,0,0,0,0,"- ","- ",,,"LOS ANGELES","LOS ANGELES",-118.22493514,34.124008430000004
5797440,2012,2013-11-16,1942,2012-08-07,0240,40646,0397,2,5,7,1942,0,0,0,C,0,3T5,"WALTON AV","MARTIN LUTHER KING BL",25.00,S,N,A,-,N,,,,,,,,,,N,4,0,1,2,A,-,11,21954,A,F,G,B,D,A,H,-,E,A,0,Y,,,,Y,Y,N,60,0,0,1,0,1,0,0,0,0,"- ","- ",,,"LOS ANGELES","LOS ANGELES",-118.29413789,34.010796450000001
5800975,2012,2013-12-02,1901,2012-09-05,1742,180,9,3,5,5,1901,0,0,0,,0,001,"MAIN ST","GRANADA AV",126.00,E,N,B,-,N,,,,,,,,,,N,4,0,1,2,A,-,17,21663,,N,H,G,A,A,H,-,A,D,0,,Y,,,Y,Y,L,04,0,0,1,0,0,0,1,0,0,"- ","- ",,,"LOS ANGELES",ALHAMBRA,-118.11745620000001,34.099662850000001
5801290,2012,2013-12-14,1941,2012-09-19,1726,5870,545,3,5,7,1941,0,0,0,,0,012,"ALLEY REAR OF E 7TH ST 4000","TERMINO AV",0.00,,Y,A,-,N,,,,,,,,,,N,4,0,1,2,B,-,22,,,N,G,B,D,A,H,-,A,D,0,Y,,,,Y,Y,N,60,0,0,1,0,1,0,0,0,0,"- ","- ",,,"LOS ANGELES","LONG BEACH",-118.145934,33.774925000000003
5801342,2012,2013-12-12,1912,2012-09-14,1200,9589,,5,5,6,1912,0,0,0,,0,,"HOLLYWOOD WY","THORNTON AV",0.00,,Y,A,-,N,,,,,,,,,,N,4,0,2,2,A,-,01,23153,B,N,C,C,A,A,H,-,A,A,0,,,,,Y,Y,-,"- ",0,0,2,0,0,0,0,0,0,"- ","- ",34.195709999999998,-118.3489,"LOS ANGELES",BURBANK,-118.34893225,34.195684960000001
5801429,2012,2013-12-11,9580,2012-09-09,1756,019573,,7,2,9,1900,0,2,4,,1,131,"MULHOLLAND HWY","SIERRA CREEK RD",191.00,W,N,A,-,N,,,,,,,,,,Y,3,0,1,2,A,-,01,23152,A,N,B,C,A,A,H,-,A,D,0,,,Y,,Y,Y,C,02,0,1,0,0,0,0,0,0,1,"- ","- ",34.119370000000004,-118.78925,"LOS ANGELES",UNINCORPORATED,-118.78596705,34.113819239999998
5801443,2012,2013-12-12,9525,2012-09-08,0155,019698,,6,3,3,1921,0,1,1,,2,204,"RT 210","RT 605",200.00,E,N,A,-,Y,LA,7,210,-,R,36.277,R,2,E,Y,3,0,2,1,A,-,01,23152,A,N,F,A,A,A,H,-,C,D,1,,,,,Y,Y,A,01,0,1,1,0,0,0,0,0,0,TO,"- ",34.133740000000003,-117.95671,"LOS ANGELES",DUARTE,-117.96120209,34.13507491
5801563,2012,2013-12-07,9525,2012-09-22,0230,019440,,6,3,9,1900,0,1,3,,1,024,"RT 39","EAST FORK RD",13200.00,S,N,A,-,Y,LA,7,39,-,-,23.120,H,-,N,Y,3,0,2,1,A,-,01,23152,A,N,F,A,A,A,H,-,D,D,0,,,,,Y,Y,A,01,0,2,0,0,0,0,0,0,0,"- ","- ",34.213889999999999,-117.86171,"LOS ANGELES",UNINCORPORATED,-117.86405062,34.215327510000002
5806202,2012,2014-03-24,1941,2012-10-25,0310,5755,563,4,5,7,1941,0,0,0,,0,014,"BELLFLOWER BL","ABBEYFIELD ST",80.00,N,N,A,-,N,,,,,,,,,,Y,4,0,1,1,A,-,01,23152,B,N,E,I,A,A,H,-,C,D,0,,,,,Y,Y,D,22,0,0,1,0,0,0,0,0,0,"- ","- ",,,"LOS ANGELES","LONG BEACH",-118.12544215,33.794064210000002
5806869,2012,2014-04-10,1941,2012-09-23,0344,10154,,7,5,7,1941,0,0,0,,0,,"RT 710","6TH ST",0.00,,Y,A,-,N,,,,,,,,,,Y,3,0,1,2,A,-,03,22350,,M,C,C,A,A,H,-,C,D,0,,,,,Y,Y,A,,0,1,0,0,0,0,0,0,0,"- ","- ",,,"LOS ANGELES","LONG BEACH",,
5807513,2012,2013-12-20,9590,2012-10-08,0255,20404,,1,3,7,1942,0,1,2,,2,071,"RT 101","MISSION RD",715.00,N,N,A,-,Y,LA,7,101,-,-,0.270,H,-,S,Y,3,0,1,1,A,-,01,23152,A,N,E,I,A,A,H,-,C,D,1,,,,,Y,Y,A,01,0,1,0,0,0,0,0,0,0,"- ","- ",34.053809999999999,-118.22893999999999,"LOS ANGELES","LOS ANGELES",-118.22997872000001,34.05317196
5809316,2012,2013-12-19,1942,2012-10-18,2325,38050,0497,4,5,7,1942,0,0,0,D,0,13T55,"OLYMPIC BL","SOTO ST",0.00,,Y,A,-,N,,,,,,,,,,Y,3,0,1,2,A,-,01,23152,A,N,D,C,A,A,H,-,C,A,0,,,,Y,Y,Y,A,01,0,1,0,0,0,0,0,0,0,"- ","- ",,,"LOS ANGELES","LOS ANGELES",-118.21987218,34.024274949999999
5809874,2012,2013-11-23,1942,2012-08-26,0635,40541,0769,7,5,7,1942,0,0,0,G,0,7A53,"PICO BL","ARLINGTON AV",0.00,,Y,A,-,N,,,,,,,,,,Y,3,0,3,2,A,-,01,23152,A,N,D,C,A,A,H,-,B,A,0,,,,,Y,Y,A,01,0,1,2,0,0,0,0,0,0,"- ","- ",,,"LOS ANGELES","LOS ANGELES",-118.31764228,34.047164909999999
5810087,2012,2013-11-14,9540,2012-08-14,2145,19444,,2,2,7,1942,0,1,1,,2,210,"RT 210","GLENOAKS BL",53.00,W,N,A,-,Y,LA,7,210,-,R,1.390,H,-,W,Y,2,0,1,1,A,-,01,23152,A,N,E,I,A,A,H,-,C,D,1,,,,,Y,Y,A,01,1,0,0,0,0,0,0,0,0,"- ","- ",34.323540000000001,-118.46999,"LOS ANGELES","LOS ANGELES",-118.47017991,34.32356558
5810504,2012,2013-11-09,1942,2012-08-06,0505,35643,1415,1,5,7,1942,0,0,0,N,0,6TL7,"BROOKS AV","LINCOLN BL",100.00,W,N,A,-,N,,,,,,,,,,N,4,0,1,3,A,-,01,23152,A,N,C,E,A,A,H,-,B,D,0,,,,,Y,Y,A,08,0,0,1,0,0,0,0,0,0,"- ","- ",,,"LOS ANGELES","LOS ANGELES",-118.462822,33.998609999999999
5810620,2012,2013-11-14,1900,2012-08-12,0345,506588,1332,7,5,5,1908,0,0,0,,0,133T1E,"ROSECRANS AV","SONRISA ST",49.00,W,N,A,-,N,,,,,,,,,,Y,2,0,2,1,A,-,08,22107,,N,E,I,A,A,H,-,C,A,0,,,,,Y,Y,A,,1,1,0,0,0,0,0,0,0,"- ","- ",,,"LOS ANGELES",BELLFLOWER,-118.1402832,33.903800109999999
5811467,2012,2013-12-05,1942,2012-09-30,2030,38233,0479,7,5,7,1942,0,0,0,D,0,4T43,"S INDIANA ST","WHITTIER BL",30.00,N,N,A,-,N,,,,,,,,,,Y,4,0,2,2,A,-,03,22350,,N,C,C,A,A,H,-,C,A,0,,,,,Y,Y,A,01,0,0,2,0,0,0,0,0,0,"- ","- ",,,"LOS ANGELES","LOS ANGELES",-118.19232218000001,34.024017120000003
5811515,2012,2013-12-03,1942,2012-09-03,2235,39359,0404,1,5,7,1942,0,0,0,D,0,4T43,"MONTEREY RD","PULLMAN ST",175.00,S,N,A,-,N,,,,,,,,,,Y,3,0,1,1,A,-,01,23152,A,N,E,J,A,A,H,-,C,D,0,,,,,Y,Y,A,01,0,1,0,0,0,0,0,0,0,"- ","- ",,,"LOS ANGELES","LOS ANGELES",-118.18821593,34.099892920000002
5812634,2012,2013-12-04,9590,2012-09-29,0520,19780,,6,3,7,1942,0,1,1,,2,062,"RT 10","FIGUEROA ST",300.00,W,N,A,-,Y,LA,7,10,-,-,14.812,R,2,E,Y,3,0,1,1,A,-,01,23152,A,N,E,I,A,A,H,-,C,D,1,,,,,Y,Y,A,01,0,1,0,0,0,0,0,0,0,TO,"- ",34.038040000000002,-118.27254000000001,"LOS ANGELES","LOS ANGELES",-118.27273212999999,34.037844890000002
5813271,2012,2013-11-15,1942,2012-08-04,2245,40479,1791,6,5,7,1942,0,0,0,Q,0,17A1,"DE SOTO AV","PARTHENIA ST",100.00,S,N,A,-,N,,,,,,,,,,N,3,0,1,2,A,-,11,21950,B,N,D,B,D,A,H,-,C,D,0,Y,,,,Y,Y,N,60,0,1,0,0,1,0,0,0,0,"- ","- ",,,"LOS ANGELES","LOS ANGELES",-118.58853456,34.227910530000003
5813375,2012,2014-04-28,1972,2012-08-21,1617,17071,,2,5,6,1972,0,0,0,,0,,WESTERN,213TH,7.00,S,N,A,-,Y,LA,7,213,-,-,8.268,I,5,S,N,3,0,1,2,A,-,10,21950,A,N,B,B,B,A,H,-,A,A,0,Y,,,,Y,Y,A,,0,1,0,0,1,0,0,0,0,"- ","- ",,,"LOS ANGELES",TORRANCE,-118.30919025999999,33.835586810000002
5813541,2012,2013-11-18,9580,2012-08-23,0205,20296,,4,3,7,1942,0,1,2,,2,102,"RT 101","WHITE OAK AV",800.00,S,N,A,-,Y,LA,7,101,-,-,20.080,H,-,N,Y,4,0,1,1,A,-,01,23152,A,N,E,I,A,A,H,-,D,D,1,,,,,Y,Y,A,01,0,0,1,0,0,0,0,0,0,"- ","- ",34.171190000000003,-118.51273,"LOS ANGELES","LOS ANGELES",-118.51402253000001,34.171273069999998
5813921,2012,2013-11-16,9430,2012-08-16,2320,18481,,4,3,9,1900,0,1,1,,2,051,"RT 5","TEJON PASS",1056.00,N,N,A,-,Y,LA,7,5,-,R,87.610,H,-,N,Y,4,0,1,2,A,-,03,22350,,N,C,C,A,A,H,-,D,D,1,,,,,Y,Y,A,01,0,0,1,0,0,0,0,0,0,"- ","- ",34.805840000000003,-118.88038,"LOS ANGELES",UNINCORPORATED,-118.87933531,34.805060220000001
5814274,2012,2013-01-17,9530,2012-04-08,2015,20082,,7,2,9,1900,0,3,5,,2,002,"REDONDO BEACH BL",BROADWAY,450.00,W,N,A,-,N,,,,,,,,,,Y,4,0,1,2,A,-,01,23152,A,N,D,C,A,A,H,-,C,D,0,,,,,Y,Y,A,07,0,0,1,0,0,0,0,0,0,"- ","- ",33.90193,-118.28035,"LOS ANGELES",UNINCORPORATED,-118.28014992999999,33.892778100000001
5815539,2013,2013-04-23,1929,2013-02-15,0045,335,,5,5,3,1929,0,0,0,,0,,"8TH ST","PACIFIC COAST HWY",21.00,W,N,A,-,N,,,,,,,,,,Y,4,0,2,2,A,-,01,23152,A,N,C,C,A,A,H,-,C,A,0,,,,,Y,Y,A,01,0,0,2,0,0,0,0,0,0,"- ","- ",,,"LOS ANGELES","HERMOSA BEACH",-118.392009,33.860670300000002
5816592,2013,2013-05-15,1942,2013-04-18,1820,40545,2046,4,5,7,1942,0,0,0,,0,13T55,"JAMES M WOOD","VERMONT ST",0.00,,Y,A,-,N,,,,,,,,,,Y,2,0,1,2,A,-,01,23152,A,N,D,C,A,A,H,-,B,A,0,,,,,Y,Y,A,07,1,0,0,0,0,0,0,0,0,"- ","- ",,,"LOS ANGELES","LOS ANGELES",-118.29164230000001,34.055924900000001
5816959,2012,2014-04-03,1942,2012-08-25,2045,40638,1844,6,5,7,1942,0,0,0,R,0,18T23,"CENTRAL AV","IMPERIAL HWY",17.00,N,N,A,-,N,,,,,,,,,,N,4,0,1,2,A,-,17,21451,A,F,D,B,A,A,H,-,C,B,0,,Y,,,Y,Y,-,99,0,0,1,0,0,0,1,0,0,"- ","- ",,,"LOS ANGELES","LOS ANGELES",-118.25436218,33.929511460000001
5817259,2012,2013-12-19,1955,2012-10-21,1305,41456,38,7,5,6,1955,0,0,0,,0,002,"N WHITE AV","N WHITE AV 2200",342.00,S,N,B,-,N,,,,,,,,,,Y,2,0,3,2,A,-,01,23153,A,F,C,C,A,A,H,-,A,A,0,,,,,Y,Y,D,22,1,1,1,0,0,0,0,0,0,"- ","- ",,,"LOS ANGELES",POMONA,,
5819539,2012,2013-11-15,1955,2012-07-22,2206,41365,09,7,5,6,1955,0,0,0,,0,003,"E HOLT AV","NORTH GARVEY AV",0.00,E,N,A,-,N,,,,,,,,,,N,3,0,1,2,A,-,11,21954,A,F,G,B,D,A,H,-,C,A,0,Y,,,,Y,Y,N,60,0,1,0,0,1,0,0,0,0,"- ","- ",,,"LOS ANGELES",POMONA,-117.87722221999999,34.071534960000001
5819756,2012,2014-03-03,9590,2012-08-14,2359,19509,,2,3,7,1942,0,1,1,,2,012,"RT 110","VIA MARISOL",200.00,S,N,A,-,Y,LA,7,110,-,-,28.320,H,-,N,Y,3,0,1,1,A,-,01,23152,A,N,E,I,A,A,H,-,B,D,1,,,,,Y,Y,A,01,0,1,0,0,0,0,0,0,0,"- ","- ",34.103639999999999,-118.19145,"LOS ANGELES","LOS ANGELES",-118.19229213,34.103144899999997
5821209,2012,2013-12-05,1900,2012-09-04,0415,520829,2847,2,5,5,1915,0,0,0,,0,281T1,"ALONDRA BL","ATLANTIC AV",0.00,,Y,A,-,N,,,,,,,,,,Y,4,0,1,2,A,-,01,23153,A,M,A,C,A,A,H,-,C,A,0,,,,,Y,Y,A,07,0,0,1,0,0,0,0,0,0,"- ","- ",,,"LOS ANGELES",COMPTON,-118.19293226000001,33.888764879999997
5821289,2012,2013-12-05,1942,2012-09-07,0250,38321,0976,5,5,7,1942,0,0,0,I,0,21T61,"NAGLE AV","SARAH ST",310.00,S,N,A,-,N,,,,,,,,,,Y,3,0,1,3,A,-,01,23152,A,N,B,E,A,A,H,-,C,D,0,,,,,Y,Y,A,01,0,1,0,0,0,0,0,0,0,"- ","- ",,,"LOS ANGELES","LOS ANGELES",-118.42364222,34.15313664
5824315,2012,2013-12-02,1942,2012-09-10,2110,32760,0678,1,5,7,1942,0,0,0,F,0,6A77,"WESTERN AV","SANTA MONICA BL",0.00,,Y,A,-,N,,,,,,,,,,Y,4,0,2,2,A,-,01,23152,A,F,D,C,A,A,H,-,C,A,0,,,,,Y,Y,-,99,0,0,2,0,0,0,0,0,0,"- ","- ",,,"LOS ANGELES","LOS ANGELES",-118.30921228,34.090744950000001
5824625,2012,2013-11-30,1975,2012-09-03,1916,305,,1,5,6,1975,0,0,0,,0,005,"AMAR RD",GRANDVIEW,10.00,E,N,A,-,N,,,,,,,,,,Y,4,0,1,2,A,-,07,21658,A,N,H,A,A,A,H,-,A,A,0,,,,,Y,Y,-,"- ",0,0,1,0,0,0,0,0,0,"- ","- ",,,"LOS ANGELES","WEST COVINA",-117.92209926,34.035453259999997