CASE_ID,ACCIDENT_YEAR,PROC_DATE,JURIS,COLLISION_DATE,COLLISION_TIME,OFFICER_ID,REPORTING_DISTRICT,DAY_OF_WEEK,CHP_SHIFT,POPULATION,CNTY_CITY_LOC,SPECIAL_COND,BEAT_TYPE,CHP_BEAT_TYPE,CITY_DIVISION_LAPD,CHP_BEAT_CLASS,BEAT_NUMBER,PRIMARY_RD,SECONDARY_RD,DISTANCE,DIRECTION,INTERSECTION,WEATHER_1,WEATHER_2,STATE_HWY_IND,CALTRANS_COUNTY,CALTRANS_DISTRICT,STATE_ROUTE,ROUTE_SUFFIX,POSTMILE_PREFIX,POSTMILE,LOCATION_TYPE,RAMP_INTERSECTION,SIDE_OF_HWY,TOW_AWAY,COLLISION_SEVERITY,NUMBER_KILLED,NUMBER_INJURED,PARTY_COUNT,PRIMARY_COLL_FACTOR,PCF_CODE_OF_VIOL,PCF_VIOL_CATEGORY,PCF_VIOLATION,PCF_VIOL_SUBSECTION,HIT_AND_RUN,TYPE_OF_COLLISION,MVIW,PED_ACTION,ROAD_SURFACE,ROAD_COND_1,ROAD_COND_2,LIGHTING,CONTROL_DEVICE,CHP_ROAD_TYPE,PEDESTRIAN_ACCIDENT,BICYCLE_ACCIDENT,MOTORCYCLE_ACCIDENT,TRUCK_ACCIDENT,NOT_PRIVATE_PROPERTY,ALCOHOL_INVOLVED,STWD_VEHTYPE_AT_FAULT,CHP_VEHTYPE_AT_FAULT,COUNT_SEVERE_INJ,COUNT_VISIBLE_INJ,COUNT_COMPLAINT_PAIN,COUNT_PED_KILLED,COUNT_PED_INJURED,COUNT_BICYCLIST_KILLED,COUNT_BICYCLIST_INJURED,COUNT_MC_KILLED,COUNT_MC_INJURED,PRIMARY_RAMP,SECONDARY_RAMP,LATITUDE,LONGITUDE,COUNTY,CITY,POINT_X,POINT_Y
6076363,2013,2014-02-20,1942,2013-05-12,2210,39222,0656,7,5,7,1942,0,0,0,F,0,14T47,"SANTA MONICA BL","COLE AV",100.00,W,N,A,-,Y,LA,7,2,-,-,11.370,H,-,E,Y,4,0,4,3,A,-,01,23152,A,N,C,C,A,A,H,-,C,A,0,,,,,Y,Y,D,22,0,0,4,0,0,0,0,0,0,"- ","- ",,,"LOS ANGELES","LOS ANGELES",-118.3301381,34.090742800000001
6077384,2013,2014-02-21,9540,2013-05-05,0123,19845,,7,3,9,1900,0,1,3,,2,147,"RT 14","WARD RD",6864.00,S,N,A,-,Y,LA,7,14,-,-,45.460,H,-,S,Y,4,0,2,1,A,-,01,23152,A,N,E,I,A,A,H,-,D,D,1,,,,,Y,Y,A,01,0,0,2,0,0,0,0,0,0,"- ","- ",34.505339999999997,-118.25096000000001,"LOS ANGELES",UNINCORPORATED,-118.24975860000001,34.505380000000002
6077811,2013,2014-02-08,1922,2013-03-21,0023,575,,4,5,6,1922,0,0,0,,0,,"DURFEE AV","ELLIOTT ST",0.00,,Y,A,-,N,,,,,,,,,,N,4,0,1,2,A,-,12,21453,A,N,D,G,A,A,H,-,C,A,0,,Y,,,Y,Y,L,04,0,0,1,0,0,0,1,0,0,"- ","- ",,,"LOS ANGELES","EL MONTE",-118.0205722,34.053394900000001
6078808,2012,2013-12-02,9530,2012-09-28,0810,18762,,5,1,7,1941,0,1,1,,2,072,"RT 710","PACIFIC PL",75.00,W,N,A,-,Y,LA,7,405,-,-,7.286,R,3,N,Y,3,0,1,1,A,-,01,23152,A,N,E,I,A,A,H,-,A,D,1,,,,,Y,Y,A,01,0,1,0,0,0,0,0,0,0,FR,"- ",33.823,-118.119,"LOS ANGELES","LONG BEACH",-118.20303137000001,33.825476039999998
6082772,2013,2014-02-24,1941,2013-05-28,0100,5769,,2,5,7,1941,0,0,0,,0,001,"OCEAN BL",ESPERANZA,225.00,W,N,A,-,N,,,,,,,,,,Y,4,0,1,8,A,-,08,22107,,N,B,C,A,A,H,-,C,A,0,,,,,Y,Y,-,"- ",0,0,1,0,0,0,0,0,0,"- ","- ",,,"LOS ANGELES","LONG BEACH",-118.1763412,33.765484700000002
6083523,2013,2014-02-19,9525,2013-04-26,2215,020532,,5,3,5,1926,0,1,1,,2,206,"RT 210","LONE HILL AV",1584.00,W,N,A,-,Y,LA,7,57,-,R,12.200,R,2,S,Y,4,0,1,2,A,-,01,23152,A,M,C,C,A,A,H,-,C,D,0,,,,,Y,Y,A,01,0,0,1,0,0,0,0,0,0,"- ","- ",34.120420000000003,-117.83135,"LOS ANGELES",GLENDORA,-117.8241458,34.112615499999997
6083695,2013,2014-02-20,1942,2013-04-28,0600,39184,1353,7,5,7,1942,0,0,0,M,0,13TL22,"AVALON BL","VERNON AV",0.00,,Y,B,-,N,,,,,,,,,,Y,3,0,1,1,A,-,01,23152,A,N,E,I,A,A,H,-,A,A,0,,,,,Y,Y,A,07,0,1,0,0,0,0,0,0,0,"- ","- ",,,"LOS ANGELES","LOS ANGELES",-118.2652622,34.0038749
6085518,2013,2014-02-21,1942,2013-05-11,0220,39661,0632,6,5,7,1942,0,0,0,F,0,GA49,"SUNSET BL","CRESCENT HEIGHTS BL",0.00,,Y,A,-,N,,,,,,,,,,Y,3,0,3,4,A,-,01,23152,A,N,A,C,A,A,H,-,C,A,0,,,,,Y,Y,D,22,0,3,0,0,0,0,0,0,0,"- ","- ",,,"LOS ANGELES","LOS ANGELES",-118.36568219999999,34.098004899999999
6085794,2013,2014-02-20,1942,2013-05-14,2215,40102,2073,2,5,7,1942,0,0,0,,0,20T59W,"WESTERN AV","15TH ST",16.00,N,N,A,-,N,,,,,,,,,,Y,3,0,3,3,A,-,01,23152,A,N,A,C,A,A,H,-,C,D,0,,,,,Y,Y,A,07,0,2,1,0,0,0,0,0,0,"- ","- ",,,"LOS ANGELES","LOS ANGELES",-118.3090517,34.045418699999999
6086226,2013,2014-02-24,1942,2013-05-25,1610,38477,1656,6,5,7,1942,0,0,0,P,0,16A35,"MCVINE AV","APPERSON ST",50.00,N,N,A,-,N,,,,,,,,,,Y,3,0,1,2,A,-,01,23152,A,N,A,E,A,A,H,-,A,D,0,,,,,Y,Y,D,22,0,1,0,0,0,0,0,0,0,"- ","- ",,,"LOS ANGELES","LOS ANGELES",-118.3114022,34.256191999999999
6088696,2013,2014-11-19,1972,2013-05-02,1459,12309,,4,5,6,1972,0,0,0,,0,,"182ND ST",HAWTHORNE,0.00,,Y,A,-,Y,LA,7,107,-,-,4.193,I,5,N,N,3,0,1,2,A,-,09,21804,A,N,B,G,A,A,H,-,A,D,0,,Y,,,Y,Y,L,,0,1,0,0,0,0,1,0,0,"- ","- ",,,"LOS ANGELES",TORRANCE,-118.3524723,33.865560600000002
6091004,2013,2014-02-27,1942,2013-05-29,0125,37613,2033,3,5,7,1942,0,0,0,,0,20T59,"WESTERN AV","9TH ST",8.00,N,N,A,-,N,,,,,,,,,,Y,4,0,1,2,A,-,01,23152,A,N,H,G,A,A,H,-,C,A,0,,Y,,,Y,Y,A,01,0,0,1,0,0,0,1,0,0,"- ","- ",,,"LOS ANGELES","LOS ANGELES",-118.30909219999999,34.055866799999997
6091625,2013,2014-02-25,9575,2013-05-18,0055,19603,,6,3,6,1953,0,1,1,,2,064,"RT 210","ALLEN AV",50.00,E,N,A,-,Y,LA,7,210,-,R,27.460,H,-,W,Y,3,0,2,2,A,-,01,23152,A,N,C,C,A,A,H,-,C,D,1,,,,,Y,Y,A,01,0,1,1,0,0,0,0,0,0,"- ","- ",34.152590000000004,-118.11358,"LOS ANGELES",PASADENA,-118.1100113,34.152639700000002
6091769,2013,2014-02-26,1920,2013-05-24,0240,11992,,5,5,6,1920,0,0,0,,0,003,"PARAMOUNT BL","GALLANTIN RD",75.00,N,N,A,-,N,,,,,,,,,,Y,3,0,1,1,A,-,01,23152,A,N,E,I,A,A,H,-,C,A,0,,,,,Y,Y,A,,0,1,0,0,0,0,0,0,0,"- ","- ",,,"LOS ANGELES",DOWNEY,-118.122997,33.962372000000002
6097210,2013,2014-03-07,1942,2013-06-08,2300,36565,1599,6,5,7,1942,0,0,0,O,0,15T45,"CAHUENGA BL","OAKCREST DR",150.00,W,N,A,-,N,,,,,,,,,,Y,3,0,2,2,A,-,01,23153,A,N,A,C,A,A,H,-,C,A,0,,,,,Y,Y,D,22,0,1,1,0,0,0,0,0,0,"- ","- ",,,"LOS ANGELES","LOS ANGELES",-118.3457064,34.126955100000004
6097516,2013,2014-02-26,1942,2013-05-18,2055,27782,1781,6,5,7,1942,0,0,0,Q,0,17X36,"DESOTO AV","NORDHOFF ST",230.00,S,N,A,-,N,,,,,,,,,,N,3,0,1,1,A,-,01,23152,A,N,E,I,A,A,H,-,C,D,0,,,,,Y,Y,A,01,0,1,0,0,0,0,0,0,0,"- ","- ",,,"LOS ANGELES","LOS ANGELES",-118.5885596,34.234823900000002
6098982,2013,2015-01-21,9580,2013-05-12,0745,19620,,7,1,7,1942,0,1,2,,2,100,"RT 101","VINELAND AV",200.00,S,N,A,-,Y,LA,7,101,-,-,11.070,H,-,N,Y,4,0,2,2,A,-,01,23152,A,N,B,C,A,A,H,-,A,D,1,,,,,Y,Y,A,01,0,0,2,0,0,0,0,0,0,"- ","- ",34.15569,-118.39614,"LOS ANGELES","LOS ANGELES",-118.3689676,34.1460103
6098985,2013,2014-03-01,9580,2013-05-14,2033,018156,,2,2,7,1942,0,1,1,,2,407,"RT 405","NORDHOFF ST",9.00,N,N,A,-,Y,LA,7,405,-,-,44.900,R,1,S,Y,3,0,1,1,A,-,01,23152,A,N,E,I,A,A,H,-,C,A,1,,,Y,,Y,Y,C,02,0,1,0,0,0,0,0,0,1,"- ","- ",34.148099999999999,-118.28241,"LOS ANGELES","LOS ANGELES",-118.4731822,34.239574900000001
6100176,2013,2014-02-26,1942,2013-05-26,2050,38603,1792,7,5,7,1942,0,0,0,Q,0,10T37,"ROSCOE BL","TAMPA AV",0.00,,Y,A,-,N,,,,,,,,,,N,3,0,1,2,A,-,05,21650,1,N,D,G,A,A,H,-,C,A,0,,Y,,,Y,Y,L,04,0,1,0,0,0,0,1,0,0,"- ","- ",,,"LOS ANGELES","LOS ANGELES",-118.5535823,34.220464900000003
6101158,2013,2014-02-28,1942,2013-06-10,0130,39282,1821,1,5,7,1942,0,0,0,R,0,5T21,"COLDEN AV","HOOVER ST",395.00,W,N,A,-,N,,,,,,,,,,Y,3,0,1,2,A,-,01,23152,A,N,C,E,A,A,H,-,C,A,0,,,,,Y,Y,A,01,0,1,0,0,0,0,0,0,0,"- ","- ",,,"LOS ANGELES","LOS ANGELES",-118.2882621,33.949149400000003
6102187,2013,2014-03-01,1942,2013-06-05,1345,39617,1248,3,5,7,1942,0,0,0,L,0,12T73,"FLORENCE AV","MENLO AV",200.00,E,N,A,-,N,,,,,,,,,,N,3,0,2,2,A,-,01,23152,A,N,C,C,A,A,H,-,A,D,0,,,,,Y,Y,A,01,0,1,1,0,0,0,0,0,0,"- ","- ",,,"LOS ANGELES","LOS ANGELES",-118.28861379999999,33.974628899999999
6103635,2013,2014-03-01,1942,2013-06-02,1935,3841,1969,7,5,7,1942,0,0,0,,0,15T45,"OSBORN ST","ARLETA AV",17.00,E,N,A,-,N,,,,,,,,,,Y,4,0,2,2,A,-,09,21801,A,N,A,C,A,A,H,-,A,A,0,,,,,Y,Y,A,01,0,0,2,0,0,0,0,0,0,"- ","- ",,,"LOS ANGELES","LOS ANGELES",-118.426057,34.242105000000002
6104584,2013,2014-02-11,1946,2013-03-22,0125,P4,,5,5,4,1946,0,0,0,,0,003,HUNTINGTON,SHAMROCK,36.00,W,N,A,-,N,,,,,,,,,,N,4,0,1,2,A,-,01,23152,A,M,C,C,A,A,H,-,C,A,0,,,,,Y,Y,A,07,0,0,1,0,0,0,0,0,0,"- ","- ",,,"LOS ANGELES",MONROVIA,-117.99090080000001,34.140633700000002
6104772,2013,2014-03-01,1900,2013-05-31,0234,467502,0460,5,5,4,1936,0,0,0,,0,46T1/E,"IMPERIAL HWY","LAS FLORES AV",108.00,W,N,A,-,N,,,,,,,,,,Y,4,0,1,1,A,-,01,23152,A,N,E,I,A,A,H,-,C,D,0,,,,,Y,Y,D,22,0,0,1,0,0,0,0,0,0,"- ","- ",,,"LOS ANGELES","LA MIRADA",-118.0093923,33.917127899999997
6105171,2013,2014-02-27,1942,2013-06-10,0710,40463,0398,1,5,7,1942,0,0,0,C,0,12T41,"HOOVER ST","VERNON AV",0.00,,Y,A,-,N,,,,,,,,,,Y,4,0,2,2,A,-,08,22101,D,N,A,C,A,A,H,-,A,A,0,,,,,Y,Y,A,07,0,0,2,0,0,0,0,0,0,"- ","- ",,,"LOS ANGELES","LOS ANGELES",-118.2871622,34.003714899999999
6106106,2013,2014-03-01,9545,2013-06-02,0605,17200,,7,1,9,1900,0,1,3,,2,031,"RT 14","MOUNTAIN SPRINGS RD",1157.00,N,N,A,-,Y,LA,7,14,-,R,54.020,H,-,N,Y,3,0,1,1,A,-,01,23152,A,N,E,I,A,A,H,-,A,D,1,,,,,Y,Y,A,01,0,1,0,0,0,0,0,0,0,"- ","- ",34.301560000000002,-118.06567,"LOS ANGELES",UNINCORPORATED,-118.1169771,34.503502699999999
6106176,2013,2014-03-01,1942,2013-06-04,2130,37966,0849,2,5,7,1942,0,0,0,H,0,20T59,"OLYMPIC BL","LA CIENEGA BL",0.00,,Y,A,-,N,,,,,,,,,,Y,2,0,1,2,A,-,09,21801,A,N,A,C,A,A,H,-,E,A,0,,,Y,,Y,Y,A,01,1,0,0,0,0,0,0,0,1,"- ","- ",,,"LOS ANGELES","LOS ANGELES",-118.3762122,34.059444900000003
6109855,2013,2014-02-14,9590,2013-04-27,1750,20244,,6,2,7,1942,0,1,1,,2,050,"RT 110","FLORENCE AV",500.00,N,N,A,-,Y,LA,7,110,-,-,17.090,H,-,N,Y,4,0,1,2,A,-,01,23152,A,N,C,C,A,A,H,-,A,D,1,,,,,Y,Y,A,01,0,0,1,0,0,0,0,0,0,"- ","- ",33.971420000000002,-118.28062,"LOS ANGELES","LOS ANGELES",-118.2806684,33.976869600000001
6111273,2013,2014-02-27,1956,2013-06-03,2034,1280,54,1,5,5,1956,0,0,0,,0,005,"INGLEWOOD AV","VANDERBILT LN",126.00,N,N,A,-,N,,,,,,,,,,Y,4,0,1,2,A,-,01,23152,A,N,C,C,A,A,H,-,C,D,0,,,,,Y,Y,A,01,0,0,1,0,0,0,0,0,0,"- ","- ",,,"LOS ANGELES","REDONDO BEACH",-118.3614322,33.872270399999998
6112066,2013,2014-02-28,1942,2013-06-08,0540,36083,0747,6,5,7,1942,0,0,0,G,0,7TL23,"HIGHLAND AV","EDGEWOOD PL",117.00,S,N,A,-,N,,,,,,,,,,Y,3,0,1,2,A,-,01,23152,A,F,C,E,A,A,H,-,C,D,0,,,,,Y,Y,-,99,0,1,0,0,0,0,0,0,0,"- ","- ",,,"LOS ANGELES","LOS ANGELES",-118.3406423,34.055409900000001
6112609,2013,2014-03-04,1942,2013-06-15,2225,25495,2015,6,5,7,1942,0,0,0,,0,7T122,"NORMANDIE AV","BEVERLY BL",10.00,N,N,A,-,N,,,,,,,,,,Y,2,0,1,2,A,-,"- ",,,F,G,B,B,A,H,-,C,A,0,Y,,,,Y,Y,N,60,1,0,0,0,1,0,0,0,0,"- ","- ",,,"LOS ANGELES","LOS ANGELES",-118.30043240000001,34.076322300000001
6113473,2013,2014-03-10,9540,2013-06-07,2035,19716,,5,2,9,1900,0,1,1,,1,503,"RT 5","RT 14",1056.00,S,N,A,-,Y,LA,7,5,-,R,44.930,H,-,S,Y,3,0,3,3,A,-,01,23152,A,N,C,C,A,A,H,-,C,D,1,,,,,Y,Y,A,07,0,2,1,0,0,0,0,0,0,"- ","- ",34.324770000000001,-118.50286,"LOS ANGELES",UNINCORPORATED,-118.50098300000001,34.323482300000002
6114172,2013,2014-03-03,1900,2013-06-14,0155,507884,0621,5,5,6,1985,0,0,0,,0,62T1E,"DEL MONTE DR","PARK VIEW RD",209.00,W,N,A,-,N,,,,,,,,,,Y,3,0,2,2,A,-,01,23152,A,M,D,E,A,A,H,-,C,D,0,,,,,Y,Y,A,01,0,2,0,0,0,0,0,0,0,"- ","- ",,,"LOS ANGELES","SANTA CLARITA",-118.56168839999999,34.406033600000001
6114207,2013,2014-03-03,1902,2013-06-16,0506,661,26,7,5,5,1902,0,0,0,,0,003,"DUARTE RD","LA CADENA AV",86.00,E,N,B,-,N,,,,,,,,,,Y,3,0,1,2,A,-,01,23152,A,N,B,E,A,A,H,-,C,D,0,,,,,Y,Y,A,01,0,1,0,0,0,0,0,0,0,"- ","- ",,,"LOS ANGELES",ARCADIA,-118.0492327,34.126894800000002
6115256,2013,2014-03-03,1942,2013-06-08,2250,40063,0153,6,5,7,1942,0,0,0,A,0,1T11,"7TH ST",BROADWAY,0.00,,Y,A,-,N,,,,,,,,,,N,3,0,1,2,C,-,18,,,N,G,B,E,A,H,-,C,D,0,Y,,,,Y,Y,-,"- ",0,1,0,0,1,0,0,0,0,"- ","- ",,,"LOS ANGELES","LOS ANGELES",-118.2533822,34.045224900000001
6115810,2013,2014-03-03,1942,2013-06-23,0300,40158,1676,7,5,7,1942,0,0,0,P,0,16A77,"GLENOAKS BL","ROSCOE BL",229.00,N,N,A,-,N,,,,,,,,,,Y,3,0,1,1,A,-,01,23152,A,N,F,J,A,A,H,-,C,A,0,,,,,Y,Y,D,22,0,1,0,0,0,0,0,0,0,"- ","- ",,,"LOS ANGELES","LOS ANGELES",-118.3597213,34.222893800000001
6115989,2013,2014-03-03,9525,2013-06-12,2340,19291,,3,3,4,1905,0,1,1,,2,204,"RT 210","CITRUS AV",50.00,W,N,A,-,Y,LA,7,210,-,R,40.590,H,-,E,Y,3,0,1,2,A,-,03,22350,,N,C,C,A,A,H,-,C,D,1,,,,,Y,Y,D,22,0,1,0,0,0,0,0,0,0,"- ","- ",34.120609999999999,-117.89112,"LOS ANGELES",AZUSA,-117.8879592,34.120763699999998
6117500,2013,2014-03-10,1953,2013-06-22,0736,8377,,6,5,6,1953,0,0,0,,0,001,"LOS ROBLES AV","MILES ST",100.00,S,N,A,-,N,,,,,,,,,,Y,3,0,1,3,A,-,03,22350,,N,C,B,F,A,H,-,A,D,0,Y,,,,Y,Y,-,"- ",0,1,0,0,1,0,0,0,0,"- ","- ",,,"LOS ANGELES",PASADENA,-118.1413222,34.133620700000002
6117573,2012,2013-12-13,9565,2012-10-06,1900,020370,,6,2,7,1942,0,1,1,,2,010,"RT 105","NASH ST",200.00,W,N,A,-,Y,LA,7,105,-,R,0.951,R,2,E,N,3,0,1,1,A,-,01,23152,A,N,E,I,A,A,H,-,C,D,1,,,,,Y,Y,A,01,0,1,0,0,0,0,0,0,0,"- ","- ",33.93103,-118.38760000000001,"LOS ANGELES","LOS ANGELES",-118.38684215000001,33.931014869999998
6118068,2013,2014-03-05,1900,2013-06-10,0636,467578,2607,1,5,6,1950,0,0,0,,0,260T1,"AVENUE R-4","50TH ST EAST",0.00,,Y,A,-,N,,,,,,,,,,Y,4,0,3,2,A,-,01,23152,A,M,D,C,A,A,H,-,A,D,0,,,,,Y,Y,A,07,0,0,3,0,0,0,0,0,0,"- ","- ",,,"LOS ANGELES",PALMDALE,-118.0406622,34.569015
6118657,2013,2014-03-03,1942,2013-06-22,0230,39122,1539,6,5,7,1942,0,0,0,O,0,15A21,"VINELAND AV","BURBANK BL",250.00,N,N,A,-,N,,,,,,,,,,N,3,0,1,2,A,-,11,21956,,N,G,B,D,A,H,-,C,A,0,Y,,,,Y,Y,N,60,0,1,0,0,1,0,0,0,0,"- ","- ",,,"LOS ANGELES","LOS ANGELES",-118.3703161,34.172900499999997
6119126,2013,2014-03-03,1942,2013-06-29,2325,38326,0923,6,5,7,1942,0,0,0,I,0,9T55,"VANOWEN ST","VAN NUYS BL",0.00,,Y,A,-,N,,,,,,,,,,N,3,0,2,2,A,-,09,21801,A,F,D,C,A,A,H,-,C,A,0,,,,,Y,Y,-,99,0,1,1,0,0,0,0,0,0,"- ","- ",,,"LOS ANGELES","LOS ANGELES",-118.4487324,34.193924899999999
6119141,2012,2014-02-18,9565,2012-07-17,2125,20173,,2,2,9,1900,0,3,5,,2,004,"IMPERIAL HWY","LA CIENEGA BL",200.00,E,N,A,-,N,,,,,,,,,,Y,3,0,1,2,A,-,01,23152,A,F,C,G,A,A,H,-,C,A,0,,Y,,,Y,Y,A,07,0,1,0,0,0,0,1,0,0,"- ","- ",33.930840000000003,-118.36659,"LOS ANGELES",UNINCORPORATED,-118.36946469,33.930822120000002
6119170,2013,2014-03-03,1942,2013-06-29,2040,39021,1581,6,5,7,1942,0,0,0,O,0,15T43,"WHITSETT AV","VALLEY SPRING LN",30.00,N,N,A,-,N,,,,,,,,,,Y,4,0,1,2,A,-,01,23152,A,N,C,E,A,A,H,-,C,D,0,,,,,Y,Y,D,22,0,0,1,0,0,0,0,0,0,"- ","- ",,,"LOS ANGELES","LOS ANGELES",-118.4052413,34.146807099999997
6119538,2013,2014-04-03,1941,2013-06-28,2157,6052,,5,5,7,1941,0,0,0,,0,,"4TH ST","XIMENO AV",0.00,,Y,A,-,N,,,,,,,,,,Y,3,0,2,2,A,-,08,22107,,F,B,C,A,A,H,-,C,A,0,,,Y,,Y,Y,A,,0,1,1,0,0,0,0,0,2,"- ","- ",,,"LOS ANGELES","LONG BEACH",-118.1415623,33.7716949
6119947,2013,2014-03-04,1944,2013-06-30,1843,337,M4,7,5,4,1944,0,0,0,,0,003,"ROSECRANS AV","BELL AV",690.00,W,N,A,-,N,,,,,,,,,,Y,3,0,1,4,A,-,01,23152,A,N,C,E,A,A,H,-,A,D,0,,,,,Y,Y,A,01,0,1,0,0,0,0,0,0,0,"- ","- ",,,"LOS ANGELES","MANHATTAN BEACH",-118.4147816,33.901799400000002
6121356,2013,2014-06-19,1965,2013-07-04,2300,3186,02B1,4,5,5,1965,0,0,0,,0,A002,"6TH ST","PACIFIC ST",0.00,,Y,A,-,N,,,,,,,,,,Y,4,0,2,4,A,-,01,23153,A,F,C,C,A,A,H,-,C,A,0,,,,,Y,Y,A,01,0,0,2,0,0,0,0,0,0,"- ","- ",,,"LOS ANGELES","SANTA MONICA",-118.48353229999999,34.008834899999997
6121906,2013,2014-03-10,1900,2013-06-29,1729,221993,641,6,5,6,1985,0,0,0,,0,62T1,"WELLSTON DR","ALTENA DR",54.00,S,N,A,-,N,,,,,,,,,,Y,3,0,1,1,A,-,08,22107,,M,E,I,A,A,H,-,A,D,0,,,,,Y,Y,D,22,0,1,0,0,0,0,0,0,0,"- ","- ",,,"LOS ANGELES","SANTA CLARITA",-118.5041598,34.451816100000002
6122101,2013,2014-03-05,1925,2013-06-20,1824,19364,167,4,5,6,1925,0,0,0,,0,001,"W GLENOAKS BL","BRAND BL",300.00,W,N,A,-,N,,,,,,,,,,N,4,0,1,2,A,I,"- ",,,N,D,G,A,A,H,-,A,A,0,,Y,,,Y,Y,L,,0,0,1,0,0,0,1,0,0,"- ","- ",,,"LOS ANGELES",GLENDALE,-118.2560075,34.159512100000001
6123262,2013,2014-03-04,9540,2013-06-29,0035,19649,,6,3,7,1942,0,1,1,,1,501,"RT 5","ROXFORD ST",1000.00,S,N,A,-,Y,LA,7,5,-,-,42.460,H,-,S,Y,3,0,1,2,A,-,01,23152,A,N,C,C,A,A,H,-,C,D,1,,,,Y,Y,Y,A,01,0,1,0,0,0,0,0,0,0,"- ","- ",34.30583,-118.48351,"LOS ANGELES","LOS ANGELES",-118.47639909999999,34.299776700000002
6124222,2013,2014-03-04,9580,2013-06-02,1041,18580,,7,1,7,1942,0,1,3,,2,118,"RT 118","IVERSON RD",887.00,W,N,A,-,Y,LA,7,118,-,R,0.920,H,-,E,Y,4,0,1,2,A,-,01,23152,A,N,B,C,A,A,H,-,A,D,1,,,,,Y,Y,A,01,0,0,1,0,0,0,0,0,0,"- ","- ",34.27599,-118.62142,"LOS ANGELES","LOS ANGELES",-118.62058330000001,34.275888000000002
6124343,2013,2014-03-07,9535,2013-06-02,0635,18989,,7,1,6,1922,0,1,1,,2,650,"RT 605","VALLEY BL",493.00,S,N,A,-,Y,LA,7,605,-,R,19.241,R,3,N,Y,3,0,1,1,A,-,01,23152,A,N,F,J,A,A,H,-,A,D,1,,,,,Y,Y,A,01,0,1,0,0,0,0,0,0,0,"- ","- ",34.05303,-118.00436999999999,"LOS ANGELES","EL MONTE",-118.00597209999999,34.051094900000002
6124439,2013,2014-03-04,9540,2013-06-16,0135,19788,,7,3,6,1985,0,1,1,,2,506,"RT 5","MAGIC MOUNTAIN PKWY",1000.00,S,N,A,-,Y,LA,7,5,-,R,53.380,H,-,N,Y,3,0,1,1,A,-,01,23152,A,N,E,I,A,A,H,-,D,D,1,,,,,Y,Y,A,01,0,1,0,0,0,0,0,0,0,"- ","- ",34.423259999999999,-118.58318,"LOS ANGELES","SANTA CLARITA",-118.58132000000001,34.419760500000002
6124467,2013,2014-03-05,1967,2013-06-02,2230,40221,511,7,5,2,1967,0,0,0,,0,SOUTH,"RT 1","CORONADO AV",58.00,E,N,A,-,Y,LA,7,1,-,-,4.170,H,-,S,Y,3,0,1,4,A,-,08,22107,,M,B,E,A,A,H,-,C,D,0,,,,,Y,Y,A,01,0,1,0,0,0,0,0,0,0,"- ","- ",,,"LOS ANGELES","SIGNAL HILL",-118.15220720000001,33.789794899999997
6125225,2013,2014-03-05,1942,2013-06-04,2310,36607,0335,2,5,7,1942,0,0,0,C,0,3T5,"10TH AV","JEFFERSON BL",0.00,,Y,A,-,N,,,,,,,,,,Y,4,0,2,2,A,-,01,23152,A,F,D,C,A,A,H,-,C,A,0,,,,,Y,Y,A,07,0,0,2,0,0,0,0,0,0,"- ","- ",,,"LOS ANGELES","LOS ANGELES",-118.3282622,34.025594900000002
6125602,2013,2014-03-01,1900,2013-05-25,2053,517841,0331,6,5,4,1939,0,0,0,,0,35T1,"MANHATTAN BEACH BL","HAWTHORNE BL",0.00,,Y,A,-,N,,,,,,,,,,N,4,0,1,2,A,-,05,21202,A,N,H,G,A,A,H,-,C,A,0,,Y,,,Y,Y,L,04,0,0,1,0,0,0,1,0,0,"- ","- ",,,"LOS ANGELES",LAWNDALE,-118.3527023,33.887414900000003
6127568,2013,2014-03-11,1942,2013-06-10,0155,38471,1684,1,5,7,1942,0,0,0,P,0,15T45,"TUXFORD ST","LANKERSHIM BL",0.00,,Y,A,-,N,,,,,,,,,,Y,2,0,1,1,A,-,01,23152,A,N,E,I,A,A,H,-,C,A,0,,,,,Y,Y,A,01,1,0,0,0,0,0,0,0,0,"- ","- ",,,"LOS ANGELES","LOS ANGELES",-118.3878223,34.222484999999999
6128718,2013,2014-03-05,1967,2013-06-04,0250,40203,916,2,5,2,1967,0,0,0,,0,NORTH,"CHERRY AV",WILLOW,228.00,N,N,A,-,N,,,,,,,,,,Y,3,0,1,1,A,-,01,23152,A,M,E,I,A,A,H,-,C,D,0,,,,,Y,Y,A,01,0,1,0,0,0,0,0,0,0,"- ","- ",,,"LOS ANGELES","SIGNAL HILL",-118.16770169999999,33.805109999999999
6129175,2013,2014-03-03,9540,2013-06-18,1529,15819,,2,2,6,1985,0,1,3,,1,144,"RT 14",HUMPHREYS,149.00,S,N,A,-,Y,LA,7,14,-,R,31.600,H,-,N,Y,2,0,1,2,A,-,01,23152,A,N,C,C,A,A,H,-,A,D,1,,,Y,,Y,Y,C,02,1,0,0,0,0,0,0,0,1,"- ","- ",34.410490000000003,-118.44593,"LOS ANGELES","SANTA CLARITA",-118.4462432,34.410025699999998
6129811,2013,2014-03-04,1942,2013-06-14,2355,37700,0665,5,5,7,1942,0,0,0,F,0,6T7,"MANSFIELD AV","LEXINGTON AV",0.00,,Y,A,-,N,,,,,,,,,,Y,4,0,2,2,A,-,01,23152,A,N,D,C,A,A,H,-,C,A,0,,,,,Y,Y,A,01,0,0,2,0,0,0,0,0,0,"- ","- ",,,"LOS ANGELES","LOS ANGELES",-118.3404723,34.092564899999999
6129907,2013,2014-03-05,1942,2013-06-14,0155,39009`,0938,5,5,7,1942,0,0,0,I,0,10T37,"OXNARD ST","FULTON AV",0.00,,Y,A,-,N,,,,,,,,,,Y,2,0,2,2,A,-,01,23152,A,N,A,C,A,A,H,-,C,A,0,,,,,Y,Y,A,01,1,0,1,0,0,0,0,0,0,"- ","- ",,,"LOS ANGELES","LOS ANGELES",-118.4225423,34.179385000000003