CASE_ID,ACCIDENT_YEAR,PROC_DATE,JURIS,COLLISION_DATE,COLLISION_TIME,OFFICER_ID,REPORTING_DISTRICT,DAY_OF_WEEK,CHP_SHIFT,POPULATION,CNTY_CITY_LOC,SPECIAL_COND,BEAT_TYPE,CHP_BEAT_TYPE,CITY_DIVISION_LAPD,CHP_BEAT_CLASS,BEAT_NUMBER,PRIMARY_RD,SECONDARY_RD,DISTANCE,DIRECTION,INTERSECTION,WEATHER_1,WEATHER_2,STATE_HWY_IND,CALTRANS_COUNTY,CALTRANS_DISTRICT,STATE_ROUTE,ROUTE_SUFFIX,POSTMILE_PREFIX,POSTMILE,LOCATION_TYPE,RAMP_INTERSECTION,SIDE_OF_HWY,TOW_AWAY,COLLISION_SEVERITY,NUMBER_KILLED,NUMBER_INJURED,PARTY_COUNT,PRIMARY_COLL_FACTOR,PCF_CODE_OF_VIOL,PCF_VIOL_CATEGORY,PCF_VIOLATION,PCF_VIOL_SUBSECTION,HIT_AND_RUN,TYPE_OF_COLLISION,MVIW,PED_ACTION,ROAD_SURFACE,ROAD_COND_1,ROAD_COND_2,LIGHTING,CONTROL_DEVICE,CHP_ROAD_TYPE,PEDESTRIAN_ACCIDENT,BICYCLE_ACCIDENT,MOTORCYCLE_ACCIDENT,TRUCK_ACCIDENT,NOT_PRIVATE_PROPERTY,ALCOHOL_INVOLVED,STWD_VEHTYPE_AT_FAULT,CHP_VEHTYPE_AT_FAULT,COUNT_SEVERE_INJ,COUNT_VISIBLE_INJ,COUNT_COMPLAINT_PAIN,COUNT_PED_KILLED,COUNT_PED_INJURED,COUNT_BICYCLIST_KILLED,COUNT_BICYCLIST_INJURED,COUNT_MC_KILLED,COUNT_MC_INJURED,PRIMARY_RAMP,SECONDARY_RAMP,LATITUDE,LONGITUDE,COUNTY,CITY,POINT_X,POINT_Y
6202677,2013,2014-04-04,1942,2013-09-15,2355,40643,1045,7,5,7,1942,0,0,0,J,0,9T53,"LINDLEY AV","CALIFA ST",166.00,N,N,A,-,N,,,,,,,,,,Y,3,0,1,2,A,-,01,23152,A,N,C,E,A,A,H,-,C,D,0,,,,,Y,Y,A,01,0,1,0,0,0,0,0,0,0,"- ","- ",,,"LOS ANGELES","LOS ANGELES",-118.52730219999999,34.1782702
6205470,2013,2014-04-03,1942,2013-09-08,2125,35936,1871,7,5,7,1942,0,0,0,R,0,5T21,"ROSECRANS AV","MENLO AV",820.00,E,N,A,-,N,,,,,,,,,,N,2,0,1,2,A,-,11,21955,,F,D,B,D,A,H,-,C,A,0,Y,,,,Y,Y,N,60,1,0,0,0,1,0,0,0,0,"- ","- ",,,"LOS ANGELES","LOS ANGELES",-118.2866554,33.901904799999997
6205688,2013,2014-05-08,1924,2013-06-18,2229,108241,11,2,5,5,1924,0,0,0,,0,8T3,"EL SEGUNDO BL","VERMONT AV",275.00,W,N,A,-,N,,,,,,,,,,N,4,0,1,2,A,-,01,23152,A,N,B,C,A,A,H,-,A,A,0,,,,,Y,Y,D,22,0,0,1,0,0,0,0,0,0,"- ","- ",,,"LOS ANGELES",GARDENA,-118.2926968,33.916424499999998
6206099,2013,2014-04-04,1900,2013-09-02,2110,515585,1334,1,5,5,1908,0,0,0,,0,133T2,"PARK ST","CLARK AV",150.00,W,N,A,-,N,,,,,,,,,,Y,4,0,1,2,A,-,01,23152,A,N,D,C,A,A,H,-,C,D,0,,,,,Y,Y,A,,0,0,1,0,0,0,0,0,0,"- ","- ",,,"LOS ANGELES",BELLFLOWER,-118.13443530000001,33.8783916
6206135,2013,2014-04-04,1941,2013-09-15,2017,10324,,7,5,7,1941,0,0,0,,0,,"GOLDEN AV","19TH ST",175.00,N,N,A,-,N,,,,,,,,,,Y,4,0,1,3,A,-,01,23152,,N,B,E,A,A,H,-,C,D,0,,,,,Y,Y,A,,0,0,1,0,0,0,0,0,0,"- ","- ",,,"LOS ANGELES","LONG BEACH",-118.2024222,33.792154699999998
6206302,2013,2014-03-27,9575,2013-08-17,0230,20182,,6,3,9,1900,0,1,3,,2,081,"ROSEMEAD BL","DEL MAR BL",20.00,N,N,A,-,N,,,,,,,,,,N,4,0,1,2,A,-,01,21200,5,N,B,G,A,A,H,-,C,D,0,,Y,,,Y,Y,L,04,0,0,1,0,0,0,1,0,0,"- ","- ",34.142620000000001,-118.07365,"LOS ANGELES",UNINCORPORATED,-118.07345220000001,34.142309699999998
6206925,2013,2014-04-04,1900,2013-09-13,2021,527065,1121,5,5,6,1992,0,0,0,,0,111T1,"10TH ST WEST","AVENUE H-12",0.00,,Y,A,-,N,,,,,,,,,,Y,4,0,1,2,A,-,01,23152,A,N,D,C,A,A,H,-,C,A,0,,,,,Y,Y,A,08,0,0,1,0,0,0,0,0,0,"- ","- ",,,"LOS ANGELES",LANCASTER,-118.1482322,34.707614999999997
6207003,2013,2014-04-03,1969,2013-08-11,2003,10184,PATRO,7,5,5,1969,0,0,0,,0,002,"MISSOURI AV","VICTORIA AV",0.00,,Y,A,-,N,,,,,,,,,,Y,3,0,2,2,A,-,12,22450,A,F,D,C,A,A,H,-,C,A,0,,,Y,,Y,Y,C,02,0,2,0,0,0,0,0,0,1,"- ","- ",,,"LOS ANGELES","SOUTH GATE",-118.2105423,33.946934900000002
6207007,2013,2014-04-03,1969,2013-08-26,2120,19164,PATRO,1,5,5,1969,0,0,0,,0,002,"FIRESTONE BL","LONG BEACH BL",8.00,E,N,A,-,N,,,,,,,,,,N,3,0,1,2,A,-,05,21650,1,N,D,G,A,A,H,-,C,A,0,,Y,,,Y,Y,L,04,0,1,0,0,0,0,1,0,0,"- ","- ",,,"LOS ANGELES","SOUTH GATE",-118.2202863,33.955610800000002
6207030,2013,2014-04-04,9575,2013-08-20,2220,019931,,2,3,7,1942,0,1,3,,2,044,"RT 134","RIVERSIDE DR",200.00,E,N,A,-,Y,LA,7,134,-,-,0.100,H,-,E,Y,4,0,2,5,A,-,03,22350,,N,C,C,A,A,H,-,C,D,1,,,,,Y,Y,A,01,0,0,2,0,0,0,0,0,0,"- ","- ",34.100560000000002,-118.23312,"LOS ANGELES","LOS ANGELES",-118.3813766,34.1543907
6207031,2013,2014-04-03,9575,2013-08-17,0450,20634,,6,3,6,1925,0,1,3,,2,090,"RT 2","COLORADO BL",10.00,E,N,A,-,Y,LA,7,2,-,R,18.560,H,-,E,Y,4,0,3,2,A,-,01,23152,,N,C,D,A,A,H,-,C,D,1,,,,,Y,Y,A,01,0,0,3,0,0,0,0,0,0,"- ","- ",34.143259999999998,-118.22705999999999,"LOS ANGELES",GLENDALE,-118.2275968,34.141661200000001
6207039,2013,2014-04-03,9575,2013-08-16,0300,20614,,5,3,7,1942,0,1,1,,2,061,"RT 210","SUNLAND BL",500.00,W,N,A,-,Y,LA,7,210,-,R,10.809,R,2,E,Y,3,0,1,1,A,-,01,23152,A,N,E,J,A,A,H,-,D,D,1,,,,,Y,Y,A,01,0,1,0,0,0,0,0,0,0,TO,"- ",,,"LOS ANGELES","LOS ANGELES",-118.33393220000001,34.263804899999997
6207461,2013,2014-01-18,9530,2013-01-02,2100,20483,,3,2,9,1900,0,3,5,,2,002,"MAIN ST","REDONDO BEACH BL",0.00,,Y,A,-,N,,,,,,,,,,Y,3,0,3,2,A,-,01,23152,A,F,D,C,A,A,H,-,C,A,0,,,,,Y,Y,A,01,0,2,1,0,0,0,0,0,0,"- ","- ",33.53342,-118.16343999999999,"LOS ANGELES",UNINCORPORATED,-118.2762323,33.892914900000001
6209670,2013,2014-04-08,1942,2013-09-13,0035,36698,0275,5,5,7,1942,0,0,0,B,0,2T15-W,"OLYMPIC BL","BEACON AV",2.00,W,N,A,-,N,,,,,,,,,,Y,3,0,1,1,A,-,01,23152,A,N,E,I,A,A,H,-,C,D,0,,,,,Y,Y,A,01,0,1,0,0,0,0,0,0,0,"- ","- ",,,"LOS ANGELES","LOS ANGELES",-118.27542800000001,34.049727400000002
6209947,2013,2014-04-05,9525,2013-08-30,2220,19264,,5,3,5,1926,0,1,1,,2,205,"RT 210","GRAND AV",125.00,E,N,A,-,Y,LA,7,210,-,R,41.640,H,-,W,Y,4,0,1,2,A,-,04,21703,,N,C,C,A,A,H,-,D,D,1,,,,,Y,Y,A,01,0,0,1,0,0,0,0,0,0,"- ","- ",34.120869999999996,-117.87081999999999,"LOS ANGELES",GLENDORA,-117.8742555,34.120822799999999
6210056,2013,2014-04-01,1975,2013-08-30,0345,405,,5,5,6,1975,0,0,0,,0,006,"NOGALES ST","VALLEY VIEW AV",0.00,,Y,A,-,N,,,,,,,,,,Y,4,0,1,2,A,-,01,23152,A,N,D,C,A,A,H,-,C,D,0,,,,,Y,Y,-,"- ",0,0,1,0,0,0,0,0,0,"- ","- ",34.0017,-117.5314,"LOS ANGELES","WEST COVINA",-117.88752220000001,34.004795000000001
6210069,2013,2014-04-02,1942,2013-08-28,0150,38233,1372,3,5,7,1942,0,0,0,M,0,,"S SAN PEDRO ST","E 50TH ST",55.00,S,N,A,-,N,,,,,,,,,,Y,4,0,1,3,A,-,01,23152,A,N,B,C,A,A,H,-,A,D,0,,,,,Y,Y,A,08,0,0,1,0,0,0,0,0,0,"- ","- ",,,"LOS ANGELES","LOS ANGELES",-118.2696206,33.997323999999999
6212469,2013,2014-04-07,1955,2013-09-11,0448,29981,80,3,5,6,1955,0,0,0,,0,005,"GRAND AV","PARCELS ST",45.00,W,N,A,-,N,,,,,,,,,,N,4,0,1,1,A,-,01,23152,A,N,A,I,A,A,H,-,C,A,0,,,,,Y,Y,A,01,0,0,1,0,0,0,0,0,0,"- ","- ",,,"LOS ANGELES",POMONA,-117.7554401,34.047719200000003
6214401,2013,2014-04-14,1920,2013-09-21,0911,12476,1920,6,5,6,1920,0,0,0,,0,003,"FIRESTONE BL","RYERSON AV",0.00,,Y,B,-,N,,,,,,,,,,N,4,0,1,2,A,-,09,21801,A,N,D,C,A,A,H,-,A,A,0,,,,,Y,Y,A,01,0,0,1,0,0,0,0,0,0,"- ","- ",,,"LOS ANGELES",DOWNEY,-118.15449,33.947699999999998
6214481,2013,2014-04-15,1900,2013-09-15,0345,467431,251,7,5,4,1945,0,0,0,,0,28T,"60TH ST","WOODWARD AV",0.00,,Y,A,-,N,,,,,,,,,,Y,3,0,2,2,A,-,01,23152,A,N,B,E,A,A,H,-,C,A,0,,,,,Y,Y,D,22,0,2,0,0,0,0,0,0,0,"- ","- ",,,"LOS ANGELES",MAYWOOD,-118.1847822,33.985225
6217351,2013,2014-04-07,1942,2013-08-20,1900,34332,2161,2,5,7,1942,0,0,0,,0,9T53,"VALLEY CIRCLE BL","BURBANK BL",30.00,N,N,A,-,N,,,,,,,,,,Y,4,0,3,2,A,-,01,23152,A,N,C,C,A,A,H,-,B,A,0,,,,,Y,Y,A,01,0,0,3,0,0,0,0,0,0,"- ","- ",,,"LOS ANGELES","LOS ANGELES",-118.6455411,34.171610999999999
6217570,2013,2014-04-11,1942,2013-09-02,0225,37613,1445,1,5,7,1942,0,0,0,N,0,8T35,"CENTINELA AV","PACIFIC AV",55.00,S,N,A,-,N,,,,,,,,,,Y,4,0,1,2,A,-,01,23152,A,N,C,E,A,A,H,-,C,A,0,,,,,Y,Y,A,01,0,0,1,0,0,0,0,0,0,"- ","- ",,,"LOS ANGELES","LOS ANGELES",-118.4327547,34.002577700000003
6218254,2013,2014-04-14,1942,2013-09-22,2350,31652,1545,7,5,7,1942,0,0,0,O,0,LOSANG,"MAGNOLIA BL","COLFAX AV",200.00,W,N,A,-,N,,,,,,,,,,Y,4,0,1,2,A,-,01,23152,A,F,C,E,A,A,H,-,C,D,0,,,,,Y,Y,A,01,0,0,1,0,0,0,0,0,0,"- ","- ",,,"LOS ANGELES","LOS ANGELES",-118.388442,34.164884899999997
6218642,2013,2014-04-28,9580,2013-09-16,2235,20296,,1,3,7,1942,0,1,2,,2,104,"RT 101","WINNETKA AV",1320.00,S,N,A,-,Y,LA,7,101,-,-,23.010,H,-,N,Y,4,0,1,2,A,-,03,22350,,N,C,C,A,A,H,-,C,D,1,,,,,Y,Y,A,01,0,0,1,0,0,0,0,0,0,"- ","- ",34.173029999999997,-118.56738,"LOS ANGELES","LOS ANGELES",-118.5652283,34.173255500000003
6219211,2013,2014-04-08,1965,2013-09-28,0208,3809,07A2,6,5,5,1965,0,0,0,,0,A008,"PICO BL","EUCLID ST",29.00,E,N,A,-,N,,,,,,,,,,Y,2,0,1,1,A,-,01,23152,A,N,E,I,A,A,H,-,C,D,0,,,,,Y,Y,-,"- ",1,0,0,0,0,0,0,0,0,"- ","- ",,,"LOS ANGELES","SANTA MONICA",-118.47759310000001,34.0151994
6221191,2013,2014-04-10,9580,2013-09-24,1040,019679,,2,1,7,1942,0,1,2,,2,103,"RT 101","BALBOA BL",1584.00,N,N,A,-,Y,LA,7,101,-,-,19.540,H,-,S,N,4,0,1,3,A,-,03,22350,,M,C,C,A,A,H,-,A,D,1,,,,,Y,Y,-,99,0,0,1,0,0,0,0,0,0,"- ","- ",34.1706,-118.50320000000001,"LOS ANGELES","LOS ANGELES",-118.5072275,34.171064899999998
6221270,2013,2014-03-29,9535,2013-08-31,2305,20381,,6,3,9,1900,0,2,4,,2,022,"OLYMPIC BL","ALMA AV",0.00,,Y,A,-,N,,,,,,,,,,Y,3,0,2,2,A,-,03,22350,,N,C,C,A,A,H,-,C,D,0,,,,,Y,Y,D,22,0,1,1,0,0,0,0,0,0,"- ","- ",34.01885,-118.19125,"LOS ANGELES",UNINCORPORATED,-118.19125219999999,34.018854900000001
6221272,2013,2014-04-03,9535,2013-08-30,2035,019725,,5,2,7,1942,0,1,1,,2,110,"RT 10","SOTO ST",480.00,W,N,A,-,Y,LA,7,10,S,-,18.990,H,-,E,N,2,0,1,2,C,-,18,,,N,G,B,E,A,H,-,C,D,0,Y,,,,Y,Y,-,"- ",1,0,0,0,1,0,0,0,0,"- ","- ",34.054470000000002,-118.20451,"LOS ANGELES","LOS ANGELES",-118.20485770000001,34.054452099999999
6221298,2013,2014-04-02,9535,2013-09-08,0244,20033,,7,3,5,1969,0,1,1,,2,074,"RT 710","LOS ANGELES RV",90.00,S,N,A,-,Y,LA,7,710,-,-,17.320,H,-,N,Y,2,0,5,3,A,-,08,22107,,F,E,I,A,A,H,-,C,D,1,,,,,Y,Y,D,22,1,2,2,0,0,0,0,0,0,"- ","- ",33.936709999999998,-118.17364000000001,"LOS ANGELES","SOUTH GATE",-118.1748611,33.935914099999998
6223947,2013,2014-04-22,9535,2013-08-25,2100,020626,,7,2,3,1914,0,1,1,,2,501,"RT 5","WASHINGTON BL",1400.00,N,N,A,-,Y,LA,7,5,-,-,11.860,H,-,S,Y,3,0,1,1,A,-,01,23152,A,M,E,I,A,A,H,-,C,D,1,,,,,Y,Y,A,07,0,1,0,0,0,0,0,0,0,"- ","- ",34.018700000000003,-118.14709999999999,"LOS ANGELES",COMMERCE,-118.14865519999999,33.999839999999999
6224800,2013,2014-03-21,1900,2013-08-29,2054,517798,1618,4,5,5,1977,0,0,0,,0,160T,"AVALON BL","JIM DEAR BL",0.00,,Y,A,-,N,,,,,,,,,,Y,4,0,1,1,A,-,01,23152,A,N,E,I,A,A,H,-,C,A,0,,,,,Y,Y,D,22,0,0,1,0,0,0,0,0,0,"- ","- ",,,"LOS ANGELES",CARSON,,
6225380,2013,2014-12-24,1972,2013-09-05,1303,15555,,4,5,6,1972,0,0,0,,0,,"TORRANCE BL","VAN NESS",0.00,,Y,A,-,N,,,,,,,,,,Y,3,0,1,2,A,-,09,21801,A,N,D,C,A,A,H,-,A,A,0,,,,,Y,Y,A,01,0,1,0,0,0,0,0,0,0,"- ","- ",,,"LOS ANGELES",TORRANCE,-118.3153423,33.8363449
6225925,2013,2014-11-17,9530,2013-01-13,0330,20463,,7,3,7,1941,0,1,1,,2,071,"RT 710","DEL AMO BL",22.00,S,N,A,-,Y,LA,7,710,-,-,10.687,R,1,N,Y,3,0,2,1,A,-,03,22350,,N,E,I,A,A,H,-,C,D,1,,,,,Y,Y,A,01,0,2,0,0,0,0,0,0,0,TO,"- ",33.507869999999997,-118.12284,"LOS ANGELES","LONG BEACH",-118.2061721,33.843354900000001
6225953,2013,2014-11-13,9530,2013-01-06,2347,20369,,7,3,7,1942,0,1,3,,2,310,"RT 91","VERMONT AV",8.00,E,N,A,-,Y,LA,7,91,-,-,6.012,I,5,W,Y,2,0,4,2,A,-,01,23152,A,N,C,C,A,B,H,-,C,A,1,,,,,Y,Y,A,07,1,0,3,0,0,0,0,0,0,"- ","- ",33.87285,-118.29076000000001,"LOS ANGELES","LOS ANGELES",-118.29174209999999,33.872866700000003
6226339,2013,2014-04-16,1900,2013-09-27,1400,270471,1431,5,5,4,1937,0,0,0,,0,143TI0,"LEAGUE AV","LASSALETTE ST",136.00,N,N,A,-,N,,,,,,,,,,Y,4,0,1,6,A,-,01,23152,A,N,B,E,A,-,H,-,A,D,0,,,,,Y,Y,D,22,0,0,1,0,0,0,0,0,0,"- ","- ",,,"LOS ANGELES","LA PUENTE",-117.9701859,34.043977400000003
6226531,2013,2014-03-28,1900,2013-09-28,1502,510594,2852,6,5,5,1915,0,0,0,,0,281T2,"WILLIAMS AV","COMPTON BL",60.00,S,N,A,-,N,,,,,,,,,,Y,3,0,2,4,A,-,03,22350,,F,D,C,A,A,H,-,C,D,0,,,,,Y,Y,A,07,0,1,1,0,0,0,0,0,0,"- ","- ",,,"LOS ANGELES",COMPTON,-118.1901404,33.896030600000003
6227183,2013,2014-04-09,9540,2013-09-22,0240,019337,,7,3,9,1900,0,2,4,,1,201,"SIERRA HWY","DAVENPORT RD",3168.00,S,N,A,-,N,,,,,,,,,,Y,4,0,1,1,A,-,01,23152,A,N,E,I,A,A,H,-,C,D,0,,,,,Y,Y,A,01,0,0,1,0,0,0,0,0,0,"- ","- ",34.47437,-118.3913,"LOS ANGELES",UNINCORPORATED,-118.3916909,34.473726599999999
6227898,2013,2014-04-08,1942,2013-09-01,1600,37700,0629,7,5,7,1942,0,0,0,F,0,6TL2,"FRANKLIN AV","WESTERN AV",0.00,,Y,A,-,N,,,,,,,,,,Y,3,0,1,2,A,-,01,23152,A,N,A,C,A,A,H,-,A,A,0,,,,,Y,Y,A,01,0,1,0,0,0,0,0,0,0,"- ","- ",,,"LOS ANGELES","LOS ANGELES",-118.3093123,34.105364899999998
6228181,2013,2014-04-08,1942,2013-09-28,0720,38471,1745,6,5,7,1942,0,0,0,Q,0,17TL15,"KINGSBURY ST","ZELZAH AV",120.00,W,N,A,-,N,,,,,,,,,,Y,4,0,1,2,C,-,18,,,N,D,C,A,A,H,-,A,D,0,,,,,Y,Y,-,"- ",0,0,1,0,0,0,0,0,0,"- ","- ",,,"LOS ANGELES","LOS ANGELES",-118.523764,34.262684999999998
6229929,2013,2014-04-16,1942,2013-09-21,0040,30083,0218,6,5,7,1942,0,0,0,B,0,11T21,"LA VETA TER","BELLEVUE AV",290.00,N,N,A,-,N,,,,,,,,,,Y,3,0,1,6,A,-,01,23152,A,N,C,E,A,A,H,-,C,D,0,,,,,Y,Y,A,07,0,1,0,0,0,0,0,0,0,"- ","- ",,,"LOS ANGELES","LOS ANGELES",-118.2580071,34.069994000000001
6230784,2013,2014-04-16,1913,2013-09-03,1615,3760,46,2,5,4,1913,0,0,0,,0,003,"BRIARCROFT RD","FINECROFT DR",0.00,,Y,A,-,N,,,,,,,,,,N,4,0,1,2,D,-,00,,,F,D,C,A,A,H,-,A,D,0,,,,,Y,Y,-,"- ",0,0,1,0,0,0,0,0,0,"- ","- ",,,"LOS ANGELES",CLAREMONT,-117.7390821,34.111204999999998
6231381,2013,2014-04-16,1942,2013-09-15,0005,41053,1243,7,5,7,1942,0,0,0,L,0,3A57,"VAN NESS AV","70TH ST",0.00,,Y,A,-,N,,,,,,,,,,N,4,0,1,2,A,-,10,21950,A,N,G,B,D,A,H,-,C,D,0,Y,,,,Y,Y,A,01,0,0,1,0,1,0,0,0,0,"- ","- ",,,"LOS ANGELES","LOS ANGELES",-118.3177622,33.976384899999999
6233629,2013,2014-04-12,9535,2013-09-08,0400,20374,,7,3,6,1922,0,1,1,,2,400,"RT 10","BALDWIN AV",1000.00,W,N,A,-,Y,LA,7,10,-,-,27.770,H,-,E,Y,4,0,1,3,A,-,03,22350,,N,C,C,A,A,H,-,D,D,0,,,,,Y,Y,A,07,0,0,1,0,0,0,0,0,0,"- ","- ",34.072290000000002,-118.05519,"LOS ANGELES","EL MONTE",-118.0556394,34.072294900000003
6233864,2013,2014-04-11,9580,2013-09-08,1442,019540,,7,2,9,1900,0,3,5,,1,010,"LATIGO CANYON RD","MCREYNOLDS RD",1584.00,N,N,A,-,N,,,,,,,,,,Y,3,0,2,1,A,-,03,22350,,N,E,I,A,A,H,-,A,D,0,,,,,Y,Y,A,01,0,2,0,0,0,0,0,0,0,"- ","- ",34.071269999999998,-118.25700999999999,"LOS ANGELES",UNINCORPORATED,-118.7808565,34.068367299999998
6234670,2013,2014-04-18,1965,2013-10-03,1243,3017,7C1,4,5,5,1965,0,0,0,,0,0A7,"HILL ST","23RD ST",98.00,W,N,A,-,N,,,,,,,,,,Y,4,0,1,2,A,-,01,23152,A,N,B,E,A,A,H,-,A,D,0,,,,,Y,Y,A,07,0,0,1,0,0,0,0,0,0,"- ","- ",,,"LOS ANGELES","SANTA MONICA",-118.4608537,34.013509399999997
6235249,2013,2014-03-20,1924,2013-07-25,0850,114574,10,4,5,5,1924,0,0,0,,0,002,"BUDLONG AV","EL SEGUNDO BL",10.00,S,N,A,-,N,,,,,,,,,,N,4,0,1,2,A,-,10,21950,A,M,G,B,B,A,H,-,A,A,0,Y,,,,Y,Y,I,11,0,0,1,0,1,0,0,0,0,"- ","- ",,,"LOS ANGELES",GARDENA,-118.2964022,33.916397400000001
6235569,2013,2014-04-17,9525,2013-09-19,1902,16283,,4,2,5,1990,0,1,3,,2,604,"RT 60","DIAMOND BAR BL",800.00,W,N,A,-,Y,LA,7,60,-,R,25.420,H,-,E,Y,3,0,1,3,A,-,01,23152,A,N,B,C,A,A,H,-,C,D,1,,,Y,,Y,Y,C,02,0,1,0,0,0,0,0,0,1,"- ","- ",34.022550000000003,-117.81037000000001,"LOS ANGELES","DIAMOND BAR",-117.8144712,34.020660399999997
6235962,2013,2014-04-14,9535,2013-09-21,0215,20374,,6,3,4,1962,0,1,1,,2,401,"RT 10","NEW AV",500.00,E,N,A,-,Y,LA,7,10,-,-,24.930,H,-,W,Y,4,0,1,2,A,-,01,23152,A,N,C,C,A,A,H,-,D,D,0,,,,,Y,Y,A,07,0,0,1,0,0,0,0,0,0,"- ","- ",34.072200000000002,-118.1041,"LOS ANGELES","SAN GABRIEL",-118.1050772,34.0721834
6236143,2013,2014-04-21,1942,2013-10-05,1230,40726,0437,6,5,7,1942,0,0,0,D,0,1TL11,"DRUID ST","MCPHEARSON ST",193.00,E,N,A,-,N,,,,,,,,,,Y,3,0,1,3,A,-,01,23152,A,N,B,C,A,A,H,-,A,D,0,,,,,Y,Y,A,08,0,1,0,0,0,0,0,0,0,"- ","- ",,,"LOS ANGELES","LOS ANGELES",-118.1818095,34.069444300000001
6236151,2013,2014-04-21,1942,2013-10-05,2325,40545,1115,6,5,7,1942,0,0,0,K,0,2T15,"TOWNSEND AV","YOSEMITE DR",0.00,,Y,A,-,N,,,,,,,,,,Y,4,0,1,2,A,-,01,23152,A,N,D,C,A,A,H,-,C,A,0,,,,,Y,Y,D,22,0,0,1,0,0,0,0,0,0,"- ","- ",,,"LOS ANGELES","LOS ANGELES",-118.2020522,34.132964899999997
6236409,2013,2014-05-07,9590,2013-09-25,0055,19829,,3,3,7,1942,0,1,1,,2,012,"RT 110","TUNNEL #4",300.00,N,N,A,-,Y,LA,7,110,-,-,25.488,R,2,N,Y,3,0,2,1,A,-,01,23152,A,N,E,I,A,A,H,-,C,D,1,,,,,Y,Y,A,01,0,2,0,0,0,0,0,0,0,TO,"- ",34.081870000000002,-118.22386,"LOS ANGELES","LOS ANGELES",-118.2285421,34.078124899999999
6236413,2013,2014-04-29,9590,2013-09-24,2250,18809,,2,3,7,1942,0,1,1,,2,061,"RT 10","WESTERN AV",450.00,E,N,A,-,Y,LA,7,10,-,R,12.910,H,-,W,Y,4,0,2,2,A,-,01,23152,A,N,C,C,A,A,H,-,D,D,1,,,,,Y,Y,A,07,0,0,2,0,0,0,0,0,0,"- ","- ",34.03736,-118.30544,"LOS ANGELES","LOS ANGELES",-118.3072229,34.037247100000002
6236419,2013,2014-04-19,9535,2013-09-22,0020,20028,,7,3,9,1900,0,1,1,,2,071,"3RD ST","RT 710",60.00,W,N,A,-,Y,LA,7,710,-,-,24.360,R,1,S,N,4,0,1,2,A,-,01,23152,A,N,C,C,A,A,H,-,C,A,1,,,,,Y,Y,A,07,0,0,1,0,0,0,0,0,0,TO,"- ",34.030670000000001,-118.17165,"LOS ANGELES",UNINCORPORATED,-118.1712163,34.030794499999999
6236435,2013,2014-04-19,9535,2013-09-14,1825,20033,,6,2,5,1943,0,1,1,,2,100,"RT 105","WRIGHT RD",10.00,E,N,A,-,Y,LA,7,105,-,R,13.220,H,-,E,N,4,0,2,2,A,-,01,23152,A,N,C,C,A,A,H,-,A,D,7,,,,,Y,Y,A,01,0,0,2,0,0,0,0,0,0,"- ","- ",33.914209999999997,-118.18376000000001,"LOS ANGELES",LYNWOOD,-118.1857969,33.914607400000001
6237606,2013,2014-04-10,9590,2013-09-05,0741,013179,,4,1,7,1942,0,1,1,,2,065,"RT 10","CENTRAL AV",200.00,E,N,A,-,Y,LA,7,10,-,-,16.540,H,-,W,Y,4,0,1,3,A,-,03,22350,,M,C,C,A,A,H,-,A,D,1,,,,,Y,Y,A,01,0,0,1,0,0,0,0,0,0,"- ","- ",34.032089999999997,-118.26224999999999,"LOS ANGELES","LOS ANGELES",-118.2433661,34.023766000000002
6238781,2013,2014-04-18,1942,2013-10-09,1850,33007,0468,3,5,7,1942,0,0,0,D,0,13TL22,"4TH ST","FRESNO ST",15.00,W,N,A,-,N,,,,,,,,,,Y,3,0,1,2,A,-,01,23152,A,F,C,C,A,A,H,-,A,D,0,,,,,Y,Y,A,07,0,1,0,0,0,0,0,0,0,"- ","- ",,,"LOS ANGELES","LOS ANGELES",-118.20130570000001,34.035904299999999
6238837,2013,2014-04-10,9540,2013-09-28,1803,19531,,6,2,9,1900,0,2,4,,2,205,"TYNDALL RD","WHITE FOX LN",3.00,S,N,A,-,N,,,,,,,,,,N,3,0,1,1,A,-,01,23152,A,N,E,I,A,A,H,-,A,D,0,,,Y,,Y,Y,C,06,0,1,0,0,0,0,0,0,1,"- ","- ",34.509039999999999,-118.31733,"LOS ANGELES",UNINCORPORATED,-118.317357,34.509050000000002
6241992,2013,2014-10-14,1900,2013-09-29,0155,522365,2608,7,5,6,1950,0,0,0,,0,263T1,"AVENUE R","25TH ST EAST",0.00,,Y,A,-,N,,,,,,,,,,Y,4,0,1,2,A,-,03,22350,,N,C,C,A,A,H,-,C,A,0,,,,,Y,Y,A,01,0,0,1,0,0,0,0,0,0,"- ","- ",,,"LOS ANGELES",PALMDALE,-118.0850023,34.572744999999998
6244459,2013,2014-04-21,1965,2013-10-10,1546,3812,10A1,4,5,5,1965,0,0,0,,0,A007,"PICO BL","18TH ST",0.00,,Y,A,-,N,,,,,,,,,,Y,3,0,2,3,A,-,03,22350,,N,C,C,A,A,H,-,A,D,0,,,,,Y,Y,A,01,0,1,1,0,0,0,0,0,0,"- ","- ",,,"LOS ANGELES","SANTA MONICA",-118.47166230000001,34.018344900000002
6245139,2013,2014-04-24,1942,2013-10-12,1705,38471,2103,6,5,7,1942,0,0,0,,0,9TL52,"TOPANGA CANYON BL","CHASE ST",10.00,N,N,A,-,Y,LA,7,27,-,-,16.141,I,5,N,N,4,0,1,2,A,-,"- ",,,N,D,B,B,A,H,-,A,A,0,Y,,,,Y,Y,A,07,0,0,1,0,1,0,0,0,0,"- ","- ",,,"LOS ANGELES","LOS ANGELES",-118.6060222,34.224200500000002
6246207,2013,2014-04-16,1900,2013-09-22,1040,457374,1430,7,5,4,1937,0,0,0,,0,143T1,"PUENTE AV","TEMPLE AV",319.00,N,N,A,-,Y,,,,,,,,,,Y,3,0,1,6,A,-,01,23152,A,N,B,C,A,A,H,-,A,D,0,,,,,Y,Y,D,22,0,1,0,0,0,0,0,0,0,"- ","- ",34.051340000000003,-117.98115,"LOS ANGELES","LA PUENTE",-117.9812302,34.051347