CASE_ID,ACCIDENT_YEAR,PROC_DATE,JURIS,COLLISION_DATE,COLLISION_TIME,OFFICER_ID,REPORTING_DISTRICT,DAY_OF_WEEK,CHP_SHIFT,POPULATION,CNTY_CITY_LOC,SPECIAL_COND,BEAT_TYPE,CHP_BEAT_TYPE,CITY_DIVISION_LAPD,CHP_BEAT_CLASS,BEAT_NUMBER,PRIMARY_RD,SECONDARY_RD,DISTANCE,DIRECTION,INTERSECTION,WEATHER_1,WEATHER_2,STATE_HWY_IND,CALTRANS_COUNTY,CALTRANS_DISTRICT,STATE_ROUTE,ROUTE_SUFFIX,POSTMILE_PREFIX,POSTMILE,LOCATION_TYPE,RAMP_INTERSECTION,SIDE_OF_HWY,TOW_AWAY,COLLISION_SEVERITY,NUMBER_KILLED,NUMBER_INJURED,PARTY_COUNT,PRIMARY_COLL_FACTOR,PCF_CODE_OF_VIOL,PCF_VIOL_CATEGORY,PCF_VIOLATION,PCF_VIOL_SUBSECTION,HIT_AND_RUN,TYPE_OF_COLLISION,MVIW,PED_ACTION,ROAD_SURFACE,ROAD_COND_1,ROAD_COND_2,LIGHTING,CONTROL_DEVICE,CHP_ROAD_TYPE,PEDESTRIAN_ACCIDENT,BICYCLE_ACCIDENT,MOTORCYCLE_ACCIDENT,TRUCK_ACCIDENT,NOT_PRIVATE_PROPERTY,ALCOHOL_INVOLVED,STWD_VEHTYPE_AT_FAULT,CHP_VEHTYPE_AT_FAULT,COUNT_SEVERE_INJ,COUNT_VISIBLE_INJ,COUNT_COMPLAINT_PAIN,COUNT_PED_KILLED,COUNT_PED_INJURED,COUNT_BICYCLIST_KILLED,COUNT_BICYCLIST_INJURED,COUNT_MC_KILLED,COUNT_MC_INJURED,PRIMARY_RAMP,SECONDARY_RAMP,LATITUDE,LONGITUDE,COUNTY,CITY,POINT_X,POINT_Y
6313470,2013,2014-12-02,9530,2013-03-03,2225,020364,,7,3,6,1972,0,1,1,,2,400,"RT 405","ARTESIA BL",15840.00,S,N,A,-,Y,LA,7,405,-,-,16.260,H,-,N,Y,3,0,2,2,A,-,01,23152,,N,B,C,A,A,H,-,C,D,1,,,,Y,Y,Y,A,01,0,2,0,0,0,0,0,0,0,"- ","- ",33.869210000000002,-118.33888,"LOS ANGELES",TORRANCE,-118.3386208,33.868845999999998
6315417,2013,2014-05-21,1928,2013-11-28,2146,384,H506,4,5,5,1928,0,0,0,,0,0H1,"INGLEWOOD AV","115TH ST",134.00,S,N,A,-,N,,,,,,,,,,N,4,0,1,2,A,-,11,21954,A,N,G,B,D,A,H,-,C,D,0,Y,,,,Y,Y,N,60,0,0,1,0,1,0,0,0,0,"- ","- ",,,"LOS ANGELES",HAWTHORNE,-118.36129219999999,33.929607300000001
6315437,2013,2014-05-21,9535,2013-11-30,0410,19706,,6,3,9,1900,0,1,1,,2,071,"RT 710","EASTERN AV",310.00,E,N,A,-,Y,LA,7,60,-,R,3.000,R,2,W,Y,3,0,1,1,A,-,01,23152,A,N,F,A,A,A,H,-,C,D,1,,,,,Y,Y,A,01,0,1,0,0,0,0,0,0,0,TO,"- ",34.035890000000002,-118.17304,"LOS ANGELES",UNINCORPORATED,-118.1747321,34.035004899999997
6316016,2013,2014-12-02,1942,2013-11-24,2300,40869,378,7,5,7,1942,0,0,0,,0,3T3,VERMONT,"39TH ST",282.00,N,N,A,-,N,,,,,,,,,,Y,4,0,1,1,B,-,22,,,N,E,I,A,A,H,-,C,D,0,,,,,Y,Y,I,12,0,0,1,0,0,0,0,0,0,"- ","- ",,,"LOS ANGELES","LOS ANGELES",-118.2915654,34.016458200000002
6316250,2013,2014-05-27,1969,2013-12-13,1929,10184,PATRO,5,5,5,1969,0,0,0,,0,003,"SAN MIGUEL AV","ARDMORE AV",220.00,S,N,A,-,N,,,,,,,,,,Y,4,0,1,3,A,-,09,21804,B,N,D,C,A,A,H,-,C,A,0,,,Y,,Y,Y,C,02,0,0,1,0,0,0,0,0,1,"- ","- ",,,"LOS ANGELES","SOUTH GATE",-118.1987697,33.956026000000001
6316893,2013,2014-06-20,1941,2013-12-30,2006,6152,,1,5,7,1941,0,0,0,,0,,"CHERRY AV","68TH ST",113.00,S,N,A,-,N,,,,,,,,,,Y,4,0,3,3,A,-,01,23152,A,N,C,C,A,A,H,-,C,A,0,,,,,Y,Y,A,,0,0,3,0,0,0,0,0,0,"- ","- ",,,"LOS ANGELES","LONG BEACH",-118.16878060000001,33.877965000000003
6317008,2013,2014-05-30,1912,2013-12-28,0045,13175,,6,5,6,1912,0,0,0,,0,,"BURBANK BL","VICTORY BL",0.00,,Y,B,-,N,,,,,,,,,,Y,3,0,1,1,A,-,01,23152,A,N,E,I,A,A,H,-,C,D,0,,,,,Y,Y,A,01,0,1,0,0,0,0,0,0,0,"- ","- ",34.183700000000002,-118.3228,"LOS ANGELES",BURBANK,-118.32318220000001,34.183754999999998
6318389,2013,2014-05-28,1942,2013-12-28,1850,25495,0774,6,5,7,1942,0,0,0,G,0,7T23,"LA BREA AV","SAINT ELMO DR",35.00,S,N,A,-,N,,,,,,,,,,N,4,0,1,2,A,-,01,23152,A,N,C,C,A,A,H,-,C,D,0,,,,,Y,Y,D,22,0,0,1,0,0,0,0,0,0,"- ","- ",,,"LOS ANGELES","LOS ANGELES",-118.3460876,34.044083499999999
6318706,2013,2014-05-19,9525,2013-11-30,2120,19891,,6,2,9,1900,0,2,4,,2,022,"ARROW HWY","HOMEREST AV",55.00,E,N,A,-,N,,,,,,,,,,Y,3,0,1,1,A,-,01,23152,A,N,E,I,A,A,H,-,D,D,0,,,,,Y,Y,A,07,0,1,0,0,0,0,0,0,0,"- ","- ",34.106819999999999,-117.91151000000001,"LOS ANGELES",UNINCORPORATED,-117.9115211,34.1069472
6319075,2014,2014-06-03,1942,2014-01-01,0130,38183,1795,3,5,7,1942,0,0,0,Q,0,16T25,"BALBOA BL","PARTHENIA ST",350.00,S,N,A,-,N,,,,,,,,,,N,2,0,1,2,A,-,11,21954,A,N,G,B,D,A,H,-,C,A,0,Y,,,,Y,Y,N,60,1,0,0,0,1,0,0,0,0,"- ","- ",,,"LOS ANGELES","LOS ANGELES",-118.50260766,34.22755033
6319291,2013,2014-06-02,1925,2013-12-14,1757,24179,129,6,5,6,1925,0,0,0,,0,005,"VERDUGO RD","LA CRESCENTA AV",0.00,,Y,A,-,N,,,,,,,,,,Y,4,0,1,2,A,-,12,21453,A,F,A,C,A,A,H,-,C,A,0,,,,,Y,Y,A,,0,0,1,0,0,0,0,0,0,"- ","- ",,,"LOS ANGELES",GLENDALE,-118.2297322,34.1967049
6319966,2013,2014-05-28,1942,2013-12-14,1930,38639,1849,6,5,7,1942,0,0,0,R,0,12T41,"IMPERIAL HWY","WILMINGTON BL",52.00,W,N,A,-,N,,,,,,,,,,Y,4,0,2,2,A,-,01,23152,,N,C,C,A,A,H,-,C,A,0,,,,,Y,Y,A,07,0,0,2,0,0,0,0,0,0,"- ","- ",,,"LOS ANGELES","LOS ANGELES",-118.23929320000001,33.929714400000002
6320108,2013,2014-05-30,1900,2013-12-13,1745,540664,1136,5,5,6,1992,0,0,0,,0,111T1,"30TH ST EAST","AVENUE H-8",321.00,S,N,A,-,N,,,,,,,,,,Y,4,0,3,3,A,-,04,21703,,N,C,C,A,A,H,-,D,B,0,,,,,Y,Y,A,01,0,0,3,0,0,0,0,0,0,"- ","- ",,,"LOS ANGELES",LANCASTER,-118.077162,34.710954800000003
6320111,2013,2014-05-29,1942,2013-12-27,0005,39586,1353,5,5,7,1942,0,0,0,M,0,4T43,"AVALON AV","VERNON AV",0.00,,Y,A,-,N,,,,,,,,,,Y,3,0,1,2,A,-,01,23152,A,N,A,C,A,A,H,-,C,A,0,,,,,Y,Y,A,01,0,1,0,0,0,0,0,0,0,"- ","- ",,,"LOS ANGELES","LOS ANGELES",-118.2652622,34.0038749
6320142,2013,2014-05-31,1942,2013-12-25,0525,40042,0488,3,5,7,1942,0,0,0,D,0,13TL22,"8TH ST EAST","SPENCE ST",3.00,E,N,A,-,N,,,,,,,,,,Y,4,0,1,1,A,-,01,23152,A,M,E,I,A,A,H,-,C,A,0,,,,,Y,Y,A,07,0,0,1,0,0,0,0,0,0,"- ","- ",,,"LOS ANGELES","LOS ANGELES",-118.20240339999999,34.020491100000001
6320181,2013,2014-06-02,1942,2013-12-20,1245,38471,1757,5,5,7,1942,0,0,0,Q,0,9TL52W,"VINTAGE ST","RUFFNER AV",268.00,W,N,A,-,N,,,,,,,,,,N,4,0,1,2,A,-,10,21954,B,N,A,B,E,A,H,-,A,D,0,Y,,,,Y,Y,N,60,0,0,1,0,1,0,0,0,0,"- ","- ",,,"LOS ANGELES","LOS ANGELES",-118.4974874,34.251973999999997
6320186,2013,2014-06-02,1942,2013-12-21,2200,35471,1006,6,5,7,1942,0,0,0,J,0,10T37,"STAGG ST","WHITE OAK AV",120.00,W,N,A,-,N,,,,,,,,,,Y,3,0,1,2,A,-,01,23152,A,N,A,E,A,A,H,-,C,D,0,,,,,Y,Y,A,01,0,1,0,0,0,0,0,0,0,"- ","- ",,,"LOS ANGELES","LOS ANGELES",-118.5190185,34.2120149
6320483,2013,2014-05-13,1901,2013-10-25,1855,273,31,5,5,5,1901,0,0,0,,0,003,"MISSION RD","MARENGO AV",0.00,,Y,A,-,N,,,,,,,,,,Y,4,0,1,2,A,-,09,21801,A,N,-,C,A,A,H,-,C,A,0,,,,,Y,Y,-,"- ",0,0,1,0,0,0,0,0,0,"- ","- ",,,"LOS ANGELES",ALHAMBRA,-118.1419523,34.081634899999997
6321185,2013,2014-05-29,1912,2013-12-13,0035,13072,BURBA,5,5,6,1912,0,0,0,,0,,"HOLLYWOOD WY","MAGNOLIA BL",0.00,,Y,A,-,N,,,,,,,,,,Y,3,0,1,2,A,-,01,23152,A,N,D,C,A,A,H,-,C,A,0,,,,,Y,Y,A,01,0,1,0,0,0,0,0,0,0,"- ","- ",,,"LOS ANGELES",BURBANK,-118.3470222,34.1678949
6322415,2013,2014-12-30,1942,2013-12-21,1820,38412,1681,6,5,7,1942,0,0,0,P,0,16X82,"LAUREL CANYON BL","WICKS ST",35.00,E,N,A,-,N,,,,,,,,,,N,4,0,2,2,A,-,05,21460,,N,C,A,A,A,H,-,C,-,0,,,,,Y,Y,A,01,0,0,2,0,0,0,0,0,0,"- ","- ",,,"LOS ANGELES","LOS ANGELES",-118.40053020000001,34.228927300000002
6322463,2013,2014-12-30,1942,2013-12-27,2100,39578,1721,5,5,7,1942,0,0,0,Q,0,17A23,"TULSA ST","CANOGA AV",20.00,E,N,A,-,N,,,,,,,,,,Y,4,0,1,1,A,-,03,22350,,N,E,I,A,A,H,-,C,D,0,,,,,Y,Y,-,"- ",0,0,1,0,0,0,0,0,0,"- ","- ",,,"LOS ANGELES","LOS ANGELES",-118.5972462,34.267524299999998
6323038,2013,2014-12-02,9525,2013-11-28,2300,20515,,4,3,5,1906,0,1,1,,2,104,"RT 10","FRANCISQUITO AV",950.00,E,N,A,-,Y,LA,7,10,-,-,32.850,H,-,E,Y,4,0,1,2,A,-,01,23152,A,N,C,C,A,A,H,-,C,D,1,,,,,Y,Y,A,01,0,0,1,0,0,0,0,0,0,"- ","- ",34.065860000000001,-117.96916,"LOS ANGELES","BALDWIN PARK",-117.9720743,34.068734900000003
6324148,2013,2014-10-30,9565,2013-02-17,1640,20442,,7,2,5,1965,0,1,1,,2,081,"RT 10","20TH ST",100.00,W,N,A,-,Y,LA,7,10,-,R,3.050,H,-,E,Y,4,0,1,2,A,-,01,23152,A,N,C,C,A,A,H,-,A,D,1,,,,,Y,Y,A,01,0,0,1,0,0,0,0,0,0,"- ","- ",34.121899999999997,-118.28297000000001,"LOS ANGELES","SANTA MONICA",-118.47135249999999,34.023857300000003
6324434,2013,2014-05-20,9580,2013-12-26,1202,019679,,4,1,7,1942,0,1,2,,2,105,"RT 101","TAMPA AV",528.00,S,N,A,-,Y,LA,7,101,-,-,22.150,H,-,S,Y,4,0,1,3,A,-,03,22350,,N,C,C,A,A,H,-,A,D,1,,,,,Y,Y,E,22,0,0,1,0,0,0,0,0,0,"- ","- ",34.173259999999999,-118.54655,"LOS ANGELES","LOS ANGELES",-118.5513354,34.173449300000001
6325214,2013,2014-05-14,1941,2013-12-06,1926,5615,,5,5,7,1941,0,0,0,,0,,"WALNUT AV",63RD,58.00,S,N,A,-,N,,,,,,,,,,Y,3,0,1,1,A,-,07,21658,A,N,E,I,A,A,H,-,C,D,0,,,,,Y,Y,A,,0,1,0,0,0,0,0,0,0,"- ","- ",,,"LOS ANGELES","LONG BEACH",-118.1730022,33.869025800000003
6325537,2013,2014-05-30,1942,2013-12-12,1900,38471,1523,4,5,7,1942,0,0,0,O,0,9TL52,"VICTORY BL","BABCOCK AV",26.00,W,N,A,-,N,,,,,,,,,,Y,4,0,2,2,A,-,09,21802,A,N,D,C,A,A,H,-,A,A,0,,,,,Y,Y,A,01,0,0,2,0,0,0,0,0,0,"- ","- ",,,"LOS ANGELES","LOS ANGELES",-118.406448,34.186685699999998
6326223,2013,2014-05-23,1948,2013-12-14,0337,449,1948,6,5,5,1948,0,0,0,,0,001,"AVENIDA CESAR CHAVEZ","SCHOOLSIDE AV",419.00,E,N,A,-,N,,,,,,,,,,Y,3,0,1,2,A,-,01,23152,A,N,A,C,A,A,H,-,C,A,0,,,,,Y,Y,-,"- ",0,1,0,0,0,0,0,0,0,"- ","- ",,,"LOS ANGELES","MONTEREY PARK",-118.1492351,34.039639899999997
6326605,2013,2014-05-20,1900,2013-11-30,2020,540241,2603,6,5,6,1950,0,0,0,,0,263T1,"AVENUE S","45TH ST EAST",0.00,,Y,A,-,N,,,,,,,,,,Y,4,0,3,2,A,-,01,23152,A,N,D,C,A,A,H,-,C,D,0,,,,,Y,Y,A,01,0,0,3,0,0,0,0,0,0,"- ","- ",,,"LOS ANGELES",PALMDALE,-118.049558,34.558101000000001
6326726,2013,2014-05-27,9575,2013-12-28,2315,019920,,6,3,6,1925,0,1,3,,2,090,"RT 2","HOLLY DR",776.00,E,N,A,-,Y,LA,7,2,-,R,19.200,H,-,E,Y,3,0,3,2,A,-,01,23152,A,N,F,C,A,A,H,-,C,D,1,,,,,Y,Y,A,01,0,1,2,0,0,0,0,0,0,"- ","- ",34.156190000000002,-118.22418,"LOS ANGELES",GLENDALE,-118.2240793,34.1544332
6326872,2013,2014-05-28,1942,2013-12-12,1740,37167,2045,4,5,7,1942,0,0,0,,0,20A34,"JAMES M WOOD BL","MARIPOSA AV",100.00,E,N,A,-,N,,,,,,,,,,Y,4,0,1,2,A,-,05,21650,,F,A,C,A,A,H,-,C,D,0,,,,,Y,Y,A,01,0,0,1,0,0,0,0,0,0,"- ","- ",,,"LOS ANGELES","LOS ANGELES",-118.29839269999999,34.055894899999998
6326873,2013,2014-05-28,1942,2013-12-15,0055,39299,2088,7,5,7,1942,0,0,0,,0,20T59,"WASHINGTON BL","ORCHARD AV",0.00,,Y,A,-,N,,,,,,,,,,Y,3,0,1,2,A,-,10,21950,A,F,G,B,B,A,H,-,C,A,0,Y,,,,Y,Y,A,01,0,1,0,0,1,0,0,0,0,"- ","- ",,,"LOS ANGELES","LOS ANGELES",-118.28877230000001,34.040014900000003
6326961,2013,2014-05-27,9540,2013-12-21,0003,019531,,6,3,7,1942,0,1,1,,2,406,"RT 405","SAN FERNANDO MISSION BL",2444.00,N,N,A,-,Y,LA,7,405,-,-,47.730,H,-,N,Y,3,0,1,1,A,-,01,23152,A,N,E,I,A,A,H,-,D,D,1,,,,,Y,Y,A,01,0,1,0,0,0,0,0,0,0,"- ","- ",34.275829999999999,-118.47078,"LOS ANGELES","LOS ANGELES",-118.4699708,34.278019200000003
6328065,2014,2014-06-02,1931,2014-01-05,2357,5294,1931,7,5,5,1931,0,0,0,,0,002,"MAYWOOD AV","RANDOLPH ST",0.00,,Y,A,-,N,,,,,,,,,,Y,4,0,2,3,A,-,12,21453,A,N,D,C,A,A,H,-,C,A,0,,,,,Y,Y,A,01,0,0,2,0,0,0,0,0,0,"- ","- ",,,"LOS ANGELES","HUNTINGTON PARK",-118.2026201,33.98336011
6328110,2014,2016-02-03,1929,2014-01-01,1738,195,1929,3,5,3,1929,0,0,0,,0,AREA3,"PACIFIC COAST HWY",ARTESIA,22.00,S,N,A,-,Y,LA,7,1,-,-,21.910,H,-,N,N,4,0,1,4,A,-,03,22350,,M,C,C,A,A,H,-,C,A,0,,,,,Y,Y,A,07,0,0,1,0,0,0,0,0,0,"- ","- ",,,"LOS ANGELES","HERMOSA BEACH",-118.39541561,33.872727480000002
6328669,2013,2014-05-16,1942,2013-11-28,0120,39586,0421,4,5,7,1942,0,0,0,D,0,1TL11,"MAIN ST","MOULTON AV",40.00,E,N,A,-,N,,,,,,,,,,N,3,0,1,2,A,-,11,21950,B,F,G,B,E,A,H,-,C,D,0,Y,,,,Y,Y,N,60,0,1,0,0,1,0,0,0,0,"- ","- ",,,"LOS ANGELES","LOS ANGELES",-118.2188123,34.065973399999997
6328946,2013,2014-05-27,1942,2013-12-07,1550,27595,2114,6,5,7,1942,0,0,0,,0,19TL74,"TOPANGA CANYON","ROSCOE BL",25.00,N,N,B,-,N,,,,,,,,,,Y,4,0,1,3,A,-,01,23152,A,N,C,C,A,B,H,-,A,A,0,,,,,Y,Y,A,01,0,0,1,0,0,0,0,0,0,"- ","- ",,,"LOS ANGELES","LOS ANGELES",-118.6060059,34.219743399999999
6328960,2013,2014-05-27,1942,2013-12-14,1955,38765,1668,6,5,7,1942,0,0,0,P,0,16T25,"TUJUNGA CANYON","HAMILTON DR",167.00,E,N,A,-,N,,,,,,,,,,Y,4,0,2,2,A,-,03,22350,,N,C,C,A,A,H,-,C,D,0,,,,,Y,Y,A,07,0,0,2,0,0,0,0,0,0,"- ","- ",,,"LOS ANGELES","LOS ANGELES",-118.270478,34.236643000000001
6329024,2013,2014-05-14,9535,2013-12-28,2340,19125,,6,3,4,1907,0,1,1,,2,072,"RT 710","ATLANTIC BL",550.00,S,N,E,-,Y,LA,7,710,-,-,21.740,H,-,N,Y,3,0,1,2,A,-,01,23152,A,N,C,C,A,B,H,-,C,D,1,,,,,Y,Y,D,22,0,1,0,0,0,0,0,0,0,"- ","- ",33.994770000000003,-118.17652,"LOS ANGELES",BELL,-118.1761642,33.993577999999999
6329040,2013,2014-05-16,9535,2013-12-25,0555,015336,,3,3,3,1914,0,1,1,,2,501,"RT 5","SIMMONS AV",231.00,S,N,A,-,Y,LA,7,5,-,-,11.000,H,-,S,Y,3,0,2,4,A,-,01,23152,A,N,C,C,A,A,H,-,D,D,1,,,,Y,Y,Y,D,22,0,1,1,0,0,0,0,0,0,"- ","- ",33.989899999999999,-118.1397,"LOS ANGELES",COMMERCE,-118.1390365,33.989030100000001
6329364,2013,2014-05-13,1901,2013-11-09,1733,225,17,6,5,5,1901,0,0,0,,0,004,"FREMONT AV","NORWOOD AV",247.00,S,N,A,-,N,,,,,,,,,,Y,4,0,3,2,A,-,03,22350,,F,C,C,A,A,H,-,C,D,0,,,,,Y,Y,A,01,0,0,3,0,0,0,0,0,0,"- ","- ",,,"LOS ANGELES",ALHAMBRA,-118.1519122,34.074967600000001
6329371,2013,2014-05-19,1901,2013-11-01,1812,134,27,5,5,5,1901,0,0,0,,0,003,"RAYMOND AV","MAIN ST",15.00,N,N,A,-,N,,,,,,,,,,N,4,0,1,2,A,-,10,21950,A,F,G,B,B,A,H,-,B,A,0,Y,,,,Y,Y,A,07,0,0,1,0,1,0,0,0,0,"- ","- ",,,"LOS ANGELES",ALHAMBRA,-118.1450456,34.0915459
6329822,2013,2014-05-27,1929,2013-12-28,0204,180,1929,6,5,3,1929,0,0,0,,0,002,"PIER AV","MANHATTAN AV",27.00,E,N,A,-,N,,,,,,,,,,Y,4,0,1,5,A,-,01,23153,A,N,C,C,F,A,H,-,C,D,0,Y,,,,Y,Y,A,01,0,0,1,0,1,0,0,0,0,"- ","- ",,,"LOS ANGELES","HERMOSA BEACH",-118.39918369999999,33.862971600000002
6329827,2013,2014-05-23,1900,2013-12-26,2059,530182,1012,4,5,3,1995,0,0,0,,0,101T3,"ZUMA BEACH ACCESS RD","RT 1",23.00,S,N,A,-,Y,LA,7,1,-,-,55.091,I,6,S,Y,2,0,1,1,A,-,01,23152,A,N,E,I,A,A,H,-,E,D,0,,,,,Y,Y,A,01,1,0,0,0,0,0,0,0,0,"- ","- ",,,"LOS ANGELES",MALIBU,-118.8191353,34.016524199999999
6330510,2013,2014-05-21,1942,2013-12-21,0450,39477,1987,6,5,7,1942,0,0,0,,0,17TL15,"CHASE ST","WOODMAN AV",0.00,,Y,A,-,N,,,,,,,,,,Y,3,0,3,2,A,-,01,23152,A,F,D,C,A,A,H,-,C,D,0,,,,,Y,Y,A,07,0,2,1,0,0,0,0,0,0,"- ","- ",,,"LOS ANGELES","LOS ANGELES",-118.43442229999999,34.2279549
6331333,2013,2014-05-21,1900,2013-11-08,2326,519516,1626,5,5,5,1977,0,0,0,,0,167T1,"SEPULVEDA BL","WILMINGTON AV",0.00,,Y,A,-,N,,,,,,,,,,Y,3,0,1,2,A,-,01,23152,A,N,A,C,A,A,H,-,C,A,0,,,,,Y,Y,A,01,0,1,0,0,0,0,0,0,0,"- ","- ",,,"LOS ANGELES",CARSON,-118.2553723,33.808374899999997
6332229,2013,2014-10-30,9565,2013-02-21,2030,20440,,4,2,5,1965,0,1,1,,2,081,"RT 10","CLOVERFIELD BL",25.00,E,N,A,-,Y,LA,7,10,-,R,3.340,H,-,E,Y,3,0,1,2,A,-,01,23152,A,N,C,C,A,A,H,-,C,D,1,,,,,Y,Y,A,01,0,1,0,0,0,0,0,0,0,"- ","- ",34.024709999999999,-118.46829,"LOS ANGELES","SANTA MONICA",-118.4664859,34.0251576
6332737,2013,2014-05-19,1956,2013-12-20,1905,1202,35,5,5,5,1956,0,0,0,,0,003,"AVIATION BL","HUNTINGTON LN",70.00,N,N,A,-,N,,,,,,,,,,N,4,0,1,2,A,-,11,21954,A,N,G,B,D,A,H,-,C,D,0,Y,,,,Y,Y,N,60,0,0,1,0,1,0,0,0,0,"- ","- ",,,"LOS ANGELES","REDONDO BEACH",-118.3829877,33.868265899999997
6332813,2013,2014-05-20,1900,2013-12-16,1800,525141,2312,1,5,5,1919,0,0,0,,0,230T,"183RD ST","STUDEBAKER RD",326.00,W,N,A,-,N,,,,,,,,,,Y,4,0,1,3,A,-,01,23152,A,M,C,C,A,A,H,-,C,A,0,,,,,Y,Y,A,01,0,0,1,0,0,0,0,0,0,"- ","- ",,,"LOS ANGELES",CERRITOS,-118.100883,33.865673600000001
6333154,2013,2014-05-12,1913,2013-11-04,1240,3612,73,1,5,4,1913,0,0,0,,0,004,"BASELINE RD","RT 210",129.00,E,N,B,-,Y,LA,7,210,-,R,51.704,R,4,E,Y,3,0,4,2,A,-,01,23153,A,N,C,E,A,A,H,-,C,D,0,,,,,Y,Y,-,"- ",0,2,2,0,0,0,0,0,0,"- ","- ",,,"LOS ANGELES",CLAREMONT,-117.69816830000001,34.120526300000002
6333303,2013,2014-05-20,1973,2013-12-30,0319,574,1973,1,5,1,1973,0,0,0,,0,001,"ALAMEDA ST","25TH ST",391.00,S,N,A,-,N,,,,,,,,,,N,4,0,1,1,A,-,01,23152,A,N,E,I,A,A,H,-,C,A,0,,,,,Y,Y,A,01,0,0,1,0,0,0,0,0,0,"- ","- ",,,"LOS ANGELES",VERNON,-118.2397795,34.013742000000001
6333533,2013,2014-05-16,1966,2013-12-12,1515,130,1,4,5,3,1966,0,0,0,,0,001,"HIGHLAND AV","MICHILLINDA AV",346.00,E,N,A,-,N,,,,,,,,,,Y,3,0,2,2,A,-,01,23152,A,N,B,E,A,A,H,-,A,D,0,,,,,Y,Y,A,01,0,1,1,0,0,0,0,0,0,"- ","- ",,,"LOS ANGELES","SIERRA MADRE",-118.06694090000001,34.164254900000003
6333926,2013,2014-02-03,9565,2013-04-14,0030,20333,,7,3,6,1933,0,1,1,,2,060,"RT 405","ARBOR VITAE ST",800.00,S,N,A,-,Y,LA,7,405,-,-,22.462,R,2,S,Y,3,0,3,1,A,-,08,22107,,N,F,I,A,A,H,-,C,D,1,,,,,Y,Y,A,01,0,1,2,0,0,0,0,0,0,"- ","- ",33.946629999999999,-118.36893999999999,"LOS ANGELES",INGLEWOOD,-118.3690155,33.950751799999999
6335481,2013,2014-12-16,9590,2013-12-25,0052,20677,,3,3,7,1942,0,1,1,,2,040,"RT 5","ESPERANZA ST",200.00,N,N,A,-,Y,LA,7,5,-,-,15.370,H,-,N,Y,4,0,1,3,A,-,03,22350,,N,C,C,A,A,H,-,C,D,1,,,,,Y,Y,A,01,0,0,1,0,0,0,0,0,0,"- ","- ",34.0227,-118.1987,"LOS ANGELES","LOS ANGELES",-118.1996415,34.022945800000002
6335979,2013,2014-05-14,9580,2013-12-24,1735,18588,,2,2,9,1900,0,1,3,,1,271,"RT 27","RT 1",528.00,N,N,A,-,Y,LA,7,27,-,-,0.100,H,-,S,Y,4,0,1,2,A,-,03,22350,,N,C,C,A,A,H,-,D,D,0,,,Y,,Y,Y,C,02,0,0,1,0,0,0,0,0,1,"- ","- ",34.041200000000003,-118.5788,"LOS ANGELES",UNINCORPORATED,-118.5787222,34.0413949
6336101,2013,2014-05-21,9535,2013-11-11,1015,13259,,1,1,9,1900,0,1,3,,2,620,"RT 60","RT 19",845.00,W,N,A,-,Y,LA,7,60,-,-,9.210,H,-,E,Y,4,0,1,2,A,-,07,21658,A,N,C,C,A,A,H,-,A,D,1,,,,,Y,Y,A,01,0,0,1,0,0,0,0,0,0,"- ","- ",34.030749999999998,-118.19862000000001,"LOS ANGELES",UNINCORPORATED,-118.07132729999999,34.041207
6336108,2013,2014-05-01,9535,2013-10-19,2150,20387,,6,2,9,1900,0,2,4,,2,012,"CITY TERRACE DR","RAMBOZ DR",20.00,S,N,A,-,N,,,,,,,,,,Y,4,0,1,2,A,-,01,23152,A,N,C,C,A,A,H,-,C,A,0,,,,,Y,Y,A,01,0,0,1,0,0,0,0,0,0,"- ","- ",34.0533,-118.18989999999999,"LOS ANGELES",UNINCORPORATED,-118.18862919999999,34.052710300000001
6336167,2013,2014-06-02,1920,2013-12-26,2008,11241,1920,4,5,6,1920,0,0,0,,0,002,"STEWART RD","RIVES AV",425.00,W,N,A,-,N,,,,,,,,,,Y,3,0,4,2,A,-,05,21650,,N,A,C,A,A,H,-,C,A,0,,,,,Y,Y,A,,0,3,1,0,0,0,0,0,0,"- ","- ",,,"LOS ANGELES",DOWNEY,-118.14922900000001,33.937632000000001
6338043,2013,2014-02-01,1900,2013-10-31,0154,467502,0463,4,5,4,1936,0,0,0,,0,46T1,"IMPERIAL HWY","LAS FLORES AV",300.00,E,N,A,-,N,,,,,,,,,,Y,4,0,1,1,A,-,01,23152,A,N,A,I,A,A,H,-,C,D,0,,,,,Y,Y,A,01,0,0,1,0,0,0,0,0,0,"- ","- ",,,"LOS ANGELES","LA MIRADA",-118.00812019999999,33.916799400000002
6338814,2013,2014-05-16,9535,2013-12-21,2350,19125,,6,3,5,1915,0,1,1,,2,075,"RT 710","ALONDRA BL",1000.00,N,N,B,-,Y,LA,7,710,-,-,14.180,H,-,S,Y,2,0,2,2,A,-,01,23152,A,N,D,C,A,A,H,-,C,D,1,,,,,Y,Y,A,01,1,1,0,0,0,0,0,0,0,"- ","- ",33.893000000000001,-118.188,"LOS ANGELES",COMPTON,-118.1881451,33.893326100000003
6338862,2013,2014-05-13,1942,2013-12-13,2320,25495,0723,5,5,7,1942,0,0,0,G,0,7TL23,"FAIRFAX AV","3RD ST",300.00,N,N,A,-,N,,,,,,,,,,Y,4,0,4,2,A,-,03,22350,,N,C,C,A,A,H,-,C,D,0,,,,,Y,Y,A,01,0,0,4,0,0,0,0,0,0,"- ","- ",,,"LOS ANGELES","LOS ANGELES",-118.3614256,34.072337699999999
6340816,2014,2014-06-04,1909,2014-01-02,1723,525,1909,4,5,4,1909,0,0,0,,0,001,"FLORENCE AV","AJAX AV",100.00,E,N,A,-,N,,,,,,,,,,N,3,0,1,2,A,-,08,22107,,F,B,C,A,A,H,-,C,D,0,,,,,Y,Y,-,,0,1,0,0,0,0,0,0,0,"- ","- ",,,"LOS ANGELES","BELL GARDENS",-118.16296234000001,33.967614349999998