CASE_ID,ACCIDENT_YEAR,PROC_DATE,JURIS,COLLISION_DATE,COLLISION_TIME,OFFICER_ID,REPORTING_DISTRICT,DAY_OF_WEEK,CHP_SHIFT,POPULATION,CNTY_CITY_LOC,SPECIAL_COND,BEAT_TYPE,CHP_BEAT_TYPE,CITY_DIVISION_LAPD,CHP_BEAT_CLASS,BEAT_NUMBER,PRIMARY_RD,SECONDARY_RD,DISTANCE,DIRECTION,INTERSECTION,WEATHER_1,WEATHER_2,STATE_HWY_IND,CALTRANS_COUNTY,CALTRANS_DISTRICT,STATE_ROUTE,ROUTE_SUFFIX,POSTMILE_PREFIX,POSTMILE,LOCATION_TYPE,RAMP_INTERSECTION,SIDE_OF_HWY,TOW_AWAY,COLLISION_SEVERITY,NUMBER_KILLED,NUMBER_INJURED,PARTY_COUNT,PRIMARY_COLL_FACTOR,PCF_CODE_OF_VIOL,PCF_VIOL_CATEGORY,PCF_VIOLATION,PCF_VIOL_SUBSECTION,HIT_AND_RUN,TYPE_OF_COLLISION,MVIW,PED_ACTION,ROAD_SURFACE,ROAD_COND_1,ROAD_COND_2,LIGHTING,CONTROL_DEVICE,CHP_ROAD_TYPE,PEDESTRIAN_ACCIDENT,BICYCLE_ACCIDENT,MOTORCYCLE_ACCIDENT,TRUCK_ACCIDENT,NOT_PRIVATE_PROPERTY,ALCOHOL_INVOLVED,STWD_VEHTYPE_AT_FAULT,CHP_VEHTYPE_AT_FAULT,COUNT_SEVERE_INJ,COUNT_VISIBLE_INJ,COUNT_COMPLAINT_PAIN,COUNT_PED_KILLED,COUNT_PED_INJURED,COUNT_BICYCLIST_KILLED,COUNT_BICYCLIST_INJURED,COUNT_MC_KILLED,COUNT_MC_INJURED,PRIMARY_RAMP,SECONDARY_RAMP,LATITUDE,LONGITUDE,COUNTY,CITY,POINT_X,POINT_Y
6534334,2014,2016-04-23,9590,2014-05-28,0130,20740,,3,3,7,1942,0,1,1,,2,062,"RT 10","WASHINGTON BL",50.00,W,N,A,-,Y,LA,7,10,-,-,14.739,R,2,E,Y,3,0,1,1,A,-,01,23152,A,N,F,A,A,A,H,-,C,D,1,,,Y,,Y,Y,C,02,0,1,0,0,0,0,0,0,1,TO,"- ",34.270829999999997,-118.34820999999999,"LOS ANGELES","LOS ANGELES",-118.27566252,34.0380702
6534779,2014,2014-07-31,1942,2014-05-26,2120,40673,0356,1,5,7,1942,0,0,0,C,0,12A49,"NORMANDIE AV","36TH ST",5.00,W,N,A,-,N,,,,,,,,,,Y,3,0,1,5,A,-,01,23152,A,M,C,E,A,A,H,-,C,D,0,,,,,Y,Y,A,07,0,1,0,0,0,0,0,0,0,"- ","- ",,,"LOS ANGELES","LOS ANGELES",-118.30021000000001,34.022799999999997
6534876,2014,2014-07-29,1942,2014-05-13,1900,31255,2004,2,5,7,1942,0,0,0,,0,20T56,"OXFORD AV","WILSHIRE BL",50.00,N,N,A,-,N,,,,,,,,,,Y,3,0,1,2,A,-,08,22100,5,M,B,C,A,A,H,-,A,D,0,,,Y,,Y,Y,C,03,0,1,0,0,0,0,0,0,1,"- ","- ",,,"LOS ANGELES","LOS ANGELES",-118.30783151,34.06183712
6536031,2014,2016-04-23,9550,2014-05-25,0325,20737,,7,3,6,1949,0,1,1,,2,651,"RT 605","IMPERIAL HWY",500.00,N,N,A,-,Y,LA,7,105,-,R,17.583,R,2,W,Y,3,0,1,1,A,-,01,23152,A,N,E,I,A,A,H,-,C,D,1,,,,,Y,Y,A,01,0,1,0,0,0,0,0,0,0,"- ","- ",33.92127,-118.10492000000001,"LOS ANGELES",NORWALK,-118.10902821000001,33.914009749999998
6536290,2014,2014-07-30,9530,2014-05-23,0450,20675,,5,3,9,1900,0,3,5,,2,001,"PARMELEE AV","96TH ST",20.00,S,N,B,-,N,,,,,,,,,,Y,3,0,1,2,A,-,01,23152,A,M,B,E,A,A,H,-,C,D,0,,,,,Y,Y,A,01,0,1,0,0,0,0,0,0,0,"- ","- ",33.949280000000002,-118.25019,"LOS ANGELES",UNINCORPORATED,-118.25021207,33.949225179999999
6537172,2014,2015-11-19,9540,2014-06-06,0025,019332,,5,3,9,1900,0,1,1,,2,512,"RT 5","SMOKEY BEAR RD",700.00,S,N,A,-,Y,LA,7,5,-,R,77.830,H,-,N,Y,4,0,2,3,A,-,03,22350,,N,C,C,A,A,H,-,B,D,1,,,,,Y,Y,A,07,0,0,2,0,0,0,0,0,0,"- ","- ",34.698070000000001,-118.79249,"LOS ANGELES",UNINCORPORATED,-118.79511666000001,34.705999060000003
6537240,2014,2014-07-29,1900,2014-05-02,1843,530669,1365,5,5,5,1952,0,0,0,,0,136K,"ROSECRANS AV","ORIZABA AV",0.00,,Y,A,-,N,,,,,,,,,,Y,4,0,2,2,A,-,01,23152,A,N,D,C,A,A,H,-,A,D,0,,,,,Y,Y,A,,0,0,2,0,0,0,0,0,0,"- ","- ",,,"LOS ANGELES",PARAMOUNT,-118.15796001,33.90375006
6537256,2014,2015-03-12,1906,2014-05-15,1526,4405,1906,4,5,5,1906,0,0,0,,0,001,"KENMORE AV","BALDWIN PARK BL",0.00,,Y,A,-,N,,,,,,,,,,N,3,0,1,2,A,-,17,21200,A,N,A,G,A,A,H,-,A,D,0,,Y,,,Y,Y,L,04,0,1,0,0,0,0,1,0,0,"- ","- ",,,"LOS ANGELES","BALDWIN PARK",-117.97117004,34.077700100000001
6537349,2014,2014-08-20,1942,2014-06-19,2250,40971,0393,4,5,7,1942,0,0,0,C,0,3T5,"CRENSHAW BL","HOMELAND DR",0.00,,Y,A,-,N,,,,,,,,,,N,2,0,1,2,A,-,10,21950,A,F,G,B,B,A,H,-,C,A,0,Y,,,,Y,Y,-,99,1,0,0,0,1,0,0,0,0,"- ","- ",,,"LOS ANGELES","LOS ANGELES",-118.33374012,34.005330110000003
6538348,2014,2016-04-23,9575,2014-06-27,1425,20729,,5,2,7,1942,0,1,1,,2,060,"RT 210","OSBORNE ST",1000.00,W,N,A,-,Y,LA,7,210,-,R,7.630,H,-,E,Y,3,0,1,1,A,-,01,23152,A,N,E,J,A,A,H,-,A,D,1,,,Y,,Y,Y,C,02,0,1,0,0,0,0,0,0,1,"- ","- ",34.276000000000003,-118.386,"LOS ANGELES","LOS ANGELES",-118.3844761,34.275785579999997
6538914,2014,2016-04-23,1942,2014-06-09,0100,40567,1566,1,5,7,1942,0,0,0,O,0,10T35,"LANKERSHIM BL","RT 134",0.00,,Y,A,-,Y,LA,7,134,-,-,0.631,R,4,W,Y,4,0,1,2,A,-,01,23152,A,N,C,C,A,A,H,-,C,A,0,,,,,Y,Y,A,01,0,0,1,0,0,0,0,0,0,"- ",NF,,,"LOS ANGELES","LOS ANGELES",-118.36607024,34.153307359999999
6538980,2014,2014-06-27,9565,2014-03-22,0053,020653,,6,3,9,1900,0,2,4,,2,022,"NORMANDIE AV","CENTURY BL",60.00,S,N,A,-,N,,,,,,,,,,Y,4,0,1,1,A,-,01,23152,A,N,E,I,A,A,H,-,C,D,0,,,,,Y,Y,A,01,0,0,1,0,0,0,0,0,0,"- ","- ",33.945230000000002,-118.30023,"LOS ANGELES",UNINCORPORATED,-118.30028548,33.945325510000004
6541028,2014,2016-04-29,9590,2014-07-11,2143,20527,,5,2,7,1942,0,1,1,,2,083,"RT 5","RIVERSIDE DR",1500.00,S,N,A,-,Y,LA,7,5,-,-,21.660,H,-,S,Y,4,0,3,2,A,-,03,22350,,N,C,C,A,A,H,-,C,D,1,,,,,Y,Y,A,01,0,0,3,0,0,0,0,0,0,"- ","- ",34.088180000000001,-118.23642,"LOS ANGELES","LOS ANGELES",-118.24077763,34.092178240000003
6541950,2014,2016-06-04,9580,2014-07-06,1935,019930,,7,2,7,1942,0,1,1,,2,404,"RT 405","BURBANK BL",15.00,S,N,A,-,Y,LA,7,405,-,-,40.290,H,-,N,N,4,0,1,2,A,-,01,23152,A,F,C,C,A,A,H,-,D,D,1,,,,,Y,Y,A,07,0,0,1,0,0,0,0,0,0,"- ","- ",34.17212,-118.46758,"LOS ANGELES","LOS ANGELES",-118.46755138,34.17219721
6542227,2014,2014-08-20,1942,2014-06-21,0225,38477,1555,6,5,7,1942,0,0,0,O,0,15T43,"RIVERSIDE DR","ENSIGN AV",1077.00,W,N,A,-,N,,,,,,,,,,Y,2,0,1,1,A,-,01,23152,A,N,E,I,A,A,H,-,C,D,0,,,,,Y,Y,A,01,1,0,0,0,0,0,0,0,0,"- ","- ",,,"LOS ANGELES","LOS ANGELES",-118.37469426,34.152660640000001
6544618,2014,2014-08-13,1975,2014-06-29,1634,306,1975,7,5,6,1975,0,0,0,,0,006,"TUESDAY DR","WEDNESDAY DR",85.00,E,N,A,-,N,,,,,,,,,,,3,0,3,2,A,-,01,23153,A,F,B,C,A,A,H,-,A,D,0,,,,,Y,Y,-,,0,2,1,0,0,0,0,0,0,"- ","- ",,,"LOS ANGELES","WEST COVINA",-117.90052403,34.014025259999997
6544728,2014,2014-08-12,1975,2014-06-20,1909,421,,5,5,6,1975,0,0,0,,0,001,"BADILLO AV","DAVID ST",0.00,,Y,A,-,N,,,,,,,,,,N,4,0,1,2,A,-,10,21950,A,F,G,B,B,A,H,-,A,A,0,Y,,,,Y,Y,-,,0,0,1,0,1,0,0,0,0,"- ","- ",,,"LOS ANGELES","WEST COVINA",-117.94351003,34.087120050000003
6547045,2014,2016-02-05,9525,2014-06-22,2345,020216,,7,3,5,1906,0,1,1,,2,104,"RT 10","PUENTE AV",2000.00,W,N,A,-,Y,LA,7,10,-,-,32.970,H,-,E,Y,4,0,2,2,A,-,01,23152,A,N,C,C,A,A,H,-,C,D,1,,,,,Y,Y,A,01,0,0,2,0,0,0,0,0,0,"- ","- ",34.069159999999997,-117.96826,"LOS ANGELES","BALDWIN PARK",-117.96894043,34.069162589999998
6547397,2014,2014-08-18,1976,2014-06-17,0040,851,,2,5,3,1964,0,0,0,,0,,"BROADWAY AV","WASHINGTON BL",1050.00,S,N,A,-,N,,,,,,,,,,Y,4,0,3,4,A,-,03,22350,,N,C,C,A,A,H,-,C,D,0,,,,,Y,Y,A,01,0,0,3,0,0,0,0,0,0,"- ","- ",,,"LOS ANGELES","SANTA FE SPRINGS",-118.07067692,33.968881920000001
6548180,2014,2016-02-09,9590,2014-06-20,2315,20697,,5,3,7,1942,0,1,1,,2,010,"RT 110","TUNNEL #4",100.00,N,N,A,-,Y,LA,7,110,-,-,25.390,H,-,N,Y,2,0,6,3,A,-,01,23152,A,N,D,C,A,A,H,-,C,D,1,,,,,Y,Y,A,07,1,0,5,0,0,0,0,0,0,"- ","- ",34.07855,-118.22797,"LOS ANGELES","LOS ANGELES",-118.22805925,34.078507860000002
6548487,2014,2014-08-22,1942,2014-07-01,1615,26805,1602,2,5,7,1942,0,0,0,P,0,16SLO5,GLENOAKS,"S PAXTON ST",15.00,N,N,A,-,N,,,,,,,,,,Y,4,0,1,2,A,-,12,21453,A,F,D,C,A,A,H,-,A,A,0,,,,,Y,Y,D,22,0,0,1,0,0,0,0,0,0,"- ","- ",,,"LOS ANGELES","LOS ANGELES",-118.41804086,34.279682200000003
6549499,2014,2014-08-16,1942,2014-06-20,1940,40491,2062,5,5,7,1942,0,0,0,,0,14T47,"ARLINGTON AV","COUNTRY CLUB DR",85.00,S,N,A,-,N,,,,,,,,,,Y,4,0,2,3,A,-,01,23152,A,N,C,C,A,A,H,-,A,A,0,,,,,Y,Y,A,07,0,0,2,0,0,0,0,0,0,"- ","- ",,,"LOS ANGELES","LOS ANGELES",-118.31636855000001,34.050041790000002
6551728,2014,2015-04-28,9580,2014-12-13,0051,20345,,6,3,7,1942,0,1,1,,2,404,"RT 405","SEPULVEDA BL",626.00,S,N,A,-,Y,LA,7,405,-,-,38.500,H,-,N,Y,1,1,0,2,A,-,01,23152,A,N,C,C,A,B,H,-,D,D,1,,,,Y,Y,Y,D,22,0,0,0,0,0,0,0,0,0,"- ","- ",34.149389999999997,-118.46867,"LOS ANGELES","LOS ANGELES",-118.47002624,34.14696275
6555537,2013,2014-11-10,9550,2013-02-03,2145,020469,,7,2,9,1900,0,1,3,,2,602,"RT 60","AZUSA AV",2500.00,E,N,A,-,Y,LA,7,60,-,-,18.350,H,-,W,Y,4,0,5,2,A,-,01,23152,A,N,C,C,A,A,H,-,D,D,1,,,,,Y,Y,A,01,0,0,5,0,0,0,0,0,0,"- ","- ",33.998449999999998,-117.93082,"LOS ANGELES",UNINCORPORATED,-117.92303010000001,33.996084099999997
6555650,2013,2014-11-19,9550,2013-02-09,0005,020230,,6,3,6,1949,0,1,1,,2,651,"RT 605","IMPERIAL HWY",528.00,N,N,B,-,Y,LA,7,605,-,R,7.980,H,-,N,Y,2,0,1,2,A,-,01,23152,A,N,C,C,A,A,H,-,C,D,1,,,,,Y,Y,A,01,1,0,0,0,0,0,0,0,0,"- ","- ",33.918799999999997,-118.1044,"LOS ANGELES",NORWALK,-118.104455,33.920613000000003
6555725,2013,2014-11-10,9550,2013-02-24,0150,18360,,7,3,9,1900,0,1,3,,2,600,"RT 60","HACIENDA BL",1000.00,W,N,A,-,Y,LA,7,60,-,-,15.740,H,-,W,Y,3,0,2,3,A,-,01,23152,A,N,C,C,A,A,H,-,C,D,1,,,,,Y,Y,A,01,0,1,1,0,0,0,0,0,0,"- ","- ",34.009430000000002,-117.97183,"LOS ANGELES",UNINCORPORATED,-117.9699658,34.008672799999999
6556006,2013,2014-11-10,9550,2013-01-12,0515,20037,,6,3,6,1920,0,1,1,,2,500,"RT 5","RT 605",375.00,S,N,A,-,Y,LA,7,5,-,-,6.750,H,-,S,Y,4,0,1,1,A,-,08,22107,,M,E,I,A,A,H,-,D,D,1,,,,,Y,Y,A,01,0,0,1,0,0,0,0,0,0,"- ","- ",33.940040000000003,-118.09596999999999,"LOS ANGELES",DOWNEY,-118.0951329,33.938808999999999
6556156,2013,2014-12-24,9550,2013-02-08,0602,18531,,5,1,9,1900,0,1,1,,2,650,"RT 605","SARAGOSA ST",1910.00,N,N,A,-,Y,LA,7,605,-,R,12.790,H,-,N,Y,2,0,1,2,A,-,01,23152,A,F,B,C,A,A,H,-,C,D,1,,,Y,,Y,Y,A,07,1,0,0,0,0,0,0,0,1,"- ","- ",33.971559999999997,-118.08091,"LOS ANGELES",UNINCORPORATED,-118.07399599999999,33.982455799999997
6556222,2013,2014-11-10,9550,2013-01-13,0305,20479,,7,3,9,1900,0,1,3,,2,601,"RT 60","HACIENDA BL",300.00,E,N,A,-,Y,LA,7,60,-,-,16.020,H,-,W,Y,2,0,1,2,A,-,01,23152,A,N,C,C,A,A,H,-,C,D,1,,,,,Y,Y,A,01,1,0,0,0,0,0,0,0,0,"- ","- ",34.005470000000003,-117.95952,"LOS ANGELES",UNINCORPORATED,-117.9647121,34.007094899999998
6557576,2014,2014-08-15,9565,2014-06-03,0501,020556,,2,3,9,1900,0,3,5,,2,002,"VAN NESS AV","CENTURY BL",4.00,S,N,A,-,N,,,,,,,,,,Y,3,0,1,1,A,-,01,23152,A,N,E,I,A,A,H,-,B,D,0,,,,,Y,Y,A,01,0,1,0,0,0,0,0,0,0,"- ","- ",33.945279999999997,-118.31757,"LOS ANGELES",UNINCORPORATED,-118.31772024,33.945449029999999
6558713,2014,2014-08-13,1942,2014-06-21,1750,40440,0529,6,5,7,1942,0,0,0,E,0,5T25,"ANAHEIM ST","FLINT AV",0.00,,Y,A,-,N,,,,,,,,,,Y,4,0,2,2,A,-,01,23152,A,N,D,C,A,A,H,-,A,A,0,,,,,Y,Y,A,01,0,0,2,0,0,0,0,0,0,"- ","- ",,,"LOS ANGELES","LOS ANGELES",-118.24943009,33.780680019999998
6558798,2014,2014-08-22,1942,2014-07-10,1015,39835,0521,4,5,7,1942,0,0,0,E,0,5A11,"GAFFEY ST","ANAHEIM ST",760.00,S,N,A,-,N,,,,,,,,,,Y,2,0,4,2,A,-,01,23152,A,N,C,C,A,A,H,-,A,D,0,,,,,Y,Y,A,01,1,2,1,0,0,0,0,0,0,"- ","- ",,,"LOS ANGELES","LOS ANGELES",-118.29629421999999,33.780299790000001
6558852,2014,2016-05-07,9580,2014-07-05,2355,019876,,6,3,7,1942,0,1,2,,2,101,"RT 101","MOORPARK ST",150.00,N,N,A,-,Y,LA,7,101,-,-,11.500,H,-,S,Y,2,0,1,1,A,-,01,23152,A,N,E,I,A,A,H,-,C,D,1,,,,,Y,Y,A,01,1,0,0,0,0,0,0,0,0,"- ","- ",34.151229999999998,-118.37528,"LOS ANGELES","LOS ANGELES",-118.37490067,34.150938189999998
6559730,2014,2014-08-15,1942,2014-05-31,2030,40063,0467,6,5,7,1942,0,0,0,D,0,4T43,"SOTO ST","4TH ST",0.00,,Y,A,-,N,,,,,,,,,,N,3,0,1,2,A,-,10,21950,A,F,G,B,B,A,H,-,C,D,0,Y,,,,Y,Y,N,60,0,1,0,0,1,0,0,0,0,"- ","- ",,,"LOS ANGELES","LOS ANGELES",-118.2117701,34.04062004
6559967,2014,2016-01-12,1920,2014-07-04,0035,11992,,5,5,6,1920,0,0,0,,0,002,"IMPERIAL HWY","SMALLWOOD AV",0.00,,Y,A,-,N,,,,,,,,,,Y,3,0,1,1,A,-,01,23152,A,N,E,I,A,A,H,-,C,A,0,,,Y,,Y,Y,C,02,0,1,0,0,0,0,0,0,1,"- ","- ",,,"LOS ANGELES",DOWNEY,-118.15518007999999,33.92567004
6559999,2014,2014-08-22,1931,2014-07-05,1517,5595,1931,6,5,5,1931,0,0,0,,0,004,"FLORENCE AV","CALIFORNIA AV",300.00,W,N,A,-,N,,,,,,,,,,N,4,0,4,3,A,-,01,23153,A,N,C,C,A,A,H,-,A,D,0,,,,,Y,Y,A,01,0,0,4,0,0,0,0,0,0,"- ","- ",,,"LOS ANGELES","HUNTINGTON PARK",-118.20344,33.971939999999996
6560502,2014,2014-08-13,1941,2014-06-07,1949,10130,,6,5,7,1941,0,0,0,,0,,"CARSON ST","LOS COYOTES DIAGONAL",0.00,,Y,A,-,N,,,,,,,,,,Y,4,0,1,2,E,-,24,,,N,C,C,A,A,H,-,A,A,0,,,,,Y,Y,A,,0,0,1,0,0,0,0,0,0,"- ","- ",,,"LOS ANGELES","LONG BEACH",-118.09891003,33.83230004
6560606,2014,2016-04-21,1941,2014-06-27,0018,3319,,5,5,7,1941,0,0,0,,0,,"PACIFIC COAST HWY","LOYNES DR",0.00,,Y,A,-,Y,LA,7,1,-,-,1.311,I,5,N,Y,4,0,1,2,A,-,01,23152,B,N,D,C,A,A,H,-,C,A,0,,,,,Y,Y,A,,0,0,1,0,0,0,0,0,0,"- ","- ",,,"LOS ANGELES","LONG BEACH",-118.11685893000001,33.767337810000001
6560610,2014,2014-08-22,1941,2014-06-30,0034,10242,,1,5,7,1941,0,0,0,,0,,"ANAHEIM ST","CEDAR AV",0.00,,Y,A,-,N,,,,,,,,,,Y,4,0,1,2,A,-,01,23153,B,N,G,B,B,A,H,-,C,A,0,Y,,,,Y,Y,D,,0,0,1,0,1,0,0,0,0,"- ","- ",,,"LOS ANGELES","LONG BEACH",-118.19506005,33.782600039999998
6560626,2014,2014-08-12,1941,2014-06-27,2246,10542,,5,5,7,1941,0,0,0,,0,,"WILLOW ST","MAGNOLIA AV",82.30,E,N,A,-,N,,,,,,,,,,N,3,0,1,2,A,-,11,21955,,N,G,B,D,A,H,-,C,D,0,Y,,,,Y,Y,A,,0,1,0,0,1,0,0,0,0,"- ","- ",,,"LOS ANGELES","LONG BEACH",-118.19783964,33.804450000000003
6561474,2014,2014-08-28,1942,2014-07-13,2030,40643,1027,7,5,7,1942,0,0,0,J,0,16T23,"VANOWEN ST","HAYVENHURST AV",100.00,W,N,A,-,N,,,,,,,,,,N,4,0,3,2,A,-,01,23152,,F,C,C,A,A,H,-,C,D,0,,,,,Y,Y,A,07,0,0,3,0,0,0,0,0,0,"- ","- ",,,"LOS ANGELES","LOS ANGELES",-118.49273011,34.193899999999999
6561634,2014,2016-06-03,1941,2014-07-15,2126,5323,,2,5,7,1941,0,0,0,,0,,"2ND ST","PACIFIC COAST HWY",0.00,,Y,B,-,Y,LA,7,1,-,-,0.591,I,5,S,N,4,0,1,2,A,-,10,21950,A,N,G,B,B,A,H,-,C,A,0,Y,,,,Y,Y,D,,0,0,1,0,1,0,0,0,0,"- ","- ",,,"LOS ANGELES","LONG BEACH",-118.11133004,33.758097429999999
6561641,2014,2014-08-27,1942,2014-07-04,0140,40971,1805,5,5,7,1942,0,0,0,R,0,12T41,"92ND ST","SAN PEDRO ST",344.00,W,N,A,-,N,,,,,,,,,,Y,3,0,4,2,A,-,01,23152,A,N,A,E,A,A,H,-,C,D,0,,,,,Y,Y,A,01,0,4,0,0,0,0,0,0,0,"- ","- ",,,"LOS ANGELES","LOS ANGELES",-118.27066189,33.952862359999997
6561649,2014,2014-08-27,1942,2014-07-12,1855,40440,1871,6,5,7,1942,0,0,0,R,0,12T73,"VERMONT AV","135TH ST",30.00,W,N,A,-,N,,,,,,,,,,Y,3,0,6,2,A,-,01,23152,A,N,D,C,A,A,H,-,A,A,0,,,,,Y,Y,A,07,0,1,5,0,0,0,0,0,0,"- ","- ",,,"LOS ANGELES","LOS ANGELES",,
6562471,2014,2016-04-22,1900,2014-06-15,0215,526351,1334,7,5,5,1908,0,0,0,,0,133T1,"PARK ST","LAKEWOOD BL",150.00,E,N,A,-,Y,LA,7,19,-,-,6.141,I,6,N,Y,4,0,1,2,A,-,01,23152,A,M,C,E,A,A,H,-,C,D,0,,,,,Y,Y,A,07,0,0,1,0,0,0,0,0,0,"- ","- ",,,"LOS ANGELES",BELLFLOWER,-118.14253563,33.878404920000001
6562878,2014,2015-03-12,1941,2014-06-12,2500,5737,,4,5,7,1941,0,0,0,,0,,"LONG BEACH AV",16TH,0.00,,Y,A,-,N,,,,,,,,,,N,4,0,1,2,A,-,03,22350,,N,C,C,A,A,H,-,A,A,0,,,,,Y,Y,A,,0,0,1,0,0,0,0,0,0,"- ","- ",,,"LOS ANGELES","LONG BEACH",-118.18950003,33.787150019999999
6564907,2014,2014-08-07,9530,2014-06-01,0510,20675,,7,3,9,1900,0,3,5,,2,006,"VERMONT AV","220TH ST",312.00,S,N,A,-,N,,,,,,,,,,Y,3,0,1,2,A,-,01,23152,A,N,C,E,A,A,H,-,A,D,0,,,,Y,Y,Y,A,01,0,1,0,0,0,0,0,0,0,"- ","- ",33.827350000000003,-118.29007,"LOS ANGELES",UNINCORPORATED,-118.29034566999999,33.827224319999999
6565066,2014,2016-04-21,9530,2014-06-22,0214,020707,,7,3,7,1941,0,1,1,,2,420,"RT 405","RT 710",350.00,S,N,A,-,Y,LA,7,405,-,-,7.470,H,-,N,Y,2,0,1,1,A,-,01,23152,A,N,E,I,A,A,H,-,C,D,1,,,,,Y,Y,A,01,1,0,0,0,0,0,0,0,0,"- ","- ",33.826630000000002,-118.20532,"LOS ANGELES","LONG BEACH",-118.20538808000001,33.826217730000003
6565156,2014,2014-08-15,1942,2014-06-24,0910,40605,0782,2,5,7,1942,0,0,0,G,0,8TL35,"LA CIENEGA BL","VENICE BL",87.00,S,N,A,-,N,,,,,,,,,,Y,4,0,1,2,A,-,01,23152,A,N,D,C,A,A,H,-,A,A,0,,,,,Y,Y,A,01,0,0,1,0,0,0,0,0,0,"- ","- ",,,"LOS ANGELES","LOS ANGELES",-118.37787095,34.034931899999997
6565180,2014,2014-08-15,1942,2014-06-30,0005,33757,2039,1,5,7,1942,0,0,0,,0,20T59,"WILSHIRE BL","WESTMORELAND AV",40.00,W,N,B,-,N,,,,,,,,,,Y,4,0,1,2,A,-,01,23152,A,F,C,D,A,A,H,-,C,A,0,,,,,Y,Y,A,08,0,0,1,0,0,0,0,0,0,"- ","- ",,,"LOS ANGELES","LOS ANGELES",-118.28921181,34.061839999999997
6565300,2014,2014-08-04,1942,2014-05-30,2135,33757,2088,5,5,7,1942,0,0,0,,0,20T59,"VERMONT AV","CORDOVA ST",60.00,S,N,A,-,N,,,,,,,,,,Y,4,0,1,3,A,-,03,22350,,N,C,C,A,A,H,-,C,D,0,,,,,Y,Y,A,01,0,0,1,0,0,0,0,0,0,"- ","- ",,,"LOS ANGELES","LOS ANGELES",-118.29156,34.038885450000002
6565399,2014,2014-08-26,1942,2014-07-13,2210,38231,0937,7,5,7,1942,0,0,0,I,0,9U4,"WOODMAN AV","VICTORY BL",135.00,N,N,A,-,N,,,,,,,,,,N,3,0,1,2,A,-,11,21955,,F,G,B,D,A,H,-,C,A,0,Y,,,,Y,Y,N,60,0,1,0,0,1,0,0,0,0,"- ","- ",,,"LOS ANGELES","LOS ANGELES",-118.43125999999999,34.187050290000002
6566757,2014,2014-08-26,1901,2014-07-10,1853,207,06,4,5,5,1901,0,0,0,,0,001,"MISSION RD","6TH ST",0.00,,Y,A,-,N,,,,,,,,,,Y,4,0,2,2,A,-,12,21453,A,N,D,C,A,A,H,-,A,A,0,,,,,Y,Y,A,01,0,0,2,0,0,0,0,0,0,"- ","- ",,,"LOS ANGELES",ALHAMBRA,-118.12956013,34.086870099999999
6567832,2014,2014-08-25,1900,2014-07-16,2055,532237,2607,3,5,6,1950,0,0,0,,0,262T1,"AVENUE S","57TH ST EAST",176.00,W,N,A,-,N,,,,,,,,,,Y,4,0,3,2,A,-,01,23153,A,F,D,C,A,A,H,-,C,D,0,,,,,Y,Y,A,01,0,0,3,0,0,0,0,0,0,"- ","- ",,,"LOS ANGELES",PALMDALE,-118.02873322000001,34.557994860000001
6572010,2014,2014-09-02,1900,2014-07-13,0005,478963,0454,7,5,6,1949,0,0,0,,0,43T1E,"HOBACK ST","GREENSTONE AV",51.00,W,N,A,-,N,,,,,,,,,,Y,3,0,1,2,A,-,01,23152,A,M,B,E,A,A,H,-,C,D,0,,,,,Y,Y,A,01,0,1,0,0,0,0,0,0,0,"- ","- ",,,"LOS ANGELES",NORWALK,-118.05880431999999,33.908195239999998
6572104,2014,2016-01-12,1942,2014-07-07,1720,39417,0497,1,5,7,1942,0,0,0,D,0,4A97,"OLYMPIC BL",CAMULOS,125.00,W,N,A,-,N,,,,,,,,,,Y,3,0,3,2,A,-,03,22350,,F,C,C,A,A,H,-,A,D,0,,,,,Y,Y,-,,0,1,2,0,0,0,0,0,0,"- ","- ",,,"LOS ANGELES","LOS ANGELES",-118.21601518999999,34.022628249999997
6572770,2014,2016-01-12,1942,2014-07-07,1820,HARO,182,1,5,7,1942,0,0,0,R,0,1X38,"PICO BL","HOPE ST",75.00,W,N,A,-,N,,,,,,,,,,Y,4,0,2,1,A,-,"- ",,,N,A,I,A,A,H,-,A,A,0,,,,,Y,Y,A,01,0,0,2,0,0,0,0,0,0,"- ","- ",,,"LOS ANGELES","LOS ANGELES",-118.26592735,34.039617810000003
6572819,2014,2014-09-02,1942,2014-07-23,2000,38471,1664,3,5,7,1942,0,0,0,P,0,16TL26,"GLENOAKS BL","SHELDON ST",20.00,N,N,A,-,N,,,,,,,,,,Y,4,0,1,2,A,-,12,21453,A,F,A,C,A,A,H,-,C,A,0,,,,,Y,Y,-,99,0,0,1,0,0,0,0,0,0,"- ","- ",,,"LOS ANGELES","LOS ANGELES",-118.38398275999999,34.246471810000003
6573592,2014,2014-08-27,1942,2014-07-19,0311,36336,1005,6,5,7,1942,0,0,0,J,0,16T23,"KESWICK ST","HATTON PL",27.00,E,N,A,-,N,,,,,,,,,,Y,2,0,3,3,A,-,01,23152,A,N,B,E,E,A,H,-,C,D,0,Y,,,,Y,Y,A,01,2,0,1,0,1,0,0,0,0,"- ","- ",,,"LOS ANGELES","LOS ANGELES",-118.52350417,34.211609940000002
6573753,2014,2014-08-04,1942,2014-06-02,2220,40971,0541,1,5,7,1942,0,0,0,E,0,5T21,CAPITOL,WESTERN,19.00,E,N,A,-,N,,,,,,,,,,N,4,0,1,1,A,-,01,23152,A,N,E,I,A,A,H,-,C,A,0,,,,,Y,Y,A,07,0,0,1,0,0,0,0,0,0,"- ","- ",,,"LOS ANGELES","LOS ANGELES",-118.30891913000001,33.753761410000003