CASE_ID,ACCIDENT_YEAR,PROC_DATE,JURIS,COLLISION_DATE,COLLISION_TIME,OFFICER_ID,REPORTING_DISTRICT,DAY_OF_WEEK,CHP_SHIFT,POPULATION,CNTY_CITY_LOC,SPECIAL_COND,BEAT_TYPE,CHP_BEAT_TYPE,CITY_DIVISION_LAPD,CHP_BEAT_CLASS,BEAT_NUMBER,PRIMARY_RD,SECONDARY_RD,DISTANCE,DIRECTION,INTERSECTION,WEATHER_1,WEATHER_2,STATE_HWY_IND,CALTRANS_COUNTY,CALTRANS_DISTRICT,STATE_ROUTE,ROUTE_SUFFIX,POSTMILE_PREFIX,POSTMILE,LOCATION_TYPE,RAMP_INTERSECTION,SIDE_OF_HWY,TOW_AWAY,COLLISION_SEVERITY,NUMBER_KILLED,NUMBER_INJURED,PARTY_COUNT,PRIMARY_COLL_FACTOR,PCF_CODE_OF_VIOL,PCF_VIOL_CATEGORY,PCF_VIOLATION,PCF_VIOL_SUBSECTION,HIT_AND_RUN,TYPE_OF_COLLISION,MVIW,PED_ACTION,ROAD_SURFACE,ROAD_COND_1,ROAD_COND_2,LIGHTING,CONTROL_DEVICE,CHP_ROAD_TYPE,PEDESTRIAN_ACCIDENT,BICYCLE_ACCIDENT,MOTORCYCLE_ACCIDENT,TRUCK_ACCIDENT,NOT_PRIVATE_PROPERTY,ALCOHOL_INVOLVED,STWD_VEHTYPE_AT_FAULT,CHP_VEHTYPE_AT_FAULT,COUNT_SEVERE_INJ,COUNT_VISIBLE_INJ,COUNT_COMPLAINT_PAIN,COUNT_PED_KILLED,COUNT_PED_INJURED,COUNT_BICYCLIST_KILLED,COUNT_BICYCLIST_INJURED,COUNT_MC_KILLED,COUNT_MC_INJURED,PRIMARY_RAMP,SECONDARY_RAMP,LATITUDE,LONGITUDE,COUNTY,CITY,POINT_X,POINT_Y
6598913,2014,2014-09-02,1942,2014-07-03,1900,40038,0361,4,5,7,1942,0,0,0,C,0,3L90,"LA BREA AV","COLISEUM ST",200.00,S,N,A,-,N,,,,,,,,,,N,4,0,1,2,A,-,03,22350,,N,C,C,A,A,H,-,A,D,0,,,,,Y,Y,A,01,0,0,1,0,0,0,0,0,0,"- ","- ",,,"LOS ANGELES","LOS ANGELES",-118.35567,34.017769000000001
6598957,2014,2014-09-02,1942,2014-07-24,2145,40680,363,4,5,7,1942,0,0,0,,0,25Q24,"MARLTON AV","MARTIN LUTHER KING BL",120.00,N,N,A,-,N,,,,,,,,,,Y,3,0,1,2,A,-,10,21950,A,F,G,B,C,A,H,-,C,D,0,Y,,,,Y,Y,-,99,0,1,0,0,1,0,0,0,0,"- ","- ",,,"LOS ANGELES","LOS ANGELES",-118.33750266,34.01264922
6599918,2014,2014-09-05,1967,2014-08-17,1757,40221,,7,5,2,1967,0,0,0,,0,,"PALM DR",WILLOW,203.00,S,N,A,-,N,,,,,,,,,,Y,2,0,1,1,A,-,01,23152,A,N,E,I,A,A,H,-,A,D,0,,,Y,,Y,Y,C,02,1,0,0,0,0,0,0,0,1,"- ","- ",,,"LOS ANGELES","SIGNAL HILL",-117.89270639,33.990705470000002
6600180,2014,2014-09-22,1920,2014-08-15,0153,11992,,5,5,6,1920,0,0,0,,0,005,"PARAMOUNT BL","7TH ST",12.00,N,N,A,-,N,,,,,,,,,,Y,3,0,1,2,A,-,01,23152,A,N,C,C,A,A,H,-,C,A,0,,,,Y,Y,Y,A,08,0,1,0,0,0,0,0,0,0,"- ","- ",,,"LOS ANGELES",DOWNEY,-118.13376907,33.948407899999999
6602563,2014,2016-04-21,9535,2014-05-24,0620,19550,,6,1,6,1922,0,1,1,,2,401,"RT 10","BALDWIN AV",1100.00,W,N,A,-,Y,LA,7,10,-,-,27.750,H,-,W,Y,3,0,1,1,A,-,01,23152,A,N,E,I,A,A,H,-,A,D,0,,,,,Y,Y,A,01,0,1,0,0,0,0,0,0,0,"- ","- ",34.072789999999998,-118.06037000000001,"LOS ANGELES","EL MONTE",-118.05757864,34.07263502
6602789,2014,2014-09-12,1976,2014-08-02,0638,894,,6,5,3,1964,0,0,0,,0,001,"CHARLESWORTH RD","PIONEER BL",35.00,E,N,A,-,N,,,,,,,,,,Y,4,0,1,1,A,-,01,23152,A,N,E,I,A,A,H,-,A,A,0,,,,,Y,Y,A,01,0,0,1,0,0,0,0,0,0,"- ","- ",,,"LOS ANGELES","SANTA FE SPRINGS",-118.08578106,33.95594887
6602868,2014,2014-09-09,1975,2014-08-10,2105,344,,7,5,6,1975,0,0,0,,0,005,"AMAR RD","LARK ELLEN AV",35.00,E,N,A,-,N,,,,,,,,,,N,4,0,2,2,A,-,01,23152,A,F,C,C,A,A,H,-,C,A,0,,,,,Y,Y,-,,0,0,2,0,0,0,0,0,0,"- ","- ",,,"LOS ANGELES","WEST COVINA",-117.91936328,34.035133760000001
6602961,2014,2015-04-29,1942,2014-08-15,1625,36754,1347,5,5,7,1942,0,0,0,M,0,5T25,"24TH ST","ALAMEDA ST",268.00,W,N,A,-,N,,,,,,,,,,N,4,0,4,2,A,-,03,22350,,N,C,C,A,A,H,-,A,D,0,,,,Y,Y,Y,F,26,0,0,4,0,0,0,0,0,0,"- ","- ",,,"LOS ANGELES","LOS ANGELES",-118.24052841,34.014941530000002
6603635,2014,2014-09-16,1955,2014-08-12,1902,40590,100,2,5,6,1955,0,0,0,,0,003,"HOLT AV","GAREY AV",30.00,E,N,A,-,N,,,,,,,,,,N,4,0,1,2,A,-,01,23152,A,F,B,C,A,A,H,-,A,A,0,,,,,Y,Y,D,22,0,0,1,0,0,0,0,0,0,"- ","- ",,,"LOS ANGELES",POMONA,-117.75033000000001,34.062390000000001
6604891,2014,2014-09-18,1900,2014-08-14,2356,527056,2607,4,5,6,1950,0,0,0,,0,264T1,"AV R-8","SABAL AV",0.00,,Y,A,-,N,,,,,,,,,,Y,3,0,2,2,A,-,01,23153,A,F,D,C,A,A,H,-,C,A,0,,,,,Y,Y,A,08,0,1,1,0,0,0,0,0,0,"- ","- ",,,"LOS ANGELES",PALMDALE,-118.0340401,34.565280090000002
6604966,2014,2014-09-16,1953,2014-08-17,2109,4817,1953,7,5,6,1953,0,0,0,,0,003,"CORSON ST","ALTADENA DR",0.00,,Y,A,-,N,,,,,,,,,,Y,3,0,4,2,A,-,01,23153,A,N,C,C,A,A,H,-,C,A,0,,,,,Y,Y,D,22,0,3,1,0,0,0,0,0,0,"- ","- ",,,"LOS ANGELES",PASADENA,-118.09861005,34.15203005
6605199,2014,2014-09-17,1953,2014-08-03,0015,3367,1953,7,5,6,1953,0,0,0,,0,001,"WEST DR","SALVIA CANYON",300.00,N,N,A,-,N,,,,,,,,,,N,4,0,3,2,A,-,04,21703,,M,C,C,A,A,G,-,C,D,0,,,,,Y,Y,A,01,0,0,3,0,0,0,0,0,0,"- ","- ",,,"LOS ANGELES",PASADENA,-118.17263474000001,34.165587739999999
6605323,2014,2016-04-26,1942,2014-06-20,0125,39764,1454,5,5,7,1942,0,0,0,N,0,14T47,"LINCOLN BL","RT 90",10.00,S,N,A,-,Y,LA,7,1,-,-,31.278,I,5,S,Y,4,0,2,3,A,-,01,23152,A,N,C,C,A,A,H,-,C,A,0,,,,,Y,Y,A,01,0,0,2,0,0,0,0,0,0,"- ","- ",,,"LOS ANGELES","LOS ANGELES",-118.4426989,33.984493309999998
6606200,2014,2015-12-18,1947,2014-06-29,0125,1341,,7,5,5,1947,0,0,0,,0,ADAM,"NORTH GARFIELD AV","N GARFIELD AV 314",0.00,,N,A,-,N,,,,,,,,,,Y,1,1,2,2,A,-,03,22350,,N,A,E,A,A,H,-,C,D,0,,,,,Y,Y,D,23,1,1,0,0,0,0,0,0,0,"- ","- ",,,"LOS ANGELES",MONTEBELLO,-118.12948400000001,34.016761000000002
6606230,2014,2015-06-04,9535,2014-05-03,0510,19983,,6,3,9,1900,0,1,3,,2,620,"RT 60","RT 164",1257.00,W,N,A,-,Y,LA,7,60,-,-,9.270,H,-,E,Y,1,1,0,2,C,-,18,,,N,B,C,A,A,C,-,D,D,1,,,,Y,Y,Y,-,"- ",0,0,0,0,0,0,0,0,0,"- ","- ",34.04119,-118.0684,"LOS ANGELES",UNINCORPORATED,-118.06841190999999,34.041200459999999
6606326,2014,2014-09-27,9550,2014-03-29,2353,19017,,6,3,9,1900,0,2,4,,1,051,"FULLERTON RD","GALATINA ST",419.00,N,N,A,-,N,,,,,,,,,,Y,1,1,3,2,A,-,01,23152,A,N,A,C,A,A,H,-,D,D,0,,,,,Y,Y,A,01,2,1,0,0,0,0,0,0,0,"- ","- ",33.98077,-117.90781,"LOS ANGELES",UNINCORPORATED,-117.90869000000001,33.979680000000002
6606442,2014,2016-05-10,9530,2014-07-18,2205,20643,,5,3,7,1941,0,1,1,,2,072,"RT 710","WARDLOW RD",52.00,S,N,A,-,Y,LA,7,710,-,-,9.060,H,-,N,Y,4,0,1,1,A,-,01,23152,A,N,E,I,A,A,H,-,C,D,1,,,,,Y,Y,A,01,0,0,1,0,0,0,0,0,0,"- ","- ",33.8215,-118.2068,"LOS ANGELES","LONG BEACH",-118.20687479999999,33.821420250000003
6607218,2014,2014-09-12,9565,2014-08-13,2055,020511,,3,2,9,1900,0,3,5,,2,006,"WILSHIRE BL","VETERAN AV",100.00,W,N,A,-,N,,,,,,,,,,Y,3,0,1,2,A,-,01,23152,A,N,C,C,A,A,H,-,C,A,0,,,Y,,Y,Y,C,02,0,1,0,0,0,0,0,0,1,"- ","- ",34.057310000000001,-118.44817999999999,"LOS ANGELES",UNINCORPORATED,-118.44806357,34.057675580000002
6609369,2014,2016-05-28,9540,2014-08-23,0400,019868,,6,3,7,1942,0,1,1,,1,503,"RT 5","BALBOA BL",355.00,N,N,A,-,Y,LA,7,5,-,-,44.500,H,-,S,Y,2,0,1,1,A,-,01,23152,A,N,E,I,A,A,H,-,D,D,1,,,,,Y,Y,A,01,1,0,0,0,0,0,0,0,0,"- ","- ",34.321219999999997,-118.49719,"LOS ANGELES","LOS ANGELES",-118.50045863,34.323248939999999
6609401,2014,2016-01-12,9540,2014-08-26,1557,018502,,2,2,9,1900,0,2,4,,2,062,"THE OLD RD","PARKER RD",3696.00,S,N,A,-,N,,,,,,,,,,Y,4,0,2,2,A,-,01,23152,A,N,C,C,A,A,H,-,A,D,0,,,,,Y,Y,A,01,0,0,2,0,0,0,0,0,0,"- ","- ",34.481879999999997,-118.61503,"LOS ANGELES",UNINCORPORATED,-118.61496855999999,34.481421359999999
6611784,2014,2016-01-12,1947,2014-08-16,2050,1403,,6,5,5,1947,0,0,0,,0,00B,"W WHITTIER BL","GREENWOOD AV",0.00,,Y,A,-,N,,,,,,,,,,N,4,0,1,2,A,-,10,21950,A,N,G,B,B,A,H,-,C,D,0,Y,,,,Y,Y,A,01,0,0,1,0,1,0,0,0,0,"- ","- ",,,"LOS ANGELES",MONTEBELLO,-118.11188006,34.010840119999997
6611827,2014,2014-09-24,1947,2014-08-08,1753,1391,,5,5,5,1947,0,0,0,,0,00B,"LINCOLN AV","VAIL AV",50.00,E,N,A,-,N,,,,,,,,,,Y,4,0,1,1,A,-,01,23152,A,M,E,I,A,A,H,-,A,A,0,,,,,Y,Y,-,,0,0,1,0,0,0,0,0,0,"- ","- ",,,"LOS ANGELES",MONTEBELLO,-118.1153204,34.022946279999999
6612065,2014,2014-09-15,1900,2014-07-30,1645,475111,2612,3,5,6,1950,0,0,0,,0,263T1,"RANCHO VISTA BL","25TH ST WEST",0.00,,Y,B,-,N,,,,,,,,,,Y,3,0,1,2,A,-,01,23152,A,N,C,C,A,A,H,-,A,A,0,,,,,Y,Y,A,01,0,1,0,0,0,0,0,0,0,"- ","- ",,,"LOS ANGELES",PALMDALE,-118.17425,34.601759999999999
6613801,2014,2014-09-12,1942,2014-05-20,1330,38622,0899,2,5,7,1942,0,0,0,H,0,14A73,"VENICE BL","HELM AV",80.00,W,N,A,-,N,,,,,,,,,,N,3,0,1,2,A,-,03,22350,,F,B,G,A,A,H,-,A,D,0,,Y,,,Y,Y,-,99,0,1,0,0,0,0,1,0,0,"- ","- ",,,"LOS ANGELES","LOS ANGELES",-118.38541905,34.031047999999998
6613814,2014,2014-09-10,1942,2014-05-06,0330,31863,1263,2,5,7,1942,0,0,0,L,0,12A53,"WESTERN AV","84TH ST",68.00,N,N,A,-,N,,,,,,,,,,Y,4,0,1,3,A,-,01,23152,A,N,C,E,A,A,H,-,C,D,0,,,,,Y,Y,A,01,0,0,1,0,0,0,0,0,0,"- ","- ",,,"LOS ANGELES","LOS ANGELES",-118.309005,33.962882999999998
6614506,2014,2014-09-23,1942,2014-08-21,1830,39523,0583,4,5,7,1942,0,0,0,E,0,5A84,"25TH ST","WESTERN AV",250.00,E,N,A,-,N,,,,,,,,,,N,4,0,2,3,A,-,01,23152,A,N,B,C,A,A,H,-,A,D,0,,,,,Y,Y,D,22,0,0,2,0,0,0,0,0,0,"- ","- ",,,"LOS ANGELES","LOS ANGELES",-118.30684878,33.792487280000003
6614957,2014,2014-09-12,1942,2014-08-26,2005,39062,0246,2,5,7,1942,0,0,0,B,0,1T11,"WESTLAKE AV","3RD ST",0.00,,Y,A,-,N,,,,,,,,,,Y,3,0,5,3,A,-,01,23152,A,N,D,C,A,A,H,-,C,A,0,,,,,Y,Y,A,01,0,3,2,0,0,0,0,0,0,"- ","- ",,,"LOS ANGELES","LOS ANGELES",-118.27146012,34.06245011
6616683,2014,2014-09-22,1900,2014-08-31,2317,527065,1132,7,5,6,1992,0,0,0,,0,111T1,"MILLING ST","YUCCA AV",42.00,W,N,A,-,N,,,,,,,,,,Y,3,0,1,1,A,-,01,23152,A,N,E,I,A,A,H,-,C,A,0,,,,,Y,Y,A,01,0,1,0,0,0,0,0,0,0,"- ","- ",,,"LOS ANGELES",LANCASTER,-118.13479,34.696820000000002
6617654,2014,2015-01-13,1928,2014-09-01,2101,343,529,1,5,5,1928,0,0,0,,0,002,"VAN NESS AV","EL SEGUNDO BL",0.00,,Y,A,-,N,,,,,,,,,,Y,4,0,2,2,A,-,01,23152,A,N,A,C,A,A,H,-,C,A,0,,,,,Y,Y,A,01,0,0,2,0,0,0,0,0,0,"- ","- ",,,"LOS ANGELES",HAWTHORNE,-118.3178401,33.91646008
6617827,2014,2016-06-08,9590,2014-07-25,0045,20344,,5,3,7,1942,0,1,2,,2,070,"RT 101","SPRING ST",200.00,S,N,A,-,Y,LA,7,101,-,-,0.970,H,-,N,Y,4,0,2,2,A,-,01,23152,A,N,B,C,A,A,H,-,C,D,1,,,,,Y,Y,A,07,0,0,2,0,0,0,0,0,0,"- ","- ",34.059660000000001,-118.24498,"LOS ANGELES","LOS ANGELES",-118.24078891000001,34.056036419999998
6617942,2014,2014-09-22,1922,2014-08-24,2203,659,,7,5,6,1922,0,0,0,,0,004,"MAGNOLIA ST","DURFEE AV",0.00,,Y,A,-,N,,,,,,,,,,Y,2,0,2,2,A,-,12,21453,A,F,D,C,A,A,H,-,C,A,0,,,,,Y,Y,A,01,1,0,1,0,0,0,0,0,0,"- ","- ",,,"LOS ANGELES","EL MONTE",-118.01742011,34.055910019999999
6619345,2014,2015-04-18,1955,2014-07-31,1316,40180,79,4,5,6,1955,0,0,0,,0,005,"11TH ST","WHITE AV",225.00,W,N,A,-,N,,,,,,,,,,N,4,0,1,2,A,-,21,22106,,N,H,G,A,A,H,-,A,D,0,,Y,,,Y,Y,A,01,0,0,1,0,0,0,1,0,0,"- ","- ",,,"LOS ANGELES",POMONA,-117.75934051,34.049409439999998
6619380,2014,2015-07-01,1942,2014-07-05,2140,40543,1203,6,5,7,1942,0,0,0,L,0,12X56,"48TH ST","SAINT ANDREWS",0.00,,Y,A,-,N,,,,,,,,,,N,4,0,1,2,A,-,09,21801,A,F,D,C,A,A,H,-,C,A,0,,,,,Y,Y,-,99,0,0,1,0,0,0,0,0,0,"- ","- ",,,"LOS ANGELES","LOS ANGELES",-118.31135012999999,34.00005006
6619616,2014,2014-10-02,1900,2014-09-06,0600,527056,2610,6,5,6,1950,0,0,0,,0,264T1,"SIERRA HWY","AVE Q6",0.00,,Y,A,-,N,,,,,,,,,,Y,4,0,1,2,A,-,01,23152,A,N,D,C,A,A,H,-,B,A,0,,,,,Y,Y,A,01,0,0,1,0,0,0,0,0,0,"- ","- ",,,"LOS ANGELES",PALMDALE,-118.11693011,34.581520019999999
6619622,2014,2016-01-13,1942,2014-09-01,0210,37613,1487,1,5,7,1942,0,0,0,N,0,20T59,"MANCHESTER BL","SEPULVEDA BL",0.00,,Y,A,-,N,,,,,,,,,,Y,3,0,3,2,A,-,12,21453,A,N,D,C,A,A,H,-,C,A,0,,,,,Y,Y,-,"- ",0,1,2,0,0,0,0,0,0,"- ","- ",,,"LOS ANGELES","LOS ANGELES",-118.39623005999999,33.959920080000003
6620176,2014,2014-09-23,1931,2014-08-16,0133,5646,1931,6,5,5,1931,0,0,0,,0,003,"STAFFORD AV","FLORENCE AV",11.00,N,N,A,-,N,,,,,,,,,,Y,2,0,1,1,A,-,01,23152,A,N,E,-,A,A,H,-,C,A,0,,,,,Y,Y,A,01,1,0,0,0,0,0,0,0,0,"- ","- ",,,"LOS ANGELES","HUNTINGTON PARK",-118.22121068,33.973820160000002
6620261,2014,2014-09-30,1942,2014-07-06,2055,31087,1781,7,5,7,1942,0,0,0,Q,0,17EL1,"DE SOTO AV","DEARBORN ST",35.00,S,N,A,-,N,,,,,,,,,,Y,2,0,1,2,A,-,09,21801,A,N,D,C,A,A,H,-,C,D,0,,,Y,,Y,Y,A,01,1,0,0,0,0,0,0,0,1,"- ","- ",,,"LOS ANGELES","LOS ANGELES",-118.5885591,34.237163989999999
6622811,2014,2014-09-26,1942,2014-08-31,2110,39844,0625,7,5,7,1942,0,0,0,F,0,A31W3,"CAHUENGA BL WEST","HILLPARK DR",20.00,N,N,A,-,N,,,,,,,,,,Y,3,0,1,1,A,-,01,23152,A,N,E,I,A,A,H,-,C,D,0,,,,,Y,Y,A,07,0,1,0,0,0,0,0,0,0,"- ","- ",,,"LOS ANGELES","LOS ANGELES",-118.33787332,34.117221309999998
6622819,2014,2016-01-12,1942,2014-08-15,0040,37575,1491,5,5,7,1942,0,0,0,N,0,14T47,"VISTA DEL MAR","NAPOLEON ST",100.00,S,N,A,-,N,,,,,,,,,,Y,3,0,1,1,A,-,01,23152,A,N,E,J,A,A,D,-,C,D,0,,,,,Y,Y,A,01,0,1,0,0,0,0,0,0,0,"- ","- ",,,"LOS ANGELES","LOS ANGELES",-118.44630422,33.951644109999997
6622843,2014,2014-09-26,1942,2014-08-31,1835,38326,1979,7,5,7,1942,0,0,0,,0,16T25,"SHARP AV","WENTWORTH ST",5.00,S,N,A,-,N,,,,,,,,,,Y,3,0,1,1,A,-,01,23152,A,M,E,I,A,A,H,-,A,A,0,,,,,Y,Y,A,01,0,1,0,0,0,0,0,0,0,"- ","- ",,,"LOS ANGELES","LOS ANGELES",-118.41341,34.235520000000001
6622999,2014,2014-10-01,1956,2014-09-06,0016,1224,65,6,5,5,1956,0,0,0,,0,004,"GIBSON PL","159TH ST",100.00,N,N,A,-,N,,,,,,,,,,Y,4,0,1,1,A,-,01,23152,A,N,E,I,A,A,H,-,C,D,0,,,,,Y,Y,A,01,0,0,1,0,0,0,0,0,0,"- ","- ",,,"LOS ANGELES","REDONDO BEACH",-118.36516301,33.886544270000002
6623115,2014,2014-09-29,1942,2014-09-01,1750,37966,0884,1,5,7,1942,0,0,0,H,0,6T4W4,"MIDVALE AV","PICO BL",427.00,N,N,A,-,N,,,,,,,,,,Y,3,0,3,3,A,-,01,23152,A,N,C,C,A,A,H,-,A,D,0,,,,,Y,Y,A,01,0,1,2,0,0,0,0,0,0,"- ","- ",,,"LOS ANGELES","LOS ANGELES",-118.43030926,34.040616129999997
6623868,2014,2014-09-23,1900,2014-07-28,1055,476816,1329,1,5,5,1935,0,0,0,,0,132T1,"DEL AMO BL","LAKEWOOD BL",40.00,E,N,A,-,N,,,,,,,,,,N,4,0,1,2,A,-,01,23152,A,N,C,C,A,A,H,-,A,A,0,,,,,Y,Y,A,,0,0,1,0,0,0,0,0,0,"- ","- ",,,"LOS ANGELES",LAKEWOOD,-118.14278,33.846679999999999
6625114,2014,2014-10-03,1946,2014-07-16,1911,P55,,3,5,4,1946,0,0,0,,0,003,CENTRAL,MYRTLE,30.00,E,N,A,-,N,,,,,,,,,,Y,4,0,2,3,A,-,03,22350,,N,C,C,A,A,H,-,A,A,0,,,,,Y,Y,D,22,0,0,2,0,0,0,0,0,0,"- ","- ",,,"LOS ANGELES",MONROVIA,-118.0008,34.13588
6626013,2014,2016-06-11,9575,2014-08-22,1825,19782,,5,2,6,1953,0,1,1,,2,064,"RT 210","LAKE AV",650.00,E,N,A,-,Y,LA,7,210,-,R,26.450,H,-,W,Y,3,0,1,2,A,-,01,23152,A,N,C,C,A,A,H,-,A,D,1,,,,,Y,Y,A,01,0,1,0,0,0,0,0,0,0,"- ","- ",34.152349999999998,-118.12164,"LOS ANGELES",PASADENA,-118.13025723,34.151974289999998
6626897,2014,2016-04-16,9535,2014-05-03,0508,019983,,6,3,9,1900,0,1,3,,2,620,"RT 60","RT 164",1550.00,W,N,A,-,Y,LA,7,60,-,-,9.240,H,-,E,Y,3,0,1,2,A,-,01,23152,A,N,C,C,A,A,H,-,C,D,1,,,,,Y,Y,A,07,0,1,0,0,0,0,0,0,0,"- ","- ",34.041040000000002,-118.07236,"LOS ANGELES",UNINCORPORATED,-118.06892959,34.04119558
6627846,2014,2014-09-25,1900,2014-07-19,2131,515585,1348,6,5,3,1903,0,0,0,,0,136F,"CLARKDALE AV","183RD ST",381.00,N,N,A,-,N,,,,,,,,,,Y,4,0,1,4,A,-,01,23153,A,N,B,B,-,A,H,-,C,D,0,Y,,,,Y,Y,-,,0,0,1,0,1,0,0,0,0,"- ","- ",,,"LOS ANGELES",ARTESIA,-118.07978165,33.866794659999996
6627906,2014,2014-09-25,1900,2014-09-11,2229,442237,1182,4,5,6,1992,0,0,0,,0,112T,"50TH ST WEST","AVENUE L-4",0.00,,Y,A,-,N,,,,,,,,,,Y,3,0,1,2,A,-,01,23152,A,N,D,C,A,A,H,-,C,D,0,,,,,Y,Y,A,01,0,1,0,0,0,0,0,0,0,"- ","- ",,,"LOS ANGELES",LANCASTER,-118.21873005,34.656560059999997
6629090,2014,2014-09-24,1900,2014-08-31,1030,475111,2608,7,5,6,1950,0,0,0,,0,263T1,"40TH ST EAST","AVENUE Q",0.00,,Y,A,-,N,,,,,,,,,,Y,3,0,1,1,A,-,01,23152,A,N,F,A,A,A,H,-,A,D,0,,,Y,,Y,Y,C,02,0,1,0,0,0,0,0,0,1,"- ","- ",,,"LOS ANGELES",PALMDALE,-118.0585001,34.587390050000003
6630970,2014,2016-06-06,9590,2014-09-06,0309,20618,,6,3,7,1942,0,1,2,,2,073,"RT 101","HELIOTROPE DR",200.00,N,N,A,-,Y,LA,7,101,-,-,4.680,H,-,S,Y,4,0,1,1,A,-,01,23152,A,N,E,I,A,A,H,-,C,D,1,,,,,Y,Y,A,01,0,0,1,0,0,0,0,0,0,"- ","- ",34.08175,-118.2963,"LOS ANGELES","LOS ANGELES",-118.29669099,34.081991629999997
6632388,2014,2016-06-02,9535,2014-07-20,0020,19983,,7,3,5,1947,0,1,3,,2,620,"RT 60","PARAMOUNT BL",690.00,E,N,A,-,Y,LA,7,60,-,R,7.900,H,-,E,Y,3,0,1,2,A,-,"- ",,,M,B,C,A,A,D,-,C,D,1,,,Y,,Y,Y,C,02,0,1,0,0,0,0,0,0,1,"- ","- ",34.035469999999997,-118.09254,"LOS ANGELES",MONTEBELLO,-118.09075792,34.036448919999998
6634071,2014,2014-11-03,9540,2014-09-18,1555,019332,,4,2,9,1900,0,2,4,,1,104,"SAN FRANCISQUITO CANYON RD","STATOR LN",6864.00,N,N,A,-,N,,,,,,,,,,Y,3,0,1,1,A,-,01,23152,A,N,E,I,A,A,H,-,A,D,0,,,,,Y,Y,A,01,0,1,0,0,0,0,0,0,0,"- ","- ",34.538359999999997,-118.5228,"LOS ANGELES",UNINCORPORATED,-118.51450978,34.549620220000001
6634590,2014,2016-05-25,9575,2014-08-17,0527,20536,,7,3,7,1942,0,1,1,,2,053,"RT 5","VAN NUYS BL",150.00,N,N,A,-,Y,LA,7,5,-,-,38.560,H,-,N,Y,4,0,1,1,A,-,08,22107,,N,E,I,A,A,H,-,D,D,1,,,,,Y,Y,A,01,0,0,1,0,0,0,0,0,0,"- ","- ",34.257370000000002,-118.43521,"LOS ANGELES","LOS ANGELES",-118.43544514,34.257179880000002
6634712,2014,2014-09-30,1938,2014-09-05,1938,676,,5,5,4,1938,0,0,0,,0,003,"BONITA AV","E ST",51.00,E,N,A,-,N,,,,,,,,,,Y,4,0,1,2,A,-,01,23152,A,F,C,C,A,A,H,-,C,A,0,,,,,Y,Y,-,,0,0,1,0,0,0,0,0,0,"- ","- ",,,"LOS ANGELES","LA VERNE",-117.76781930999999,34.1009891
6635688,2014,2014-09-29,1969,2014-07-13,0525,10125,PATRO,7,5,5,1969,0,0,0,,0,0A4,"FIRESTONE BL","KAUFFMAN AV",25.00,W,N,A,-,N,,,,,,,,,,Y,4,0,1,1,A,-,01,23152,A,N,F,I,A,A,H,-,B,A,0,,,,,Y,Y,A,08,0,0,1,0,0,0,0,0,0,"- ","- ",,,"LOS ANGELES","SOUTH GATE",-118.18907169000001,33.952468090000004
6636306,2014,2014-10-06,1942,2014-08-27,2010,40869,0513,3,5,7,1942,0,0,0,E,0,12T73,"NORMANDIE AV","255TH ST",12.00,S,N,A,-,N,,,,,,,,,,N,3,0,1,2,A,-,10,21950,A,N,-,B,B,A,H,-,C,A,0,Y,,,,Y,Y,A,01,0,1,0,0,1,0,0,0,0,"- ","- ",,,"LOS ANGELES","LOS ANGELES",-118.29749,33.792797090000001
6636994,2014,2014-10-06,9565,2014-08-31,1810,020480,,7,2,9,1900,0,3,5,,2,002,"BUDLONG AV","96TH ST",0.00,,Y,A,-,N,,,,,,,,,,N,3,0,1,2,A,-,12,22450,A,F,D,G,A,A,H,-,A,A,0,,Y,,,Y,Y,A,01,0,1,0,0,0,0,1,0,0,"- ","- ",33.948659999999997,-118.29593,"LOS ANGELES",UNINCORPORATED,-118.29593006,33.948680109999998
6637681,2014,2014-10-06,1942,2014-09-21,2500,30830,1776,7,5,7,1942,0,0,0,Q,0,16T23,"BALBOA BL","LASSEN ST",15.00,S,N,A,-,N,,,,,,,,,,Y,3,0,1,2,A,-,03,22350,,F,H,G,A,A,H,-,C,D,0,,Y,,,Y,Y,A,01,0,1,0,0,0,0,1,0,0,"- ","- ",,,"LOS ANGELES","LOS ANGELES",-118.50239000000001,34.250228849999999
6637745,2014,2014-10-06,1942,2014-09-18,1915,41396,1067,4,5,7,1942,0,0,0,J,0,10X28W,"VENTURA BL","ENCINO AV",0.00,,Y,A,-,N,,,,,,,,,,Y,4,0,1,2,A,-,09,21801,A,N,D,C,A,A,H,-,B,A,0,,,,,Y,Y,A,01,0,0,1,0,0,0,0,0,0,"- ","- ",,,"LOS ANGELES","LOS ANGELES",-118.51420012,34.16148012
6637761,2014,2014-10-03,1942,2014-08-09,2015,30983,1525,6,5,7,1942,0,0,0,O,0,9T53,"LANKERSHIM BL","VICTORY BL",0.00,,Y,A,-,N,,,,,,,,,,Y,4,0,2,2,A,-,09,21453,C,N,D,C,A,A,H,-,C,A,0,,,,,Y,Y,A,07,0,0,2,0,0,0,0,0,0,"- ","- ",,,"LOS ANGELES","LOS ANGELES",-118.38779008,34.186680109999998
6638132,2014,2014-11-03,1942,2014-09-07,0120,37908,0408,7,5,7,1942,0,0,0,D,0,4A9,"HUNTINGTON DR","CASTALIA AV",0.00,,Y,A,-,N,,,,,,,,,,Y,4,0,1,1,A,-,01,23152,A,N,A,I,A,A,H,-,C,A,0,,,,,Y,Y,A,01,0,0,1,0,0,0,0,0,0,"- ","- ",,,"LOS ANGELES","LOS ANGELES",-118.17701011,34.086790030000003
6638149,2014,2014-11-03,1942,2014-09-07,1255,31659,411,7,5,7,1942,0,0,0,,0,HOBK,"PASADENA AV",BROADWAY,27.00,S,N,A,-,N,,,,,,,,,,Y,4,0,1,2,A,-,01,23152,,N,A,C,A,A,H,-,C,A,0,,,,,Y,Y,-,,0,0,1,0,0,0,0,0,0,"- ","- ",,,"LOS ANGELES","LOS ANGELES",-118.22416,34.072020000000002