CASE_ID,ACCIDENT_YEAR,PROC_DATE,JURIS,COLLISION_DATE,COLLISION_TIME,OFFICER_ID,REPORTING_DISTRICT,DAY_OF_WEEK,CHP_SHIFT,POPULATION,CNTY_CITY_LOC,SPECIAL_COND,BEAT_TYPE,CHP_BEAT_TYPE,CITY_DIVISION_LAPD,CHP_BEAT_CLASS,BEAT_NUMBER,PRIMARY_RD,SECONDARY_RD,DISTANCE,DIRECTION,INTERSECTION,WEATHER_1,WEATHER_2,STATE_HWY_IND,CALTRANS_COUNTY,CALTRANS_DISTRICT,STATE_ROUTE,ROUTE_SUFFIX,POSTMILE_PREFIX,POSTMILE,LOCATION_TYPE,RAMP_INTERSECTION,SIDE_OF_HWY,TOW_AWAY,COLLISION_SEVERITY,NUMBER_KILLED,NUMBER_INJURED,PARTY_COUNT,PRIMARY_COLL_FACTOR,PCF_CODE_OF_VIOL,PCF_VIOL_CATEGORY,PCF_VIOLATION,PCF_VIOL_SUBSECTION,HIT_AND_RUN,TYPE_OF_COLLISION,MVIW,PED_ACTION,ROAD_SURFACE,ROAD_COND_1,ROAD_COND_2,LIGHTING,CONTROL_DEVICE,CHP_ROAD_TYPE,PEDESTRIAN_ACCIDENT,BICYCLE_ACCIDENT,MOTORCYCLE_ACCIDENT,TRUCK_ACCIDENT,NOT_PRIVATE_PROPERTY,ALCOHOL_INVOLVED,STWD_VEHTYPE_AT_FAULT,CHP_VEHTYPE_AT_FAULT,COUNT_SEVERE_INJ,COUNT_VISIBLE_INJ,COUNT_COMPLAINT_PAIN,COUNT_PED_KILLED,COUNT_PED_INJURED,COUNT_BICYCLIST_KILLED,COUNT_BICYCLIST_INJURED,COUNT_MC_KILLED,COUNT_MC_INJURED,PRIMARY_RAMP,SECONDARY_RAMP,LATITUDE,LONGITUDE,COUNTY,CITY,POINT_X,POINT_Y
6955873,2015,2015-07-06,1942,2015-06-01,2140,39281,1513,1,5,7,1942,0,0,0,O,0,17T17,"BELLAIRE AV","RAYMER ST",0.00,,Y,A,-,N,,,,,,,,,,Y,3,0,2,2,A,-,05,21460,A,N,A,C,A,A,H,-,C,A,0,,,,,Y,Y,A,01,0,1,1,0,0,0,0,0,0,"- ","- ",,,"LOS ANGELES","LOS ANGELES",-118.40944001,34.203730100000001
6956628,2015,2015-07-03,1942,2015-04-28,2145,37790,1245,2,5,7,1942,0,0,0,L,0,12X68,"NORMANDIE AV","65TH PL",0.00,,Y,A,-,N,,,,,,,,,,N,3,0,1,2,A,-,11,21950,B,N,A,B,B,A,H,-,C,A,0,Y,,,,Y,Y,N,60,0,1,0,0,1,0,0,0,0,"- ","- ",,,"LOS ANGELES","LOS ANGELES",-118.30028007,33.979820019999998
6957472,2015,2015-06-27,1944,2015-05-31,0131,335,1944,7,5,4,1944,0,0,0,,0,004,"MANHATTAN BEACH BL","PECK AV",245.00,E,N,A,-,N,,,,,,,,,,Y,3,0,1,3,A,-,01,23152,A,N,C,E,A,A,H,-,C,D,0,,,,,Y,Y,A,01,0,1,0,0,0,0,0,0,0,"- ","- ",,,"LOS ANGELES","MANHATTAN BEACH",-118.38659423999999,33.887430000000002
6957687,2015,2015-06-24,1900,2015-05-17,2100,263103,972,7,5,4,1979,0,0,0,,0,93T2,"MELROSE AV","CROFT AV",35.00,E,N,A,-,N,,,,,,,,,,Y,4,0,1,3,A,-,01,23152,A,N,B,E,A,A,H,-,C,D,0,,,,,Y,Y,A,01,0,0,1,0,0,0,0,0,0,"- ","- ",,,"LOS ANGELES","WEST HOLLYWOOD",-118.37423135,34.083049770000002
6958616,2015,2015-07-07,1942,2015-05-09,2005,25495,2093,6,5,7,1942,0,0,0,,0,7TL23,"NORMANDIE AV","WASHINGTON BL",0.00,,Y,A,-,N,,,,,,,,,,Y,3,0,2,2,A,-,09,21801,A,F,D,C,A,A,H,-,C,A,0,,,,,Y,Y,D,22,0,1,1,0,0,0,0,0,0,"- ","- ",,,"LOS ANGELES","LOS ANGELES",-118.30084004,34.039990119999999
6959218,2015,2015-07-21,1900,2015-06-10,1038,527889,0561,3,5,3,1968,0,0,0,,0,55T1,"CENTRAL AV","KLINGERMAN ST",0.00,,Y,A,-,N,,,,,,,,,,Y,4,0,1,2,A,-,06,21755,A,N,B,C,A,A,H,-,A,A,0,,,,Y,Y,Y,A,01,0,0,1,0,0,0,0,0,0,"- ","- ",,,"LOS ANGELES","SOUTH EL MONTE",-118.04695006,34.056050050000003
6961045,2015,2015-07-10,1965,2015-06-11,0240,3856,0B3A,4,5,5,1965,0,0,0,,0,A001,"CENTINELA AV","SANTA MONICA BL",0.00,,Y,B,C,N,,,,,,,,,,N,3,0,1,2,A,-,10,21950,A,F,G,B,B,B,H,-,C,A,0,Y,,,,Y,Y,A,01,0,1,0,0,1,0,0,0,0,"- ","- ",,,"LOS ANGELES","SANTA MONICA",-118.46770004,34.038590059999997
6962171,2015,2015-06-25,1922,2015-05-28,1606,502,,4,5,6,1922,0,0,0,,0,,VALLEY,CENTER,40.00,W,N,A,-,N,,,,,,,,,,Y,2,0,3,2,A,-,01,23153,B,F,C,C,A,A,H,-,A,A,0,,,,,Y,Y,A,01,1,1,1,0,0,0,0,0,0,"- ","- ",,,"LOS ANGELES","EL MONTE",-118.03654933,34.074436570000003
6962528,2015,2015-07-10,1942,2015-06-10,0050,35330,1489,3,5,7,1942,0,0,0,N,0,14A76,"LA CIENEGA BL","CENTURY BL",82.00,S,N,A,-,N,,,,,,,,,,Y,3,0,2,1,A,-,03,22350,,N,E,I,A,A,H,-,C,D,0,,,,,Y,Y,A,01,0,1,1,0,0,0,0,0,0,"- ","- ",,,"LOS ANGELES","LOS ANGELES",-118.37005422999999,33.94518514
6962766,2015,2015-07-11,1942,2015-06-06,2355,36589,1458,6,5,7,1942,0,0,0,N,0,14T47,"BERRYMAN AV","CULVER BL",0.00,,Y,A,-,N,,,,,,,,,,N,2,0,1,2,A,-,11,21456,B,N,G,B,D,A,H,-,C,A,0,Y,,,,Y,Y,N,60,1,0,0,0,1,0,0,0,0,"- ","- ",,,"LOS ANGELES","LOS ANGELES",-118.41380012,34.000340029999997
6962770,2015,2015-07-13,1942,2015-06-04,0215,40773,0838,4,5,7,1942,0,0,0,H,0,14T47,"WILSHIRE BL","WESTWOOD BL",0.00,,Y,A,-,N,,,,,,,,,,Y,4,0,1,2,A,-,12,21453,A,N,-,C,A,A,H,-,C,A,0,,,,,Y,Y,A,01,0,0,1,0,0,0,0,0,0,"- ","- ",,,"LOS ANGELES","LOS ANGELES",-118.44392006,34.058779999999999
6962909,2015,2015-06-29,1920,2015-05-09,0201,12323,,6,5,6,1920,0,0,0,,0,005,"5TH ST","MYRTLE ST",2.00,W,N,A,-,N,,,,,,,,,,Y,3,0,1,4,A,-,01,23152,A,N,D,E,A,A,H,-,C,D,0,,,,,Y,Y,A,01,0,1,0,0,0,0,0,0,0,"- ","- ",,,"LOS ANGELES",DOWNEY,-118.13387554000001,33.945562959999997
6963146,2015,2015-06-29,1947,2015-05-16,1804,1397,1947,6,5,5,1947,0,0,0,,0,00B,"MADISON AV","WILCOX AV",0.00,,Y,B,-,N,,,,,,,,,,N,4,0,2,2,A,-,12,21457,A,N,D,C,A,A,H,-,A,-,0,,,,,Y,Y,A,01,0,0,2,0,0,0,0,0,0,"- ","- ",,,"LOS ANGELES",MONTEBELLO,-118.12395006,34.017240049999998
6964897,2015,2015-07-08,1900,2015-05-24,0530,526680,1610,7,5,5,1977,0,0,0,,0,160T,"AVALON BL","WALNUT ST",0.00,,Y,A,-,N,,,,,,,,,,Y,4,0,2,3,A,-,01,23152,A,N,B,C,A,A,H,-,B,A,0,,,,,Y,Y,A,01,0,0,2,0,0,0,0,0,0,"- ","- ",,,"LOS ANGELES",CARSON,-118.2656101,33.875790090000002
6965161,2015,2017-01-04,9535,2015-06-06,1258,019626,,6,1,4,1907,0,1,1,,2,073,"RT 710","FLORENCE AV",1300.00,N,N,A,-,Y,LA,7,710,-,-,19.980,H,-,S,Y,3,0,1,1,A,-,01,23152,A,N,E,I,A,A,H,-,A,D,1,,,,,Y,Y,A,07,0,1,0,0,0,0,0,0,0,"- ","- ",33.970820000000003,-118.16795999999999,"LOS ANGELES",BELL,-118.16794504000001,33.971755620000003
6965680,2015,2015-07-02,1920,2015-05-21,2037,12323,,4,5,6,1920,0,0,0,,0,002,"STEWART AND GRAY RD","OLD RIVER SCHOOL RD",23.00,E,N,A,-,N,,,,,,,,,,Y,4,0,1,2,A,-,01,23152,A,N,A,C,A,A,H,-,C,A,0,,,,,Y,Y,A,07,0,0,1,0,0,0,0,0,0,"- ","- ",,,"LOS ANGELES",DOWNEY,-118.15399056,33.940174929999998
6966545,2015,2015-06-27,9535,2015-05-28,2220,17781,,4,3,9,1900,0,3,5,,2,002,"HUMPHREYS AV","EAGLE ST",0.00,,Y,A,-,N,,,,,,,,,,Y,4,0,1,2,A,-,01,23152,A,M,D,C,A,A,H,-,C,A,0,,,,,Y,Y,A,01,0,0,1,0,0,0,0,0,0,"- ","- ",34.03049,-118.17201,"LOS ANGELES",UNINCORPORATED,-118.17180005,34.030600010000001
6967407,2015,2015-07-13,1942,2015-06-16,0025,38326,1714,2,5,7,1942,0,0,0,Q,0,16T23,"CALLE VISTA CIR","ENTRADA AV",200.00,W,N,A,-,N,,,,,,,,,,Y,3,0,1,2,A,-,01,23152,A,N,C,E,A,A,H,-,C,D,0,,,,,Y,Y,A,07,0,1,0,0,0,0,0,0,0,"- ","- ",,,"LOS ANGELES","LOS ANGELES",-118.53633969000001,34.28515788
6968793,2015,2015-07-16,1942,2015-06-06,1050,38427,2102,6,5,7,1942,0,0,0,,0,21A29,"HILLARY DR","SCHOENBORN ST",85.00,S,N,A,-,N,,,,,,,,,,Y,3,0,1,2,A,-,01,23152,A,N,C,E,A,A,H,-,A,D,0,,,,,Y,Y,A,01,0,1,0,0,0,0,0,0,0,"- ","- ",,,"LOS ANGELES","LOS ANGELES",-118.64060386,34.220516869999997
6968872,2015,2015-07-13,1942,2015-06-16,1915,41198,1985,2,5,7,1942,0,0,0,,0,21T65,"VAN NUYS BL","ROSCOE BL",300.00,N,N,A,-,N,,,,,,,,,,Y,4,0,1,3,A,-,00,21352,A,N,C,C,A,A,H,-,A,A,0,,,,,Y,Y,A,01,0,0,1,0,0,0,0,0,0,"- ","- ",,,"LOS ANGELES","LOS ANGELES",-118.44875429,34.222352600000001
6968992,2015,2015-07-08,9530,2015-06-02,2030,021010,,2,2,9,1900,0,3,5,,2,002,"MAIN ST","130TH ST",195.00,S,N,A,-,N,,,,,,,,,,Y,4,0,1,3,A,-,01,23152,A,N,B,E,A,A,H,-,C,D,0,,,,,Y,Y,A,01,0,0,1,0,0,0,0,0,0,"- ","- ",33.915399999999998,-118.27379999999999,"LOS ANGELES",UNINCORPORATED,-118.27394402,33.914215210000002
6969984,2015,2015-07-22,9525,2015-04-09,0050,018651,,4,3,9,1900,0,3,5,,2,002,"QUEENSIDE DR","BROADMOOR AV",15.00,W,N,A,-,N,,,,,,,,,,Y,3,0,1,2,A,-,01,23152,A,N,D,E,A,A,H,-,C,D,0,,,,,Y,Y,A,01,0,1,0,0,0,0,0,0,0,"- ","- ",34.093389999999999,-117.93218,"LOS ANGELES",UNINCORPORATED,-117.93217198000001,34.093328290000002
6970149,2015,2015-07-11,1942,2015-06-03,0110,38471,2137,3,5,7,1942,0,0,0,,0,15T43W,"SATICOY ST","VARIEL AV",161.00,E,N,A,-,N,,,,,,,,,,Y,4,0,1,2,A,-,01,23152,A,N,B,E,A,A,H,-,C,A,0,,,,,Y,Y,A,01,0,0,1,0,0,0,0,0,0,"- ","- ",,,"LOS ANGELES","LOS ANGELES",-118.59233838999999,34.208329990000003
6970309,2015,2016-12-03,9525,2015-04-04,0320,020341,,6,3,5,1990,0,1,3,,2,574,"RT 57","PATHFINDER RD",260.00,N,N,A,-,Y,LA,7,57,-,R,3.220,H,-,N,Y,3,0,1,2,A,-,01,23152,A,N,C,C,A,A,H,-,C,D,1,,,,,Y,Y,A,01,0,1,0,0,0,0,0,0,0,"- ","- ",33.991999999999997,-117.84245,"LOS ANGELES","DIAMOND BAR",-117.84283201,33.985090589999999
6970339,2015,2016-10-10,9525,2015-03-28,0115,015988,,6,3,6,1955,0,1,1,,2,110,"RT 10 E/B SAN BERNARDINO FWY","TOWNE AV",200.00,W,N,A,-,Y,LA,7,10,-,-,46.370,H,-,E,Y,4,0,1,1,A,-,01,23152,A,N,E,I,A,A,H,-,D,D,1,,,,,Y,Y,D,22,0,0,1,0,0,0,0,0,0,"- ","- ",34.0779,-117.74187000000001,"LOS ANGELES",POMONA,-117.74238484,34.077831310000001
6971357,2015,2015-10-21,1942,2015-10-01,0300,37527,1033,4,5,7,1942,0,0,0,J,0,10A21,TAMPA,KITTRIDGE,300.00,N,N,A,-,N,,,,,,,,,,Y,3,0,1,2,A,-,01,23152,A,N,C,E,A,A,H,-,C,D,0,,,,,Y,Y,A,01,0,1,0,0,0,0,0,0,0,"- ","- ",,,"LOS ANGELES","LOS ANGELES",-118.55343999999999,34.191392870000001
6971655,2015,2016-12-17,9550,2015-04-25,0240,020966,,6,3,6,1920,0,1,1,,2,150,"RT 105","GARDENDALE ST",57.00,W,N,A,-,Y,LA,7,105,-,R,15.350,H,-,E,Y,3,0,2,2,A,-,01,23152,A,F,C,C,A,A,H,-,C,D,1,,,,,Y,Y,A,07,0,1,1,0,0,0,0,0,0,"- ","- ",33.912880000000001,-118.14779,"LOS ANGELES",DOWNEY,-118.14779154999999,33.912797230000002
6972074,2015,2015-07-09,1942,2015-05-03,1700,38013,0622,7,5,7,1942,0,0,0,F,0,20T58,"LAUREL CANYON BL","LAUREL VIEW DR",100.00,S,N,A,-,N,,,,,,,,,,Y,3,0,1,2,A,-,06,21750,,F,B,C,A,A,H,-,A,D,0,,,,,Y,Y,-,99,0,1,0,0,0,0,0,0,0,"- ","- ",,,"LOS ANGELES","LOS ANGELES",,
6972926,2015,2015-07-17,1900,2015-06-04,1018,525719,2607,4,5,6,1950,0,0,0,,0,264T1,"AVENUE R","55TH ST EAST",0.00,,Y,A,-,N,,,,,,,,,,Y,4,0,4,2,A,-,12,21453,A,M,D,C,A,A,H,-,A,A,0,,,,,Y,Y,A,01,0,0,4,0,0,0,0,0,0,"- ","- ",,,"LOS ANGELES",PALMDALE,-118.03160004999999,34.572530049999997
6974683,2015,2015-07-11,1942,2015-06-06,2300,36646,0585,6,5,7,1942,0,0,0,E,0,3TL5,"25TH ST","ALMA ST",45.00,E,N,A,-,N,,,,,,,,,,Y,3,0,1,2,A,-,01,23152,A,N,B,E,A,A,H,-,C,A,0,,,,,Y,Y,A,01,0,1,0,0,0,0,0,0,0,"- ","- ",,,"LOS ANGELES","LOS ANGELES",-118.2989123,33.72157
6975674,2015,2015-07-06,1942,2015-06-22,0215,41000,0636,1,5,7,1942,0,0,0,F,0,6A31,YUCCA,WHITLEY,25.00,W,N,A,-,N,,,,,,,,,,Y,3,0,1,2,A,-,01,23152,A,F,C,C,A,A,H,-,C,D,0,,,,,Y,Y,A,01,0,1,0,0,0,0,0,0,0,"- ","- ",,,"LOS ANGELES","LOS ANGELES",-118.33336,34.103389999999997
6977916,2015,2016-12-03,1942,2015-06-28,0350,40207,1761,7,5,7,1942,0,0,0,Q,0,15T45,"TOPANGA CANYON BL","PRAIRIE ST",194.00,S,N,A,-,Y,LA,7,27,-,-,17.220,H,-,S,Y,2,0,4,5,A,-,01,23152,A,N,C,E,A,A,H,-,C,D,0,,,,,Y,Y,A,01,2,0,2,0,0,0,0,0,0,"- ","- ",,,"LOS ANGELES","LOS ANGELES",-118.60617959,34.238326690000001
6978702,2015,2015-07-08,1976,2015-06-14,1922,332,,7,5,5,1976,0,0,0,,0,,"WORKMAN MILL RD","DAVIDSON DR",60.00,N,N,A,-,N,,,,,,,,,,Y,3,0,1,1,A,-,01,23152,A,N,F,A,A,A,H,-,A,D,0,,,Y,,Y,Y,C,02,0,1,0,0,0,0,0,0,1,"- ","- ",,,"LOS ANGELES",WHITTIER,-118.05519099999999,33.999411000000002
6979612,2015,2015-07-08,1925,2015-06-20,1829,24819,237,6,5,6,1925,0,0,0,,0,004,"GLENDALE AV","CALIFORNIA AV",0.00,,Y,A,-,N,,,,,,,,,,N,3,0,1,2,A,-,11,21456,B,N,G,B,B,A,H,-,A,A,0,Y,,,,Y,Y,N,60,0,1,0,0,1,0,0,0,0,"- ","- ",,,"LOS ANGELES",GLENDALE,-118.24572003,34.149960030000003
6980617,2015,2015-07-22,9535,2015-04-20,2115,20855,,1,2,9,1900,0,2,4,,2,022,"OLYMPIC BL","ARIZONA AV",0.00,,Y,A,-,N,,,,,,,,,,N,2,0,1,2,A,-,09,21804,A,F,H,G,A,A,H,-,C,A,0,,Y,,,Y,Y,L,04,1,0,0,0,0,0,1,0,0,"- ","- ",34.018369999999997,-118.16833,"LOS ANGELES",UNINCORPORATED,-118.16832013,34.018360039999997
6980674,2015,2015-07-17,9535,2015-05-23,0315,20833,,6,3,9,1900,0,2,4,,2,025,"ATLANTIC BL","POMONA BL",12.00,S,N,A,-,N,,,,,,,,,,Y,3,0,1,2,A,-,01,23152,A,N,E,I,A,A,H,-,C,A,0,,,,Y,Y,Y,A,07,0,1,0,0,0,0,0,0,0,"- ","- ",34.032080000000001,-118.15352,"LOS ANGELES",UNINCORPORATED,-118.15277476,34.03334435
6985398,2015,2015-07-17,9550,2015-05-03,1810,020974,,7,2,9,1900,0,3,5,,2,001,"TURNBULL CANYON RD","SKYLINE DR",3000.00,W,N,A,-,N,,,,,,,,,,Y,3,0,1,1,A,-,01,23152,A,N,E,I,A,A,H,-,A,D,0,,,,,Y,Y,D,22,0,1,0,0,0,0,0,0,0,"- ","- ",33.994239999999998,-118.00751,"LOS ANGELES",UNINCORPORATED,-118.00741001999999,33.99376007
6986187,2015,2015-07-16,9550,2015-05-15,0125,20941,,5,3,9,1900,0,3,5,,2,002,"PAINTER AV","CARMENITA RD",25.00,W,N,B,-,N,,,,,,,,,,Y,4,0,1,1,A,-,01,23152,A,M,E,I,A,B,H,-,C,D,0,,,,,Y,Y,A,01,0,0,1,0,0,0,0,0,0,"- ","- ",33.948860000000003,-118.04675,"LOS ANGELES",UNINCORPORATED,-118.04659153,33.948849060000001
6986337,2015,2015-07-20,1942,2015-06-29,2145,41133,0645,1,5,7,1942,0,0,0,F,0,6FB4,FRANKLIN,ORANGE,0.00,,Y,A,-,N,,,,,,,,,,N,3,0,1,2,A,-,11,21954,A,N,A,B,D,A,H,-,C,A,0,Y,,,,Y,Y,N,60,0,1,0,0,1,0,0,0,0,"- ","- ",,,"LOS ANGELES","LOS ANGELES",-118.34175007,34.104140000000001
6988288,2015,2015-08-03,1955,2015-04-10,2306,S001,,5,5,6,1955,0,0,0,,0,,"HORSE HILL DR","KELLOGG DR",132.00,E,N,A,-,N,,,,,,,,,,Y,3,0,1,1,A,-,01,23152,A,N,E,I,A,A,H,-,C,D,0,,,,,Y,Y,A,01,0,1,0,0,0,0,0,0,0,"- ","- ",,,"LOS ANGELES",POMONA,,
6988731,2015,2016-11-03,9565,2015-04-26,0400,20604,,7,3,4,1918,0,1,1,,2,061,"RT 405","JEFFERSON BL",55.00,S,N,A,-,Y,LA,7,405,-,-,25.659,R,2,N,Y,3,0,1,1,A,-,01,23152,A,N,E,I,A,A,H,-,D,D,1,,,,,Y,Y,A,01,0,1,0,0,0,0,0,0,0,TO,"- ",33.98751,-118.39763000000001,"LOS ANGELES","CULVER CITY",-118.39629236,33.98433532
6988798,2015,2015-07-21,1970,2015-06-28,0421,194,,7,5,4,1970,0,0,0,,0,004,"GARFIELD AV","MONTEREY RD",323.00,S,N,B,-,N,,,,,,,,,,Y,4,0,1,2,A,-,01,23152,A,N,B,E,A,A,H,-,C,D,0,,,,,Y,Y,A,01,0,0,1,0,0,0,0,0,0,"- ","- ",,,"LOS ANGELES","SOUTH PASADENA",-118.13902892,34.111747680000001
6988860,2015,2015-07-29,1929,2015-06-26,1729,197,,5,5,3,1929,0,0,0,,0,003,"AVIATION BL","BONNIE BRAE ST",50.00,E,N,A,-,N,,,,,,,,,,Y,3,0,1,3,A,-,01,23152,A,N,C,E,A,A,H,-,A,A,0,,,,,Y,Y,-,,0,1,0,0,0,0,0,0,0,"- ","- ",,,"LOS ANGELES","HERMOSA BEACH",-118.38970625,33.863368549999997
6989608,2015,2015-07-22,1942,2015-07-03,0005,40157,0648,5,5,7,1942,0,0,0,F,0,7T71,"CARLTON WY","SERRANO AV",9.00,W,N,A,-,N,,,,,,,,,,N,4,0,1,2,A,-,01,23152,A,N,G,B,B,A,H,-,C,D,0,Y,,,,Y,Y,A,01,0,0,1,0,1,0,0,0,0,"- ","- ",,,"LOS ANGELES","LOS ANGELES",-118.30713967,34.10051
6991561,2015,2015-08-08,1900,2015-07-02,2142,546182,1192,4,5,6,1992,0,0,0,,0,111T1,"AVENUE L","30TH ST",60.00,E,N,A,-,N,,,,,,,,,,Y,4,0,1,3,A,-,01,23152,A,N,C,C,A,A,H,-,C,A,0,,,,,Y,Y,D,22,0,0,1,0,0,0,0,0,0,"- ","- ",,,"LOS ANGELES",LANCASTER,-118.18328089000001,34.660269999999997
6991623,2015,2015-08-06,1942,2015-07-18,2025,31652,0926,6,5,7,1942,0,0,0,I,0,9T55,"VAN NUYS BL","HAMLIN ST",0.00,,Y,C,-,N,,,,,,,,,,Y,3,0,2,7,A,-,01,23152,A,N,D,C,A,-,H,-,C,-,0,,,,,Y,Y,A,01,0,2,0,0,0,0,0,0,0,"- ","- ",,,"LOS ANGELES","LOS ANGELES",-118.44874007,34.188660050000003
6992016,2015,2015-08-04,1907,2015-03-28,0222,229,2,6,5,4,1907,0,0,0,,0,,"GAGE AV","WALKER AV",24.00,E,N,A,-,N,,,,,,,,,,Y,4,0,1,2,A,-,01,23153,A,F,D,C,A,A,H,-,C,A,0,,,,,Y,Y,D,72,0,0,1,0,0,0,0,0,0,"- ","- ",,,"LOS ANGELES",BELL,-118.17332177,33.97656087
6992052,2015,2015-08-06,1907,2015-06-26,2500,226,1,5,5,4,1907,0,0,0,,0,,"FLORENCE AV","PINE AV",150.00,E,N,A,-,N,,,,,,,,,,N,4,0,1,2,A,-,21,22106,,N,C,C,A,A,H,-,A,A,0,,,,,Y,Y,A,01,0,0,1,0,0,0,0,0,0,"- ","- ",,,"LOS ANGELES",BELL,-118.18903047000001,33.970406599999997
6993604,2015,2016-07-26,1900,2015-07-03,2025,101944,0451,5,5,6,1949,0,0,0,,0,43T11P,"PIONEER BL","RT 5",145.00,N,N,A,-,N,,,,,,,,,,N,3,0,1,2,A,-,09,21804,A,N,D,G,A,A,H,-,C,D,0,,Y,,,Y,Y,L,04,0,1,0,0,0,0,1,0,0,"- ","- ",,,"LOS ANGELES",NORWALK,-118.08187388,33.920467559999999
6993921,2015,2017-01-25,9530,2015-06-28,1430,020868,,7,2,7,1942,0,1,1,,2,200,"RT 105","RT 110",50.00,W,N,A,-,Y,LA,7,105,-,R,7.250,H,-,W,Y,3,0,6,4,A,-,07,21658,A,F,B,C,A,A,H,-,A,D,1,,,,,Y,Y,A,01,0,1,5,0,0,0,0,0,0,"- ","- ",33.929099999999998,-118.2813,"LOS ANGELES","LOS ANGELES",-118.28298787,33.928886259999999
6993925,2015,2016-12-17,9530,2015-06-07,1920,020583,,7,2,9,1900,0,3,5,,2,006,"SEPULVEDA BL","RT 110",251.00,W,N,A,-,Y,LA,7,110,-,-,5.493,R,4,S,Y,3,0,1,1,A,-,01,23152,A,N,E,I,A,A,H,-,A,D,1,,,,,Y,Y,A,01,0,1,0,0,0,0,0,0,0,"- ","- ",33.809640000000002,-118.28852999999999,"LOS ANGELES",UNINCORPORATED,-118.28763804,33.809374869999999
6993938,2015,2015-08-06,9540,2015-06-24,1600,13877,,3,2,9,1900,0,3,5,,2,400,"PINE CANYON RD","THREE POINTS RD",22176.00,E,N,A,-,N,,,,,,,,,,Y,3,0,2,2,A,-,08,22107,,F,B,C,A,A,H,-,A,D,0,,,,,Y,Y,-,,0,2,0,0,0,0,0,0,0,"- ","- ",34.715899999999998,-118.57001,"LOS ANGELES",UNINCORPORATED,-118.53765199,34.707695989999998
6994312,2015,2015-07-30,1942,2015-06-03,1420,38614,1361,3,5,7,1942,0,0,0,M,0,13A63,VERNON,GRAND,5.00,W,N,A,-,N,,,,,,,,,,N,4,0,1,2,A,-,08,22107,,F,D,G,A,A,H,-,A,A,0,,Y,,,Y,Y,-,,0,0,1,0,0,0,1,0,0,"- ","- ",,,"LOS ANGELES","LOS ANGELES",-118.28053645999999,34.003770000000003
6994392,2015,2015-07-31,9565,2015-05-30,2320,021002,,6,3,9,1900,0,2,4,,2,021,"VERMONT AV","110TH ST",27.00,N,N,A,-,N,,,,,,,,,,Y,2,0,1,2,A,-,08,22100,A,N,C,C,A,A,H,-,C,D,0,,,Y,,Y,Y,A,01,1,0,0,0,0,0,0,0,1,"- ","- ",,,"LOS ANGELES",UNINCORPORATED,-118.29193841999999,33.935564040000003
6995865,2015,2015-08-19,1942,2015-07-08,2305,38050,0185,3,5,7,1942,0,0,0,A,0,13T55,BROADWAY,"11TH ST",0.00,,Y,A,-,N,,,,,,,,,,Y,4,0,1,2,A,-,12,21453,A,N,D,C,A,A,H,-,C,A,0,,,,,Y,Y,A,01,0,0,1,0,0,0,0,0,0,"- ","- ",,,"LOS ANGELES","LOS ANGELES",-118.259,34.0396
6995886,2015,2015-08-11,1942,2015-07-05,1740,34267,0119,7,5,7,1942,0,0,0,A,0,1A12,"VIGNES ST","CESAR CHAVEZ",0.00,,Y,A,-,N,,,,,,,,,,N,4,0,1,2,A,-,08,22107,,F,D,C,A,A,H,-,A,A,0,,,Y,,Y,Y,-,99,0,0,1,0,0,0,0,0,1,"- ","- ",,,"LOS ANGELES","LOS ANGELES",-118.23183,34.05659
6996138,2015,2015-09-17,1942,2015-07-08,1930,37880,1251,3,5,7,1942,0,0,0,L,0,12A51,"FLORENCE AV","VAN NESS",5.00,E,N,B,-,N,,,,,,,,,,N,4,0,1,2,A,-,04,21703,,F,C,-,A,A,H,-,B,A,0,,,,,Y,Y,-,99,0,0,1,0,0,0,0,0,0,"- ","- ",,,"LOS ANGELES","LOS ANGELES",-118.31771354,33.974600000000002
6996636,2015,2016-09-23,9580,2015-02-05,2253,18297,,4,3,3,1989,0,1,2,,2,109,"RT 101","LOST HILLS RD",1320.00,N,N,A,-,Y,LA,7,101,-,-,32.220,H,-,S,Y,3,0,1,1,A,-,01,23152,A,N,E,I,A,A,H,-,C,D,1,,,,,Y,Y,A,01,0,1,0,0,0,0,0,0,0,"- ","- ",34.13935,-118.71359,"LOS ANGELES",CALABASAS,-118.71459029,34.139149070000002
6996650,2015,2015-08-07,1924,2015-04-07,2004,112602,08,2,5,5,1924,0,0,0,,0,8T2,"132ND ST","VAN NESS AV",56.00,E,N,C,-,N,,,,,,,,,,N,4,0,1,2,A,-,01,23152,A,N,A,C,A,B,H,-,C,A,0,,,,,Y,Y,A,01,0,0,1,0,0,0,0,0,0,"- ","- ",,,"LOS ANGELES",GARDENA,-118.31767579,33.912638370000003
6996788,2015,2016-12-08,9550,2015-05-17,1805,20765,,7,2,5,1919,0,1,1,,2,652,"RT 605","RT 91",200.00,N,N,A,-,Y,LA,7,91,-,R,16.759,R,2,W,Y,4,0,1,1,A,-,03,22350,,N,E,I,A,A,H,-,A,D,1,,,Y,,Y,Y,C,02,0,0,1,0,0,0,0,0,1,TO,"- ",33.876930000000002,-118.10432,"LOS ANGELES",CERRITOS,-118.10577788000001,33.87642589
6997112,2015,2015-08-10,1912,2015-07-07,1327,9463,,2,5,6,1912,0,0,0,,0,,"BURBANK BL","EDISON BL",0.00,,Y,A,-,N,,,,,,,,,,N,3,0,1,1,A,-,08,22107,,N,-,-,A,A,H,-,A,A,0,,Y,,,Y,Y,L,04,0,1,0,0,0,0,1,0,0,"- ","- ",,,"LOS ANGELES",BURBANK,-118.35025005999999,34.174680080000002
6997996,2015,2015-08-06,1918,2015-06-07,2500,1136,240,7,5,4,1918,0,0,0,,0,,"CENTINELLA AV","GREEN VALLEY CIR",324.00,W,N,A,-,N,,,,,,,,,,Y,2,0,1,2,A,-,01,23152,A,N,C,E,A,A,H,-,D,D,0,,,,Y,Y,Y,A,01,1,0,0,0,0,0,0,0,0,"- ","- ",33.586509999999997,-118.23237,"LOS ANGELES","CULVER CITY",-118.38747997999999,33.97758529