CASE_ID,ACCIDENT_YEAR,PROC_DATE,JURIS,COLLISION_DATE,COLLISION_TIME,OFFICER_ID,REPORTING_DISTRICT,DAY_OF_WEEK,CHP_SHIFT,POPULATION,CNTY_CITY_LOC,SPECIAL_COND,BEAT_TYPE,CHP_BEAT_TYPE,CITY_DIVISION_LAPD,CHP_BEAT_CLASS,BEAT_NUMBER,PRIMARY_RD,SECONDARY_RD,DISTANCE,DIRECTION,INTERSECTION,WEATHER_1,WEATHER_2,STATE_HWY_IND,CALTRANS_COUNTY,CALTRANS_DISTRICT,STATE_ROUTE,ROUTE_SUFFIX,POSTMILE_PREFIX,POSTMILE,LOCATION_TYPE,RAMP_INTERSECTION,SIDE_OF_HWY,TOW_AWAY,COLLISION_SEVERITY,NUMBER_KILLED,NUMBER_INJURED,PARTY_COUNT,PRIMARY_COLL_FACTOR,PCF_CODE_OF_VIOL,PCF_VIOL_CATEGORY,PCF_VIOLATION,PCF_VIOL_SUBSECTION,HIT_AND_RUN,TYPE_OF_COLLISION,MVIW,PED_ACTION,ROAD_SURFACE,ROAD_COND_1,ROAD_COND_2,LIGHTING,CONTROL_DEVICE,CHP_ROAD_TYPE,PEDESTRIAN_ACCIDENT,BICYCLE_ACCIDENT,MOTORCYCLE_ACCIDENT,TRUCK_ACCIDENT,NOT_PRIVATE_PROPERTY,ALCOHOL_INVOLVED,STWD_VEHTYPE_AT_FAULT,CHP_VEHTYPE_AT_FAULT,COUNT_SEVERE_INJ,COUNT_VISIBLE_INJ,COUNT_COMPLAINT_PAIN,COUNT_PED_KILLED,COUNT_PED_INJURED,COUNT_BICYCLIST_KILLED,COUNT_BICYCLIST_INJURED,COUNT_MC_KILLED,COUNT_MC_INJURED,PRIMARY_RAMP,SECONDARY_RAMP,LATITUDE,LONGITUDE,COUNTY,CITY,POINT_X,POINT_Y
7124520,2015,2015-12-04,1900,2015-10-16,0800,515585,1320,5,5,5,1935,0,0,0,,0,132T2,"BARLIN AV","HARDWICK ST",0.00,,Y,A,-,N,,,,,,,,,,N,4,0,1,2,A,-,08,22107,,M,G,B,E,A,H,-,A,D,0,Y,,,,Y,Y,D,,0,0,1,0,1,0,0,0,0,"- ","- ",,,"LOS ANGELES",LAKEWOOD,-118.14907002,33.85048003
7125372,2015,2015-12-04,1942,2015-11-21,0010,31652,1583,6,5,7,1942,0,0,0,O,0,19T73,"VENTURA BL","CARPENTER AV",150.00,W,N,D,-,N,,,,,,,,,,Y,3,0,1,2,A,-,11,21954,A,N,G,B,D,A,H,-,C,D,0,Y,,,,Y,Y,N,60,0,1,0,0,1,0,0,0,0,"- ","- ",,,"LOS ANGELES","LOS ANGELES",-118.39121939,34.142874450000001
7125554,2015,2015-12-04,1942,2015-11-13,0335,37304,0985,5,5,7,1942,0,0,0,I,0,9T53W3,"DICKENS ST","STANSBURY AV",700.00,W,N,A,-,N,,,,,,,,,,N,3,0,1,1,A,-,01,23152,A,M,E,I,A,A,H,-,C,D,0,,,,,Y,Y,A,01,0,1,0,0,0,0,0,0,0,"- ","- ",,,"LOS ANGELES","LOS ANGELES",-118.44339045,34.148791209999999
7125820,2015,2015-12-04,1942,2015-10-24,2355,36336,2187,6,5,7,1942,0,0,0,,0,15T45,"CANOGA AV","LOPEZ ST",60.00,N,N,A,-,N,,,,,,,,,,Y,3,0,1,2,A,-,01,23152,A,N,E,J,A,A,H,-,D,D,0,,,,,Y,Y,A,01,0,1,0,0,0,0,0,0,0,"- ","- ",,,"LOS ANGELES","LOS ANGELES",-118.59719479,34.162778160000002
7125824,2015,2015-12-04,1942,2015-10-31,2320,31652,2129,6,5,7,1942,0,0,0,,0,19T73,"ROSCOE BL","WINNETKA AV",275.00,W,N,A,-,N,,,,,,,,,,Y,4,0,1,2,A,-,01,23152,A,N,D,C,A,A,H,-,C,D,0,,,,,Y,Y,A,01,0,0,1,0,0,0,0,0,0,"- ","- ",,,"LOS ANGELES","LOS ANGELES",-118.57195790999999,34.220239999999997
7125842,2015,2015-12-01,1942,2015-11-03,1915,34390,1218,2,5,7,1942,0,0,0,L,0,12X32,"SLAUSON AV","VERMONT AV",20.00,W,N,B,-,N,,,,,,,,,,N,4,0,1,2,A,-,11,21956,A,N,A,B,D,A,H,-,C,D,0,Y,,,,Y,Y,N,60,0,0,1,0,1,0,0,0,0,"- ","- ",,,"LOS ANGELES","LOS ANGELES",-118.29153585,33.989130000000003
7125870,2015,2015-12-11,1942,2015-11-08,2150,37510,1252,7,5,7,1942,0,0,0,L,0,12A67,"W 73RD ST","5TH AV",170.00,W,N,A,-,N,,,,,,,,,,Y,3,0,1,4,A,-,01,23152,A,N,C,E,A,A,H,-,C,D,0,,,,,Y,Y,A,01,0,1,0,0,0,0,0,0,0,"- ","- ",,,"LOS ANGELES","LOS ANGELES",-118.32267962,33.973657439999997
7126013,2015,2015-12-02,1942,2015-10-31,1400,37403,1218,6,5,7,1942,0,0,0,L,0,12A49,"56TH ST","VERMONT AV",30.00,W,N,A,-,N,,,,,,,,,,Y,4,0,1,2,A,-,09,21801,A,N,D,C,A,A,H,-,A,A,0,,,,,Y,Y,A,01,0,0,1,0,0,0,0,0,0,"- ","- ",,,"LOS ANGELES","LOS ANGELES",-118.29158878,33.991399999999999
7126454,2015,2015-12-09,1942,2015-11-16,0145,41292,0711,1,5,7,1942,0,0,0,G,0,7A1,"OAKWOOD AV","ALFRED ST",0.00,,Y,A,-,N,,,,,,,,,,N,3,0,1,2,A,-,03,22350,,F,G,B,D,A,H,-,C,D,0,Y,,,,Y,Y,-,99,0,1,0,0,1,0,0,0,0,"- ","- ",,,"LOS ANGELES","LOS ANGELES",-118.37532,34.078130090000002
7126543,2015,2016-02-08,1941,2015-11-19,0230,6160,,4,5,7,1941,0,0,0,,0,,"ANAHEIM ST","ROSWELL AV",17.00,E,N,A,-,N,,,,,,,,,,Y,4,0,1,1,A,-,03,22350,,N,A,I,A,A,H,-,C,D,0,,,,,Y,Y,A,,0,0,1,0,0,0,0,0,0,"- ","- ",,,"LOS ANGELES","LONG BEACH",-118.14368417,33.782600000000002
7127249,2015,2015-12-23,1942,2015-12-01,2300,40325,0269,2,5,7,1942,0,0,0,B,0,11T21,"8TH ST","HARTFORD AV",10.00,E,N,A,-,N,,,,,,,,,,N,4,0,1,2,A,-,10,21950,A,N,G,B,B,A,H,-,C,A,0,Y,,,,Y,Y,A,01,0,0,1,0,1,0,0,0,0,"- ","- ",,,"LOS ANGELES","LOS ANGELES",-118.26862088999999,34.050037160000002
7127264,2015,2015-12-24,1942,2015-12-05,0610,34959,2019,6,5,7,1942,0,0,0,,0,20TL55,"VERMONT AV","BEVERLY BL",232.00,S,N,A,-,N,,,,,,,,,,N,4,0,2,3,A,-,04,21703,,N,C,C,A,A,H,-,C,D,0,,,,,Y,Y,A,01,0,0,2,0,0,0,0,0,0,"- ","- ",,,"LOS ANGELES","LOS ANGELES",-118.29168,34.075683789999999
7127800,2015,2015-12-03,1907,2015-10-17,1840,229,2,6,5,4,1907,0,0,0,,0,,"FLORENCE AV","WILCOX AV",381.00,W,N,A,-,N,,,,,,,,,,Y,4,0,1,3,A,-,01,23152,A,N,C,C,A,A,H,-,C,A,0,,,,,Y,Y,A,07,0,0,1,0,0,0,0,0,0,"- ","- ",,,"LOS ANGELES",BELL,-118.17909526,33.969363010000002
7128905,2015,2015-12-09,1942,2015-11-04,0025,36599,,3,5,7,1942,0,0,0,,0,15T45,"OXNARD ST","TOPEKA DR",0.00,,Y,A,-,N,,,,,,,,,,Y,3,0,1,1,A,-,01,23152,A,N,E,I,A,B,H,-,C,A,0,,,,,Y,Y,A,01,0,1,0,0,0,0,0,0,0,"- ","- ",,,"LOS ANGELES","LOS ANGELES",-118.54614003,34.180210039999999
7129924,2015,2015-12-11,1942,2015-11-25,0005,39262,2005,3,5,7,1942,0,0,0,,0,20T59,"BEVERLY BL","KINGSLEY DR",22.00,E,N,C,-,N,,,,,,,,,,N,4,0,1,2,A,-,01,23152,A,F,C,C,A,A,H,-,C,D,0,,,,,Y,Y,A,07,0,0,1,0,0,0,0,0,0,"- ","- ",,,"LOS ANGELES","LOS ANGELES",-118.30344749,34.076270000000001
7130703,2015,2015-12-10,1942,2015-11-08,0250,40325,0185,7,5,7,1942,0,0,0,A,0,11T21,"9TH ST",BROADWAY,0.00,,Y,A,-,N,,,,,,,,,,Y,4,0,1,2,A,-,01,23152,A,N,D,C,A,A,H,-,C,A,0,,,,,Y,Y,A,01,0,0,1,0,0,0,0,0,0,"- ","- ",,,"LOS ANGELES","LOS ANGELES",-118.25610004000001,34.04230003
7130866,2015,2016-08-05,1942,2015-11-25,0715,38471,1675,3,5,7,1942,0,0,0,P,0,16TL25,"LA TUNA CANYON","TUXFORD ST",0.00,,Y,A,-,N,,,,,,,,,,Y,4,0,1,2,A,-,09,21802,A,N,D,C,A,A,H,-,A,A,0,,,,,Y,Y,A,07,0,0,1,0,0,0,0,0,0,"- ","- ",,,"LOS ANGELES","LOS ANGELES",-118.37135001999999,34.234490010000002
7131201,2015,2015-12-31,1900,2015-11-08,1525,279461,0451,7,5,6,1949,0,0,0,,0,43T1P,"FIRESTONE BL","ORR AND DAY RD",445.00,W,N,A,-,N,,,,,,,,,,Y,3,0,2,2,A,-,01,23152,A,N,D,C,A,A,H,-,A,A,0,,,,Y,Y,Y,D,22,0,1,1,0,0,0,0,0,0,"- ","- ",,,"LOS ANGELES",NORWALK,-118.0925218,33.918378959999998
7131820,2015,2016-02-24,1942,2015-12-07,0005,37304,0904,1,5,7,1942,0,0,0,I,0,9T53,"KESTER AV","SATICOY ST",168.00,N,N,A,-,N,,,,,,,,,,Y,3,0,1,2,A,-,01,23152,A,M,B,E,A,A,H,-,C,D,0,,,,,Y,Y,A,01,0,1,0,0,0,0,0,0,0,"- ","- ",,,"LOS ANGELES","LOS ANGELES",-118.45747024000001,34.208930809999998
7132027,2015,2015-12-09,1953,2015-11-22,0035,1276,1953,7,5,6,1953,0,0,0,,0,001,"FAIR OAKS AV","COLUMBIA ST",100.00,N,N,A,-,N,,,,,,,,,,Y,4,0,1,2,A,-,01,23152,A,N,C,E,A,A,H,-,C,A,0,,,,,Y,Y,A,01,0,0,1,0,0,0,0,0,0,"- ","- ",,,"LOS ANGELES",PASADENA,-118.15028,34.124020000000002
7132401,2015,2016-08-03,1926,2015-12-02,0230,6896,,3,5,5,1926,0,0,0,,0,002,"RT 66",ELWOOD,317.00,W,N,A,-,N,,,,,,,,,,Y,3,0,1,2,A,-,01,23152,A,N,C,E,A,A,-,-,C,A,0,,,,,Y,Y,A,01,0,1,0,0,0,0,0,0,0,"- ","- ",,,"LOS ANGELES",GLENDORA,-117.85177493,34.128834130000001
7133707,2015,2015-12-17,1900,2015-10-23,1858,526304,1351,5,5,3,1927,0,0,0,,0,135B,"CARSON ST","JUAN AV",0.00,,Y,A,-,N,,,,,,,,,,Y,2,0,1,2,A,-,01,23152,A,N,G,B,B,A,H,-,C,A,0,Y,,,,Y,Y,D,22,1,0,0,0,1,0,0,0,0,"- ","- ",,,"LOS ANGELES","HAWAIIAN GARDENS",-118.07560008999999,33.831530069999999
7134489,2015,2016-08-09,1942,2015-11-29,1845,36016,1455,7,5,7,1942,0,0,0,N,0,14A67,"WESTLAWN AV","SHORT AV",9.00,N,N,A,-,N,,,,,,,,,,N,3,0,1,1,D,-,00,,,N,H,A,A,A,H,-,C,D,0,,Y,,,Y,Y,-,"- ",0,1,0,0,0,0,1,0,0,"- ","- ",,,"LOS ANGELES","LOS ANGELES",-118.42646999999999,33.991379999999999
7134575,2015,2015-12-18,1942,2015-11-20,0945,37952,0182,5,5,7,1942,0,0,0,A,0,1TL24,"FIGUEROA ST","9TH ST",0.00,,Y,A,-,N,,,,,,,,,,Y,4,0,1,2,A,-,01,23152,A,N,-,C,A,A,H,-,A,D,0,,,,,Y,Y,A,01,0,0,1,0,0,0,0,0,0,"- ","- ",,,"LOS ANGELES","LOS ANGELES",-118.26283012,34.046240089999998
7134859,2015,2016-02-09,1900,2015-11-30,2220,532461,DOWNE,1,5,4,1936,0,0,0,,0,46T1,"BEACH BL","HILLSBOROUGH DR",0.00,,Y,A,-,N,,,,,,,,,,Y,3,0,2,2,A,-,01,23152,A,N,D,C,A,A,H,-,C,A,0,,,,,Y,Y,A,07,0,1,1,0,0,0,0,0,0,"- ","- ",,,"LOS ANGELES","LA MIRADA",-117.97793003,33.908610019999998
7135182,2015,2016-01-07,1942,2015-12-20,0405,34959,0738,7,5,7,1942,0,0,0,G,0,20T59,"HIGHLAND AV","WILSHIRE BL",454.00,N,N,A,-,N,,,,,,,,,,Y,2,0,2,4,A,-,01,23152,A,N,B,E,A,B,H,-,C,D,0,,,,,Y,Y,D,22,2,0,0,0,0,0,0,0,0,"- ","- ",,,"LOS ANGELES","LOS ANGELES",-118.33862236,34.06333626
7135766,2015,2015-12-14,1942,2015-11-30,1940,38715,1443,1,5,7,1942,0,0,0,N,0,14A67,"CRESTMOORE PL","ABBOTT KINNEY BL",430.00,E,N,A,-,N,,,,,,,,,,N,4,0,1,3,A,-,01,23152,A,N,B,B,E,A,H,-,C,D,0,Y,,,,Y,Y,A,07,0,0,1,0,1,0,0,0,0,"- ","- ",,,"LOS ANGELES","LOS ANGELES",-118.45617136,33.989181160000001
7136146,2015,2015-12-22,1941,2015-11-29,0030,10549,,7,5,7,1941,0,0,0,,0,,"DAISY AV","DEL AMO BL",0.00,,Y,A,-,N,,,,,,,,,,Y,4,0,1,1,A,-,07,21658,A,N,-,I,A,A,H,-,C,A,0,,,,,Y,Y,A,,0,0,1,0,0,0,0,0,0,"- ","- ",,,"LOS ANGELES","LONG BEACH",-118.19919009,33.846690080000002
7136336,2015,2016-01-04,1928,2015-11-25,1320,342,520,3,5,5,1928,0,0,0,,0,503,"ROSECRANS AV","CRENSHAW BL",25.00,W,N,A,-,N,,,,,,,,,,N,4,0,2,2,A,-,01,23152,A,N,C,C,A,A,H,-,A,A,0,,,,Y,Y,Y,F,26,0,0,2,0,0,0,0,0,0,"- ","- ",33.901870000000002,-118.32649000000001,"LOS ANGELES",HAWTHORNE,-118.32661222999999,33.90193
7137526,2015,2016-01-11,1900,2015-09-21,2338,523675,1516,1,5,5,1954,0,0,0,,0,151T3,"ROSEMEAD BL","REX RD",300.00,N,N,A,-,N,,,,,,,,,,N,3,0,1,2,A,-,08,22107,,F,C,G,A,A,H,-,C,D,0,,Y,,,Y,Y,-,,0,1,0,0,0,0,1,0,0,"- ","- ",,,"LOS ANGELES","PICO RIVERA",-118.10090533,33.978086140000002
7139366,2015,2016-01-14,1956,2015-12-21,1712,1286,55,1,5,5,1956,0,0,0,,0,005,"INGLEWOOD AV","GATES AV",0.00,,Y,C,-,N,,,,,,,,,,Y,4,0,1,2,A,-,09,21801,A,N,B,C,A,B,H,-,C,D,0,,,,,Y,Y,A,01,0,0,1,0,0,0,0,0,0,"- ","- ",,,"LOS ANGELES","REDONDO BEACH",-118.36133009,33.878490079999999
7140014,2015,2015-12-22,1953,2015-12-03,2154,5651,1953,4,5,6,1953,0,0,0,,0,001,"NORTH LOS ROBLES AV","HILL AV",0.00,,N,A,-,N,,,,,,,,,,Y,4,0,1,1,A,-,01,23153,A,N,E,I,A,A,H,-,C,D,0,,,,,Y,Y,A,01,0,0,1,0,0,0,0,0,0,"- ","- ",,,"LOS ANGELES",PASADENA,,
7141826,2015,2016-01-05,1942,2015-12-10,2045,38734,1764,4,5,7,1942,0,0,0,Q,0,17X82,MELVIN,PRAIRIE,0.00,,Y,A,-,N,,,,,,,,,,N,4,0,1,2,A,-,21,22106,,F,G,B,E,B,H,-,C,A,0,Y,,,,Y,Y,-,99,0,0,1,0,1,0,0,0,0,"- ","- ",,,"LOS ANGELES","LOS ANGELES",-118.56011004,34.239120040000003
7141837,2015,2015-12-30,1941,2015-12-13,1602,10763,,7,5,7,1941,0,0,0,,0,,"REDONDO AV","8TH ST",0.00,,Y,B,-,N,,,,,,,,,,Y,3,0,2,2,A,-,01,23153,A,N,D,C,A,A,H,-,A,A,0,,,,,Y,Y,-,"- ",0,2,0,0,0,0,0,0,0,"- ","- ",,,"LOS ANGELES","LONG BEACH",-118.15242001,33.777140090000003
7141857,2015,2015-12-30,1942,2015-12-21,1920,39971,,1,5,7,1942,0,0,0,,0,1934,"W BRAND BL","SEPULVEDA BL",313.00,E,N,A,-,N,,,,,,,,,,Y,4,0,1,2,A,-,01,23152,A,F,A,E,A,A,H,-,C,A,0,,,,,Y,Y,A,01,0,0,1,0,0,0,0,0,0,"- ","- ",,,"LOS ANGELES","LOS ANGELES",-118.46608272,34.269463530000003
7144261,2015,2017-02-04,1942,2015-12-06,2305,36966,1273,7,5,7,1942,0,0,0,L,0,12A73,"89TH ST","WESTERN AV",10.00,W,N,A,-,N,,,,,,,,,,N,4,0,1,2,A,-,01,23152,A,N,B,C,A,A,H,-,C,D,0,,,,,Y,Y,A,01,0,0,1,0,0,0,0,0,0,"- ","- ",,,"LOS ANGELES","LOS ANGELES",-118.30905291000001,33.956330000000001
7144942,2015,2016-01-06,1900,2015-12-21,1630,442237,1124,1,5,6,1992,0,0,0,,0,110T3,"AVE M","4TH ST WEST",504.00,W,N,A,-,N,,,,,,,,,,Y,4,0,1,1,A,-,01,23152,A,N,E,I,A,A,H,-,B,D,0,,,,,Y,Y,A,01,0,0,1,0,0,0,0,0,0,"- ","- ",,,"LOS ANGELES",LANCASTER,-118.13828209,34.645829999999997
7145500,2015,2015-12-31,1900,2015-11-13,1830,532457,1320,5,5,5,1935,0,0,0,,0,132T2P,"SOUTH ST","DOWNEY AV",150.00,W,N,A,-,N,,,,,,,,,,N,4,0,1,2,A,-,11,21954,A,N,D,B,D,A,H,-,C,A,0,Y,,,,Y,Y,N,60,0,0,1,0,1,0,0,0,0,"- ","- ",,,"LOS ANGELES",LAKEWOOD,-118.15118,33.860219999999998
7145512,2015,2015-12-31,1900,2015-11-04,0145,548796,1335,3,5,5,1908,0,0,0,,0,133T1,"ARTESIA BL",LAKEWOOD,300.00,W,N,A,-,N,,,,,,,,,,Y,3,0,1,2,A,-,01,23152,A,M,C,E,A,A,H,-,C,D,0,,,,,Y,Y,A,01,0,1,0,0,0,0,0,0,0,"- ","- ",,,"LOS ANGELES",BELLFLOWER,-118.14357624,33.874814229999998
7145584,2015,2016-02-23,1941,2015-12-06,1948,10778,,7,5,7,1941,0,0,0,,0,,"7TH ST",BENNETT,73.00,N,N,A,-,N,,,,,,,,,,Y,3,0,1,5,A,-,01,23152,A,N,C,C,A,A,H,-,C,D,0,,,,,Y,Y,A,,0,1,0,0,0,0,0,0,0,"- ","- ",,,"LOS ANGELES","LONG BEACH",-118.14266000000001,33.775329999999997
7145632,2015,2016-02-26,1941,2015-12-12,0016,10539,,6,5,7,1941,0,0,0,,0,,"LONG BEACH BL","68TH WY",0.00,,Y,A,-,N,,,,,,,,,,Y,3,0,1,2,A,-,00,20002,A,N,A,E,A,A,H,-,C,D,0,,,,,Y,Y,A,,0,1,0,0,0,0,0,0,0,"- ","- ",,,"LOS ANGELES","LONG BEACH",-118.20401004999999,33.878490069999998
7148154,2015,2016-01-05,1900,2015-11-28,0328,552548,2612,6,5,6,1950,0,0,0,,0,263T1,"TIERA SUBIDA AV","AVENUE S",1584.00,N,N,A,-,N,,,,,,,,,,Y,4,0,1,1,A,-,08,22107,,N,F,J,A,A,H,-,D,D,0,,,,,Y,Y,A,01,0,0,1,0,0,0,0,0,0,"- ","- ",,,"LOS ANGELES",PALMDALE,-118.1407499,34.562255149999999
7148199,2015,2016-01-14,1925,2015-12-19,1832,21412,3,6,5,6,1925,0,0,0,,0,280,"GLENDALE AV","GARFIELD AV",0.00,,Y,C,-,N,,,,,,,,,,N,3,0,1,2,A,-,03,22350,,F,G,B,B,B,H,-,C,A,0,Y,,,,Y,Y,-,,0,1,0,0,1,0,0,0,0,"- ","- ",,,"LOS ANGELES",GLENDALE,-118.25162014,34.13583002
7148230,2015,2016-01-04,1900,2015-12-13,0012,510899,2608,7,5,6,1950,0,0,0,,0,263T1,"ADOBE DR","BEE CT",0.00,,Y,A,-,N,,,,,,,,,,N,4,0,2,2,A,-,09,21801,A,M,D,C,A,A,H,-,C,D,0,,,,,Y,Y,A,01,0,0,2,0,0,0,0,0,0,"- ","- ",,,"LOS ANGELES",PALMDALE,-118.06178008000001,34.574460080000001
7148256,2015,2016-01-13,1905,2015-12-20,1747,2019,233,7,5,4,1905,0,0,0,,0,061,"GLADSTONE ST","ORANGE AV",0.00,,Y,B,-,N,,,,,,,,,,Y,4,0,1,2,A,-,09,21802,A,M,-,C,A,A,H,-,C,A,0,,,,,Y,Y,D,22,0,0,1,0,0,0,0,0,0,"- ","- ",,,"LOS ANGELES",AZUSA,-117.91280012999999,34.114290050000001
7148436,2015,2016-01-14,1925,2015-12-29,1925,17837,218,2,5,6,1925,0,0,0,,0,002,"PACIFIC AV","SALEM ST",0.00,,Y,A,-,N,,,,,,,,,,N,4,0,1,2,A,-,10,21950,A,F,G,-,D,A,H,-,C,D,0,Y,,,,Y,Y,A,01,0,0,1,0,1,0,0,0,0,"- ","- ",,,"LOS ANGELES",GLENDALE,-118.26452005,34.148910039999997
7148680,2015,2016-01-22,1969,2015-12-30,2008,10073,PATRO,3,5,5,1969,0,0,0,,0,0A3,"FIRESTONE BL","SAN ANTONIO AV",70.00,W,N,A,-,N,,,,,,,,,,Y,4,0,1,2,A,-,01,23152,A,N,C,E,A,A,H,-,C,D,0,,,,,Y,Y,D,22,0,0,1,0,0,0,0,0,0,"- ","- ",,,"LOS ANGELES","SOUTH GATE",-118.20510815,33.954106529999997
7149373,2015,2016-01-07,1942,2015-12-26,0005,40972,2187,6,5,7,1942,0,0,0,,0,16T23,"SERRANIA AV","DE LA GUERRA ST",63.00,S,N,A,-,N,,,,,,,,,,Y,3,0,2,3,A,-,01,23152,A,N,D,C,A,A,H,-,C,D,0,,,,,Y,Y,A,01,0,1,1,0,0,0,0,0,0,"- ","- ",,,"LOS ANGELES","LOS ANGELES",-118.58837274,34.163657190000002
7149417,2015,2016-01-06,1942,2015-12-05,0220,34822,1902,6,5,7,1942,0,0,0,,0,19A61,"GLENOAKS BL","BLEDSOE ST",10.00,S,N,A,-,N,,,,,,,,,,Y,4,0,1,1,A,-,01,23152,A,N,E,I,A,A,H,-,C,D,0,,,,,Y,Y,A,01,0,0,1,0,0,0,0,0,0,"- ","- ",,,"LOS ANGELES","LOS ANGELES",-118.45664605,34.312971089999998
7151849,2015,2017-02-03,1976,2015-12-20,0042,376,1976,7,5,5,1976,0,0,0,,0,004,"WHITTIER BL","COLIMA RD",112.00,E,N,A,-,Y,LA,7,72,-,-,1.830,H,-,N,Y,4,0,2,5,A,-,01,23153,A,N,C,C,A,B,H,-,C,A,0,,,,,Y,Y,A,01,0,0,2,0,0,0,0,0,0,"- ","- ",,,"LOS ANGELES",WHITTIER,-118.00608321999999,33.948735669999998
7152691,2015,2016-01-26,1942,2015-12-25,1540,41597,1837,5,5,7,1942,0,0,0,R,0,18A49,"103RD ST","WILMINGTON AV",0.00,,Y,A,-,N,,,,,,,,,,Y,4,0,2,3,A,-,09,21801,A,F,A,C,A,A,H,-,A,A,0,,,,,Y,Y,A,01,0,0,2,0,0,0,0,0,0,"- ","- ",,,"LOS ANGELES","LOS ANGELES",-118.23909008,33.94316001
7153268,2015,2016-01-20,1941,2015-12-28,2028,6014,901T,1,5,7,1941,0,0,0,,0,,"E WARDLOW RD","GUNDRY AV",150.00,E,N,A,-,N,,,,,,,,,,N,3,0,1,2,A,-,05,21650,,N,D,G,A,A,H,-,C,D,0,,Y,,,Y,Y,-,,0,1,0,0,0,0,1,0,0,"- ","- ",,,"LOS ANGELES","LONG BEACH",-118.17366717,33.818919999999999
7153313,2016,2016-01-15,1955,2016-01-02,2348,41881,0045,6,5,6,1955,0,0,0,,0,001,"ORANGE GROVE AV","LEWIS ST",0.00,,Y,A,-,N,,,,,,,,,,Y,4,0,1,1,A,-,01,23152,A,N,E,I,A,A,H,-,C,A,0,,,,,Y,Y,A,01,0,0,1,0,0,0,0,0,0,"- ","- ",,,"LOS ANGELES",POMONA,-117.76972001,34.066450119999999
7154828,2015,2016-01-11,1942,2015-12-12,0130,31652,1109,6,5,7,1942,0,0,0,K,0,19773,"RINALDI ST","BLUCHER AV",400.00,W,N,A,-,N,,,,,,,,,,Y,3,0,1,5,A,-,01,23152,A,N,A,E,A,A,H,-,C,D,0,,,,,Y,Y,A,01,0,1,0,0,0,0,0,0,0,"- ","- ",,,"LOS ANGELES","LOS ANGELES",-118.47219158,34.279113629999998
7155182,2015,2016-01-12,1900,2015-12-29,2205,537857,1133,2,5,6,1992,0,0,0,,0,112T2,"AVENUE J","RODIN AV",65.00,E,N,A,-,N,,,,,,,,,,N,2,0,1,2,A,-,11,21956,A,F,G,B,E,A,H,-,D,A,0,Y,,,,Y,Y,N,60,1,0,0,0,1,0,0,0,0,"- ","- ",,,"LOS ANGELES",LANCASTER,-118.11848423000001,34.689570000000003
7155186,2015,2016-01-12,1900,2015-12-31,1158,532040,1124,4,5,6,1992,0,0,0,,0,112T1,"AVENUE K","SIERRA HWY",0.00,,Y,A,-,N,,,,,,,,,,Y,3,0,2,2,A,-,01,23153,A,F,D,C,A,A,H,-,A,A,0,,,,,Y,Y,A,07,0,1,1,0,0,0,0,0,0,"- ","- ",,,"LOS ANGELES",LANCASTER,-118.13295011,34.674980040000001
7156816,2016,2016-01-20,1942,2016-01-01,0250,37511,0777,5,5,7,1942,0,0,0,G,0,7T23,"WEST BL","17TH ST",0.00,,Y,A,-,N,,,,,,,,,,Y,4,0,2,3,A,-,01,23152,A,N,C,C,A,A,H,-,C,D,0,,,,,Y,Y,A,07,0,0,2,0,0,0,0,0,0,"- ","- ",,,"LOS ANGELES","LOS ANGELES",-118.33582010000001,34.043400099999999
7156947,2015,2016-01-20,1900,2015-12-21,2124,517022,0460,1,5,4,1936,0,0,0,,0,46T1PM,"LA MIRADA BL","GRANADA AV",19.00,N,N,C,-,N,,,,,,,,,,Y,4,0,1,1,A,-,01,23152,A,N,E,I,A,-,H,-,C,A,0,,,,,Y,Y,A,01,0,0,1,0,0,0,0,0,0,"- ","- ",,,"LOS ANGELES","LA MIRADA",-118.0120113,33.922462080000003
7157005,2015,2016-02-08,1942,2015-11-27,1535,31859,2147,5,5,7,1942,0,0,0,,0,21L1,"SHERMAN WAY ST","DE SOTO AV",0.00,,Y,A,-,N,,,,,,,,,,Y,4,0,1,2,A,-,12,21453,A,N,D,C,A,A,H,-,A,A,0,,,,,Y,Y,-,"- ",0,0,1,0,0,0,0,0,0,"- ","- ",,,"LOS ANGELES","LOS ANGELES",-118.58844999999999,34.200989999999997
7157213,2015,2016-01-19,1900,2015-11-01,0221,483802,1611,7,5,5,1977,0,0,0,,0,167,"WALNUT ST","MARGAY AV",167.00,E,N,A,-,N,,,,,,,,,,Y,4,0,2,2,A,-,04,21703,,M,D,C,A,A,H,-,C,D,0,,,,,Y,Y,A,01,0,0,2,0,0,0,0,0,0,"- ","- ",,,"LOS ANGELES",CARSON,-118.25790105,33.875270299999997
7158988,2016,2016-02-08,1942,2016-01-24,2115,41072,1283,7,5,7,1942,0,0,0,L,0,3T5,"WESTERN AV","89TH ST",0.00,,Y,A,-,N,,,,,,,,,,Y,4,0,1,2,A,-,01,23152,A,M,D,C,A,A,H,-,C,A,0,,,,,Y,Y,A,01,0,0,1,0,0,0,0,0,0,"- ","- ",,,"LOS ANGELES","LOS ANGELES",-118.30902,33.956330000000001
7160155,2015,2016-01-22,1946,2015-11-23,1929,A9,,1,5,4,1946,0,0,0,,0,001,FOOTHILL,VIOLET,0.00,,Y,A,-,N,,,,,,,,,,N,4,0,1,2,A,-,01,21200,5,N,-,G,A,A,H,-,C,A,0,,Y,,,Y,Y,L,04,0,0,1,0,0,0,1,0,0,"- ","- ",,,"LOS ANGELES",MONROVIA,-118.01308013000001,34.151210040000002
7160840,2016,2016-01-21,1942,2016-01-03,0800,41054,0824,7,5,7,1942,0,0,0,H,0,7TL23,"SUNSET BL","SAN REMO DR",14.00,E,N,A,-,N,,,,,,,,,,Y,3,0,3,1,A,-,01,23152,A,F,E,I,A,A,H,-,A,D,0,,,,,Y,Y,-,99,0,2,1,0,0,0,0,0,0,"- ","- ",,,"LOS ANGELES","LOS ANGELES",,
7165044,2015,2016-01-27,1942,2015-12-26,2245,38857,0923,6,5,7,1942,0,0,0,I,0,10T37,"VAN NUYS BL","KITTRIDGE ST",160.00,S,N,A,-,N,,,,,,,,,,N,3,0,1,2,A,-,11,21955,,F,G,B,D,A,H,-,C,A,0,Y,,,,Y,Y,N,60,0,1,0,0,1,0,0,0,0,"- ","- ",,,"LOS ANGELES","LOS ANGELES",-118.44873,34.190221129999998