CASE_ID,ACCIDENT_YEAR,PROC_DATE,JURIS,COLLISION_DATE,COLLISION_TIME,OFFICER_ID,REPORTING_DISTRICT,DAY_OF_WEEK,CHP_SHIFT,POPULATION,CNTY_CITY_LOC,SPECIAL_COND,BEAT_TYPE,CHP_BEAT_TYPE,CITY_DIVISION_LAPD,CHP_BEAT_CLASS,BEAT_NUMBER,PRIMARY_RD,SECONDARY_RD,DISTANCE,DIRECTION,INTERSECTION,WEATHER_1,WEATHER_2,STATE_HWY_IND,CALTRANS_COUNTY,CALTRANS_DISTRICT,STATE_ROUTE,ROUTE_SUFFIX,POSTMILE_PREFIX,POSTMILE,LOCATION_TYPE,RAMP_INTERSECTION,SIDE_OF_HWY,TOW_AWAY,COLLISION_SEVERITY,NUMBER_KILLED,NUMBER_INJURED,PARTY_COUNT,PRIMARY_COLL_FACTOR,PCF_CODE_OF_VIOL,PCF_VIOL_CATEGORY,PCF_VIOLATION,PCF_VIOL_SUBSECTION,HIT_AND_RUN,TYPE_OF_COLLISION,MVIW,PED_ACTION,ROAD_SURFACE,ROAD_COND_1,ROAD_COND_2,LIGHTING,CONTROL_DEVICE,CHP_ROAD_TYPE,PEDESTRIAN_ACCIDENT,BICYCLE_ACCIDENT,MOTORCYCLE_ACCIDENT,TRUCK_ACCIDENT,NOT_PRIVATE_PROPERTY,ALCOHOL_INVOLVED,STWD_VEHTYPE_AT_FAULT,CHP_VEHTYPE_AT_FAULT,COUNT_SEVERE_INJ,COUNT_VISIBLE_INJ,COUNT_COMPLAINT_PAIN,COUNT_PED_KILLED,COUNT_PED_INJURED,COUNT_BICYCLIST_KILLED,COUNT_BICYCLIST_INJURED,COUNT_MC_KILLED,COUNT_MC_INJURED,PRIMARY_RAMP,SECONDARY_RAMP,LATITUDE,LONGITUDE,COUNTY,CITY,POINT_X,POINT_Y
8139329,2016,2017-01-11,1900,2016-10-08,1200,447040,B52,6,5,3,1927,0,0,0,,0,135A,"CARSON ST","NORWALK BL",0.00,,Y,A,-,N,,,,,,,,,,Y,3,0,2,2,A,-,03,22350,,N,C,C,A,A,H,-,A,A,0,,,,,Y,Y,A,01,0,1,1,0,0,0,0,0,0,"- ","- ",,,"LOS ANGELES","HAWAIIAN GARDENS",-118.07208013,33.831420090000002
8139341,2016,2016-12-27,1900,2016-10-23,1905,608275,1332,7,5,5,1908,0,0,0,,0,133B,"SOMERSET BL","BLAINE AV",150.00,W,N,C,-,N,,,,,,,,,,Y,4,0,1,2,A,-,01,23152,A,N,B,E,A,B,H,-,C,D,0,,,,,Y,Y,D,22,0,0,1,0,0,0,0,0,0,"- ","- ",,,"LOS ANGELES",BELLFLOWER,-118.12695325,33.896569999999997
8139711,2016,2016-10-06,1900,2016-08-21,2008,546182,1134,7,5,6,1992,0,0,0,,0,112T2,"AVENUE M","4TH ST EAST",0.00,,Y,A,-,N,,,,,,,,,,Y,3,0,3,3,A,-,01,23152,A,N,D,C,A,A,H,-,C,A,0,,,,,Y,Y,A,08,0,1,2,0,0,0,0,0,0,"- ","- ",,,"LOS ANGELES",LANCASTER,-118.12321009,34.64588011
8139814,2016,2016-10-07,1942,2016-08-13,1435,38285,0939,6,5,7,1942,0,0,0,I,0,16TL28,"ATOLL AV","OXNARD ST",2.00,E,N,A,-,N,,,,,,,,,,Y,4,0,1,1,A,-,01,23152,A,N,E,I,A,A,H,-,A,D,0,,,,,Y,Y,A,01,0,0,1,0,0,0,0,0,0,"- ","- ",,,"LOS ANGELES","LOS ANGELES",-118.42039,34.179389999999998
8140365,2016,2016-10-12,1942,2016-09-11,2000,40054,0981,7,5,7,1942,0,0,0,I,0,9T53,"VALLEY VISTA BL","SEPULVEDA BL",0.00,,Y,A,-,N,,,,,,,,,,Y,4,0,1,2,A,-,12,21453,A,N,D,C,A,A,H,-,C,A,0,,,,,Y,Y,A,01,0,0,1,0,0,0,0,0,0,"- ","- ",,,"LOS ANGELES","LOS ANGELES",-118.46802004,34.149000090000001
8140585,2016,2016-10-11,1942,2016-09-25,1953,1316,613,7,5,7,1942,0,0,0,,0,001,"CAMINO REAL","JUANITA AV",0.00,,Y,A,-,N,,,,,,,,,,Y,4,0,1,2,A,-,01,23152,A,N,C,C,A,A,H,-,C,D,0,,,,,Y,Y,A,01,0,0,1,0,0,0,0,0,0,"- ","- ",,,"LOS ANGELES","LOS ANGELES",-118.37960008,33.832940010000002
8140851,2016,2016-10-11,1925,2016-10-01,1656,22416,246,6,5,6,1925,0,0,0,,0,003,"ACACIA AV","CHEVY CHASE DR",38.00,E,N,A,-,N,,,,,,,,,,,4,0,1,2,A,-,01,23152,A,N,A,C,A,A,H,-,A,A,0,,,,,Y,Y,D,22,0,0,1,0,0,0,0,0,0,"- ","- ",,,"LOS ANGELES",GLENDALE,-118.23956036,34.134911019999997
81411802,2021,2021-02-19,1942,2021-02-09,1845,39655,1471,2,5,7,1942,0,0,0,N,0,14A73,"VISTA DEL MAR","NAPOLEON ST",0.00,,Y,A,-,N,,,,,,,,,,N,3,0,1,2,A,-,00,21954,,F,G,B,D,A,H,-,C,D,0,Y,,,,Y,Y,N,60,0,1,0,0,1,0,0,0,0,"- ","- ",,,"LOS ANGELES","LOS ANGELES",-118.44644927978516,33.951889038085938
81412286,2021,2021-02-22,1942,2021-02-20,1600,41376,0801,6,5,7,1942,0,0,0,H,0,8A1,"PACIFIC COAST HIGHWAY",TEMESCUAL,140.00,S,N,A,-,N,,,,,,,,,,Y,4,0,4,3,A,-,01,23152,,N,B,C,A,A,H,-,B,A,0,,,,,Y,Y,D,22,0,0,4,0,0,0,0,0,0,"- ","- ",,,"LOS ANGELES","LOS ANGELES",-118.535381,34.035566000000003
81413181,2021,2021-02-23,1924,2021-02-05,2345,80453,G19,5,5,5,1924,0,0,0,,0,0G4,"VERMONT AVENUE","ROSECRANS AVENUE",23.00,S,N,A,-,N,,,,,,,,,,Y,4,0,1,1,A,-,01,23152,G,N,E,I,A,A,H,-,C,A,0,,,,,Y,Y,A,08,0,0,1,0,0,0,0,0,0,"- ","- ",33.901889801025391,-118.29176330566406,"LOS ANGELES",GARDENA,-118.29196166992188,33.901828765869141
81417003,2021,2021-02-26,1942,2021-02-25,1730,34426,0455,4,5,7,1942,0,0,0,D,0,4A53,"CESAR E CHAVEZ AV","SOTO ST",0.00,,Y,A,-,N,,,,,,,,,,N,2,0,1,2,A,-,11,21456,,N,G,B,B,A,H,-,B,A,0,Y,,,,Y,Y,N,60,1,0,0,0,1,0,0,0,0,"- ","- ",,,"LOS ANGELES","LOS ANGELES",-118.20780944824219,34.046810150146484
8141712,2016,2016-10-17,1942,2016-10-02,0400,40383,0901,7,5,7,1942,0,0,0,I,0,15TL45,"SEPULVEDA BL","STAGG ST",360.00,S,N,A,-,N,,,,,,,,,,Y,4,0,1,3,A,-,01,23152,A,N,B,E,A,A,H,-,B,D,0,,,,,Y,Y,A,01,0,0,1,0,0,0,0,0,0,"- ","- ",,,"LOS ANGELES","LOS ANGELES",-118.46622567,34.21108254
8141969,2016,2016-10-13,1941,2016-10-02,0236,10793,,7,5,7,1941,0,0,0,,0,,"EAST 4TH ST","XIMENO AV",325.00,W,N,A,-,N,,,,,,,,,,Y,3,0,1,2,A,-,08,22107,,N,C,C,A,A,H,-,C,D,0,,,,,Y,Y,A,,0,1,0,0,0,0,0,0,0,"- ","- ",,,"LOS ANGELES","LONG BEACH",-118.14264715,33.771684899999997
81421736,2021,2021-03-08,1948,2021-02-08,1700,465,1948,1,5,5,1948,0,0,0,,0,002,"GARVEY AV","LINCOLN AVENUE",0.00,,Y,A,-,N,,,,,,,,,,N,3,0,1,2,A,-,10,21950,A,N,G,B,B,A,H,-,B,A,0,Y,,,,Y,Y,A,07,0,1,0,0,1,0,0,0,0,"- ","- ",,,"LOS ANGELES","MONTEREY PARK",-118.12116241455078,34.062454223632812
8142415,2016,2016-10-31,1916,2016-06-07,0417,2603,D28C1,2,5,4,1916,0,0,0,,0,DOWNTO,"CITRUS AV","SAN BERNARDINO DR",0.00,,Y,A,-,N,,,,,,,,,,Y,4,0,1,2,A,-,01,23152,A,F,B,C,A,A,H,-,C,A,0,,,,,Y,Y,-,,0,0,1,0,0,0,0,0,0,"- ","- ",,,"LOS ANGELES",COVINA,-117.89017002,34.090180109999999
81426043,2021,2021-03-12,1942,2021-03-07,2229,42664,0727,7,5,7,1942,0,0,0,G,0,7A17,"152 LA BREA AV","BEVERLY BLVD",236.00,N,N,B,-,N,,,,,,,,,,Y,4,0,1,2,A,-,01,23152,,N,D,D,A,A,H,-,E,D,0,,,,,Y,Y,A,01,0,0,1,0,0,0,0,0,0,"- ","- ",,,"LOS ANGELES","LOS ANGELES",-118.34404754638672,34.076816558837891
81428071,2021,2021-03-16,1942,2021-03-15,1730,34426,1303,1,5,7,1942,0,0,0,M,0,13A13,"OLYMPIC BL","CENTRAL AV",300.00,W,N,A,-,N,,,,,,,,,,N,4,0,1,2,A,-,00,21954,,F,G,B,D,A,H,-,A,D,0,Y,,,,Y,Y,N,60,0,0,1,0,1,0,0,0,0,"- ","- ",,,"LOS ANGELES","LOS ANGELES",-118.24485015869141,34.032630920410156
81429203,2021,2021-03-17,1942,2021-03-16,1626,39889,0449,2,5,7,1942,0,0,0,D,0,4A59,"N FOREST AV","WABASH AV",108.00,S,N,A,-,N,,,,,,,,,,N,4,0,1,2,A,-,21,22106,,F,D,C,A,A,H,-,A,D,0,,,,,Y,Y,-,99,0,0,1,0,0,0,0,0,0,"- ","- ",,,"LOS ANGELES","LOS ANGELES",-118.19818878173828,34.050239562988281
81431731,2021,2021-03-22,1942,2021-03-21,2000,42277,0787,7,5,7,1942,0,0,0,G,0,7A85,"CRENSHAW BL","WEST WASHINGTON BL",33.00,S,N,A,-,N,,,,,,,,,,Y,4,0,2,2,A,-,01,23152,,N,B,C,A,A,H,-,C,A,0,,,,,Y,Y,A,01,0,0,2,0,0,0,0,0,0,"- ","- ",,,"LOS ANGELES","LOS ANGELES",-118.33111572265625,34.039779663085938
81434671,2021,2021-03-25,1948,2021-03-13,2327,463,1948,6,5,5,1948,0,0,0,,0,003,"GRANDRIDGE AV","N/C/L OF GRANDRIDGE PL",65.00,N,N,A,-,N,,,,,,,,,,N,3,0,1,2,A,-,01,23152,A,N,C,E,A,A,H,-,C,D,0,,,,,Y,Y,A,01,0,1,0,0,0,0,0,0,0,"- ","- ",,,"LOS ANGELES","MONTEREY PARK",-118.13526153564453,34.043590545654297
81439141,2021,2021-03-30,1942,2021-03-29,2500,34350,0497,1,5,7,1942,0,0,0,D,0,4A97,"OLYMPIC BLVD","LORENA ST",0.00,,Y,A,-,N,,,,,,,,,,Y,4,0,1,2,A,-,12,21453,,F,D,C,A,A,H,-,C,A,0,,,,,Y,Y,-,"- ",0,0,1,0,0,0,0,0,0,"- ","- ",,,"LOS ANGELES","LOS ANGELES",-118.20664978027344,34.018749237060547
81443207,2021,2021-04-05,1942,2021-04-02,0510,41629,0195,5,5,7,1942,0,0,0,A,0,1A85,"S LOS ANGELES ST","E 16TH ST",35.00,N,N,A,-,N,,,,,,,,,,Y,4,0,2,2,A,-,01,23152,,N,C,C,A,A,H,-,C,D,0,,,,Y,Y,Y,A,01,0,0,2,0,0,0,0,0,0,"- ","- ",,,"LOS ANGELES","LOS ANGELES",-118.26148223876953,34.033119201660156
8144377,2016,2016-12-03,1942,2016-11-06,0040,42545,1961,7,5,7,1942,0,0,0,,0,19A61,NORDHOFF,LANGDON,26.00,W,N,A,-,N,,,,,,,,,,N,3,0,1,2,A,-,11,21955,,N,G,B,D,A,H,-,C,A,0,Y,,,,Y,Y,N,60,0,1,0,0,1,0,0,0,0,"- ","- ",,,"LOS ANGELES","LOS ANGELES",-118.46986587000001,34.235550000000003
81447976,2021,2021-04-12,1942,2021-04-10,2310,39062,0249,6,5,7,1942,0,0,0,B,0,2A69,"WILSHIRE BL","S BIXEL ST",105.00,E,N,A,-,N,,,,,,,,,,N,4,0,3,2,A,-,01,23152,,N,A,C,A,A,H,-,C,A,0,,,,,Y,Y,A,01,0,0,3,0,0,0,0,0,0,"- ","- ",,,"LOS ANGELES","LOS ANGELES",-118.26300811767578,34.052200317382812
81451755,2021,2021-04-16,1942,2021-04-15,2120,41957,2004,4,5,7,1942,0,0,0,,0,20A13,"HOBART BL","BEVERLY BL",0.00,,Y,A,-,N,,,,,,,,,,Y,4,0,2,2,A,-,01,23152,,N,A,C,A,A,H,-,C,D,0,,,,,Y,Y,A,01,0,0,2,0,0,0,0,0,0,"- ","- ",,,"LOS ANGELES","LOS ANGELES",-118.30551910400391,34.076259613037109
81453747,2021,2021-04-20,1969,2021-04-14,1358,10238,TRAFF,3,5,5,1969,0,0,0,,0,002,"CALIFORNIA AV","TWEEDY BLVD",170.00,S,N,B,-,N,,,,,,,,,,Y,3,0,1,2,A,-,01,23152,A,N,C,C,A,A,H,-,A,A,0,,,,,Y,Y,A,01,0,1,0,0,0,0,0,0,0,"- ","- ",33.944438934326172,-118.20757293701172,"LOS ANGELES","SOUTH GATE",-118.20758819580078,33.943935394287109
8146200,2016,2016-10-21,1925,2016-10-05,0755,25361,,3,5,6,1925,0,0,0,,0,001,"GLENOAKS BL","HIGHLAND AV",0.00,,Y,A,-,N,,,,,,,,,,N,4,0,1,2,A,-,05,21650,1,M,D,G,A,A,H,-,A,-,0,,Y,,,Y,Y,L,04,0,0,1,0,0,0,1,0,0,"- ","- ",,,"LOS ANGELES",GLENDALE,-118.27487008999999,34.16078006
8146645,2016,2016-10-19,1942,2016-10-09,1040,39217,1915,7,5,7,1942,0,0,0,,0,9TL52,"HUBBARD ST","HERRICK AV",147.00,E,N,A,-,N,,,,,,,,,,N,3,0,1,1,A,-,01,23152,A,N,E,C,A,A,H,-,A,D,0,,,,,Y,Y,A,01,0,1,0,0,0,0,0,0,0,"- ","- ",,,"LOS ANGELES","LOS ANGELES",-118.44188434,34.297111489999999
8147022,2016,2016-10-14,1948,2016-10-02,2312,450,1948,7,5,5,1948,0,0,0,,0,002,"GARVEY AV","ORANGE AV",44.00,W,N,A,-,N,,,,,,,,,,N,3,0,1,2,D,-,00,,,F,G,B,D,A,H,-,C,A,0,Y,,,,Y,Y,-,"- ",0,1,0,0,1,0,0,0,0,"- ","- ",,,"LOS ANGELES","MONTEREY PARK",-118.11312493,34.06259721
81472973,2021,2021-05-13,1942,2021-05-08,0020,39062,,6,5,7,1942,0,0,0,,0,,"S SOTO ST","8TH ST",0.00,,Y,A,-,N,,,,,,,,,,Y,3,0,1,3,A,-,01,23152,,M,C,E,A,A,H,-,C,D,0,,,,,Y,Y,A,07,0,1,0,0,0,0,0,0,0,"- ","- ",,,"LOS ANGELES","LOS ANGELES",-118.21942901611328,34.028083801269531
81473051,2021,2021-05-13,1942,2021-05-12,1940,39062,0413,3,5,7,1942,0,0,0,D,0,4A3,"PASADENA AV","E AVENUE 31",175.00,N,N,A,-,N,,,,,,,,,,Y,3,0,2,3,A,-,01,23152,,N,D,C,A,A,H,-,A,D,0,,,,,Y,Y,A,01,0,2,0,0,0,0,0,0,0,"- ","- ",,,"LOS ANGELES","LOS ANGELES",-118.21417236328125,34.081417083740234
8147374,2016,2016-10-17,1942,2016-09-06,1550,41465,0557,2,5,7,1942,0,0,0,E,0,5A98,"GAFFEY ST","1ST ST",35.00,N,N,A,-,N,,,,,,,,,,Y,3,0,2,2,A,-,01,23152,A,N,C,C,A,A,H,-,A,A,0,,,,,Y,Y,A,01,0,1,1,0,0,0,0,0,0,"- ","- ",,,"LOS ANGELES","LOS ANGELES",-118.29231897,33.743405989999999
8147972,2016,2016-10-18,1942,2016-08-06,2230,38700,1619,6,5,7,1942,0,0,0,P,0,16A59,"PLAINVIEW ST","MT GLEASON",800.00,E,N,A,-,N,,,,,,,,,,N,3,0,1,2,A,-,21,22106,,N,G,B,E,B,H,-,C,D,0,Y,,,,Y,Y,A,01,0,1,0,0,1,0,0,0,0,"- ","- ",,,"LOS ANGELES","LOS ANGELES",-118.30093239999999,34.270613009999998
8148211,2016,2016-10-18,1942,2016-10-05,1845,39355,1798,3,5,7,1942,0,0,0,Q,0,10T35,"NORDHOFF ST","AQUEDUCT AV",35.00,E,N,A,-,N,,,,,,,,,,N,4,0,2,4,A,-,01,23152,A,N,C,C,A,A,H,-,C,A,0,,,,,Y,Y,A,07,0,0,2,0,0,0,0,0,0,"- ","- ",,,"LOS ANGELES","LOS ANGELES",-118.47403448999999,34.235566390000002
81484629,2021,2021-05-28,1942,2021-05-27,1400,42876,0109,4,5,7,1942,0,0,0,A,0,1A1,"PARK ROW DRIVE E","ELYSIAN PARK DRIVE",18.00,S,N,A,-,N,,,,,,,,,,N,3,0,1,2,A,-,05,21202,,N,H,G,A,A,H,-,A,A,0,,Y,,,Y,Y,L,04,0,1,0,0,0,0,1,0,0,"- ","- ",,,"LOS ANGELES","LOS ANGELES",-118.24981689453125,34.082405090332031
8148583,2016,2016-10-19,1942,2016-09-03,0215,41505,1263,6,5,7,1942,0,0,0,L,0,12A73,"WESTERN AV","82ND ST",0.00,,Y,A,-,N,,,,,,,,,,N,4,0,1,2,A,-,00,21954,,N,G,B,D,A,H,-,C,D,0,Y,,,,Y,Y,N,60,0,0,1,0,1,0,0,0,0,"- ","- ",,,"LOS ANGELES","LOS ANGELES",-118.30901,33.964570000000002
81486517,2021,2021-06-01,1942,2021-05-22,0240,41126,2015,6,5,7,1942,0,0,0,,0,20A25,"N NORMANDIE AV","COUNCIL ST",255.00,S,N,A,-,N,,,,,,,,,,Y,3,0,1,5,A,-,01,23152,,N,C,E,A,A,H,-,C,D,0,,,,,Y,Y,A,01,0,1,0,0,0,0,0,0,0,"- ","- ",,,"LOS ANGELES","LOS ANGELES",-118.30040740966797,34.074611663818359
8148817,2016,2016-10-20,1900,2016-09-25,1918,517022,0470,7,5,4,1936,0,0,0,,0,46T1PM,"ROSECRANS AV","LA MIRADA BL",528.00,E,N,A,-,N,,,,,,,,,,N,4,0,2,3,A,-,01,23152,A,N,D,C,A,A,H,-,C,D,0,,,,,Y,Y,D,22,0,0,2,0,0,0,0,0,0,"- ","- ",,,"LOS ANGELES","LA MIRADA",-118.00928985,33.89862858
81488737,2021,2021-06-03,1942,2021-03-02,0100,38090,0884,2,5,7,1942,0,0,0,H,0,8A35,"GLENDON AV","W PICO BL",85.00,N,N,A,-,N,,,,,,,,,,Y,3,0,1,1,A,-,01,23152,,N,E,I,A,A,H,-,C,D,0,,,,,Y,Y,A,07,0,1,0,0,0,0,0,0,0,"- ","- ",,,"LOS ANGELES","LOS ANGELES",-118.42771148681641,34.040782928466797
81494119,2021,2021-06-10,1942,2021-06-06,1655,34959,0769,7,5,7,1942,0,0,0,G,0,7A69,"PICO BOULEVARD","2ND AVENUE",31.00,E,N,A,-,N,,,,,,,,,,Y,4,0,3,5,A,-,07,21658,,N,D,E,A,A,H,-,A,D,0,,,,,Y,Y,A,01,0,0,3,0,0,0,0,0,0,"- ","- ",,,"LOS ANGELES","LOS ANGELES",-118.31878662109375,34.04718017578125
81494204,2021,2021-06-10,1942,2021-05-30,1950,40899,0636,7,5,7,1942,0,0,0,F,0,6A15,"GRACE AV","FRANKLIN AV",45.00,S,N,A,-,N,,,,,,,,,,Y,4,0,1,2,A,-,01,23152,,N,H,E,A,A,H,-,C,D,0,,,,,Y,Y,A,01,0,0,1,0,0,0,0,0,0,"- ","- ",,,"LOS ANGELES","LOS ANGELES",-118.33220672607422,34.105106353759766
8149476,2016,2016-11-30,1922,2016-09-28,1354,502,,3,5,6,1922,0,0,0,,0,001,"LOWER AZUSA","EL MONTE AV",200.00,E,N,A,-,N,,,,,,,,,,Y,4,0,1,1,A,-,01,23153,B,F,E,I,A,A,H,-,A,D,0,,,,,Y,Y,A,01,0,0,1,0,0,0,0,0,0,"- ","- ",,,"LOS ANGELES","EL MONTE",-118.03473491,34.09278252
81495747,2021,2021-06-14,1942,2021-06-13,1600,37952,0412,7,5,7,1942,0,0,0,D,0,4A3,"E AVENUE 28","PASADENA AV",0.00,,Y,A,-,N,,,,,,,,,,Y,3,0,2,2,A,-,01,23152,,N,D,C,A,A,H,-,A,A,0,,,,,Y,Y,A,07,0,2,0,0,0,0,0,0,0,"- ","- ",,,"LOS ANGELES","LOS ANGELES",-118.21482849121094,34.079292297363281
8149995,2016,2016-10-20,1942,2016-09-11,1020,42000,0969,7,5,7,1942,0,0,0,I,0,9A63,"RIVERSIDE DR","WHITSETT AV",0.00,,Y,A,-,N,,,,,,,,,,Y,3,0,3,2,A,-,01,23152,A,N,D,C,A,A,D,-,A,A,0,,,,,Y,Y,A,01,0,2,1,0,0,0,0,0,0,"- ","- ",,,"LOS ANGELES","LOS ANGELES",-118.40526013,34.157610120000001
8150073,2016,2016-10-20,1942,2016-09-18,1940,41703,RD106,7,5,7,1942,0,0,0,,0,10A99,"VENTURA BL","VENTURA BL 18628",10.00,N,N,A,-,N,,,,,,,,,,N,4,0,2,2,A,-,04,21703,,N,C,C,A,A,H,-,C,D,0,,,,,Y,Y,A,01,0,0,2,0,0,0,0,0,0,"- ","- ",,,"LOS ANGELES","LOS ANGELES",,
8150168,2016,2016-10-25,1942,2016-10-05,1625,35461,1642,3,5,7,1942,0,0,0,P,0,21T62,"TERRA BELLA ST","KEWEN AV",150.00,W,N,A,-,N,,,,,,,,,,N,4,0,3,2,A,-,04,21703,,F,C,C,A,A,H,-,A,D,0,,,,,Y,Y,-,99,0,0,3,0,0,0,0,0,0,"- ","- ",,,"LOS ANGELES","LOS ANGELES",-118.42128150000001,34.256137760000001
81504081,2021,2021-06-23,1965,2021-02-06,2015,3882,0B1F,6,5,5,1965,0,0,0,,0,001,"MAIN ST","KINNEY ST",0.00,,Y,A,-,N,,,,,,,,,,N,4,0,1,2,A,-,10,21950,A,N,G,B,B,A,H,-,C,D,0,Y,,,,Y,Y,A,01,0,0,1,0,1,0,0,0,0,"- ","- ",,,"LOS ANGELES","SANTA MONICA",-118.48065948486328,33.999092102050781
8150561,2016,2016-10-27,1942,2016-10-07,0115,40972,1591,5,5,7,1942,0,0,0,O,0,15T45,"VENTURA BL","LAUREL CYN",0.00,,Y,A,-,N,,,,,,,,,,Y,4,0,2,3,A,-,01,23152,A,N,D,C,A,A,H,-,C,A,0,,,,,Y,Y,A,01,0,0,2,0,0,0,0,0,0,"- ","- ",,,"LOS ANGELES","LOS ANGELES",-118.39526007000001,34.143570009999998
81509850,2021,2021-06-30,1942,2021-06-26,1410,38118,1494,6,5,7,1942,0,0,0,N,0,LAX,"IMPERIAL HWY","VISTA DEL MAR",835.00,E,N,A,-,N,,,,,,,,,,N,3,0,2,3,A,-,17,21209,,N,B,C,A,A,H,-,A,A,0,,Y,Y,,Y,Y,C,02,0,2,0,0,0,0,1,0,1,"- ","- ",,,"LOS ANGELES","LOS ANGELES",-118.43224334716797,33.930900573730469
8153205,2016,2017-02-13,1976,2016-10-07,1902,386,,5,5,5,1976,0,0,0,,0,003,"E WHITTIER BL","BRIGHT AV",92.00,W,N,A,-,Y,LA,7,72,-,-,3.910,H,-,N,Y,4,0,1,2,A,-,09,21804,A,F,D,C,A,A,H,-,C,D,0,,,,,Y,Y,A,01,0,0,1,0,0,0,0,0,0,"- ","- ",,,"LOS ANGELES",WHITTIER,-118.03638968,33.965292300000002
8154180,2016,2016-11-04,1942,2016-10-11,1850,36814,1101,2,5,7,1942,0,0,0,K,0,24T31,"GRIFFITH PARK DR","CAMPUS RD",700.00,S,N,A,-,N,,,,,,,,,,Y,3,0,2,2,A,-,01,23152,A,N,D,C,A,A,H,-,A,A,0,,,,,Y,Y,A,01,0,1,1,0,0,0,0,0,0,"- ","- ",,,"LOS ANGELES","LOS ANGELES",-118.28830447999999,34.14099994
81546358,2021,2021-08-17,1969,2021-07-16,1844,10241,PATRO,5,5,5,1969,0,0,0,,0,002,"LIBERTY BLVD","SOUTH GATE AV",0.00,,Y,A,-,N,,,,,,,,,,N,3,0,1,4,A,-,01,23152,A,N,D,E,A,A,H,-,A,A,0,,,,,Y,Y,A,01,0,1,0,0,0,0,0,0,0,"- ","- ",33.96099853515625,-118.21363830566406,"LOS ANGELES","SOUTH GATE",-118.21363830566406,33.960952758789062
8154882,2016,2016-11-01,1900,2016-10-06,2004,527443,2844,4,5,5,1915,0,0,0,,0,283T1,"LONG BEACH BL","GREENLEAF BL",5.00,N,N,A,-,N,,,,,,,,,,N,4,0,1,2,A,-,11,21461,5,N,A,B,B,A,H,-,C,A,0,Y,,Y,,Y,Y,N,60,0,0,1,0,1,0,0,0,0,"- ","- ",,,"LOS ANGELES",COMPTON,-118.20487371,33.881343360000002
81550697,2021,2021-08-23,1965,2021-07-17,0117,4081,0B1M,6,5,5,1965,0,0,0,,0,B001,"OCEAN AVE","CALIFORNIA AVE",39.00,S,N,A,-,N,,,,,,,,,,Y,4,0,1,2,A,-,01,23152,A,N,C,C,A,A,H,-,C,A,0,,,,,Y,Y,-,"- ",0,0,1,0,0,0,0,0,0,"- ","- ",,,"LOS ANGELES","SANTA MONICA",-118.50274658203125,34.018108367919922
8155451,2016,2016-12-06,1920,2016-09-18,0203,12605,DOWNE,7,5,6,1920,0,0,0,,0,005,"LAKEWOOD BL","FIRESTONE BL",0.00,,Y,A,-,N,,,,,,,,,,Y,4,0,1,2,A,-,01,23152,A,N,D,C,A,A,H,-,C,A,0,,,,,Y,Y,A,01,0,0,1,0,0,0,0,0,0,"- ","- ",,,"LOS ANGELES",DOWNEY,-118.12402003,33.935530040000003
81562758,2021,2021-09-06,1965,2021-06-19,0508,4069,1965,6,5,5,1965,0,0,0,,0,"OB2A B","LINCOLN BLVD","HILL ST",75.00,S,N,B,-,N,,,,,,,,,,Y,3,0,1,1,A,-,08,22107,,N,E,I,A,A,H,-,C,D,0,,,,,Y,Y,A,01,0,1,0,0,0,0,0,0,0,"- ","- ",,,"LOS ANGELES","SANTA MONICA",-118.47455596923828,34.005645751953125
8156650,2016,2016-11-01,1942,2016-10-07,0830,41957,2054,5,5,7,1942,0,0,0,,0,6T4,"OLYMPIC BL","NORMANDIE AV",57.00,E,N,A,-,N,,,,,,,,,,Y,4,0,1,3,A,-,07,21658,A,F,B,C,A,A,H,-,A,A,0,,,,,Y,Y,A,01,0,0,1,0,0,0,0,0,0,"- ","- ",,,"LOS ANGELES","LOS ANGELES",-118.29984224,34.05264236
8156918,2016,2016-11-03,1942,2016-10-18,2330,40928,1591,2,5,7,1942,0,0,0,O,0,10T37,"MULHOLLAND DR","BOWMONT DR",1195.00,E,N,A,-,N,,,,,,,,,,Y,4,0,1,1,A,-,01,23152,A,N,E,I,A,A,H,-,D,D,0,,,,,Y,Y,D,22,0,0,1,0,0,0,0,0,0,"- ","- ",,,"LOS ANGELES","LOS ANGELES",-118.39532783999999,34.119632889999998
8156926,2016,2016-11-03,1942,2016-10-20,2220,38995,1916,4,5,7,1942,0,0,0,,0,16T25,"HUBBARD ST","GLENOAKS BL",120.00,E,N,A,-,N,,,,,,,,,,Y,3,0,2,2,A,-,01,23152,A,F,D,C,A,A,H,-,C,A,0,,,,,Y,Y,D,22,0,1,1,0,0,0,0,0,0,"- ","- ",,,"LOS ANGELES","LOS ANGELES",-118.43896166,34.299732370000001
81569424,2021,2021-09-14,1933,2021-09-07,0120,1040,24,2,5,6,1933,0,0,0,,0,002,"CENTURY BLVD","ROSEWOOD AV",0.00,,Y,A,-,N,,,,,,,,,,Y,3,0,2,2,A,-,01,23152,A,N,D,C,A,A,H,-,C,D,0,,,,,Y,Y,A,01,0,1,1,0,0,0,0,0,0,"- ","- ",33.945499420166016,-118.36016845703125,"LOS ANGELES",INGLEWOOD,-118.36019134521484,33.945442199707031
81577337,2021,2021-09-23,1969,2021-09-20,0815,10250,PATRO,1,5,5,1969,0,0,0,,0,005,"FILESTONE BLVD","GARFIELD AV",3.00,W,N,A,-,N,,,,,,,,,,N,4,0,1,2,A,-,11,21954,A,F,G,B,D,A,H,-,A,A,0,Y,,,,Y,Y,N,60,0,0,1,0,1,0,0,0,0,"- ","- ",33.949089050292969,-118.16517639160156,"LOS ANGELES","SOUTH GATE",-118.16526031494141,33.949092864990234