CASE_ID,ACCIDENT_YEAR,PROC_DATE,JURIS,COLLISION_DATE,COLLISION_TIME,OFFICER_ID,REPORTING_DISTRICT,DAY_OF_WEEK,CHP_SHIFT,POPULATION,CNTY_CITY_LOC,SPECIAL_COND,BEAT_TYPE,CHP_BEAT_TYPE,CITY_DIVISION_LAPD,CHP_BEAT_CLASS,BEAT_NUMBER,PRIMARY_RD,SECONDARY_RD,DISTANCE,DIRECTION,INTERSECTION,WEATHER_1,WEATHER_2,STATE_HWY_IND,CALTRANS_COUNTY,CALTRANS_DISTRICT,STATE_ROUTE,ROUTE_SUFFIX,POSTMILE_PREFIX,POSTMILE,LOCATION_TYPE,RAMP_INTERSECTION,SIDE_OF_HWY,TOW_AWAY,COLLISION_SEVERITY,NUMBER_KILLED,NUMBER_INJURED,PARTY_COUNT,PRIMARY_COLL_FACTOR,PCF_CODE_OF_VIOL,PCF_VIOL_CATEGORY,PCF_VIOLATION,PCF_VIOL_SUBSECTION,HIT_AND_RUN,TYPE_OF_COLLISION,MVIW,PED_ACTION,ROAD_SURFACE,ROAD_COND_1,ROAD_COND_2,LIGHTING,CONTROL_DEVICE,CHP_ROAD_TYPE,PEDESTRIAN_ACCIDENT,BICYCLE_ACCIDENT,MOTORCYCLE_ACCIDENT,TRUCK_ACCIDENT,NOT_PRIVATE_PROPERTY,ALCOHOL_INVOLVED,STWD_VEHTYPE_AT_FAULT,CHP_VEHTYPE_AT_FAULT,COUNT_SEVERE_INJ,COUNT_VISIBLE_INJ,COUNT_COMPLAINT_PAIN,COUNT_PED_KILLED,COUNT_PED_INJURED,COUNT_BICYCLIST_KILLED,COUNT_BICYCLIST_INJURED,COUNT_MC_KILLED,COUNT_MC_INJURED,PRIMARY_RAMP,SECONDARY_RAMP,LATITUDE,LONGITUDE,COUNTY,CITY,POINT_X,POINT_Y
81578297,2021,2021-09-23,1923,2021-09-10,2033,538,E212,5,5,3,1923,0,0,0,,0,3L5M,"PACIFIC COAST HIGHWAY","GRAND AVE",23.00,N,N,A,-,Y,,,,,,,,,,N,3,0,1,2,A,-,10,21950,A,N,G,B,B,A,H,-,C,A,0,Y,,,,Y,Y,A,07,0,1,0,0,1,0,0,0,0,"- ","- ",33.919380187988281,-118.39608764648438,"LOS ANGELES","EL SEGUNDO",-118.39617156982422,33.919521331787109
81583207,2021,2021-09-30,1909,2021-09-09,2348,613,1909,4,5,4,1909,0,0,0,,0,SOUTH,"GARFIELD AV","SCL FOSTORIA",112.00,S,N,A,-,N,,,,,,,,,,Y,3,0,1,3,A,-,01,23152,A,N,B,E,A,A,H,-,C,D,0,,,,,Y,Y,A,01,0,1,0,0,0,0,0,0,0,"- ","- ",33.956008911132812,-118.16088104248047,"LOS ANGELES","BELL GARDENS",-118.16127014160156,33.955715179443359
8158670,2016,2016-11-03,1934,2016-10-14,0241,782,1934,5,5,1,1934,0,0,0,,0,001,"RAMONA BL","EARL AV",833.00,E,N,A,-,N,,,,,,,,,,Y,3,0,1,2,A,-,01,23152,A,N,A,C,A,A,H,-,C,D,0,,,,,Y,Y,D,22,0,1,0,0,0,0,0,0,0,"- ","- ",,,"LOS ANGELES",IRWINDALE,-117.98311978,34.081154179999999
8158729,2016,2016-11-03,1942,2016-09-21,2115,37949,1249,3,5,7,1942,0,0,0,L,0,,"GAGE AV","HOOVER ST",300.00,E,N,A,-,N,,,,,,,,,,N,4,0,1,2,A,-,08,22107,,N,D,C,A,A,H,-,C,D,0,,,,,Y,Y,A,07,0,0,1,0,0,0,0,0,0,"- ","- ",,,"LOS ANGELES","LOS ANGELES",-118.28638793,33.982352890000001
8158950,2016,2016-11-04,1942,2016-09-20,0930,41973,1265,2,5,7,1942,0,0,0,L,0,18T23,NORMANDIE,"83RD PL",19.00,,N,A,-,N,,,,,,,,,,Y,3,0,1,2,A,-,09,21801,A,N,A,C,A,A,H,-,A,-,0,,,Y,,Y,Y,-,99,0,1,0,0,0,0,0,0,1,"- ","- ",,,"LOS ANGELES","LOS ANGELES",-118.30027011,33.96326002
8159694,2016,2016-12-13,1953,2016-10-16,0217,7706,PASAD,7,5,6,1953,0,0,0,,0,002,"LOS ROBLES AV","MAPLE ST",0.00,,Y,A,-,N,,,,,,,,,,Y,4,0,1,2,A,-,12,21453,A,N,D,C,A,A,H,-,C,A,0,,,,,Y,Y,A,01,0,0,1,0,0,0,0,0,0,"- ","- ",,,"LOS ANGELES",PASADENA,-118.14148005,34.152360059999999
8159833,2016,2016-11-08,1953,2016-10-10,2232,2001,1953,1,5,6,1953,0,0,0,,0,002,"N OAKLAND AV","OAKLAND AV  840",0.00,N,N,A,-,N,,,,,,,,,,N,4,0,1,2,A,-,03,22350,,M,G,B,D,A,H,-,C,D,0,Y,,,,Y,Y,A,01,0,0,1,0,1,0,0,0,0,"- ","- ",,,"LOS ANGELES",PASADENA,-118.14031799999999,34.160358000000002
81604332,2021,2021-10-25,1965,2021-08-20,0520,4082,0B3C,5,5,5,1965,0,0,0,,0,B003,"OLYMPIC BLVD","12TH ST",92.00,W,N,A,-,N,,,,,,,,,,Y,4,0,1,2,A,-,01,23152,A,N,C,E,A,A,H,-,C,A,0,,,,,Y,Y,A,07,0,0,1,0,0,0,0,0,0,"- ","- ",,,"LOS ANGELES","SANTA MONICA",-118.48276519775391,34.018043518066406
8160705,2016,2016-11-09,1942,2016-10-21,1900,40634,2105,5,5,7,1942,0,0,0,,0,10X88,HILLVIEW,SCHOENBORN,200.00,N,N,A,-,N,,,,,,,,,,Y,4,0,1,4,A,-,01,23152,A,N,B,E,A,A,H,-,E,D,0,,,,,Y,Y,D,22,0,0,1,0,0,0,0,0,0,"- ","- ",,,"LOS ANGELES","LOS ANGELES",-118.602676,34.221468639999998
8160777,2016,2016-11-23,1973,2016-09-17,2239,639,1973,6,5,1,1973,0,0,0,,0,001,"ALAMEDA ST","55TH ST",0.00,,Y,A,-,N,,,,,,,,,,Y,4,0,1,3,A,-,01,23153,A,F,D,C,A,A,H,-,C,A,0,,,,,Y,Y,-,,0,0,1,0,0,0,0,0,0,"- ","- ",,,"LOS ANGELES",VERNON,-118.23825006,33.992970079999999
8160788,2016,2016-11-09,1942,2016-10-21,2247,41928,1526,5,5,7,1942,0,0,0,O,0,15A84,"LANKERSHIM BL","KITTRIDGE ST",100.00,S,N,A,-,N,,,,,,,,,,N,4,0,2,2,A,-,01,23152,A,F,C,C,A,A,H,-,C,D,0,,,,,Y,Y,A,07,0,0,2,0,0,0,0,0,0,"- ","- ",,,"LOS ANGELES","LOS ANGELES",-118.3878,34.190015719999998
8161020,2016,2016-11-09,1942,2016-10-23,2020,38354,1513,7,5,7,1942,0,0,0,O,0,16T25,"SHERMAN WAY","WHITSETT AV",705.00,W,N,C,-,N,,,,,,,,,,Y,3,0,1,1,A,-,01,23152,A,N,E,I,A,B,H,-,C,A,0,,,,,Y,Y,A,07,0,1,0,0,0,0,0,0,0,"- ","- ",,,"LOS ANGELES","LOS ANGELES",-118.40751722,34.2012
8161092,2016,2016-11-09,1942,2016-09-05,2130,36336,2102,1,5,7,1942,0,0,0,,0,10T37,"MARCH AV","ROSCOE BL",0.00,,Y,A,-,N,,,,,,,,,,Y,3,0,3,2,A,-,09,21801,A,N,D,C,A,A,H,-,C,A,0,,,,,Y,Y,A,01,0,3,0,0,0,0,0,0,0,"- ","- ",,,"LOS ANGELES","LOS ANGELES",-118.64375,34.219240110000001
81619611,2021,2021-11-09,1924,2021-10-21,1236,80454,19,4,5,5,1924,0,0,0,,0,002,"VERMONT AVENUE","ROSECRANS AVENUE",176.00,N,N,A,-,N,,,,,,,,,,Y,3,0,1,1,A,-,01,23152,B,N,E,I,A,A,H,-,A,D,0,,,,,Y,Y,A,01,0,1,0,0,0,0,0,0,0,"- ","- ",33.901939392089844,-118.29164886474609,"LOS ANGELES",GARDENA,-118.29194641113281,33.902374267578125
81624086,2021,2021-11-15,1965,2021-09-19,1935,4088,OB1B,7,5,5,1965,0,0,0,,0,B001,"CALIFORNIA INCLINE","PACIFIC COAST HIGHWAY",30.00,E,N,A,-,N,,,,,,,,,,Y,4,0,2,4,A,-,01,23152,A,N,C,C,A,A,H,-,C,A,0,,,,,Y,Y,A,01,0,0,2,0,0,0,0,0,0,"- ","- ",,,"LOS ANGELES","SANTA MONICA",-118.50666046142578,34.020286560058594
8162615,2016,2016-11-28,1900,2016-08-14,1715,527400,0332,7,5,4,1939,0,0,0,,0,035,"ROSECRANS AV","GREVILLEA AV",40.00,E,N,A,-,N,,,,,,,,,,Y,2,0,2,3,A,-,05,21650,,N,A,C,A,A,H,-,A,D,0,,,,,Y,Y,A,01,1,0,1,0,0,0,0,0,0,"- ","- ",,,"LOS ANGELES",LAWNDALE,-118.35475845000001,33.901911830000003
8163174,2016,2016-11-17,1942,2016-10-12,2105,40690,2019,3,5,7,1942,0,0,0,,0,6T7,"VERMONT AV","2ND ST",88.00,N,N,A,-,N,,,,,,,,,,N,2,0,1,2,A,-,11,21954,A,N,G,B,D,A,H,-,C,D,0,Y,,,,Y,Y,N,60,1,0,0,0,1,0,0,0,0,"- ","- ",,,"LOS ANGELES","LOS ANGELES",,
8163676,2016,2016-11-17,1931,2016-11-05,1940,5280,1931,6,5,5,1931,0,0,0,,0,004,"GAGE AV","NEWELL ST",0.00,W,N,A,-,N,,,,,,,,,,Y,4,0,1,2,A,-,11,21955,,N,D,B,D,A,H,-,C,D,0,Y,,,,Y,Y,N,60,0,0,1,0,1,0,0,0,0,"- ","- ",,,"LOS ANGELES","HUNTINGTON PARK",-118.20845004,33.980300079999999
8164707,2016,2016-11-09,1942,2016-10-30,1900,40325,0246,7,5,7,1942,0,0,0,B,0,24T33,"3RD ST","BONNIE BRAE ST",240.00,W,N,A,-,N,,,,,,,,,,Y,3,0,2,2,A,-,01,23152,A,N,B,C,A,A,H,-,C,A,0,,,,,Y,Y,A,01,0,2,0,0,0,0,0,0,0,"- ","- ",,,"LOS ANGELES","LOS ANGELES",-118.27090095,34.06219016
8165617,2016,2016-11-14,1900,2016-07-22,0400,534589,2116,5,5,5,1943,0,0,0,,0,212T7,"LONG BEACH BL","MAGNOLIA AV",0.00,,Y,A,-,N,,,,,,,,,,N,4,0,1,2,A,-,09,21804,A,F,D,C,A,A,H,-,C,A,0,,,,,Y,Y,A,01,0,0,1,0,0,0,0,0,0,"- ","- ",,,"LOS ANGELES",LYNWOOD,-118.20942006999999,33.916890090000003
8166440,2016,2016-11-14,1933,2016-09-27,2320,924,23,2,5,6,1933,0,0,0,,0,002,"LA CIENEGA BL","CENTURY BL",0.00,,Y,A,-,N,,,,,,,,,,Y,4,0,1,2,A,-,09,21801,A,N,D,C,A,A,H,-,C,A,0,,,,,Y,Y,A,01,0,0,1,0,0,0,0,0,0,"- ","- ",33.945509999999999,-118.37005000000001,"LOS ANGELES",INGLEWOOD,-118.37006002,33.945410019999997
8166603,2016,2017-01-20,1902,2016-12-14,2146,619,20,3,5,5,1902,0,0,0,,0,004,"BALDWIN AV","ARCADIA AV",0.00,,Y,A,-,N,,,,,,,,,,Y,1,1,0,2,A,-,10,21950,A,F,G,B,B,A,H,-,C,A,0,Y,,,,Y,Y,D,22,0,0,0,1,0,0,0,0,0,"- ","- ",,,"LOS ANGELES",ARCADIA,-118.0548601,34.127740099999997
8166692,2016,2018-09-26,1900,2016-07-30,2030,602372,1127,6,5,6,1992,0,0,0,,0,111T1,"40TH ST WEST","NEWGROVE ST",0.00,,Y,A,-,N,,,,,,,,,,Y,1,2,2,2,D,-,00,,,N,D,C,A,A,H,-,B,D,0,,,Y,,Y,Y,-,"- ",0,2,0,0,0,0,0,1,0,"- ","- ",,,"LOS ANGELES",LANCASTER,-118.20157,34.693000089999998
8166723,2016,2018-09-27,1942,2016-12-25,1950,41672,0776,7,5,7,1942,0,0,0,G,0,14T47,"VENICE BL","SAN VICENTE BL",293.00,W,N,A,-,N,,,,,,,,,,Y,1,1,0,2,A,-,03,22350,,N,D,E,A,A,H,-,C,D,0,,,,,Y,Y,A,01,0,0,0,0,0,0,0,0,0,"- ","- ",,,"LOS ANGELES","LOS ANGELES",-118.33792156,34.047127459999999
8166791,2016,2017-03-29,1900,2016-11-25,2240,274533,1367,5,5,5,1952,0,0,0,,0,133T1,"GARFIELD AV","JACKSON ST",0.00,,Y,A,-,N,,,,,,,,,,Y,1,1,0,2,D,-,00,,,N,D,C,A,A,H,-,C,A,0,,,,Y,Y,Y,-,"- ",0,0,0,0,0,0,0,0,0,"- ","- ",,,"LOS ANGELES",PARAMOUNT,-118.16876005,33.885520030000002
81668279,2021,2022-01-03,1909,2021-12-31,1514,615,1909,5,5,4,1909,0,0,0,,0,SOUTH,"5800 BLOCK OF CLARA STREET","JABONERIA ROAD",300.00,W,N,A,-,N,,,,,,,,,,N,4,0,1,2,A,-,17,21663,,N,D,G,A,A,H,-,A,D,0,,Y,,,Y,Y,-,"- ",0,0,1,0,0,0,1,0,0,"- ","- ",33.962879180908203,-118.16300201416016,"LOS ANGELES","BELL GARDENS",,
8167066,2018,2020-05-22,1942,2018-01-15,1440,37724,1211,1,5,7,1942,0,0,0,L,0,25TL22,"ARLINGTON AV","W 54TH ST",0.00,,Y,A,-,N,,,,,,,,,,Y,1,1,0,2,A,-,09,21801,A,F,D,C,A,A,H,-,A,A,0,,,Y,,Y,Y,-,99,0,0,0,0,0,0,0,1,0,"- ","- ",,,"LOS ANGELES","LOS ANGELES",-118.31822,33.993200000000002
8167560,2018,2020-05-26,1900,2018-02-11,0400,529141,1512,7,5,5,1954,0,0,0,,0,151B,"WHITTIER BL","MILLUX AV",8.00,W,N,A,-,N,,,,,,,,,,Y,1,1,0,4,A,-,01,23153,A,N,G,B,D,A,H,-,C,D,0,Y,,,,Y,Y,D,22,0,0,0,1,0,0,0,0,0,"- ","- ",33.997650146484375,-118.07525634765625,"LOS ANGELES","PICO RIVERA",-118.07525634765625,33.997550964355469
8167589,2018,2020-05-26,1900,2018-05-12,1450,546256,0534,6,5,5,1959,0,0,0,,0,53T1PM,"GARVEY AV","MUSCATEL AV",0.00,,Y,B,-,N,,,,,,,,,,Y,1,1,1,2,A,-,12,21453,A,N,D,D,A,A,H,-,A,A,0,,,Y,,Y,Y,C,02,0,1,0,0,0,0,0,1,0,"- ","- ",34.062770843505859,-118.07723236083984,"LOS ANGELES",ROSEMEAD,-118.07720947265625,34.062721252441406
8168357,2016,2016-11-30,1942,2016-10-15,2325,39062,0238,6,5,7,1942,0,0,0,B,0,24T33,"GLENDALE BL","PIZARRO ST",70.00,S,N,A,-,N,,,,,,,,,,Y,3,0,1,4,A,-,01,23152,A,N,B,E,A,A,H,-,C,D,0,,,,,Y,Y,A,01,0,1,0,0,0,0,0,0,0,"- ","- ",,,"LOS ANGELES","LOS ANGELES",-118.26058162,34.066882300000003
8168541,2016,2016-11-28,1942,2016-10-08,0530,38922,0256,6,5,7,1942,0,0,0,B,0,2A39,"6TH ST","BURLINGTON ST",0.00,,Y,A,-,N,,,,,,,,,,N,2,0,1,2,A,-,11,21955,,N,G,B,D,A,H,-,C,A,0,Y,,,,Y,Y,A,01,1,0,0,0,1,0,0,0,0,"- ","- ",,,"LOS ANGELES","LOS ANGELES",-118.27149009,34.058030090000003
8169499,2016,2016-11-16,1941,2016-10-31,1600,6067,,1,5,7,1941,0,0,0,,0,,"LA VERNE AV","W SANTA FE",30.00,W,N,A,-,N,,,,,,,,,,N,4,0,1,2,A,-,01,23152,,N,B,G,A,A,H,-,A,D,0,,Y,,,Y,Y,-,,0,0,1,0,0,0,1,0,0,"- ","- ",,,"LOS ANGELES","LONG BEACH",-118.21566,33.806570999999998
8169540,2016,2016-11-16,1924,2016-08-11,2355,115237,30,4,5,5,1924,0,0,0,,0,003,"REDONDO BEACH BL","CRENSHAW BL",20.00,E,N,A,-,N,,,,,,,,,,N,4,0,2,2,A,-,01,23152,A,N,C,C,A,A,H,-,C,A,0,,,,,Y,Y,A,07,0,0,2,0,0,0,0,0,0,"- ","- ",33.882930000000002,-118.3265,"LOS ANGELES",GARDENA,-118.32646871999999,33.882919919999999
8173570,2016,2016-12-29,1942,2016-11-08,1800,42362,0717,2,5,7,1942,0,0,0,G,0,7A22,"BEVERLY BL","HIGHLAND AV",20.00,E,N,A,-,N,,,,,,,,,,N,4,0,2,2,A,-,01,23152,A,N,C,C,A,A,H,-,C,D,0,,,,,Y,Y,A,01,0,0,2,0,0,0,0,0,0,"- ","- ",,,"LOS ANGELES","LOS ANGELES",-118.33858408,34.076189999999997
8174460,2016,2016-11-30,1942,2016-11-15,2200,39355,1999,2,5,7,1942,0,0,0,,0,9T55,"WOODMAN AV","ROSCOE BL",0.00,,N,A,-,N,,,,,,,,,,Y,4,0,1,2,A,-,01,23152,A,N,C,C,A,A,H,-,C,A,0,,,,,Y,Y,D,22,0,0,1,0,0,0,0,0,0,"- ","- ",,,"LOS ANGELES","LOS ANGELES",-118.43275010000001,34.221680020000001
8174487,2016,2016-11-29,1942,2016-11-06,0010,38876,1583,7,5,7,1942,0,0,0,O,0,15A85,"VENTURA BL",RIDGEMOOR,12.00,E,N,A,-,N,,,,,,,,,,Y,3,0,2,3,A,-,01,23152,A,N,C,C,A,A,H,-,C,D,0,,,,,Y,Y,A,01,0,2,0,0,0,0,0,0,0,"- ","- ",,,"LOS ANGELES","LOS ANGELES",-118.38050077,34.139534359999999
8174508,2016,2016-11-29,1942,2016-11-09,1920,31288,1249,3,5,7,1942,0,0,0,L,0,12T41,"FLORENCE AV","VICTORIA AV",40.00,E,N,A,-,N,,,,,,,,,,N,4,0,2,2,A,-,09,21804,A,F,B,C,A,A,H,-,C,D,0,,,,,Y,Y,A,01,0,0,2,0,0,0,0,0,0,"- ","- ",,,"LOS ANGELES","LOS ANGELES",-118.33285832,33.974519999999998
8174626,2016,2017-01-09,1942,2016-10-18,1518,39226,1267,2,5,7,1942,0,0,0,L,0,12Z51,"82ND ST","HOOVER ST",0.00,,Y,A,-,N,,,,,,,,,,N,4,0,1,2,A,-,12,21453,A,N,E,C,A,A,H,-,A,A,0,,,,,Y,Y,A,01,0,0,1,0,0,0,0,0,0,"- ","- ",,,"LOS ANGELES","LOS ANGELES",-118.28711002999999,33.964269999999999
8176686,2016,2016-12-01,1942,2016-10-23,0330,37078,1444,7,5,7,1942,0,0,0,N,0,14A27,"MARINA POINT DR","LINCOLN BL",320.00,W,N,A,-,N,,,,,,,,,,N,4,0,1,2,A,-,03,22350,,F,B,B,E,A,H,-,E,D,0,Y,,,,Y,Y,-,99,0,0,1,0,1,0,0,0,0,"- ","- ",,,"LOS ANGELES","LOS ANGELES",-118.444371,33.985176000000003
8177232,2016,2016-12-02,1942,2016-11-20,1850,40928,1018,7,5,7,1942,0,0,0,J,0,15T43,"VANOWEN ST","VALJEAN AV",0.00,,Y,C,-,N,,,,,,,,,,Y,4,0,1,1,A,-,03,22350,,N,E,I,A,B,H,-,C,D,0,,,,,Y,Y,A,01,0,0,1,0,0,0,0,0,0,"- ","- ",,,"LOS ANGELES","LOS ANGELES",-118.48587008,34.193910010000003
8177871,2016,2016-12-06,1970,2016-08-10,1755,208,,3,5,4,1970,0,0,0,,0,004,"MONTEREY RD","MARENGO AV",54.00,W,N,A,-,N,,,,,,,,,,N,4,0,1,2,A,-,04,21703,,M,C,C,A,A,H,-,A,A,0,,,,,Y,Y,A,01,0,0,1,0,0,0,0,0,0,"- ","- ",,,"LOS ANGELES","SOUTH PASADENA",-118.14693791000001,34.112274550000002
8180151,2016,2016-12-12,1955,2016-12-04,0647,41872,0089,7,5,6,1955,0,0,0,,0,004,"PHILADELPHIA ST","RESERVOIR ST",45.00,W,N,A,-,N,,,,,,,,,,N,4,0,2,2,A,-,01,23152,A,N,B,C,A,A,H,-,B,A,0,,,,,Y,Y,A,01,0,0,2,0,0,0,0,0,0,"- ","- ",,,"LOS ANGELES",POMONA,-117.73191812,34.033717350000003
8181846,2016,2017-01-07,1942,2016-11-17,0155,42044,WVAL,4,5,7,1942,0,0,0,,0,10EL1,"BURBANK BL","YARMOUTH AV",0.00,,Y,A,-,N,,,,,,,,,,Y,3,0,1,1,A,-,01,23152,A,N,A,I,A,A,H,-,C,D,0,,,,,Y,Y,A,01,0,1,0,0,0,0,0,0,0,"- ","- ",,,"LOS ANGELES","LOS ANGELES",-118.52030012,34.172200080000003
8181848,2016,2016-12-22,1920,2016-11-11,2241,12323,,5,5,6,1920,0,0,0,,0,001,"BELLFLOWER BL","IMPERIAL HWY",60.00,S,N,A,-,N,,,,,,,,,,N,4,0,1,2,A,-,01,23152,A,N,C,C,A,A,H,-,C,A,0,,,,,Y,Y,A,01,0,0,1,0,0,0,0,0,0,"- ","- ",,,"LOS ANGELES",DOWNEY,-118.12541761999999,33.916865479999998
8182013,2016,2017-03-04,1942,2016-11-27,2135,38354,2185,7,5,7,1942,0,0,0,,0,16T25,"TOPANGA CANYON BL","BURBANK BL",253.00,S,N,A,-,Y,LA,7,27,-,-,12.200,H,-,S,Y,4,0,2,2,A,-,01,23152,A,F,C,C,A,A,H,-,C,A,0,,,,,Y,Y,A,01,0,0,2,0,0,0,0,0,0,"- ","- ",,,"LOS ANGELES","LOS ANGELES",-118.60593461000001,34.167331799999999
8182034,2016,2016-12-07,1942,2016-11-23,1725,39308,0937,3,5,7,1942,0,0,0,I,0,9X84,"VICTORY BL","RANCHITO AV",200.00,E,N,A,-,N,,,,,,,,,,Y,4,0,1,3,A,-,01,23152,A,N,C,C,A,A,H,-,B,D,0,,,,,Y,Y,A,01,0,0,1,0,0,0,0,0,0,"- ","- ",,,"LOS ANGELES","LOS ANGELES",-118.43496988,34.186669999999999
8183080,2016,2016-12-08,1942,2016-11-30,2120,41316,1063,3,5,7,1942,0,0,0,J,0,10T37,"VENTURA BL","YOLANDA AV",50.00,E,N,A,-,N,,,,,,,,,,Y,4,0,2,2,A,-,01,23152,A,N,C,C,A,A,H,-,C,A,0,,,,,Y,Y,A,01,0,0,2,0,0,0,0,0,0,"- ","- ",,,"LOS ANGELES","LOS ANGELES",-118.54058195,34.170619430000002
8184508,2016,2017-01-06,1942,2016-11-20,1910,36031,1251,7,5,7,1942,0,0,0,L,0,12A67,"CRENSHAW BL","FLORENCE AV",99.00,S,N,C,-,N,,,,,,,,,,N,4,0,1,2,A,-,08,22107,,F,B,C,A,B,H,-,C,D,0,,,,,Y,Y,-,99,0,0,1,0,0,0,0,0,0,"- ","- ",,,"LOS ANGELES","LOS ANGELES",-118.33088383,33.974268520000003
8184580,2016,2016-12-14,1942,2016-11-30,0125,38090,2024,3,5,7,1942,0,0,0,,0,7T23,"WILSHIRE BL","HOBART BL",50.00,E,N,A,-,N,,,,,,,,,,Y,3,0,2,2,A,-,01,23152,A,N,C,C,A,A,H,-,C,A,0,,,,,Y,Y,A,01,0,1,1,0,0,0,0,0,0,"- ","- ",,,"LOS ANGELES","LOS ANGELES",-118.30520527,34.061722889999999
8184618,2016,2016-12-13,1942,2016-11-03,2240,36860,1133,4,5,7,1942,0,0,0,K,0,11A42,"ATWATER AV",TYBURN,0.00,,Y,A,-,N,,,,,,,,,,Y,3,0,1,3,A,-,01,23152,A,N,C,E,A,A,H,-,C,D,0,,,,,Y,Y,A,01,0,1,0,0,0,0,0,0,0,"- ","- ",,,"LOS ANGELES","LOS ANGELES",-118.2570501,34.116560049999997
8185093,2016,2017-01-06,1942,2016-11-24,1910,31087,1005,4,5,7,1942,0,0,0,J,0,17A95,"ROSCOE BL","WHITEOAK AV",0.00,,Y,A,-,N,,,,,,,,,,Y,4,0,1,2,A,-,04,21703,,N,C,C,A,A,H,-,C,A,0,,,,,Y,Y,A,07,0,0,1,0,0,0,0,0,0,"- ","- ",,,"LOS ANGELES","LOS ANGELES",-118.51863002,34.221000060000001
8185690,2016,2017-03-04,1942,2016-11-03,2300,39840,0442,4,5,7,1942,0,0,0,D,0,24T31,"STATE ST","RT 10",0.00,,Y,A,-,Y,LA,7,10,-,S,0.554,R,4,E,Y,3,0,2,2,A,-,01,23152,A,N,D,C,A,A,H,-,C,A,0,,,,,Y,Y,A,01,0,1,1,0,0,0,0,0,0,"- ","- ",,,"LOS ANGELES","LOS ANGELES",-118.21590218,34.055156859999997
8185707,2016,2016-12-16,1942,2016-10-23,0315,41529,1179,7,5,7,1942,0,0,0,K,0,1A35,"AVENUE 42","MIDLAND ST",0.00,,Y,A,-,N,,,,,,,,,,Y,3,0,1,2,A,-,01,23152,A,N,B,C,A,A,H,-,C,D,0,,,,,Y,Y,A,01,0,1,0,0,0,0,0,0,0,"- ","- ",,,"LOS ANGELES","LOS ANGELES",-118.20779007,34.092920059999997
8185884,2016,2017-03-16,1941,2016-12-03,2339,6323,,6,5,7,1941,0,0,0,,0,,"LOS COYOTES DIAGONAL","WILLOW ST",0.00,,Y,A,-,N,,,,,,,,,,Y,3,0,1,3,A,-,01,23152,,N,D,C,A,A,H,-,C,A,0,,,,,Y,Y,A,,0,1,0,0,0,0,0,0,0,"- ","- ",,,"LOS ANGELES","LONG BEACH",-118.12369008,33.803190100000002
8186544,2016,2016-12-22,1942,2016-12-10,1050,35481,1994,6,5,7,1942,0,0,0,,0,21TL62,"ROSCOE BL","WILLIS AV",55.00,W,N,A,-,N,,,,,,,,,,Y,4,0,1,5,A,-,01,23152,A,F,C,E,A,A,H,-,A,D,0,,,,Y,Y,Y,F,26,0,0,1,0,0,0,0,0,0,"- ","- ",,,"LOS ANGELES","LOS ANGELES",-118.45551161,34.221490000000003
8186948,2016,2016-12-22,1942,2016-11-12,2200,40135,0257,6,5,7,1942,0,0,0,B,0,2A39,"6TH ST","WITMER ST",0.00,,Y,A,-,N,,,,,,,,,,Y,3,0,1,2,A,-,01,23152,A,N,D,C,A,A,H,-,C,A,0,,,,,Y,Y,A,01,0,1,0,0,0,0,0,0,0,"- ","- ",,,"LOS ANGELES","LOS ANGELES",-118.26559001,34.055510040000001
8187858,2016,2017-01-06,1942,2016-12-12,1750,37143,1684,1,5,7,1942,0,0,0,P,0,35Q42,"LAUREL CANYON BL","ROSCOE BL",340.00,N,N,A,-,N,,,,,,,,,,Y,3,0,1,2,A,-,03,22350,,F,D,C,A,A,H,-,C,D,0,,,,,Y,Y,A,07,0,1,0,0,0,0,0,0,0,"- ","- ",,,"LOS ANGELES","LOS ANGELES",-118.39647392000001,34.22258205
8188249,2016,2016-12-13,1976,2016-11-24,0526,568,,4,5,5,1976,0,0,0,,0,001,"WORKMAN MILL RD","SIERRA MORENA AV",216.00,S,N,A,-,N,,,,,,,,,,Y,2,0,1,1,D,-,00,,,N,E,I,A,A,H,-,C,D,0,,,,,Y,Y,-,"- ",1,0,0,0,0,0,0,0,0,"- ","- ",,,"LOS ANGELES",WHITTIER,-118.05609535000001,34.00093227
8190842,2016,2016-12-20,1941,2016-11-20,0630,10553,,7,5,7,1941,0,0,0,,0,,"ANAHEIM ST","SAINT LOUIS AV",250.00,E,N,A,-,N,,,,,,,,,,Y,4,0,1,4,A,-,09,21800,A,M,D,C,A,B,H,-,A,D,0,,,,,Y,Y,D,,0,0,1,0,0,0,0,0,0,"- ","- ",,,"LOS ANGELES","LONG BEACH",-118.16576898,33.782600000000002
8191901,2016,2016-12-20,1906,2016-11-06,1842,4416,,7,5,5,1906,0,0,0,,0,002,"RAMONA BL","BALDWIN PARK BL",44.00,W,N,A,-,N,,,,,,,,,,N,4,0,1,2,D,-,00,,,N,D,G,A,A,H,-,B,A,0,,Y,,,Y,Y,-,"- ",0,0,1,0,0,0,1,0,0,"- ","- ",,,"LOS ANGELES","BALDWIN PARK",-117.96501931,34.085446570000002
8193958,2016,2016-12-20,1942,2016-12-06,0805,42345,0392,2,5,7,1942,0,0,0,C,0,,"48TH ST","VAN NESS AV",0.00,,Y,A,-,N,,,,,,,,,,N,4,0,3,3,A,-,03,22350,,N,A,C,A,A,H,-,A,D,0,,,,,Y,Y,-,,0,0,3,0,0,0,0,0,0,"- ","- ",,,"LOS ANGELES","LOS ANGELES",-118.31713013,34.000030070000001
8193974,2016,2017-01-03,1947,2016-10-21,2100,1406,,5,5,5,1947,0,0,0,,0,00D,"BLUFF RD","WASHINGTON BL",400.00,S,N,A,-,N,,,,,,,,,,N,4,0,1,4,A,-,21,22106,,F,A,E,E,A,H,-,C,D,0,Y,,,,Y,Y,A,01,0,0,1,0,1,0,0,0,0,"- ","- ",33.991219999999998,-118.11205,"LOS ANGELES",MONTEBELLO,-118.11234269000001,33.990984279999999