CASE_ID,ACCIDENT_YEAR,PROC_DATE,JURIS,COLLISION_DATE,COLLISION_TIME,OFFICER_ID,REPORTING_DISTRICT,DAY_OF_WEEK,CHP_SHIFT,POPULATION,CNTY_CITY_LOC,SPECIAL_COND,BEAT_TYPE,CHP_BEAT_TYPE,CITY_DIVISION_LAPD,CHP_BEAT_CLASS,BEAT_NUMBER,PRIMARY_RD,SECONDARY_RD,DISTANCE,DIRECTION,INTERSECTION,WEATHER_1,WEATHER_2,STATE_HWY_IND,CALTRANS_COUNTY,CALTRANS_DISTRICT,STATE_ROUTE,ROUTE_SUFFIX,POSTMILE_PREFIX,POSTMILE,LOCATION_TYPE,RAMP_INTERSECTION,SIDE_OF_HWY,TOW_AWAY,COLLISION_SEVERITY,NUMBER_KILLED,NUMBER_INJURED,PARTY_COUNT,PRIMARY_COLL_FACTOR,PCF_CODE_OF_VIOL,PCF_VIOL_CATEGORY,PCF_VIOLATION,PCF_VIOL_SUBSECTION,HIT_AND_RUN,TYPE_OF_COLLISION,MVIW,PED_ACTION,ROAD_SURFACE,ROAD_COND_1,ROAD_COND_2,LIGHTING,CONTROL_DEVICE,CHP_ROAD_TYPE,PEDESTRIAN_ACCIDENT,BICYCLE_ACCIDENT,MOTORCYCLE_ACCIDENT,TRUCK_ACCIDENT,NOT_PRIVATE_PROPERTY,ALCOHOL_INVOLVED,STWD_VEHTYPE_AT_FAULT,CHP_VEHTYPE_AT_FAULT,COUNT_SEVERE_INJ,COUNT_VISIBLE_INJ,COUNT_COMPLAINT_PAIN,COUNT_PED_KILLED,COUNT_PED_INJURED,COUNT_BICYCLIST_KILLED,COUNT_BICYCLIST_INJURED,COUNT_MC_KILLED,COUNT_MC_INJURED,PRIMARY_RAMP,SECONDARY_RAMP,LATITUDE,LONGITUDE,COUNTY,CITY,POINT_X,POINT_Y
8402409,2017,2017-07-17,1942,2017-06-30,1725,37614,2091,5,5,7,1942,0,0,0,,0,20T59,"WASHINGTON BL","WESTERN AV",75.00,W,N,A,-,N,,,,,,,,,,Y,4,0,1,2,A,-,01,23152,A,N,C,C,A,A,H,-,A,D,0,,,,,Y,Y,A,07,0,0,1,0,0,0,0,0,0,"- ","- ",,,"LOS ANGELES","LOS ANGELES",-118.30923709,34.039920000000002
8402596,2017,2017-07-12,1942,2017-05-27,0140,41589,1321,6,5,7,1942,0,0,0,M,0,13A13,"MAIN ST",ADAMS,0.00,,-,A,-,N,,,,,,,,,,Y,3,0,1,3,A,-,01,23152,A,N,C,E,A,A,H,-,C,D,0,,,,,Y,Y,A,01,0,1,0,0,0,0,0,0,0,"- ","- ",,,"LOS ANGELES","LOS ANGELES",-118.26865006,34.024850069999999
8403417,2017,2017-07-10,1942,2017-06-26,2159,37143,1771,1,5,7,1942,0,0,0,Q,0,35Q42,"PLUMMER ST","MASON AV",0.00,,Y,A,-,N,,,,,,,,,,Y,3,0,1,1,A,-,01,23152,A,N,A,I,A,A,H,-,C,A,0,,,,,Y,Y,A,01,0,1,0,0,0,0,0,0,0,"- ","- ",,,"LOS ANGELES","LOS ANGELES",-118.57978012,34.242720050000003
8404356,2017,2019-04-09,1922,2017-04-19,1810,679,,3,5,6,1922,0,0,0,,0,002,"STEWART ST","PECK RD",5.00,E,N,A,-,N,,,,,,,,,,Y,1,1,0,2,A,-,05,21202,A,N,D,G,A,A,H,-,A,A,0,,Y,,Y,Y,Y,L,04,0,0,0,0,0,1,0,0,0,"- ","- ",,,"LOS ANGELES","EL MONTE",-118.02548695999999,34.071541619999998
8404829,2018,2020-05-22,1942,2018-04-21,2205,40289,1133,6,5,7,1942,0,0,0,K,0,11A1,"GLENDALE BL","ATWATER AV",5.00,E,N,A,-,N,,,,,,,,,,N,1,1,0,2,A,-,11,21954,A,N,G,B,D,A,H,-,C,D,0,Y,,,,Y,Y,N,60,0,0,0,1,0,0,0,0,0,"- ","- ",,,"LOS ANGELES","LOS ANGELES",-118.25984954833984,34.119049072265625
8404839,2018,2020-05-26,1942,2018-03-18,0200,42469,1757,7,5,7,1942,0,0,0,Q,0,17A49,"BALBOA BL","DEVONSHIRE ST",12.00,S,N,A,-,N,,,,,,,,,,Y,1,1,0,1,A,-,03,22350,,N,E,I,A,A,H,-,C,A,0,,,,,Y,Y,A,01,0,0,0,0,0,0,0,0,0,"- ","- ",,,"LOS ANGELES","LOS ANGELES",-118.50232696533203,34.25750732421875
8404848,2018,2018-06-22,1942,2018-04-13,1120,30380,0292,5,5,7,1942,0,0,0,B,0,2A91,"WEST WASHINGTON BL","S BURLINGTON AV",176.00,W,N,A,-,N,,,,,,,,,,N,1,1,0,2,A,-,11,21954,A,N,G,B,D,A,H,-,A,A,0,Y,,,,Y,Y,N,60,0,0,0,1,0,0,0,0,0,"- ","- ",,,"LOS ANGELES","LOS ANGELES",-118.2833251953125,34.039493560791016
8404933,2018,2018-07-18,1942,2018-05-20,1735,40404,1802,7,5,7,1942,0,0,0,R,0,25T21,"W 92ND ST","S FIGUEROA ST",181.00,E,N,A,-,N,,,,,,,,,,Y,1,1,0,2,A,-,01,23152,A,N,A,B,F,A,H,-,A,D,0,Y,,,,Y,Y,A,07,0,0,0,1,0,0,0,0,0,"- ","- ",,,"LOS ANGELES","LOS ANGELES",-118.28211975097656,33.952789306640625
8405114,2017,2017-08-07,1941,2017-06-25,1303,10659,,7,5,7,1941,0,0,0,,0,,"ANAHEIM ST",OBISPO,35.00,E,N,A,-,N,,,,,,,,,,Y,4,0,1,2,A,-,08,22105,,F,D,C,A,A,H,-,A,A,0,,,,,Y,Y,A,,0,0,1,0,0,0,0,0,0,"- ","- ",,,"LOS ANGELES","LONG BEACH",-118.15447506,33.782600000000002
8406034,2017,2017-07-20,1942,2017-06-30,0600,41561,1653,5,5,7,1942,0,0,0,P,0,16A23,"SAN FERNANDO",SUNBURST,15.00,N,N,B,-,N,,,,,,,,,,Y,4,0,1,2,A,-,05,21650,A,N,A,C,A,A,H,-,A,D,0,,,,,Y,Y,A,01,0,0,1,0,0,0,0,0,0,"- ","- ",,,"LOS ANGELES","LOS ANGELES",-118.4103224,34.254961119999997
8406187,2017,2017-08-07,1941,2017-07-02,2347,10792,,7,5,7,1941,0,0,0,,0,901T,"DEFOREST AV","POPPY ST",45.00,N,N,A,-,N,,,,,,,,,,Y,4,0,1,2,A,-,08,22107,,N,E,I,A,A,H,-,C,D,0,,,,,Y,Y,A,,0,0,1,0,0,0,0,0,0,"- ","- ",,,"LOS ANGELES","LONG BEACH",-118.19122677999999,33.868371570000001
8406353,2017,2017-08-08,1900,2017-06-17,2205,527062,0643,6,5,6,1985,0,0,0,,0,61T1,"BOUQUET CANYON RD","ALAMAGORODO RD",427.00,W,N,A,-,N,,,,,,,,,,Y,3,0,3,2,A,-,01,23152,A,N,C,C,A,A,H,-,C,A,0,,,,,Y,Y,D,22,0,1,2,0,0,0,0,0,0,"- ","- ",,,"LOS ANGELES","SANTA CLARITA",-118.52572689,34.434353469999998
8407134,2017,2018-04-23,1900,2017-07-03,2355,238852,1018,1,5,3,1995,0,0,0,,0,101,"RT 1","TUNA CANYON RD",1056.00,S,N,A,-,Y,LA,7,1,-,-,41.160,H,-,S,N,3,0,1,2,A,-,11,21954,A,N,G,B,D,A,H,-,C,D,0,Y,,,,Y,Y,N,60,0,1,0,0,1,0,0,0,0,"- ","- ",,,"LOS ANGELES",MALIBU,-118.58600137000001,34.0388375
8407152,2017,2018-03-20,1900,2017-06-15,0310,5306,631,4,5,6,1985,0,0,0,,0,61T1,"SIERRA HWY","SIERRA CROSS AV",680.00,S,N,A,-,N,,,,,,,,,,Y,3,0,1,1,A,-,01,23152,A,N,E,I,A,A,H,-,C,D,0,,,,,Y,Y,A,01,0,1,0,0,0,0,0,0,0,"- ","- ",,,"LOS ANGELES","SANTA CLARITA",-118.44640081,34.427685060000002
8407671,2017,2017-07-19,1931,2017-06-21,1740,5315,1931,3,5,5,1931,0,0,0,,0,002,"GAGE AV","SALT LAKE AV",238.00,W,N,A,-,N,,,,,,,,,,N,4,0,1,2,A,-,11,21955,,N,G,B,D,A,H,-,A,A,0,Y,,,,Y,Y,N,60,0,0,1,0,1,0,0,0,0,"- ","- ",,,"LOS ANGELES","HUNTINGTON PARK",-118.20435000000001,33.979860000000002
8408475,2017,2017-07-25,1942,2017-07-10,0125,31820,1824,1,5,7,1942,0,0,0,R,0,18T23,"HOOPER AV","94TH ST",300.00,S,N,C,-,N,,,,,,,,,,Y,3,0,3,4,A,-,01,23152,A,N,A,C,A,A,H,-,A,D,0,,,,,Y,Y,A,01,0,2,1,0,0,0,0,0,0,"- ","- ",,,"LOS ANGELES","LOS ANGELES",-118.25409338,33.950417209999998
8410036,2017,2017-07-21,1942,2017-06-02,1739,41231,465,5,5,7,1942,0,0,0,,0,4A58W5,"EUCLID ST","6TH ST",2.00,S,N,A,-,N,,,,,,,,,,N,4,0,1,2,A,-,10,21950,A,N,G,B,B,A,H,-,A,A,0,Y,,,,Y,Y,A,01,0,0,1,0,1,0,0,0,0,"- ","- ",,,"LOS ANGELES","LOS ANGELES",-118.20539306000001,34.033775140000003
8412370,2017,2017-08-31,1942,2017-08-03,1750,40639,1772,4,5,7,1942,0,0,0,Q,0,17X98,"PRAIRIE ST","OAKDALE AV",30.00,E,N,A,-,N,,,,,,,,,,Y,3,0,1,1,A,-,03,22350,,N,E,I,A,A,H,-,A,D,0,,,,,Y,Y,D,22,0,1,0,0,0,0,0,0,0,"- ","- ",,,"LOS ANGELES","LOS ANGELES",-118.56679090999999,34.239139999999999
8412655,2017,2017-09-12,1941,2017-08-15,1627,5520,,2,5,7,1941,0,0,0,,0,,"SHORELINE DR","CHESTNUT PL",0.00,,Y,A,-,N,,,,,,,,,,N,4,0,2,3,A,-,12,21453,A,N,D,C,A,A,H,-,A,A,0,,,,,Y,Y,A,,0,0,2,0,0,0,0,0,0,"- ","- ",,,"LOS ANGELES","LONG BEACH",-118.19662004,33.76499003
8412705,2017,2017-10-19,1941,2017-08-12,1223,10920,,6,5,7,1941,0,0,0,,0,,"WILLOW ST",PACIFIC,16.00,E,N,A,-,N,,,,,,,,,,N,3,0,1,2,A,-,09,21804,A,N,D,G,A,A,H,-,A,D,0,,Y,,,Y,Y,L,,0,1,0,0,0,0,1,0,0,"- ","- ",,,"LOS ANGELES","LONG BEACH",-118.19365744,33.804450000000003
8414445,2017,2017-09-20,1942,2017-09-07,2250,32774,1653,4,5,7,1942,0,0,0,P,0,16A23,"SUNBURST ST","EL DORADO AV",227.00,E,N,A,-,N,,,,,,,,,,Y,3,0,1,2,A,-,01,23152,A,N,A,E,A,-,H,-,C,D,0,,,,,Y,Y,A,01,0,1,0,0,0,0,0,0,0,"- ","- ",,,"LOS ANGELES","LOS ANGELES",-118.41146608,34.254069639999997
8414903,2017,2017-10-05,1942,2017-09-01,2200,40690,0738,5,5,7,1942,0,0,0,G,0,20T59,"HIGHLAND AV","S 6TH ST",225.00,S,N,A,-,N,,,,,,,,,,N,3,0,1,2,A,-,01,23152,A,F,C,C,A,A,H,-,C,D,0,,,,,Y,Y,A,01,0,1,0,0,0,0,0,0,0,"- ","- ",,,"LOS ANGELES","LOS ANGELES",-118.33862999999999,34.064278999999999
8414943,2017,2017-10-05,1929,2017-09-03,1724,10203,SOUTH,7,5,3,1929,0,0,0,,0,001,"10TH ST","MANHATTAN AV",164.00,E,N,A,-,N,,,,,,,,,,N,3,0,1,2,A,-,11,21954,A,N,G,B,E,A,H,-,A,A,0,Y,,,,Y,Y,N,60,0,1,0,0,1,0,0,0,0,"- ","- ",,,"LOS ANGELES","HERMOSA BEACH",-118.39817343,33.860986799999999
8414947,2017,2017-10-05,1929,2017-09-22,0121,196,1929,5,5,3,1929,0,0,0,,0,002,"MANHATTAN AV","34TH ST",0.00,,Y,A,-,N,,,,,,,,,,Y,3,0,1,4,A,-,01,23152,A,N,C,E,A,A,H,-,C,D,0,,,,,Y,Y,A,07,0,1,0,0,0,0,0,0,0,"- ","- ",,,"LOS ANGELES","HERMOSA BEACH",-118.40676003999999,33.876850019999999
8415383,2018,2018-02-14,1942,2018-01-14,1910,40643,0407,7,5,7,1942,0,0,0,D,0,4A3,"MONTEREY RD","N HUNTINGTON DR",13.00,N,N,A,-,N,,,,,,,,,,N,3,0,1,2,A,-,01,23152,A,N,G,B,B,A,H,-,C,A,0,Y,,,,Y,Y,D,22,0,1,0,0,1,0,0,0,0,"- ","- ",,,"LOS ANGELES","LOS ANGELES",-118.1875,34.086254119873047
8416189,2017,2017-07-27,1902,2017-07-18,0015,636,26,2,5,5,1902,0,0,0,,0,004,"DUARTE RD","SUNSET BL",94.00,E,N,A,-,N,,,,,,,,,,Y,4,0,1,7,A,-,01,23152,A,M,B,E,A,A,H,-,C,D,0,,,,,Y,Y,A,01,0,0,1,0,0,0,0,0,0,"- ","- ",,,"LOS ANGELES",ARCADIA,-118.06418501,34.124725750000003
8416201,2017,2017-07-27,1902,2017-07-18,0045,710,30,2,5,5,1902,0,0,0,,0,005,"SHARON RD","HOLLY AV",19.00,E,N,A,-,N,,,,,,,,,,Y,3,0,1,1,A,-,01,23152,A,N,E,I,A,A,H,-,C,D,0,,,,,Y,Y,A,01,0,1,0,0,0,0,0,0,0,"- ","- ",,,"LOS ANGELES",ARCADIA,-118.04571,34.119500000000002
8416724,2017,2017-08-03,1942,2017-07-20,2055,40155,1918,4,5,7,1942,0,0,0,,0,21T65,"FOOTHILL BL","HUBBARD ST",90.00,W,N,A,-,N,,,,,,,,,,Y,4,0,4,3,A,-,01,23152,A,F,C,C,A,A,H,-,C,A,0,,,,,Y,Y,A,07,0,0,4,0,0,0,0,0,0,"- ","- ",,,"LOS ANGELES","LOS ANGELES",-118.43049741,34.307618490000003
8417813,2017,2017-08-03,1942,2017-07-21,0715,27792,1783,5,5,7,1942,0,0,0,Q,0,10TL35,"NORDHOFF ST","VANALDEN AV",60.00,W,N,A,-,N,,,,,,,,,,Y,3,0,1,3,A,-,01,23152,A,N,C,C,A,A,H,-,A,A,0,,,,,Y,Y,D,22,0,1,0,0,0,0,0,0,0,"- ","- ",,,"LOS ANGELES","LOS ANGELES",-118.54938817,34.23545
8419640,2017,2017-08-03,1900,2017-07-13,0022,522452,2844,4,5,5,1915,0,0,0,,0,285E,"LONG BEACH BL","ELIZABETH ST",30.00,N,N,A,-,N,,,,,,,,,,N,3,0,1,2,A,-,11,21950,B,N,G,B,D,-,H,-,C,D,0,Y,,,,Y,Y,N,60,0,1,0,0,1,0,0,0,0,"- ","- ",,,"LOS ANGELES",COMPTON,-118.20685188,33.887870220000003
8421244,2017,2017-08-03,1931,2017-07-25,1203,5617,1931,2,5,5,1931,0,0,0,,0,001,"SLAUSON AV","MALABAR ST",300.00,W,N,A,-,N,,,,,,,,,,N,4,0,1,2,A,-,08,22107,,N,B,C,A,A,H,-,A,A,0,,,,,Y,Y,A,01,0,0,1,0,0,0,0,0,0,"- ","- ",,,"LOS ANGELES","HUNTINGTON PARK",-118.22879768,33.98921
8421540,2017,2017-08-14,1942,2017-07-29,2350,36924,0916,6,5,7,1942,0,0,0,I,0,9A23,"VANOWEN ST","MAMMOTH AV",30.00,W,N,A,-,N,,,,,,,,,,Y,4,0,1,3,A,-,05,21650,,F,B,C,A,A,H,-,C,D,0,,,,,Y,Y,-,99,0,0,1,0,0,0,0,0,0,"- ","- ",,,"LOS ANGELES","LOS ANGELES",-118.43246902999999,34.193939999999998
8423536,2017,2018-04-24,1976,2017-06-29,2358,352,,4,5,5,1976,0,0,0,,0,,"WHITTIER BL","SANTA GERTRUDES AV",411.00,W,N,A,-,Y,LA,7,72,-,-,1.180,H,-,N,Y,3,0,1,1,A,-,01,23152,A,N,E,I,A,A,H,-,C,D,0,,,,,Y,Y,A,07,0,1,0,0,0,0,0,0,0,"- ","- ",,,"LOS ANGELES",WHITTIER,-117.99560498,33.945271609999999
8424273,2017,2017-08-16,1926,2017-06-19,0022,0020,3,1,5,5,1926,0,0,0,,0,,"LORAINE AV","STEFFEN ST",0.00,,Y,A,-,N,,,,,,,,,,N,2,0,1,2,A,-,00,21965,A,N,-,B,-,A,H,-,C,A,0,Y,,,,Y,Y,N,60,1,0,0,0,1,0,0,0,0,"- ","- ",,,"LOS ANGELES",GLENDORA,-117.84637001,34.132790020000002
8424388,2017,2017-08-23,1918,2017-05-06,2308,1036,,6,5,4,1918,0,0,0,,0,PATROL,"OVERLAND AV","BRADDOCK DR",114.00,N,N,C,-,N,,,,,,,,,,Y,2,0,1,1,A,-,01,23152,A,N,E,I,A,B,G,-,C,D,0,,,,,Y,Y,A,07,1,0,0,0,0,0,0,0,0,"- ","- ",34.011510000000001,-118.40025,"LOS ANGELES","CULVER CITY",-118.40055576,34.011783360000003
8425689,2017,2017-08-17,1942,2017-06-30,1955,42449,0421,5,5,7,1942,0,0,0,D,0,4A4,BROADWAY,"AVE 22",10.00,W,N,A,-,N,,,,,,,,,,N,2,0,1,2,A,-,00,21453,,N,H,B,A,A,H,-,A,A,0,,Y,,,Y,Y,L,04,1,0,0,0,0,0,1,0,0,"- ","- ",,,"LOS ANGELES","LOS ANGELES",-118.21785183999999,34.07360293
8425769,2017,2017-08-23,1942,2017-07-02,1510,41629,0239,7,5,7,1942,0,0,0,B,0,24T22,"ALVARADO ST","3RD ST",408.00,S,N,A,-,N,,,,,,,,,,,3,0,3,2,A,-,01,23152,A,N,C,C,A,A,H,-,A,D,0,,,,,Y,Y,-,99,0,1,2,0,0,0,0,0,0,"- ","- ",,,"LOS ANGELES","LOS ANGELES",-118.27334399999999,34.061967000000003
8426137,2017,2019-04-09,1942,2017-07-25,1000,38783,0363,2,5,7,1942,0,0,0,C,0,3A63W2,"CRENSHAW BL","MLK JR BL",130.00,S,N,B,-,N,,,,,,,,,,Y,1,1,3,3,A,-,03,22350,,N,C,C,A,A,H,-,A,A,0,,,,,Y,Y,A,01,0,0,3,0,0,0,0,0,0,"- ","- ",,,"LOS ANGELES","LOS ANGELES",-118.33512,34.010573450000003
8426420,2017,2017-08-15,1942,2017-07-29,0535,41125,1998,6,5,7,1942,0,0,0,,0,9T57,"ROSCOE BL","LENNOX AV",0.00,,Y,A,-,N,,,,,,,,,,Y,4,0,3,3,A,-,01,23152,A,N,B,C,A,A,H,-,C,A,0,,,,,Y,Y,D,22,0,0,3,0,0,0,0,0,0,"- ","- ",,,"LOS ANGELES","LOS ANGELES",-118.44596012,34.221580019999998
8426504,2017,2017-08-11,1942,2017-07-29,2230,33757,1512,6,5,7,1942,0,0,0,O,0,10T35,"SHERMAN WAY","COLDWATER CANYON AV",823.00,E,N,A,-,N,,,,,,,,,,Y,4,0,1,1,A,-,01,23152,A,N,E,I,A,A,G,-,C,D,0,,,,,Y,Y,A,07,0,0,1,0,0,0,0,0,0,"- ","- ",,,"LOS ANGELES","LOS ANGELES",-118.41108319,34.201189999999997
8426506,2017,2017-08-28,1942,2017-07-09,2315,41323,2149,7,5,7,1942,0,0,0,,0,21A29,"WINNETKA AV","HART ST",90.00,S,N,B,-,N,,,,,,,,,,N,4,0,1,3,A,-,07,21658,A,N,B,E,A,A,H,-,C,D,0,,,,,Y,Y,A,01,0,0,1,0,0,0,0,0,0,"- ","- ",,,"LOS ANGELES","LOS ANGELES",-118.57098000000001,34.197183109999997
8426591,2017,2017-10-25,1900,2017-02-10,2101,602458,1135,5,5,6,1992,0,0,0,,0,111T1,"LANCASTER BL","20TH ST EAST",52.00,W,N,A,-,N,,,,,,,,,,N,2,0,2,2,A,-,03,22350,,N,C,C,A,A,H,-,C,A,0,,,Y,,Y,Y,C,06,1,0,1,0,0,0,0,0,2,"- ","- ",,,"LOS ANGELES",LANCASTER,-118.09499262,34.69689846
8427559,2017,2018-05-08,1900,2017-07-15,1410,530600,0631,6,5,6,1985,0,0,0,,0,61T1,"SIERRA HWY","LINDA VISTA ST",210.00,N,N,A,-,N,,,,,,,,,,Y,3,0,1,1,A,-,01,23152,A,N,E,I,A,A,H,-,A,D,0,,,,,Y,Y,D,22,0,1,0,0,0,0,0,0,0,"- ","- ",,,"LOS ANGELES","SANTA CLARITA",-118.43749506,34.433704980000002
8428354,2017,2017-08-21,1942,2017-06-08,2130,41498,0154,4,5,7,1942,0,0,0,A,0,1A1,MAIN,"6TH ST",0.00,,Y,A,-,N,,,,,,,,,,N,3,0,1,2,A,-,11,21950,B,F,G,B,E,A,H,-,C,A,0,Y,Y,,,Y,Y,N,60,0,1,0,0,1,0,0,0,0,"- ","- ",,,"LOS ANGELES","LOS ANGELES",-118.24992001,34.045250080000002
8429196,2016,2017-08-22,1918,2016-12-20,1320,701,1918,2,5,4,1918,0,0,0,,0,2M5,"WASHINGTON BL","GLENCOE AV W",0.00,,Y,A,-,N,,,,,,,,,,N,3,0,1,2,A,-,12,21453,A,N,H,G,A,A,H,-,A,A,0,,Y,,,Y,Y,L,04,0,1,0,0,0,0,1,0,0,"- ","- ",33.991999999999997,-118.44477000000001,"LOS ANGELES","CULVER CITY",-118.44482008,33.991960040000002
8429564,2017,2017-09-12,1918,2017-05-22,1331,1091,,1,5,4,1918,0,0,0,,0,PATROL,"WASHINGTON BL","INGLEWOOD BL",0.00,,Y,A,-,N,,,,,,,,,,N,3,0,1,2,A,-,08,22107,,M,D,G,A,A,H,-,A,A,0,,Y,,,Y,Y,L,04,0,1,0,0,0,0,1,0,0,"- ","- ",33.997700000000002,-118.42211,"LOS ANGELES","CULVER CITY",-118.42205,33.997670110000001
8430459,2017,2017-09-08,1942,2017-07-21,2330,40829,1375,5,5,7,1942,0,0,0,M,0,13633,COMPTON,"53RD ST",100.00,N,N,A,-,N,,,,,,,,,,Y,4,0,1,2,A,-,01,23152,A,N,A,D,A,A,H,-,C,A,0,,,,,Y,Y,-,,0,0,1,0,0,0,0,0,0,"- ","- ",,,"LOS ANGELES","LOS ANGELES",-118.24777537999999,33.995094209999998
8431572,2017,2017-09-23,1947,2017-07-17,1749,1414,,1,5,5,1947,0,0,0,,0,00A,"VIA CAMPO","N GARFIELD AV N",0.00,,Y,A,-,N,,,,,,,,,,Y,4,0,1,2,A,-,09,21804,B,M,D,C,A,A,H,-,A,A,0,,,,,Y,Y,-,99,0,0,1,0,0,0,0,0,0,"- ","- ",34.032739999999997,-118.12997,"LOS ANGELES",MONTEBELLO,-118.12997009,34.032740109999999
8431883,2017,2017-08-23,1918,2017-01-14,0144,1107,,6,5,4,1918,0,0,0,,0,PATROL,"SEPULVEDA BL","GREEN VALLEY CIR",105.00,S,N,A,-,N,,,,,,,,,,Y,2,0,2,1,A,-,07,21658,A,N,E,I,A,A,H,-,C,A,0,,,,,Y,Y,A,07,1,0,1,0,0,0,0,0,0,"- ","- ",33.983539999999998,-118.39472000000001,"LOS ANGELES","CULVER CITY",-118.39464823,33.98320734
8433531,2017,2017-08-30,1942,2017-08-02,2040,42911,0929,3,5,7,1942,0,0,0,I,0,9A19,"VANOWEN ST","VAN NUYS BL",60.00,E,N,A,-,N,,,,,,,,,,N,4,0,2,2,A,-,03,22350,,F,C,C,A,A,H,-,C,A,0,,,,,Y,Y,-,99,0,0,2,0,0,0,0,0,0,"- ","- ",,,"LOS ANGELES","LOS ANGELES",-118.44854196999999,34.193912910000002
8433865,2017,2017-08-29,1942,2017-01-03,1400,39177,0399,2,5,7,1942,0,0,0,C,0,5T25,"VERNON AV","FIGUEROA ST",663.00,,N,A,-,N,,,,,,,,,,Y,4,0,1,3,A,-,01,23152,A,N,C,E,A,A,H,-,A,D,0,,,,,Y,Y,A,01,0,0,1,0,0,0,0,0,0,"- ","- ",,,"LOS ANGELES","LOS ANGELES",-118.28274001,34.00375004
8434418,2017,2017-12-29,1942,2017-06-19,1835,41043,0721,1,5,7,1942,0,0,0,G,0,7X52,"S ROBERTSON","3RD ST",120.00,N,N,A,-,N,,,,,,,,,,N,4,0,1,2,A,-,07,21658,A,N,B,G,A,A,H,-,A,B,0,,Y,,,Y,Y,A,01,0,0,1,0,0,0,1,0,0,"- ","- ",,,"LOS ANGELES","LOS ANGELES",-118.38378,34.073939129999999
8434672,2017,2017-08-24,1931,2017-08-11,1343,5617,1931,5,5,5,1931,0,0,0,,0,001,"GAGE AV","RITA AV",30.00,E,N,A,-,N,,,,,,,,,,Y,4,0,3,3,A,-,12,21453,A,N,B,C,A,A,H,-,A,A,0,,,,,Y,Y,A,01,0,0,3,0,0,0,0,0,0,"- ","- ",,,"LOS ANGELES","HUNTINGTON PARK",-118.22378123999999,33.981630000000003
8434680,2017,2017-08-24,1931,2017-08-11,1916,5617,1931,5,5,5,1931,0,0,0,,0,004,"FLORENCE AV","CALIFORNIA AV",141.00,W,N,A,-,N,,,,,,,,,,N,4,0,1,3,A,-,03,22350,,N,C,C,A,A,H,-,B,A,0,,,,,Y,Y,A,01,0,0,1,0,0,0,0,0,0,"- ","- ",,,"LOS ANGELES","HUNTINGTON PARK",-118.20344,33.971940000000004
8434824,2017,2017-08-24,1942,2017-08-12,0140,39410,1599,6,5,7,1942,0,0,0,O,0,9T53W3,"CAHUENGA BL","BARBARA CT",5.00,E,N,A,-,N,,,,,,,,,,Y,3,0,1,3,A,-,01,23152,A,N,D,C,A,A,H,-,C,D,0,,,,,Y,Y,A,01,0,1,0,0,0,0,0,0,0,"- ","- ",,,"LOS ANGELES","LOS ANGELES",-118.34677933,34.128009540000001
8435440,2017,2017-08-24,1942,2017-08-06,0725,34959,2069,7,5,7,1942,0,0,0,,0,20TL59,"VERMONT AV","OLYMPIC BL",0.00,,Y,A,-,N,,,,,,,,,,Y,4,0,1,2,A,-,01,23152,A,N,D,C,A,A,H,-,A,A,0,,,,,Y,Y,A,01,0,0,1,0,0,0,0,0,0,"- ","- ",,,"LOS ANGELES","LOS ANGELES",-118.29162006999999,34.052550060000002
8435995,2017,2017-09-12,1948,2017-07-12,0453,411,1948,3,5,5,1948,0,0,0,,0,004,"GARVEY AV","SEFTON AV",15.00,E,N,A,-,N,,,,,,,,,,Y,3,0,1,1,A,-,01,23152,A,N,E,I,A,A,H,-,B,A,0,,,,,Y,Y,-,,0,1,0,0,0,0,0,0,0,"- ","- ",,,"LOS ANGELES","MONTEREY PARK",-118.11456059,34.062470949999998
8437935,2017,2017-08-25,1976,2017-07-30,1731,883,,7,5,3,1964,0,0,0,,0,001,"TELEGRAPH RD","NORWALK BL",28.00,E,N,A,-,N,,,,,,,,,,N,4,0,1,2,A,-,01,23152,A,N,C,C,A,A,H,-,A,A,0,,,,,Y,Y,A,01,0,0,1,0,0,0,0,0,0,"- ","- ",,,"LOS ANGELES","SANTA FE SPRINGS",-118.07262904,33.941977870000002
8438087,2017,2017-08-28,1900,2017-07-16,1808,520746,0451,7,5,6,1949,0,0,0,,0,43T1P,"STUDEBAKER RD","KENNEY ST",528.00,S,N,A,-,N,,,,,,,,,,Y,3,0,2,3,A,-,01,23152,A,N,C,E,E,A,H,-,A,D,0,Y,,,,Y,Y,A,01,0,2,0,0,1,0,0,0,0,"- ","- ",,,"LOS ANGELES",NORWALK,-118.09932999999999,33.926532199999997
8438764,2017,2018-05-08,1931,2017-08-11,2040,5318,1931,5,5,5,1931,0,0,0,,0,004,"SANTA ANA ST","SAN CARLOS AV",16.00,W,N,A,-,N,,,,,,,,,,Y,4,0,1,4,A,-,01,23152,A,N,C,C,A,A,H,-,C,A,0,,,,,Y,Y,A,01,0,0,1,0,0,0,0,0,0,"- ","- ",,,"LOS ANGELES","HUNTINGTON PARK",-118.2024921,33.9625664
8439170,2017,2017-08-30,1900,2017-08-13,0210,465550,0622,7,5,6,1985,0,0,0,,0,60T1,"VALENCIA BL","CITRUS ST",700.00,E,N,A,-,N,,,,,,,,,,Y,3,0,4,1,A,-,01,23152,A,N,E,I,A,A,H,-,C,D,0,,,,,Y,Y,A,07,0,3,1,0,0,0,0,0,0,"- ","- ",,,"LOS ANGELES","SANTA CLARITA",-118.55224843000001,34.413474960000002
8439407,2017,2018-05-08,1900,2017-08-08,2316,517137,0975,2,5,4,1979,0,0,0,,0,91T1,"SANTA MONICA BL","CRESCENT HEIGHTS BL",0.00,,Y,A,-,N,,,,,,,,,,Y,4,0,1,4,A,-,01,23152,A,F,D,C,A,A,H,-,C,A,0,,,,,Y,Y,D,22,0,0,1,0,0,0,0,0,0,"- ","- ",,,"LOS ANGELES","WEST HOLLYWOOD",-118.36594008,34.090790120000001