CASE_ID,ACCIDENT_YEAR,PROC_DATE,JURIS,COLLISION_DATE,COLLISION_TIME,OFFICER_ID,REPORTING_DISTRICT,DAY_OF_WEEK,CHP_SHIFT,POPULATION,CNTY_CITY_LOC,SPECIAL_COND,BEAT_TYPE,CHP_BEAT_TYPE,CITY_DIVISION_LAPD,CHP_BEAT_CLASS,BEAT_NUMBER,PRIMARY_RD,SECONDARY_RD,DISTANCE,DIRECTION,INTERSECTION,WEATHER_1,WEATHER_2,STATE_HWY_IND,CALTRANS_COUNTY,CALTRANS_DISTRICT,STATE_ROUTE,ROUTE_SUFFIX,POSTMILE_PREFIX,POSTMILE,LOCATION_TYPE,RAMP_INTERSECTION,SIDE_OF_HWY,TOW_AWAY,COLLISION_SEVERITY,NUMBER_KILLED,NUMBER_INJURED,PARTY_COUNT,PRIMARY_COLL_FACTOR,PCF_CODE_OF_VIOL,PCF_VIOL_CATEGORY,PCF_VIOLATION,PCF_VIOL_SUBSECTION,HIT_AND_RUN,TYPE_OF_COLLISION,MVIW,PED_ACTION,ROAD_SURFACE,ROAD_COND_1,ROAD_COND_2,LIGHTING,CONTROL_DEVICE,CHP_ROAD_TYPE,PEDESTRIAN_ACCIDENT,BICYCLE_ACCIDENT,MOTORCYCLE_ACCIDENT,TRUCK_ACCIDENT,NOT_PRIVATE_PROPERTY,ALCOHOL_INVOLVED,STWD_VEHTYPE_AT_FAULT,CHP_VEHTYPE_AT_FAULT,COUNT_SEVERE_INJ,COUNT_VISIBLE_INJ,COUNT_COMPLAINT_PAIN,COUNT_PED_KILLED,COUNT_PED_INJURED,COUNT_BICYCLIST_KILLED,COUNT_BICYCLIST_INJURED,COUNT_MC_KILLED,COUNT_MC_INJURED,PRIMARY_RAMP,SECONDARY_RAMP,LATITUDE,LONGITUDE,COUNTY,CITY,POINT_X,POINT_Y
8500782,2017,2017-12-06,1942,2017-10-31,2130,25495,2015,2,5,7,1942,0,0,0,,0,7T23,"BEVERLY BL","BERENDO ST",0.00,,Y,A,-,N,,,,,,,,,,Y,2,0,1,2,A,-,09,21801,A,N,D,C,A,A,H,-,C,D,0,,,Y,,Y,Y,A,01,1,0,0,0,0,0,0,0,1,"- ","- ",,,"LOS ANGELES","LOS ANGELES",-118.29443001999999,34.076310030000002
8501301,2017,2017-12-08,1942,2017-10-07,1930,36286,2033,6,5,7,1942,0,0,0,,0,20A45,"VERMONT AV","9TH ST",10.00,N,N,A,-,N,,,,,,,,,,N,4,0,1,2,A,-,08,22107,,N,B,C,A,A,H,-,C,A,0,,,,,Y,Y,A,01,0,0,1,0,0,0,0,0,0,"- ","- ",,,"LOS ANGELES","LOS ANGELES",,
8501910,2017,2017-12-13,1942,2017-10-24,2246,39759,0265,2,5,7,1942,0,0,0,B,0,2A75,"W 8TH ST","S WESTLAKE AV",0.00,,Y,A,-,N,,,,,,,,,,N,3,0,1,2,A,-,11,21456,B,N,G,B,B,A,H,-,C,A,0,Y,,,,Y,Y,N,60,0,1,0,0,1,0,0,0,0,"- ","- ",,,"LOS ANGELES","LOS ANGELES",-118.27667006,34.05436006
8503549,2017,2017-12-08,1941,2017-11-11,1709,10842,,6,5,7,1941,0,0,0,,0,,"PACIFIC AV","28TH ST",49.00,N,N,A,-,N,,,,,,,,,,Y,4,0,1,3,A,-,07,21658,A,N,C,E,A,A,H,-,B,D,0,,,,,Y,Y,A,,0,0,1,0,0,0,0,0,0,"- ","- ",,,"LOS ANGELES","LONG BEACH",-118.19372,33.808144380000002
8503797,2017,2018-06-08,1900,2017-11-30,0819,509080,0522,4,5,4,1971,0,0,0,,0,53T1AM,"ROSEMEAD BL","PENTLAND ST",565.00,S,N,A,-,N,,,,,,,,,,Y,3,0,1,2,A,-,01,23152,A,N,C,C,A,A,H,-,A,D,0,,,,,Y,Y,A,01,0,1,0,0,0,0,0,0,0,"- ","- ",34.09563,-118.07329,"LOS ANGELES","TEMPLE CITY",-118.07330259,34.091860930000003
8503914,2017,2018-07-09,1900,2017-12-08,0010,545759,2608,5,5,6,1950,0,0,0,,0,262T1,"RT 138","22ND ST EAST",345.00,W,N,A,-,Y,LA,7,138,-,-,45.900,H,-,E,Y,2,0,3,1,A,-,03,22350,,N,E,I,A,A,H,-,C,D,0,,,,,Y,Y,A,01,1,1,1,0,0,0,0,0,0,"- ","- ",,,"LOS ANGELES",PALMDALE,-118.09083674999999,34.580104499999997
8503939,2017,2018-07-09,1900,2017-12-03,0238,523109,2611,7,5,6,1950,0,0,0,,0,260T1,"RT 138","DIVISION ST",0.00,,Y,A,-,Y,LA,7,138,-,-,43.681,I,5,W,Y,3,0,1,2,A,-,01,23152,A,N,D,C,A,A,H,-,C,A,0,,,,,Y,Y,A,01,0,1,0,0,0,0,0,0,0,"- ","- ",,,"LOS ANGELES",PALMDALE,-118.12954252,34.579825390000003
8504381,2017,2018-06-27,1976,2017-12-21,0313,442,,4,5,5,1976,0,0,0,,0,002,"PAINTER AV","HIGH ST",12.00,N,N,A,-,Y,LA,7,72,-,-,3.650,I,6,N,Y,2,0,1,1,A,-,01,23152,A,N,E,I,A,A,H,-,C,D,0,,,,,Y,Y,A,01,1,0,0,0,0,0,0,0,0,"- ","- ",,,"LOS ANGELES",WHITTIER,-118.03263275,33.963184470000002
8505866,2017,2017-12-06,1942,2017-10-21,1200,42601,1211,6,5,7,1942,0,0,0,L,0,12A45,"11TH AV","57TH ST",0.00,,Y,A,-,N,,,,,,,,,,N,3,0,2,3,A,-,10,21950,A,F,B,B,B,A,H,-,A,D,0,Y,,,,Y,Y,-,99,0,2,0,0,2,0,0,0,0,"- ","- ",,,"LOS ANGELES","LOS ANGELES",-118.32942,33.990879999999997
8506150,2017,2017-12-06,1920,2017-10-21,1859,12611,,6,5,6,1920,0,0,0,,0,004,"FLORENCE AV","LITTLE LAKE RD",100.00,E,N,A,-,N,,,,,,,,,,N,4,0,1,3,A,-,03,22350,,N,C,C,A,A,H,-,C,A,0,,,,,Y,Y,-,,0,0,1,0,0,0,0,0,0,"- ","- ",,,"LOS ANGELES",DOWNEY,-118.09873437,33.938080560000003
8506576,2017,2017-12-08,1942,2017-10-23,1917,39759,0422,1,5,7,1942,0,0,0,D,0,4A15,"DALY ST","DARWIN AV",64.00,S,N,A,-,N,,,,,,,,,,N,3,0,1,2,A,-,11,21954,A,N,G,B,D,A,H,-,C,D,0,Y,,,,Y,Y,N,60,0,1,0,0,1,0,0,0,0,"- ","- ",,,"LOS ANGELES","LOS ANGELES",-118.21549781,34.067344499999997
8506818,2017,2017-12-08,1942,2017-11-11,1400,41858,0635,6,5,7,1942,0,0,0,F,0,8TL26,"N CAHUENGA BL","CAHUENGA TR",130.00,N,N,A,-,N,,,,,,,,,,Y,3,0,1,6,A,-,01,23152,A,N,F,C,A,A,H,-,A,D,0,,,Y,,Y,Y,A,01,0,1,0,0,0,0,0,0,0,"- ","- ",,,"LOS ANGELES","LOS ANGELES",-118.33540684,34.112500529999998
8507298,2017,2017-12-18,1942,2017-11-03,2045,42492,832,5,5,7,1942,0,0,0,,0,8A29,"BARRINGTON AV",GORHAM,17.00,S,N,A,-,N,,,,,,,,,,Y,3,0,1,2,A,-,09,21801,A,N,A,C,A,A,H,-,C,D,0,,,,,Y,Y,A,01,0,1,0,0,0,0,0,0,0,"- ","- ",,,"LOS ANGELES","LOS ANGELES",-118.46600162999999,34.05399602
8507538,2017,2017-12-18,1942,2017-11-23,1140,34599,1061,4,5,7,1942,0,0,0,J,0,10A83,"VENTURA BL","TAMPA AV",30.00,E,N,A,-,N,,,,,,,,,,N,4,0,1,2,A,-,03,22350,,N,C,C,A,A,H,-,A,A,0,,,,,Y,Y,A,01,0,0,1,0,0,0,0,0,0,"- ","- ",,,"LOS ANGELES","LOS ANGELES",-118.55337101000001,34.172638130000003
8507636,2017,2017-12-15,1941,2017-11-19,2145,10930,,7,5,7,1941,0,0,0,,0,,"ANAHEIM ST","ALAMITOS AV",0.00,,Y,A,-,N,,,,,,,,,,Y,4,0,1,2,A,-,12,21453,A,F,D,C,A,A,H,-,C,A,0,,,,,Y,Y,A,,0,0,1,0,0,0,0,0,0,"- ","- ",,,"LOS ANGELES","LONG BEACH",-118.17797013000001,33.782610079999998
8509094,2017,2017-12-15,1942,2017-11-29,0815,42746,0901,3,5,7,1942,0,0,0,I,0,9A63,"SEPULVEDA BL",VALERIO,15.00,E,N,A,-,N,,,,,,,,,,N,4,0,1,2,A,-,03,22350,,F,D,C,A,A,H,-,A,D,0,,,,,Y,Y,-,99,0,0,1,0,0,0,0,0,0,"- ","- ",,,"LOS ANGELES","LOS ANGELES",-118.46621,34.204839999999997
8509096,2017,2017-12-19,1942,2017-11-22,1715,39703,1798,3,5,7,1942,0,0,0,Q,0,17A95,"NORDHOFF ST","COLLETT AV",0.00,,Y,A,-,N,,,,,,,,,,N,4,0,1,2,A,-,09,21801,A,N,D,C,A,A,H,-,B,A,0,,,,,Y,Y,A,08,0,0,1,0,0,0,0,0,0,"- ","- ",,,"LOS ANGELES","LOS ANGELES",-118.48404003,34.235620040000001
8509885,2017,2018-03-13,1942,2017-11-11,2100,42435,1362,6,5,7,1942,0,0,0,M,0,,51ST,AVALON,295.00,E,N,A,-,N,,,,,,,,,,N,4,0,1,3,A,-,17,21657,,M,A,C,A,A,-,-,C,D,0,,,,,Y,Y,-,99,0,0,1,0,0,0,0,0,0,"- ","- ",,,"LOS ANGELES","LOS ANGELES",-118.26425869000001,33.99656323
8510987,2017,2018-01-19,1976,2017-11-21,1230,851,,2,5,5,1976,0,0,0,,0,,"GREENLEAF AV","WILSHIRE DR",97.00,N,N,A,-,N,,,,,,,,,,Y,4,0,1,4,A,-,01,23152,A,N,C,E,A,A,H,-,A,D,0,,,,,Y,Y,A,07,0,0,1,0,0,0,0,0,0,"- ","- ",,,"LOS ANGELES",WHITTIER,-118.04096568,33.961824329999999
8511380,2017,2017-12-28,1900,2017-09-08,1200,620747,1321,5,5,5,1935,0,0,0,,0,133T2,"SOUTH ST","WOODRUFF BL",313.00,W,N,A,-,N,,,,,,,,,,Y,4,0,1,5,A,-,01,23152,A,N,B,E,A,A,H,-,A,D,0,,,,,Y,Y,A,01,0,0,1,0,0,0,0,0,0,"- ","- ",,,"LOS ANGELES",LAKEWOOD,-118.11808025000001,33.858419490000003
8511662,2017,2017-12-21,1942,2017-11-30,1815,42929,0932,4,5,7,1942,0,0,0,I,0,3A32,"VERNON AV","ARLINGTON AV",0.00,,Y,A,-,N,,,,,,,,,,N,3,0,1,2,A,-,10,21950,A,N,G,B,B,A,H,-,C,A,0,Y,,,,Y,Y,A,01,0,1,0,0,1,0,0,0,0,"- ","- ",,,"LOS ANGELES","LOS ANGELES",-118.31822006,34.003700049999999
8511667,2017,2017-12-21,1942,2017-11-18,1900,41870,0358,6,5,7,1942,0,0,0,C,0,25T27,"JEFFERSON BL","CATALINA ST",300.00,E,N,A,-,N,,,,,,,,,,N,4,0,3,2,A,-,04,21703,,N,C,C,A,A,H,-,C,D,0,,,,,Y,Y,A,01,0,0,3,0,0,0,0,0,0,"- ","- ",,,"LOS ANGELES","LOS ANGELES",-118.29271184,34.025509999999997
8511672,2017,2018-03-15,1942,2017-11-26,0012,42293,0361,7,5,7,1942,0,0,0,C,0,25E12,"LA BREA AV","VERONICA ST",155.00,S,N,A,-,N,,,,,,,,,,Y,4,0,2,2,A,-,03,22350,,N,B,C,A,A,H,-,C,D,0,,,,,Y,Y,-,"- ",0,0,2,0,0,0,0,0,0,"- ","- ",,,"LOS ANGELES","LOS ANGELES",-118.355638,34.01243848
8513232,2017,2018-01-20,1942,2017-12-07,2330,37644,0402,4,5,7,1942,0,0,0,D,0,4A3,"MONTECITO DR","MONTECITO DR 548",0.00,,N,A,-,N,,,,,,,,,,Y,4,0,1,1,A,-,03,22350,,N,F,I,A,A,-,-,C,D,0,,,,,Y,Y,A,01,0,0,1,0,0,0,0,0,0,"- ","- ",,,"LOS ANGELES","LOS ANGELES",,
8513429,2017,2018-02-20,1942,2017-12-24,1245,43042,1152,7,5,7,1942,0,0,0,K,0,11A58,"HILLHURST AV","CLAYTON AV",0.00,,Y,A,-,N,,,,,,,,,,Y,4,0,2,3,A,-,01,23152,A,N,D,C,A,A,H,-,A,A,0,,,,,Y,Y,-,,0,0,2,0,0,0,0,0,0,"- ","- ",,,"LOS ANGELES","LOS ANGELES",-118.28740010999999,34.099980029999998
8513583,2017,2018-02-05,1955,2017-12-11,2035,42045,67,1,5,6,1955,0,0,0,,0,001,"VALLEY BL","VALLEY BL 4200 BLK",0.00,,-,A,-,N,,,,,,,,,,Y,2,0,1,1,A,-,00,26152,A,N,E,I,A,A,H,-,C,A,0,,,,,Y,Y,A,01,1,0,0,0,0,0,0,0,0,"- ","- ",34.035960000000003,-117.82504,"LOS ANGELES",POMONA,,
8514354,2017,2017-12-19,1941,2017-11-29,2042,6152,,3,5,7,1941,0,0,0,,0,,BROADWAY,"OBISPO AV",10.00,E,N,A,-,N,,,,,,,,,,N,3,0,1,2,A,-,10,21950,C,F,G,B,D,A,H,-,C,A,0,Y,,,,Y,Y,A,,0,1,0,0,1,0,0,0,0,"- ","- ",,,"LOS ANGELES","LONG BEACH",-118.15456835000001,33.764572700000002
8514698,2017,2017-12-20,1942,2017-02-02,0145,42812,1309,4,5,7,1942,0,0,0,M,0,13X43,"OLYMPIC BL","SANTA FE",0.00,,Y,A,-,N,,,,,,,,,,Y,4,0,1,2,A,-,01,23152,A,N,D,D,A,A,H,-,C,A,0,,,,Y,Y,Y,A,07,0,0,1,0,0,0,0,0,0,"- ","- ",,,"LOS ANGELES","LOS ANGELES",-118.22994004,34.025620119999999
8515183,2017,2017-12-20,1922,2017-11-11,1949,690,,6,5,6,1922,0,0,0,,0,,"PECK RD","HALLWOOD DR",30.00,N,N,A,-,N,,,,,,,,,,Y,3,0,1,4,A,-,01,23152,A,N,C,E,A,A,H,-,C,D,0,,,,,Y,Y,A,07,0,1,0,0,0,0,0,0,0,"- ","- ",34.093769999999999,-118.01309999999999,"LOS ANGELES","EL MONTE",-118.01315584,34.09380359
8515622,2017,2017-12-21,1942,2017-12-02,2200,40857,1764,6,5,7,1942,0,0,0,Q,0,17A67,"PLUMMER ST","TAMPA AV",760.00,W,N,A,-,N,,,,,,,,,,N,3,0,1,2,B,-,22,,,N,G,B,E,A,H,-,D,D,0,Y,,,,Y,Y,A,01,0,1,0,0,1,0,0,0,0,"- ","- ",,,"LOS ANGELES","LOS ANGELES",-118.55610041,34.242730000000002
8516634,2017,2018-01-10,1920,2017-11-24,1253,12605,DOWNE,5,5,6,1920,0,0,0,,0,003,"IRWINGROVE DR","RIVES AV",170.00,E,N,A,-,N,,,,,,,,,,N,3,0,1,2,A,-,11,21954,A,N,G,B,E,A,H,-,A,D,0,Y,,,,Y,Y,N,60,0,1,0,0,1,0,0,0,0,"- ","- ",,,"LOS ANGELES",DOWNEY,-118.13497448,33.953814469999998
8516638,2017,2018-01-10,1920,2017-11-22,0043,12510,,3,5,6,1920,0,0,0,,0,004,"WOODRUFF AV","GOTHAM ST",75.00,N,N,A,-,N,,,,,,,,,,Y,3,0,1,2,A,-,01,23152,A,N,C,E,A,A,H,-,C,A,0,,,,,Y,Y,A,01,0,1,0,0,0,0,0,0,0,"- ","- ",,,"LOS ANGELES",DOWNEY,-118.11350311,33.939871109999999
8517282,2017,2018-02-06,1942,2017-12-07,2115,41158,1589,4,5,7,1942,0,0,0,O,0,15A67,"FOREST LAWN DR","COYOTE CANYON RD",3030.00,E,N,A,-,N,,,,,,,,,,Y,3,0,3,3,A,-,01,23152,A,N,A,C,A,A,H,-,C,A,0,,,,,Y,Y,A,01,0,2,1,0,0,0,0,0,0,"- ","- ",,,"LOS ANGELES","LOS ANGELES",-118.32985660999999,34.148756689999999
8517306,2017,2018-02-06,1942,2017-12-08,0215,36336,1596,5,5,7,1942,0,0,0,O,0,15A85,"VINELAND AV","FRUITLAND DR",151.00,,N,A,-,N,,,,,,,,,,Y,3,0,2,7,A,-,01,23152,A,F,A,E,A,A,H,-,C,D,0,,,,,Y,Y,A,01,0,1,1,0,0,0,0,0,0,"- ","- ",,,"LOS ANGELES","LOS ANGELES",-118.37023000000001,34.139310020000003
8517683,2017,2018-01-10,1901,2017-11-24,1400,276,10,5,5,5,1901,0,0,0,,0,002,"GARFIELD AV","SAN MARINO AV",146.00,S,N,A,-,N,,,,,,,,,,Y,3,0,3,4,A,-,03,22350,A,N,C,C,A,-,H,-,A,A,0,,,,,Y,Y,A,01,0,2,1,0,0,0,0,0,0,"- ","- ",,,"LOS ANGELES",ALHAMBRA,-118.12306613,34.082369669999999
8519451,2017,2018-01-03,1941,2017-12-08,2020,5690,,5,5,7,1941,0,0,0,,0,,"SAN ANTONIO DR","LA DERA DR",60.00,E,N,-,-,N,,,,,,,,,,Y,4,0,1,2,A,-,03,22350,,N,C,C,A,A,H,-,C,D,0,,,,,Y,Y,A,,0,0,1,0,0,0,0,0,0,"- ","- ",,,"LOS ANGELES","LONG BEACH",-118.17964367,33.83978836
8519686,2017,2018-01-03,1900,2017-10-13,2034,536405,0332,5,5,4,1939,0,0,0,,0,35T1,"INGLEWOOD AV","147TH ST",0.00,,Y,A,-,N,,,,,,,,,,Y,2,0,2,2,D,-,00,,,N,A,C,A,A,H,-,C,A,0,,,Y,,Y,Y,-,"- ",2,0,0,0,0,0,0,0,2,"- ","- ",,,"LOS ANGELES",LAWNDALE,-118.36131008,33.898290099999997
8519836,2017,2018-01-05,1900,2017-12-15,2105,543272,2825,5,5,5,1915,0,0,0,,0,281T1,"ORCHARD ST","BRADFIELD AV",194.00,E,N,A,-,N,,,,,,,,,,Y,4,0,1,4,A,-,01,23153,A,F,B,C,A,A,H,-,C,D,0,,,,,Y,Y,A,01,0,0,1,0,0,0,0,0,0,"- ","- ",,,"LOS ANGELES",COMPTON,-118.20210624000001,33.910337849999998
8520419,2017,2017-12-26,1900,2017-12-07,0132,602259,0456,4,5,6,1949,0,0,0,,0,45A,"SHOEMAKER AV","ALONDRA BL",400.00,N,N,A,-,N,,,,,,,,,,Y,4,0,1,2,A,-,03,22350,,F,C,C,A,A,H,-,C,D,0,,,,,Y,Y,-,99,0,0,1,0,0,0,0,0,0,"- ","- ",,,"LOS ANGELES",NORWALK,-118.05536169,33.888836429999998
8520646,2017,2017-12-29,1942,2017-11-03,1945,43002,1449,5,5,7,1942,0,0,0,N,0,14A27,VENICE,MCLAUGHLIN,200.00,E,N,A,-,N,,,,,,,,,,Y,4,0,1,3,A,-,01,23152,A,N,C,C,A,A,H,-,C,A,0,,,,,Y,Y,A,01,0,0,1,0,0,0,0,0,0,"- ","- ",,,"LOS ANGELES","LOS ANGELES",-118.42410617,34.009029560000002
8521042,2017,2018-01-04,1969,2017-12-01,1942,10216,PATRO,5,5,5,1969,0,0,0,,0,002,"LONG BEACH BL","TWEEDY BL",5.00,N,N,A,-,N,,,,,,,,,,N,3,0,1,3,A,-,11,21456,B,N,D,B,B,A,H,-,C,A,0,Y,,,,Y,Y,N,60,0,1,0,0,1,0,0,0,0,"- ","- ",,,"LOS ANGELES","SOUTH GATE",-118.21616415,33.945363270000001
8521070,2017,2018-01-04,1955,2017-11-04,0220,42194,5,6,5,6,1955,0,0,0,,0,004,"GAREY AV","3RD ST",0.00,,Y,A,-,N,,,,,,,,,,Y,2,0,1,2,A,-,12,21453,A,N,G,B,B,A,-,-,C,A,0,Y,,,,Y,Y,-,"- ",1,0,0,0,1,0,0,0,0,"- ","- ",,,"LOS ANGELES",POMONA,-117.75014002,34.056890029999998
8521358,2017,2018-01-19,1900,2017-12-22,2127,52749,1613,5,5,5,1977,0,0,0,,0,160T,"VICTORIA ST","WILMINGTON AV",52.00,W,N,A,-,N,,,,,,,,,,Y,3,0,1,2,A,-,01,23152,A,N,C,C,A,A,H,-,C,A,0,,,,Y,Y,Y,A,07,0,1,0,0,0,0,0,0,0,"- ","- ",,,"LOS ANGELES",CARSON,-118.23583085,33.867834969999997
8521648,2017,2017-12-28,1905,2017-11-20,0318,1164,12,1,5,4,1905,0,0,0,,0,002,"ANGELENO AV","3RD ST",141.00,S,N,A,-,N,,,,,,,,,,Y,3,0,1,2,A,-,01,23152,A,N,B,E,A,A,H,-,C,A,0,,,,,Y,Y,A,01,0,1,0,0,0,0,0,0,0,"- ","- ",,,"LOS ANGELES",AZUSA,-117.91021000000001,34.125833460000003
8522082,2017,2018-01-10,1953,2017-12-15,0932,9511,1953,5,5,6,1953,0,0,0,,0,003,"VILLA ST","MAR VISTA AV",0.00,,Y,A,-,N,,,,,,,,,,N,3,0,1,2,A,-,09,21801,A,N,G,B,B,A,H,-,A,D,0,Y,,,,Y,Y,-,"- ",0,1,0,0,1,0,0,0,0,"- ","- ",,,"LOS ANGELES",PASADENA,-118.12677001,34.154320009999999
8522239,2017,2018-01-12,1942,2017-12-06,1230,42852,0979,3,5,7,1942,0,0,0,I,0,9A23W2,"COLD WATER CANYON","RT 101",10.00,W,N,A,-,N,,,,,,,,,,Y,4,0,1,2,A,-,09,21801,A,N,D,-,A,A,H,-,A,A,0,,,,Y,Y,Y,-,"- ",0,0,1,0,0,0,0,0,0,"- ","- ",,,"LOS ANGELES","LOS ANGELES",-118.41379000000001,34.156829999999999
8522243,2017,2018-01-04,1942,2017-12-02,2250,42017,0456,6,5,7,1942,0,0,0,D,0,4A15W3,"SOTO ST","MALABAR ST",0.00,,Y,A,-,N,,,,,,,,,,Y,3,0,3,2,A,-,01,23152,A,N,D,C,A,A,H,-,C,D,0,,,,,Y,Y,A,07,0,2,1,0,0,0,0,0,0,"- ","- ",,,"LOS ANGELES","LOS ANGELES",-118.20555002,34.050360019999999
8522463,2017,2018-01-05,1942,2017-12-01,1615,36553,1497,5,5,7,1942,0,0,0,N,0,14TL52,"IMPERIAL HWY","MAIN ST",7750.00,W,N,A,-,N,,,,,,,,,,Y,3,0,2,2,A,-,01,23152,A,N,E,J,A,A,H,-,A,A,0,,,,,Y,Y,A,07,0,1,1,0,0,0,0,0,0,"- ","- ",,,"LOS ANGELES","LOS ANGELES",-118.43499,33.930880000000002
8522621,2017,2018-06-08,1942,2017-11-04,0100,38698,1841,6,5,7,1942,0,0,0,R,0,18A97,"IMPERIAL HWY",BROADWAY,0.00,,Y,A,-,N,,,,,,,,,,N,3,0,1,3,A,-,12,21453,A,N,A,C,A,A,H,-,C,A,0,,,,,Y,Y,-,"- ",0,1,0,0,0,0,0,0,0,"- ","- ",,,"LOS ANGELES","LOS ANGELES",-118.27846004,33.931010020000002
8522986,2017,2018-01-11,1942,2017-12-09,1155,42853,0479,6,5,7,1942,0,0,0,D,0,HOBK,"CALZONA ST","WHITTIER BL",16.00,S,N,A,-,N,,,,,,,,,,Y,2,0,1,3,A,-,09,21801,A,N,D,D,A,A,H,-,A,D,0,,,,,Y,Y,A,01,1,0,0,0,0,0,0,0,0,"- ","- ",,,"LOS ANGELES","LOS ANGELES",-118.1931558,34.024301739999999
8523003,2017,2018-01-19,1901,2017-12-02,1347,281,16,6,5,5,1901,0,0,0,,0,004,FREMONT,HELLMAN,12.00,N,N,A,-,N,,,,,,,,,,Y,4,0,1,2,A,-,01,23153,A,F,C,C,A,A,H,-,A,A,0,,,,,Y,Y,A,01,0,0,1,0,0,0,0,0,0,"- ","- ",,,"LOS ANGELES",ALHAMBRA,-118.15178328,34.069662790000002
8523135,2017,2018-01-10,1941,2017-12-17,1922,10766,,7,5,7,1941,0,0,0,,0,,"ANAHEIM ST","PARK AV",0.00,,Y,A,-,N,,,,,,,,,,Y,4,0,1,2,A,-,07,21658,A,N,A,-,A,A,H,-,C,A,0,,,,,Y,Y,A,,0,0,1,0,0,0,0,0,0,"- ","- ",,,"LOS ANGELES","LONG BEACH",-118.14052012000001,33.782590050000003
8523779,2017,2018-01-03,1942,2017-11-20,2230,40730,1362,1,5,7,1942,0,0,0,M,0,13A61,"AVALON BL","EAST 49TH ST",0.00,,Y,A,-,N,,,,,,,,,,Y,4,0,2,2,A,-,12,21453,A,N,D,C,A,A,H,-,C,A,0,,,,,Y,Y,A,01,0,0,2,0,0,0,0,0,0,"- ","- ",,,"LOS ANGELES","LOS ANGELES",-118.26524006,33.998810050000003
8524630,2017,2018-01-12,1922,2017-12-11,0049,650,,1,5,6,1922,0,0,0,,0,001,"FOREST GROVE ST","BRYANT RD",215.00,S,N,A,-,N,,,,,,,,,,N,3,0,1,3,A,-,01,23152,A,N,C,E,A,A,H,-,C,D,0,,,,,Y,Y,A,08,0,1,0,0,0,0,0,0,0,"- ","- ",,,"LOS ANGELES","EL MONTE",-118.01602255,34.076456559999997
8525839,2017,2018-01-05,1941,2017-12-12,0234,10744,,2,5,7,1941,0,0,0,,0,,"OBISPO AV","6TH ST",0.00,,Y,A,-,N,,,,,,,,,,Y,3,0,1,1,A,-,01,23152,A,N,E,I,A,A,H,-,C,A,0,,,Y,,Y,Y,C,,0,1,0,0,0,0,0,0,1,"- ","- ",,,"LOS ANGELES","LONG BEACH",-118.15462002,33.77351007
8526206,2017,2018-01-11,1900,2017-12-17,2015,551344,2821,7,5,5,1915,0,0,0,,0,283T1,"SANTA FE AV","ROSECRANS AV",308.00,N,N,A,-,N,,,,,,,,,,Y,4,0,1,2,A,-,21,22106,,N,D,C,A,A,H,-,C,D,0,,,,,Y,Y,A,01,0,0,1,0,0,0,0,0,0,"- ","- ",,,"LOS ANGELES",COMPTON,-118.21632,33.904284599999997
8526875,2017,2018-01-10,1962,2017-12-25,1952,144,1962,1,5,4,1962,0,0,0,,0,022,"S SAN GABRIEL BL","E LAS TUNAS DR",308.00,S,N,A,-,N,,,,,,,,,,Y,4,0,1,2,A,-,08,22107,,N,C,E,A,A,H,-,C,A,0,,,,,Y,Y,A,01,0,0,1,0,0,0,0,0,0,"- ","- ",,,"LOS ANGELES","SAN GABRIEL",-118.09101,34.102575530000003
8527631,2017,2018-01-11,1942,2017-12-14,1755,43027,2158,4,5,7,1942,0,0,0,,0,21A2,"CANOGA AV",VICTORY,368.00,S,N,A,-,N,,,,,,,,,,N,2,0,1,2,A,-,08,22107,,N,E,B,A,A,H,-,C,D,0,,Y,,,Y,Y,A,01,1,0,0,0,0,0,1,0,0,"- ","- ",,,"LOS ANGELES","LOS ANGELES",-118.59754,34.187366570000002
8527667,2017,2018-01-17,1942,2017-12-17,1700,38669,1994,7,5,7,1942,0,0,0,,0,19A93,"WILLIS AV","ROSCOE BL",0.00,,Y,A,-,N,,,,,,,,,,N,3,0,1,2,A,-,10,21954,B,N,G,B,B,A,H,-,C,A,0,Y,,,,Y,Y,A,01,0,1,0,0,1,0,0,0,0,"- ","- ",,,"LOS ANGELES","LOS ANGELES",-118.45533,34.22149005
8528608,2017,2018-01-29,1942,2017-12-16,2000,40325,1871,6,5,7,1942,0,0,0,R,0,18A97,"VERMONT AV","149TH ST",164.00,,N,A,-,N,,,,,,,,,,N,2,0,1,2,A,-,12,21453,A,N,D,G,A,A,H,-,C,A,0,,Y,,,Y,Y,A,01,1,0,0,0,0,0,1,0,0,"- ","- ",,,"LOS ANGELES","LOS ANGELES",,
8529595,2017,2018-01-17,1900,2017-12-02,2049,516545,1327,6,5,5,1935,0,0,0,,0,132T1,"MASSINGER ST","ALBURTIS AV",10.00,W,N,A,-,N,,,,,,,,,,N,4,0,1,1,A,-,01,23152,A,N,F,A,A,A,H,-,C,D,0,,,Y,,Y,Y,C,02,0,0,1,0,0,0,0,0,1,"- ","- ",,,"LOS ANGELES",LAKEWOOD,-118.08385285,33.837239199999999
8529992,2017,2018-01-19,1942,2017-12-24,0540,42494,0374,7,5,7,1942,0,0,0,C,0,3A1,"ARLINGTON AV","39TH ST",5.00,W,N,A,-,N,,,,,,,,,,Y,4,0,1,2,A,-,01,23152,A,N,C,C,A,A,H,-,C,A,0,,,,,Y,Y,A,01,0,0,1,0,0,0,0,0,0,"- ","- ",,,"LOS ANGELES","LOS ANGELES",,
8530299,2018,2018-01-25,1900,2018-01-09,2246,446779,0464,2,5,4,1936,0,0,0,,0,46T1,"LA MIRADA BL","ROSECRANS AV",145.00,S,N,A,-,N,,,,,,,,,,Y,4,0,1,3,A,-,01,23152,A,N,B,C,A,B,H,-,C,A,0,,,,,Y,Y,A,01,0,0,1,0,0,0,0,0,0,"- ","- ",,,"LOS ANGELES","LA MIRADA",-118.01092529296875,33.898120880126953