CASE_ID,ACCIDENT_YEAR,PROC_DATE,JURIS,COLLISION_DATE,COLLISION_TIME,OFFICER_ID,REPORTING_DISTRICT,DAY_OF_WEEK,CHP_SHIFT,POPULATION,CNTY_CITY_LOC,SPECIAL_COND,BEAT_TYPE,CHP_BEAT_TYPE,CITY_DIVISION_LAPD,CHP_BEAT_CLASS,BEAT_NUMBER,PRIMARY_RD,SECONDARY_RD,DISTANCE,DIRECTION,INTERSECTION,WEATHER_1,WEATHER_2,STATE_HWY_IND,CALTRANS_COUNTY,CALTRANS_DISTRICT,STATE_ROUTE,ROUTE_SUFFIX,POSTMILE_PREFIX,POSTMILE,LOCATION_TYPE,RAMP_INTERSECTION,SIDE_OF_HWY,TOW_AWAY,COLLISION_SEVERITY,NUMBER_KILLED,NUMBER_INJURED,PARTY_COUNT,PRIMARY_COLL_FACTOR,PCF_CODE_OF_VIOL,PCF_VIOL_CATEGORY,PCF_VIOLATION,PCF_VIOL_SUBSECTION,HIT_AND_RUN,TYPE_OF_COLLISION,MVIW,PED_ACTION,ROAD_SURFACE,ROAD_COND_1,ROAD_COND_2,LIGHTING,CONTROL_DEVICE,CHP_ROAD_TYPE,PEDESTRIAN_ACCIDENT,BICYCLE_ACCIDENT,MOTORCYCLE_ACCIDENT,TRUCK_ACCIDENT,NOT_PRIVATE_PROPERTY,ALCOHOL_INVOLVED,STWD_VEHTYPE_AT_FAULT,CHP_VEHTYPE_AT_FAULT,COUNT_SEVERE_INJ,COUNT_VISIBLE_INJ,COUNT_COMPLAINT_PAIN,COUNT_PED_KILLED,COUNT_PED_INJURED,COUNT_BICYCLIST_KILLED,COUNT_BICYCLIST_INJURED,COUNT_MC_KILLED,COUNT_MC_INJURED,PRIMARY_RAMP,SECONDARY_RAMP,LATITUDE,LONGITUDE,COUNTY,CITY,POINT_X,POINT_Y
8563734,2018,2018-03-02,1900,2018-02-18,2131,520671,2920,7,5,5,1990,0,0,0,,0,292T1,"GOLDEN SPRINGS DR","WILLOW CREEK RD",0.00,,Y,A,-,N,,,,,,,,,,N,4,0,1,2,A,-,01,23152,A,N,B,C,A,A,H,-,C,A,0,,,,,Y,Y,D,22,0,0,1,0,0,0,0,0,0,"- ","- ",,,"LOS ANGELES","DIAMOND BAR",-117.796630859375,34.031078338623047
8564394,2018,2018-03-09,1900,2018-02-22,0522,611143,1125,4,5,6,1992,0,0,0,,0,111T1,"15TH ST WEST","AVENUE I",0.00,,Y,A,-,N,,,,,,,,,,Y,3,0,1,2,A,-,12,22450,A,N,F,C,A,A,H,-,C,A,0,,,,,Y,Y,A,07,0,1,0,0,0,0,0,0,0,"- ","- ",,,"LOS ANGELES",LANCASTER,-118.15705108642578,34.704410552978516
8564478,2018,2018-02-26,1900,2018-01-28,0100,413834,2313,7,5,5,1919,0,0,0,,0,230T,"SOUTH ST","STUDEBAKER RD",0.00,,Y,A,-,N,,,,,,,,,,Y,3,0,1,2,A,-,12,21453,A,N,D,E,A,A,H,-,C,A,0,,,,,Y,Y,A,01,0,1,0,0,0,0,0,0,0,"- ","- ",,,"LOS ANGELES",CERRITOS,-118.09967041015625,33.858341217041016
8564659,2018,2018-03-01,1900,2018-02-11,0405,551435,1121,7,5,6,1992,0,0,0,,0,111T1,"AVENUE H","18TH ST WEST",300.00,E,N,A,-,N,,,,,,,,,,Y,3,0,1,1,A,-,03,22350,,N,E,I,A,A,H,-,C,D,0,,,,,Y,Y,A,01,0,1,0,0,0,0,0,0,0,"- ","- ",,,"LOS ANGELES",LANCASTER,-118.16155242919922,34.718666076660156
8564717,2018,2018-02-28,1900,2018-01-31,1121,510509,1127,3,5,6,1992,0,0,0,,0,111T4,"20TH ST WEST","AVENUE J-12",0.00,S,N,A,-,N,,,,,,,,,,Y,4,0,2,2,A,-,03,22350,,N,C,C,A,A,H,-,A,A,0,,,,,Y,Y,A,07,0,0,2,0,0,0,0,0,0,"- ","- ",,,"LOS ANGELES",LANCASTER,-118.16571044921875,34.6785888671875
8564985,2017,2018-03-01,1900,2017-03-26,1930,292808,0972,7,5,4,1979,0,0,0,,0,93T1,"ROBERTSON BL","SANTA MONICA BL",315.00,S,N,A,-,N,,,,,,,,,,Y,4,0,1,2,A,-,01,23152,A,F,G,B,E,A,H,-,A,D,0,Y,,,,Y,Y,A,01,0,0,1,0,1,0,0,0,0,"- ","- ",,,"LOS ANGELES","WEST HOLLYWOOD",-118.38551,34.083090949999999
8565753,2018,2018-03-12,1900,2018-02-10,1312,602445,2844,6,5,5,1915,0,0,0,,0,282K1,"POINSETTIA AV","ALONDRA BL",60.00,S,N,A,-,N,,,,,,,,,,Y,4,0,2,2,A,-,05,21651,A,N,A,C,A,A,H,-,A,D,0,,,,,Y,Y,A,07,0,0,2,0,0,0,0,0,0,"- ","- ",,,"LOS ANGELES",COMPTON,-118.20891571044922,33.888565063476562
8566401,2018,2018-03-12,1933,2018-01-31,2158,1019,23,3,5,6,1933,0,0,0,,0,002,"INGLEWOOD AV","93RD ST",0.00,,Y,A,-,N,,,,,,,,,,Y,3,0,1,2,A,-,01,23152,A,F,D,C,A,A,H,-,C,D,0,,,Y,,Y,Y,A,01,0,1,0,0,0,0,0,0,1,"- ","- ",33.951778411865234,-118.361328125,"LOS ANGELES",INGLEWOOD,-118.36135864257812,33.95172119140625
8566416,2018,2018-03-14,1900,2018-02-06,2357,454552,1260,2,5,3,1991,0,0,0,,0,121T1,"FOOTHILL BL","HILLARD AV",8.00,E,N,A,-,N,,,,,,,,,,Y,3,0,1,1,A,-,01,23152,A,N,A,I,A,A,H,-,C,A,0,,,,,Y,Y,A,01,0,1,0,0,0,0,0,0,0,"- ","- ",34.211589813232422,-118.21542358398438,"LOS ANGELES","LA CANADA-FLINTRIDGE",-118.21544647216797,34.211467742919922
8566866,2018,2018-03-16,1942,2018-02-11,2155,41072,2081,7,5,7,1942,0,0,0,,0,20A45,"ARLINGTON AV","17TH ST",40.00,N,N,A,-,N,,,,,,,,,,Y,3,0,1,3,A,-,01,23152,A,N,B,E,A,A,H,-,C,A,0,,,,,Y,Y,A,01,0,1,0,0,0,0,0,0,0,"- ","- ",,,"LOS ANGELES","LOS ANGELES",-118.31773,34.041922
8567196,2018,2018-06-20,1942,2018-02-17,2155,41778,0911,6,5,7,1942,0,0,0,I,0,9A89,"SEPULVEDA BL","SHERMAN WY",30.00,N,N,A,-,N,,,,,,,,,,N,4,0,2,3,A,-,04,21703,,N,C,C,A,A,-,-,C,A,0,,,,,Y,Y,D,22,0,0,2,0,0,0,0,0,0,"- ","- ",,,"LOS ANGELES","LOS ANGELES",-118.46620178222656,34.201332092285156
8567815,2018,2018-03-14,1942,2018-02-13,1745,38032,0667,2,5,7,1942,0,0,0,F,0,6A45,"VINE ST","WILLOUGHBY AV",25.00,S,N,A,-,N,,,,,,,,,,Y,4,0,1,2,A,-,01,23152,A,F,C,C,A,A,H,-,C,A,0,,,,,Y,Y,A,07,0,0,1,0,0,0,0,0,0,"- ","- ",,,"LOS ANGELES","LOS ANGELES",-118.32662200927734,34.087032318115234
8567845,2018,2018-03-19,1942,2018-03-02,2045,41921,0585,5,5,7,1942,0,0,0,E,0,5A1,"22ND ST","GAFFEY ST",450.00,E,N,A,-,N,,,,,,,,,,N,3,0,1,2,A,-,01,23152,A,N,B,E,A,A,H,-,C,D,0,,,,,Y,Y,A,01,0,1,0,0,0,0,0,0,0,"- ","- ",,,"LOS ANGELES","LOS ANGELES",-118.29093170166016,33.724250793457031
8567915,2018,2018-03-21,1942,2018-01-13,0415,41072,2022,6,5,7,1942,0,0,0,,0,20A13,"WESTERN AV","6TH ST",0.00,,Y,A,-,N,,,,,,,,,,Y,4,0,1,2,A,-,12,21453,A,N,D,C,A,A,H,-,C,A,0,,,,,Y,Y,-,"- ",0,0,1,0,0,0,0,0,0,"- ","- ",,,"LOS ANGELES","LOS ANGELES",-118.30911,34.063519999999997
8568772,2018,2018-08-10,1942,2018-02-22,2230,43073,0532,4,5,7,1942,0,0,0,E,0,5A15,"PACIFIC COAST HWY","MCDONALD AV",60.00,W,N,A,-,Y,LA,7,1,-,-,11.030,H,-,S,Y,4,0,1,2,A,-,01,23153,A,F,B,C,A,A,H,-,D,D,0,,,,,Y,Y,A,01,0,0,1,0,0,0,0,0,0,"- ","- ",,,"LOS ANGELES","LOS ANGELES",-118.27197265625,33.7906494140625
8569354,2018,2018-03-23,1942,2018-01-26,1735,40275,0299,5,5,7,1942,0,0,0,B,0,2A92,"S UNION AV","18TH ST",100.00,N,N,A,-,N,,,,,,,,,,Y,3,0,4,5,A,-,01,23152,A,N,C,C,A,A,H,-,C,D,0,,,,,Y,Y,D,22,0,2,2,0,0,0,0,0,0,"- ","- ",,,"LOS ANGELES","LOS ANGELES",-118.28028869628906,34.039821624755859
8569450,2018,2018-03-21,1942,2018-03-11,2030,40165,1526,7,5,7,1942,0,0,0,O,0,15A27,"VICTORY BL","TUJUNGA AV",0.00,,Y,A,-,N,,,,,,,,,,N,4,0,4,2,A,-,09,21801,A,N,D,C,A,A,H,-,C,A,0,,,,,Y,Y,A,01,0,0,4,0,0,0,0,0,0,"- ","- ",,,"LOS ANGELES","LOS ANGELES",-118.37905883789062,34.186679840087891
8569492,2018,2018-03-22,1942,2018-03-01,1130,38471,0985,4,5,7,1942,0,0,0,I,0,9A41W2,"VENTURA BL","BEVERLY GLEN BL",4.00,S,N,A,-,N,,,,,,,,,,,4,0,1,2,A,-,10,21950,A,N,A,B,B,A,H,-,A,A,0,Y,,,,Y,Y,A,01,0,0,1,0,1,0,0,0,0,"- ","- ",,,"LOS ANGELES","LOS ANGELES",-118.44582366943359,34.150447845458984
8569721,2018,2018-03-23,1942,2018-02-11,1535,39299,1347,7,5,7,1942,0,0,0,M,0,13A75,"41ST ST","LONG BEACH",300.00,E,N,A,-,N,,,,,,,,,,N,4,0,1,2,A,-,01,23152,A,N,C,C,A,A,H,-,A,D,0,,,Y,,Y,Y,A,01,0,0,1,0,0,0,0,0,1,"- ","- ",,,"LOS ANGELES","LOS ANGELES",-118.24224090576172,34.008052825927734
8570650,2018,2018-03-28,1942,2018-03-15,2310,40440,1871,4,5,7,1942,0,0,0,R,0,25T45,"VERMONT AV","135TH ST",40.00,S,N,A,-,N,,,,,,,,,,Y,4,0,1,2,A,-,01,23152,A,F,B,C,A,A,H,-,A,A,0,,,,,Y,Y,A,01,0,0,1,0,0,0,0,0,0,"- ","- ",,,"LOS ANGELES","LOS ANGELES",,
8573381,2018,2018-03-21,1942,2018-03-04,1935,42069,0523,7,5,7,1942,0,0,0,E,0,5A25,"S FIGUEROA ST","W I ST",0.00,,Y,A,-,N,,,,,,,,,,Y,4,0,2,2,A,-,01,23152,A,N,A,C,A,A,H,-,C,A,0,,,,,Y,Y,A,01,0,0,2,0,0,0,0,0,0,"- ","- ",,,"LOS ANGELES","LOS ANGELES",-118.27958679199219,33.779949188232422
8574194,2018,2018-03-14,1900,2018-02-24,1045,480759,0612,6,5,6,1985,0,0,0,,0,61T1,"WHITES CANYON RD","CANYON CREST DR",0.00,,Y,A,-,N,,,,,,,,,,Y,3,0,1,2,A,-,08,22107,,N,B,C,A,A,H,-,A,A,0,,,,,Y,Y,A,01,0,1,0,0,0,0,0,0,0,"- ","- ",,,"LOS ANGELES","SANTA CLARITA",-118.47151947021484,34.431999206542969
8574788,2018,2018-03-26,1942,2018-03-04,2320,43189,139,7,5,7,1942,0,0,0,M,0,1;60,"ALAMEDA ST","N 2ND ST",6.00,N,N,B,-,N,,,,,,,,,,N,4,0,1,2,A,-,10,21950,A,N,G,B,B,A,H,-,C,A,0,Y,,,,Y,Y,A,01,0,0,1,0,1,0,0,0,0,"- ","- ",,,"LOS ANGELES","LOS ANGELES",-118.23810899999999,34.047182999999997
8575553,2018,2018-03-16,1942,2018-02-24,0040,41210,0632,6,5,7,1942,0,0,0,F,0,,"SUNSET BL","SELMA AV",10.00,W,N,A,-,N,,,,,,,,,,Y,3,0,2,2,A,-,01,23152,A,N,C,C,A,A,H,-,C,D,0,,,,,Y,Y,A,01,0,1,1,0,0,0,0,0,0,"- ","- ",,,"LOS ANGELES","LOS ANGELES",-118.36675262451172,34.09796142578125
8576225,2017,2018-03-20,1900,2017-12-19,2016,496223,1510,2,5,5,1954,0,0,0,,0,151T4,"WHITTIER BL","PARAMOUNT BL",300.00,W,N,A,-,N,,,,,,,,,,Y,4,0,1,2,A,-,09,21804,A,N,C,C,A,A,H,-,C,D,0,,,,,Y,Y,-,,0,0,1,0,0,0,0,0,0,"- ","- ",,,"LOS ANGELES","PICO RIVERA",-118.08956947999999,34.003744210000001
8577399,2018,2018-03-22,1942,2018-03-05,1700,42816,1181,1,5,7,1942,0,0,0,K,0,2947,"MOHAWK ST","MONTANA ST",0.00,,Y,A,-,N,,,,,,,,,,Y,4,0,1,2,A,-,09,21802,A,N,D,C,A,A,H,-,A,A,0,,,,,Y,Y,A,01,0,0,1,0,0,0,0,0,0,"- ","- ",,,"LOS ANGELES","LOS ANGELES",-118.26383209228516,34.081478118896484
8578173,2018,2018-03-16,1942,2018-03-04,0040,40924,1258,7,5,7,1942,0,0,0,L,0,12A57,"FLORENCE AV",BROADWAY,870.00,E,N,B,-,N,,,,,,,,,,Y,2,0,2,2,A,-,01,23152,A,N,C,E,A,A,H,-,E,D,0,,,,,Y,Y,A,01,1,1,0,0,0,0,0,0,0,"- ","- ",,,"LOS ANGELES","LOS ANGELES",-118.27546691894531,33.974674224853516
8578287,2018,2018-03-19,1942,2018-02-24,2025,40440,1804,6,5,7,1942,0,0,0,R,0,18A3,"89TH ST","CENTRAL AV",33.00,E,N,A,-,N,,,,,,,,,,Y,2,0,1,2,A,-,01,23152,A,N,C,E,A,A,H,-,C,D,0,,,,,Y,Y,A,01,1,0,0,0,0,0,0,0,0,"- ","- ",,,"LOS ANGELES","LOS ANGELES",-118.25632476806641,33.955600738525391
8580327,2018,2018-03-21,1941,2018-02-19,1510,11010,,1,5,7,1941,0,0,0,,0,,"ORANGE ST","LIGHTPOLE # FD1371",0.00,,Y,B,-,N,,,,,,,,,,Y,4,0,1,2,A,-,03,22350,,N,C,C,A,A,H,-,A,D,0,,,,,Y,Y,A,,0,0,1,0,0,0,0,0,0,"- ","- ",,,"LOS ANGELES","LONG BEACH",,
8580352,2018,2018-03-22,1942,2018-03-08,1845,37540,1148,4,5,7,1942,0,0,0,K,0,11A37,"NORTH FIGUEROA ST","E AVENUE 45",0.00,,Y,A,-,N,,,,,,,,,,N,3,0,1,2,A,-,10,21950,A,N,G,B,B,A,H,-,C,A,0,Y,,,,Y,Y,A,07,0,1,0,0,1,0,0,0,0,"- ","- ",,,"LOS ANGELES","LOS ANGELES",-118.20716094970703,34.096149444580078
8580550,2018,2018-04-18,1941,2018-03-11,2055,10037,,7,5,7,1941,0,0,0,,0,,"VIA CARMELITOS","LIGHT POLE #2323958E",26.00,W,N,A,-,N,,,,,,,,,,Y,4,0,1,3,A,-,01,23152,A,N,C,E,A,A,H,-,C,D,0,,,,,Y,Y,A,,0,0,1,0,0,0,0,0,0,"- ","- ",,,"LOS ANGELES","LONG BEACH",,
8580569,2018,2018-05-14,1900,2018-02-12,1930,606079,2608,1,5,6,1950,0,0,0,,0,263T1,"AVENUE Q","25TH ST EAST",0.00,,Y,B,-,N,,,,,,,,,,Y,2,0,4,2,A,-,01,23152,A,N,D,C,A,A,H,-,C,A,0,,,,,Y,Y,A,01,1,0,3,0,0,0,0,0,0,"- ","- ",,,"LOS ANGELES",PALMDALE,-118.08527374267578,34.587421417236328
8581268,2018,2018-03-20,1900,2018-02-25,1951,606061,2608,7,5,6,1950,0,0,0,,0,264T1,"PALMDALE BL","40TH ST EAST",0.00,,Y,A,-,N,,,,,,,,,,Y,3,0,3,2,A,-,01,23153,A,F,A,C,A,A,H,-,C,A,0,,,,,Y,Y,A,07,0,3,0,0,0,0,0,0,0,"- ","- ",,,"LOS ANGELES",PALMDALE,-118.05834197998047,34.580249786376953
8581524,2018,2018-03-30,1942,2018-03-16,0500,42501,0666,5,5,7,1942,0,0,0,F,0,0500,"VINE ST","SANTA MONICA BL",0.00,,Y,A,-,N,,,,,,,,,,N,4,0,1,2,A,-,01,23152,A,N,D,C,A,A,H,-,C,D,0,,,,,Y,Y,A,01,0,0,1,0,0,0,0,0,0,"- ","- ",,,"LOS ANGELES","LOS ANGELES",-118.32660675048828,34.090740203857422
8581770,2018,2018-04-04,1975,2018-03-16,2102,392,,5,5,6,1975,0,0,0,,0,001,"WEST GARVEY AV N","SUNKIST AV",151.00,W,N,C,-,N,,,,,,,,,,Y,2,0,3,4,A,-,01,23153,A,N,A,C,A,B,H,-,C,D,0,,,,,Y,Y,A,01,1,1,1,0,0,0,0,0,0,"- ","- ",,,"LOS ANGELES","WEST COVINA",-117.94956207275391,34.071769714355469
8582438,2018,2018-04-10,1900,2018-03-13,0122,611143,1127,2,5,6,1992,0,0,0,,0,111T1,"AVE M","40TH ST WEST",0.00,,Y,A,-,N,,,,,,,,,,Y,3,0,1,1,A,-,08,22107,,N,F,A,A,A,H,-,D,D,0,,,,,Y,Y,A,01,0,1,0,0,0,0,0,0,0,"- ","- ",,,"LOS ANGELES",LANCASTER,-118.05876922607422,34.646011352539062
8583129,2018,2018-03-29,1910,2018-02-16,0810,03633,,5,5,4,1910,0,0,0,,0,006,"COLDWATER CANYON","WOODLAND DR",250.00,N,N,A,-,N,,,,,,,,,,N,3,0,1,3,A,-,03,22350,,N,C,C,A,A,H,-,A,D,0,,,,,Y,Y,-,,0,1,0,0,0,0,0,0,0,"- ","- ",,,"LOS ANGELES","BEVERLY HILLS",-118.40792846679688,34.092922210693359
8583167,2018,2018-03-27,1928,2018-03-18,0252,309,525,7,5,5,1928,0,0,0,,0,502,"IMPERIAL HWY","MENLO AV",0.00,,Y,A,-,N,,,,,,,,,,Y,3,0,1,1,A,-,01,23152,A,N,A,I,A,A,H,-,C,D,0,,,,,Y,Y,-,,0,1,0,0,0,0,0,0,0,"- ","- ",33.930950164794922,-118.34712982177734,"LOS ANGELES",HAWTHORNE,-118.34716796875,33.930961608886719
8583171,2018,2018-03-27,1928,2018-03-18,1928,389,520,7,5,5,1928,0,0,0,,0,503,"CHADRON AV","139TH ST",528.00,S,N,A,-,N,,,,,,,,,,Y,4,0,1,4,A,-,01,23152,A,N,C,E,A,A,H,-,C,D,0,,,,,Y,Y,A,01,0,0,1,0,0,0,0,0,0,"- ","- ",33.905540466308594,-118.32865905761719,"LOS ANGELES",HAWTHORNE,-118.32869720458984,33.904109954833984
8583728,2018,2018-04-03,1942,2018-03-18,1312,43252,338,7,5,7,1942,0,0,0,,0,3A63,"JEFFERSON BL","S CATALINA ST",0.00,,Y,A,-,N,,,,,,,,,,Y,4,0,1,3,A,-,03,22350,,N,B,E,A,A,H,-,A,A,0,,,,,Y,Y,A,01,0,0,1,0,0,0,0,0,0,"- ","- ",,,"LOS ANGELES","LOS ANGELES",-118.293701171875,34.025508880615234
8584316,2018,2018-04-05,1942,2018-03-17,0041,35116,1987,6,5,7,1942,0,0,0,,0,19A75,"ROSCOE BL","WOODMAN AV",0.00,,Y,B,-,N,,,,,,,,,,Y,3,0,1,2,A,-,01,23152,A,N,C,C,A,B,H,-,C,A,0,,,,,Y,Y,A,01,0,1,0,0,0,0,0,0,0,"- ","- ",,,"LOS ANGELES","LOS ANGELES",-118.43274688720703,34.2216796875
8584375,2018,2018-04-02,1941,2018-03-04,2115,10538,,7,5,7,1941,0,0,0,,0,901T,"CHERRY AV","CARTAGENA ST",10.00,N,N,A,-,N,,,,,,,,,,N,3,0,1,2,B,-,22,,,N,A,B,D,A,H,-,D,D,0,Y,,,,Y,Y,N,,0,1,0,0,1,0,0,0,0,"- ","- ",,,"LOS ANGELES","LONG BEACH",-118.16756439208984,33.83349609375
8584663,2018,2018-04-04,1900,2018-03-03,1942,622059,182,6,5,6,1992,0,0,0,,0,112T1,"AVENUE L","52ND ST W",450.00,E,N,A,-,N,,,,,,,,,,Y,4,0,2,2,A,-,01,23152,A,N,C,C,A,A,H,-,D,D,0,,,,,Y,Y,-,"- ",0,0,2,0,0,0,0,0,0,"- ","- ",,,"LOS ANGELES",LANCASTER,-118.22171020507812,34.660251617431641
8586271,2018,2018-04-18,1902,2018-03-31,1137,620,32,6,5,5,1902,0,0,0,,0,005,"SANTA ANITA AV","LIVE OAK AV",52.00,S,N,A,-,N,,,,,,,,,,Y,3,0,1,3,A,-,01,23152,A,N,C,C,A,A,H,-,A,A,0,,,,,Y,Y,A,01,0,1,0,0,0,0,0,0,0,"- ","- ",,,"LOS ANGELES",ARCADIA,-118.03085327148438,34.107250213623047
8586302,2018,2018-04-17,1942,2018-03-16,1745,42074,1915,5,5,7,1942,0,0,0,,0,19X84,"POLK ST","HERRICK AV",0.00,,Y,C,-,N,,,,,,,,,,,4,0,3,2,A,-,08,22107,,N,D,C,A,B,H,-,B,D,0,,,,,Y,Y,A,01,0,0,3,0,0,0,0,0,0,"- ","- ",,,"LOS ANGELES","LOS ANGELES",-118.45271301269531,34.304939270019531
8586305,2018,2018-04-19,1942,2018-04-01,1925,40157,0774,7,5,7,1942,0,0,0,G,0,14T47,"REDONDO BL","VENICE BL",0.00,,Y,A,-,N,,,,,,,,,,N,4,0,1,2,A,-,01,23152,A,N,C,C,A,A,H,-,B,A,0,,,,,Y,Y,A,01,0,0,1,0,0,0,0,0,0,"- ","- ",,,"LOS ANGELES","LOS ANGELES",-118.35043334960938,34.045120239257812
8586948,2018,2018-04-11,1941,2018-03-27,2135,5769,,2,5,7,1941,0,0,0,,0,,"SHORELINE VILLAGE DR","MARINA PARKING DR",0.00,,Y,A,-,N,,,,,,,,,,Y,4,0,1,2,A,-,03,22350,,F,D,C,A,A,H,-,C,A,0,,,,,Y,Y,A,,0,0,1,0,0,0,0,0,0,"- ","- ",,,"LOS ANGELES","LONG BEACH",-118.19125366210938,33.759841918945312
8587832,2018,2018-05-09,1942,2018-03-15,1530,41376,0767,4,5,7,1942,0,0,0,G,0,6TL2,"VENICE BL","12TH AV",40.00,W,N,A,-,N,,,,,,,,,,Y,4,0,1,2,A,-,01,23152,F,N,C,C,A,A,H,-,A,D,0,,,,,Y,Y,A,01,0,0,1,0,0,0,0,0,0,"- ","- ",,,"LOS ANGELES","LOS ANGELES",-118.32655334472656,34.044071197509766
8588957,2018,2018-04-02,1975,2018-03-10,1933,678,,6,5,6,1975,0,0,0,,0,001,"WORKMAN AV","AZUSA AV",0.00,,Y,C,-,N,,,,,,,,,,N,4,0,2,2,A,-,03,22350,,F,C,C,A,B,H,-,B,A,0,,,,,Y,Y,A,01,0,0,2,0,0,0,0,0,0,"- ","- ",,,"LOS ANGELES","WEST COVINA",-117.90780639648438,34.075481414794922
8589051,2018,2018-04-12,1942,2018-03-22,1525,38326,2187,4,5,7,1942,0,0,0,,0,21A97,"VENTURA BL","CALATRANA DR",140.00,E,N,C,-,N,,,,,,,,,,Y,4,0,1,2,A,-,21,22106,,N,D,C,A,B,H,-,A,D,0,,,,,Y,Y,A,01,0,0,1,0,0,0,0,0,0,"- ","- ",,,"LOS ANGELES","LOS ANGELES",-118.60166931152344,34.168373107910156
8589175,2018,2018-04-11,1942,2018-03-12,2205,35330,1475,1,5,7,1942,0,0,0,N,0,14A73,"MANCHESTER BL",GEORGETOWN,60.00,W,N,A,-,N,,,,,,,,,,N,4,0,1,2,A,-,01,23152,A,M,B,E,A,A,H,-,A,D,0,,,,,Y,Y,D,22,0,0,1,0,0,0,0,0,0,"- ","- ",,,"LOS ANGELES","LOS ANGELES",-118.41382598876953,33.959861755371094
8590420,2018,2018-04-11,1909,2018-03-11,0102,586,1909,7,5,4,1909,0,0,0,,0,001,"FLORENCE AV","EASTERN AV",0.00,,Y,C,-,N,,,,,,,,,,Y,4,0,3,3,A,-,03,22350,,N,D,C,A,B,H,-,C,A,0,,,,,Y,Y,A,01,0,0,3,0,0,0,0,0,0,"- ","- ",,,"LOS ANGELES","BELL GARDENS",-118.16486358642578,33.967861175537109
8590746,2018,2018-06-28,1955,2018-03-21,0445,41235,49,3,5,6,1955,0,0,0,,0,001,"HOLT AV","WEBER ST",750.00,W,N,A,-,N,,,,,,,,,,Y,3,0,1,3,A,-,01,23152,A,N,B,E,A,A,H,-,C,A,0,,,,,Y,Y,A,01,0,1,0,0,0,0,0,0,0,"- ","- ",,,"LOS ANGELES",POMONA,-117.77510833740234,34.061756134033203
8591040,2018,2018-04-09,1942,2018-02-28,1905,42969,1259,3,5,7,1942,0,0,0,L,0,12A31,"CENTRAL AV","75TH ST",0.00,,Y,A,-,N,,,,,,,,,,N,3,0,1,2,A,-,11,21950,B,N,G,B,D,-,H,-,D,D,0,Y,,,,Y,Y,N,60,0,1,0,0,1,0,0,0,0,"- ","- ",,,"LOS ANGELES","LOS ANGELES",-118.25643157958984,33.972099304199219
8591376,2018,2018-04-06,1942,2018-03-22,1845,36121,1524,4,5,7,1942,0,0,0,O,0,15U2,"LAUREL CANYON BL","ERWIN ST",5.00,S,N,C,-,N,,,,,,,,,,N,4,0,1,2,A,-,11,21456,B,N,A,B,B,B,H,-,C,A,0,Y,,,,Y,Y,N,60,0,0,1,0,1,0,0,0,0,"- ","- ",,,"LOS ANGELES","LOS ANGELES",-118.39653015136719,34.183086395263672
8591396,2018,2018-04-06,1942,2018-03-22,2015,43248,1525,4,5,7,1942,0,0,0,O,0,15A27,"VICTORY BL","CARPENTER AV",13.00,E,N,C,-,N,,,,,,,,,,N,4,0,1,2,A,-,03,22350,,F,C,C,A,B,H,-,C,D,0,,,,,Y,Y,-,99,0,0,1,0,0,0,0,0,0,"- ","- ",,,"LOS ANGELES","LOS ANGELES",-118.39102935791016,34.186679840087891
8591400,2018,2018-04-06,1942,2018-03-23,0155,42402,1555,5,5,7,1942,0,0,0,O,0,15A67,"LANKERSHIM BL","KLING ST",0.00,,Y,C,-,N,,,,,,,,,,Y,4,0,1,1,A,-,01,23152,A,N,E,I,A,B,H,-,C,D,0,,,,,Y,Y,A,01,0,0,1,0,0,0,0,0,0,"- ","- ",,,"LOS ANGELES","LOS ANGELES",-118.36904144287109,34.155670166015625
8591452,2018,2018-04-11,1975,2018-03-22,1944,450,,4,5,6,1975,0,0,0,,0,001,"WORKMAN AV","BIXBY AV",60.00,E,N,C,-,N,,,,,,,,,,Y,4,0,1,2,A,-,08,22107,,N,C,E,A,B,H,-,C,D,0,,,,,Y,Y,-,,0,0,1,0,0,0,0,0,0,"- ","- ",,,"LOS ANGELES","WEST COVINA",-117.92210388183594,34.075477600097656
8592451,2018,2018-04-18,1942,2018-04-01,1045,43067,0901,7,5,7,1942,0,0,0,I,0,9A5,"FIRMAMENT AV","SHERMAN WAY",0.00,,Y,A,-,N,,,,,,,,,,Y,2,0,2,2,A,-,12,21453,A,N,F,C,A,A,H,-,A,A,0,,,,,Y,Y,A,01,1,1,0,0,0,0,0,0,0,"- ","- ",,,"LOS ANGELES","LOS ANGELES",-118.472412109375,34.20111083984375
8593809,2018,2018-05-04,1900,2018-04-03,0158,613996,1622,2,5,5,1977,0,0,0,,0,160T,"SANTA FE AV","CARSON ST",150.00,S,N,A,-,N,,,,,,,,,,Y,4,0,1,1,A,-,01,23152,A,N,E,J,A,A,H,-,C,D,0,,,,,Y,Y,A,01,0,0,1,0,0,0,0,0,0,"- ","- ",33.831729888916016,-118.21692657470703,"LOS ANGELES",CARSON,-118.21707916259766,33.831333160400391
8594341,2018,2018-04-20,1941,2018-04-08,1955,5163,,7,5,7,1941,0,0,0,,0,,"2ND ST","SHOPKEEPER RD",171.00,W,N,A,-,N,,,,,,,,,,Y,3,0,1,3,A,-,03,22350,,N,C,C,A,A,H,-,C,A,0,,,,,Y,Y,A,,0,1,0,0,0,0,0,0,0,"- ","- ",,,"LOS ANGELES","LONG BEACH",-118.10892486572266,33.758758544921875