CASE_ID,ACCIDENT_YEAR,PROC_DATE,JURIS,COLLISION_DATE,COLLISION_TIME,OFFICER_ID,REPORTING_DISTRICT,DAY_OF_WEEK,CHP_SHIFT,POPULATION,CNTY_CITY_LOC,SPECIAL_COND,BEAT_TYPE,CHP_BEAT_TYPE,CITY_DIVISION_LAPD,CHP_BEAT_CLASS,BEAT_NUMBER,PRIMARY_RD,SECONDARY_RD,DISTANCE,DIRECTION,INTERSECTION,WEATHER_1,WEATHER_2,STATE_HWY_IND,CALTRANS_COUNTY,CALTRANS_DISTRICT,STATE_ROUTE,ROUTE_SUFFIX,POSTMILE_PREFIX,POSTMILE,LOCATION_TYPE,RAMP_INTERSECTION,SIDE_OF_HWY,TOW_AWAY,COLLISION_SEVERITY,NUMBER_KILLED,NUMBER_INJURED,PARTY_COUNT,PRIMARY_COLL_FACTOR,PCF_CODE_OF_VIOL,PCF_VIOL_CATEGORY,PCF_VIOLATION,PCF_VIOL_SUBSECTION,HIT_AND_RUN,TYPE_OF_COLLISION,MVIW,PED_ACTION,ROAD_SURFACE,ROAD_COND_1,ROAD_COND_2,LIGHTING,CONTROL_DEVICE,CHP_ROAD_TYPE,PEDESTRIAN_ACCIDENT,BICYCLE_ACCIDENT,MOTORCYCLE_ACCIDENT,TRUCK_ACCIDENT,NOT_PRIVATE_PROPERTY,ALCOHOL_INVOLVED,STWD_VEHTYPE_AT_FAULT,CHP_VEHTYPE_AT_FAULT,COUNT_SEVERE_INJ,COUNT_VISIBLE_INJ,COUNT_COMPLAINT_PAIN,COUNT_PED_KILLED,COUNT_PED_INJURED,COUNT_BICYCLIST_KILLED,COUNT_BICYCLIST_INJURED,COUNT_MC_KILLED,COUNT_MC_INJURED,PRIMARY_RAMP,SECONDARY_RAMP,LATITUDE,LONGITUDE,COUNTY,CITY,POINT_X,POINT_Y
8742050,2018,2018-11-29,1900,2018-08-24,2300,616135,SOUTH,5,5,4,1945,0,0,0,,0,27T,"LOMA VISTA AV","56TH ST",28.00,N,N,A,-,N,,,,,,,,,,N,4,0,1,2,A,-,03,22350,,N,B,G,A,A,H,-,C,D,0,,Y,,,Y,Y,-,99,0,0,1,0,0,0,1,0,0,"- ","- ",33.991600036621094,-118.19830322265625,"LOS ANGELES",MAYWOOD,-118.19831085205078,33.991455078125
8742430,2018,2018-11-26,1942,2018-10-24,2245,43139,0363,3,5,7,1942,0,0,0,C,0,3A63,"SANTA ROSALIA DR","BUCKINGHAM RD",200.00,,N,A,-,N,,,,,,,,,,Y,4,0,1,3,A,-,01,23152,A,M,A,E,A,A,H,-,C,A,0,,,,,Y,Y,A,08,0,0,1,0,0,0,0,0,0,"- ","- ",,,"LOS ANGELES","LOS ANGELES",-118.34227752685547,34.012088775634766
8742924,2018,2018-12-31,1941,2018-11-12,1148,11244,,1,5,7,1941,0,0,0,,0,,"1ST ST","CERRITOS AV",66.00,E,N,A,-,N,,,,,,,,,,N,4,0,1,2,A,-,21,22106,,M,G,B,E,A,H,-,A,D,0,Y,,,,Y,Y,A,,0,0,1,0,1,0,0,0,0,"- ","- ",,,"LOS ANGELES","LONG BEACH",-118.17874908447266,33.766990661621094
8743358,2018,2018-12-03,1942,2018-08-03,0255,42842,0914,5,5,7,1942,0,0,0,I,0,9A41W3,"KESTER AV","VOSE ST",0.00,,Y,A,-,N,,,,,,,,,,Y,3,0,1,1,A,-,01,23152,A,N,E,-,A,A,H,-,C,D,0,,,,,Y,Y,A,01,0,1,0,0,0,0,0,0,0,"- ","- ",,,"LOS ANGELES","LOS ANGELES",-118.45745849609375,34.198448181152344
8744753,2018,2018-12-20,1941,2018-11-13,1719,11265,,2,5,7,1941,0,0,0,,0,,"DEL AMO BL","ATLANTIC AV",6.00,W,N,A,-,N,,,,,,,,,,Y,4,0,1,2,A,-,07,21658,A,N,B,C,A,A,H,-,A,A,0,,,,,Y,Y,A,,0,0,1,0,0,0,0,0,0,"- ","- ",,,"LOS ANGELES","LONG BEACH",-118.18503570556641,33.84527587890625
8744955,2018,2018-11-29,1942,2018-11-16,2110,38090,1469,5,5,7,1942,0,0,0,N,0,6T7,"S LA CIENEGA BL","FAIRVIEW AV",32.00,N,N,A,-,N,,,,,,,,,,Y,3,0,2,2,A,-,01,23152,A,N,C,C,A,A,H,-,C,A,0,,,,,Y,Y,A,01,0,2,0,0,0,0,0,0,0,"- ","- ",,,"LOS ANGELES","LOS ANGELES",-118.37034606933594,33.979988098144531
8745032,2018,2018-11-30,1942,2018-11-10,0230,39551,2157,6,5,7,1942,0,0,0,,0,21A73,"VAN OWEN ST","CANOGA AV",0.00,,Y,A,-,N,,,,,,,,,,Y,4,0,1,2,A,-,01,23152,A,N,C,C,A,A,H,-,C,A,0,,,,,Y,Y,A,01,0,0,1,0,0,0,0,0,0,"- ","- ",,,"LOS ANGELES","LOS ANGELES",-118.59748077392578,34.193748474121094
8745343,2018,2018-12-18,1942,2018-09-12,1710,42850,0758,3,5,7,1942,0,0,0,G,0,7EL6,"OLYMPIC BL","QUEEN ANNE PL",0.00,,Y,A,-,N,,,,,,,,,,N,4,0,1,2,A,-,09,21801,A,N,D,C,A,A,H,-,A,D,0,,,,,Y,Y,A,01,0,0,1,0,0,0,0,0,0,"- ","- ",,,"LOS ANGELES","LOS ANGELES",-118.32984161376953,34.055809020996094
8745403,2018,2018-12-04,1965,2018-10-21,1708,3985,0B3B,7,5,5,1965,0,0,0,,0,B003,"SANTA MONICA BL","LINCOLN BL",40.00,E,N,A,-,N,,,,,,,,,,Y,4,0,1,2,A,-,01,23152,A,N,C,C,A,A,H,-,A,A,0,,,,,Y,Y,A,07,0,0,1,0,0,0,0,0,0,"- ","- ",,,"LOS ANGELES","SANTA MONICA",-118.49131011962891,34.019615173339844
8745671,2018,2018-11-27,1933,2018-08-14,2042,959,35,2,5,6,1933,0,0,0,,0,004,"CRENSHAW BL","113TH ST",0.00,,Y,B,-,N,,,,,,,,,,N,2,0,1,3,A,-,09,21804,,N,H,G,A,A,H,-,C,A,0,,Y,,,Y,Y,L,04,1,0,0,0,0,0,1,0,0,"- ","- ",33.931949615478516,-118.32649230957031,"LOS ANGELES",INGLEWOOD,-118.32656860351562,33.931961059570312
8745821,2018,2018-11-28,1942,2018-09-02,0605,41054,0832,7,5,7,1942,0,0,0,H,0,8A13,"MAYFIELD AV","SAN VICENTE BL",220.00,W,N,A,-,N,,,,,,,,,,Y,3,0,1,3,A,-,01,23152,A,N,B,E,A,A,H,-,A,D,0,,,,,Y,Y,A,01,0,1,0,0,0,0,0,0,0,"- ","- ",,,"LOS ANGELES","LOS ANGELES",-118.46197509765625,34.052955627441406
8745862,2018,2018-11-27,1942,2018-05-17,2110,40325,1317,4,5,7,1942,0,0,0,M,0,13A9,"20TH ST","CENTRAL AV",430.00,W,N,A,-,N,,,,,,,,,,N,4,0,2,3,A,-,01,23152,A,N,B,C,E,A,H,-,C,A,0,Y,,,,Y,Y,A,08,0,0,2,0,1,0,0,0,0,"- ","- ",,,"LOS ANGELES","LOS ANGELES",-118.25164794921875,34.023269653320312
8746025,2018,2018-11-28,1924,2018-07-14,2320,112777,16,6,5,5,1924,0,0,0,,0,003,"WESTERN AV","147TH ST",0.00,,Y,A,-,N,,,,,,,,,,Y,3,0,2,3,A,-,01,23152,B,N,A,C,A,A,H,-,C,D,0,,,,,Y,Y,A,01,0,1,1,0,0,0,0,0,0,"- ","- ",33.896999359130859,-118.30899810791016,"LOS ANGELES",GARDENA,-118.30915832519531,33.89788818359375
8746827,2018,2018-12-04,1942,2018-09-16,0640,35945,2011,7,5,7,1942,0,0,0,,0,20A1,"2ND ST","MANHATTAN PL",130.00,E,N,A,-,N,,,,,,,,,,Y,3,0,1,4,A,-,01,23152,A,N,B,E,A,A,H,-,A,D,0,,,,,Y,Y,A,01,0,1,0,0,0,0,0,0,0,"- ","- ",,,"LOS ANGELES","LOS ANGELES",-118.30995941162109,34.071121215820312
8748941,2018,2019-01-24,1976,2018-11-22,1004,469,,4,5,5,1976,0,0,0,,0,,"COMSTOCK AV","CAMILLA ST",150.00,N,N,A,-,N,,,,,,,,,,Y,3,0,1,2,A,-,01,23152,A,N,B,E,A,A,H,-,A,D,0,,,,,Y,Y,A,08,0,1,0,0,0,0,0,0,0,"- ","- ",,,"LOS ANGELES",WHITTIER,-118.03855133056641,33.984889984130859
8750016,2018,2018-12-11,1942,2018-09-07,2150,37511,1441,5,5,7,1942,0,0,0,N,0,14A11,"VENICE BL","DELL AV",0.00,,Y,A,-,N,,,,,,,,,,Y,3,0,4,4,A,-,12,22450,A,N,D,C,A,A,H,-,C,A,0,,,,,Y,Y,A,01,0,1,3,0,0,0,0,0,0,"- ","- ",,,"LOS ANGELES","LOS ANGELES",-118.46804809570312,33.986289978027344
8750022,2018,2019-01-25,1942,2018-11-13,0740,41290,0398,2,5,7,1942,0,0,0,C,0,3X95,"HOOVER ST","42ND PL",0.00,,Y,A,-,N,,,,,,,,,,Y,4,0,1,2,A,-,09,21801,,F,D,C,A,A,H,-,A,D,0,,,,,Y,Y,A,01,0,0,1,0,0,0,0,0,0,"- ","- ",,,"LOS ANGELES","LOS ANGELES",-118.28722381591797,34.006401062011719
8750033,2018,2019-01-24,1975,2018-11-19,1425,427,,1,5,6,1975,0,0,0,,0,TRAFFI,"FRANCISQUITO AV","SIESTA AV",58.00,W,N,A,-,N,,,,,,,,,,N,3,0,1,3,A,-,01,23153,A,N,C,E,A,A,H,-,A,D,0,,,,,Y,Y,-,,0,1,0,0,0,0,0,0,0,"- ","- ",34.062801361083984,-117.96610260009766,"LOS ANGELES","WEST COVINA",-117.96636962890625,34.0628662109375
8750141,2018,2018-12-05,1942,2018-10-30,2220,39624,2031,2,5,7,1942,0,0,0,,0,20T59,"WILSHIRE BL","S WILTON PL",0.00,,Y,A,-,N,,,,,,,,,,Y,3,0,3,2,A,-,09,21801,A,N,D,C,A,A,H,-,C,A,0,,,,,Y,Y,A,01,0,2,1,0,0,0,0,0,0,"- ","- ",,,"LOS ANGELES","LOS ANGELES",-118.314208984375,34.061691284179688
8750190,2018,2018-12-04,1922,2018-10-29,0215,680,1,1,5,6,1922,0,0,0,,0,001,"SANTA ANITA",BRYANT,400.00,S,N,A,-,N,,,,,,,,,,Y,3,0,1,1,A,-,01,23152,A,N,E,I,A,A,H,-,C,D,0,,,,,Y,Y,A,01,0,1,0,0,0,0,0,0,0,"- ","- ",34.081989288330078,-118.03486633300781,"LOS ANGELES","EL MONTE",-118.03584289550781,34.081230163574219
8750446,2018,2018-12-21,1948,2018-11-20,1635,374,1948,2,5,5,1948,0,0,0,,0,002,"W HELLMAN AV","BALTIMORE AV",0.00,,Y,A,-,N,,,,,,,,,,Y,4,0,5,2,A,-,09,21802,A,N,D,C,A,A,H,-,A,A,0,,,,,Y,Y,-,,0,0,5,0,0,0,0,0,0,"- ","- ",,,"LOS ANGELES","MONTEREY PARK",-118.12448120117188,34.069759368896484
8751058,2018,2019-01-16,1942,2018-11-18,0635,27259,1259,7,5,7,1942,0,0,0,L,0,12A69,"WADSWORTH AV","77TH ST",170.00,S,N,B,-,N,,,,,,,,,,Y,4,0,1,6,A,-,01,23152,A,N,B,E,A,A,H,-,A,D,0,,,,,Y,Y,A,01,0,0,1,0,0,0,0,0,0,"- ","- ",,,"LOS ANGELES","LOS ANGELES",-118.25861358642578,33.968902587890625
8751317,2018,2019-01-28,1941,2018-11-19,2100,11133,,1,5,7,1941,0,0,0,,0,,"ANAHEIM ST","WALNUT AV",0.00,,Y,A,-,N,,,,,,,,,,N,4,0,5,3,A,-,07,21658,A,F,B,-,A,A,H,-,C,A,0,,,,,Y,Y,A,,0,0,5,0,0,0,0,0,0,"- ","- ",,,"LOS ANGELES","LONG BEACH",-118.1719970703125,33.782611846923828
8752469,2018,2018-12-12,1942,2018-11-24,0030,43236,1218,6,5,7,1942,0,0,0,L,0,12A53,"54TH ST","FIGUEROA ST",710.00,W,N,A,-,N,,,,,,,,,,Y,4,0,1,4,A,-,03,22350,,F,B,C,A,A,H,-,C,D,0,,,,,Y,Y,A,01,0,0,1,0,0,0,0,0,0,"- ","- ",,,"LOS ANGELES","LOS ANGELES",-118.28501892089844,33.993267059326172
8752507,2018,2019-01-24,1900,2018-11-23,2310,627798,0633,5,5,6,1985,0,0,0,,0,65E,"SIERRA HWY","JAKES WY",0.00,,Y,A,-,N,,,,,,,,,,Y,2,0,2,2,A,-,01,23153,A,N,D,C,A,A,H,-,C,A,0,,,,,Y,Y,A,01,1,0,1,0,0,0,0,0,0,"- ","- ",34.410560607910156,-118.45870208740234,"LOS ANGELES","SANTA CLARITA",-118.45867919921875,34.410530090332031
8752563,2018,2019-02-13,1941,2018-11-26,2309,11020,,1,5,7,1941,0,0,0,,0,,"DOWNEY AV","65TH ST",0.00,,Y,A,-,N,,,,,,,,,,Y,4,0,1,2,A,-,09,21801,A,N,D,C,A,A,H,-,E,D,0,,,,,Y,Y,A,,0,0,1,0,0,0,0,0,0,"- ","- ",,,"LOS ANGELES","LONG BEACH",-118.15129089355469,33.872890472412109
8752617,2018,2019-01-19,1942,2018-11-16,2345,42834,0811,5,5,7,1942,0,0,0,H,0,8A1,"W SUNSET BL","LIVORNO DR",370.00,W,N,A,-,N,,,,,,,,,,Y,4,0,1,1,A,-,03,22350,,N,E,I,A,A,H,-,C,D,0,,,,,Y,Y,A,01,0,0,1,0,0,0,0,0,0,"- ","- ",,,"LOS ANGELES","LOS ANGELES",-118.54373168945312,34.045200347900391
8752908,2018,2018-12-24,1969,2018-11-03,1853,10073,PATRO,6,5,5,1969,0,0,0,,0,0A5,"GARFIELD AV","SOUTHERN AV",625.00,S,N,A,-,N,,,,,,,,,,Y,4,0,1,2,A,-,03,22350,,N,C,C,A,A,H,-,C,D,0,,,,,Y,Y,A,01,0,0,1,0,0,0,0,0,0,"- ","- ",,,"LOS ANGELES","SOUTH GATE",-118.16746520996094,33.943119049072266
8753277,2018,2018-12-27,1953,2018-10-04,0715,3301,1953,4,5,6,1953,0,0,0,,0,,"HOWARD ST","MENTONE AV",0.00,,Y,A,-,N,,,,,,,,,,N,4,0,1,2,A,-,12,22450,A,N,G,B,D,A,H,-,A,A,0,Y,,,,Y,Y,A,01,0,0,1,0,1,0,0,0,0,"- ","- ",,,"LOS ANGELES",PASADENA,-118.15730285644531,34.173240661621094
8753747,2018,2019-02-02,1900,2018-12-15,0052,510899,2612,6,5,6,1950,0,0,0,,0,263T1,"ELIZABETH LAKE RD","RANCH CENTER DR",0.00,,Y,A,-,N,,,,,,,,,,Y,4,0,2,2,A,-,01,23152,A,N,C,C,A,A,H,-,D,A,0,,,,,Y,Y,A,01,0,0,2,0,0,0,0,0,0,"- ","- ",34.590011596679688,-118.20317077636719,"LOS ANGELES",PALMDALE,-118.20298004150391,34.589988708496094
8754246,2018,2019-01-30,1926,2018-12-01,1756,0036,2,6,5,5,1926,0,0,0,,0,002,"S GRAND AV","FLEETWOOD PL",349.00,N,N,A,-,N,,,,,,,,,,Y,3,0,1,2,A,-,01,23152,A,N,B,E,A,A,H,-,C,A,0,,,Y,,Y,Y,C,02,0,1,0,0,0,0,0,0,1,"- ","- ",34.110240936279297,-117.87242126464844,"LOS ANGELES",GLENDORA,-117.87265014648438,34.10882568359375
8755893,2018,2019-02-22,1942,2018-12-14,2330,34561,1011,5,5,7,1942,0,0,0,J,0,10A3,"TAMPA AV","SATICOY ST",35.00,N,N,A,-,N,,,,,,,,,,Y,2,0,2,2,A,-,01,23152,A,N,C,C,A,A,H,-,C,A,0,,,,,Y,Y,D,22,1,0,1,0,0,0,0,0,0,"- ","- ",,,"LOS ANGELES","LOS ANGELES",-118.55351257324219,34.208454132080078
8755916,2018,2018-12-26,1900,2018-11-16,0307,274533,1334,5,5,5,1908,0,0,0,,0,13377,"CLARK AV","FLOWER ST",0.00,,Y,A,-,N,,,,,,,,,,Y,3,0,1,1,A,-,01,23152,A,N,E,I,A,A,H,-,C,D,0,,,,,Y,Y,A,07,0,1,0,0,0,0,0,0,0,"- ","- ",,,"LOS ANGELES",BELLFLOWER,-118.13395690917969,33.882049560546875
8756266,2018,2019-02-04,1942,2018-12-03,1250,40398,2102,1,5,7,1942,0,0,0,,0,21A1,"FALLBROOK AV","ROSCOE BL",0.00,,Y,A,-,N,,,,,,,,,,Y,2,0,2,2,A,-,01,23152,A,N,D,C,A,A,H,-,A,A,0,,,,,Y,Y,A,08,2,0,0,0,0,0,0,0,0,"- ","- ",,,"LOS ANGELES","LOS ANGELES",-118.62349700927734,34.219390869140625
8756330,2018,2019-01-02,1906,2018-09-01,1540,4422,,6,5,5,1906,0,0,0,,0,002,"OLIVE ST","EDISON POLE 41568897E",39.00,E,N,A,-,N,,,,,,,,,,Y,4,0,1,3,A,-,08,22107,,N,B,E,A,A,H,-,A,D,0,,,,,Y,Y,D,22,0,0,1,0,0,0,0,0,0,"- ","- ",,,"LOS ANGELES","BALDWIN PARK",,
8757518,2018,2019-01-30,1900,2018-12-03,1915,546256,0533,1,5,5,1959,0,0,0,,0,53T2PM,"WALNUT GROVE AV","HELLMAN AV",0.00,,Y,A,-,N,,,,,,,,,,Y,3,0,1,2,A,-,12,21453,A,N,D,D,A,A,H,-,C,A,0,,,Y,,Y,Y,C,02,0,1,0,0,0,0,0,0,1,"- ","- ",34.069969177246094,-118.08213806152344,"LOS ANGELES",ROSEMEAD,-118.08204650878906,34.069950103759766
8757830,2018,2018-12-19,1946,2018-10-03,2357,P36,1946,3,5,4,1946,0,0,0,,0,003,HUNTINGTON,MOUTAIN,409.00,E,N,A,-,N,,,,,,,,,,Y,3,0,1,2,A,-,01,23152,A,N,E,I,A,A,-,-,C,D,0,,,,,Y,Y,A,01,0,1,0,0,0,0,0,0,0,"- ","- ",,,"LOS ANGELES",MONROVIA,-117.9849853515625,34.139503479003906
8758025,2018,2019-01-25,1942,2018-12-04,0840,33599,1251,2,5,7,1942,0,0,0,L,0,12A51,"CRENSHAW BL","71ST ST",55.00,N,N,A,-,N,,,,,,,,,,N,4,0,1,3,A,-,03,22350,,N,C,C,A,A,H,-,A,D,0,,,,,Y,Y,A,01,0,0,1,0,0,0,0,0,0,"- ","- ",,,"LOS ANGELES","LOS ANGELES",-118.33088600000001,33.975797999999998
8759268,2018,2019-02-13,1965,2018-12-03,1930,3407,0B3B,1,5,5,1965,0,0,0,,0,B003,"SANTA MONICA BL","20TH ST",100.00,W,N,A,-,N,,,,,,,,,,Y,4,0,2,2,A,-,01,23152,A,N,C,C,A,A,H,-,C,A,0,,,,,Y,Y,A,01,0,0,2,0,0,0,0,0,0,"- ","- ",37.019901275634766,-121.00267028808594,"LOS ANGELES","SANTA MONICA",-118.48024749755859,34.028472900390625
8760724,2018,2018-12-27,1942,2018-12-09,0610,32305,1215,7,5,7,1942,0,0,0,L,0,12XL59,"58TH ST",NORMANDIE,765.00,E,N,A,-,N,,,,,,,,,,Y,3,0,1,3,A,-,01,23152,A,N,A,C,A,A,H,-,B,D,0,,,,,Y,Y,A,01,0,1,0,0,0,0,0,0,0,"- ","- ",,,"LOS ANGELES","LOS ANGELES",-118.29768371582031,33.989864349365234
8761572,2018,2019-01-12,1900,2018-12-20,1746,615106,2619,4,5,6,1950,0,0,0,,0,262T1,"RANCHO VISTA BL","DIVISION ST",0.00,,Y,A,-,N,,,,,,,,,,N,4,0,1,2,A,-,09,21802,A,M,D,C,A,A,H,-,C,A,0,,,,,Y,Y,-,99,0,0,1,0,0,0,0,0,0,"- ","- ",34.601509094238281,-118.12959289550781,"LOS ANGELES",PALMDALE,-118.12991,34.601739999999999
8761580,2018,2019-01-12,1900,2018-12-22,2000,619533,2611,6,5,6,1950,0,0,0,,0,262,"RANCHO VISTA BL","LOWES DR",380.00,E,N,A,-,N,,,,,,,,,,Y,4,0,1,2,A,-,08,22107,,N,D,C,A,A,H,-,C,D,0,,,,,Y,Y,A,01,0,0,1,0,0,0,0,0,0,"- ","- ",,,"LOS ANGELES",PALMDALE,-118.143241,34.601844999999997
8761769,2019,2019-02-01,1942,2019-01-07,1750,39410,1615,1,5,7,1942,0,0,0,P,0,16A35,"FOOTHILL BL","GLADSTONE AV",0.00,,N,A,-,N,,,,,,,,,,N,2,0,1,2,A,-,05,21202,A,N,C,G,A,A,H,-,D,A,0,,Y,,,Y,Y,L,04,1,0,0,0,0,0,1,0,0,"- ","- ",,,"LOS ANGELES","LOS ANGELES",-118.38796997070312,34.273189544677734
8761868,2018,2019-01-17,1942,2018-12-24,0050,42045,1672,1,5,7,1942,0,0,0,P,0,16A11,LANKERSHIM,"SAN FERNANDO",0.00,,Y,A,-,N,,,,,,,,,,Y,4,0,1,2,A,-,03,22350,A,F,C,C,A,A,H,-,C,A,0,,,,,Y,Y,-,99,0,0,1,0,0,0,0,0,0,"- ","- ",,,"LOS ANGELES","LOS ANGELES",-118.3878173828125,34.233688354492188
8761882,2018,2019-01-17,1942,2018-11-09,2000,35580,1362,5,5,7,1942,0,0,0,M,0,13V2,"MAIN ST","47TH ST",0.00,,Y,A,-,N,,,,,,,,,,Y,4,0,2,2,A,-,09,21801,A,F,D,C,A,A,H,-,C,A,0,,,,,Y,Y,A,08,0,0,2,0,0,0,0,0,0,"- ","- ",,,"LOS ANGELES","LOS ANGELES",-118.27397918701172,34.001041412353516
8763793,2018,2019-01-17,1942,2018-11-30,0500,42837,"LOS A",5,5,7,1942,0,0,0,,0,7A17,"HIGHLAND AV","3RD ST",0.00,,Y,A,-,N,,,,,,,,,,Y,4,0,1,2,A,-,12,21453,A,N,D,C,A,A,H,-,C,A,0,,,,,Y,Y,-,"- ",0,0,1,0,0,0,0,0,0,"- ","- ",,,"LOS ANGELES","LOS ANGELES",-118.33864,34.068910000000002
8764156,2018,2019-05-24,1934,2018-11-16,1128,777,EASTD,5,5,1,1934,0,0,0,,0,001,"IRWINDALE AV","RT 210",0.00,,Y,A,-,Y,LA,7,210,-,R,38.068,R,4,W,Y,1,1,3,4,A,-,01,23153,A,N,D,C,A,A,H,-,A,A,0,,,,,Y,Y,A,01,0,0,3,0,0,0,0,0,0,"- ",WF,,,"LOS ANGELES",IRWINDALE,-117.93013763427734,34.130767822265625
8764699,2018,2018-12-28,1900,2018-11-30,1620,606079,2603,5,5,6,1950,0,0,0,,0,263T1,"PEARBLOSSOM HWY","30TH ST EAST",0.00,,Y,A,-,N,,,,,,,,,,Y,3,0,3,2,A,-,01,23152,A,N,C,C,A,A,H,-,A,A,0,,,,,Y,Y,A,07,0,1,2,0,0,0,0,0,0,"- ","- ",34.541000366210938,-118.072998046875,"LOS ANGELES",PALMDALE,-118.07347106933594,34.541740417480469
8765504,2018,2019-01-24,1928,2018-12-12,0021,384,527,3,5,5,1928,0,0,0,,0,504,"AVIATION BL","ROSECRANS AV",0.00,,Y,A,-,N,,,,,,,,,,Y,4,0,2,3,A,-,01,23152,A,N,D,C,A,A,H,-,C,A,0,,,,,Y,Y,A,01,0,0,2,0,0,0,0,0,0,"- ","- ",33.901870727539062,-118.37872314453125,"LOS ANGELES",HAWTHORNE,-118.37873077392578,33.901908874511719
8765511,2018,2019-01-04,1942,2018-11-10,0440,42835,1612,6,5,7,1942,0,0,0,P,0,9A23,"MAGNOLIA BL","TYRONE AV",120.00,E,N,A,-,N,,,,,,,,,,Y,3,0,1,2,A,-,08,22107,,N,A,E,A,A,H,-,C,D,0,,,,,Y,Y,A,01,0,1,0,0,0,0,0,0,0,"- ","- ",,,"LOS ANGELES","LOS ANGELES",-118.44395446777344,34.164859771728516
8766622,2018,2019-01-29,1942,2018-12-07,0200,37579,0625,5,5,7,1942,0,0,0,F,0,6T7,"PAT MOORE WY","HIGHLAND AV",0.00,,Y,A,-,N,,,,,,,,,,Y,3,0,2,2,A,-,01,23152,A,N,D,C,A,A,H,-,C,A,0,,,,,Y,Y,A,07,0,1,1,0,0,0,0,0,0,"- ","- ",,,"LOS ANGELES","LOS ANGELES",-118.33622741699219,34.11138916015625
8771125,2018,2020-05-21,1900,2018-11-24,0050,616135,0261,6,5,4,1917,0,0,0,,0,27T,"CLARA ST","OTIS AV",0.00,,-,A,-,N,,,,,,,,,,Y,1,1,1,2,A,-,03,22350,,N,D,C,A,A,G,-,C,B,0,,,Y,,Y,Y,C,02,1,0,0,0,0,0,0,1,1,"- ","- ",,,"LOS ANGELES",CUDAHY,-118.19452667236328,33.966358184814453
8771540,2018,2019-01-09,1941,2018-10-27,1502,10002,,6,5,7,1941,0,0,0,,0,,"ANAHEIM ST","LINDEN AV",95.00,E,N,A,-,N,,,,,,,,,,Y,4,0,1,1,A,-,08,22107,,N,A,I,A,A,H,-,A,A,0,,,,,Y,Y,A,,0,0,1,0,0,0,0,0,0,"- ","- ",,,"LOS ANGELES","LONG BEACH",-118.18635559082031,33.782611846923828
8771756,2018,2019-01-29,1942,2018-12-12,1350,40219,RD153,3,5,7,1942,0,0,0,,0,15A3,BURBANK,WHITSETT,50.00,W,N,A,-,N,,,,,,,,,,Y,4,0,1,2,A,-,01,23152,A,N,C,D,A,A,-,-,A,D,0,,,,,Y,Y,-,,0,0,1,0,0,0,0,0,0,"- ","- ",,,"LOS ANGELES","LOS ANGELES",-118.40542602539062,34.172130584716797
8772134,2018,2019-01-29,1942,2018-12-30,2350,42344,1021,7,5,7,1942,0,0,0,J,0,10A21,"TAMPA AV","VANOWEN ST",440.00,N,N,A,-,N,,,,,,,,,,Y,3,0,1,5,A,-,01,23152,A,N,C,E,A,A,H,-,C,D,0,,,,,Y,Y,A,01,0,1,0,0,0,0,0,0,0,"- ","- ",,,"LOS ANGELES","LOS ANGELES",-118.553466796875,34.195037841796875
8772167,2018,2019-01-10,1900,2018-12-13,0401,524507,0532,4,5,5,1959,0,0,0,,0,53T11E,"DEL MAR AV","NEWMARK AV",161.00,N,N,A,-,N,,,,,,,,,,Y,4,0,1,2,A,-,01,23152,A,N,A,E,A,A,H,-,C,D,0,,,,,Y,Y,A,07,0,0,1,0,0,0,0,0,0,"- ","- ",34.060718536376953,-118.09940338134766,"LOS ANGELES",ROSEMEAD,-118.09947204589844,34.060779571533203
8772278,2018,2019-01-14,1942,2018-11-18,1830,43346,042E,7,5,7,1942,0,0,0,D,0,4A58,"N EASTERN AV",LOMBARDY,200.00,N,N,A,-,N,,,,,,,,,,N,3,0,1,1,A,-,03,22350,,N,-,A,A,-,C,-,D,D,0,,,Y,,Y,Y,O,05,0,1,0,0,0,0,0,0,1,"- ","- ",,,"LOS ANGELES","LOS ANGELES",-118.17804718017578,34.078319549560547
8772646,2018,2019-01-18,1900,2018-12-14,0510,524507,0532,5,5,5,1959,0,0,0,,0,53T1EM,"DEL MAR AV","DOROTHY ST",100.00,S,N,A,-,N,,,,,,,,,,Y,4,0,1,1,A,-,01,23152,A,M,A,I,A,A,H,-,C,D,0,,,,,Y,Y,A,08,0,0,1,0,0,0,0,0,0,"- ","- ",34.067798614501953,-118.09961700439453,"LOS ANGELES",ROSEMEAD,-118.09954071044922,34.067745208740234
8774865,2018,2019-01-12,1948,2018-11-22,2046,420,1948,4,5,5,1948,0,0,0,,0,002,"GARVEY AV","NEW AV",123.00,W,N,A,-,N,,,,,,,,,,N,4,0,1,2,A,-,06,21755,,M,B,C,A,A,H,-,C,A,0,,,,,Y,Y,-,,0,0,1,0,0,0,0,0,0,"- ","- ",,,"LOS ANGELES","MONTEREY PARK",-118.10850524902344,34.0625
8775349,2018,2019-01-29,1942,2018-12-07,1845,38567,1323,5,5,7,1942,0,0,0,M,0,13A13,"ADAMS BL","GRIFFITH AV",20.00,W,N,A,-,N,,,,,,,,,,Y,3,0,3,3,A,-,03,22350,,N,C,C,A,A,H,-,C,D,0,,,,,Y,Y,A,07,0,2,1,0,0,0,0,0,0,"- ","- ",,,"LOS ANGELES","LOS ANGELES",-118.25753784179688,34.019905090332031