CASE_ID,ACCIDENT_YEAR,PROC_DATE,JURIS,COLLISION_DATE,COLLISION_TIME,OFFICER_ID,REPORTING_DISTRICT,DAY_OF_WEEK,CHP_SHIFT,POPULATION,CNTY_CITY_LOC,SPECIAL_COND,BEAT_TYPE,CHP_BEAT_TYPE,CITY_DIVISION_LAPD,CHP_BEAT_CLASS,BEAT_NUMBER,PRIMARY_RD,SECONDARY_RD,DISTANCE,DIRECTION,INTERSECTION,WEATHER_1,WEATHER_2,STATE_HWY_IND,CALTRANS_COUNTY,CALTRANS_DISTRICT,STATE_ROUTE,ROUTE_SUFFIX,POSTMILE_PREFIX,POSTMILE,LOCATION_TYPE,RAMP_INTERSECTION,SIDE_OF_HWY,TOW_AWAY,COLLISION_SEVERITY,NUMBER_KILLED,NUMBER_INJURED,PARTY_COUNT,PRIMARY_COLL_FACTOR,PCF_CODE_OF_VIOL,PCF_VIOL_CATEGORY,PCF_VIOLATION,PCF_VIOL_SUBSECTION,HIT_AND_RUN,TYPE_OF_COLLISION,MVIW,PED_ACTION,ROAD_SURFACE,ROAD_COND_1,ROAD_COND_2,LIGHTING,CONTROL_DEVICE,CHP_ROAD_TYPE,PEDESTRIAN_ACCIDENT,BICYCLE_ACCIDENT,MOTORCYCLE_ACCIDENT,TRUCK_ACCIDENT,NOT_PRIVATE_PROPERTY,ALCOHOL_INVOLVED,STWD_VEHTYPE_AT_FAULT,CHP_VEHTYPE_AT_FAULT,COUNT_SEVERE_INJ,COUNT_VISIBLE_INJ,COUNT_COMPLAINT_PAIN,COUNT_PED_KILLED,COUNT_PED_INJURED,COUNT_BICYCLIST_KILLED,COUNT_BICYCLIST_INJURED,COUNT_MC_KILLED,COUNT_MC_INJURED,PRIMARY_RAMP,SECONDARY_RAMP,LATITUDE,LONGITUDE,COUNTY,CITY,POINT_X,POINT_Y
8895697,2019,2019-07-16,1900,2019-06-19,0214,522462,0819,3,5,4,1960,0,0,0,,0,81K4,"VIA ALEGRE","PASEO ENCINAS",20.00,W,N,A,-,N,,,,,,,,,,Y,4,0,1,1,A,-,01,23152,A,N,E,I,A,A,H,-,C,D,0,,,,,Y,Y,A,01,0,0,1,0,0,0,0,0,0,"- ","- ",,,"LOS ANGELES","SAN DIMAS",-117.83406066894531,34.078365325927734
8896309,2019,2019-11-13,1972,2019-02-17,0857,21152,,7,5,6,1972,0,0,0,,0,,"PACIFIC COAST HWY","VISTA DEL PARQUE",0.00,,Y,A,-,Y,LA,7,1,-,-,17.681,I,5,S,Y,2,0,2,2,A,-,12,21453,A,N,D,C,A,A,H,-,A,A,0,,,,,Y,Y,A,,1,0,1,0,0,0,0,0,0,"- ","- ",,,"LOS ANGELES",TORRANCE,-118.37694549560547,33.815929412841797
8896631,2019,2019-08-02,1942,2019-06-22,1750,42601,1441,6,5,7,1942,0,0,0,N,0,14A45,"WASHINGTON BL","MILDRED AV",0.00,,Y,A,-,,,,,,,,,,,N,4,0,1,2,A,-,03,22350,,F,C,C,A,A,H,-,A,A,0,,,,,Y,Y,-,99,0,0,1,0,0,0,0,0,0,"- ","- ",,,"LOS ANGELES","LOS ANGELES",-118.4552001953125,33.986339569091797
8898671,2019,2019-07-24,1955,2019-06-11,1605,42297,99,2,5,6,1955,0,0,0,,0,003,"MONTEREY AV","MTN VIEW AV",200.00,E,N,A,-,N,,,,,,,,,,Y,2,0,1,4,A,-,01,23152,A,N,C,E,A,A,H,-,A,D,0,,,,,Y,Y,A,01,1,0,0,0,0,0,0,0,0,"- ","- ",,,"LOS ANGELES",POMONA,-117.73403930664062,34.060905456542969
8898812,2019,2019-07-23,1955,2019-06-15,2131,42602,0090,6,5,6,1955,0,0,0,,0,004,"MISSION BL","EAST END AV",400.00,W,N,A,-,N,,,,,,,,,,Y,3,0,1,1,A,-,01,23152,A,N,E,I,A,A,H,-,C,A,0,,,,,Y,Y,A,01,0,1,0,0,0,0,0,0,0,"- ","- ",,,"LOS ANGELES",POMONA,-117.72513580322266,34.055721282958984
8899098,2018,2019-07-24,1924,2018-05-14,0657,111072,23,1,5,5,1924,0,0,0,,0,003,"WESTERN AV","MARINE AV",0.00,,Y,B,-,N,,,,,,,,,,N,4,0,1,2,A,-,09,21801,A,N,D,C,A,A,H,-,A,A,0,,,,,Y,Y,A,01,0,0,1,0,0,0,0,0,0,"- ","- ",33.894668579101562,-118.30912780761719,"LOS ANGELES",GARDENA,-118.30917358398438,33.894649505615234
8899826,2019,2019-07-29,1942,2019-06-30,2100,43740,0904,7,5,7,1942,0,0,0,I,0,9A19,KESTER,SATICOY,100.00,N,N,A,-,N,,,,,,,,,,N,4,0,4,2,A,-,09,21804,A,N,A,C,A,A,H,-,C,D,0,,,,,Y,Y,-,,0,0,4,0,0,0,0,0,0,"- ","- ",,,"LOS ANGELES","LOS ANGELES",-118.45747375488281,34.208744049072266
8900353,2019,2019-07-24,1923,2019-05-18,0938,495,,6,5,3,1923,0,0,0,,0,001,"VISTA DEL MAR","45TH ST",2380.00,N,N,A,-,N,,,,,,,,,,N,3,0,1,1,A,-,01,23152,A,N,E,I,A,A,H,-,A,D,0,,,,,Y,Y,A,01,0,1,0,0,0,0,0,0,0,"- ","- ",33.905891418457031,-118.42066955566406,"LOS ANGELES","EL SEGUNDO",-118.42420196533203,33.911533355712891
8901041,2019,2019-07-29,1976,2019-06-27,1336,883,,4,5,3,1964,0,0,0,,0,001,"WASHINGTON BL","SORENSEN AV",350.00,W,N,A,-,N,,,,,,,,,,Y,3,0,2,2,A,-,01,23152,A,F,C,C,A,A,H,-,A,A,0,,,,,Y,Y,A,01,0,2,0,0,0,0,0,0,0,"- ","- ",,,"LOS ANGELES","SANTA FE SPRINGS",-118.06113433837891,33.969623565673828
8901043,2019,2019-07-29,1942,2019-06-16,1625,36678,2133,7,5,7,1942,0,0,0,,0,21A1,"WOODLAKE AV","W VAIL DR",135.00,S,N,A,-,N,,,,,,,,,,Y,3,0,1,2,A,-,01,23152,A,N,C,E,A,A,H,-,A,-,0,,,,,Y,Y,A,08,0,1,0,0,0,0,0,0,0,"- ","- ",,,"LOS ANGELES","LOS ANGELES",-118.63260650634766,34.200119018554688
8901053,2019,2019-07-29,1976,2019-06-18,0103,568,,2,5,3,1964,0,0,0,,0,003,"CARMENITA RD","ALONDRA BL",0.00,,Y,B,-,N,,,,,,,,,,Y,4,0,1,2,A,-,09,21453,C,N,D,C,A,A,H,-,C,A,0,,,,,Y,Y,A,07,0,0,1,0,0,0,0,0,0,"- ","- ",,,"LOS ANGELES","SANTA FE SPRINGS",-118.04662322998047,33.887920379638672
8901707,2019,2019-08-01,1931,2019-07-16,1248,5649,1931,2,5,5,1931,0,0,0,,0,003,"RITA AV","SATURN AV",339.00,N,N,A,-,N,,,,,,,,,,Y,3,0,1,2,A,-,01,23152,A,N,B,E,A,A,H,-,A,D,0,,,,,Y,Y,A,01,0,1,0,0,0,0,0,0,0,"- ","- ",,,"LOS ANGELES","HUNTINGTON PARK",-118.22385406494141,33.977840423583984
8901871,2019,2019-08-02,1942,2019-07-08,1630,43176,745,1,5,7,1942,0,0,0,,0,7A53,"COCHRAN AV","OLYMPIC BL",0.00,,Y,A,-,N,,,,,,,,,,Y,4,0,3,2,A,-,09,21801,A,N,A,C,A,A,H,-,A,A,0,,,,,Y,Y,A,01,0,0,3,0,0,0,0,0,0,"- ","- ",,,"LOS ANGELES","LOS ANGELES",-118.34908294677734,34.057300567626953
8901909,2019,2019-08-02,1942,2019-07-01,2000,42069,1259,1,5,7,1942,0,0,0,L,0,12A69,"EAST FLORENCE AV","STANFORD AV",0.00,,Y,A,-,N,,,,,,,,,,Y,4,0,2,2,A,-,08,22107,,N,D,C,A,A,H,-,A,D,0,,,,,Y,Y,A,01,0,0,2,0,0,0,0,0,0,"- ","- ",,,"LOS ANGELES","LOS ANGELES",-118.26299285888672,33.974720001220703
8901913,2019,2019-08-02,1942,2019-07-01,0630,33599,,1,5,7,1942,0,0,0,,0,,BRYHURST,"HYDE PARK BL",0.00,,Y,A,-,N,,,,,,,,,,N,4,0,1,2,A,-,21,22106,,N,H,G,A,A,H,-,A,D,0,,Y,,,Y,Y,A,01,0,0,1,0,0,0,1,0,0,"- ","- ",,,"LOS ANGELES","LOS ANGELES",-118.33377075195312,33.980598449707031
8902806,2019,2019-07-29,1907,2019-06-30,2146,241,2,7,5,4,1907,0,0,0,,0,,"FLORENCE AV","CRAFTON AV",22.00,W,N,A,-,N,,,,,,,,,,Y,3,0,1,2,A,-,03,22350,,N,C,C,A,A,H,-,C,A,0,,,,,Y,Y,A,01,0,1,0,0,0,0,0,0,0,"- ","- ",33.968959808349609,-118.17519378662109,"LOS ANGELES",BELL,-118.17529296875,33.968967437744141
8902816,2019,2019-07-30,1942,2019-07-11,1640,43877,0397,4,5,7,1942,0,0,0,C,0,3A62,"DENKER AV","42ND ST",180.00,S,N,A,-,N,,,,,,,,,,Y,4,0,2,2,A,-,03,22350,,N,C,E,A,A,H,-,A,D,0,,,,,Y,Y,A,01,0,0,2,0,0,0,0,0,0,"- ","- ",,,"LOS ANGELES","LOS ANGELES",-118.3045654296875,34.005565643310547
8903409,2019,2020-02-04,1900,2019-07-01,2015,606079,2607,1,5,6,1950,0,0,0,,0,264T1,"47TH ST EAST","AVENUE 5",455.00,N,N,A,-,Y,LA,7,138,-,-,49.930,H,-,E,Y,4,0,3,2,A,-,01,23152,A,N,D,C,A,A,H,-,B,D,0,,,,,Y,Y,A,01,0,0,3,0,0,0,0,0,0,"- ","- ",34.5594482421875,-118.04524993896484,"LOS ANGELES",PALMDALE,-118.04519653320312,34.558788299560547
8904085,2019,2019-08-09,1942,2019-05-30,1755,34458,0449,4,5,7,1942,0,0,0,D,0,24T56,"FICKETT ST","WABASH AV",17.00,S,N,A,-,N,,,,,,,,,,Y,3,0,1,4,A,-,01,23152,A,N,D,C,A,A,H,-,A,A,0,,,,,Y,Y,A,01,0,1,0,0,0,0,0,0,0,"- ","- ",,,"LOS ANGELES","LOS ANGELES",-118.201904296875,34.052127838134766
8905539,2019,2019-08-06,1948,2019-07-11,1817,465,1948,4,5,5,1948,0,0,0,,0,001,"WOODS AV","1ST ST",3.00,S,N,A,-,N,,,,,,,,,,N,4,0,1,2,A,-,10,21950,A,F,B,B,B,A,H,-,A,A,0,Y,,,,Y,Y,-,,0,0,1,0,1,0,0,0,0,"- ","- ",,,"LOS ANGELES","MONTEREY PARK",-118.15587615966797,34.037063598632812
8905760,2019,2019-08-06,1953,2019-06-22,1041,1003,1953,6,5,6,1953,0,0,0,,0,001,"CALIFORNIA BL","EUCLID AV",0.00,,Y,A,-,N,,,,,,,,,,Y,3,0,1,2,A,-,11,21950,B,N,G,B,D,A,H,-,A,D,0,Y,,,,Y,Y,-,"- ",0,1,0,0,1,0,0,0,0,"- ","- ",,,"LOS ANGELES",PASADENA,-118.14285278320312,34.135841369628906
8906654,2019,2019-08-05,1956,2019-07-20,1353,1340,07,6,5,5,1956,0,0,0,,0,001,"S PROSPECT AV","IRENA AV",110.00,S,N,A,-,N,,,,,,,,,,Y,2,0,1,1,A,-,08,22107,,N,E,I,A,A,H,-,A,D,0,,,,,Y,Y,A,01,1,0,0,0,0,0,0,0,0,"- ","- ",,,"LOS ANGELES","REDONDO BEACH",-118.37689971923828,33.821548461914062
8907193,2019,2019-08-07,1901,2019-06-23,0021,295,22,7,5,5,1901,0,0,0,,0,003,"WESTMONT DR","KEATS ST",17.00,N,N,A,-,N,,,,,,,,,,Y,4,0,1,2,A,-,01,23152,A,N,B,E,A,A,H,-,C,D,0,,,,,Y,Y,A,01,0,0,1,0,0,0,0,0,0,"- ","- ",,,"LOS ANGELES",ALHAMBRA,-118.159423828125,34.091205596923828
8908128,2019,2019-08-09,1905,2019-07-13,2032,1174,443,6,5,4,1905,0,0,0,,0,001,"E ARROW HWY","CERRITOS AV",350.00,W,N,A,-,N,,,,,,,,,,Y,4,0,1,3,A,-,01,23152,F,N,B,I,A,A,H,-,C,D,0,,,,,Y,Y,A,01,0,0,1,0,0,0,0,0,0,"- ","- ",34.107509613037109,-117.9002685546875,"LOS ANGELES",AZUSA,-117.90011596679688,34.106769561767578
8908630,2019,2019-08-15,1942,2019-07-14,2040,41875,0952,7,5,7,1942,0,0,0,I,0,9A19,"BURBANK BL","CEDROS AV",30.00,W,N,A,-,N,,,,,,,,,,N,2,0,1,2,A,-,11,21954,A,N,A,B,D,A,H,-,C,D,0,Y,,,,Y,Y,N,60,1,0,0,0,1,0,0,0,0,"- ","- ",,,"LOS ANGELES","LOS ANGELES",-118.45317840576172,34.172111511230469
8908985,2019,2019-08-12,1941,2019-07-26,0159,11126,,5,5,7,1941,0,0,0,,0,,"ARTESIA BL","LIME AV",40.00,E,N,A,-,N,,,,,,,,,,Y,3,0,1,1,A,-,07,21658,A,N,A,I,A,A,H,-,C,B,0,,,,,Y,Y,A,,0,1,0,0,0,0,0,0,0,"- ","- ",,,"LOS ANGELES","LONG BEACH",-118.18379211425781,33.874652862548828
8909694,2019,2019-08-07,1942,2019-05-21,1645,43294,1844,2,5,7,1942,0,0,0,R,0,18A34,"AVALON BL","LANZIT AV",0.00,,Y,A,-,N,,,,,,,,,,N,4,0,1,2,A,-,09,21802,A,F,D,C,A,A,H,-,A,A,0,,,,,Y,Y,-,99,0,0,1,0,0,0,0,0,0,"- ","- ",,,"LOS ANGELES","LOS ANGELES",-118.26519775390625,33.932510375976562
8909762,2019,2019-08-09,1928,2019-07-27,2200,400,508,6,5,5,1928,0,0,0,,0,502,"120TH ST","WILKIE AV",0.00,,Y,A,-,N,,,,,,,,,,Y,3,0,1,2,A,-,01,23152,A,N,C,C,A,A,H,-,C,A,0,,,,,Y,Y,A,01,0,1,0,0,0,0,0,0,0,"- ","- ",33.923709869384766,-118.32238006591797,"LOS ANGELES",HAWTHORNE,-118.32241058349609,33.923709869384766
8909888,2019,2019-08-09,1900,2019-07-10,1830,623588,0644,3,5,6,1985,0,0,0,,0,62T1,"VALENCIA BL","BOUQUET CANYON RD",251.00,W,N,A,-,N,,,,,,,,,,Y,2,0,2,4,A,-,01,23152,F,N,A,C,A,A,H,-,A,D,0,,,,,Y,Y,A,01,1,0,1,0,0,0,0,0,0,"- ","- ",34.423000335693359,-118.54239654541016,"LOS ANGELES","SANTA CLARITA",-118.54190826416016,34.422748565673828
8910932,2020,2020-04-10,1941,2020-02-02,1724,5660,,7,5,7,1941,0,0,0,,0,,"ATLANTIC AV","ATLANTIC AV 675",0.00,,N,A,-,N,,,,,,,,,,Y,1,1,0,3,A,-,01,23152,A,N,C,E,A,A,H,-,A,D,0,,,,,Y,Y,D,,0,0,0,0,0,0,0,0,0,"- ","- ",,,"LOS ANGELES","LONG BEACH",-118.185098,33.775264999999997
8910933,2020,2022-06-11,1942,2020-02-06,0100,39062,1331,4,5,7,1942,0,0,0,M,0,13A41,"S HILL ST","W ADAMS BL",87.00,S,N,A,-,N,,,,,,,,,,Y,1,1,1,2,A,-,11,21954,A,N,G,B,D,A,H,-,C,D,0,Y,,,,Y,Y,N,60,0,1,0,1,0,0,0,0,0,"- ","- ",,,"LOS ANGELES","LOS ANGELES",-118.27098083496094,34.025611877441406
8910952,2020,2022-06-11,1942,2020-03-02,1857,42460,1023,1,5,7,1942,0,0,0,J,0,10A21,"TAMPA AV","HART ST",17.00,S,N,A,-,N,,,,,,,,,,Y,1,1,0,3,A,-,11,21453,D,F,G,B,B,A,H,-,B,D,0,Y,,,,Y,Y,N,60,0,0,0,1,0,0,0,0,0,"- ","- ",,,"LOS ANGELES","LOS ANGELES",-118.55345916748047,34.197414398193359
8911074,2020,2022-06-11,1942,2020-03-30,0155,41376,0706,1,5,7,1942,0,0,0,G,0,7A17,"N HIGHLAND AV","CLINTON ST",300.00,N,N,A,-,N,,,,,,,,,,Y,1,3,1,2,A,-,03,22350,,N,D,C,A,A,H,-,C,D,0,,,,,Y,Y,A,01,0,0,1,0,0,0,0,0,0,"- ","- ",,,"LOS ANGELES","LOS ANGELES",-118.33865356445312,34.082691192626953
8911106,2019,2021-05-20,1933,2019-02-09,0220,,,6,5,6,1933,0,0,0,,0,,"ROSEWOOD AV","CENTURY BL",14.00,N,N,B,-,N,,,,,,,,,,Y,1,1,0,6,A,-,08,22107,,N,E,I,A,A,D,-,C,A,0,,,,,Y,Y,A,01,0,0,0,0,0,0,0,0,0,"- ","- ",33.945850372314453,-118.36016082763672,"LOS ANGELES",INGLEWOOD,-118.36019134521484,33.945476531982422
8911139,2020,2022-06-11,1941,2020-03-26,0206,5660,,4,5,7,1941,0,0,0,,0,,"BELLFLOWER BL","EAST 7TH ST",0.00,,Y,A,-,N,,,,,,,,,,Y,1,1,0,1,A,-,03,22350,,N,E,I,A,A,H,-,C,A,0,,,,,Y,Y,A,,0,0,0,0,0,0,0,0,0,"- ","- ",,,"LOS ANGELES","LONG BEACH",-118.12132263183594,33.775299072265625
8911226,2020,2022-06-11,1942,2020-05-01,1905,43270,1837,5,5,7,1942,0,0,0,R,0,25T52,"IMPERIAL HWY","GRANDEE AV",158.00,W,N,A,-,N,,,,,,,,,,Y,1,3,0,5,A,-,03,22350,,N,C,C,A,A,H,-,C,A,0,,,,,Y,Y,A,01,0,0,0,0,0,0,0,0,0,"- ","- ",,,"LOS ANGELES","LOS ANGELES",-118.24401092529297,33.929508209228516
8911398,2020,2022-06-11,1900,2020-06-28,0646,526680,0531,7,5,5,1959,0,0,0,,0,50T/AM,"TEMPLE CITY BL","VALLEY BL",103.00,S,N,B,-,N,,,,,,,,,,N,1,1,0,2,A,-,05,21650,A,N,B,G,A,A,H,-,A,D,0,,Y,,,Y,Y,L,04,0,0,0,0,0,1,0,0,0,"- ","- ",34.081001281738281,-118.05850219726562,"LOS ANGELES",ROSEMEAD,-118.05838012695312,34.081031799316406
8911479,2020,2022-06-14,1969,2020-02-20,1458,10165,PATRO,4,5,5,1969,0,0,0,,0,001,"TRUVA AV","OHIO AV",0.00,,Y,A,-,N,,,,,,,,,,Y,1,1,1,2,A,-,06,21750,,N,D,C,A,A,H,-,A,D,0,,,Y,,Y,Y,C,02,0,0,1,0,0,0,0,1,0,"- ","- ",,,"LOS ANGELES","SOUTH GATE",-118.22470855712891,33.950351715087891
8911514,2020,2022-06-14,1975,2020-04-17,0040,447,,5,5,6,1975,0,0,0,,0,003,"SUNSET AV","WINDSOR ST",186.00,S,N,B,-,N,,,,,,,,,,Y,1,1,0,1,A,-,08,22107,,N,E,I,A,A,H,-,C,D,0,,,,,Y,Y,A,01,0,0,0,0,0,0,0,0,0,"- ","- ",34.052219390869141,-117.95590972900391,"LOS ANGELES","WEST COVINA",-117.95631408691406,34.051864624023438
8911779,2020,2022-06-18,1942,2020-09-27,0200,42282,1841,7,5,7,1942,0,0,0,R,0,18A41,"S VERMONT AV","W 104TH PL",23.00,N,N,A,-,N,,,,,,,,,,Y,1,1,2,2,A,-,03,22350,,N,C,C,A,A,H,-,C,A,0,,,,,Y,Y,A,01,0,0,2,0,0,0,0,0,0,"- ","- ",,,"LOS ANGELES","LOS ANGELES",-118.29159545898438,33.941574096679688
8911783,2020,2020-11-06,1975,2020-10-11,2250,427,,7,5,6,1975,0,0,0,,0,003,"CALIFORNIA AV","SERVICE AV",262.00,S,N,A,-,N,,,,,,,,,,Y,1,1,1,5,A,-,01,23153,A,F,C,C,A,A,H,-,C,D,0,,,,,Y,Y,A,01,0,1,0,0,0,0,0,0,0,"- ","- ",34.065380096435547,-117.93347930908203,"LOS ANGELES","WEST COVINA",-117.93399047851562,34.0648193359375
8911850,2020,2022-06-18,1942,2020-09-17,2210,41911,1824,4,5,7,1942,0,0,0,R,0,18A34,"E CENTURY BL","CLOVIS AV",35.00,E,N,A,-,N,,,,,,,,,,Y,1,1,2,2,A,-,11,21956,A,N,G,B,E,A,D,-,C,A,0,Y,,,,Y,Y,N,60,0,1,1,1,0,0,0,0,0,"- ","- ",,,"LOS ANGELES","LOS ANGELES",-118.25641632080078,33.945659637451172
8911895,2020,2022-06-11,1900,2020-10-31,2033,627967,1122,6,5,6,1992,0,0,0,,0,112T1,"LANCASTER BL","15TH ST WEST",0.00,,Y,A,-,N,,,,,,,,,,Y,1,1,0,1,A,-,08,22107,,N,E,I,A,A,H,-,C,D,0,,,Y,,Y,Y,C,02,0,0,0,0,0,0,0,1,0,"- ","- ",,,"LOS ANGELES",LANCASTER,-118.15693664550781,34.696708679199219
8911896,2020,2022-06-11,1942,2020-10-29,2340,36814,1253,4,5,7,1942,0,0,0,L,0,12A53,"S WESTERN AV","W 75TH ST",5.00,S,N,A,-,N,,,,,,,,,,Y,1,1,0,2,A,-,10,21950,A,N,G,B,B,A,H,-,C,D,0,Y,,,,Y,Y,A,01,0,0,0,1,0,0,0,0,0,"- ","- ",,,"LOS ANGELES","LOS ANGELES",-118.30899810791016,33.971817016601562
8913639,2019,2019-12-05,1942,2019-06-23,2210,43788,0326,7,5,7,1942,0,0,0,C,0,3A64-W,"NORMANDIE AV",ADAMS,3.00,S,N,A,-,N,,,,,,,,,,N,4,0,1,2,A,-,11,21954,A,F,H,B,B,A,H,-,C,A,0,Y,,,,Y,Y,-,99,0,0,1,0,1,0,0,0,0,"- ","- ",,,"LOS ANGELES","LOS ANGELES",-118.30023956298828,34.032711029052734
8914319,2019,2019-08-15,1900,2019-07-23,1346,602365,2608,2,5,6,1950,0,0,0,,0,263T1P,"35TH ST EAST","AVENUE R",0.00,,Y,A,-,N,,,,,,,,,,Y,4,0,4,2,A,-,01,23152,A,F,D,C,A,A,H,-,A,A,0,,,,,Y,Y,A,01,0,0,4,0,0,0,0,0,0,"- ","- ",34.573001861572266,-118.06719970703125,"LOS ANGELES",PALMDALE,-118.06729125976562,34.572990417480469
8914735,2019,2019-08-21,1900,2019-07-17,0347,622429,2619,3,5,6,1950,0,0,0,,0,262T1,"TECHNOLOGY DR","10TH ST W",452.00,W,N,A,G,N,,,,,,,,,,Y,3,0,1,1,A,-,01,23152,A,N,E,I,A,A,H,-,C,D,0,,,,,Y,Y,A,01,0,1,0,0,0,0,0,0,0,"- ","- ",34.594501495361328,-118.14610290527344,"LOS ANGELES",PALMDALE,-118.14762115478516,34.594470977783203
8915788,2019,2019-08-13,1953,2019-07-19,2044,2183,1953,5,5,6,1953,0,0,0,,0,002,"ORANGE GROVE BL","WORCESTER AV",100.00,W,N,A,-,N,,,,,,,,,,N,3,0,1,2,A,-,11,21955,,N,G,B,D,A,H,-,C,D,0,Y,,,,Y,Y,N,60,0,1,0,0,1,0,0,0,0,"- ","- ",,,"LOS ANGELES",PASADENA,-118.14527130126953,34.157848358154297
8915795,2019,2019-08-13,1942,2019-07-18,0140,33757,0635,4,5,7,1942,0,0,0,F,0,6TL7,"CAHUENGA BL","WHITLEY TR",100.00,S,N,A,-,N,,,,,,,,,,Y,3,0,1,5,A,-,01,23152,A,M,C,E,A,A,H,-,C,D,0,,,,,Y,Y,A,01,0,1,0,0,0,0,0,0,0,"- ","- ",,,"LOS ANGELES","LOS ANGELES",-118.33322906494141,34.111251831054688
8917204,2019,2019-08-15,1920,2019-06-12,1353,12609,1920,3,5,6,1920,0,0,0,,0,001,"BELLFLOWER BL","WASHBURN RD",0.00,,Y,A,-,N,,,,,,,,,,N,3,0,1,2,D,-,00,,,M,G,B,E,A,H,-,A,D,0,Y,,,,Y,Y,-,"- ",0,1,0,0,1,0,0,0,0,"- ","- ",,,"LOS ANGELES",DOWNEY,-118.12542724609375,33.924289703369141
8917497,2019,2019-08-23,1938,2019-02-06,1312,677,,3,5,4,1938,0,0,0,,0,001,"ESPERANZA DR","SHEMIRAN ST",36.00,N,N,A,-,N,,,,,,,,,,Y,3,0,1,1,A,-,01,23152,A,N,E,I,A,A,H,-,A,D,0,,,,,Y,Y,D,22,0,1,0,0,0,0,0,0,0,"- ","- ",,,"LOS ANGELES","LA VERNE",-117.75769805908203,34.134162902832031
8917597,2019,2019-08-16,1955,2019-07-16,2201,42415,3,2,5,6,1955,0,0,0,,0,004,"GAREY AV","9TH ST",200.00,S,N,A,-,N,,,,,,,,,,Y,3,0,1,3,A,-,01,23152,A,M,B,E,A,A,H,-,C,D,0,,,,,Y,Y,A,01,0,1,0,0,0,0,0,0,0,"- ","- ",,,"LOS ANGELES",POMONA,-117.74995422363281,34.050914764404297
8917835,2019,2019-08-20,1969,2019-07-05,0523,10220,PATRO,5,5,5,1969,0,0,0,,0,004,"MASON ST","FIRESTONE BL",0.00,,Y,A,-,N,,,,,,,,,,N,2,0,1,2,A,-,05,21650,,N,D,G,A,A,H,-,C,A,0,,Y,,,Y,Y,L,04,1,0,0,0,0,0,1,0,0,"- ","- ",,,"LOS ANGELES","SOUTH GATE",-118.18009948730469,33.951271057128906
8917981,2019,2019-08-22,1955,2019-07-28,1930,42609,49,7,5,6,1955,0,0,0,,0,001,"LAUREL AV","LEWIS ST",0.00,,Y,A,-,N,,,,,,,,,,Y,4,0,1,2,A,-,01,23152,A,N,D,C,A,A,H,-,A,A,0,,,,,Y,Y,A,01,0,0,1,0,0,0,0,0,0,"- ","- ",,,"LOS ANGELES",POMONA,-117.76960754394531,34.063941955566406
8919286,2019,2019-08-22,1942,2019-07-09,1355,40936,1823,2,5,7,1942,0,0,0,R,0,18A26,"CENTURY BL","TOWNE AV",0.00,,Y,A,-,N,,,,,,,,,,N,3,0,5,2,A,-,09,21801,A,N,C,A,A,-,D,-,A,D,0,,,,,Y,Y,A,07,0,3,2,0,0,0,0,0,0,"- ","- ",,,"LOS ANGELES","LOS ANGELES",-118.26737976074219,33.945590972900391
8919287,2019,2019-08-21,1942,2019-07-28,0105,42069,0319,7,5,7,1942,0,0,0,C,0,3A19,"S FLOWER ST","W ADAMS BL",108.00,N,N,A,-,N,,,,,,,,,,Y,4,0,1,2,A,-,03,22350,,N,E,I,A,A,H,-,C,A,0,,,,,Y,Y,A,01,0,0,1,0,0,0,0,0,0,"- ","- ",,,"LOS ANGELES","LOS ANGELES",-118.27473449707031,34.027889251708984
8920133,2019,2019-09-24,1941,2019-08-01,0205,5878,,4,5,7,1941,0,0,0,,0,,"ATLANTIC AV","ANAHEIM ST",10.00,S,N,A,-,N,,,,,,,,,,N,3,0,1,2,A,-,03,22350,,M,C,C,A,A,A,-,C,A,0,,,,,Y,Y,A,,0,1,0,0,0,0,0,0,0,"- ","- ",,,"LOS ANGELES","LONG BEACH",-118.18504333496094,33.782581329345703
8920986,2019,2019-08-29,1942,2019-08-13,1310,37505,0236,2,5,7,1942,0,0,0,B,0,2A47,"W 3RD ST","S BURLINGTON AV",0.00,,Y,A,-,N,,,,,,,,,,Y,3,0,2,2,A,-,01,23152,A,N,D,C,A,A,H,-,A,A,0,,,,,Y,Y,A,01,0,1,1,0,0,0,0,0,0,"- ","- ",,,"LOS ANGELES","LOS ANGELES",-118.26894378662109,34.061309814453125
8921551,2019,2019-08-30,1942,2019-08-17,2350,42664,0724,6,5,7,1942,0,0,0,G,0,7A33,"BEVERLY BL","SPAULDING AV",82.00,W,N,A,-,N,,,,,,,,,,Y,2,0,2,3,A,-,01,23152,A,F,G,B,E,A,H,-,C,D,0,Y,,,,Y,Y,A,07,1,1,0,0,1,0,0,0,0,"- ","- ",,,"LOS ANGELES","LOS ANGELES",-118.35764312744141,34.076141357421875
8921648,2019,2019-09-03,1942,2019-07-27,1720,34458,1313,6,5,7,1942,0,0,0,M,0,24T56,"16TH ST","SAN PEDRO ST",40.00,E,N,A,-,N,,,,,,,,,,Y,4,0,3,2,A,-,01,23152,A,N,C,C,A,A,H,-,A,A,0,,,,,Y,Y,A,01,0,0,3,0,0,0,0,0,0,"- ","- ",,,"LOS ANGELES","LOS ANGELES",-118.25583648681641,34.029811859130859