CASE_ID,ACCIDENT_YEAR,PROC_DATE,JURIS,COLLISION_DATE,COLLISION_TIME,OFFICER_ID,REPORTING_DISTRICT,DAY_OF_WEEK,CHP_SHIFT,POPULATION,CNTY_CITY_LOC,SPECIAL_COND,BEAT_TYPE,CHP_BEAT_TYPE,CITY_DIVISION_LAPD,CHP_BEAT_CLASS,BEAT_NUMBER,PRIMARY_RD,SECONDARY_RD,DISTANCE,DIRECTION,INTERSECTION,WEATHER_1,WEATHER_2,STATE_HWY_IND,CALTRANS_COUNTY,CALTRANS_DISTRICT,STATE_ROUTE,ROUTE_SUFFIX,POSTMILE_PREFIX,POSTMILE,LOCATION_TYPE,RAMP_INTERSECTION,SIDE_OF_HWY,TOW_AWAY,COLLISION_SEVERITY,NUMBER_KILLED,NUMBER_INJURED,PARTY_COUNT,PRIMARY_COLL_FACTOR,PCF_CODE_OF_VIOL,PCF_VIOL_CATEGORY,PCF_VIOLATION,PCF_VIOL_SUBSECTION,HIT_AND_RUN,TYPE_OF_COLLISION,MVIW,PED_ACTION,ROAD_SURFACE,ROAD_COND_1,ROAD_COND_2,LIGHTING,CONTROL_DEVICE,CHP_ROAD_TYPE,PEDESTRIAN_ACCIDENT,BICYCLE_ACCIDENT,MOTORCYCLE_ACCIDENT,TRUCK_ACCIDENT,NOT_PRIVATE_PROPERTY,ALCOHOL_INVOLVED,STWD_VEHTYPE_AT_FAULT,CHP_VEHTYPE_AT_FAULT,COUNT_SEVERE_INJ,COUNT_VISIBLE_INJ,COUNT_COMPLAINT_PAIN,COUNT_PED_KILLED,COUNT_PED_INJURED,COUNT_BICYCLIST_KILLED,COUNT_BICYCLIST_INJURED,COUNT_MC_KILLED,COUNT_MC_INJURED,PRIMARY_RAMP,SECONDARY_RAMP,LATITUDE,LONGITUDE,COUNTY,CITY,POINT_X,POINT_Y
90301377,2016,2016-10-26,9530,2016-10-10,2050,020300,,1,2,9,1900,0,3,5,,2,001,"COMPTON AVE. (6300 BLOCK)","GAGE AVE.",36.00,S,N,A,-,N,,,,,,,,,,Y,3,0,1,4,A,-,01,23152,A,N,B,C,A,A,H,-,C,A,0,,,,,Y,Y,A,01,0,1,0,0,0,0,0,0,0,"- ","- ",33.981879999999997,-118.24766,"LOS ANGELES",UNINCORPORATED,-118.24773562,33.981961339999998
90301537,2016,2016-10-26,9545,2016-10-20,1630,014790,,4,2,9,1900,0,3,5,,2,004,"MOUNT EMMA RD","FORT TEJON RD",0.00,,Y,A,-,N,,,,,,,,,,Y,4,0,1,1,A,-,12,22450,A,N,E,I,A,A,H,-,A,A,0,,,,,Y,Y,A,01,0,0,1,0,0,0,0,0,0,"- ","- ",34.507330000000003,-117.96957999999999,"LOS ANGELES",UNINCORPORATED,-117.96980012,34.507400009999998
90302485,2016,2016-10-27,9540,2016-10-20,2245,021370,,4,3,6,1985,0,1,1,,2,506,"I-5 N/B (GOLDEN STATE FREEWAY)","LYON AVE",2000.00,S,N,A,-,Y,,,5,,,,,,N,N,4,0,1,2,A,-,01,23152,A,M,C,C,A,A,H,-,D,D,0,,,,,Y,Y,D,22,0,0,1,0,0,0,0,0,0,"- ","- ",34.373510000000003,-118.56201,"LOS ANGELES","SANTA CLARITA",-118.56202956999999,34.373497409999999
90307891,2016,2016-11-01,9550,2016-10-30,1900,021123,,7,2,6,1949,0,1,1,,2,651,"I-605 S/B","IMPERIAL HIGHWAY",700.00,S,N,A,-,Y,,,605,,,,,,S,Y,4,0,1,2,A,-,01,23152,A,N,C,C,A,A,H,-,D,D,0,,,,,Y,Y,A,08,0,0,1,0,0,0,0,0,0,"- ","- ",33.914789999999996,-118.10473,"LOS ANGELES",NORWALK,-118.10490156,33.914793109999998
90310119,2016,2016-11-03,9540,2016-10-23,0320,021360,,7,3,7,1942,0,1,1,,2,500,"I-5 NORTHBOUND (GOLDEN STATE FREEWAY)","CHATSWORTH DR",718.00,S,N,A,-,Y,,,5,,,,,,N,Y,3,0,1,1,A,-,01,23152,A,N,E,I,A,A,H,-,C,D,0,,,,,Y,Y,A,01,0,1,0,0,0,0,0,0,0,"- ","- ",34.271920000000001,-118.44816,"LOS ANGELES","LOS ANGELES",-118.44837217,34.271768229999999
90312588,2016,2016-11-07,9530,2016-11-06,0146,020687,,7,3,7,1941,0,1,1,,2,420,"I-405 S/B TO CHERRY AVE","WALNUT AVE.",75.00,N,N,A,-,Y,,,405,,,,R,,S,Y,4,0,2,2,A,-,01,23152,A,N,C,C,A,A,H,-,C,D,0,,,,,Y,Y,A,01,0,0,2,0,0,0,0,0,0,"- ","- ",33.813000000000002,-118.16800000000001,"LOS ANGELES","LONG BEACH",-118.16800000000001,33.813000000000002
90312901,2016,2016-11-07,9540,2016-10-27,0810,021374,,4,1,7,1942,0,1,1,,1,503,"I-5 S/B (GOLDEN STATE FREEWAY)","I-210 E/B",2600.00,N,N,B,-,Y,,,5,,,,,,S,Y,4,0,1,4,A,-,03,22350,,F,C,C,A,A,H,-,A,D,0,,,,,Y,Y,D,22,0,0,1,0,0,0,0,0,0,"- ","- ",34.322150000000001,-118.49866,"LOS ANGELES","LOS ANGELES",-118.49862752999999,34.322207400000003
90317365,2016,2016-11-11,9590,2016-10-31,0210,019110,,1,3,7,1942,0,1,1,,2,010,"SR-110 N/B (ASP) TO I-5 N/B (GSF)","TUNNEL #4 (N/ EDGE)",250.00,N,N,A,-,Y,,,110,,,,R,,N,Y,2,0,1,1,A,-,01,23152,A,N,E,I,A,A,H,-,C,D,0,,,,,Y,Y,A,01,1,0,0,0,0,0,0,0,0,"- ","- ",34.080089999999998,-118.22744,"LOS ANGELES","LOS ANGELES",-118.22744,34.080089999999998
90318231,2016,2016-11-14,9580,2016-10-27,0005,020296,,4,3,7,1942,0,1,3,,2,114,"SR-118 E/B (RONALD REAGAN FWY.)","SEPULVEDA BLVD",700.00,E,N,A,-,Y,,,118,,,,,,E,Y,3,0,2,2,A,-,01,23152,A,N,C,C,A,A,D,-,D,D,0,,,,,Y,Y,A,01,0,1,1,0,0,0,0,0,0,"- ","- ",34.265790000000003,-118.46147000000001,"LOS ANGELES","LOS ANGELES",-118.4614701,34.265774059999998
90318441,2016,2016-11-14,9580,2016-11-05,0320,021015,,6,3,7,1942,0,1,1,,2,404,"I-405 N/B (SAN DIEGO FWY)","MULHOLLAND DR",3168.00,N,N,A,-,Y,,,405,,,,,,N,Y,3,0,1,2,A,-,01,23152,A,N,B,C,A,A,H,-,D,D,0,,,,,Y,Y,A,01,0,1,0,0,0,0,0,0,0,"- ","- ",34.132399999999997,-118.47284999999999,"LOS ANGELES","LOS ANGELES",-118.47282276,34.132391509999998
90319252,2016,2016-11-14,9590,2016-11-13,1530,020773,,7,2,7,1942,0,1,1,,2,065,"I-10 W/B (SANTA MONICA FREEWAY)","CENTRAL AVE.",200.00,E,N,A,-,Y,,,10,,,,,,W,N,4,0,1,2,A,-,01,23152,A,F,C,C,A,A,H,-,A,D,0,,,,,Y,Y,A,01,0,0,1,0,0,0,0,0,0,"- ","- ",34.025170000000003,-118.24764999999999,"LOS ANGELES","LOS ANGELES",-118.24765363,34.025163329999998
90321289,2016,2016-11-16,9580,2016-03-25,0700,014592,,5,1,7,1942,0,1,1,,2,404,"I-405 N/B (SAN DIEGO FWY)","LA RIVER CHANNEL",167.00,N,N,A,-,Y,,,405,,,,,,N,Y,1,1,0,2,A,-,01,23152,A,N,C,E,A,A,H,-,A,D,0,,,,Y,Y,Y,A,01,0,0,0,0,0,0,0,0,0,"- ","- ",34.163539999999998,-118.46937,"LOS ANGELES","LOS ANGELES",-118.46946627,34.16353771
90321437,2016,2016-12-19,9590,2016-11-11,0605,021291,,5,1,7,1942,0,1,1,,2,053,"I-110 S/B (HARBOR FREEWAY)","30TH STREET",100.00,S,N,A,-,Y,,,110,,,,,,S,Y,3,0,2,2,A,-,01,23152,A,N,C,E,A,A,H,-,A,D,0,,,,,Y,Y,A,01,0,1,1,0,0,0,0,0,0,"- ","- ",34.024050000000003,-118.27681,"LOS ANGELES","LOS ANGELES",-118.27665689,34.023971629999998
9032161,2019,2020-02-04,1900,2019-12-23,2157,624036,1323,1,5,5,1935,0,0,0,,0,132T2,"PARAMOUNT BL","DEL AMO BL",0.00,,Y,B,-,N,,,,,,,,,,Y,4,0,1,2,A,-,09,21801,A,N,D,C,A,B,H,-,C,A,0,,,,,Y,Y,A,01,0,0,1,0,0,0,0,0,0,"- ","- ",,,"LOS ANGELES",LAKEWOOD,-118.15988922119141,33.847141265869141
9032381,2019,2020-02-14,1975,2019-11-28,2042,457,,4,5,6,1975,0,0,0,,0,003,"FRANCISQUITO AV","BROADMOOR AV",25.00,E,N,C,-,N,,,,,,,,,,Y,2,0,1,2,A,-,10,21954,B,N,G,B,D,B,H,-,C,D,0,Y,,,,Y,Y,A,01,1,0,0,0,1,0,0,0,0,"- ","- ",34.052078247070312,-117.95169067382812,"LOS ANGELES","WEST COVINA",-117.95160675048828,34.052021026611328
9032536,2019,2020-01-28,1942,2019-11-06,1610,42543,,3,5,7,1942,0,0,0,,0,,"118TH ST","AVALON BL",0.00,,Y,A,-,N,,,,,,,,,,N,3,0,3,2,A,-,12,21453,A,N,D,C,A,A,H,-,A,A,0,,,,,Y,Y,A,01,0,2,1,0,0,0,0,0,0,"- ","- ",,,"LOS ANGELES","LOS ANGELES",-118.26519775390625,33.926460266113281
90326129,2016,2016-11-21,9525,2016-11-10,2305,021156,,4,3,9,1900,0,3,5,,2,003,"AZUSA AVE","TEMPLE AVE",0.00,,Y,A,-,N,,,,,,,,,,Y,4,0,1,1,A,-,01,23152,A,N,E,I,A,A,H,-,C,D,0,,,,,Y,Y,A,01,0,0,1,0,0,0,0,0,0,"- ","- ",34.024819999999998,-117.9177,"LOS ANGELES",UNINCORPORATED,-117.91770003000001,34.024680109999998
90326422,2016,2016-11-21,9580,2016-11-09,1500,020400,,3,2,7,1942,0,1,1,,2,404,"I-405 N/B (SAN DIEGO FWY)","VENTURA BLVD",1584.00,S,N,A,-,Y,,,405,,,,,,N,Y,4,0,1,2,A,-,03,22350,,M,C,C,A,A,H,-,A,D,0,,,,,Y,Y,A,01,0,0,1,0,0,0,0,0,0,"- ","- ",34.149540000000002,-118.46863999999999,"LOS ANGELES","LOS ANGELES",-118.4686596,34.149549270000001
90327261,2016,2016-11-22,9545,2016-11-20,0320,020749,,7,3,9,1900,0,3,5,,2,002,"SIERRA HIGHWAY","BARREL SPRINGS ROAD",1074.00,S,N,A,-,N,,,,,,,,,,Y,3,0,1,1,A,-,01,23152,A,N,E,I,A,A,H,-,D,D,0,,,,,Y,Y,A,01,0,1,0,0,0,0,0,0,0,"- ","- ",34.54016,-118.10639999999999,"LOS ANGELES",UNINCORPORATED,-118.10781292999999,34.54328786
9032782,2019,2020-02-11,1942,2019-12-22,1745,43887,2064,7,5,7,1942,0,0,0,,0,20A44,"PICO BL","IROLO ST",81.00,W,N,B,-,N,,,,,,,,,,N,2,0,1,2,A,-,11,21955,,N,G,B,D,A,H,-,C,D,0,Y,,,,Y,Y,N,60,1,0,0,0,1,0,0,0,0,"- ","- ",,,"LOS ANGELES","LOS ANGELES",-118.30128479003906,34.047229766845703
90328301,2016,2016-11-23,9590,2016-11-05,0425,021040,,6,3,7,1942,0,1,2,,2,072,"US-101 N/B (HOLLYWOOD FREEWAY)","IVAR AVE.",700.00,S,N,A,-,Y,,,101,,,,,,N,Y,3,0,2,4,A,-,01,23152,A,N,C,B,E,A,D,-,C,D,0,Y,,,,Y,Y,D,22,0,1,1,0,1,0,0,0,0,"- ","- ",34.105939999999997,-118.32737,"LOS ANGELES","LOS ANGELES",-118.32734052000001,34.105989360000002
9032926,2019,2020-01-27,1942,2019-12-15,0030,42116,RD#20,7,5,7,1942,0,0,0,,0,20A97-,"WILSHIRE BL","WESTERN AV",0.00,,Y,A,G,N,,,,,,,,,,N,4,0,1,2,A,-,09,21801,A,N,A,C,A,A,H,-,C,A,0,,,,,Y,Y,A,08,0,0,1,0,0,0,0,0,0,"- ","- ",,,"LOS ANGELES","LOS ANGELES",-118.30908203125,34.061679840087891
90330628,2016,2016-11-28,9530,2016-11-23,2121,020608,,3,2,9,1900,0,3,5,,2,001,"PACIFIC BLVD.","CALIFORNIA ST.",0.00,,Y,A,-,N,,,,,,,,,,Y,4,0,1,2,A,-,09,21802,A,N,D,C,A,A,H,-,C,A,0,,,,,Y,Y,A,01,0,0,1,0,0,0,0,0,0,"- ","- ",33.972499999999997,-118.22523,"LOS ANGELES",UNINCORPORATED,-118.22523008,33.972500119999999
90330653,2016,2016-11-28,9575,2016-10-01,0434,020918,,6,3,6,1912,0,1,1,,2,051,"I-5 S/B (GOLDEN STATE FREEWAY)","ALAMEDA AVE.",2112.00,N,N,A,-,Y,,,,,,,,,,Y,3,0,1,2,A,-,03,22350,,N,C,C,A,A,H,-,C,D,0,,,,,Y,Y,D,22,0,1,0,0,0,0,0,0,0,"- ","- ",34.175449999999998,-118.17031,"LOS ANGELES",BURBANK,-118.30674999999999,34.174109999999999
90331486,2016,2016-11-29,9525,2016-11-27,0150,020632,,7,3,4,1905,0,1,1,,2,204,"I-210 E/B (FOOTHILL FREEWAY)","CITRUS AVE",1056.00,W,N,B,-,Y,,,210,,,,,,E,Y,4,0,2,1,A,-,01,23152,A,N,E,J,A,A,H,-,C,D,0,,,,,Y,Y,A,01,0,0,2,0,0,0,0,0,0,"- ","- ",34.120910000000002,-117.89557000000001,"LOS ANGELES",AZUSA,-117.8955696,34.120924719999998
90332252,2016,2016-12-07,9545,2016-11-24,0250,019414,,4,3,9,1900,0,3,5,,2,003,"ESCONDIDO CANYON RD","JONES CANYON RD",76.00,E,N,A,-,N,,,,,,,,,,Y,4,0,1,1,A,-,01,23152,A,N,E,I,A,A,H,-,D,D,0,,,,,Y,Y,A,01,0,0,1,0,0,0,0,0,0,"- ","- ",34.489980000000003,-118.20936,"LOS ANGELES",UNINCORPORATED,-118.21217643,34.482208219999997
90334401,2016,2016-12-01,9545,2016-11-26,0350,020749,,6,3,9,1900,0,1,3,,2,031,"SR-14 N/B (ANTELOPE VALLEY FREEWAY)","WARD ROAD",2110.00,N,N,A,-,Y,,,14,,,,,,N,Y,4,0,1,1,A,-,01,23152,A,N,E,I,A,A,H,-,C,D,0,,,,,Y,Y,A,01,0,0,1,0,0,0,0,0,0,"- ","- ",34.498309999999996,-118.22131,"LOS ANGELES",UNINCORPORATED,-118.22138848,34.498169539999999
90335089,2016,2016-12-01,9535,2016-11-13,2115,021381,,7,2,5,1915,0,1,1,,2,074,"I-710 N/B TO ALONDRA BLVD. OFF-RAMP","ALONDRA BLVD.",26.00,S,N,A,-,Y,,,710,,,,R,,N,Y,3,0,1,2,A,-,01,23152,A,N,C,C,A,A,H,-,C,A,0,,,,,Y,Y,A,01,0,1,0,0,0,0,0,0,0,"- ","- ",33.88888,-118.18678,"LOS ANGELES",COMPTON,-118.18678,33.88888
90336168,2016,2016-12-05,9575,2016-11-05,0405,020950,,6,3,7,1942,0,1,1,,2,052,"I-5 N/B (GOLDEN STATE FREEWAY)","PENROSE ST.",1000.00,S,N,A,-,Y,,,5,,,,,,N,Y,4,0,1,2,A,-,01,23152,A,N,C,C,A,A,H,-,C,D,0,,,,,Y,Y,A,01,0,0,1,0,0,0,0,0,0,"- ","- ",34.223959999999998,-118.37224999999999,"LOS ANGELES","LOS ANGELES",-118.37226314,34.223943679999998
90337357,2016,2017-06-14,9575,2016-11-20,0320,020763,,7,3,6,1925,0,1,3,,2,090,"SR-2 W/B (GLENDALE FREEWAY)","FERN LANE",80.00,N,N,B,-,Y,,,2,,,,,,W,Y,1,1,1,1,A,-,01,23152,A,N,E,I,A,A,H,-,D,A,0,,,,,Y,Y,A,01,0,1,0,0,0,0,0,0,0,"- ","- ",34.186309999999999,-118.21756000000001,"LOS ANGELES",GLENDALE,-118.21768455,34.186307749999997
90337475,2016,2016-12-06,9530,2016-11-25,2023,021106,,5,2,7,1942,0,1,1,,2,120,"I-110 S/B (HARBOR FREEWAY)","PACIFIC COAST HWY.",600.00,N,N,A,-,Y,,,110,,,,,,S,Y,3,0,1,2,A,-,01,23152,A,M,C,C,A,A,H,-,C,D,0,,,,,Y,Y,A,01,0,1,0,0,0,0,0,0,0,"- ","- ",33.7986,-118.2878,"LOS ANGELES","LOS ANGELES",-118.28776691,33.798625819999998
90338751,2016,2016-12-07,9530,2016-12-06,1840,020175,,2,2,5,1977,0,1,3,,2,310,"SR-91 E/B (ARTESIA FREEWAY)","MAIN ST.",350.00,W,N,A,-,Y,,,,,,,,,,N,4,0,1,2,A,-,01,23152,A,N,C,C,A,A,H,-,C,D,0,,,,,Y,Y,A,07,0,0,1,0,0,0,0,0,0,"- ","- ",33.522100000000002,-118.1634,"LOS ANGELES",CARSON,-118.27664065,33.872600929999997
90341181,2016,2016-12-09,9530,2016-11-28,0109,021106,,1,3,7,1941,0,1,1,,2,430,"I-405 N/B (SAN DIEGO FREEWAY)","LAKEWOOD BLVD.",500.00,S,N,A,-,Y,,,405,,,,,,N,Y,4,0,1,1,A,-,01,23152,A,N,E,I,A,A,H,-,C,D,0,,,,,Y,Y,A,07,0,0,1,0,0,0,0,0,0,"- ","- ",33.804499999999997,-118.1397,"LOS ANGELES","LONG BEACH",-118.13969738,33.804504299999998
90341972,2016,2016-12-12,9545,2016-11-21,2100,018033,,1,2,9,1900,0,3,5,,2,003,"MOUNT EMMA RD","ANGELES FOREST HWY",7972.00,E,N,A,-,N,,,,,,,,,,Y,4,0,1,1,A,-,01,23152,A,N,F,I,A,A,H,-,D,D,0,,,,,Y,Y,A,01,0,0,1,0,0,0,0,0,0,"- ","- ",34.485109999999999,-118.26707999999999,"LOS ANGELES",UNINCORPORATED,-118.08599977999999,34.46203087
9034198,2019,2020-02-08,1942,2019-11-26,1904,42109,NORTH,2,5,7,1942,0,0,0,,0,1132,ROWENA,HYPERION,0.00,,-,A,-,N,,,,,,,,,,N,4,0,1,2,A,-,04,21703,,N,C,C,A,A,H,-,C,D,0,,,,,Y,Y,A,07,0,0,1,0,0,0,0,0,0,"- ","- ",,,"LOS ANGELES","LOS ANGELES",-118.27133178710938,34.109218597412109
90342327,2016,2016-12-12,9590,2016-12-04,0148,021201,,7,3,7,1942,0,1,1,,2,011,"SR-110 S/B (ARROYO SECO PARKWAY)","SAN FERNANDO RD.",200.00,N,N,A,-,Y,,,110,,,,,,S,Y,3,0,1,1,A,-,01,23152,A,N,E,I,A,A,H,-,C,D,0,,,,,Y,Y,A,01,0,1,0,0,0,0,0,0,0,"- ","- ",34.081670000000003,-118.22445,"LOS ANGELES","LOS ANGELES",-118.2244603,34.081683390000002
90343157,2016,2016-12-13,9550,2016-12-05,0045,021196,,1,3,6,1949,0,1,1,,2,650,"I-605 S/B TO I-5 S/B","FLORENCE AVENUE",210.00,N,N,A,-,Y,,,,,,,,,,Y,4,0,1,1,A,-,01,23152,A,N,E,I,A,A,H,-,C,D,0,,,,,Y,Y,D,22,0,0,1,0,0,0,0,0,0,"- ","- ",33.941159999999996,-118.09759,"LOS ANGELES",NORWALK,-118.09837,33.938070000000003
90343478,2016,2016-12-13,9550,2016-12-04,0154,10000,,7,3,9,1900,0,1,3,,2,601,"SR-60 W/B (POMONA FREEWAY)","AZUSA AVE",750.00,W,N,A,-,Y,,,60,,,,,,W,Y,4,0,1,2,A,-,01,23152,A,N,C,C,A,A,H,-,C,D,0,,,,,Y,Y,A,01,0,0,1,0,0,0,0,0,0,"- ","- ",33.997549999999997,-117.93377,"LOS ANGELES",UNINCORPORATED,-117.93374540000001,33.997636669999999
90343605,2016,2016-12-13,9535,2016-10-30,0230,021117,,7,3,9,1900,0,1,3,,2,066,"SR-60 E/B TO SR-164 (ROSEMEAD BL) N/B","SR-164 (ROSEMEAD BL)",4.00,E,N,A,-,Y,,,60,,,,R,,E,Y,4,0,2,2,A,-,01,23152,A,N,E,I,A,A,H,-,D,D,0,,,,,Y,Y,A,01,0,0,2,0,0,0,0,0,0,"- ","- ",34.043819999999997,-118.06417,"LOS ANGELES",UNINCORPORATED,-118.06417,34.043819999999997
90346380,2016,2016-12-16,9545,2016-11-23,1700,018033,,3,2,9,1900,0,3,5,,2,003,"ANGELES FOREST HWY","PACIFICO MOUNTAIN RD",38.00,N,N,A,-,Y,,,,,,,,,,Y,2,0,6,2,A,-,01,23153,A,N,A,C,A,A,H,-,D,D,0,,,,,Y,Y,D,22,5,0,1,0,0,0,0,0,0,"- ","- ",34.391530000000003,-118.08092000000001,"LOS ANGELES",UNINCORPORATED,,
90348323,2016,2016-12-19,9550,2016-12-04,0040,10000,,7,3,1,1932,0,1,3,,2,600,"SR-60 E/B (POMONA FREEWAY)","7TH AVE",1320.00,W,N,A,-,Y,,,,,,,,,,Y,3,0,1,2,A,-,03,22350,,M,C,C,A,A,H,-,C,D,0,,,,,Y,Y,A,07,0,1,0,0,0,0,0,0,0,"- ","- ",34.022649999999999,-117.99126,"LOS ANGELES",INDUSTRY,,
90348713,2016,2016-12-20,9525,2016-11-19,1335,020951,,6,1,6,1955,0,1,3,,2,571,"SR-57 S/B (ORANGE FREEWAY)","SOUTH CAMPUS DR.",525.00,N,N,A,-,Y,,,57,,,,,,S,Y,2,0,5,1,A,-,01,23152,A,N,F,A,A,A,H,-,A,D,0,,,,,Y,Y,E,22,2,3,0,0,0,0,0,0,0,"- ","- ",34.062170000000002,-117.80571,"LOS ANGELES",POMONA,-117.80571111,34.062169650000001
9034977,2020,2020-09-25,1942,2020-01-01,0100,40602,0375,3,5,7,1942,0,0,0,C,0,5A15,PCH,"AVALON BL",120.00,W,N,A,-,Y,LA,7,1,-,-,10.550,H,-,N,N,3,0,1,2,A,-,11,21955,,F,A,B,D,A,H,-,C,D,0,Y,,,,Y,Y,N,60,0,1,0,0,1,0,0,0,0,"- ","- ",,,"LOS ANGELES","LOS ANGELES",-118.26365661621094,33.791191101074219
90349861,2016,2016-12-21,9550,2016-12-07,0235,021150,,3,3,9,1900,0,1,3,,2,601,"STATE ROUTE 60 E/B (POMONA FREEWAY)","AZUSA AVENUE",600.00,E,N,A,-,Y,,,60,,,,,,E,Y,3,0,1,2,A,-,03,22350,,N,C,C,A,A,H,-,C,D,0,,,,,Y,Y,D,22,0,1,0,0,0,0,0,0,0,"- ","- ",33.996569999999998,-117.92898,"LOS ANGELES",UNINCORPORATED,-117.92898028,33.996567579999997
9035005,2020,2020-02-11,1955,2020-01-06,2352,42489,20,1,5,6,1955,0,0,0,,0,002,"ARROW HWY","TOWNE AV",0.00,,Y,A,-,N,,,,,,,,,,Y,4,0,1,2,A,-,01,23152,A,N,B,C,A,A,H,-,C,A,0,,,,,Y,Y,A,01,0,0,1,0,0,0,0,0,0,"- ","- ",,,"LOS ANGELES",POMONA,-117.73680114746094,34.090179443359375
90350395,2016,2016-12-21,9525,2016-11-26,1700,021080,,6,2,6,1975,0,1,1,,2,105,"I-10 W/B (SAN BERNARDINO FREEWAY)","VINCENT AVE",528.00,E,N,B,C,Y,,,10,,,,,,W,Y,2,0,1,2,A,-,01,23152,A,N,C,C,A,B,D,E,C,D,0,,,,Y,Y,Y,A,01,1,0,0,0,0,0,0,0,0,"- ","- ",34.072420000000001,-117.92511,"LOS ANGELES","WEST COVINA",-117.92511017,34.072390550000001
90350497,2016,2016-12-21,9590,2016-12-15,0135,020409,,4,3,7,1942,0,1,2,,2,071,"US-101 S/B (HOLLYWOOD FREEWAY)","ALVARADO STREET",30.00,N,N,A,-,Y,,,101,,,,,,S,Y,4,0,1,2,A,-,01,23152,A,F,C,C,A,A,E,-,C,D,0,,,,,Y,Y,A,01,0,0,1,0,0,0,0,0,0,"- ","- ",34.071930000000002,-118.26694999999999,"LOS ANGELES","LOS ANGELES",-118.26694031,34.071951859999999
90355270,2016,2017-01-10,9530,2016-12-24,0139,021191,,6,3,9,1900,0,1,1,,2,120,"I-110 S/B (HARBOR FREEWAY)","LOMITA BLVD.",400.00,N,N,B,-,Y,,,110,,,,,,S,Y,3,0,1,2,A,-,01,23152,A,N,B,C,A,B,H,-,D,D,0,,,,,Y,Y,A,01,0,1,0,0,0,0,0,0,0,"- ","- ",33.801380000000002,-118.28915000000001,"LOS ANGELES",UNINCORPORATED,-118.2890546,33.801394459999997
90355892,2016,2016-12-28,9545,2016-12-06,1640,018033,,2,2,9,1900,0,3,5,,2,003,"SIERRA HWY","PEARBLOSSOM HWY",3780.00,N,N,A,-,Y,,,,,,,,,,Y,4,0,1,4,A,-,06,21751,,F,A,C,A,A,H,-,D,D,0,,,,,Y,Y,-,99,0,0,1,0,0,0,0,0,0,"- ","- ",34.532069999999997,-118.10120999999999,"LOS ANGELES",UNINCORPORATED,-118.10103647,34.531824810000003
90355953,2016,2016-12-28,9545,2016-12-17,1950,018420,,6,2,9,1900,0,1,3,,1,042,SR-138,"82ND ST  E",0.00,,Y,A,-,Y,,,138,,,,,,,Y,4,0,1,2,A,-,01,23152,A,N,A,C,A,A,H,-,C,A,0,,,,,Y,Y,D,22,0,0,1,0,0,0,0,0,0,"- ","- ",34.521059999999999,-117.9838,"LOS ANGELES",UNINCORPORATED,-117.98380059,34.521110559999997
90356571,2016,2016-12-28,9525,2016-12-17,0150,020823,,6,3,6,1955,0,3,5,,2,003,"TEMPLE AVE (21700 BLOCK)","UNIVERSITY DR.",1370.00,W,N,B,-,N,,,,,,,,,,Y,2,0,1,1,A,-,01,23152,A,N,E,I,A,A,H,-,D,D,0,,,,,Y,Y,A,01,1,0,0,0,0,0,0,0,0,"- ","- ",34.049149999999997,-117.82959,"LOS ANGELES",POMONA,-117.82518096,34.050603469999999
90356580,2016,2016-12-28,9580,2016-12-15,0210,020876,,4,3,7,1942,0,1,1,,2,406,"I-405 N/B TO ROSCOE BLVD.","ROSCOE BLVD",20.00,S,N,A,-,Y,,,405,,,,R,,N,N,4,0,1,2,A,-,03,22350,,N,C,C,A,A,H,-,C,A,0,,,,,Y,Y,A,01,0,0,1,0,0,0,0,0,0,"- ","- ",34.221139999999998,-118.47269,"LOS ANGELES","LOS ANGELES",-118.47269,34.221139999999998
90356631,2016,2016-12-28,9580,2016-12-16,2343,020404,,5,3,7,1942,0,1,1,,2,404,"I-405 N/B (SAN DIEGO FWY)","BURBANK BLVD",1000.00,N,N,A,-,Y,,,405,,,,,,N,Y,4,0,3,3,A,-,01,23152,A,N,C,C,A,A,H,-,C,D,0,,,,,Y,Y,A,01,0,0,3,0,0,0,0,0,0,"- ","- ",34.17521,-118.46771,"LOS ANGELES","LOS ANGELES",-118.46769983,34.175211580000003
90356886,2016,2016-12-29,9590,2016-12-19,0215,021132,,1,3,7,1942,0,1,2,,2,071,"US-101 S/B (HOF)","BELMONT AVENUE",27.00,N,N,A,-,Y,,,101,,,,,,S,Y,4,0,1,1,A,-,01,23152,A,N,E,J,A,A,H,-,C,D,0,,,,,Y,Y,A,01,0,0,1,0,0,0,0,0,0,"- ","- ",34.070140000000002,-118.26296000000001,"LOS ANGELES","LOS ANGELES",-118.26293029,34.070224269999997
90357830,2016,2016-12-29,9565,2016-12-24,2250,020752,,6,3,7,1942,0,1,1,,2,064,"I-405 N/B (SAN DIEGO FREEWAY)","BEL AIR CREST ROAD",100.00,N,N,A,-,Y,,,405,,,,,,N,Y,4,0,1,2,A,-,08,22107,,F,B,C,A,A,H,-,D,D,0,,,,,Y,Y,-,99,0,0,1,0,0,0,0,0,0,"- ","- ",34.110889999999998,-118.48168,"LOS ANGELES","LOS ANGELES",-118.48172346,34.110873480000002