CASE_ID,ACCIDENT_YEAR,PROC_DATE,JURIS,COLLISION_DATE,COLLISION_TIME,OFFICER_ID,REPORTING_DISTRICT,DAY_OF_WEEK,CHP_SHIFT,POPULATION,CNTY_CITY_LOC,SPECIAL_COND,BEAT_TYPE,CHP_BEAT_TYPE,CITY_DIVISION_LAPD,CHP_BEAT_CLASS,BEAT_NUMBER,PRIMARY_RD,SECONDARY_RD,DISTANCE,DIRECTION,INTERSECTION,WEATHER_1,WEATHER_2,STATE_HWY_IND,CALTRANS_COUNTY,CALTRANS_DISTRICT,STATE_ROUTE,ROUTE_SUFFIX,POSTMILE_PREFIX,POSTMILE,LOCATION_TYPE,RAMP_INTERSECTION,SIDE_OF_HWY,TOW_AWAY,COLLISION_SEVERITY,NUMBER_KILLED,NUMBER_INJURED,PARTY_COUNT,PRIMARY_COLL_FACTOR,PCF_CODE_OF_VIOL,PCF_VIOL_CATEGORY,PCF_VIOLATION,PCF_VIOL_SUBSECTION,HIT_AND_RUN,TYPE_OF_COLLISION,MVIW,PED_ACTION,ROAD_SURFACE,ROAD_COND_1,ROAD_COND_2,LIGHTING,CONTROL_DEVICE,CHP_ROAD_TYPE,PEDESTRIAN_ACCIDENT,BICYCLE_ACCIDENT,MOTORCYCLE_ACCIDENT,TRUCK_ACCIDENT,NOT_PRIVATE_PROPERTY,ALCOHOL_INVOLVED,STWD_VEHTYPE_AT_FAULT,CHP_VEHTYPE_AT_FAULT,COUNT_SEVERE_INJ,COUNT_VISIBLE_INJ,COUNT_COMPLAINT_PAIN,COUNT_PED_KILLED,COUNT_PED_INJURED,COUNT_BICYCLIST_KILLED,COUNT_BICYCLIST_INJURED,COUNT_MC_KILLED,COUNT_MC_INJURED,PRIMARY_RAMP,SECONDARY_RAMP,LATITUDE,LONGITUDE,COUNTY,CITY,POINT_X,POINT_Y
90439790,2017,2017-04-21,9575,2017-04-12,0825,017354,,3,1,6,1912,0,1,3,,2,044,"SR-134 E/B (VENTURA FREEWAY)","RIVERSIDE DR. (BURNA VISTA ST.) U/C",350.00,E,N,A,-,Y,,,134,,,,,,E,Y,4,0,1,4,A,-,01,23152,A,M,C,C,A,A,H,-,A,D,0,,,,,Y,Y,A,01,0,0,1,0,0,0,0,0,0,"- ","- ",34.153239999999997,-118.32613000000001,"LOS ANGELES",BURBANK,-118.32619735,34.15357332
90440869,2017,2017-04-24,9535,2017-04-16,0343,020943,,7,3,9,1900,0,1,1,,2,650,"I-605 N/B (SAN GABRIEL RIVER FWY)",SR-60,1000.00,N,N,A,-,Y,,,605,,,,,,N,Y,4,0,1,2,A,-,01,23152,A,N,C,C,A,A,H,-,C,D,0,,,,,Y,Y,A,01,0,0,1,0,0,0,0,0,0,"- ","- ",34.036239999999999,-118.02415999999999,"LOS ANGELES",UNINCORPORATED,-118.02413418,34.036207740000002
90441206,2017,2017-04-25,9540,2017-04-16,1955,021078,,7,2,9,1900,0,2,4,,2,010,"THE OLD RD. (26000 BLOCK)","STEVENSONS RANCH PKWY.",540.00,N,N,A,-,N,,,,,,,,,,Y,4,0,2,3,A,-,01,23152,A,N,C,C,A,A,H,-,C,A,0,,,,,Y,Y,A,01,0,0,2,0,0,0,0,0,0,"- ","- ",34.3979,-118.5752,"LOS ANGELES",UNINCORPORATED,-118.57506861,34.394884429999998
90443587,2017,2017-04-27,9530,2017-04-22,2240,020935,,6,3,9,1900,0,3,5,,2,001,"COMPTON AVE. (8200 BLOCK)","83RD ST.",206.00,N,N,A,-,N,,,,,,,,,,Y,2,0,3,2,A,-,01,23152,A,N,A,C,A,A,H,-,C,D,0,,,,,Y,Y,A,01,1,2,0,0,0,0,0,0,0,"- ","- ",33.963900000000002,-118.24760000000001,"LOS ANGELES",UNINCORPORATED,-118.24767745,33.963854849999997
90445078,2017,2017-04-28,9530,2017-04-22,2023,021062,,6,2,7,1941,0,1,1,,2,071,"I-710 N/B (LONG BEACH FREEWAY)","LONG BEACH BLVD.",2112.00,S,N,B,-,Y,,,710,,,,,,N,Y,3,0,1,2,A,-,01,23152,A,N,C,C,A,A,H,-,C,D,0,,,,,Y,Y,A,01,0,1,0,0,0,0,0,0,0,"- ","- ",33.856700000000004,-118.20310000000001,"LOS ANGELES","LONG BEACH",-118.20311689,33.856709260000002
90445179,2017,2017-04-28,9525,2017-04-09,0417,021250,,7,3,9,1900,0,3,5,,2,004,"AMAR ROAD (13600 BLOCK)","PUENTE AVE",40.00,W,N,A,-,N,,,,,,,,,,Y,3,0,1,1,A,-,01,23152,A,N,E,I,A,A,H,-,C,D,0,,,,,Y,Y,A,07,0,1,0,0,0,0,0,0,0,"- ","- ",34.054490000000001,-117.97826000000001,"LOS ANGELES",UNINCORPORATED,-117.9782031,34.054588289999998
9044525,2020,2020-02-25,1900,2020-01-24,1945,610418,1192,5,5,6,1992,0,0,0,,0,111TI,"30TH ST WEST","WEST AV J-8",121.00,S,N,A,-,N,,,,,,,,,,Y,4,0,1,2,A,-,01,23152,A,N,C,C,A,A,H,-,C,D,0,,,,,Y,Y,A,01,0,0,1,0,0,0,0,0,0,"- ","- ",,,"LOS ANGELES",LANCASTER,-118.18370819091797,34.681808471679688
90445815,2017,2017-05-01,9550,2017-04-28,2245,021311,,5,3,9,1900,0,3,5,,2,002,"CARMENITA ROAD","LAKELAND RD.",0.00,,Y,A,-,N,,,,,,,,,,N,3,0,2,2,A,-,01,23152,A,N,A,C,A,A,H,-,C,A,0,,,,,Y,Y,A,01,0,1,1,0,0,0,0,0,0,"- ","- ",33.931719999999999,-118.04647,"LOS ANGELES",UNINCORPORATED,-118.04658007,33.931770020000002
90446007,2017,2017-05-01,9540,2017-04-13,0530,021434,,4,3,9,1900,0,2,4,,1,201,"SIERRA HWY (22000 BLOCK)",SR-14,137.00,N,N,A,-,Y,,,,,,,,,,Y,2,0,2,1,A,-,08,22107,,N,E,I,A,A,H,-,D,D,0,,,,,Y,Y,A,01,1,0,1,0,0,0,0,0,0,"- ","- ",34.339289999999998,-118.50802,"LOS ANGELES",UNINCORPORATED,-118.5075056,34.339021410000001
90447100,2017,2017-05-02,9530,2017-04-22,2256,021252,,6,3,7,1942,0,1,1,,2,110,"I-110 S/B (HARBOR FREEWAY)","GARDENA BLVD.",380.00,N,N,A,-,Y,,,110,,,,,,S,Y,4,0,1,2,A,-,01,23152,A,N,E,I,A,A,H,-,D,D,0,,,,,Y,Y,A,01,0,0,1,0,0,0,0,0,0,"- ","- ",33.882899999999999,-118.2852,"LOS ANGELES","LOS ANGELES",-118.28524081,33.88289425
90447992,2017,2017-05-03,9530,2017-04-25,2352,020140,,2,3,7,1941,0,1,1,,2,430,"I-405 N/B (SAN DIEGO FREEWAY)","TEMPLE AVE.",800.00,S,N,A,-,Y,,,405,,,,,,N,Y,2,0,2,2,A,-,01,23152,A,N,B,C,A,A,H,-,C,D,0,,,,,Y,Y,A,01,1,1,0,0,0,0,0,0,0,"- ","- ",33.808999999999997,-118.15672000000001,"LOS ANGELES","LONG BEACH",-118.15672945999999,33.808983509999997
90448479,2017,2017-05-03,9540,2017-04-23,1910,021389,,7,2,9,1900,0,2,4,,2,032,"DEL VALLE RD","HASLEY CANYON RD",2112.00,S,N,A,-,N,,,,,,,,,,Y,3,0,1,1,A,-,01,23152,A,N,F,J,A,A,H,-,A,D,0,,,,,Y,Y,A,07,0,1,0,0,0,0,0,0,0,"- ","- ",34.453119999999998,-118.64643,"LOS ANGELES",UNINCORPORATED,-118.64593757999999,34.453580260000003
90448648,2017,2017-05-03,9590,2017-04-22,2345,021346,,6,3,7,1942,0,1,2,,2,071,"US-101 S/B (HOLLYWOOD FREEWAY)","EDGEWARE ROAD",500.00,S,N,A,-,Y,,,101,,,,,,S,Y,4,0,2,4,A,-,01,23152,A,F,C,C,A,A,H,-,D,D,0,,,,,Y,Y,A,01,0,0,2,0,0,0,0,0,0,"- ","- ",34.067120000000003,-118.25474,"LOS ANGELES","LOS ANGELES",-118.25472967,34.067138900000003
90450296,2017,2017-05-08,9550,2017-04-29,0640,021274,,6,1,6,1949,0,1,1,,2,500,"INTERSTATE 5 N/B","FLORENCE AVENUE",1970.00,S,N,A,-,Y,,,5,,,,,,N,Y,3,0,2,3,A,-,03,22350,,N,C,C,A,A,H,-,A,D,0,,,Y,,Y,Y,C,02,0,1,1,0,0,0,0,0,1,"- ","- ",33.932049999999997,-118.08987999999999,"LOS ANGELES",NORWALK,-118.09015574,33.93185527
90451052,2017,2017-05-08,9535,2017-03-11,0145,021554,,6,3,3,1914,0,1,1,,2,500,"I-5 (SANTA ANA FREEWAY) N/B","ATLANTIC BLVD.",300.00,N,N,A,-,Y,,,5,,,,,,N,Y,4,0,1,2,A,-,01,23152,A,N,C,C,A,A,D,-,D,D,0,,,,,Y,Y,A,01,0,0,1,0,0,0,0,0,0,"- ","- ",34.009689999999999,-118.15940000000001,"LOS ANGELES",COMMERCE,-118.15937580000001,34.009712190000002
90455363,2017,2017-05-15,9530,2017-05-06,0320,021094,,6,3,7,1941,0,1,1,,2,071,"I-710 N/B (LONG BEACH FREEWAY)","ARTESIA BLVD.",1800.00,S,N,A,-,Y,,,,,,,,,,Y,3,0,1,1,A,-,01,23152,A,N,E,I,A,A,H,-,D,D,0,,,,,Y,Y,A,01,0,1,0,0,0,0,0,0,0,"- ","- ",33.527099999999997,-118.1143,"LOS ANGELES","LONG BEACH",-118.1949024,33.869618019999997
90455692,2017,2017-05-15,9530,2017-05-14,2025,020583,,7,2,9,1900,0,3,5,,2,001,"NADEAU STREET","LOU DILLON AVENUE",0.00,,Y,A,-,N,,,,,,,,,,Y,3,0,3,2,A,-,01,23152,A,N,A,C,A,A,H,-,C,D,0,,,,,Y,Y,A,01,0,2,1,0,0,0,0,0,0,"- ","- ",33.967469999999999,-118.23466000000001,"LOS ANGELES",UNINCORPORATED,-118.23489010999999,33.967460099999997
90456396,2017,2017-09-06,9545,2017-05-04,0115,018090,,4,3,9,1900,0,3,5,,2,002,"AVENUE M","45TH ST  W",1353.00,E,N,A,-,N,,,,,,,,,,Y,3,0,1,2,A,-,01,23152,A,N,B,C,A,A,H,-,D,D,0,,,,,Y,Y,D,22,0,1,0,0,0,0,0,0,0,"- ","- ",34.384599999999999,-118.1221,"LOS ANGELES",UNINCORPORATED,-121.44421915,38.563911150000003
90456660,2017,2017-05-16,9590,2017-05-13,0215,021596,,6,3,7,1942,0,1,1,,2,014,"SR-110 N/B (ARROYO SECO PARKWAY)","FAIR OAKS AVE",50.00,S,N,A,-,Y,,,,,,,,,,Y,3,0,1,1,A,-,01,23152,A,N,E,I,A,A,H,-,C,D,0,,,,,Y,Y,A,07,0,1,0,0,0,0,0,0,0,"- ","- ",34.11918,-118.15069,"LOS ANGELES","LOS ANGELES",-118.15047457999999,34.119132159999999
90457229,2017,2017-05-16,9550,2017-05-07,0235,021451,,7,3,5,1954,0,1,1,,2,650,"INTERSTATE 605 N/B","TELEGRAPH ROAD",2000.00,N,N,C,-,Y,,,605,,,,,,N,Y,3,0,1,1,A,-,01,23152,A,N,E,I,A,B,H,-,D,D,0,,,,,Y,Y,D,22,0,1,0,0,0,0,0,0,0,"- ","- ",33.958280000000002,-118.087,"LOS ANGELES","PICO RIVERA",-118.08697132,33.958266479999999
90457864,2017,2017-05-17,9565,2017-03-23,0335,021572,,4,3,7,1942,0,1,1,,2,062,"I-405 S/B (SAN DIEGO FREEWAY)","WESTWOOD FLOOD CONTROL CHANNEL",190.00,N,N,A,-,Y,,,405,,,,,,S,Y,2,0,1,1,A,-,01,23152,A,M,E,I,A,A,H,-,C,D,0,,,,,Y,Y,A,07,1,0,0,0,0,0,0,0,0,"- ","- ",34.020159999999997,-118.42487,"LOS ANGELES","LOS ANGELES",-118.42488837000001,34.020145460000002
90457903,2017,2017-05-17,9565,2017-04-30,0217,021151,,7,3,7,1942,0,1,1,,2,082,"I-10 W/B (SANTA MONICA FWY.)","COVENTRY PL",150.00,E,N,A,-,Y,,,10,,,,,,W,Y,3,0,1,1,A,-,01,23152,A,N,E,I,A,A,H,-,D,D,0,,,,,Y,Y,A,07,0,1,0,0,0,0,0,0,0,"- ","- ",34.03181,-118.42341999999999,"LOS ANGELES","LOS ANGELES",-118.42342041000001,34.031883790000002
9045861,2019,2020-02-26,1969,2019-12-28,2133,10220,PATRO,6,5,5,1969,0,0,0,,0,004,"ATLANTIC AV","SOUTHERN AV",0.00,,Y,A,-,N,,,,,,,,,,Y,4,0,1,2,A,-,01,23152,A,N,D,C,A,A,H,-,C,A,0,,,,,Y,Y,A,01,0,0,1,0,0,0,0,0,0,"- ","- ",,,"LOS ANGELES","SOUTH GATE",-118.18109130859375,33.946220397949219
90459330,2017,2017-05-19,9530,2017-05-05,2150,020714,,5,2,9,1900,0,3,5,,2,001,"JUNIPER ST. (9600 BLOCK)","97TH ST.",60.00,N,N,A,-,N,,,,,,,,,,Y,4,0,1,2,A,-,01,23152,A,N,A,E,A,A,H,-,C,D,0,,,,,Y,Y,A,01,0,0,1,0,0,0,0,0,0,"- ","- ",33.948390000000003,-118.2329,"LOS ANGELES",UNINCORPORATED,-118.23291856,33.948424539999998
90460155,2017,2017-05-22,9530,2017-05-13,1600,020349,,6,2,9,1900,0,3,5,,2,002,"EL SEGUNDO BLVD. (2600 BLOCK)","ALAMEDA ST.",150.00,W,N,A,-,N,,,,,,,,,,Y,3,0,1,2,A,-,01,23152,A,N,B,C,A,A,H,-,A,D,0,,,,,Y,Y,A,01,0,1,0,0,0,0,0,0,0,"- ","- ",33.916200000000003,-118.22456,"LOS ANGELES",UNINCORPORATED,-118.22407332,33.916171910000003
90460231,2017,2017-05-22,9575,2017-04-28,2334,021569,,5,3,6,1912,0,1,1,,2,051,"I-5 S/B (GOLDEN STATE FREEWAY)","BUENA VISTA STREET",2199.00,N,N,A,-,Y,,,5,,,,,,S,Y,3,0,1,1,A,-,01,23152,A,N,E,J,A,A,H,-,C,D,0,,,,,Y,Y,A,01,0,1,0,0,0,0,0,0,0,"- ","- ",34.202599999999997,-118.34050000000001,"LOS ANGELES",BURBANK,-118.34056036,34.20255856
90460244,2017,2017-05-22,9590,2017-05-05,1530,021542,,5,2,7,1942,0,1,1,,2,041,"US-101 S/B (SAF) TO I-5 S/B (SAF)","MARIETTA STREET",300.00,S,N,A,-,Y,,,,,,,,,,Y,4,0,1,2,A,-,01,23152,A,N,B,C,A,A,H,-,A,D,0,,,,,Y,Y,A,01,0,0,1,0,0,0,0,0,0,"- ","- ",34.14423,-118.1251,"LOS ANGELES","LOS ANGELES",-118.21241582,34.028146530000001
90461455,2017,2017-05-23,9580,2017-05-08,0053,020828,,1,3,7,1942,0,1,2,,2,101,"US-101 SB TO VINELAND AVE.","VINELAND AVE",450.00,N,N,A,-,Y,,,101,,,,R,,S,Y,3,0,2,1,A,-,01,23152,A,N,E,I,A,A,H,-,C,D,0,,,,,Y,Y,A,01,0,2,0,0,0,0,0,0,0,"- ","- ",34.147649999999999,-118.37183,"LOS ANGELES","LOS ANGELES",-118.37183,34.147649999999999
9046301,2020,2020-02-28,1922,2020-01-30,1046,463,,4,5,6,1922,0,0,0,,0,,"RAMONA BL","VALLEY MALL",10.00,W,N,A,-,N,,,,,,,,,,Y,4,0,1,2,A,-,12,21453,A,F,D,C,A,A,H,-,A,A,0,,,,,Y,Y,A,01,0,0,1,0,0,0,0,0,0,"- ","- ",34.072071075439453,-118.0360107421875,"LOS ANGELES","EL MONTE",-118.03289031982422,34.072471618652344
90463185,2017,2017-05-25,9540,2017-05-11,2035,017076,,4,2,7,1942,0,1,1,,2,210,"I-210 W/B (FOOTHILL FWY) TO HUBBARD ST.","HUBBARD STREET",425.00,E,N,A,-,Y,,,210,,,,R,,W,Y,3,0,2,3,A,-,01,23152,A,N,C,C,A,A,H,-,D,D,0,,,,,Y,Y,A,01,0,1,1,0,0,0,0,0,0,"- ","- ",34.307830000000003,-118.42831,"LOS ANGELES","LOS ANGELES",-118.42831,34.307830000000003
90463186,2017,2017-05-25,9540,2017-04-23,1700,021078,,7,2,7,1942,0,1,1,,2,504,"I-5 N/B (GOLDEN STATE FWY.)","ROXFORD ST",360.00,N,N,A,-,Y,,,,,,,,,,Y,4,0,1,2,A,-,01,23152,A,N,D,J,A,A,H,-,A,D,0,,,,,Y,Y,A,01,0,0,1,0,0,0,0,0,0,"- ","- ",34.30115,-118.47589000000001,"LOS ANGELES","LOS ANGELES",-118.48031284,34.304161409999999
9046383,2020,2020-02-26,1942,2020-01-31,1610,39177,0555,5,5,7,1942,0,0,0,E,0,5A55,"N GAFFEY ST","W SUMMERLAND AV",75.00,S,N,A,-,N,,,,,,,,,,Y,4,0,1,2,A,-,01,23152,A,N,C,C,A,A,H,-,A,D,0,,,,,Y,Y,A,01,0,0,1,0,0,0,0,0,0,"- ","- ",,,"LOS ANGELES","LOS ANGELES",-118.29280090332031,33.747463226318359
90467627,2017,2017-05-31,9575,2017-05-19,1730,021047,,5,2,6,1912,0,1,3,,2,044,"SR-134 E/B (VENTURA FREEWAY)","ALAMDEDA AVE.",80.00,W,N,A,-,Y,,,134,,,,,,E,Y,3,0,1,3,A,-,01,23152,A,N,C,C,A,A,H,-,A,D,0,,,,,Y,Y,D,22,0,1,0,0,0,0,0,0,0,"- ","- ",34.153910000000003,-118.34214,"LOS ANGELES",BURBANK,-118.34215417999999,34.153798879999997
90467628,2017,2018-04-30,9535,2017-05-27,0420,021052,,6,3,5,1947,0,1,3,,2,600,"SR-60 (POMONA FREEWAY) E/B","GARFIELD AVENUE",20.00,E,N,B,-,Y,,,60,,,,,,E,Y,1,1,3,2,A,-,01,23152,A,N,C,C,A,A,H,-,C,D,0,,,,,Y,Y,A,01,2,1,0,0,0,0,0,0,0,"- ","- ",34.033099999999997,-118.13,"LOS ANGELES",MONTEBELLO,-118.13,34.033031860000001
90468220,2017,2017-05-31,9540,2017-05-24,1915,018582,,3,2,9,1900,0,3,5,,2,200,"VASQUEZ CANYON ROAD (18400 BLOCK)","BOUQUET CANYON ROAD",9504.00,E,N,A,-,N,,,,,,,,,,Y,2,0,4,2,A,-,01,23152,A,N,A,C,A,A,H,-,A,D,0,,,,,Y,Y,A,01,1,3,0,0,0,0,0,0,0,"- ","- ",34.472909999999999,-118.4366,"LOS ANGELES",UNINCORPORATED,-118.43708678,34.4733789
90468578,2017,2017-05-31,9525,2017-05-26,2159,020891,,5,2,6,1955,0,1,1,,2,110,"I-10 E/B (SAN BERNARDINO FWY)","GAREY AVE",200.00,E,N,A,-,Y,,,10,,,,,,E,Y,4,0,1,2,A,-,08,22107,,N,E,I,A,A,H,-,C,D,0,,,,,Y,Y,A,01,0,0,1,0,0,0,0,0,0,"- ","- ",34.073880000000003,-117.75178,"LOS ANGELES",POMONA,-117.75181678,34.073969390000002
90468795,2017,2017-06-01,9525,2017-05-20,0215,019707,,6,3,9,1900,0,3,5,,2,003,"GRAND AVE.","CAMERON AVE.",20.00,N,N,A,-,N,,,,,,,,,,Y,2,0,2,1,A,-,01,23152,A,N,E,I,A,A,H,-,D,D,0,,,,,Y,Y,A,01,1,1,0,0,0,0,0,0,0,"- ","- ",34.057510000000001,-117.86772000000001,"LOS ANGELES",UNINCORPORATED,-117.86866182999999,34.061502699999998
9046918,2020,2020-02-21,1962,2020-01-20,0521,144,1962,1,5,4,1962,0,0,0,,0,002,"LAS TUNAS DR","DEL MAR AV",114.00,E,N,A,-,N,,,,,,,,,,Y,4,0,1,2,A,-,03,22350,,N,C,C,A,A,H,-,C,D,0,,,,,Y,Y,A,01,0,0,1,0,0,0,0,0,0,"- ","- ",34.102821350097656,-118.09967803955078,"LOS ANGELES","SAN GABRIEL",-118.09967803955078,34.102798461914062
90471474,2017,2017-06-06,9590,2017-05-07,0205,021673,,7,3,7,1942,0,1,2,,2,073,"US-101 S/B (HOLLYWOOD FREEWAY)","LANKERSHIM BOULEVARD",200.00,S,N,C,-,Y,,,101,,,,,,S,Y,3,0,1,1,A,-,01,23152,A,N,E,I,A,B,H,-,C,D,0,,,,,Y,Y,A,01,0,1,0,0,0,0,0,0,0,"- ","- ",34.137320000000003,-118.36237,"LOS ANGELES","LOS ANGELES",-118.36243656000001,34.137231110000002
90471940,2016,2018-09-26,9590,2016-10-02,0327,021236,,7,3,7,1942,0,1,1,,2,053,"I-110 SOUTHBOUND (HARBOR FREEWAY)","WASHINGTON BOULEVARD U/C",25.00,S,N,A,-,Y,,,110,,,,,,S,Y,1,1,1,3,A,-,01,23152,A,N,B,C,E,A,H,-,C,D,0,Y,,,,Y,Y,A,01,0,1,0,1,0,0,0,0,0,"- ","- ",34.034990000000001,-118.27454,"LOS ANGELES","LOS ANGELES",-118.27456537,34.034993620000002
90472345,2017,2017-06-06,9525,2017-05-28,1910,020505,,7,2,9,1900,0,1,3,,1,024,"SR-39 (SAN GABRIEL CANYON RD.)","CRYSTAL LAKE RD",7392.00,S,N,A,-,Y,,,39,,,,,,,Y,3,0,1,2,A,-,01,23152,A,N,B,C,A,A,H,-,D,D,0,,,,,Y,Y,A,01,0,1,0,0,0,0,0,0,0,"- ","- ",34.302799999999998,-117.84641999999999,"LOS ANGELES",UNINCORPORATED,-117.84635914,34.302808910000003
90474283,2017,2017-06-09,9550,2017-05-28,2056,021533,,7,2,9,1900,0,3,5,,2,002,"MEYER ROAD","HASTINGS DRIVE",0.00,,Y,A,-,N,,,,,,,,,,Y,3,0,2,2,A,-,01,23152,A,N,D,C,A,A,H,-,D,D,0,,,,,Y,Y,A,01,0,1,1,0,0,0,0,0,0,"- ","- ",33.921959999999999,-118.04083,"LOS ANGELES",UNINCORPORATED,-118.04082006,33.922000009999998
90474439,2017,2017-09-05,9530,2017-06-07,2125,021004,,3,2,9,1900,0,1,3,,2,310,"SR-91 E/B (ARTESIA FREEWAY)","SANTA FE AVE.",345.00,E,N,B,-,Y,,,91,,,,,,E,Y,4,0,2,1,A,-,01,23152,A,N,E,I,A,A,D,E,C,D,0,,,,,Y,Y,A,01,0,0,2,0,0,0,0,0,0,"- ","- ",33.87341,-118.21031000000001,"LOS ANGELES",UNINCORPORATED,-118.21031065,33.873455929999999
90474636,2017,2017-06-09,9525,2017-06-02,1738,020687,,5,2,4,1905,0,1,1,,2,204,"I-210 E/B (FOOTHILL FWY)","CITRUS AVE",600.00,W,N,A,-,Y,,,210,,,,,,E,Y,3,0,1,2,A,-,01,23152,A,N,C,C,A,A,H,-,A,D,0,,,,Y,Y,Y,D,22,0,1,0,0,0,0,0,0,0,"- ","- ",34.12077,-117.89156,"LOS ANGELES",AZUSA,-117.89155932,34.120822150000002
90474894,2017,2017-06-09,9535,2017-06-03,1155,019540,,6,1,9,1900,0,3,5,,2,007,"FRUITLAND AVE","DOWNEY RD",0.00,,Y,A,-,N,,,,,,,,,,Y,4,0,1,3,A,-,09,21802,A,M,D,C,A,A,H,-,A,A,0,,,,,Y,Y,-,99,0,0,1,0,0,0,0,0,0,"- ","- ",33.99662,-118.20465,"LOS ANGELES",UNINCORPORATED,-118.2046801,33.996660059999996
90475168,2017,2017-06-12,9545,2017-06-03,2215,020524,,6,3,9,1900,0,3,5,,2,004,"LONGVIEW RD","PALMDALE BLVD",809.00,N,N,A,-,N,,,,,,,,,,Y,4,0,1,1,A,-,01,23152,A,N,E,I,A,A,H,-,D,D,0,,,,,Y,Y,D,22,0,0,1,0,0,0,0,0,0,"- ","- ",34.582230000000003,-117.88958,"LOS ANGELES",UNINCORPORATED,-117.88963,34.580010000000001
90475171,2017,2017-06-12,9545,2017-06-03,0325,020960,,6,3,9,1900,0,3,5,,2,004,"AVENUE T","165TH STREET EAST",3960.00,W,N,A,-,N,,,,,,,,,,Y,4,0,1,2,A,-,01,23152,A,N,A,C,A,A,H,-,D,D,0,,,,,Y,Y,A,01,0,0,1,0,0,0,0,0,0,"- ","- ",34.542470000000002,-117.84881,"LOS ANGELES",UNINCORPORATED,-117.84868756,34.542479999999998
90475431,2017,2017-06-12,9540,2017-06-03,0035,021370,,6,3,9,1900,0,1,1,,2,508,"I-5 N/B (GOLDEN STATE FREEWAY)","TAPIA CANYON RD",114.00,N,N,A,-,Y,,,5,,,,,,N,Y,3,0,1,1,A,-,01,23152,A,N,E,I,A,A,H,-,D,D,0,,,,,Y,Y,A,01,0,1,0,0,0,0,0,0,0,"- ","- ",34.48545,-118.61556,"LOS ANGELES",UNINCORPORATED,-118.61585078,34.485267270000001
90477357,2017,2017-06-14,9545,2017-06-03,1930,017305,,6,2,9,1900,0,3,5,,2,001,"AVENUE E","SIERRA HIGHWAY",1426.00,E,N,A,-,N,,,,,,,,,,Y,3,0,1,1,A,-,01,23152,A,N,F,A,A,A,H,-,B,D,0,,,,,Y,Y,A,07,0,1,0,0,0,0,0,0,0,"- ","- ",34.762599999999999,-118.14205,"LOS ANGELES",UNINCORPORATED,-118.14209386,34.762603329999997
90478411,2017,2017-06-15,9545,2017-06-03,2314,020521,,6,3,9,1900,0,3,5,,1,006,"55TH STREET WEST","AVENUE L-8",0.00,,Y,A,-,N,,,,,,,,,,N,4,0,1,2,A,-,01,23152,A,N,D,C,A,A,H,-,C,A,0,,,,,Y,Y,A,01,0,0,1,0,0,0,0,0,0,"- ","- ",34.652889999999999,-118.22741000000001,"LOS ANGELES",UNINCORPORATED,-118.22778005000001,34.65304004
90480273,2017,2017-06-19,9565,2017-04-08,0213,021251,,6,3,6,1933,0,1,1,,2,060,"I-405 N/B (SAN DIEGO FREEWAY)","ARBOR VITAE ST.",1020.00,S,N,C,-,Y,,,405,,,,,,N,Y,3,0,4,3,A,-,03,22350,,N,C,C,A,B,H,-,C,D,0,,,,,Y,Y,A,01,0,1,3,0,0,0,0,0,0,"- ","- ",33.949620000000003,-118.36854,"LOS ANGELES",INGLEWOOD,-118.36848108,33.94962597
90480372,2017,2017-06-19,9540,2017-06-16,1350,021106,,5,1,9,1900,0,2,4,,2,072,"LAKE HUGHES ROAD (33100 BLOCK)","RIDGE ROUTE RD",5280.00,N,N,A,-,N,,,,,,,,,,Y,3,0,1,2,A,-,01,23152,A,N,C,E,A,A,H,-,A,D,0,,,,,Y,Y,A,01,0,1,0,0,0,0,0,0,0,"- ","- ",34.512239999999998,-118.5971,"LOS ANGELES",UNINCORPORATED,-118.61638000000001,34.497369999999997
90481317,2017,2017-06-19,9525,2017-06-09,1912,016342,,5,2,5,1990,0,1,3,,2,602,"SR-60 E/B (POMONA FWY)","GRAND AVE.",1200.00,W,N,A,-,Y,,,60,,,,,,E,Y,2,0,1,4,A,-,03,22350,,N,C,C,A,A,H,-,B,D,0,,,,,Y,Y,A,01,1,0,0,0,0,0,0,0,0,"- ","- ",34.005229999999997,-117.82847,"LOS ANGELES","DIAMOND BAR",-117.82851675000001,34.005287989999999
90481970,2017,2017-06-20,9550,2017-06-08,2147,021386,,4,2,9,1900,0,3,5,,2,002,"TELEGRAPH ROAD","TELECHRON AVENUE",60.00,E,N,A,-,N,,,,,,,,,,N,2,0,1,1,A,-,01,23152,A,N,E,I,A,A,H,-,D,D,0,,,Y,,Y,Y,C,02,1,0,0,0,0,0,0,0,1,"- ","- ",33.935180000000003,-118.03913,"LOS ANGELES",UNINCORPORATED,-118.03924872,33.935174340000003