CASE_ID,ACCIDENT_YEAR,PROC_DATE,JURIS,COLLISION_DATE,COLLISION_TIME,OFFICER_ID,REPORTING_DISTRICT,DAY_OF_WEEK,CHP_SHIFT,POPULATION,CNTY_CITY_LOC,SPECIAL_COND,BEAT_TYPE,CHP_BEAT_TYPE,CITY_DIVISION_LAPD,CHP_BEAT_CLASS,BEAT_NUMBER,PRIMARY_RD,SECONDARY_RD,DISTANCE,DIRECTION,INTERSECTION,WEATHER_1,WEATHER_2,STATE_HWY_IND,CALTRANS_COUNTY,CALTRANS_DISTRICT,STATE_ROUTE,ROUTE_SUFFIX,POSTMILE_PREFIX,POSTMILE,LOCATION_TYPE,RAMP_INTERSECTION,SIDE_OF_HWY,TOW_AWAY,COLLISION_SEVERITY,NUMBER_KILLED,NUMBER_INJURED,PARTY_COUNT,PRIMARY_COLL_FACTOR,PCF_CODE_OF_VIOL,PCF_VIOL_CATEGORY,PCF_VIOLATION,PCF_VIOL_SUBSECTION,HIT_AND_RUN,TYPE_OF_COLLISION,MVIW,PED_ACTION,ROAD_SURFACE,ROAD_COND_1,ROAD_COND_2,LIGHTING,CONTROL_DEVICE,CHP_ROAD_TYPE,PEDESTRIAN_ACCIDENT,BICYCLE_ACCIDENT,MOTORCYCLE_ACCIDENT,TRUCK_ACCIDENT,NOT_PRIVATE_PROPERTY,ALCOHOL_INVOLVED,STWD_VEHTYPE_AT_FAULT,CHP_VEHTYPE_AT_FAULT,COUNT_SEVERE_INJ,COUNT_VISIBLE_INJ,COUNT_COMPLAINT_PAIN,COUNT_PED_KILLED,COUNT_PED_INJURED,COUNT_BICYCLIST_KILLED,COUNT_BICYCLIST_INJURED,COUNT_MC_KILLED,COUNT_MC_INJURED,PRIMARY_RAMP,SECONDARY_RAMP,LATITUDE,LONGITUDE,COUNTY,CITY,POINT_X,POINT_Y
90597493,2017,2017-11-20,9590,2017-11-11,0220,021542,,6,3,7,1942,0,1,1,,2,063,"I-10 W/B (SANTA MONICA FREEWAY)","GRAND AVE",100.00,W,N,A,-,Y,,,10,,,,,,W,Y,3,0,1,1,A,-,01,23152,A,N,E,I,A,A,H,-,C,D,0,,,,,Y,Y,A,01,0,1,0,0,0,0,0,0,0,"- ","- ",34.035080000000001,-118.26768,"LOS ANGELES","LOS ANGELES",-118.26771524,34.035018389999998
90597657,2017,2017-11-20,9535,2017-11-08,2315,021148,,3,3,6,1922,0,1,1,,2,110,"I-10 (EL MONTE BUSWAY) HOT E/B","TYLER AVE",700.00,W,N,A,-,Y,,,10,,,,,,E,Y,3,0,1,1,A,-,01,23152,A,N,F,A,A,A,H,-,C,D,0,,,Y,,Y,Y,C,02,0,1,0,0,0,0,0,0,1,"- ","- ",34.068489999999997,-118.04004,"LOS ANGELES","EL MONTE",-118.04005441,34.06839385
90603391,2017,2017-11-28,9580,2017-11-14,0230,021092,,2,3,7,1942,0,1,2,,2,100,"US-101 N/B (HOLLYWOOD FREEWAY)","VINELAND AVE",500.00,N,N,A,-,Y,,,101,,,,,,N,Y,3,0,1,1,A,-,01,23152,A,N,E,I,A,A,H,-,D,D,0,,,,,Y,Y,A,01,0,1,0,0,0,0,0,0,0,"- ","- ",34.14864,-118.37258,"LOS ANGELES","LOS ANGELES",-118.3725737,34.148647449999999
90603706,2017,2017-11-28,9545,2017-11-17,1949,020849,,5,2,9,1900,0,1,3,,2,031,"SR-14 N/B","MOUNTAIN SPRINGS RD",3168.00,S,N,A,-,Y,,,14,,,,,,N,N,3,0,1,2,A,-,01,23152,A,M,C,C,A,A,H,-,D,D,0,,,,,Y,Y,A,01,0,1,0,0,0,0,0,0,0,"- ","- ",34.495179999999998,-118.12499,"LOS ANGELES",UNINCORPORATED,-118.12493071,34.495133639999999
90603832,2017,2017-11-28,9545,2017-11-18,2153,021814,,6,2,9,1900,0,3,5,,2,001,"20TH ST W","AVENUE A",84.00,S,N,A,-,N,,,,,,,,,,Y,4,0,1,1,A,-,01,23152,A,N,E,J,A,A,H,-,C,A,0,,,,,Y,Y,A,08,0,0,1,0,0,0,0,0,0,"- ","- ",34.820430000000002,-118.16689,"LOS ANGELES",UNINCORPORATED,-118.51924998,34.818151090000001
90604591,2017,2017-11-29,9530,2017-11-16,2300,020608,,4,3,9,1900,0,1,1,,2,120,"I-110 N/B TO I-405",I-405,1056.00,S,N,A,-,Y,,,110,,,,R,,N,Y,4,0,1,1,A,-,08,22107,,N,E,I,A,A,H,-,C,D,0,,,,,Y,Y,A,01,0,0,1,0,0,0,0,0,0,"- ","- ",33.85324,-118.2842,"LOS ANGELES",UNINCORPORATED,-118.2842,33.85324
9060477,2020,2020-03-12,1900,2020-01-24,0030,629547,0263,5,5,4,1917,0,0,0,,0,28TIE,"OTIS AV","CLARA ST",50.00,N,N,A,-,N,,,,,,,,,,Y,4,0,1,2,A,-,01,23153,A,N,C,E,A,-,H,-,C,D,0,,,,,Y,Y,A,07,0,0,1,0,0,0,0,0,0,"- ","- ",,,"LOS ANGELES",CUDAHY,-118.19451141357422,33.966495513916016
90609131,2017,2017-12-04,9580,2017-11-25,2225,021173,,6,3,7,1942,0,1,1,,2,405,"I-405 S/B (SAN DIEGO FWY)","VICTORY BLVD",500.00,S,N,A,-,Y,,,405,,,,,,S,Y,3,0,3,2,A,-,01,23152,A,N,C,C,A,A,H,-,D,D,0,,,,,Y,Y,D,22,0,1,2,0,0,0,0,0,0,"- ","- ",34.185000000000002,-118.47369999999999,"LOS ANGELES","LOS ANGELES",-118.47381094000001,34.184947960000002
90609135,2017,2017-12-04,9590,2017-11-25,0125,021926,,6,3,7,1942,0,1,1,,2,010,"SR-110 N/B (ARROYO SECO FREEWAY)","SOLANO AVE",300.00,S,N,A,-,Y,,,110,,,,,,N,Y,4,0,1,2,A,-,01,23152,A,N,B,C,A,A,H,-,C,D,0,,,,,Y,Y,A,01,0,0,1,0,0,0,0,0,0,"- ","- ",34.070410000000003,-118.23529000000001,"LOS ANGELES","LOS ANGELES",-118.23526696,34.070404259999997
90610029,2017,2017-12-05,9530,2017-11-22,0135,020868,,3,3,7,1942,0,1,1,,2,110,"I-110 S/B TO I-405","190TH ST.",1742.00,N,N,A,-,Y,,,110,,,,R,,S,Y,3,0,1,1,A,-,01,23152,A,N,E,I,A,A,H,-,C,D,0,,,,,Y,Y,A,01,0,1,0,0,0,0,0,0,0,"- ","- ",33.866079999999997,-118.28542,"LOS ANGELES","LOS ANGELES",-118.28542,33.866079999999997
90610907,2017,2017-12-06,9590,2017-11-26,0225,021912,,7,3,7,1942,0,1,1,,2,080,"I-5 N/B (GOLDEN STATE FREEWAY)","4TH ST",1000.00,S,N,A,-,Y,,,5,,,,,,N,Y,3,0,2,1,A,-,01,23152,A,N,F,A,A,A,H,-,C,D,0,,,,,Y,Y,A,07,0,2,0,0,0,0,0,0,0,"- ","- ",34.039999999999999,-118.2191,"LOS ANGELES","LOS ANGELES",-118.21906393,34.039976580000001
90611897,2017,2017-12-11,9535,2017-11-27,1730,020814,,1,2,7,1942,0,1,1,,2,110,"I-10 E/B (HOT LANE)(SAN BERNARDINO FWY)","STATE ST.",635.00,W,N,A,-,Y,,,,,,,,,,N,4,0,17,1,A,-,01,23152,A,N,E,I,A,A,H,-,C,D,0,,,,,Y,Y,I,20,0,0,17,0,0,0,0,0,0,"- ","- ",34.056649999999998,-118.21348,"LOS ANGELES","LOS ANGELES",-118.21381,34.052480000000003
90612068,2017,2017-12-07,9545,2017-11-22,1520,018033,,3,2,9,1900,0,1,3,,2,011,"SR-14 S/B (ANTELOPE VALLEY FREEWAY)","AVENUE J 8",1584.00,N,N,A,-,Y,,,,,,,,,,Y,2,0,2,1,A,-,01,23152,A,N,E,I,A,A,H,-,A,D,0,,,,,Y,Y,A,07,2,0,0,0,0,0,0,0,0,"- ","- ",34.685989999999997,-118.16789,"LOS ANGELES",UNINCORPORATED,,
90612153,2017,2017-12-07,9525,2017-12-05,2307,021250,,2,3,6,1955,0,1,3,,2,604,"SR-60 E/B (POMONA FWY)","PHILLIPS RANCH RD",4200.00,W,N,A,-,Y,,,60,,,,,,E,Y,3,0,2,2,A,-,01,23152,A,N,C,C,A,A,H,-,C,D,0,,,,,Y,Y,A,01,0,1,1,0,0,0,0,0,0,"- ","- ",34.025289999999998,-117.78631,"LOS ANGELES",POMONA,-117.78631725,34.025206560000001
90612715,2017,2017-12-12,9535,2017-11-26,0250,021505,,7,3,5,1915,0,1,1,,2,075,"I-710 (LONG BEACH FREEWAY) S/B","IMPERIAL HWY",250.00,N,N,A,-,Y,,,,,,,,,,Y,2,0,2,1,A,-,01,23152,A,N,A,I,A,A,H,-,C,D,0,,,,,Y,Y,D,22,1,1,0,0,0,0,0,0,0,"- ","- ",33.935360000000003,-118.17549,"LOS ANGELES",COMPTON,-118.17880112,33.93152551
9061334,2020,2020-05-26,1942,2020-02-21,1700,41768,2046,5,5,7,1942,0,0,0,,0,20A1,BERENDO,"JAMES M WOOD BL",115.00,S,N,A,-,N,,,,,,,,,,N,4,0,1,2,A,-,03,22350,,F,G,B,E,A,H,-,A,D,0,Y,,,,Y,Y,-,99,0,0,1,0,1,0,0,0,0,"- ","- ",,,"LOS ANGELES","LOS ANGELES",-118.29414367675781,34.055618286132812
90613618,2017,2017-12-11,9590,2017-12-01,2319,021823,,5,3,7,1942,0,1,1,,2,050,"I-110 N/B (HAF)","VERNON AVE",500.00,S,N,A,-,Y,,,110,,,,,,N,Y,4,0,1,2,A,-,01,23152,A,N,C,C,A,A,H,-,C,D,0,,,,,Y,Y,A,01,0,0,1,0,0,0,0,0,0,"- ","- ",34.002119999999998,-118.28073000000001,"LOS ANGELES","LOS ANGELES",-118.28097045,34.002109920000002
90613619,2017,2017-12-11,9590,2017-12-03,0100,021912,,7,3,7,1942,0,1,1,,2,052,"I-110 N/B (HARBOR FREEWAY)","8TH STREET",475.00,S,N,A,-,Y,,,110,,,,,,N,Y,3,0,1,3,A,-,01,23152,A,F,C,C,A,A,H,-,C,D,0,,,,,Y,Y,A,07,0,1,0,0,0,0,0,0,0,"- ","- ",34.048560000000002,-118.26537999999999,"LOS ANGELES","LOS ANGELES",-118.26538685,34.048571299999999
90613831,2017,2017-12-11,9550,2017-12-08,2130,021311,,5,2,5,1908,0,1,3,,2,091,"SR-91 (ARTESIA FWY) E/B","WOODRUFF AVENUE",500.00,E,N,A,-,Y,,,91,,,,,,E,Y,4,0,1,3,A,-,01,23152,A,N,B,C,A,A,H,-,C,D,0,,,,,Y,Y,A,01,0,0,1,0,0,0,0,0,0,"- ","- ",33.876609999999999,-118.11434,"LOS ANGELES",BELLFLOWER,-118.11434104,33.876615549999997
90616434,2017,2017-12-13,9590,2017-11-05,0130,021502,,7,3,7,1942,0,1,2,,2,073,"US-101 S/B (HOLLYWOOD FREEWAY)","VENDOME STREET",50.00,N,N,A,-,Y,,,101,,,,,,S,Y,2,0,3,2,A,-,01,23152,A,F,C,C,A,A,H,-,C,D,0,,,,,Y,Y,A,01,1,1,1,0,0,0,0,0,0,"- ","- ",34.076149999999998,-118.27705,"LOS ANGELES","LOS ANGELES",-118.27712068,34.075904029999997
90616454,2017,2017-12-13,9530,2017-11-22,0350,021059,,3,3,7,1941,0,1,3,,1,470,"SR-103 S/B FROM PACIFIC COAST HIGHWAY","PACIFIC COAST HWY.",10.00,S,N,A,-,Y,,,103,,,,R,,S,Y,3,0,1,1,A,-,01,23152,A,N,E,I,A,A,H,-,C,A,0,,,,,Y,Y,A,01,0,1,0,0,0,0,0,0,0,"- ","- ",33.789769999999997,-118.22575999999999,"LOS ANGELES","LONG BEACH",-118.22575999999999,33.789769999999997
90616726,2017,2017-12-13,9545,2017-12-02,1739,017229,,6,2,6,1992,0,1,3,,2,011,"SR-14 N/B","AVENUE M O/C",508.00,N,N,A,-,Y,,,14,,,,,,N,Y,4,0,2,1,A,-,01,23152,A,N,E,J,A,A,H,-,C,D,0,,,,,Y,Y,A,01,0,0,2,0,0,0,0,0,0,"- ","- ",34.647710000000004,-118.15313999999999,"LOS ANGELES",LANCASTER,-118.15310189,34.6477103
90616803,2017,2017-12-13,9525,2017-12-09,0101,020989,,6,3,6,1955,0,1,1,,2,107,"I-10 W/B (SAN BERNARDINO FWY)","FAIRPLEX DR.",1056.00,W,N,A,-,Y,,,10,,,,,,W,Y,3,0,1,1,A,-,01,23152,A,N,E,I,A,A,H,-,C,D,0,,,,,Y,Y,A,01,0,1,0,0,0,0,0,0,0,"- ","- ",34.072299999999998,-117.79143999999999,"LOS ANGELES",POMONA,-117.79138922999999,34.072125339999999
9061841,2020,2020-05-21,1942,2020-02-28,1955,42962,1823,5,5,7,1942,0,0,0,R,0,18A3,"104TH ST","SAN PEDRO ST",150.00,E,N,A,-,N,,,,,,,,,,Y,4,0,1,3,A,-,01,23152,,N,D,C,A,A,H,-,A,D,0,,,,,Y,Y,A,01,0,0,1,0,0,0,0,0,0,"- ","- ",,,"LOS ANGELES","LOS ANGELES",-118.26903533935547,33.941940307617188
90619770,2017,2017-12-18,9530,2017-11-26,1500,021842,,7,2,7,1942,0,1,1,,2,110,"I-110 S/B TO SR-91 E/B","SR-91 W/B (ARTESIA FREEWAY)",40.00,S,N,A,-,Y,,,110,,,,R,,S,Y,4,0,1,2,A,-,01,23152,A,N,B,C,A,A,H,-,A,D,0,,,,,Y,Y,A,01,0,0,1,0,0,0,0,0,0,"- ","- ",33.872720000000001,-118.28583999999999,"LOS ANGELES","LOS ANGELES",-118.28583999999999,33.872720000000001
90621390,2016,2017-12-20,9530,2016-11-27,0333,021108,,7,3,7,1942,0,1,1,,2,110,"I-110 N/B TO SR-91 W/B",SR-91,280.00,N,N,B,-,Y,,,110,,,,R,,N,Y,1,4,0,1,A,-,03,22350,,N,E,I,A,B,H,-,C,D,0,,,,,Y,Y,A,01,0,0,0,0,0,0,0,0,0,"- ","- ",33.873849999999997,-118.28462,"LOS ANGELES","LOS ANGELES",-118.28462,33.873849999999997
9062269,2020,2020-03-19,1920,2020-02-01,0134,13321,1920,6,5,6,1920,0,0,0,,0,002,"SMALLWOOD AV","LYNDORA ST",100.00,N,N,A,-,N,,,,,,,,,,Y,3,0,1,3,A,-,01,23153,A,N,D,E,F,A,H,-,C,A,0,Y,,,,Y,Y,D,22,0,1,0,0,1,0,0,0,0,"- ","- ",,,"LOS ANGELES",DOWNEY,-118.15577697753906,33.924900054931641
9062298,2020,2020-03-19,1900,2020-02-14,0300,629219,0635,5,5,6,1985,0,0,0,,0,061,"FLOWERPARK DR","CARROL DR",390.00,S,N,A,-,N,,,,,,,,,,N,4,0,1,2,A,-,01,23152,A,N,C,E,A,A,H,-,D,D,0,,,,,Y,Y,A,01,0,0,1,0,0,0,0,0,0,"- ","- ",34.434200286865234,-118.40560150146484,"LOS ANGELES","SANTA CLARITA",,
9062397,2020,2020-07-09,1941,2020-03-08,2119,11519,,7,5,7,1941,0,0,0,,0,,"ANAHEIM ST","ROSE AV",0.00,,Y,A,-,N,,,,,,,,,,Y,3,0,2,4,A,-,01,23153,B,N,A,C,A,A,H,-,C,D,0,,,,,Y,Y,A,,0,1,1,0,0,0,0,0,0,"- ","- ",,,"LOS ANGELES","LONG BEACH",-118.16986083984375,33.782611846923828
90625943,2017,2017-12-26,9565,2017-08-27,0148,021621,,7,3,9,1900,0,2,4,,2,043,"INGLEWOOD AVE.","LENNOX BLVD.",525.00,N,N,A,-,N,,,,,,,,,,Y,1,1,0,2,A,-,11,21954,A,N,G,B,D,A,H,-,C,D,0,Y,,,,Y,Y,N,60,0,0,0,1,0,0,0,0,0,"- ","- ",33.939100000000003,-118.36138,"LOS ANGELES",UNINCORPORATED,-118.36134332,33.939599950000002
90625961,2017,2017-12-26,9540,2017-12-08,2357,021308,,5,3,7,1942,0,1,1,,1,502,"I-5 N/B (GOLDEN STATE FREEWAY)","BALBOA BLVD",600.00,N,N,A,-,Y,,,5,,,,,,N,Y,3,0,1,2,A,-,01,23152,A,N,C,C,A,A,D,E,C,A,0,,,,,Y,Y,A,01,0,1,0,0,0,0,0,0,0,"- ","- ",34.321219999999997,-118.49627,"LOS ANGELES","LOS ANGELES",-118.4963013,34.321164439999997
90626006,2017,2017-12-26,9530,2017-12-23,2300,021108,,6,3,7,1941,0,1,1,,2,072,"I-710 N/B (LONG BEACH FREEWAY)","WILLOW ST.",1251.00,S,N,A,-,Y,,,710,,,,,,N,Y,3,0,2,2,A,-,01,23152,A,N,B,C,A,A,H,-,C,A,0,,,,,Y,Y,A,07,0,2,0,0,0,0,0,0,0,"- ","- ",33.800280000000001,-118.20686000000001,"LOS ANGELES","LONG BEACH",-118.20686006,33.800280000000001
9062661,2020,2020-07-07,1942,2020-02-29,1950,33452,0237,6,5,7,1942,0,0,0,B,0,2A39,"W 2ND ST","S BEAUDRY AV",0.00,,Y,A,-,N,,,,,,,,,,Y,3,0,2,2,D,-,00,,,N,D,C,A,A,H,-,C,A,0,,,,,Y,Y,-,"- ",0,1,1,0,0,0,0,0,0,"- ","- ",,,"LOS ANGELES","LOS ANGELES",-118.25531005859375,34.057941436767578
9062732,2020,2020-05-20,1900,2020-02-29,2130,465550,0628,6,5,6,1985,0,0,0,,0,60T1,"MARKET ST","NEWHALL AV",955.00,W,N,A,-,N,,,,,,,,,,Y,3,0,1,1,A,-,01,23152,A,N,E,I,A,A,H,-,C,D,0,,,,,Y,Y,A,01,0,1,0,0,0,0,0,0,0,"- ","- ",34.375381469726562,-118.52979278564453,"LOS ANGELES","SANTA CLARITA",-118.52938079833984,34.377738952636719
90627757,2017,2018-04-11,9565,2017-12-24,0240,021572,,7,3,9,1900,0,3,5,,2,002,"108TH STREET","VAN NESS AVE",100.00,E,N,A,-,N,,,,,,,,,,Y,3,0,1,2,A,-,01,23152,A,N,A,E,A,A,H,-,C,D,0,,,,,Y,Y,A,01,0,1,0,0,0,0,0,0,0,"- ","- ",33.938249999999996,-118.31722000000001,"LOS ANGELES",UNINCORPORATED,-118.31744095000001,33.93821827
9062776,2020,2020-05-22,1942,2020-02-04,1745,42441,1365,2,5,7,1942,0,0,0,M,0,13A63,"COMPTON AV","52ND ST",40.00,N,N,A,-,N,,,,,,,,,,Y,3,0,1,4,A,-,03,22350,,F,C,D,A,A,H,-,C,D,0,,,,,Y,Y,A,01,0,1,0,0,0,0,0,0,0,"- ","- ",,,"LOS ANGELES","LOS ANGELES",-118.24777984619141,33.995830535888672
90628930,2017,2017-12-28,9580,2017-12-16,0142,020095,,6,3,7,1942,0,1,2,,2,104,"US-101 N/B (VENTURA FREEWAY)","DE SOTO AVE",100.00,S,N,A,-,Y,,,101,,,,,,N,Y,4,0,1,2,A,-,01,23152,A,N,C,C,A,A,H,-,C,D,0,,,,,Y,Y,A,07,0,0,1,0,0,0,0,0,0,"- ","- ",34.167949999999998,-118.58631,"LOS ANGELES","LOS ANGELES",-118.58630832999999,34.168018359999998
90629067,2017,2017-12-28,9525,2017-12-23,1745,019491,,6,2,9,1900,0,2,4,,2,022,"CYPRESS STREET (17800 E. BLOCK)","HEATHDALE AVENUE",0.00,,Y,A,-,N,,,,,,,,,,Y,4,0,1,2,A,-,01,23152,A,N,C,C,A,A,H,-,A,D,0,,,,,Y,Y,D,22,0,0,1,0,0,0,0,0,0,"- ","- ",34.095610000000001,-117.90105,"LOS ANGELES",UNINCORPORATED,-117.90103009000001,34.095760110000001
90629206,2017,2017-12-28,9565,2017-04-29,0315,021473,,6,3,6,1933,0,1,1,,2,060,"I-405 NORTHBOUND (SAN DIEGO FREEWAY)","ARBOR VITAE STREET",1362.00,S,N,A,-,Y,,,405,,,,,,N,Y,4,0,1,1,A,-,01,23152,A,N,E,I,A,A,H,-,C,D,0,,,,,Y,Y,A,01,0,0,1,0,0,0,0,0,0,"- ","- ",33.95035,-118.36853000000001,"LOS ANGELES",INGLEWOOD,-118.36861948000001,33.950328980000002
9062983,2020,2020-06-09,1906,2020-02-29,0647,4431,,6,5,5,1906,0,0,0,,0,001,"TRACY ST","BALDWIN PARK BL",68.00,W,N,A,-,N,,,,,,,,,,Y,4,0,1,1,A,-,08,22107,,N,E,I,A,A,H,-,A,A,0,,,,,Y,Y,A,01,0,0,1,0,0,0,0,0,0,"- ","- ",,,"LOS ANGELES","BALDWIN PARK",-117.97993469238281,34.069713592529297
90630543,2017,2018-01-02,9525,2017-12-24,1415,021156,,7,2,6,1975,0,1,1,,2,105,"I-10 W/B (SAN BERNARDINO FWY)","AZUSA AVE",1000.00,W,N,A,-,Y,,,10,,,,,,W,Y,4,0,1,2,A,-,01,23152,A,N,B,C,A,A,D,E,A,D,0,,,,,Y,Y,A,01,0,0,1,0,0,0,0,0,0,"- ","- ",34.072279999999999,-117.91612000000001,"LOS ANGELES","WEST COVINA",-117.9161198,34.072308020000001
90630571,2017,2018-01-02,9535,2017-12-18,1045,016915,,1,1,5,1948,0,1,1,,2,421,"I-10 W/B (SBF) TO I-710 (LBF)","EL MONTE BUSWAY TOLL LANES",190.00,E,N,A,-,Y,,,10,,,,R,,W,Y,3,0,1,2,A,-,07,21658,A,N,C,C,A,A,H,-,A,D,0,,,Y,,Y,Y,A,01,0,1,0,0,0,0,0,0,1,"- ","- ",34.063270000000003,-118.16188,"LOS ANGELES","MONTEREY PARK",-118.16188,34.063270000000003
90631285,2017,2018-01-02,9565,2017-12-17,0610,021789,,7,1,9,1900,0,1,1,,2,063,"I-405 S/B (SDF) TO WILSHIRE BLVD. E/B","WILSHIRE BLVD.",550.00,S,N,A,-,Y,,,405,,,,R,,S,Y,3,0,2,1,A,-,08,22107,,F,E,I,A,A,H,-,A,D,0,,,,,Y,Y,A,01,0,1,1,0,0,0,0,0,0,"- ","- ",34.054029999999997,-118.45166,"LOS ANGELES",UNINCORPORATED,-118.45166,34.054029999999997
90632993,2018,2018-01-04,9590,2018-01-03,0115,019805,,3,3,7,1942,0,1,1,,2,013,"SR-110 S/B (ARROYO SECO PARKWAY)","AVE. 60",670.00,S,N,A,-,Y,,,110,,,,,,S,Y,4,0,1,1,A,-,01,23152,A,N,E,I,A,A,H,-,C,D,0,,,,,Y,Y,A,01,0,0,1,0,0,0,0,0,0,"- ","- ",34.106391906738281,-118.18773651123047,"LOS ANGELES","LOS ANGELES",-118.18777465820312,34.106437683105469
90634333,2017,2018-01-08,9590,2017-12-25,0350,021848,,1,3,7,1942,0,1,1,,2,082,"1-5 N/B (GOLDEN STATE FREEWAY)",BROADWAY,1400.00,S,N,A,-,Y,,,,,,,,,,Y,3,0,1,1,A,-,01,23152,A,N,E,I,A,A,H,-,C,D,0,,,,,Y,Y,A,01,0,1,0,0,0,0,0,0,0,"- ","- ",34.06953,-118.21720999999999,"LOS ANGELES","LOS ANGELES",-118.48168,34.02223
90634548,2017,2018-01-08,9575,2017-12-23,2315,021669,,6,3,7,1942,0,1,3,,2,070,"I-210 W/B FROM SR-118 E/B","DRONFIELD AVENUE",190.00,W,N,A,-,Y,,,,,,,,,,Y,2,0,1,1,A,-,01,23152,A,N,E,I,A,A,H,-,D,D,0,,,,,Y,Y,A,01,1,0,0,0,0,0,0,0,0,"- ","- ",34.284559999999999,-118.41243,"LOS ANGELES","LOS ANGELES",,
90636972,2018,2018-01-10,9525,2018-01-08,0054,020632,,1,3,6,1955,0,1,3,,2,606,"SR-60 E/B TO RESERVOIR ST.","RESERVOIR ST.",660.00,W,N,B,-,Y,,,60,,,,R,,E,Y,3,0,2,1,A,-,01,23152,A,N,A,I,A,A,H,-,C,D,0,,,,,Y,Y,A,01,0,1,1,0,0,0,0,0,0,"- ","- ",34.024570465087891,-117.73281860351562,"LOS ANGELES",POMONA,-117.73281860351562,34.024570465087891
90637681,2018,2018-01-18,9535,2018-01-01,0605,017954,,1,1,6,1922,0,1,1,,2,400,"I-10 EB TO SAN GABRIEL BLVD. S/B","SAN GABRIEL BLVD",150.00,W,N,A,-,Y,,,,,,,,,,Y,3,0,1,1,A,-,01,23152,A,N,E,I,A,A,H,-,C,D,0,,,,,Y,Y,A,01,0,1,0,0,0,0,0,0,0,"- ","- ",34.071620941162109,-118.0911865234375,"LOS ANGELES","EL MONTE",-118.09112548828125,34.071865081787109
90638673,2017,2018-01-12,9545,2017-09-12,2231,020960,,2,3,9,1900,0,3,5,,2,003,"BRIAR GLEN ROAD","CEDARCROFT ROAD",712.00,W,N,A,-,N,,,,,,,,,,Y,2,0,1,2,A,-,01,23152,A,N,E,E,A,A,H,-,D,D,0,,,Y,,Y,Y,A,07,1,0,0,0,0,0,0,0,1,"- ","- ",34.464599999999997,-118.16996,"LOS ANGELES",UNINCORPORATED,-118.16947721,34.464550060000001
90639471,2018,2018-01-15,9550,2018-01-11,2055,021150,,4,2,9,1900,0,3,5,,2,002,"MILLS AVENUE","LANNING DRIVE",104.00,N,N,A,-,N,,,,,,,,,,Y,3,0,1,2,A,-,01,23152,A,N,C,E,A,A,H,-,C,D,0,,,,,Y,Y,A,07,0,1,0,0,0,0,0,0,0,"- ","- ",33.945491790771484,-118.02184295654297,"LOS ANGELES",UNINCORPORATED,-118.02111053466797,33.945774078369141
90642152,2018,2018-01-17,9565,2018-01-14,1900,021640,,7,2,7,1942,0,1,1,,2,061,"I-405 S/B (SAN DIEGO FWY)","VENICE BLVD.",10.00,S,N,A,-,Y,,,405,,,,,,S,Y,3,0,1,3,A,-,03,22350,,N,C,C,A,A,H,-,D,D,0,,,,,Y,Y,A,01,0,1,0,0,0,0,0,0,0,"- ","- ",34.011920928955078,-118.41857147216797,"LOS ANGELES","LOS ANGELES",-118.41843414306641,34.012027740478516
90642788,2018,2018-01-18,9565,2018-01-14,1840,021729,,7,2,9,1900,0,2,4,,2,021,"EL SEGUNDO BLVD","VERMONT AVE",0.00,,Y,A,-,N,,,,,,,,,,Y,3,0,2,3,A,-,01,23152,A,N,D,C,A,A,H,-,C,A,0,,,,,Y,Y,A,01,0,2,0,0,0,0,0,0,0,"- ","- ",33.916408538818359,-118.29181671142578,"LOS ANGELES",UNINCORPORATED,-118.29183959960938,33.916419982910156
90644100,2018,2018-01-22,9530,2018-01-07,0005,021493,,7,3,9,1900,0,3,5,,2,002,"EL SEGUNDO BLVD. (1900 BLOCK)","WILMINGTON AVE.",100.00,E,N,A,-,N,,,,,,,,,,N,2,0,1,2,A,-,11,21954,A,N,G,B,D,A,H,-,D,D,0,Y,,,,Y,Y,N,60,1,0,0,0,1,0,0,0,0,"- ","- ",33.916259765625,-118.23841857910156,"LOS ANGELES",UNINCORPORATED,-118.23915100097656,33.916191101074219
9064437,2020,2020-03-24,1942,2020-02-12,0210,39876,1309,3,5,7,1942,0,0,0,M,0,24T31,"SANTA FE ST","OLYMPIC BL",0.00,,Y,A,-,N,,,,,,,,,,N,4,0,1,2,A,-,10,21950,A,F,G,B,B,A,H,-,C,A,0,Y,,,,Y,Y,-,99,0,0,1,0,1,0,0,0,0,"- ","- ",,,"LOS ANGELES","LOS ANGELES",-118.22994232177734,34.025619506835938
90644896,2017,2018-01-22,9535,2017-12-22,2337,021515,,5,3,5,1969,0,1,1,,2,074,"I-710 (LONG BEACH FREEWAY) N/B","IMPERIAL HWY",1500.00,S,N,A,-,Y,,,710,,,,,,N,Y,3,0,1,1,A,-,01,23152,A,N,F,I,A,A,H,-,C,D,0,,,,,Y,Y,A,01,0,1,0,0,0,0,0,0,0,"- ","- ",33.924309999999998,-118.17762,"LOS ANGELES","SOUTH GATE",-118.17759244,33.924306649999998