CASE_ID,ACCIDENT_YEAR,PROC_DATE,JURIS,COLLISION_DATE,COLLISION_TIME,OFFICER_ID,REPORTING_DISTRICT,DAY_OF_WEEK,CHP_SHIFT,POPULATION,CNTY_CITY_LOC,SPECIAL_COND,BEAT_TYPE,CHP_BEAT_TYPE,CITY_DIVISION_LAPD,CHP_BEAT_CLASS,BEAT_NUMBER,PRIMARY_RD,SECONDARY_RD,DISTANCE,DIRECTION,INTERSECTION,WEATHER_1,WEATHER_2,STATE_HWY_IND,CALTRANS_COUNTY,CALTRANS_DISTRICT,STATE_ROUTE,ROUTE_SUFFIX,POSTMILE_PREFIX,POSTMILE,LOCATION_TYPE,RAMP_INTERSECTION,SIDE_OF_HWY,TOW_AWAY,COLLISION_SEVERITY,NUMBER_KILLED,NUMBER_INJURED,PARTY_COUNT,PRIMARY_COLL_FACTOR,PCF_CODE_OF_VIOL,PCF_VIOL_CATEGORY,PCF_VIOLATION,PCF_VIOL_SUBSECTION,HIT_AND_RUN,TYPE_OF_COLLISION,MVIW,PED_ACTION,ROAD_SURFACE,ROAD_COND_1,ROAD_COND_2,LIGHTING,CONTROL_DEVICE,CHP_ROAD_TYPE,PEDESTRIAN_ACCIDENT,BICYCLE_ACCIDENT,MOTORCYCLE_ACCIDENT,TRUCK_ACCIDENT,NOT_PRIVATE_PROPERTY,ALCOHOL_INVOLVED,STWD_VEHTYPE_AT_FAULT,CHP_VEHTYPE_AT_FAULT,COUNT_SEVERE_INJ,COUNT_VISIBLE_INJ,COUNT_COMPLAINT_PAIN,COUNT_PED_KILLED,COUNT_PED_INJURED,COUNT_BICYCLIST_KILLED,COUNT_BICYCLIST_INJURED,COUNT_MC_KILLED,COUNT_MC_INJURED,PRIMARY_RAMP,SECONDARY_RAMP,LATITUDE,LONGITUDE,COUNTY,CITY,POINT_X,POINT_Y
9064973,2019,2020-03-27,1942,2019-12-20,2330,42715,NEWT,5,5,7,1942,0,0,0,,0,13A9,"HOLMES AV","52ND ST",10.00,W,N,A,-,N,,,,,,,,,,Y,4,0,1,2,A,-,01,23152,A,N,B,C,A,A,H,-,C,D,0,,,,,Y,Y,A,01,0,0,1,0,0,0,0,0,0,"- ","- ",,,"LOS ANGELES","LOS ANGELES",-118.24112701416016,33.995429992675781
90650074,2018,2018-01-29,9550,2018-01-21,2255,021121,,7,3,9,1900,0,3,5,,2,005,"PATHFINDER ROAD","BLANDFORD DRIVE",450.00,W,N,A,-,N,,,,,,,,,,Y,2,0,1,1,A,-,01,23152,A,N,E,I,A,A,H,-,C,D,0,,,,,Y,Y,A,07,1,0,0,0,0,0,0,0,0,"- ","- ",33.970199584960938,-117.89747619628906,"LOS ANGELES",UNINCORPORATED,-117.8974609375,33.970310211181641
9065032,2020,2020-05-20,1905,2020-02-02,1443,1175,141,7,5,4,1905,0,0,0,,0,001,"AZUSA LN","AZUSA AV",7.00,E,N,A,-,N,,,,,,,,,,N,4,0,1,1,A,-,01,23152,A,N,E,I,A,A,H,-,A,A,0,,,,,Y,Y,A,01,0,0,1,0,0,0,0,0,0,"- ","- ",34.118419647216797,-117.90746307373047,"LOS ANGELES",AZUSA,-117.90753936767578,34.118438720703125
90650705,2018,2018-01-29,9565,2018-01-26,2005,021694,,5,2,9,1900,0,3,5,,2,004,"FREEMAN AVE.","111TH ST.",12.00,S,N,A,-,N,,,,,,,,,,Y,3,0,1,1,A,-,01,23152,A,M,E,I,A,A,H,-,C,D,0,,,,,Y,Y,A,07,0,1,0,0,0,0,0,0,0,"- ","- ",33.93450927734375,-118.34832000732422,"LOS ANGELES",UNINCORPORATED,-118.34828186035156,33.934528350830078
90651314,2017,2018-05-23,9535,2017-12-17,0200,020816,,7,3,9,1900,0,3,5,,2,006,"SAN GABRIEL BLVD. (1300 BLOCK)","HILL DR",118.00,N,N,B,-,N,,,,,,,,,,Y,3,0,1,2,A,-,01,23152,A,N,C,E,A,A,H,-,C,D,0,,,,Y,Y,Y,A,01,0,1,0,0,0,0,0,0,0,"- ","- ",34.044829999999997,-118.09038,"LOS ANGELES",UNINCORPORATED,-118.09052109,34.044941549999997
90651577,2018,2018-01-30,9550,2018-01-20,2325,020959,,6,3,9,1900,0,3,5,,2,003,"NEWTON ST.","LAS LOMITAS DR.",528.00,E,N,A,-,N,,,,,,,,,,Y,3,0,1,1,A,-,08,22107,,N,E,I,A,A,H,-,C,D,0,,,,,Y,Y,A,01,0,1,0,0,0,0,0,0,0,"- ","- ",33.999099731445312,-117.97734832763672,"LOS ANGELES",UNINCORPORATED,-117.97747802734375,33.999122619628906
90651709,2017,2018-01-30,9535,2017-12-09,1849,017943,,6,2,5,1943,0,1,1,,2,074,"I-710 N/B (LONG BEACH FREEWAY)","IMPERIAL HWY.",1000.00,S,N,A,-,Y,,,710,,,,,,N,Y,2,0,1,3,A,-,01,23152,A,N,C,C,A,A,H,-,C,D,0,,,Y,,Y,Y,C,02,1,0,0,0,0,0,0,0,1,"- ","- ",33.92671,-118.17791,"LOS ANGELES",LYNWOOD,-118.17794032,33.926700609999997
90652635,2018,2018-01-31,9590,2018-01-21,1645,021606,,7,2,7,1942,0,1,1,,2,052,"I-110 NB (HARBOR FREEWAY)","OLYMPIC BLVD.",50.00,N,N,A,-,Y,,,110,,,,,,N,N,3,0,1,2,A,-,07,21658,A,N,B,C,A,A,H,-,A,D,0,,,Y,,Y,Y,A,01,0,1,0,0,0,0,0,0,1,"- ","- ",34.046478271484375,-118.26866912841797,"LOS ANGELES","LOS ANGELES",-118.26870727539062,34.046546936035156
9065461,2019,2020-05-21,1942,2019-04-06,1211,30575,1313,6,5,7,1942,0,0,0,M,0,6D251,"SAN PEDRO ST","27TH ST",0.00,,Y,A,-,N,,,,,,,,,,Y,2,0,5,3,A,-,08,22107,,N,B,C,F,A,H,-,A,D,0,Y,,,,Y,Y,A,08,1,0,4,0,1,0,0,0,0,"- ","- ",,,"LOS ANGELES","LOS ANGELES",-118.26190185546875,34.020618438720703
90656433,2018,2018-02-07,9590,2018-01-28,0205,021883,,7,3,7,1942,0,1,2,,2,072,"US-101 N/B (HOLLYWOOD FREEWAY)","SUNSET BLVD.",60.00,N,N,A,-,Y,,,101,,,,,,N,Y,4,0,1,1,A,-,01,23152,A,N,E,I,A,A,H,-,C,D,0,,,,,Y,Y,A,01,0,0,1,0,0,0,0,0,0,"- ","- ",34.098308563232422,-118.31446075439453,"LOS ANGELES","LOS ANGELES",-118.31451416015625,34.098281860351562
90659008,2018,2018-02-12,9530,2018-02-04,1500,020567,,7,2,5,1943,0,1,1,,2,210,"I-105 E/B (GLENN ANDERSON FWY)","ALAMEDA ST.",300.00,W,N,A,-,Y,,,105,,,,,,E,Y,4,0,4,2,A,-,01,23152,A,N,B,C,A,A,H,-,A,D,0,,,,,Y,Y,A,01,0,0,4,0,0,0,0,0,0,"- ","- ",33.929149627685547,-118.22667694091797,"LOS ANGELES",LYNWOOD,-118.22667694091797,33.929130554199219
90660428,2018,2018-02-13,9545,2018-02-03,1740,021814,,6,2,6,1950,0,3,5,,2,002,"PEARBLOSSOM HWY","SIERRA HWY",20.00,W,N,A,-,N,,,,,,,,,,Y,4,0,1,2,A,-,01,23152,A,N,C,C,A,A,H,-,C,A,0,,,,,Y,Y,A,08,0,0,1,0,0,0,0,0,0,"- ","- ",34.521839141845703,-118.09763336181641,"LOS ANGELES",PALMDALE,-118.09747314453125,34.521999359130859
90660505,2018,2018-02-13,9545,2018-02-12,0205,020849,,1,3,6,1950,0,1,3,,2,021,"SR-14 S/B","AVENUE S",4224.00,N,N,A,-,Y,,,14,,,,,,S,Y,3,0,1,2,A,-,01,23152,A,N,C,C,A,A,H,-,D,A,0,,,,,Y,Y,A,01,0,1,0,0,0,0,0,0,0,"- ","- ",34.570468902587891,-118.13359069824219,"LOS ANGELES",PALMDALE,-118.13368988037109,34.570465087890625
9066091,2020,2020-10-31,1942,2020-05-10,1620,40452,0783,7,5,7,1942,0,0,0,G,0,7AL,"CLOVERDALE AV","BANGOR ST",450.00,S,N,A,-,N,,,,,,,,,,Y,3,0,2,4,A,-,01,23152,A,F,B,E,A,A,H,-,A,D,0,,,,,Y,Y,A,07,0,2,0,0,0,0,0,0,0,"- ","- ",,,"LOS ANGELES","LOS ANGELES",-118.35610198974609,34.035663604736328
90661099,2018,2018-02-14,9530,2018-02-03,0015,021458,,6,3,9,1900,0,3,5,,2,005,"CRENSHAW BLVD. (15000 BLOCK)","MARINE AVE.",450.00,N,N,A,-,N,,,,,,,,,,Y,3,0,5,3,A,-,01,23152,A,N,B,C,E,A,H,-,C,D,0,Y,,,,Y,Y,A,01,0,3,2,0,1,0,0,0,0,"- ","- ",33.895610809326172,-118.32663726806641,"LOS ANGELES",UNINCORPORATED,-118.3265380859375,33.895893096923828
90661922,2018,2018-02-15,9550,2018-02-14,1920,021261,,3,2,9,1900,0,3,5,,2,002,"LAMBERT ROAD","ARMLEY AVE",90.00,E,N,A,-,N,,,,,,,,,,N,4,0,2,2,A,-,01,23152,A,N,C,C,A,A,H,-,C,A,0,,,,,Y,Y,A,01,0,0,2,0,0,0,0,0,0,"- ","- ",33.946571350097656,-118.02113342285156,"LOS ANGELES",UNINCORPORATED,-118.02113342285156,33.946582794189453
90665233,2018,2018-08-09,9530,2018-02-03,0135,021541,,6,3,5,1977,0,1,1,,2,410,"I-405 N/B (SAN DIEGO FREEWAY)","CARSON ST.",900.00,S,N,A,-,Y,,,405,,,,,,N,Y,2,0,2,3,A,-,03,22350,,N,B,C,A,A,H,-,C,D,0,,,,Y,Y,Y,A,07,2,0,0,0,0,0,0,0,0,"- ","- ",33.82958984375,-118.25370025634766,"LOS ANGELES",CARSON,-118.25369262695312,33.829597473144531
90666647,2018,2018-02-22,9540,2018-02-20,2000,019853,,2,2,9,1900,0,1,1,,2,509,"I-5 S/B (GOLDEN STATE FWY)","PARKER RD.",1230.00,S,N,A,-,Y,,,5,,,,,,S,Y,3,0,1,2,A,-,01,23152,A,N,C,C,A,A,E,-,C,A,0,,,,,Y,Y,A,01,0,1,0,0,0,0,0,0,0,"- ","- ",34.486301422119141,-118.61672973632812,"LOS ANGELES",UNINCORPORATED,-118.61681365966797,34.486236572265625
90669024,2018,2018-06-05,9550,2018-02-23,1915,020959,,5,2,9,1900,0,1,3,,2,600,"SR-60 EASTBOUND FROM CROSSROADS PKWY.","CROSSROADS PARKWAY",200.00,E,N,A,-,Y,,,60,,,,R,,E,N,4,0,1,2,A,-,01,23152,A,N,C,C,A,A,H,-,D,A,0,,,,,Y,Y,D,22,0,0,1,0,0,0,0,0,0,"- ","- ",34.028900146484375,-118.01100158691406,"LOS ANGELES",UNINCORPORATED,-118.01100158691406,34.028900146484375
9067013,2020,2020-05-26,1942,2020-02-27,2015,43529,1283,4,5,7,1942,0,0,0,L,0,12A69,CENTURY,WESTERN,50.00,W,N,A,-,N,,,,,,,,,,N,4,0,1,2,A,-,01,23152,A,N,C,C,A,A,-,-,C,A,0,,,,,Y,Y,A,01,0,0,1,0,0,0,0,0,0,"- ","- ",,,"LOS ANGELES","LOS ANGELES",-118.30919647216797,33.945453643798828
90670198,2017,2018-06-21,9525,2017-11-19,0035,021392,,7,3,1,1934,0,1,1,,2,651,"I-605 S/B (SAN GABRIEL RIVER FWY)","RAMONA BLVD",991.00,N,N,A,-,Y,,,605,,,,,,S,Y,1,2,1,2,A,-,01,23152,A,N,A,C,A,A,H,-,D,D,0,,,,,Y,Y,A,08,1,0,0,0,0,0,0,0,0,"- ","- ",34.080460000000002,-117.99796000000001,"LOS ANGELES",IRWINDALE,-117.99797681,34.080462590000003
90673475,2018,2018-03-02,9540,2018-02-16,1420,021845,,5,2,7,1942,0,1,1,,2,406,"I-405 N/B (SAN DIEGO FREEWAY)","RINALDI ST",1584.00,S,N,A,-,Y,,,405,,,,,,N,Y,3,0,1,2,A,-,01,23152,A,N,C,C,A,A,H,-,A,D,0,,,,Y,Y,Y,A,01,0,1,0,0,0,0,0,0,0,"- ","- ",34.274879455566406,-118.47116088867188,"LOS ANGELES","LOS ANGELES",-118.47111511230469,34.274864196777344
9067503,2020,2020-03-30,1900,2020-02-22,0010,509623,0973,6,5,4,1979,0,0,0,,0,91T4,"SANTA MONICA BL","N LA BREA AV",0.00,,Y,A,-,N,,,,,,,,,,Y,3,0,2,2,A,-,09,21801,A,N,D,C,A,A,H,-,C,A,0,,,,,Y,Y,A,01,0,1,1,0,0,0,0,0,0,"- ","- ",34.090679168701172,-118.34416961669922,"LOS ANGELES","WEST HOLLYWOOD",-118.34407806396484,34.0906982421875
90675044,2018,2018-03-05,9530,2018-02-25,1827,021465,,7,2,9,1900,0,3,5,,2,002,"WILMINGTON AVE","EL SEGUNDO BLVD.",0.00,,Y,A,-,N,,,,,,,,,,N,2,0,3,2,A,-,01,23152,A,N,D,C,A,A,H,-,C,A,0,,,,,Y,Y,M,96,2,1,0,0,0,0,0,0,0,"- ","- ",33.916400909423828,-118.23899841308594,"LOS ANGELES",UNINCORPORATED,-118.23915100097656,33.916191101074219
90675141,2018,2018-03-05,9535,2018-02-24,1635,019626,,6,2,6,1922,0,1,1,,2,400,"I-10 (SAN BERNARDINO FREEWAY) E/B",I-605,1450.00,W,N,A,-,Y,,,10,,,,,,E,Y,3,0,3,4,A,-,01,23152,A,N,C,C,A,A,H,-,A,D,0,,,,,Y,Y,D,22,0,1,2,0,0,0,0,0,0,"- ","- ",34.064380645751953,-118.00509643554688,"LOS ANGELES","EL MONTE",-118.00509643554688,34.064323425292969
9067525,2020,2020-03-30,1942,2020-02-21,2345,42940,1265,5,5,7,1942,0,0,0,L,0,12A73,"HALLDALE AV","MANCHESTER AV",100.00,N,N,A,-,N,,,,,,,,,,N,2,0,1,2,A,-,11,21954,A,F,-,B,D,A,H,-,C,D,0,Y,,,,Y,Y,N,60,1,0,0,0,1,0,0,0,0,"- ","- ",,,"LOS ANGELES","LOS ANGELES",-118.302490234375,33.960273742675781
90675274,2018,2018-03-05,9545,2018-02-23,2020,021814,,5,2,6,1950,0,3,5,,2,004,"PEARBLOSSOM HWY","47TH ST E",350.00,W,N,A,G,N,,,,,,,,,,Y,3,0,1,2,A,-,03,22350,,N,C,C,A,A,H,-,C,A,0,,,,Y,Y,Y,A,01,0,1,0,0,0,0,0,0,0,"- ","- ",34.542701721191406,-118.0465087890625,"LOS ANGELES",PALMDALE,-118.04643249511719,34.542728424072266
90676720,2018,2018-03-07,9565,2018-02-08,2355,021453,,4,3,9,1900,0,2,4,,2,024,"IMPERIAL HWY.","VAN NESS AVE.",0.00,,Y,A,-,N,,,,,,,,,,Y,3,0,2,2,A,-,01,23152,A,N,D,C,A,A,H,-,C,A,0,,,,,Y,Y,A,01,0,1,1,0,0,0,0,0,0,"- ","- ",33.930908203125,-118.31774139404297,"LOS ANGELES",UNINCORPORATED,-118.31777954101562,33.931018829345703
9067708,2020,2020-05-09,1900,2020-01-27,0120,624497,0986,1,5,4,1979,0,0,0,,0,091,"ALTA LOMA RD","SUNSET BL",0.00,,Y,A,-,N,,,,,,,,,,Y,4,0,1,2,A,-,08,22107,,N,F,C,A,A,H,-,C,A,0,,,,,Y,Y,A,01,0,0,1,0,0,0,0,0,0,"- ","- ",33.409351348876953,-118.37998199462891,"LOS ANGELES","WEST HOLLYWOOD",-118.37777709960938,34.093498229980469
90681033,2018,2018-03-14,9535,2018-03-04,2323,018749,,7,3,1,1973,0,1,1,,2,073,"I-710 (S/B) TO ATLANTIC BOULEVARD (S/B)","BANDINI BOULEVARD",5.00,S,N,A,-,Y,,,710,,,,R,,,Y,3,0,1,1,A,-,01,23152,A,N,E,I,A,A,H,-,C,D,0,,,,,Y,Y,A,01,0,1,0,0,0,0,0,0,0,"- ","- ",33.998710632324219,-118.17662811279297,"LOS ANGELES",VERNON,-118.17662811279297,33.998710632324219
90682642,2018,2018-03-15,9530,2018-02-26,2115,020140,,1,2,7,1941,0,1,1,,2,071,"I-710 S/B (LONG BEACH FREEWAY)","208TH ST",528.00,S,N,C,-,Y,,,710,,,,,,S,Y,3,0,1,2,A,-,01,23152,A,N,C,C,A,B,H,-,C,D,0,,,,Y,Y,Y,G,25,0,1,0,0,0,0,0,0,0,"- ","- ",33.838001251220703,-118.20789337158203,"LOS ANGELES","LONG BEACH",-118.20785522460938,33.837989807128906
9068277,2020,2020-07-21,1900,2020-04-20,0303,600544,2116,1,5,5,1943,0,0,0,,0,212TH,"ALAMEDA ST","111TH ST",55.00,S,N,A,-,N,,,,,,,,,,Y,2,0,1,2,A,-,03,22350,,N,C,C,A,A,H,-,C,D,0,,,,Y,Y,Y,A,01,1,0,0,0,0,0,0,0,0,"- ","- ",33.933998107910156,-118.22599792480469,"LOS ANGELES",LYNWOOD,-118.22599792480469,33.934700012207031
9068420,2020,2020-07-16,1922,2020-04-27,1924,671,1,1,5,6,1922,0,0,0,,0,001,"SANTA ANITA AV","RAMONA BL",33.00,N,N,A,-,N,,,,,,,,,,Y,2,0,3,2,A,-,12,21453,A,N,D,C,A,A,H,-,C,A,0,,,,,Y,Y,A,01,1,2,0,0,0,0,0,0,0,"- ","- ",37.071979522705078,-118.042236328125,"LOS ANGELES","EL MONTE",-118.04220581054688,34.072059631347656
9068452,2020,2020-09-03,1942,2020-04-29,1200,43344,1343,3,5,7,1942,0,0,0,M,0,13X45,"MARTIN LUTHER KING JR BL","WADSWORTH AV",25.00,W,N,A,-,N,,,,,,,,,,Y,3,0,1,3,A,-,08,22107,,N,C,B,E,A,H,-,A,B,0,Y,,,,Y,Y,A,01,0,1,0,0,1,0,0,0,0,"- ","- ",,,"LOS ANGELES","LOS ANGELES",-118.25902557373047,34.010971069335938
90687812,2018,2018-03-22,9530,2018-03-14,0330,020868,,3,3,9,1900,0,3,5,,2,001,"FLORENCE AVE (1100 BLOCK)","CENTRAL AVE.",15.00,E,N,B,-,N,,,,,,,,,,Y,3,0,1,1,A,-,01,23152,A,N,E,I,A,B,H,-,C,D,0,,,,,Y,Y,A,01,0,1,0,0,0,0,0,0,0,"- ","- ",33.974639892578125,-118.25621795654297,"LOS ANGELES",UNINCORPORATED,-118.25640869140625,33.974758148193359
9068788,2020,2020-07-23,1942,2020-04-21,1500,43010,1383,2,5,7,1942,0,0,0,M,0,13X21,"61ST ST","MAIN ST",200.00,E,N,A,-,N,,,,,,,,,,Y,3,0,1,2,A,-,01,23152,A,N,A,E,A,-,H,-,A,D,0,,,,,Y,Y,A,01,0,1,0,0,0,0,0,0,0,"- ","- ",,,"LOS ANGELES","LOS ANGELES",-118.27328491210938,33.984230041503906
9068813,2020,2020-07-22,1926,2020-04-27,1221,0043,,1,5,5,1926,0,0,0,,0,002,GLADSTONE,CONCORD,33.00,W,N,A,-,N,,,,,,,,,,Y,4,0,1,1,A,-,01,23152,B,N,E,I,A,A,H,-,A,D,0,,,,,Y,Y,A,01,0,0,1,0,0,0,0,0,0,"- ","- ",34.113639831542969,-117.85897064208984,"LOS ANGELES",GLENDORA,-117.85903167724609,34.113941192626953
90689868,2018,2018-03-26,9530,2018-03-15,0110,021709,,4,3,9,1900,0,1,1,,2,120,"110 S/B","SEPULVEDA BLVD.",500.00,S,N,C,-,Y,,,,,,,,,,Y,4,0,1,1,A,-,01,23152,A,N,F,A,A,B,H,-,C,D,0,,,,,Y,Y,A,07,0,0,1,0,0,0,0,0,0,"- ","- ",33.807579040527344,-118.28826904296875,"LOS ANGELES",UNINCORPORATED,-118.28180694580078,33.789241790771484
90690204,2018,2018-03-26,9580,2018-03-12,2339,022016,,1,3,7,1942,0,1,1,,2,405,"I-405 S/B(SAN DIEGO FWY) TO US-101 N/B","HASKELL AVE",1056.00,E,N,A,-,Y,,,405,,,,R,,S,Y,3,0,1,1,A,-,01,23152,A,N,E,I,A,A,H,-,C,D,0,,,,,Y,Y,A,01,0,1,0,0,0,0,0,0,0,"- ","- ",34.163249969482422,-118.4715576171875,"LOS ANGELES","LOS ANGELES",-118.4715576171875,34.163249969482422
90692229,2018,2018-03-28,9550,2018-03-18,0255,021952,,7,3,6,1949,0,1,1,,2,500,"INTERSTATE 5 NB","NORWALK BOULEVARD",500.00,S,N,A,-,Y,,,5,,,,,,N,Y,4,0,1,1,A,-,01,23152,A,N,E,I,A,A,H,-,C,D,0,,,,,Y,Y,A,01,0,0,1,0,0,0,0,0,0,"- ","- ",33.913459777832031,-118.07552337646484,"LOS ANGELES",NORWALK,-118.0755615234375,33.913383483886719
90692655,2018,2018-03-29,9580,2018-03-19,2135,022016,,1,2,7,1942,0,1,2,,2,104,"US-101 N/B (VENTURA FREEWAY)","TAMPA AVE",2112.00,N,N,A,-,Y,,,101,,,,,,N,Y,4,0,1,3,A,-,01,23152,A,M,B,C,A,A,H,-,D,D,0,,,,,Y,Y,A,01,0,0,1,0,0,0,0,0,0,"- ","- ",34.173629760742188,-118.56057739257812,"LOS ANGELES","LOS ANGELES",-118.56058502197266,34.173664093017578
9069342,2020,2020-08-07,1942,2020-05-01,2245,31652,2118,5,5,7,1942,0,0,0,,0,21A29,"ROSA AV","WINNETKA AV",0.00,,Y,A,-,N,,,,,,,,,,Y,2,0,1,2,A,-,09,21801,A,F,B,C,A,A,H,-,C,A,0,,,Y,,Y,Y,-,99,1,0,0,0,0,0,0,0,1,"- ","- ",,,"LOS ANGELES","LOS ANGELES",,
9069410,2020,2020-08-06,1948,2020-04-28,0108,383,,2,5,5,1948,0,0,0,,0,001,"MONTEREY PASS RD","VAGABOND DR",829.00,N,N,A,-,N,,,,,,,,,,Y,3,0,1,3,A,-,01,23152,A,N,D,C,A,A,H,-,C,D,0,,,,,Y,Y,A,01,0,1,0,0,0,0,0,0,0,"- ","- ",,,"LOS ANGELES","MONTEREY PARK",-118.14887237548828,34.054737091064453
90695680,2018,2018-03-30,9590,2018-03-26,1910,021111,,1,2,7,1942,0,1,2,,2,073,"US-101 S/B (HOLLYWOOD FREEWAY)","LANKERSHIM BLVD",2100.00,S,N,A,-,Y,,,101,,,,,,S,Y,4,0,2,3,A,-,07,21658,A,N,B,C,A,A,H,-,A,D,0,,,,,Y,Y,-,99,0,0,2,0,0,0,0,0,0,"- ","- ",34.134521484375,-118.35764312744141,"LOS ANGELES","LOS ANGELES",-118.35763549804688,34.134525299072266
90696127,2018,2018-04-02,9530,2018-02-18,0105,021642,,7,3,5,1943,0,1,1,,2,210,"I-105 E/B (GLENN ANDERSON FWY)","LONG BEACH BLVD.",400.00,W,N,A,-,Y,,,105,,,,,,E,Y,3,0,1,1,A,-,08,22107,,N,F,A,A,A,H,-,C,D,0,,,,,Y,Y,A,07,0,1,0,0,0,0,0,0,0,"- ","- ",33.925289154052734,-118.21124267578125,"LOS ANGELES",LYNWOOD,-118.21124267578125,33.925277709960938
90696226,2018,2018-04-02,9545,2018-03-23,2255,021695,,5,3,6,1992,0,1,3,,2,011,"SR-14 N/B","AVENUE C",600.00,N,N,A,-,Y,,,,,,,,,,Y,3,0,1,1,A,-,01,23152,A,N,E,I,A,A,H,-,D,D,0,,,,,Y,Y,A,01,0,1,0,0,0,0,0,0,0,"- ","- ",34.792919158935547,-118.17054748535156,"LOS ANGELES",LANCASTER,-118.17060852050781,34.793064117431641
90697179,2018,2018-04-03,9535,2018-03-22,2250,022017,,4,3,9,1900,0,1,3,,2,621,"SR-60 (POMONA FREEWAY) W/B","SAN GABRIEL BLVD",80.00,E,N,B,C,Y,,,60,,,,,,W,Y,3,0,2,2,A,-,03,22350,,N,A,C,A,B,H,-,C,D,0,,,,Y,Y,Y,A,01,0,2,0,0,0,0,0,0,0,"- ","- ",34.039421081542969,-118.08110046386719,"LOS ANGELES",UNINCORPORATED,-118.08110046386719,34.039413452148438
90697493,2018,2018-04-03,9580,2018-03-26,0039,021187,,1,3,7,1942,0,1,2,,2,103,"US-101 S/B (VENTURA FREEWAY)","HASKELL AVE",300.00,N,N,A,-,Y,,,101,,,,,,S,Y,4,0,2,2,A,-,01,23152,A,N,C,C,A,A,H,-,D,D,0,,,,,Y,Y,A,01,0,0,2,0,0,0,0,0,0,"- ","- ",34.1651611328125,-118.47682952880859,"LOS ANGELES","LOS ANGELES",-118.47682952880859,34.165267944335938
90698900,2018,2018-04-04,9590,2018-03-25,0148,021622,,7,3,7,1942,0,1,1,,2,020,"I-10 E/B (SBF)","CESAR CHAVEZ AVENUE",136.00,E,N,A,-,Y,,,,,,,,,,Y,3,0,2,4,A,-,03,22350,,N,D,C,E,A,H,-,C,D,0,Y,,,,Y,Y,A,01,0,2,0,0,1,0,0,0,0,"- ","- ",35.053440093994141,-118.22248840332031,"LOS ANGELES","LOS ANGELES",,
90699007,2018,2018-07-18,9565,2018-02-12,1710,021808,,1,2,9,1900,0,2,4,,1,041,"HAWTHORNE BLVD.","111TH ST.",0.00,,Y,A,-,N,,,,,,,,,,N,4,0,1,2,A,-,01,23152,A,N,D,C,A,A,H,-,B,A,0,,,,,Y,Y,A,01,0,0,1,0,0,0,0,0,0,"- ","- ",33.93450927734375,-118.90303802490234,"LOS ANGELES",UNINCORPORATED,-118.35270690917969,33.934551239013672
9069943,2020,2020-08-10,1953,2020-04-28,2059,8981,PASAD,2,5,6,1953,0,0,0,,0,002,"MONTANA ST","LUNDY AV",0.00,,Y,A,-,N,,,,,,,,,,Y,4,0,1,3,A,-,01,23152,A,N,B,E,A,A,H,-,C,D,0,,,,,Y,Y,A,01,0,0,1,0,0,0,0,0,0,"- ","- ",,,"LOS ANGELES",PASADENA,-118.14507293701172,34.180309295654297
90700170,2018,2018-04-06,9525,2018-03-23,2010,021229,,5,2,9,1900,0,3,5,,2,005,"GLADSTONE ST.  (700 BLOCK)","SAN DIMAS CANYON RD.",300.00,E,N,A,-,N,,,,,,,,,,Y,3,0,1,2,A,-,01,23152,A,N,A,E,A,A,H,-,C,D,0,,,,,Y,Y,A,01,0,1,0,0,0,0,0,0,0,"- ","- ",34.114181518554688,-117.79309844970703,"LOS ANGELES",UNINCORPORATED,-117.79296875,34.113922119140625
90701322,2018,2018-04-09,9540,2018-04-07,0255,021434,,6,3,6,1985,0,1,1,,2,506,"I-5 N/B (GOLDEN STATE FREEWAY)","MAGIC MOUNTAIN PKY",2112.00,S,N,A,-,Y,,,5,,,,,,N,Y,3,0,1,2,A,-,01,23152,A,F,B,C,A,A,D,E,C,A,0,,,,Y,Y,Y,A,01,0,1,0,0,0,0,0,0,0,"- ","- ",34.418300628662109,-118.58059692382812,"LOS ANGELES","SANTA CLARITA",-118.58059692382812,34.418304443359375
90701621,2018,2018-04-16,9580,2018-04-08,0500,020573,,7,3,7,1942,0,1,2,,2,102,"US-101 N/B (VENTURA FREEWAY)","WOODMAN AVE",2000.00,N,N,A,-,Y,,,101,,,,,,N,Y,4,0,4,3,A,-,01,23152,A,F,C,C,A,A,H,-,C,D,0,,,,,Y,Y,A,01,0,0,4,0,0,0,0,0,0,"- ","- ",34.155689239501953,-118.43837738037109,"LOS ANGELES","LOS ANGELES",-118.43837738037109,34.155757904052734