CASE_ID,ACCIDENT_YEAR,PROC_DATE,JURIS,COLLISION_DATE,COLLISION_TIME,OFFICER_ID,REPORTING_DISTRICT,DAY_OF_WEEK,CHP_SHIFT,POPULATION,CNTY_CITY_LOC,SPECIAL_COND,BEAT_TYPE,CHP_BEAT_TYPE,CITY_DIVISION_LAPD,CHP_BEAT_CLASS,BEAT_NUMBER,PRIMARY_RD,SECONDARY_RD,DISTANCE,DIRECTION,INTERSECTION,WEATHER_1,WEATHER_2,STATE_HWY_IND,CALTRANS_COUNTY,CALTRANS_DISTRICT,STATE_ROUTE,ROUTE_SUFFIX,POSTMILE_PREFIX,POSTMILE,LOCATION_TYPE,RAMP_INTERSECTION,SIDE_OF_HWY,TOW_AWAY,COLLISION_SEVERITY,NUMBER_KILLED,NUMBER_INJURED,PARTY_COUNT,PRIMARY_COLL_FACTOR,PCF_CODE_OF_VIOL,PCF_VIOL_CATEGORY,PCF_VIOLATION,PCF_VIOL_SUBSECTION,HIT_AND_RUN,TYPE_OF_COLLISION,MVIW,PED_ACTION,ROAD_SURFACE,ROAD_COND_1,ROAD_COND_2,LIGHTING,CONTROL_DEVICE,CHP_ROAD_TYPE,PEDESTRIAN_ACCIDENT,BICYCLE_ACCIDENT,MOTORCYCLE_ACCIDENT,TRUCK_ACCIDENT,NOT_PRIVATE_PROPERTY,ALCOHOL_INVOLVED,STWD_VEHTYPE_AT_FAULT,CHP_VEHTYPE_AT_FAULT,COUNT_SEVERE_INJ,COUNT_VISIBLE_INJ,COUNT_COMPLAINT_PAIN,COUNT_PED_KILLED,COUNT_PED_INJURED,COUNT_BICYCLIST_KILLED,COUNT_BICYCLIST_INJURED,COUNT_MC_KILLED,COUNT_MC_INJURED,PRIMARY_RAMP,SECONDARY_RAMP,LATITUDE,LONGITUDE,COUNTY,CITY,POINT_X,POINT_Y
9076260,2019,2020-05-13,1965,2019-11-08,2013,3985,0B1J,5,5,5,1965,0,0,0,,0,B001,"4TH ST","SANTA MONICA BL",57.00,S,N,A,-,N,,,,,,,,,,N,3,0,1,1,A,-,08,22107,,N,H,A,A,A,H,-,C,A,0,,,,,Y,Y,M,94,0,1,0,0,0,0,0,0,0,"- ","- ",,,"LOS ANGELES","SANTA MONICA",-118.49505615234375,34.016319274902344
90762619,2018,2018-07-04,9550,2018-06-24,0015,021954,,7,3,6,1920,0,1,1,,2,151,"INTERSTATE 105 EB FROM LAKEWOOD BLVD SB","LAKEWOOD BOULEVARD",400.00,W,N,A,-,Y,,,105,,,,R,,E,Y,3,0,1,1,A,-,01,23152,A,N,E,I,A,A,H,-,C,D,0,,,,,Y,Y,A,01,0,1,0,0,0,0,0,0,0,"- ","- ",33.912651062011719,-118.14253234863281,"LOS ANGELES",DOWNEY,-118.14253234863281,33.912651062011719
90762874,2018,2018-07-05,9525,2018-06-30,0400,021224,,6,3,6,1955,0,1,1,,2,108,"I-10 E/B TO SR-71 S/B","SR-57 N/B (ORANGE FWY)",275.00,E,N,B,-,Y,,,10,,,,R,,E,Y,3,0,1,1,A,-,01,23152,A,N,E,I,A,A,H,-,D,D,0,,,,,Y,Y,A,01,0,1,0,0,0,0,0,0,0,"- ","- ",34.064998626708984,-117.80532073974609,"LOS ANGELES",POMONA,-117.80532073974609,34.064998626708984
90763538,2018,2018-07-05,9580,2018-06-21,2234,022036,,4,3,7,1942,0,1,2,,2,101,"US-101 S/B TO SR-134 E/B","TUJUNGA AVE",500.00,E,N,A,-,Y,,,101,,,,R,,S,Y,3,0,2,2,A,-,01,23152,A,N,C,C,A,A,H,-,C,D,0,,,,,Y,Y,A,01,0,1,1,0,0,0,0,0,0,"- ","- ",34.154499053955078,-118.38210296630859,"LOS ANGELES","LOS ANGELES",-118.38210296630859,34.154499053955078
90764817,2018,2018-07-09,9525,2018-07-05,0105,019941,,4,3,5,1990,0,1,3,,2,572,"SR-57 N/B (ORANGE FWY)","SUNSET CROSSING RD",528.00,N,N,A,-,Y,,,57,,,,,,N,Y,3,0,1,1,A,-,01,23152,A,N,E,I,A,A,H,-,C,D,0,,,,,Y,Y,A,01,0,1,0,0,0,0,0,0,0,"- ","- ",34.030338287353516,-117.81018829345703,"LOS ANGELES","DIAMOND BAR",-117.81037139892578,34.030448913574219
90764879,2018,2018-07-13,9535,2018-07-01,0355,021545,,7,3,5,1952,0,1,1,,2,074,"I-710 N/B FROM ROSECRANS AVE",I-105,800.00,S,N,A,-,Y,,,710,,,,R,,N,Y,3,0,1,1,A,-,01,23152,A,N,E,I,A,A,H,-,C,D,0,,,,,Y,Y,A,07,0,1,0,0,0,0,0,0,0,"- ","- ",33.909358978271484,-118.17999267578125,"LOS ANGELES",PARAMOUNT,-118.17999267578125,33.909358978271484
90765893,2018,2018-07-10,9590,2018-06-29,0400,021583,,5,3,7,1942,0,1,1,,2,010,"SR-110 N/B (ASP)","COLLEGE STREET",900.00,N,N,A,-,Y,,,110,,,,,,N,Y,3,0,1,1,A,-,01,23152,A,N,E,I,A,A,H,-,C,D,0,,,,,Y,Y,D,22,0,1,0,0,0,0,0,0,0,"- ","- ",34.067958831787109,-118.23773956298828,"LOS ANGELES","LOS ANGELES",-118.23777008056641,34.068012237548828
90766236,2018,2018-07-10,9575,2018-06-28,2250,021932,,4,3,6,1925,0,1,1,,2,062,"I-210 E/B (FOOTHILL FREEWAY)","RAMSDELL AVENUE",50.00,E,N,A,-,Y,,,210,,,,,,E,Y,2,0,1,2,A,-,01,23152,A,N,C,C,A,A,H,-,D,D,0,,,,Y,Y,Y,D,22,1,0,0,0,0,0,0,0,0,"- ","- ",34.2210693359375,-118.24501800537109,"LOS ANGELES",GLENDALE,-118.24502563476562,34.221057891845703
9076695,2020,2020-07-02,1942,2020-03-15,2210,42286,0787,7,5,7,1942,0,0,0,G,0,7A85,"CRENSHAW BL","RT 10",128.00,N,N,A,-,N,,,,,,,,,,N,4,0,2,2,A,-,01,23152,A,N,C,C,A,A,H,-,C,D,0,,,,,Y,Y,A,07,0,0,2,0,0,0,0,0,0,"- ","- ",,,"LOS ANGELES","LOS ANGELES",-118.33361053466797,34.035285949707031
90767587,2018,2018-08-13,9540,2018-04-22,0220,021802,,7,3,9,1900,0,2,4,,1,201,"SIERRA HIGHWAY","DAVENPORT RD",3168.00,S,N,A,-,N,,,,,,,,,,Y,1,1,0,1,A,-,01,23152,G,N,E,I,A,A,H,-,C,D,0,,,,,Y,Y,A,01,0,0,0,0,0,0,0,0,0,"- ","- ",34.472721099853516,-118.39250183105469,"LOS ANGELES",UNINCORPORATED,-118.39166259765625,34.473762512207031
90768340,2018,2018-07-13,9535,2018-07-05,0115,021505,,4,3,5,1948,0,1,1,,2,421,"I-10 (SAN BERNARDINO FREEWAY) W/B",I-710,200.00,E,N,A,-,Y,,,10,,,,,,W,Y,3,0,1,2,A,-,01,23152,A,N,B,D,A,A,H,-,C,D,0,,,,,Y,Y,A,01,0,1,0,0,0,0,0,0,0,"- ","- ",34.061698913574219,-118.16351318359375,"LOS ANGELES","MONTEREY PARK",-118.16352844238281,34.061729431152344
9076846,2020,2020-06-23,1942,2020-03-16,1936,42945,1251,1,5,7,1942,0,0,0,L,0,12A57,"CRENSHAW BL","FLORENCE AV",180.00,N,N,C,-,N,,,,,,,,,,N,2,0,1,2,A,-,11,21954,A,N,G,B,E,B,H,-,C,D,0,Y,,,,Y,Y,N,60,1,0,0,0,1,0,0,0,0,"- ","- ",,,"LOS ANGELES","LOS ANGELES",-118.33088684082031,33.975032806396484
90769011,2018,2018-07-13,9580,2018-07-02,1040,019952,,1,1,7,1942,0,1,1,,2,405,"I-405 S/B (SAN DIEGO FWY)","VENTURA BLVD",1320.00,S,N,A,-,Y,,,405,,,,,,S,Y,3,0,1,3,A,-,07,21658,A,F,B,C,A,A,H,-,A,D,0,,,Y,,Y,Y,-,99,0,1,0,0,0,0,0,0,1,"- ","- ",34.146900177001953,-118.47029876708984,"LOS ANGELES","LOS ANGELES",-118.47032928466797,34.146915435791016
90769406,2018,2018-07-16,9525,2018-07-01,1725,021280,,7,2,4,1938,0,1,1,,2,209,"SR-210 W/B (FOOTHILL FWY)","FRUIT ST.",150.00,E,N,A,-,Y,,,210,,,,,,W,Y,3,0,1,1,A,-,01,23152,A,N,E,I,A,A,H,-,A,D,0,,,,,Y,Y,A,01,0,1,0,0,0,0,0,0,0,"- ","- ",34.119659423828125,-117.7613525390625,"LOS ANGELES","LA VERNE",-117.7613525390625,34.119747161865234
90771374,2018,2018-07-18,9540,2018-07-01,0203,021374,,7,3,6,1985,0,1,1,,2,506,"I-5 N/B (GSF) TO VALENCIA BOULEVARD","VALENCIA BLVD",528.00,S,N,A,-,Y,,,5,,,,R,,N,Y,3,0,1,2,A,-,01,23152,A,N,C,E,A,A,D,E,C,A,0,,,,,Y,Y,D,22,0,1,0,0,0,0,0,0,0,"- ","- ",34.404949188232422,-118.57460784912109,"LOS ANGELES","SANTA CLARITA",-118.57460784912109,34.404949188232422
90771669,2018,2018-07-18,9550,2018-07-09,0330,021577,,1,3,9,1900,0,2,4,,1,023,"MULBERRY DRIVE","RUOFF AVE",230.00,E,N,A,-,N,,,,,,,,,,Y,3,0,1,4,A,-,01,23152,A,N,E,I,A,A,H,-,C,D,0,,,,,Y,Y,A,01,0,1,0,0,0,0,0,0,0,"- ","- ",33.939601898193359,-118.02359771728516,"LOS ANGELES",UNINCORPORATED,-118.02361297607422,33.939643859863281
90772990,2018,2018-07-19,9550,2018-07-16,1630,020131,,1,2,9,1900,0,2,4,,1,051,"NORTH BOUND HARBOR BOULEVARD","DUBLIN WAY",400.00,S,N,A,-,N,,,,,,,,,,Y,3,0,1,2,A,-,01,23152,A,N,E,I,A,A,H,-,A,D,0,,,,,Y,Y,A,01,0,1,0,0,0,0,0,0,0,"- ","- ",33.964340209960938,-117.91464996337891,"LOS ANGELES",UNINCORPORATED,-117.91438293457031,33.963535308837891
90773050,2018,2018-07-19,9545,2018-07-08,2108,021173,,7,2,6,1950,0,1,3,,2,021,"SR-14 S/B","AVENUE M",500.00,S,N,A,-,Y,,,14,,,,,,S,Y,4,0,1,1,A,-,01,23152,A,N,E,I,A,A,H,-,D,D,0,,,,,Y,Y,A,01,0,0,1,0,0,0,0,0,0,"- ","- ",34.643009185791016,-118.15352630615234,"LOS ANGELES",PALMDALE,-118.15340423583984,34.643013000488281
90775819,2018,2018-07-24,9545,2018-07-21,1300,020749,,6,1,9,1900,0,3,5,,2,004,"FORT TEJON RD","106TH STREET EAST",2650.00,E,N,A,-,N,,,,,,,,,,N,2,0,1,1,A,-,01,23152,A,N,E,I,A,A,H,-,A,D,0,,,,,Y,Y,D,22,1,0,0,0,0,0,0,0,0,"- ","- ",34.490230560302734,-117.93184661865234,"LOS ANGELES",UNINCORPORATED,-117.93190765380859,34.49029541015625
90775939,2018,2018-07-25,9525,2018-07-14,1958,020989,,6,2,1,1934,0,1,1,,2,203,"I-210 W/B TO MOUNT OLIVE DR","CENTRAL AVE",280.00,S,N,A,-,Y,,,210,,,,R,,W,Y,3,0,2,1,A,-,03,22350,,N,E,I,A,A,H,-,A,D,0,,,,,Y,Y,A,01,0,2,0,0,0,0,0,0,0,"- ","- ",34.135318756103516,-117.95652770996094,"LOS ANGELES",IRWINDALE,-117.95652770996094,34.135318756103516
90776342,2018,2018-07-25,9580,2018-07-20,0122,021013,,5,3,3,1989,0,1,2,,2,107,"US-101 S/B (VENTURA FREEWAY)","LAS VIRGENES RD",1056.00,S,N,A,-,Y,,,101,,,,,,S,Y,3,0,1,1,A,-,01,23152,A,N,E,I,A,A,D,-,D,D,0,,,,,Y,Y,A,01,0,1,0,0,0,0,0,0,0,"- ","- ",34.151069641113281,-118.68312072753906,"LOS ANGELES",CALABASAS,-118.68312072753906,34.151058197021484
9077770,2020,2020-10-09,1900,2020-02-10,2024,61888,1617,1,5,5,1977,0,0,0,,0,164T1,"DOMINGUEZ ST","BOLSA ST",400.00,E,N,A,-,N,,,,,,,,,,Y,4,0,2,1,A,-,01,23152,A,M,E,I,A,A,H,-,C,D,0,,,,,Y,Y,A,07,0,0,2,0,0,0,0,0,0,"- ","- ",33.839298248291016,-118.27429962158203,"LOS ANGELES",CARSON,-118.27440643310547,33.839271545410156
9077810,2020,2020-07-10,1942,2020-03-06,1740,34426,0158,5,5,7,1942,0,0,0,A,0,1A29,"CENTRAL AV","7TH ST",0.00,,Y,A,-,N,,,,,,,,,,N,3,0,1,2,A,-,12,21453,A,F,D,G,A,A,H,-,B,A,0,,Y,,,Y,Y,L,04,0,1,0,0,0,0,1,0,0,"- ","- ",,,"LOS ANGELES","LOS ANGELES",-118.24117279052734,34.036769866943359
90779728,2018,2018-07-30,9540,2018-07-22,0009,021374,,7,3,9,1900,0,1,1,,2,505,"I-5 S/B TRUCK LANES (GSF)","SR-14 S/B",1584.00,N,N,A,-,Y,,,5,,,,,,S,Y,3,0,1,2,A,-,07,21658,A,F,B,C,A,A,H,-,C,D,0,,,,,Y,Y,-,99,0,1,0,0,0,0,0,0,0,"- ","- ",34.33721923828125,-118.51406097412109,"LOS ANGELES",UNINCORPORATED,-118.51393890380859,34.337440490722656
90779821,2018,2018-07-30,9590,2018-06-27,0225,021835,,3,3,7,1942,0,1,1,,2,012,"SR-110 N/B (ASP)","AVE 52",150.00,N,N,A,-,Y,,,110,,,,,,N,Y,3,0,1,1,A,-,01,23152,A,N,E,I,A,A,H,-,C,D,0,,,,,Y,Y,A,07,0,1,0,0,0,0,0,0,0,"- ","- ",34.102890014648438,-118.19577789306641,"LOS ANGELES","LOS ANGELES",-118.19577789306641,34.102863311767578
90780666,2018,2018-07-31,9575,2018-07-19,1510,021006,,4,2,7,1942,0,1,1,,2,053,"I-5 N/B (GOLDEN STATE FREEWAY)","LAUREL CANYON BLVD.",5.00,W,N,A,-,Y,,,,,,,,,,Y,4,0,1,2,A,-,01,23152,G,N,C,C,A,A,H,-,A,A,0,,,,,Y,Y,A,01,0,0,1,0,0,0,0,0,0,"- ","- ",34.233409881591797,-118.40531158447266,"LOS ANGELES","LOS ANGELES",-118.40337371826172,34.231601715087891
9078100,2020,2020-07-10,1942,2020-03-25,0001,33452,,3,5,7,1942,0,0,0,,0,,"GRIFFITH AV","CAMP RD",10.00,W,N,B,-,N,,,,,,,,,,Y,3,0,3,1,A,-,08,22107,,N,E,I,A,A,H,-,C,D,0,,,,,Y,Y,A,01,0,2,1,0,0,0,0,0,0,"- ","- ",,,"LOS ANGELES","LOS ANGELES",-118.290262,34.141984999999998
90785845,2018,2018-08-08,9535,2018-07-28,0109,020818,,6,3,5,1969,0,1,1,,2,074,"I-710 (LONG BEACH FREEWAY) N/B","FILESTONE BLVD",1385.00,S,N,A,-,Y,,,710,,,,,,N,Y,3,0,1,2,A,-,01,23152,A,N,C,C,A,A,H,-,C,D,0,,,,,Y,Y,A,01,0,1,0,0,0,0,0,0,0,"- ","- ",33.945758819580078,-118.17047119140625,"LOS ANGELES","SOUTH GATE",-118.17052459716797,33.945770263671875
90786452,2018,2018-08-08,9530,2018-07-28,0345,022043,,6,3,9,1900,0,3,5,,2,006,"VERMONT AVE.","DEL AMO BLVD.",0.00,,Y,A,-,N,,,,,,,,,,Y,4,0,2,2,A,-,01,23152,A,N,A,C,A,A,H,-,C,A,0,,,,,Y,Y,A,07,0,0,2,0,0,0,0,0,0,"- ","- ",33.846248626708984,-118.29036712646484,"LOS ANGELES",UNINCORPORATED,-118.29039001464844,33.846248626708984
90787661,2018,2018-08-09,9550,2018-07-01,2125,020795,,7,2,9,1900,0,1,3,,2,600,"STATE ROUTE 60 WB TO CROSSROADS PKWY","CROSSROADS PARKWAY",1500.00,E,N,A,-,Y,,,60,,,,R,,W,Y,4,0,1,1,A,-,01,23152,A,N,E,C,A,A,H,-,D,D,0,,,,,Y,Y,A,01,0,0,1,0,0,0,0,0,0,"- ","- ",34.029411315917969,-118.00714874267578,"LOS ANGELES",UNINCORPORATED,-118.00714874267578,34.029411315917969
9078823,2020,2020-07-01,1900,2020-03-19,0430,601485,2611,4,5,6,1950,0,0,0,,0,261T1,"SUMAC AV","AVENUE R-11",159.00,N,N,A,-,N,,,,,,,,,,Y,3,0,1,4,A,-,08,22107,,M,A,E,A,-,H,-,C,D,0,,,,,Y,Y,A,01,0,1,0,0,0,0,0,0,0,"- ","- ",34.563201904296875,-118.12349700927734,"LOS ANGELES",PALMDALE,-118.12342071533203,34.563385009765625
90792058,2018,2018-08-21,9580,2018-08-04,2348,022103,,6,3,9,1900,0,3,5,,2,013,"LAKE MANOR DR (23300 BLOCK)","SLATER TERRACE",0.00,,Y,A,-,N,,,,,,,,,,Y,1,1,0,1,A,-,01,23152,A,N,E,I,A,A,H,-,D,D,0,,,Y,,Y,Y,C,02,0,0,0,0,0,0,0,1,0,"- ","- ",34.237930297851562,-118.63407897949219,"LOS ANGELES",UNINCORPORATED,-118.63400268554688,34.237968444824219
90792359,2018,2018-08-16,9580,2018-08-12,1725,020728,,7,2,9,1900,0,1,2,,2,106,"US-101 N/B TO LOST HILLS RD.","LOST HILLS RD",160.00,S,N,A,-,Y,,,101,,,,R,,N,Y,3,0,1,1,A,-,01,23152,A,N,E,I,A,A,H,-,A,D,0,,,,,Y,Y,A,01,0,1,0,0,0,0,0,0,0,"- ","- ",34.142620086669922,-118.70803070068359,"LOS ANGELES",UNINCORPORATED,-118.70803070068359,34.142620086669922
90793124,2018,2018-08-17,9590,2018-08-10,0236,021346,,5,3,7,1942,0,1,1,,2,063,"I-10 W/B (SMF) TO I-110 (HAF)","GRAND AVENUE",200.00,W,N,A,-,Y,,,10,,,,R,,W,Y,3,0,1,1,A,-,01,23152,A,N,E,I,A,A,H,-,C,D,0,,,,,Y,Y,A,01,0,1,0,0,0,0,0,0,0,"- ","- ",34.034801483154297,-118.26728820800781,"LOS ANGELES","LOS ANGELES",-118.26728820800781,34.034801483154297
90793336,2018,2018-08-20,9565,2018-08-12,1730,021371,,7,2,7,1942,0,1,1,,2,064,"I-405 N/B (SAN DIEGO FWY)","BEL AIR CREST RD",200.00,N,N,A,-,Y,,,405,,,,,,N,Y,4,0,1,2,A,-,03,22350,,N,C,C,A,A,H,-,A,D,0,,,,,Y,Y,A,01,0,0,1,0,0,0,0,0,0,"- ","- ",34.111278533935547,-118.48177337646484,"LOS ANGELES","LOS ANGELES",-118.48185729980469,34.111251831054688
90793700,2018,2018-08-20,9430,2018-08-13,0620,016662,,1,1,9,1900,0,1,1,,2,051,"I-5 N/B","TEJON PASS O/C",2640.00,S,N,A,-,Y,,,5,,,,,,N,Y,4,0,1,2,A,-,08,22107,,N,C,C,A,A,H,-,A,D,0,,,,Y,Y,Y,A,01,0,0,1,0,0,0,0,0,0,"- ","- ",34.797748565673828,-118.86981964111328,"LOS ANGELES",UNINCORPORATED,-118.86985015869141,34.797653198242188
90793894,2018,2018-08-20,9530,2018-08-10,0025,021642,,5,3,7,1942,0,1,1,,2,110,"I-110 S/B (HARBOR FREEWAY)","ROSECRANS AVE.",50.00,S,N,A,-,Y,,,,,,,,,,Y,3,0,1,1,A,-,01,23152,A,N,F,A,A,A,H,-,D,D,0,,,,,Y,Y,A,07,0,1,0,0,0,0,0,0,0,"- ","- ",33.901588439941406,-118.26695251464844,"LOS ANGELES","LOS ANGELES",-118.28691101074219,33.901752471923828
90795685,2018,2018-08-22,9565,2018-08-12,2008,021303,,7,2,7,1942,0,1,1,,2,060,"I-405 N/B (SAN DEIGO FWY)","LA TIJERA BLVD",1000.00,S,N,A,-,Y,,,405,,,,,,N,Y,4,0,5,3,A,-,03,22350,,N,C,C,A,A,H,-,C,D,0,,,,,Y,Y,A,01,0,0,5,0,0,0,0,0,0,"- ","- ",33.971828460693359,-118.37776947021484,"LOS ANGELES","LOS ANGELES",-118.37776947021484,33.971832275390625
90795839,2018,2018-08-22,9550,2018-08-14,2030,020795,,2,2,9,1900,0,3,5,,2,002,"SANTA GERTRUDES AVENUE","LEFFINGWELL ROAD",1000.00,S,N,A,-,N,,,,,,,,,,Y,3,0,1,2,A,-,01,23152,A,N,C,C,A,A,H,-,C,D,0,,,,,Y,Y,A,01,0,1,0,0,0,0,0,0,0,"- ","- ",33.928520202636719,-117.99440765380859,"LOS ANGELES",UNINCORPORATED,-117.9942626953125,33.9285888671875
90796291,2018,2018-08-23,9580,2018-08-15,2016,016550,,3,2,9,1900,0,2,4,,1,127,"LAS VIRGENES RD","LAS VIRGENES CANYON RD",500.00,S,N,A,-,N,,,,,,,,,,N,3,0,2,2,A,-,01,23152,A,N,B,C,A,A,H,-,C,D,0,,,,,Y,Y,A,01,0,2,0,0,0,0,0,0,0,"- ","- ",34.094581604003906,-118.71025848388672,"LOS ANGELES",UNINCORPORATED,-118.71025085449219,34.094573974609375
9079630,2020,2020-09-15,1942,2020-02-21,1930,38265,0289,5,5,7,1942,0,0,0,B,0,2A91,"W PICO BL","ALBANY ST",0.00,,Y,A,-,N,,,,,,,,,,Y,4,0,2,2,A,-,01,23152,A,N,D,C,A,A,H,-,C,A,0,,,,,Y,Y,D,22,0,0,2,0,0,0,0,0,0,"- ","- ",,,"LOS ANGELES","LOS ANGELES",-118.27400207519531,34.043331146240234
90797860,2018,2018-08-27,9535,2018-08-16,0830,018682,,4,1,9,1900,0,1,1,,2,650,"I-605 (SAN GABRIEL RIVER FREEWAY) N/B",SR-60,1074.00,N,N,A,-,Y,,,605,,,,,,N,Y,3,0,1,2,A,-,07,21658,A,M,B,C,A,A,A,-,A,D,0,,,,Y,Y,Y,G,25,0,1,0,0,0,0,0,0,0,"- ","- ",34.036140441894531,-118.02432250976562,"LOS ANGELES",UNINCORPORATED,-118.02427673339844,34.036090850830078
90798474,2018,2018-08-27,9525,2018-08-12,1935,021748,,7,2,9,1900,0,1,3,,1,024,"SR-39 (SAN GABRIEL CANYON RD.)","ROBB'S GULCH",5280.00,S,N,A,-,Y,,,39,,,,,,,Y,3,0,4,3,A,-,01,23152,A,N,B,C,A,A,H,-,A,D,0,,,,,Y,Y,A,01,0,3,1,0,0,0,0,0,0,"- ","- ",34.2152099609375,-117.86424255371094,"LOS ANGELES",UNINCORPORATED,-117.86421966552734,34.215190887451172
90799218,2018,2018-08-27,9530,2018-08-23,1830,022030,,4,2,9,1900,0,3,5,,2,001,"COMPTON AVENUE (7779 BLOCK)","78TH ST.",100.00,N,N,A,-,N,,,,,,,,,,Y,4,0,1,2,A,-,01,23152,A,F,B,C,A,A,H,-,A,D,0,,,,,Y,Y,A,01,0,0,1,0,0,0,0,0,0,"- ","- ",33.968360900878906,-118.24777984619141,"LOS ANGELES",UNINCORPORATED,-118.24767303466797,33.968585968017578
90799590,2018,2018-08-28,9540,2018-08-25,0240,021820,,6,3,9,1900,0,1,3,,2,146,"SR-14 N/B (ANTELOPE VALLEY FREEWAY)","ESCONDIDO CANYON ROAD",2640.00,S,N,A,-,Y,,,14,,,,,,N,Y,4,0,1,2,A,-,01,23152,A,F,B,C,A,A,H,-,D,D,0,,,,,Y,Y,A,01,0,0,1,0,0,0,0,0,0,"- ","- ",34.485630035400391,-118.28668975830078,"LOS ANGELES",UNINCORPORATED,-118.28668212890625,34.485630035400391
90805618,2018,2018-09-05,9530,2018-09-02,0040,020983,,7,3,9,1900,0,3,5,,2,001,"HOOPER AVENUE (6300 BLOCK)","GAGE AVENUE",50.00,S,N,A,-,N,,,,,,,,,,Y,4,0,3,2,A,-,01,23152,A,N,A,C,A,A,H,-,C,D,0,,,,,Y,Y,A,01,0,0,3,0,0,0,0,0,0,"- ","- ",33.981719970703125,-118.25222778320312,"LOS ANGELES",UNINCORPORATED,-118.2520751953125,33.981964111328125
9080568,2020,2020-05-28,1900,2020-02-25,2120,509623,0977,2,5,4,1979,0,0,0,,0,91T2,"HANCOCK AV","SANTA MONICA BL",340.00,N,N,A,-,N,,,,,,,,,,N,2,0,1,3,A,-,01,23152,A,N,-,E,A,A,H,-,C,D,0,,,,,Y,Y,A,07,1,0,0,0,0,0,0,0,0,"- ","- ",34.087669372558594,-118.381591796875,"LOS ANGELES","WEST HOLLYWOOD",-118.38154602050781,34.087654113769531
9080572,2020,2020-05-28,1900,2020-02-09,0202,619888,0987,7,5,4,1979,0,0,0,,0,"91J EM","SUNSET BL","QUEENS RD",46.00,W,N,A,-,N,,,,,,,,,,Y,4,0,3,2,A,-,01,23152,A,N,C,C,A,A,H,-,C,A,0,,,,,Y,Y,A,01,0,0,3,0,0,0,0,0,0,"- ","- ",,,"LOS ANGELES","WEST HOLLYWOOD",-118.37489318847656,34.0947265625
90806917,2018,2018-09-06,9535,2018-07-20,0218,021545,,5,3,5,1959,0,1,1,,2,401,"I-10 (SAN BERNARDINO FREEWAY) W/B","WALNUT GROVE AVE",500.00,E,N,A,-,Y,,,10,,,,,,W,Y,2,0,3,4,A,-,01,23152,A,N,C,C,A,A,H,-,C,D,0,,,,,Y,Y,A,01,1,0,2,0,0,0,0,0,0,"- ","- ",34.072311401367188,-118.07890319824219,"LOS ANGELES",ROSEMEAD,-118.07890319824219,34.072322845458984
9080711,2020,2020-05-22,1942,2020-02-23,2020,42876,0201,7,5,7,1942,0,0,0,B,0,2A1,"EDGEMONT ST","LILY CREST AV",0.00,S,N,A,-,N,,,,,,,,,,Y,4,0,1,2,A,-,01,23152,A,N,C,C,A,A,H,-,C,A,0,,,,,Y,Y,A,01,0,0,1,0,0,0,0,0,0,"- ","- ",,,"LOS ANGELES","LOS ANGELES",-118.29605102539062,34.088008880615234
90807337,2018,2018-09-06,9530,2018-08-26,1655,022030,,7,2,9,1900,0,3,5,,2,003,"COMPTON BLVD.","WHITE AVE.",0.00,,Y,A,-,N,,,,,,,,,,Y,4,0,2,2,A,-,21,22106,,F,D,C,A,A,H,-,A,D,0,,,,,Y,Y,A,07,0,0,2,0,0,0,0,0,0,"- ","- ",33.896171569824219,-118.19561004638672,"LOS ANGELES",UNINCORPORATED,-118.19561767578125,33.896141052246094
90807489,2018,2018-09-06,9565,2018-09-02,2020,021371,,7,2,7,1942,0,1,1,,2,063,"I-405 N/B (SAN DIEGO FWY)","SUNSET BLVD",2400.00,S,N,A,-,Y,,,405,,,,,,N,Y,4,0,2,2,A,-,03,22350,,N,C,C,A,A,H,-,C,D,0,,,,,Y,Y,A,07,0,0,2,0,0,0,0,0,0,"- ","- ",34.067310333251953,-118.46180725097656,"LOS ANGELES","LOS ANGELES",-118.46175384521484,34.067359924316406
9080892,2020,2020-05-16,1942,2020-02-15,2055,30083,0452,6,5,7,1942,0,0,0,D,0,4A71,"E CESAR E CHAVEZ AV","PLEASANT AV",5.00,W,N,A,-,N,,,,,,,,,,Y,3,0,1,2,A,-,01,23152,A,N,G,B,F,A,H,-,C,D,0,Y,,,,Y,Y,A,01,0,1,0,0,1,0,0,0,0,"- ","- ",,,"LOS ANGELES","LOS ANGELES",-118.22265625,34.053047180175781