CASE_ID,ACCIDENT_YEAR,PROC_DATE,JURIS,COLLISION_DATE,COLLISION_TIME,OFFICER_ID,REPORTING_DISTRICT,DAY_OF_WEEK,CHP_SHIFT,POPULATION,CNTY_CITY_LOC,SPECIAL_COND,BEAT_TYPE,CHP_BEAT_TYPE,CITY_DIVISION_LAPD,CHP_BEAT_CLASS,BEAT_NUMBER,PRIMARY_RD,SECONDARY_RD,DISTANCE,DIRECTION,INTERSECTION,WEATHER_1,WEATHER_2,STATE_HWY_IND,CALTRANS_COUNTY,CALTRANS_DISTRICT,STATE_ROUTE,ROUTE_SUFFIX,POSTMILE_PREFIX,POSTMILE,LOCATION_TYPE,RAMP_INTERSECTION,SIDE_OF_HWY,TOW_AWAY,COLLISION_SEVERITY,NUMBER_KILLED,NUMBER_INJURED,PARTY_COUNT,PRIMARY_COLL_FACTOR,PCF_CODE_OF_VIOL,PCF_VIOL_CATEGORY,PCF_VIOLATION,PCF_VIOL_SUBSECTION,HIT_AND_RUN,TYPE_OF_COLLISION,MVIW,PED_ACTION,ROAD_SURFACE,ROAD_COND_1,ROAD_COND_2,LIGHTING,CONTROL_DEVICE,CHP_ROAD_TYPE,PEDESTRIAN_ACCIDENT,BICYCLE_ACCIDENT,MOTORCYCLE_ACCIDENT,TRUCK_ACCIDENT,NOT_PRIVATE_PROPERTY,ALCOHOL_INVOLVED,STWD_VEHTYPE_AT_FAULT,CHP_VEHTYPE_AT_FAULT,COUNT_SEVERE_INJ,COUNT_VISIBLE_INJ,COUNT_COMPLAINT_PAIN,COUNT_PED_KILLED,COUNT_PED_INJURED,COUNT_BICYCLIST_KILLED,COUNT_BICYCLIST_INJURED,COUNT_MC_KILLED,COUNT_MC_INJURED,PRIMARY_RAMP,SECONDARY_RAMP,LATITUDE,LONGITUDE,COUNTY,CITY,POINT_X,POINT_Y
90810178,2018,2018-09-11,9590,2018-09-02,0200,022089,,7,3,7,1942,0,1,1,,2,063,"I-10 W/B (SMF)","GRAND AVE.",250.00,W,N,A,-,Y,,,10,,,,,,W,Y,4,0,1,1,A,-,01,23152,A,N,E,I,A,A,H,-,C,D,0,,,,,Y,Y,A,01,0,0,1,0,0,0,0,0,0,"- ","- ",34.035091400146484,-118.26777648925781,"LOS ANGELES","LOS ANGELES",-118.26779174804688,34.035064697265625
90810437,2018,2018-09-11,9580,2018-09-02,0415,021458,,7,3,7,1942,0,1,2,,2,101,"US-101 S/B (VENTURA FREEWAY)","TUJUNGA AVE",200.00,S,N,A,-,Y,,,101,,,,,,S,Y,3,0,1,1,A,-,01,23152,G,N,E,I,A,A,H,-,C,D,0,,,,,Y,Y,A,07,0,1,0,0,0,0,0,0,0,"- ","- ",34.153728485107422,-118.37831878662109,"LOS ANGELES","LOS ANGELES",-118.37835693359375,34.153656005859375
90810805,2018,2018-09-12,9530,2018-08-31,2343,021582,,5,3,9,1900,0,3,5,,2,002,"122ND ST. (2200 BLOCK)","WILLOWBROOK AVE. E.",460.00,E,N,A,-,N,,,,,,,,,,Y,3,0,1,2,A,-,01,23152,A,F,G,B,E,A,H,-,C,D,0,Y,,,,Y,Y,D,22,0,1,0,0,1,0,0,0,0,"- ","- ",33.921230316162109,-118.23222351074219,"LOS ANGELES",UNINCORPORATED,-118.23459625244141,33.92169189453125
90812098,2018,2018-09-13,9530,2018-07-25,0025,021541,,3,3,9,1900,0,1,1,,2,120,"I-110 S/B (HARBOR FREEWAY)","CARSON STREET",300.00,N,N,A,-,Y,,,110,,,,,,S,Y,3,0,1,2,A,-,01,23152,A,N,C,C,A,A,H,-,C,D,0,,,,,Y,Y,A,01,0,1,0,0,0,0,0,0,0,"- ","- ",33.835071563720703,-118.28752136230469,"LOS ANGELES",UNINCORPORATED,-118.28745269775391,33.835067749023438
90812473,2018,2018-09-19,9535,2018-09-01,0125,021353,,6,3,5,1948,0,1,1,,2,071,"I-710 SB TO WB I-10",I-710,400.00,W,N,A,-,Y,,,710,,,,R,,S,Y,4,0,1,1,A,-,01,23152,A,N,E,I,A,A,H,-,C,D,0,,,,,Y,Y,A,01,0,0,1,0,0,0,0,0,0,"- ","- ",34.062210083007812,-118.16616821289062,"LOS ANGELES","MONTEREY PARK",-118.16616821289062,34.062210083007812
90812717,2018,2018-09-13,9575,2018-09-03,0205,021732,,1,3,7,1942,0,1,3,,2,070,"SR-118 E/B (RONALD REAGAN FREEWAY)","BRADLEY AVENUE",102.00,W,N,A,-,Y,,,118,,,,,,E,Y,3,0,1,1,A,-,01,23152,A,M,E,I,A,A,H,-,C,D,0,,,,,Y,Y,A,01,0,1,0,0,0,0,0,0,0,"- ","- ",34.274921417236328,-118.42523193359375,"LOS ANGELES","LOS ANGELES",-118.42530059814453,34.275001525878906
9081285,2020,2020-07-03,1942,2020-03-03,0620,42029,1687,2,5,7,1942,0,0,0,P,0,16A81,"SUNLAND BL","SAN FERNANDO RD",0.00,,Y,A,-,N,,,,,,,,,,Y,4,0,2,2,A,-,09,21804,A,N,D,C,A,A,H,-,A,D,0,,,,,Y,Y,A,01,0,0,2,0,0,0,0,0,0,"- ","- ",,,"LOS ANGELES","LOS ANGELES",-118.36898803710938,34.219108581542969
90812873,2018,2018-09-13,9580,2018-09-03,0655,022008,,1,1,7,1942,0,1,2,,2,100,"US-101 N/B (HOLLYWOOD FREEWAY)","CAMPO DE CAHUENGA",270.00,N,N,A,-,Y,,,101,,,,,,N,Y,3,0,1,1,A,-,01,23152,A,N,E,I,A,A,H,-,B,D,0,,,,,Y,Y,A,01,0,1,0,0,0,0,0,0,0,"- ","- ",34.140708923339844,-118.36611938476562,"LOS ANGELES","LOS ANGELES",-118.36605834960938,34.1407470703125
90813055,2018,2018-09-14,9565,2018-09-02,0205,021383,,7,3,1,1934,0,1,S,,2,652,"I-605 N/B (SAN GABRIEL RIVER FREEWAY)","I-210 E/B (FOOTHILL FREEWAY)",1500.00,S,N,A,-,Y,,,605,,,,,,N,Y,2,0,2,2,A,-,03,22350,,N,C,C,A,A,H,-,C,D,0,,,,,Y,Y,A,01,1,1,0,0,0,0,0,0,0,"- ","- ",34.125389099121094,-117.96497344970703,"LOS ANGELES",IRWINDALE,-117.96498870849609,34.125408172607422
90813130,2018,2018-09-14,9530,2018-09-04,0307,020140,,2,3,7,1941,0,1,1,,2,430,"I-405 N/B (SAN DIEGO FREEWAY)","LOS ANGELES/ORANGE COUNTY LINE",0.20,N,N,A,-,Y,,,405,,,,,,N,Y,4,0,1,2,A,-,03,22350,,N,C,C,A,A,H,-,C,D,0,,,,,Y,Y,A,07,0,0,1,0,0,0,0,0,0,"- ","- ",33.786369323730469,-118.09355926513672,"LOS ANGELES","LONG BEACH",-118.09358978271484,33.786331176757812
90814269,2018,2018-09-17,9530,2018-09-16,0105,020714,,7,3,7,1942,0,1,3,,2,310,"SR-91 W/B (ARTESIA FREEWAY)","FIGUEROA ST.",50.00,W,N,A,-,Y,,,91,,,,,,W,Y,3,0,1,2,A,-,01,23152,A,F,B,C,A,A,H,-,C,D,0,,,,,Y,Y,A,07,0,1,0,0,0,0,0,0,0,"- ","- ",33.873111724853516,-118.28231048583984,"LOS ANGELES","LOS ANGELES",-118.28231048583984,33.872825622558594
9081449,2020,2020-06-19,1942,2020-03-21,1950,42344,1634,6,5,7,1942,0,0,0,P,0,16A23,"GLENOAKS BL","OSBOURNE ST",0.00,,Y,A,-,N,,,,,,,,,,Y,3,0,2,2,A,-,01,23152,A,F,D,C,A,A,H,-,C,A,0,,,,,Y,Y,A,07,0,1,1,0,0,0,0,0,0,"- ","- ",,,"LOS ANGELES","LOS ANGELES",-118.40194702148438,34.26470947265625
90814631,2018,2018-09-17,9545,2018-09-11,1852,016124,,2,2,9,1900,0,3,5,,2,004,"AVENUE S","97TH ST EAST",142.00,W,N,A,-,N,,,,,,,,,,Y,2,0,2,2,A,-,01,23152,A,F,A,C,A,A,H,-,B,D,0,,,,,Y,Y,A,01,1,0,1,0,0,0,0,0,0,"- ","- ",34.557910919189453,-117.95538330078125,"LOS ANGELES",UNINCORPORATED,-117.95530700683594,34.557910919189453
90814650,2018,2018-09-17,9580,2018-09-15,0228,021167,,6,3,7,1942,0,1,3,,2,119,"SR-118 W/B TO PORTER RANCH DR.","PORTER RANCH DR.",159.00,E,N,A,-,Y,,,118,,,,R,,W,Y,4,0,1,2,A,-,01,23152,A,N,C,C,A,A,C,H,C,D,0,,,,,Y,Y,A,01,0,0,1,0,0,0,0,0,0,"- ","- ",34.273948669433594,-118.56925201416016,"LOS ANGELES","LOS ANGELES",-118.56925201416016,34.273948669433594
9081481,2020,2020-06-19,1942,2020-03-11,1520,41934,0516,3,5,7,1942,0,0,0,E,0,5A15,"ISLAND AV","OPP ST",50.00,N,N,A,-,N,,,,,,,,,,N,3,0,1,2,A,-,10,21952,,F,G,B,F,A,H,-,A,D,0,Y,,,,Y,Y,-,99,0,1,0,0,1,0,0,0,0,"- ","- ",,,"LOS ANGELES","LOS ANGELES",-118.26677703857422,33.782711029052734
90815551,2018,2018-09-18,9590,2018-09-13,2140,021654,,4,2,7,1942,0,1,1,,2,012,"SR-110 N/B (ARROYO SECO PARKWAY)","AVENUE 26",500.00,N,N,A,-,Y,,,110,,,,,,N,Y,3,0,1,1,A,-,01,23152,A,N,B,I,A,A,H,-,C,D,0,,,,,Y,Y,A,07,0,1,0,0,0,0,0,0,0,"- ","- ",34.084159851074219,-118.22042083740234,"LOS ANGELES","LOS ANGELES",-118.22039031982422,34.084110260009766
90819957,2018,2018-09-24,9575,2018-08-17,1955,021955,,5,2,7,1942,0,1,1,,2,053,"I-5 S/B (GOLDEN STATE FREEWAY)","OSBORNE ST",280.00,N,N,A,-,Y,,,5,,,,,,S,Y,4,0,1,2,A,-,01,23152,A,N,C,E,A,A,H,-,C,D,0,,,,Y,Y,Y,A,01,0,0,1,0,0,0,0,0,0,"- ","- ",34.245319366455078,-118.42331695556641,"LOS ANGELES","LOS ANGELES",-118.42326354980469,34.245376586914062
90820502,2018,2018-09-25,9565,2018-09-22,0528,020468,,6,3,7,1942,0,1,1,,2,063,"I-405 S/B (SAN DIEGO FREEWAY)","SUNSET BLVD",150.00,S,N,B,-,Y,,,405,,,,,,S,Y,4,0,1,2,A,-,08,22107,,N,C,C,A,A,H,-,D,D,0,,,,,Y,Y,A,01,0,0,1,0,0,0,0,0,0,"- ","- ",34.072208404541016,-118.46614837646484,"LOS ANGELES","LOS ANGELES",-118.46623992919922,34.072135925292969
90822253,2018,2018-09-27,9590,2018-09-21,0140,021317,,5,3,7,1942,0,1,1,,2,080,"I-5 N/B (GOLDEN STATE FREEWAY)","I-10 (SBF)",630.00,S,N,A,-,Y,,,5,,,,,,N,Y,4,0,1,1,A,-,01,23152,A,N,E,I,A,A,H,-,C,D,0,,,,,Y,Y,A,01,0,0,1,0,0,0,0,0,0,"- ","- ",34.053340911865234,-118.21388244628906,"LOS ANGELES","LOS ANGELES",-118.21401977539062,34.053333282470703
90822489,2018,2018-09-27,9530,2018-09-18,0040,021465,,2,3,9,1900,0,3,5,,2,006,"BELSON ST. (1000 BLOCK)","BROADWELL AVE.",202.00,W,N,A,-,N,,,,,,,,,,Y,3,0,1,4,A,-,01,23152,A,N,B,C,A,A,H,-,C,D,0,,,,,Y,Y,A,07,0,1,0,0,0,0,0,0,0,"- ","- ",33.816520690917969,-118.29237365722656,"LOS ANGELES",UNINCORPORATED,-118.29245758056641,33.816543579101562
90824113,2018,2018-09-28,9590,2018-09-24,1615,021124,,1,2,7,1942,0,1,1,,2,062,"I-10 E/B (SANTA MONICA FREEWAY)","FIGUEROA STREET",200.00,W,N,A,-,Y,,,10,,,,,,E,N,4,0,1,2,A,-,07,21658,A,N,B,C,A,A,H,-,A,D,0,,,Y,,Y,Y,A,01,0,0,1,0,0,0,0,0,1,"- ","- ",34.037090301513672,-118.27118682861328,"LOS ANGELES","LOS ANGELES",-118.27118682861328,34.037094116210938
90825090,2018,2018-10-02,9535,2018-09-16,0200,020825,,7,3,5,1906,0,1,1,,2,651,"I-605 SB TO VALLEY BLVD OFF-RAMP","VALLEY BOULEVARD",230.00,S,N,A,-,Y,,,605,,,,R,,S,Y,3,0,1,1,A,-,01,23152,A,N,E,I,A,A,H,-,C,D,0,,,,,Y,Y,A,01,0,1,0,0,0,0,0,0,0,"- ","- ",34.053909301757812,-118.00505065917969,"LOS ANGELES","BALDWIN PARK",-118.00505065917969,34.053909301757812
90826278,2018,2018-10-02,9565,2018-09-16,0137,021819,,7,3,9,1900,0,3,5,,2,004,"LEMOLI AVE.","132ND ST.",127.00,S,N,A,-,N,,,,,,,,,,N,3,0,1,3,A,-,01,23152,A,M,B,E,A,A,H,-,C,D,0,,,,,Y,Y,A,01,0,1,0,0,0,0,0,0,0,"- ","- ",33.911911010742188,-118.330810546875,"LOS ANGELES",UNINCORPORATED,-118.33085632324219,33.911960601806641
90830895,2018,2018-10-08,9540,2018-10-04,2245,021434,,4,3,9,1900,0,2,4,,2,010,"THE OLD ROAD (25000 BLOCK)","SAGECREST CIRCLE",0.00,,Y,B,-,N,,,,,,,,,,Y,2,0,3,2,A,-,09,21801,B,N,D,C,A,A,H,-,C,A,0,,,,,Y,Y,A,01,2,1,0,0,0,0,0,0,0,"- ","- ",34.377918243408203,-118.56802368164062,"LOS ANGELES",UNINCORPORATED,-118.56781005859375,34.377899169921875
90832313,2018,2018-10-09,9580,2018-09-30,0035,021544,,7,3,7,1942,0,1,1,,2,407,"I-405 S/B (SAN DIEGO FWY)","LASSEN ST",500.00,S,N,A,-,Y,,,405,,,,,,S,Y,4,0,1,2,A,-,01,23152,A,N,C,C,A,A,H,-,C,D,0,,,,,Y,Y,A,01,0,0,1,0,0,0,0,0,0,"- ","- ",34.248531341552734,-118.47251892089844,"LOS ANGELES","LOS ANGELES",-118.47249603271484,34.248527526855469
90832460,2018,2018-10-10,9575,2018-10-01,0024,021640,,1,3,6,1953,0,1,3,,2,040,"SR-134 W/B (VENTURA FREEWAY)","SAN RAFAEL AVENUE",1800.00,W,N,A,-,Y,,,134,,,,,,W,Y,3,0,3,2,A,-,01,23152,A,N,B,C,A,A,H,-,D,D,0,,,,,Y,Y,D,22,0,1,2,0,0,0,0,0,0,"- ","- ",34.141529083251953,-118.17640686035156,"LOS ANGELES",PASADENA,-118.17640686035156,34.141510009765625
90833016,2018,2018-10-10,9590,2018-10-06,0850,016230,,6,1,7,1942,0,1,1,,2,062,"I-10 EB SMF TO I-110 SB HAF","WASHINGTON BLVD",50.00,W,N,B,-,Y,,,10,,,,R,,E,Y,2,0,1,1,A,-,01,23152,A,N,F,A,A,A,H,-,A,D,0,,,Y,,Y,Y,C,02,1,0,0,0,0,0,0,0,1,"- ","- ",34.035549163818359,-118.2740478515625,"LOS ANGELES","LOS ANGELES",-118.2740478515625,34.035549163818359
90833029,2018,2018-10-10,9550,2018-10-09,1645,021950,,2,2,9,1900,0,2,4,,1,011,"WORKMAN MILL ROAD","PECK ROAD",40.00,N,N,B,-,N,,,,,,,,,,Y,4,0,2,4,A,-,01,23152,A,F,C,C,A,A,H,-,A,A,0,,,,,Y,Y,A,07,0,0,2,0,0,0,0,0,0,"- ","- ",34.021701812744141,-118.03669738769531,"LOS ANGELES",UNINCORPORATED,-118.03732299804688,34.021671295166016
90833104,2018,2018-10-10,9590,2018-10-06,0140,021291,,6,3,7,1942,0,1,1,,2,041,"I-5 S/B (SANTA ANA FREEWAY)","INDIANA STREET",400.00,N,N,A,-,Y,,,5,,,,,,S,Y,3,0,5,5,A,-,01,23152,A,N,C,C,A,A,H,-,C,D,0,,,,,Y,Y,A,01,0,1,4,0,0,0,0,0,0,"- ","- ",34.020401000976562,-118.19364166259766,"LOS ANGELES","LOS ANGELES",-118.19364166259766,34.020378112792969
90834469,2018,2018-10-12,9575,2018-10-03,0215,021925,,3,3,6,1912,0,1,1,,2,051,"I-5 N/B (GOLDEN STATE FREEWAY)","BURBANK BOULEVARD",720.00,N,N,A,-,Y,,,5,,,,,,N,Y,4,0,2,2,A,-,03,22350,,N,D,C,A,A,H,-,D,D,0,,,,,Y,Y,A,01,0,0,2,0,0,0,0,0,0,"- ","- ",34.186248779296875,-118.31893157958984,"LOS ANGELES",BURBANK,-118.31893157958984,34.186241149902344
90835498,2018,2019-01-22,9540,2018-08-31,0306,021374,,5,3,7,1942,0,1,1,,2,406,"I-405 N/B (SAN DIEGO FREEWAY)",SR-118,339.00,N,N,A,-,Y,,,405,,,,,,N,Y,1,1,1,2,A,-,03,22350,,N,D,C,A,A,H,-,C,D,0,,,,,Y,Y,A,01,1,0,0,0,0,0,0,0,0,"- ","- ",34.266658782958984,-118.47199249267578,"LOS ANGELES","LOS ANGELES",-118.4720458984375,34.266658782958984
90837027,2018,2018-10-16,9565,2018-10-08,2220,021453,,1,3,7,1942,0,1,1,,2,010,"I-105 E/B (CENTURY FWY)","NASH ST.",100.00,W,N,A,-,Y,,,105,,,,,,E,Y,4,0,1,2,A,-,08,22107,,N,F,C,A,A,H,-,C,D,0,,,,Y,Y,Y,A,01,0,0,1,0,0,0,0,0,0,"- ","- ",33.931110382080078,-118.38868713378906,"LOS ANGELES","LOS ANGELES",-118.38869476318359,33.931087493896484
90838533,2018,2018-10-18,9540,2018-10-14,0442,021058,,7,3,9,1900,0,1,3,,2,146,"SR-14 N/B (ANTELOPE VALLEY FREEWAY)","ESCONDIDO CANYON RD",1700.00,N,N,B,-,Y,,,14,,,,,,N,Y,4,0,1,2,A,-,01,23152,A,N,C,C,A,A,H,-,D,D,0,,,,,Y,Y,A,01,0,0,1,0,0,0,0,0,0,"- ","- ",34.494159698486328,-118.27818298339844,"LOS ANGELES",UNINCORPORATED,-118.27820587158203,34.494220733642578
90839029,2018,2018-10-18,9535,2018-09-29,0248,021795,,6,3,6,1922,0,1,1,,2,400,"I-10 (SAN BERNARDINO FREEWAY) E/B","DURFEE AVE",400.00,W,N,A,-,Y,,,10,,,,,,E,Y,3,0,1,2,A,-,01,23152,A,N,C,C,A,A,H,-,C,D,0,,,,,Y,Y,A,01,0,1,0,0,0,0,0,0,0,"- ","- ",34.063671112060547,-118.01203155517578,"LOS ANGELES","EL MONTE",-118.01184844970703,34.064498901367188
90841236,2018,2018-10-22,9535,2018-10-10,0005,021538,,3,3,9,1900,0,2,4,,2,014,"CESAR E. CHAVEZ AVENUE (3500 BLOCK)","DITMAN AVENUE",25.00,E,N,A,-,N,,,,,,,,,,Y,3,0,2,3,A,-,01,23152,A,N,A,C,A,A,H,-,C,D,0,,,,,Y,Y,A,01,0,2,0,0,0,0,0,0,0,"- ","- ",34.040519714355469,-118.18901062011719,"LOS ANGELES",UNINCORPORATED,-118.18920135498047,34.040508270263672
90843244,2018,2018-10-24,9530,2018-10-14,0217,021290,,7,3,7,1941,0,1,1,,2,072,"I-710 S/B (LONG BEACH FREEWAY)","PACIFIC COAST HWY.",200.00,S,N,A,-,Y,,,710,,,,,,S,Y,4,0,1,2,A,-,01,23152,A,N,C,C,A,A,H,-,C,D,0,,,,,Y,Y,A,01,0,0,1,0,0,0,0,0,0,"- ","- ",33.789169311523438,-118.20791625976562,"LOS ANGELES","LONG BEACH",-118.20793151855469,33.789169311523438
90843276,2018,2018-10-25,9535,2018-10-15,0420,020825,,1,3,3,1914,0,1,1,,2,500,"I-5 NB (SANTA ANA FWY)","ATLANTIC BOULEVARD",1100.00,S,N,A,-,Y,,,5,,,,,,N,Y,3,0,1,2,A,-,01,23152,A,N,B,C,A,A,H,-,C,D,0,,,,Y,Y,Y,A,01,0,1,0,0,0,0,0,0,0,"- ","- ",34.006729125976562,-118.15570068359375,"LOS ANGELES",COMMERCE,-118.15567779541016,34.006759643554688
90843935,2018,2018-10-24,9580,2018-10-12,2200,021236,,5,3,7,1942,0,1,2,,2,104,"US-101 N/B (VENTURA FREEWAY)","DE SOTO AVE",1000.00,S,N,C,-,Y,,,101,,,,,,N,Y,4,0,1,2,A,-,08,22107,,N,C,C,A,B,H,-,C,D,0,,,,,Y,Y,A,01,0,0,1,0,0,0,0,0,0,"- ","- ",34.168190002441406,-118.58432006835938,"LOS ANGELES","LOS ANGELES",-118.58431243896484,34.168083190917969
90844613,2018,2018-10-25,9550,2018-10-20,0355,021141,,6,3,6,1920,0,1,1,,2,151,"INTERSTATE 105 W/B","LAKEWOOD BOULEVARD",50.00,E,N,A,-,Y,,,105,,,,,,W,Y,4,0,1,2,A,-,01,23152,A,N,C,C,A,A,H,-,C,D,0,,,,,Y,Y,A,01,0,0,1,0,0,0,0,0,0,"- ","- ",33.913299560546875,-118.14002990722656,"LOS ANGELES",DOWNEY,-118.14002990722656,33.913242340087891
90847545,2018,2018-11-26,9580,2018-10-17,2353,021461,,3,3,7,1942,0,1,2,,2,101,"US-101 S/B (VENTURA FREEWAY)","FULTON AVE",4781.00,S,N,A,-,Y,,,101,,,,,,S,Y,2,0,1,1,A,-,01,23152,A,N,E,I,A,A,H,-,C,D,0,,,,,Y,Y,A,07,1,0,0,0,0,0,0,0,0,"- ","- ",34.156631469726562,-118.41900634765625,"LOS ANGELES","LOS ANGELES",-118.41900634765625,34.156661987304688
90847732,2018,2018-10-29,9525,2018-10-28,1327,020532,,7,1,4,1960,0,1,3,,2,571,"SR-57 S/B TO S/B SR-71","VIA VERDE AVE",1056.00,S,N,A,-,Y,,,57,,,,R,,S,Y,3,0,1,1,A,-,08,22107,,N,E,I,A,A,H,-,A,D,0,,,,,Y,Y,A,01,0,1,0,0,0,0,0,0,0,"- ","- ",34.073299407958984,-117.80989837646484,"LOS ANGELES","SAN DIMAS",-117.80989837646484,34.073299407958984
90848792,2018,2018-10-30,9530,2018-09-15,0115,020983,,6,3,9,1900,0,3,5,,2,001,"FLORENCE AVENUE","COMPTON AVENUE",0.00,,Y,A,-,N,,,,,,,,,,Y,2,0,2,2,A,-,12,21453,A,N,D,C,A,A,H,-,C,A,0,,,,,Y,Y,-,"- ",2,0,0,0,0,0,0,0,0,"- ","- ",33.974819183349609,-118.24774169921875,"LOS ANGELES",UNINCORPORATED,-118.24768829345703,33.974739074707031
90849361,2018,2018-10-31,9565,2018-10-19,1925,022099,,5,2,9,1900,0,2,4,,2,043,"INGLEWOOD AVE","104TH ST",250.00,S,N,A,-,N,,,,,,,,,,Y,3,0,2,3,A,-,01,23152,A,N,A,C,E,A,H,-,C,D,0,Y,,,,Y,Y,D,22,0,1,1,0,1,0,0,0,0,"- ","- ",33.94049072265625,-118.36136627197266,"LOS ANGELES",UNINCORPORATED,-118.36135101318359,33.941112518310547
90850413,2018,2019-04-03,9535,2018-10-22,1800,022159,,1,2,9,1900,0,3,5,,2,001,"HAMMEL ST.(4500 E. BLOCK)","FORD BLVD.",152.00,E,N,A,-,N,,,,,,,,,,Y,2,0,1,3,A,-,06,21755,,N,B,C,A,A,H,-,B,D,0,,,Y,,Y,Y,C,02,1,0,0,0,0,0,0,0,1,"- ","- ",34.042400360107422,-118.1685791015625,"LOS ANGELES",UNINCORPORATED,-118.16871643066406,34.042400360107422
90851402,2018,2019-01-29,9565,2018-10-28,0230,021632,,7,3,9,1900,0,3,5,,2,004,"120TH STREET","LA CIENEGA BOULEVARD",260.00,W,N,B,-,N,,,,,,,,,,Y,3,0,1,2,A,-,01,23152,A,N,C,E,A,A,H,-,C,D,0,,,,,Y,Y,A,01,0,1,0,0,0,0,0,0,0,"- ","- ",33.923709869384766,-118.37113952636719,"LOS ANGELES",UNINCORPORATED,-118.37093353271484,33.923622131347656
90852689,2018,2018-11-05,9550,2018-10-28,0320,020617,,7,3,9,1900,0,3,5,,2,002,"LIGHTS STREET","MILLS AVENUE",115.00,W,N,A,-,N,,,,,,,,,,Y,3,0,1,3,A,-,01,23152,A,N,A,C,A,A,H,-,C,D,0,,,,,Y,Y,A,01,0,1,0,0,0,0,0,0,0,"- ","- ",33.941291809082031,-118.031982421875,"LOS ANGELES",UNINCORPORATED,-118.03176879882812,33.941360473632812
90854681,2018,2018-11-07,9540,2018-10-27,0130,021370,,6,3,9,1900,0,1,3,,2,126,"SR-126 W/B (HENRY MAYO DRIVE)","CHIQUITO CANYON RD",0.00,,Y,A,-,Y,,,126,,,,,,W,Y,3,0,2,2,A,-,01,23152,G,F,D,C,A,A,H,-,C,A,0,,,,,Y,Y,A,01,0,2,0,0,0,0,0,0,0,"- ","- ",34.419708251953125,-118.65685272216797,"LOS ANGELES",UNINCORPORATED,-118.65692138671875,34.419769287109375
90854962,2018,2018-11-07,9530,2018-10-28,0115,021642,,7,3,9,1900,0,3,5,,2,002,"EL SEGUNDO BLVD. (2600 BLOCK)","ALAMEDA ST.",296.00,W,N,E,-,N,,,,,,,,,,Y,3,0,1,3,A,-,01,23152,A,N,C,E,A,A,H,-,C,D,0,,,,,Y,Y,A,01,0,1,0,0,0,0,0,0,0,"- ","- ",33.916149139404297,-118.22467041015625,"LOS ANGELES",UNINCORPORATED,-118.22455596923828,33.916172027587891
90855141,2018,2018-11-07,9545,2018-11-04,0103,015589,,7,3,6,1950,0,1,3,,2,021,"SR-14 S/B","AVE Q",513.00,N,N,A,-,Y,,,14,,,,,,S,Y,2,0,1,1,A,-,01,23152,A,N,E,I,A,A,H,-,D,D,0,,,,,Y,Y,A,08,1,0,0,0,0,0,0,0,0,"- ","- ",34.588310241699219,-118.13406372070312,"LOS ANGELES",PALMDALE,-118.13405609130859,34.588310241699219
9085884,2020,2020-07-28,1942,2020-04-26,1845,42818,0905,7,5,7,1942,0,0,0,I,0,9A23,"VAN NUYS BL","SHERMAN WY",112.00,N,N,A,-,N,,,,,,,,,,Y,3,0,1,2,A,-,01,23152,A,N,C,C,A,A,H,-,A,D,0,,,,,Y,Y,A,08,0,1,0,0,0,0,0,0,0,"- ","- ",,,"LOS ANGELES","LOS ANGELES",-118.44872283935547,34.201496124267578
9085887,2020,2020-10-02,1942,2020-04-24,1835,41396,1799,5,5,7,1942,0,0,0,Q,0,17A95,"PARTHENIA ST","HASKELL AV",76.00,E,N,A,-,N,,,,,,,,,,Y,4,0,3,3,A,-,01,23152,A,F,C,C,A,A,H,-,A,A,0,,,,,Y,Y,A,01,0,0,3,0,0,0,0,0,0,"- ","- ",,,"LOS ANGELES","LOS ANGELES",-118.47615051269531,34.228317260742188
90859352,2018,2018-11-14,9535,2018-11-02,2108,020855,,5,2,6,1922,0,1,1,,2,400,"I-10 (SAN BERNARDINO FREEWAY) E/B","PECK RD",550.00,E,N,A,-,Y,,,10,,,,,,E,Y,2,0,2,2,A,-,01,23152,A,F,D,C,A,A,H,-,D,D,0,,,,,Y,Y,A,01,2,0,0,0,0,0,0,0,0,"- ","- ",34.068050384521484,-118.02458190917969,"LOS ANGELES","EL MONTE",-118.02458190917969,34.068019866943359
90863131,2018,2018-11-19,9540,2018-11-10,2150,021360,,6,2,9,1900,0,1,3,,2,147,"SR-14 (S/B)(ANTELOPE VALLEY FREEWAY)","ESCONDIDO CANYON RD",1815.00,S,N,A,-,Y,,,14,,,,,,,Y,2,0,2,2,A,-,03,22350,,N,C,E,A,A,C,-,D,D,0,,,,,Y,Y,D,22,1,1,0,0,0,0,0,0,0,"- ","- ",34.488361358642578,-118.28671264648438,"LOS ANGELES",UNINCORPORATED,-118.28675079345703,34.488368988037109