CASE_ID,ACCIDENT_YEAR,PROC_DATE,JURIS,COLLISION_DATE,COLLISION_TIME,OFFICER_ID,REPORTING_DISTRICT,DAY_OF_WEEK,CHP_SHIFT,POPULATION,CNTY_CITY_LOC,SPECIAL_COND,BEAT_TYPE,CHP_BEAT_TYPE,CITY_DIVISION_LAPD,CHP_BEAT_CLASS,BEAT_NUMBER,PRIMARY_RD,SECONDARY_RD,DISTANCE,DIRECTION,INTERSECTION,WEATHER_1,WEATHER_2,STATE_HWY_IND,CALTRANS_COUNTY,CALTRANS_DISTRICT,STATE_ROUTE,ROUTE_SUFFIX,POSTMILE_PREFIX,POSTMILE,LOCATION_TYPE,RAMP_INTERSECTION,SIDE_OF_HWY,TOW_AWAY,COLLISION_SEVERITY,NUMBER_KILLED,NUMBER_INJURED,PARTY_COUNT,PRIMARY_COLL_FACTOR,PCF_CODE_OF_VIOL,PCF_VIOL_CATEGORY,PCF_VIOLATION,PCF_VIOL_SUBSECTION,HIT_AND_RUN,TYPE_OF_COLLISION,MVIW,PED_ACTION,ROAD_SURFACE,ROAD_COND_1,ROAD_COND_2,LIGHTING,CONTROL_DEVICE,CHP_ROAD_TYPE,PEDESTRIAN_ACCIDENT,BICYCLE_ACCIDENT,MOTORCYCLE_ACCIDENT,TRUCK_ACCIDENT,NOT_PRIVATE_PROPERTY,ALCOHOL_INVOLVED,STWD_VEHTYPE_AT_FAULT,CHP_VEHTYPE_AT_FAULT,COUNT_SEVERE_INJ,COUNT_VISIBLE_INJ,COUNT_COMPLAINT_PAIN,COUNT_PED_KILLED,COUNT_PED_INJURED,COUNT_BICYCLIST_KILLED,COUNT_BICYCLIST_INJURED,COUNT_MC_KILLED,COUNT_MC_INJURED,PRIMARY_RAMP,SECONDARY_RAMP,LATITUDE,LONGITUDE,COUNTY,CITY,POINT_X,POINT_Y
90863143,2018,2018-11-19,9545,2018-04-24,2233,019951,,2,3,9,1900,0,3,5,,2,004,"165TH STREET EAST","AVENUE T-8",290.00,N,N,A,-,N,,,,,,,,,,Y,1,1,0,3,C,-,18,,,N,D,C,A,A,H,-,D,D,0,,,,Y,Y,Y,-,"- ",0,0,0,0,0,0,0,0,0,"- ","- ",34.536060333251953,-117.83553314208984,"LOS ANGELES",UNINCORPORATED,-117.83554077148438,34.536014556884766
90864574,2018,2018-11-21,9525,2018-11-16,0205,015988,,5,3,6,1955,0,1,1,,2,108,"I-10 E/B (SAN BERNARDINO FWY)","KELLOGG DR.",300.00,E,N,A,-,Y,,,10,,,,,,E,Y,2,0,2,2,A,-,03,22350,,N,C,C,A,A,D,E,D,D,0,,,,,Y,Y,A,01,2,0,0,0,0,0,0,0,0,"- ","- ",34.064239501953125,-117.8089599609375,"LOS ANGELES",POMONA,-117.80896759033203,34.064289093017578
90866136,2018,2018-11-26,9525,2018-11-21,1520,020951,,3,2,9,1900,0,2,4,,2,032,"VALLEY BLVD (21000 BLOCK)","BREA CANYON RD.",56.00,W,N,A,-,N,,,,,,,,,,Y,4,0,1,2,A,-,01,23152,A,M,C,C,A,A,H,-,A,A,0,,,,Y,Y,Y,A,01,0,0,1,0,0,0,0,0,0,"- ","- ",34.019969940185547,-117.84062194824219,"LOS ANGELES",UNINCORPORATED,-117.84065246582031,34.020095825195312
90866368,2018,2018-11-26,9530,2018-11-12,0250,021582,,1,3,5,1943,0,1,1,,2,210,"I-105 E/B (GLENN ANDERSON FWY)","BULLIS RD.",528.00,E,N,A,-,Y,,,105,,,,,,E,Y,3,0,1,2,A,-,01,23152,A,N,C,E,A,A,H,-,D,D,0,,,,Y,Y,Y,A,01,0,1,0,0,0,0,0,0,0,"- ","- ",33.920478820800781,-118.20054626464844,"LOS ANGELES",LYNWOOD,-118.20050811767578,33.920574188232422
90866553,2018,2018-11-26,9540,2018-11-22,2310,020527,,4,3,9,1900,0,1,3,,2,147,"SR-14 N/B (ANTELOPE VALLEY FREEWAY)","SOLEDAD CANYON RD",1285.00,S,N,A,-,Y,,,14,,,,,,N,Y,2,0,3,2,A,-,01,23152,A,F,E,I,A,A,H,-,C,D,0,,,,,Y,Y,A,07,2,1,0,0,0,0,0,0,0,"- ","- ",34.433998107910156,-118.38947296142578,"LOS ANGELES",UNINCORPORATED,-118.38948059082031,34.433868408203125
90866581,2018,2019-07-19,9590,2018-11-10,0315,022136,,6,3,7,1942,0,1,2,,2,071,"US-101 S/B (SAF) TO ALAMEDA ST.","ALAMEDA ST",250.00,S,N,A,-,Y,,,101,,,,R,,S,N,2,0,1,1,A,-,08,22107,,F,E,I,A,A,H,-,C,D,0,,,,,Y,Y,A,01,1,0,0,0,0,0,0,0,0,"- ","- ",34.054359436035156,-118.23857879638672,"LOS ANGELES","LOS ANGELES",-118.23857879638672,34.054359436035156
90868610,2018,2018-11-27,9525,2018-11-26,1444,019291,,1,2,6,1955,0,1,3,,2,571,"SR-57 S/B (ORANGE FWY)","SUNSET CROSSING RD",1584.00,S,N,A,-,Y,,,,,,,,,,Y,4,0,1,3,A,-,03,22350,,N,C,C,A,A,H,-,A,D,0,,,,,Y,Y,A,07,0,0,1,0,0,0,0,0,0,"- ","- ",34.025279998779297,-117.81253051757812,"LOS ANGELES",POMONA,-117.81271362304688,34.024669647216797
90870157,2017,2019-01-24,9565,2017-12-11,2345,021576,,1,3,7,1942,0,1,1,,2,063,"I-405 N/B (SAN DIEGO FWY.)","SANTA MONICA BLVD.",0.00,,N,A,-,Y,,,405,,,,,,N,Y,2,0,2,4,A,-,01,23152,A,N,C,C,E,A,H,-,D,D,0,Y,,,,Y,Y,A,01,1,1,0,0,1,0,0,0,0,"- ","- ",34.04542,-118.44504999999999,"LOS ANGELES","LOS ANGELES",-118.44513489000001,34.045346850000001
90872995,2018,2018-12-04,9535,2018-11-18,2050,022085,,7,2,9,1900,0,2,4,,2,018,"3RD. ST. (4200 BLOCK)","EASTERN AVE.",100.00,W,N,A,-,N,,,,,,,,,,Y,3,0,2,2,A,-,01,23152,A,M,C,C,A,A,H,-,C,A,0,,,,,Y,Y,A,01,0,1,1,0,0,0,0,0,0,"- ","- ",34.033290863037109,-118.17478179931641,"LOS ANGELES",UNINCORPORATED,-118.17427062988281,34.033287048339844
90875030,2018,2018-12-05,9535,2018-11-22,0255,022161,,4,3,4,1962,0,1,1,,2,421,"I-10 (SAN BERNARDINO FREEWAY) W/B","NEW AVE",100.00,E,N,C,-,Y,,,10,,,,,,W,Y,3,0,1,1,A,-,01,23152,A,N,E,I,A,B,H,-,C,D,0,,,,,Y,Y,A,01,0,1,0,0,0,0,0,0,0,"- ","- ",34.0718994140625,-118.10870361328125,"LOS ANGELES","SAN GABRIEL",-118.10870361328125,34.071990966796875
90875802,2018,2018-12-05,9545,2018-11-26,0010,021340,,1,3,9,1900,0,2,4,,1,025,"SAN FRANCISQUITO CANYON RD","STEMERIO WAY",1600.00,S,N,A,-,N,,,,,,,,,,Y,3,0,1,1,A,-,01,23152,A,N,E,I,A,A,H,-,D,D,0,,,,,Y,Y,A,01,0,1,0,0,0,0,0,0,0,"- ","- ",34.615211486816406,-118.42543029785156,"LOS ANGELES",UNINCORPORATED,-118.42653656005859,34.614570617675781
90877169,2018,2018-12-06,9550,2018-12-02,1620,021274,,7,2,9,1900,0,3,5,,2,002,"LOS NIETOS RD.","PAINTER AVENUE",497.00,E,N,A,-,N,,,,,,,,,,Y,2,0,1,1,A,-,01,23152,A,N,E,I,A,A,H,-,A,D,0,,,,,Y,Y,A,01,1,0,0,0,0,0,0,0,0,"- ","- ",33.942829132080078,-118.04991912841797,"LOS ANGELES",UNINCORPORATED,-118.05209350585938,33.944118499755859
9087730,2020,2020-06-19,1942,2020-03-14,0140,43386,2187,6,5,7,1942,0,0,0,,0,21A29,"VENTURA BL","DON PIO DR",192.00,E,N,B,C,N,,,,,,,,,,Y,3,0,3,2,A,-,03,22350,,N,C,E,A,B,H,-,C,D,0,,,,,Y,Y,A,01,0,1,2,0,0,0,0,0,0,"- ","- ",,,"LOS ANGELES","LOS ANGELES",-118.60319519042969,34.168441772460938
90879664,2018,2018-12-10,9580,2018-11-30,2355,020353,,5,3,7,1942,0,1,2,,2,103,"US-101 S/B (VENTURA FREEWAY)","LOUISE AVE",305.00,S,N,A,-,Y,,,101,,,,,,S,Y,3,0,1,4,A,-,01,23152,A,N,C,C,A,A,H,-,C,D,0,,,,,Y,Y,A,01,0,1,0,0,0,0,0,0,0,"- ","- ",34.171100616455078,-118.50917816162109,"LOS ANGELES","LOS ANGELES",-118.50917816162109,34.171089172363281
90879816,2018,2018-12-11,9530,2018-11-29,2055,020983,,4,2,7,1942,0,3,5,,2,002,"MAIN STREET","135TH STREET",0.00,,Y,B,C,N,,,,,,,,,,Y,4,0,1,2,A,-,01,23152,A,M,D,C,A,B,H,-,C,A,0,,,,,Y,Y,A,01,0,0,1,0,0,0,0,0,0,"- ","- ",33.909248352050781,-118.27406311035156,"LOS ANGELES","LOS ANGELES",-118.27400207519531,33.909168243408203
90880504,2018,2018-12-11,9565,2018-08-16,0050,021694,,4,3,4,1918,0,1,1,,2,061,"I-405 NORTHBOUND TO SEPULVEDA BOULEVARD","VENICE BOULEVARD",678.00,S,N,A,-,Y,,,405,,,,R,,N,Y,1,1,3,2,A,-,01,23152,A,N,E,I,A,A,H,-,D,D,0,,,,,Y,Y,A,08,3,0,0,0,0,0,0,0,0,"- ","- ",34.010818481445312,-118.41645050048828,"LOS ANGELES","CULVER CITY",-118.41645050048828,34.010818481445312
90881086,2018,2018-12-12,9530,2018-12-01,0335,021273,,6,3,9,1900,0,3,5,,2,001,"GAGE AVE.","HOLMES AVE.",0.00,,Y,A,-,N,,,,,,,,,,Y,3,0,2,2,A,-,01,23152,A,N,D,C,A,A,H,-,C,D,0,,,,,Y,Y,A,01,0,2,0,0,0,0,0,0,0,"- ","- ",33.982021331787109,-118.24114227294922,"LOS ANGELES",UNINCORPORATED,-118.2412109375,33.981998443603516
90883802,2018,2018-12-17,9590,2018-12-06,0100,021346,,4,3,7,1942,0,1,1,,2,064,"I-10 E/B (SANTA MONICA FREEWAY)","SANTA FE AVENUE",500.00,E,N,C,-,Y,,,10,,,,,,E,Y,4,0,1,2,A,-,08,22107,,N,E,I,A,B,H,-,C,D,0,,,,,Y,Y,A,01,0,0,1,0,0,0,0,0,0,"- ","- ",34.028598785400391,-118.22836303710938,"LOS ANGELES","LOS ANGELES",-118.22837066650391,34.028648376464844
90884331,2018,2018-12-17,9545,2018-12-08,2010,020655,,6,2,9,1900,0,3,5,,2,003,"CROWN VALLEY RD","SOLEDAD CANYON RD",126.00,N,N,A,-,N,,,,,,,,,,Y,4,0,1,1,A,-,01,23152,A,N,E,I,A,A,H,-,D,D,0,,,,,Y,Y,A,01,0,0,1,0,0,0,0,0,0,"- ","- ",34.466529846191406,-118.19712829589844,"LOS ANGELES",UNINCORPORATED,-118.21497344970703,34.44256591796875
90884368,2018,2018-12-17,9545,2018-12-08,0430,020244,,6,3,6,1992,0,3,5,,1,005,"AVENUE O","170TH ST  E",0.00,,Y,A,-,N,,,,,,,,,,Y,3,0,2,2,A,-,01,23152,A,N,D,C,A,A,H,-,C,A,0,,,,,Y,Y,D,22,0,1,1,0,0,0,0,0,0,"- ","- ",34.616500854492188,-117.82675933837891,"LOS ANGELES",LANCASTER,-117.82689666748047,34.616539001464844
9088470,2020,2020-06-26,1942,2020-03-30,2330,38033,1512,1,5,7,1942,0,0,0,O,0,15A21,"VOSE ST","ALCOVE AV",46.00,E,N,A,-,N,,,,,,,,,,Y,3,0,1,4,A,-,01,23152,A,M,C,E,A,A,H,-,C,D,0,,,,,Y,Y,A,01,0,1,0,0,0,0,0,0,0,"- ","- ",,,"LOS ANGELES","LOS ANGELES",-118.41252136230469,34.198478698730469
90884789,2018,2018-12-17,9525,2018-11-22,1820,021748,,4,2,9,1900,0,1,1,,2,105,"I-10 W/B (SAN BERNARDINO FWY)","HOLT AVE",1584.00,E,N,A,-,Y,,,10,,,,,,W,Y,3,0,1,2,A,-,01,23152,A,N,B,C,A,A,D,E,C,D,0,,,,,Y,Y,A,01,0,1,0,0,0,0,0,0,0,"- ","- ",34.068729400634766,-117.84384155273438,"LOS ANGELES",UNINCORPORATED,-117.84383392333984,34.068698883056641
9088518,2020,2020-10-19,1900,2020-03-19,1719,615106,2619,4,5,6,1950,0,0,0,,0,262T1,"PALMDALE BL","RT 14",0.00,,Y,A,-,Y,LA,7,138,-,-,43.510,H,-,E,Y,3,0,1,2,A,-,01,23152,A,M,C,C,A,A,H,-,A,A,0,,,,,Y,Y,A,07,0,1,0,0,0,0,0,0,0,"- ",NF,34.580600738525391,-118.13230133056641,"LOS ANGELES",PALMDALE,-118.13228607177734,34.580665588378906
90885367,2018,2018-12-18,9535,2018-12-06,0030,021599,,4,3,9,1900,0,3,5,,2,004,"HERMOSA DRIVER (8400 BLOCK)","WILLARD STREET",58.00,E,N,B,C,N,,,,,,,,,,Y,3,0,1,2,A,-,01,23152,A,N,B,E,A,B,H,-,C,D,0,,,,,Y,Y,A,01,0,1,0,0,0,0,0,0,0,"- ","- ",34.062599182128906,-118.08464813232422,"LOS ANGELES",UNINCORPORATED,,
90886270,2018,2018-12-19,9580,2018-12-09,0240,021978,,7,3,7,1942,0,1,1,,2,404,"I-405 N/B (SAN DIEGO FREEWAY)","BURBANK BLVD",250.00,S,N,A,-,Y,,,405,,,,,,N,Y,2,0,1,1,A,-,01,23152,A,N,E,I,A,A,H,-,C,D,0,,,,,Y,Y,A,01,1,0,0,0,0,0,0,0,0,"- ","- ",34.171298980712891,-118.4674072265625,"LOS ANGELES","LOS ANGELES",-118.467529296875,34.171295166015625
90886339,2018,2018-12-19,9535,2018-12-09,0145,017943,,7,3,5,1969,0,1,1,,2,075,"I-710 S/B (LONG BEACH FREEWAY)","FIRESTONE BOULEVARD",400.00,S,N,A,-,Y,,,710,,,,,,S,Y,3,0,1,2,A,-,01,23152,A,N,C,C,A,A,H,-,C,D,0,,,,,Y,Y,A,01,0,1,0,0,0,0,0,0,0,"- ","- ",33.946170806884766,-118.17073822021484,"LOS ANGELES","SOUTH GATE",-118.17068481445312,33.946163177490234
90886911,2018,2018-12-20,9580,2018-12-16,0300,020573,,7,3,7,1942,0,1,3,,2,116,"SR-118 E/B (RONALD REAGAN FWY.)","RESEDA BLVD",1600.00,W,N,A,-,Y,,,118,,,,,,E,Y,2,0,1,1,A,-,01,23152,A,N,F,A,A,A,H,-,C,D,0,,,,,Y,Y,D,22,1,0,0,0,0,0,0,0,0,"- ","- ",34.274269104003906,-118.54167175292969,"LOS ANGELES","LOS ANGELES",-118.54167175292969,34.274364471435547
90886943,2018,2018-12-20,9580,2018-12-16,0010,021092,,7,3,9,1900,0,2,4,,1,127,"MALIBU CANYON RD","PIUMA RD",1600.00,S,N,A,-,N,,,,,,,,,,Y,4,0,1,1,A,-,01,23152,A,N,E,I,A,A,H,-,D,D,0,,,,,Y,Y,A,01,0,0,1,0,0,0,0,0,0,"- ","- ",34.077701568603516,-118.70236206054688,"LOS ANGELES",UNINCORPORATED,-118.70227813720703,34.078136444091797
90887521,2018,2018-12-21,9525,2018-12-14,2145,021779,,5,2,1,1934,0,1,1,,2,651,"I-605 S/B (SAN GABRIEL RIVER FWY)","LIVE OAK AVE.",1056.00,S,N,A,-,Y,,,605,,,,,,S,Y,2,0,1,1,A,-,01,23152,A,N,E,I,A,A,H,-,D,D,0,,,,,Y,Y,A,01,1,0,0,0,0,0,0,0,0,"- ","- ",34.103511810302734,-117.98404693603516,"LOS ANGELES",IRWINDALE,-117.98390197753906,34.103458404541016
9088826,2020,2020-07-16,1942,2020-04-04,0815,34959,0778,6,5,7,1942,0,0,0,G,0,7A69,"WASHINGTON BL","BRONSON AV",0.00,,Y,B,-,N,,,,,,,,,,Y,4,0,1,3,A,-,01,23152,A,N,E,I,A,A,H,-,A,D,0,,,,,Y,Y,D,22,0,0,1,0,0,0,0,0,0,"- ","- ",,,"LOS ANGELES","LOS ANGELES",-118.32978057861328,34.039871215820312
90888643,2018,2018-12-24,9525,2018-12-16,0240,021394,,7,3,6,1955,0,1,1,,2,109,"I-10 W/B TO DUDLEY ST.","DUDLEY ST.",340.00,W,N,A,-,Y,,,10,,,,R,,W,Y,2,0,1,1,A,-,01,23152,A,N,E,I,A,A,H,-,C,D,0,,,,,Y,Y,A,01,1,0,0,0,0,0,0,0,0,"- ","- ",34.073570251464844,-117.77935028076172,"LOS ANGELES",POMONA,-117.77935028076172,34.073570251464844
90889804,2018,2018-12-26,9530,2018-12-13,0040,021016,,4,3,7,1942,0,1,1,,2,200,"I-105 W/B (GLENN ANDERSON FWY)","AVALON BLVD.",460.00,W,N,A,-,Y,,,105,,,,,,W,Y,3,0,1,2,A,-,01,23152,A,N,C,C,A,A,H,-,C,D,0,,,,,Y,Y,A,01,0,1,0,0,0,0,0,0,0,"- ","- ",33.927700042724609,-118.26750183105469,"LOS ANGELES","LOS ANGELES",-118.26750183105469,33.927650451660156
90890366,2018,2018-12-26,9535,2018-11-07,2257,021773,,3,3,9,1900,0,2,4,,2,011,"EASTERN AVE.","STATE UNIVERSITY DR",0.00,,Y,A,-,N,,,,,,,,,,Y,2,0,1,2,A,-,11,21950,B,N,G,B,B,A,H,-,C,A,0,Y,,,,Y,Y,N,60,1,0,0,0,1,0,0,0,0,"- ","- ",34.061111450195312,-118.17401885986328,"LOS ANGELES",UNINCORPORATED,-118.1739501953125,34.061210632324219
90890864,2018,2018-12-27,9525,2018-12-17,0215,021362,,1,3,4,1960,0,1,3,,2,571,"SR-57 S/B (ORANGE FWY)","CIENEGA AVE",62.00,S,N,A,-,Y,,,57,,,,,,S,Y,3,0,1,1,A,-,01,23152,A,N,E,I,A,A,H,-,C,D,0,,,,,Y,Y,A,01,0,1,0,0,0,0,0,0,0,"- ","- ",34.102508544921875,-117.81973266601562,"LOS ANGELES","SAN DIMAS",-117.81987762451172,34.102462768554688
90891827,2018,2019-01-25,9550,2018-12-20,2025,021977,,4,2,9,1900,0,2,4,,1,015,"PIONEER BOULEVARD NORTHBOUND","SARAGOSA STREET",0.00,,Y,A,-,N,,,,,,,,,,Y,3,0,2,2,A,-,01,23152,A,N,D,C,A,A,H,-,C,D,0,,,,,Y,Y,D,22,0,2,0,0,0,0,0,0,0,"- ","- ",33.978439331054688,-118.07729339599609,"LOS ANGELES",UNINCORPORATED,-118.07730102539062,33.978500366210938
90893344,2018,2018-12-28,9590,2018-12-19,0036,021245,,3,3,7,1942,0,1,3,,2,095,"SR-2 W/B (GLF)","CASITAS AVE.",200.00,W,N,A,-,Y,,,2,,,,,,W,Y,3,0,1,1,A,-,01,23152,A,N,F,A,A,A,H,-,C,D,0,,,,,Y,Y,A,01,0,1,0,0,0,0,0,0,0,"- ","- ",34.111068725585938,-118.24790191650391,"LOS ANGELES","LOS ANGELES",-118.24789428710938,34.111064910888672
90893786,2018,2018-12-31,9575,2018-12-18,2245,020521,,2,3,6,1953,0,1,1,,2,080,"SR-710 NORTHBOUND","WALNUT STREET",132.00,N,N,A,-,Y,,,710,,,,,,N,Y,2,0,1,2,A,-,01,23152,A,N,C,C,A,A,D,H,D,D,0,,,,Y,Y,Y,A,07,1,0,0,0,0,0,0,0,0,"- ","- ",34.150028228759766,-118.15583038330078,"LOS ANGELES",PASADENA,-118.15543365478516,34.149696350097656
90894351,2018,2018-12-31,9590,2018-12-21,0240,021596,,5,3,7,1942,0,1,2,,2,071,"US-101 S/B (SANTA ANA FREEWAY)","ALAMEDA ST",930.00,S,N,A,-,Y,,,101,,,,,,S,Y,3,0,1,1,A,-,08,22107,,N,E,I,A,A,H,-,C,D,0,,,,,Y,Y,A,01,0,1,0,0,0,0,0,0,0,"- ","- ",34.053951263427734,-118.23464965820312,"LOS ANGELES","LOS ANGELES",-118.23465728759766,34.053680419921875
90895762,2018,2019-01-02,9540,2018-12-20,1830,020678,,4,2,9,1900,0,3,5,,2,200,"LITTLE TUJUNGA CANYON RD.","SANTA CLARA TRUCK TRAIL",11088.00,E,N,A,-,Y,,,,,,,,,,Y,3,0,1,1,A,-,01,23152,A,N,E,I,A,A,H,-,D,D,0,,,,,Y,Y,D,22,0,1,0,0,0,0,0,0,0,"- ","- ",34.34796142578125,-118.37220001220703,"LOS ANGELES",UNINCORPORATED,-118.37213897705078,34.348102569580078
90895834,2018,2019-01-02,9550,2018-12-25,0155,021129,,2,3,9,1900,0,1,3,,2,600,"SR-60 W/B TO I-605",I-605,860.00,E,N,B,-,Y,,,60,,,,R,,W,Y,3,0,1,1,A,-,01,23152,A,N,E,I,A,B,H,-,C,D,0,,,,,Y,Y,A,01,0,1,0,0,0,0,0,0,0,"- ","- ",34.033058166503906,-118.02427673339844,"LOS ANGELES",UNINCORPORATED,-118.02427673339844,34.033058166503906
90895971,2018,2019-01-02,9590,2018-12-25,2045,021831,,2,2,7,1942,0,1,3,,2,031,"SR-60 (POMONA FREEWAY) WB","MARIETTA ST",100.00,E,N,A,-,Y,,,60,,,,,,W,Y,3,0,1,3,A,-,01,23152,A,N,D,C,A,A,H,-,C,D,0,,,,,Y,Y,A,01,0,1,0,0,0,0,0,0,0,"- ","- ",34.029289245605469,-118.21228790283203,"LOS ANGELES","LOS ANGELES",-118.21228790283203,34.029304504394531
90898424,2018,2019-01-07,9530,2018-11-18,0120,021191,,7,3,5,1977,0,3,5,,2,006,"CARSON STREET (700 BLOCK)",I-110,150.00,W,N,A,-,N,,,,,,,,,,Y,4,0,1,2,A,-,09,21801,A,N,A,C,A,A,H,-,C,D,0,,,,,Y,Y,A,01,0,0,1,0,0,0,0,0,0,"- ","- ",33.831569671630859,-118.28826904296875,"LOS ANGELES",CARSON,-118.28749084472656,33.831588745117188
90899485,2018,2019-01-08,9565,2018-12-25,0130,022056,,2,3,9,1900,0,3,5,,2,004,"111TH STREET","HAWTHORNE BOULEVARD",50.00,E,N,A,-,N,,,,,,,,,,N,4,0,2,2,A,-,03,22350,,N,C,C,A,A,H,-,C,D,0,,,,,Y,Y,A,01,0,0,2,0,0,0,0,0,0,"- ","- ",33.9345703125,-118.35221862792969,"LOS ANGELES",UNINCORPORATED,-118.35254669189453,33.934551239013672
90902149,2018,2019-04-08,9535,2018-12-31,0450,021538,,1,3,9,1900,0,1,1,,2,500,"I-5 (SANTA ANA FREEWAY) N/B","DOWNEY RD",100.00,S,N,A,-,Y,,,5,,,,,,N,Y,3,0,2,3,A,-,03,22350,,N,C,C,A,A,H,-,C,D,0,,,,,Y,Y,D,22,0,1,1,0,0,0,0,0,0,"- ","- ",34.019660949707031,-118.18003082275391,"LOS ANGELES",UNINCORPORATED,-118.18002319335938,34.019683837890625
9090271,2020,2020-07-22,1910,2020-03-08,1945,04712,,7,5,4,1910,0,0,0,,0,009,"ROBERTSON BL","WILSHIRE BL",0.00,,Y,A,-,N,,,,,,,,,,,4,0,1,2,A,-,07,21658,A,M,B,C,A,A,H,-,C,A,0,,,,,Y,Y,A,01,0,0,1,0,0,0,0,0,0,"- ","- ",,,"LOS ANGELES","BEVERLY HILLS",-118.38368988037109,34.067050933837891
9090390,2020,2020-07-14,1942,2020-03-30,2055,42180,1267,1,5,7,1942,0,0,0,L,0,12A31,"FIGUEROA ST","MANCHESTER AV",25.00,N,N,A,-,N,,,,,,,,,,N,4,0,1,2,A,-,09,21801,A,F,D,C,A,A,H,-,C,A,0,,,,,Y,Y,-,,0,0,1,0,0,0,0,0,0,"- ","- ",,,"LOS ANGELES","LOS ANGELES",-118.28273010253906,33.960128784179688
90904963,2019,2019-01-15,9525,2019-01-12,0024,021931,,6,3,9,1900,0,2,4,,2,045,"VALLEY BLVD (13000 BLOCK)","WORKMAN MILL RD.",500.00,E,N,A,-,N,,,,,,,,,,N,4,0,1,2,A,-,03,22350,,N,C,C,A,A,H,-,C,D,0,,,,,Y,Y,A,01,0,0,1,0,0,0,0,0,0,"- ","- ",34.043491363525391,-117.98753356933594,"LOS ANGELES",UNINCORPORATED,-117.98733520507812,34.043533325195312
90905060,2019,2019-01-15,9580,2019-01-06,1130,020400,,7,1,9,1900,0,3,5,,1,020,"CHENEY DRIVE","SR-27 (TOPANGA CYN BLVD)",750.00,E,N,A,-,N,,,,,,,,,,Y,4,0,1,1,A,-,01,23152,A,N,E,I,A,A,H,-,A,D,0,,,,,Y,Y,A,08,0,0,1,0,0,0,0,0,0,"- ","- ",34.114459991455078,-118.58791351318359,"LOS ANGELES",UNINCORPORATED,-118.58829799999999,34.113782999999998
9090655,2020,2020-07-06,1942,2020-03-02,0700,34251,0835,1,5,7,1942,0,0,0,H,0,8A35,"W OLYMPIC BL","SELBY AV",36.00,W,N,B,-,N,,,,,,,,,,Y,4,0,1,2,A,-,01,23152,A,N,A,C,A,A,H,-,A,D,0,,,,,Y,Y,A,07,0,0,1,0,0,0,0,0,0,"- ","- ",,,"LOS ANGELES","LOS ANGELES",-118.42918395996094,34.045421600341797
9090657,2020,2020-07-06,1942,2020-03-18,2115,41978,2063,3,5,7,1942,0,0,0,,0,20A71,"S WESTERN AV","W PICO BL",0.00,,Y,A,-,N,,,,,,,,,,N,3,0,1,2,A,-,10,21950,A,F,G,B,B,A,H,-,C,A,0,Y,,,,Y,Y,-,99,0,1,0,0,1,0,0,0,0,"- ","- ",,,"LOS ANGELES","LOS ANGELES",-118.30904388427734,34.047199249267578
90908151,2019,2019-01-21,9580,2019-01-10,1703,020728,,4,2,9,1900,0,1,3,,1,120,"SR-1 N/B (PACIFIC COAST HWY.)","SR-27 N/B (TOPANGA CYN. BLVD.)",500.00,S,N,A,-,Y,,,1,,,,,,N,Y,3,0,1,2,A,-,03,22350,,N,C,C,A,A,H,-,C,D,0,,,,,Y,Y,A,01,0,1,0,0,0,0,0,0,0,"- ","- ",34.040111541748047,-118.57736206054688,"LOS ANGELES",UNINCORPORATED,-118.57736206054688,34.040081024169922
90909879,2019,2019-01-23,9525,2019-01-12,0450,021342,,6,3,6,1955,0,1,1,,2,107,"I-10 W/B (SAN BERNARDINO FWY)","SR-57 S/B (ORANGE FWY)",1300.00,E,N,B,C,Y,,,10,,,,,,W,Y,2,0,1,2,A,-,01,23152,A,N,B,C,A,B,H,-,C,D,0,,,,,Y,Y,A,01,1,0,0,0,0,0,0,0,0,"- ","- ",34.066131591796875,-117.80500793457031,"LOS ANGELES",POMONA,-117.80497741699219,34.066059112548828
90910013,2019,2019-01-23,9580,2019-01-12,0345,021963,,6,3,7,1942,0,1,1,,2,404,"I-405 N/B (SAN DIEGO FWY)","SHERMAY WAY",50.00,S,N,C,E,Y,,,405,,,,,,N,Y,3,0,2,2,A,-,01,23152,A,N,E,I,A,B,H,-,C,D,0,,,,,Y,Y,A,01,0,1,1,0,0,0,0,0,0,"- ","- ",34.200439453125,-118.47353363037109,"LOS ANGELES","LOS ANGELES",-118.47350311279297,34.200435638427734