CASE_ID,ACCIDENT_YEAR,PROC_DATE,JURIS,COLLISION_DATE,COLLISION_TIME,OFFICER_ID,REPORTING_DISTRICT,DAY_OF_WEEK,CHP_SHIFT,POPULATION,CNTY_CITY_LOC,SPECIAL_COND,BEAT_TYPE,CHP_BEAT_TYPE,CITY_DIVISION_LAPD,CHP_BEAT_CLASS,BEAT_NUMBER,PRIMARY_RD,SECONDARY_RD,DISTANCE,DIRECTION,INTERSECTION,WEATHER_1,WEATHER_2,STATE_HWY_IND,CALTRANS_COUNTY,CALTRANS_DISTRICT,STATE_ROUTE,ROUTE_SUFFIX,POSTMILE_PREFIX,POSTMILE,LOCATION_TYPE,RAMP_INTERSECTION,SIDE_OF_HWY,TOW_AWAY,COLLISION_SEVERITY,NUMBER_KILLED,NUMBER_INJURED,PARTY_COUNT,PRIMARY_COLL_FACTOR,PCF_CODE_OF_VIOL,PCF_VIOL_CATEGORY,PCF_VIOLATION,PCF_VIOL_SUBSECTION,HIT_AND_RUN,TYPE_OF_COLLISION,MVIW,PED_ACTION,ROAD_SURFACE,ROAD_COND_1,ROAD_COND_2,LIGHTING,CONTROL_DEVICE,CHP_ROAD_TYPE,PEDESTRIAN_ACCIDENT,BICYCLE_ACCIDENT,MOTORCYCLE_ACCIDENT,TRUCK_ACCIDENT,NOT_PRIVATE_PROPERTY,ALCOHOL_INVOLVED,STWD_VEHTYPE_AT_FAULT,CHP_VEHTYPE_AT_FAULT,COUNT_SEVERE_INJ,COUNT_VISIBLE_INJ,COUNT_COMPLAINT_PAIN,COUNT_PED_KILLED,COUNT_PED_INJURED,COUNT_BICYCLIST_KILLED,COUNT_BICYCLIST_INJURED,COUNT_MC_KILLED,COUNT_MC_INJURED,PRIMARY_RAMP,SECONDARY_RAMP,LATITUDE,LONGITUDE,COUNTY,CITY,POINT_X,POINT_Y
91428477,2021,2021-03-16,9530,2021-03-07,1620,022438,,7,2,9,1900,0,3,5,,2,002,"WILLOWBROOK AVE.","126TH STREET",0.00,,Y,A,-,N,,,,,,,,,,Y,4,0,1,2,A,-,09,21802,A,N,D,C,A,A,H,-,A,D,0,,,,,Y,Y,A,01,0,0,1,0,0,0,0,0,0,"- ","- ",33.918041229248047,-118.23269653320312,"LOS ANGELES",UNINCORPORATED,-118.23265838623047,33.918010711669922
9143061,2020,2020-10-14,1942,2020-08-17,0420,42344,1622,1,5,7,1942,0,0,0,P,0,16A23,"ILEX AV","VAN NUYS BL",545.00,S,N,A,-,N,,,,,,,,,,N,2,0,1,2,A,-,11,21954,A,F,G,B,D,A,H,-,C,D,0,Y,,,,Y,Y,N,60,1,0,0,0,1,0,0,0,0,"- ","- ",,,"LOS ANGELES","LOS ANGELES",-118.42181396484375,34.264320373535156
91431370,2021,2021-03-22,9530,2021-03-14,2008,022406,,7,2,9,1900,0,3,5,,2,002,"ALAMEDA ST. (13200 BLOCK)","133RD ST.",50.00,N,N,A,-,N,,,,,,,,,,Y,4,0,1,2,A,-,01,23152,A,N,C,C,A,A,H,-,C,A,0,,,,,Y,Y,D,22,0,0,1,0,0,0,0,0,0,"- ","- ",33.911708831787109,-118.22286987304688,"LOS ANGELES",UNINCORPORATED,-118.22286987304688,33.911647796630859
9143277,2020,2020-09-09,1948,2020-01-02,0640,429,1948,4,5,5,1948,0,0,0,,0,004,"POMELO AV","GRAVES AV",796.00,N,N,A,-,N,,,,,,,,,,Y,3,0,1,2,A,-,01,23152,A,M,-,E,A,A,H,-,B,A,0,,,,,Y,Y,A,01,0,1,0,0,0,0,0,0,0,"- ","- ",,,"LOS ANGELES","MONTEREY PARK",-118.11023712158203,34.057533264160156
91436696,2021,2021-03-26,9590,2021-03-06,0115,021673,,6,3,7,1942,0,1,1,,2,041,"I-5 S/B (SAF)","ESPERANZA ST.",160.00,S,N,A,-,Y,,,5,,,,,,S,Y,4,0,1,3,A,-,01,23152,A,N,C,C,A,A,H,-,D,D,0,,,,Y,Y,Y,A,08,0,0,1,0,0,0,0,0,0,"- ","- ",34.021938323974609,-118.19776153564453,"LOS ANGELES","LOS ANGELES",-118.19775390625,34.021945953369141
91439014,2021,2021-03-30,9590,2021-03-12,2213,021848,,5,3,7,1942,0,1,2,,2,070,"US-101 N/B (SANTA ANA FREEWAY)","ALAMEDA STREET",500.00,S,N,A,-,Y,,,101,,,,,,N,Y,3,0,1,2,A,-,07,21658,A,N,B,C,A,A,H,-,C,D,0,,,,,Y,Y,A,01,0,1,0,0,0,0,0,0,0,"- ","- ",34.053901672363281,-118.23612976074219,"LOS ANGELES","LOS ANGELES",-118.23612976074219,34.053852081298828
91439231,2021,2021-03-30,9535,2021-03-20,1535,022250,,6,2,9,1900,0,3,5,,2,002,"ALMA AVENUE (1000 BLOCK)","VERONA STREET",70.00,S,N,A,-,N,,,,,,,,,,Y,4,0,1,4,A,-,01,23152,A,N,A,C,A,A,H,-,A,D,0,,,,,Y,Y,A,08,0,0,1,0,0,0,0,0,0,"- ","- ",34.022369384765625,-118.19120025634766,"LOS ANGELES",UNINCORPORATED,-118.19122314453125,34.022293090820312
9144008,2020,2020-10-12,1942,2020-08-12,1810,37724,1233,3,5,7,1942,0,0,0,L,0,12A45,"W SLAUSON AV","RUTHELEN ST",0.00,,Y,A,-,N,,,,,,,,,,Y,3,0,2,2,A,-,12,21453,A,N,D,C,A,A,H,-,A,A,0,,,,,Y,Y,A,01,0,1,1,0,0,0,0,0,0,"- ","- ",,,"LOS ANGELES","LOS ANGELES",-118.31260681152344,33.989120483398438
91440656,2021,2021-04-01,9540,2021-03-22,1750,021078,,1,2,6,1985,0,1,3,,1,144,"SR-14 N/B (ANTELOPE VALLEY FWY.)","LOST CANYON RD.",385.00,S,N,A,-,Y,,,14,,,,,,N,Y,3,0,1,2,A,-,01,23152,A,N,C,E,A,A,H,-,A,D,0,,,,Y,Y,Y,A,07,0,1,0,0,0,0,0,0,0,"- ","- ",34.418258666992188,-118.43826293945312,"LOS ANGELES","SANTA CLARITA",-118.43830108642578,34.418350219726562
91440815,2021,2021-04-01,9565,2021-03-22,0200,022576,,1,3,5,1928,0,1,1,,2,060,"I-405 S/B (SAN DIEGO FREEWAY)","MARINE AVE",950.00,N,N,A,-,Y,,,405,,,,,,S,Y,2,0,2,2,A,-,01,23152,A,N,C,C,A,A,H,-,D,D,0,,,,,Y,Y,A,01,1,0,1,0,0,0,0,0,0,"- ","- ",33.896671295166016,-118.36921691894531,"LOS ANGELES",HAWTHORNE,-118.36922454833984,33.89666748046875
9144142,2020,2020-10-22,1942,2020-08-14,2204,43226,1023,5,5,7,1942,0,0,0,J,0,10A21,"CANBY AV","SHERMAN WY",0.00,,Y,A,-,N,,,,,,,,,,Y,4,0,2,2,A,-,12,21453,A,N,D,C,A,A,H,-,C,A,0,,,,,Y,Y,A,01,0,0,2,0,0,0,0,0,0,"- ","- ",,,"LOS ANGELES","LOS ANGELES",-118.53478240966797,34.201179504394531
91441610,2021,2021-04-02,9550,2021-03-27,0042,021578,,6,3,5,1976,0,1,1,,2,650,"I-605 N/B FROM W/B WHITTIER BLVD.","WHITTIER BLVD.",15.00,N,N,A,-,Y,,,605,,,,R,,N,Y,3,0,1,1,A,-,01,23152,A,N,E,I,A,A,H,-,C,D,0,,,,,Y,Y,D,22,0,1,0,0,0,0,0,0,0,"- ","- ",33.99420166015625,-118.07021331787109,"LOS ANGELES",WHITTIER,-118.07021331787109,33.99420166015625
91443778,2021,2021-04-06,9545,2021-03-29,0418,021642,,1,3,6,1950,0,1,3,,2,021,"SR-14 S/B","AVENUE Q",490.00,N,N,A,-,Y,,,14,,,,,,S,Y,4,0,1,1,A,-,01,23152,A,N,E,I,A,A,H,-,D,D,0,,,,,Y,Y,A,07,0,0,1,0,0,0,0,0,0,"- ","- ",34.58905029296875,-118.13408660888672,"LOS ANGELES",PALMDALE,-118.13404846191406,34.58905029296875
9144456,2020,2020-10-15,1942,2020-08-18,1315,42369,,2,5,7,1942,0,0,0,,0,12A39,"W 78TH ST","WESTERN AV",290.00,W,N,A,-,N,,,,,,,,,,N,4,0,1,2,A,-,03,22350,,N,B,E,A,A,H,-,A,D,0,,,,,Y,Y,A,01,0,0,1,0,0,0,0,0,0,"- ","- ",,,"LOS ANGELES","LOS ANGELES",-118.30996704101562,33.969074249267578
9144467,2020,2020-10-16,1942,2020-08-11,1135,41766,12,2,5,7,1942,0,0,0,L,0,18X38W,BROADWAY,MANCHESTER,0.00,,Y,A,-,N,,,,,,,,,,N,4,0,6,3,A,-,09,21801,,F,D,C,A,A,H,-,A,A,0,,,,,Y,Y,A,01,0,0,6,0,0,0,0,0,0,"- ","- ",,,"LOS ANGELES","LOS ANGELES",-118.27828216552734,33.960079193115234
91445116,2021,2021-04-07,9590,2021-03-31,0349,021835,,3,3,7,1942,0,1,1,,2,061,"I-10 W/B (SMF) TO LA BREA AVE","LA BREA AVE",350.00,E,N,A,-,Y,,,10,,,,R,,W,Y,3,0,1,1,A,-,01,23152,A,N,E,I,A,A,H,-,D,D,0,,,,,Y,Y,A,01,0,1,0,0,0,0,0,0,0,"- ","- ",34.034919738769531,-118.34848785400391,"LOS ANGELES","LOS ANGELES",-118.34848785400391,34.034919738769531
91446050,2021,2021-04-08,9530,2021-03-30,2210,021842,,2,3,7,1941,0,1,1,,2,072,"I-710 N/B TO WILLOW ST W/B","WILLOW ST.",425.00,N,N,A,-,Y,,,710,,,,R,,N,Y,3,0,1,1,A,-,01,23152,A,N,E,I,A,A,H,-,C,D,0,,,,,Y,Y,A,01,0,1,0,0,0,0,0,0,0,"- ","- ",33.805721282958984,-118.20700073242188,"LOS ANGELES","LONG BEACH",-118.20700073242188,33.805721282958984
91446592,2021,2021-04-08,9535,2021-03-30,2145,022342,,2,2,9,1900,0,2,4,,2,022,"OLYMPIC BLVD (5000 BLOCK)","VANCOUVER AVE",190.00,W,N,A,-,N,,,,,,,,,,Y,3,0,2,2,A,-,01,23152,A,N,C,C,A,A,H,-,C,D,0,,,,,Y,Y,D,22,0,2,0,0,0,0,0,0,0,"- ","- ",34.016929626464844,-118.16168975830078,"LOS ANGELES",UNINCORPORATED,-118.16162109375,34.016944885253906
91447798,2021,2021-04-12,9540,2021-04-04,0355,021349,,7,3,9,1900,0,2,4,,2,062,"HILLCREST PARKWAY W/B","THE OLD ROAD",16.00,W,N,A,-,N,,,,,,,,,,N,3,0,1,1,A,-,01,23152,A,F,E,I,A,A,H,-,C,D,0,,,,,Y,Y,A,01,0,1,0,0,0,0,0,0,0,"- ","- ",34.470500946044922,-118.61692810058594,"LOS ANGELES",UNINCORPORATED,-118.61676025390625,34.470344543457031
91447879,2021,2021-04-12,9550,2021-04-05,0110,022403,,1,3,9,1900,0,2,4,,1,042,"COLIMA ROAD","ALLENTON AVENUE",255.00,E,N,A,-,N,,,,,,,,,,Y,4,0,1,2,A,-,01,23152,A,N,A,C,A,A,H,-,D,D,0,,,,,Y,Y,A,07,0,0,1,0,0,0,0,0,0,"- ","- ",33.980991363525391,-117.96542358398438,"LOS ANGELES",UNINCORPORATED,-117.9654541015625,33.981109619140625
91448323,2021,2021-04-12,9525,2021-04-03,2350,021931,,6,3,6,1955,0,1,1,,2,107,"I-10 W/B (SAN BERNARDINO FWY)","VIA VERDE",5280.00,E,N,A,-,Y,,,,,,,,,,Y,3,0,2,5,A,-,01,23152,A,N,C,C,A,A,D,H,C,D,0,,,,,Y,Y,A,01,0,1,1,0,0,0,0,0,0,"- ","- ",34.063831329345703,-117.82450103759766,"LOS ANGELES",POMONA,-117.82628631591797,34.064205169677734
91448354,2021,2021-04-12,9525,2021-04-04,1100,020552,,7,1,9,1900,0,3,5,,2,005,"GLENDORA MOUNTAIN RD.","GLENDORA RIDGE RD JUNCTION",7181.00,S,N,A,-,N,,,,,,,,,,Y,2,0,2,1,A,-,03,22350,,N,E,I,A,A,H,-,A,D,0,,,,,Y,Y,A,01,1,1,0,0,0,0,0,0,0,"- ","- ",34.201900482177734,-117.82382965087891,"LOS ANGELES",UNINCORPORATED,-117.79962921142578,34.213333129882812
91449125,2021,2021-04-13,9565,2021-04-04,2035,022117,,7,2,9,1900,0,3,5,,2,004,"FELTON AVE.","104TH ST.",50.00,N,N,A,-,N,,,,,,,,,,Y,3,0,1,3,A,-,01,23152,A,N,C,E,A,A,H,-,D,D,0,,,,,Y,Y,A,01,0,1,0,0,0,0,0,0,0,"- ","- ",33.942131042480469,-118.36572265625,"LOS ANGELES",UNINCORPORATED,-118.36573028564453,33.941936492919922
91449598,2021,2021-04-13,9525,2021-04-09,2310,018505,,5,3,5,1990,0,1,3,,2,574,"SR-57 N/B (ORANGE FWY)","PATHFINDER RD.",1500.00,N,N,A,-,Y,,,57,,,,,,N,Y,3,0,1,1,A,-,01,23152,A,N,E,J,A,A,D,-,D,D,0,,,,,Y,Y,A,07,0,1,0,0,0,0,0,0,0,"- ","- ",33.987590789794922,-117.84293365478516,"LOS ANGELES","DIAMOND BAR",-117.84283447265625,33.987583160400391
9144976,2020,2020-10-24,1941,2020-08-19,2316,5226,,3,5,7,1941,0,0,0,,0,,"GOLDEN SHORE","AQUARIUM WY",191.00,S,N,A,-,N,,,,,,,,,,Y,3,0,1,2,A,-,01,23152,A,N,C,E,A,A,H,-,C,D,0,,,,,Y,Y,A,,0,1,0,0,0,0,0,0,0,"- ","- ",,,"LOS ANGELES","LONG BEACH",-118.19725036621094,33.763050079345703
91450461,2021,2021-04-14,9530,2021-04-04,0215,022083,,7,3,9,1900,0,3,5,,2,002,"138TH ST. (200 BLOCK)","SAN PEDRO ST.",615.00,W,N,B,-,N,,,,,,,,,,Y,3,0,1,3,A,-,01,23152,A,N,C,E,A,A,H,-,C,D,0,,,,,Y,Y,A,01,0,1,0,0,0,0,0,0,0,"- ","- ",33.906711578369141,-118.27046966552734,"LOS ANGELES",UNINCORPORATED,-118.27169036865234,33.906684875488281
91451033,2021,2021-04-15,9580,2021-04-11,0307,021167,,7,3,7,1942,0,1,1,,2,406,"I-405 N/B (SAN DIEGO FWY)","PARTHENIA ST",750.00,S,N,A,-,Y,,,405,,,,,,N,Y,4,0,1,2,A,-,03,22350,,N,B,C,A,A,H,-,C,D,0,,,,,Y,Y,A,01,0,0,1,0,0,0,0,0,0,"- ","- ",34.226081848144531,-118.47296142578125,"LOS ANGELES","LOS ANGELES",-118.47303771972656,34.226081848144531
91452115,2020,2021-04-16,9575,2020-12-27,0110,022582,,7,3,7,1942,0,1,3,,2,070,"SR-118 E/B (RONALD REAGAN FREEWAY)","SAN FERNANDO ROAD",1450.00,W,N,A,-,Y,,,118,,,,,,E,Y,3,0,1,2,A,-,07,21658,A,M,B,C,A,A,H,-,C,D,0,,,,,Y,Y,A,01,0,1,0,0,0,0,0,0,0,"- ","- ",34.269660949707031,-118.43238067626953,"LOS ANGELES","LOS ANGELES",-118.43241882324219,34.26971435546875
91453404,2021,2021-04-19,9535,2021-04-15,0426,022248,,4,3,5,1901,0,1,1,,2,420,"I-10 E/B (SAN BERNARDINO FREEWAY)","WARWICK PEDESTRIAN OVERCROSSING",530.00,W,N,A,-,Y,,,10,,,,,,E,Y,3,0,3,2,A,-,01,23152,A,N,C,C,A,A,H,-,C,D,0,,,,,Y,Y,A,01,0,1,2,0,0,0,0,0,0,"- ","- ",34.063961029052734,-118.15933227539062,"LOS ANGELES",ALHAMBRA,-118.15929412841797,34.063888549804688
91454437,2021,2021-04-20,9590,2021-04-14,0035,022281,,3,3,7,1942,0,1,1,,2,052,"I-110 N/B (HARBOR FREEWAY)","1ST ST",490.00,N,N,A,-,Y,,,110,,,,,,N,N,3,0,1,2,A,-,01,23152,G,M,C,C,A,A,H,-,C,D,0,,,,,Y,Y,A,01,0,1,0,0,0,0,0,0,0,"- ","- ",34.059688568115234,-118.25221252441406,"LOS ANGELES","LOS ANGELES",-118.25218963623047,34.059661865234375
91455584,2021,2021-04-21,9525,2021-04-16,1750,019491,,5,2,9,1900,0,3,5,,2,002,"GLADSTONE STREET","BARRANCA AVENUE",0.00,,Y,A,-,N,,,,,,,,,,Y,2,0,3,2,A,-,01,23152,A,F,D,C,A,A,H,-,A,A,0,,,,,Y,Y,A,01,2,1,0,0,0,0,0,0,0,"- ","- ",34.114021301269531,-117.88155364990234,"LOS ANGELES",UNINCORPORATED,-117.88146209716797,34.114067077636719
91456929,2021,2021-04-23,9530,2021-04-14,0127,022292,,3,3,7,1941,0,1,1,,2,071,"I-710 N/B (LONG BEACH FREEWAY)",SR-91,1000.00,S,N,A,-,Y,,,710,,,,,,N,Y,3,0,1,1,A,-,01,23152,A,N,F,A,A,A,H,-,D,D,0,,,,,Y,Y,A,07,0,1,0,0,0,0,0,0,0,"- ","- ",33.871231079101562,-118.19412994384766,"LOS ANGELES","LONG BEACH",-118.19414520263672,33.871238708496094
91456995,2021,2021-04-23,9580,2021-04-18,0100,022158,,7,3,7,1942,0,1,2,,2,103,"US-101 S/B (VENTURA FREEWAY)","SEPULVEDA BLVD",300.00,N,N,A,-,Y,,,101,,,,,,S,N,3,0,1,2,A,-,01,23152,A,N,B,C,A,A,H,-,C,D,0,,,,,Y,Y,A,01,0,1,0,0,0,0,0,0,0,"- ","- ",34.159339904785156,-118.46726989746094,"LOS ANGELES","LOS ANGELES",-118.46726989746094,34.159336090087891
91457560,2021,2021-04-26,9550,2021-04-14,0200,021876,,3,3,9,1900,0,1,1,,2,650,"I-605 NB","BEVERLY BOULEVARD",740.00,S,N,A,-,Y,,,605,,,,,,N,Y,4,0,2,2,A,-,07,21658,A,N,C,C,A,A,H,-,D,D,0,,,,,Y,Y,A,01,0,0,2,0,0,0,0,0,0,"- ","- ",34.002769470214844,-118.06555938720703,"LOS ANGELES",UNINCORPORATED,-118.06558227539062,34.002796173095703
91457805,2021,2021-04-26,9545,2021-04-14,0110,021851,,3,3,9,1900,0,1,3,,2,011,"SR-14 S/B","AVENUE E O/C",25.00,N,N,A,G,Y,,,14,,,,,,S,Y,3,0,1,1,A,-,01,23152,A,N,E,I,A,A,H,-,D,D,0,,,,,Y,Y,A,07,0,1,0,0,0,0,0,0,0,"- ","- ",34.762161254882812,-118.17063903808594,"LOS ANGELES",UNINCORPORATED,-118.17073822021484,34.762161254882812
91457923,2021,2021-04-26,9590,2021-04-04,2215,022417,,7,3,7,1942,0,1,2,,2,073,"US-101 S/B (HOLLYWOOD FREEWAY)","UNIVERSAL STUDIOS BLVD",300.00,N,N,A,-,Y,,,101,,,,,,S,Y,3,0,1,1,A,-,01,23152,A,N,E,I,A,A,H,-,A,D,0,,,,,Y,Y,A,01,0,1,0,0,0,0,0,0,0,"- ","- ",34.131649017333984,-118.35012817382812,"LOS ANGELES","LOS ANGELES",-118.35013580322266,34.131645202636719
91463720,2021,2021-05-03,9525,2021-04-28,2339,020687,,3,3,4,1913,0,1,1,,2,110,"I-10 E/B (SAN BERNARDINO FWY)","INDIAN HILL BLVD",980.00,E,N,A,-,Y,,,10,,,,,,E,Y,2,0,1,1,A,-,01,23152,A,N,E,I,A,A,D,-,C,D,0,,,,,Y,Y,A,01,1,0,0,0,0,0,0,0,0,"- ","- ",34.081710815429688,-117.71571350097656,"LOS ANGELES",CLAREMONT,-117.71571350097656,34.081714630126953
91467741,2021,2021-05-07,9580,2021-04-30,1620,021522,,5,2,7,1942,0,1,3,,2,116,"SR-118 E/B (RONALD REAGAN FWY.)","RUFFNER AVE",150.00,W,N,A,-,Y,,,118,,,,,,E,N,4,0,1,2,A,-,01,23152,A,N,C,C,A,A,H,-,A,D,0,,,,,Y,Y,D,22,0,0,1,0,0,0,0,0,0,"- ","- ",34.276451110839844,-118.49607086181641,"LOS ANGELES","LOS ANGELES",-118.49604797363281,34.276500701904297
91468501,2021,2021-05-10,9550,2021-04-25,2355,020795,,7,3,4,1936,0,1,1,,2,501,"INTERSTATE 5 NB","VALLEY VIEW AVENUE",100.00,S,N,A,-,Y,,,5,,,,,,N,Y,3,0,1,1,A,-,08,22107,,N,E,I,A,A,H,-,D,D,0,,,,,Y,Y,A,01,0,1,0,0,0,0,0,0,0,"- ","- ",33.884128570556641,-118.02881622314453,"LOS ANGELES","LA MIRADA",-118.02882385253906,33.884124755859375
91468520,2021,2021-05-10,9575,2021-05-02,0235,022435,,7,3,7,1942,0,1,1,,2,061,"I-210 W/B (FOOTHILL FREEWAY)","WENTWORTH ST",195.00,W,N,A,-,Y,,,210,,,,,,W,Y,3,0,1,1,A,-,01,23152,A,N,E,I,A,A,H,-,C,D,0,,,,,Y,Y,A,01,0,1,0,0,0,0,0,0,0,"- ","- ",34.264610290527344,-118.33451080322266,"LOS ANGELES","LOS ANGELES",-118.33443450927734,34.264686584472656
91468898,2021,2021-05-10,9580,2021-05-04,2230,021491,,2,3,7,1942,0,1,3,,2,171,"SR-170 S/B (HOLLYWOOD FWY.)","SHERMAN WAY",1056.00,S,N,A,-,Y,,,170,,,,,,S,Y,3,0,4,7,A,-,01,23152,A,N,C,C,A,A,H,-,C,D,0,,,,,Y,Y,D,22,0,1,3,0,0,0,0,0,0,"- ","- ",34.198879241943359,-118.40323638916016,"LOS ANGELES","LOS ANGELES",-118.40322875976562,34.198883056640625
9146902,2020,2020-09-12,1941,2020-06-30,1147,6296,,2,5,7,1941,0,0,0,,0,,"49TH ST","E LONG BEACH BL",146.00,E,N,A,-,N,,,,,,,,,,Y,4,0,1,2,A,-,01,23152,,N,B,E,A,A,H,-,A,D,0,,,,,Y,Y,A,,0,0,1,0,0,0,0,0,0,"- ","- ",,,"LOS ANGELES","LONG BEACH",-118.19270324707031,33.844913482666016
91469387,2021,2021-05-10,9525,2021-05-07,0015,022009,,5,3,9,1900,0,3,5,,2,002,"CLYDEBANK AVE (5000 BLOCK)","GLADSTONE ST.",386.00,S,N,A,-,N,,,,,,,,,,Y,3,0,1,3,A,-,01,23152,A,N,B,E,A,A,H,-,C,D,0,,,,,Y,Y,A,01,0,1,0,0,0,0,0,0,0,"- ","- ",34.113178253173828,-117.92080688476562,"LOS ANGELES",UNINCORPORATED,-117.92080688476562,34.113262176513672
9147119,2020,2020-10-15,1900,2020-08-22,1930,489533,0451,6,5,6,1949,0,0,0,,0,45T1,"FIRESTONE BL","ORR AND DAY RD",73.00,E,N,A,-,N,,,,,,,,,,Y,4,0,2,3,A,-,01,23152,A,M,C,C,A,A,H,-,B,D,0,,,,,Y,Y,A,01,0,0,2,0,0,0,0,0,0,"- ","- ",,,"LOS ANGELES",NORWALK,-118.09108734130859,33.917610168457031
9147179,2020,2020-11-12,1928,2020-08-21,1828,50416,530,5,5,5,1928,0,0,0,,0,501,"IMPERIAL HWY","BURIN AV",0.00,,Y,A,-,N,,,,,,,,,,Y,4,0,2,2,A,-,09,21802,A,N,D,C,A,A,H,-,B,A,0,,,,,Y,Y,A,01,0,0,2,0,0,0,0,0,0,"- ","- ",33.930938720703125,-118.35379028320312,"LOS ANGELES",HAWTHORNE,-118.35379028320312,33.930938720703125
91474334,2021,2021-05-17,9530,2021-05-05,2210,021465,,3,3,9,1900,0,3,5,,2,006,"NORMANDIE AVE. (23300 BLOCK)","SEPULVEDA BLVD.",75.00,N,N,A,-,N,,,,,,,,,,Y,3,0,3,2,A,-,01,23152,A,N,A,C,A,A,H,-,C,D,0,,,,,Y,Y,A,01,0,1,2,0,0,0,0,0,0,"- ","- ",33.813369750976562,-118.29821014404297,"LOS ANGELES",UNINCORPORATED,-118.29820251464844,33.813236236572266
91475096,2021,2021-05-18,9545,2021-05-05,1751,020749,,3,2,9,1900,0,3,5,,2,004,"AVENUE T","LONGVIEW ROAD",1057.00,E,N,A,-,N,,,,,,,,,,Y,2,0,1,1,A,-,01,23152,A,N,F,A,A,A,H,-,A,D,0,,,,,Y,Y,A,01,1,0,0,0,0,0,0,0,0,"- ","- ",34.542709350585938,-117.88719940185547,"LOS ANGELES",UNINCORPORATED,-117.88655853271484,34.542762756347656
91476031,2021,2021-05-18,9535,2021-03-21,0005,022335,,7,3,4,1907,0,1,1,,2,073,"I-710 (LONG BEACH FREEWAY) S/B","CLARA STREET",940.00,S,N,A,-,Y,,,,,,,,,,Y,4,0,1,2,A,-,01,23152,A,N,B,E,A,A,H,-,D,D,0,,,,,Y,Y,D,22,0,0,1,0,0,0,0,0,0,"- ","- ",33.961029052734375,-118.17021179199219,"LOS ANGELES",BELL,-118.16963958740234,33.963470458984375
91478117,2021,2021-05-20,9565,2021-05-10,2101,021648,,1,2,7,1942,0,1,1,,2,063,"I-405 S/B","SANTA MONICA BLVD",80.00,S,N,A,-,Y,,,405,,,,,,S,Y,3,0,1,1,A,-,01,23152,A,N,F,A,A,A,H,-,D,D,0,,,Y,,Y,Y,C,02,0,1,0,0,0,0,0,0,1,"- ","- ",34.046730041503906,-118.44654083251953,"LOS ANGELES","LOS ANGELES",-118.44658660888672,34.04669189453125
91480429,2021,2021-05-27,9525,2021-05-12,1840,022546,,3,2,3,1921,0,1,1,,2,201,"I-210 W/B (FOOTHILL FWY)","BUENA VISTA ST.",1200.00,E,N,A,-,Y,,,210,,,,,,W,Y,4,0,1,1,A,-,01,23152,A,N,E,I,A,A,H,-,A,D,0,,,,,Y,Y,A,07,0,0,1,0,0,0,0,0,0,"- ","- ",34.135601043701172,-117.97348022460938,"LOS ANGELES",DUARTE,-117.97348022460938,34.135574340820312
91480463,2021,2021-05-28,9525,2021-05-23,1145,020552,,7,1,4,1913,0,1,1,,2,209,"SR-210 W/B TO BASELINE RD","BASELINE RD.",20.00,N,N,A,-,Y,,,210,,,,R,,W,Y,4,0,2,3,A,-,01,23153,A,F,E,I,A,A,H,-,A,A,0,,,,,Y,Y,D,22,0,0,2,0,0,0,0,0,0,"- ","- ",34.121639251708984,-117.69477844238281,"LOS ANGELES",CLAREMONT,-117.69477844238281,34.121639251708984
91480981,2021,2021-05-27,9535,2021-05-14,2345,022285,,5,3,9,1900,0,2,4,,2,018,"BEVERLY BLVD.","MARGARET AVE",0.00,,Y,A,-,N,,,,,,,,,,Y,4,0,1,2,A,-,01,23152,G,N,D,C,A,A,H,-,C,A,0,,,,,Y,Y,A,07,0,0,1,0,0,0,0,0,0,"- ","- ",34.029628753662109,-118.14949035644531,"LOS ANGELES",UNINCORPORATED,-118.14951324462891,34.029621124267578
91481212,2021,2021-05-27,9535,2021-05-15,2140,022335,,6,2,9,1900,0,3,5,,2,002,"FAIRFIELD STREET","HANOVER AVENUE",0.00,,Y,A,-,N,,,,,,,,,,Y,3,0,1,2,A,-,01,23152,A,N,D,E,A,A,H,-,C,A,0,,,,,Y,Y,A,01,0,1,0,0,0,0,0,0,0,"- ","- ",34.01177978515625,-118.13839721679688,"LOS ANGELES",UNINCORPORATED,-118.13848114013672,34.011783599853516
91483373,2021,2021-06-11,9525,2021-05-16,1710,021779,,7,2,9,1900,0,1,3,,1,024,"SR-39 (SAN GABRIEL CANYON RD.)","VAN ORNUM CANYON",2112.00,N,N,B,-,Y,,,39,,,,,,,Y,3,0,1,2,A,-,01,23152,A,N,E,I,A,A,H,-,A,D,0,,,,,Y,Y,A,01,0,1,0,0,0,0,0,0,0,"- ","- ",34.193279266357422,-117.86534118652344,"LOS ANGELES",UNINCORPORATED,-117.86528015136719,34.193191528320312