CASE_ID,ACCIDENT_YEAR,PROC_DATE,JURIS,COLLISION_DATE,COLLISION_TIME,OFFICER_ID,REPORTING_DISTRICT,DAY_OF_WEEK,CHP_SHIFT,POPULATION,CNTY_CITY_LOC,SPECIAL_COND,BEAT_TYPE,CHP_BEAT_TYPE,CITY_DIVISION_LAPD,CHP_BEAT_CLASS,BEAT_NUMBER,PRIMARY_RD,SECONDARY_RD,DISTANCE,DIRECTION,INTERSECTION,WEATHER_1,WEATHER_2,STATE_HWY_IND,CALTRANS_COUNTY,CALTRANS_DISTRICT,STATE_ROUTE,ROUTE_SUFFIX,POSTMILE_PREFIX,POSTMILE,LOCATION_TYPE,RAMP_INTERSECTION,SIDE_OF_HWY,TOW_AWAY,COLLISION_SEVERITY,NUMBER_KILLED,NUMBER_INJURED,PARTY_COUNT,PRIMARY_COLL_FACTOR,PCF_CODE_OF_VIOL,PCF_VIOL_CATEGORY,PCF_VIOLATION,PCF_VIOL_SUBSECTION,HIT_AND_RUN,TYPE_OF_COLLISION,MVIW,PED_ACTION,ROAD_SURFACE,ROAD_COND_1,ROAD_COND_2,LIGHTING,CONTROL_DEVICE,CHP_ROAD_TYPE,PEDESTRIAN_ACCIDENT,BICYCLE_ACCIDENT,MOTORCYCLE_ACCIDENT,TRUCK_ACCIDENT,NOT_PRIVATE_PROPERTY,ALCOHOL_INVOLVED,STWD_VEHTYPE_AT_FAULT,CHP_VEHTYPE_AT_FAULT,COUNT_SEVERE_INJ,COUNT_VISIBLE_INJ,COUNT_COMPLAINT_PAIN,COUNT_PED_KILLED,COUNT_PED_INJURED,COUNT_BICYCLIST_KILLED,COUNT_BICYCLIST_INJURED,COUNT_MC_KILLED,COUNT_MC_INJURED,PRIMARY_RAMP,SECONDARY_RAMP,LATITUDE,LONGITUDE,COUNTY,CITY,POINT_X,POINT_Y
91535412,2021,2021-08-03,9545,2021-07-18,2330,022130,,7,3,9,1900,0,3,5,,2,002,"GODDE HILL RD","ELIZABETH LAKE RD",12883.00,N,N,B,-,N,,,,,,,,,,Y,2,0,1,1,A,-,01,23152,A,N,F,A,A,A,H,-,D,D,0,,,Y,,Y,Y,C,02,1,0,0,0,0,0,0,0,1,"- ","- ",34.609928131103516,-118.24870300292969,"LOS ANGELES",UNINCORPORATED,-118.23351287841797,34.621086120605469
91537739,2021,2021-08-05,9535,2021-07-18,0330,022234,,7,3,5,1969,0,1,1,,2,075,"I-710 (LONG BEACH FREEWAY) S/B","FILESTONE BLVD",300.00,N,N,A,-,Y,,,,,,,,,,Y,2,0,2,3,A,-,01,23152,A,N,C,C,A,A,H,-,D,D,0,,,,,Y,Y,A,01,1,1,0,0,0,0,0,0,0,"- ","- ",33.959209442138672,-118.17043304443359,"LOS ANGELES","SOUTH GATE",-118.17057037353516,33.949901580810547
91540425,2021,2021-08-09,9525,2021-07-30,2151,015988,,5,2,6,1955,0,1,1,,2,109,"I-10 W/B (SAN BERNARDINO FWY)","WHITE AVE.",50.00,W,N,A,-,Y,,,10,,,,,,W,Y,2,0,2,3,A,-,01,23152,A,N,C,C,A,A,H,-,D,A,0,,,,,Y,Y,A,01,1,1,0,0,0,0,0,0,0,"- ","- ",34.071250915527344,-117.75966644287109,"LOS ANGELES",POMONA,-117.75966644287109,34.071224212646484
91540453,2021,2021-08-09,9525,2021-08-01,0220,021838,,7,3,6,1975,0,1,1,,2,105,"I-10 W/B (SAN BERNARDINO FREEWAY)","N LARK ELLEN AVE",450.00,E,N,A,-,Y,,,10,,,,,,W,Y,3,0,2,2,A,-,01,23152,A,N,C,C,A,A,D,-,D,D,0,,,,,Y,Y,A,01,0,2,0,0,0,0,0,0,0,"- ","- ",34.072360992431641,-117.91497039794922,"LOS ANGELES","WEST COVINA",-117.91497039794922,34.072299957275391
9154072,2020,2020-11-12,1924,2020-08-16,1752,80349,12,7,5,5,1924,0,0,0,,0,001,"135TH PL","DAPHINE AV",43.00,E,N,A,-,N,,,,,,,,,,Y,2,0,2,1,A,-,08,22107,,N,E,I,A,A,H,-,A,D,0,,,,,Y,Y,A,01,1,1,0,0,0,0,0,0,0,"- ","- ",,,"LOS ANGELES",GARDENA,-118.31965637207031,33.909210205078125
91544139,2021,2021-08-13,9565,2021-08-01,1835,019696,,7,2,7,1942,0,1,1,,2,062,"I-405 N/B","VENICE BLVD",250.00,N,N,A,-,Y,,,405,,,,,,N,Y,4,0,2,3,A,-,01,23152,A,N,C,C,A,A,H,-,A,D,0,,,,,Y,Y,A,01,0,0,2,0,0,0,0,0,0,"- ","- ",34.013031005859375,-118.41873168945312,"LOS ANGELES","LOS ANGELES",-118.41888427734375,34.012908935546875
91544570,2021,2021-08-13,9525,2021-08-07,0415,021393,,6,3,5,1990,0,1,3,,2,603,"SR-60 W/B (POMONA FWY)","GOLDEN SPRINGS DRIVE",600.00,W,N,A,-,Y,,,60,,,,,,W,Y,3,0,1,2,A,-,01,23152,A,N,C,C,A,A,H,-,D,D,0,,,,,Y,Y,A,01,0,1,0,0,0,0,0,0,0,"- ","- ",34.027851104736328,-117.7978515625,"LOS ANGELES","DIAMOND BAR",-117.79784393310547,34.02777099609375
91544761,2021,2022-04-21,9525,2021-06-21,2355,015988,,1,3,4,1960,0,1,3,,2,572,"STATE ROUTE 57 N/B (ORANGE FREEWAY)","SAN DIMAS AVENUE",2613.00,S,N,A,-,Y,,,57,,,,,,N,Y,1,1,1,1,A,-,01,23152,A,N,E,8,A,A,H,-,D,D,0,,,,,Y,Y,D,22,0,1,0,0,0,0,0,0,0,"- ","- ",34.085559844970703,-117.81928253173828,"LOS ANGELES","SAN DIMAS",-117.81935882568359,34.085548400878906
91545276,2021,2021-08-16,9565,2021-08-08,1806,022576,,7,2,9,1900,0,2,4,,2,043,"INGLEWOOD AVE","LENNOX BLVD",345.00,S,N,A,-,N,,,,,,,,,,Y,2,0,3,4,A,-,01,23152,A,N,G,B,F,A,H,-,A,D,0,Y,,,,Y,Y,A,01,1,1,1,0,3,0,0,0,0,"- ","- ",33.937179565429688,-118.36145782470703,"LOS ANGELES",UNINCORPORATED,-118.36134338378906,33.937213897705078
91547674,2021,2021-08-18,9580,2021-08-08,0150,022573,,7,3,7,1942,0,1,3,,2,114,"SR-118 E/B (RONALD REAGAN FWY) TO LAUREL CANYON BL","LAUREL CANYON BOULEVARD",739.00,W,N,A,-,Y,,,118,,,,R,,E,N,3,0,3,2,A,-,01,23152,A,N,C,C,A,A,H,-,D,D,0,,,,,Y,Y,A,01,0,3,0,0,0,0,0,0,0,"- ","- ",34.266429901123047,-118.44317626953125,"LOS ANGELES","LOS ANGELES",-118.44317626953125,34.266429901123047
91548450,2021,2021-08-18,9550,2021-07-03,2012,022587,,6,2,7,1941,0,1,3,,2,091,"STATE ROUTE-91 EASTBOUND","PARAMOUNT BOULEVARD",1300.00,W,N,A,-,Y,,,91,,,,,,E,Y,4,0,4,4,A,-,08,22107,,N,C,C,A,A,H,-,B,D,0,,,,,Y,Y,A,01,0,0,4,0,0,0,0,0,0,"- ","- ",33.875999450683594,-118.16957855224609,"LOS ANGELES","LONG BEACH",-118.16954803466797,33.876186370849609
91548783,2021,2021-08-19,9590,2021-07-28,0154,021346,,3,3,7,1942,0,1,1,,2,064,"I-10 E/B (SANTA MONICA FREEWAY)","LOS ANGELES RIVER",500.00,W,N,A,-,Y,,,10,,,,,,E,Y,2,0,4,4,C,-,18,,,N,G,I,E,A,H,-,C,D,0,Y,,,,Y,Y,-,"- ",2,0,2,0,1,0,0,0,0,"- ","- ",34.028720855712891,-118.22798156738281,"LOS ANGELES","LOS ANGELES",-118.22798156738281,34.028736114501953
9155013,2020,2020-11-04,1972,2020-08-16,2341,21946,,7,5,6,1972,0,0,0,,0,,"SEPULVEDA BL","WESTERN BL",20.00,W,N,A,-,N,,,,,,,,,,Y,3,0,1,1,A,-,01,23152,A,N,E,I,A,A,H,-,C,A,0,,,,,Y,Y,A,,0,1,0,0,0,0,0,0,0,"- ","- ",,,"LOS ANGELES",TORRANCE,-118.30899047851562,33.816993713378906
91550840,2021,2021-08-23,9575,2021-08-11,0036,022110,,3,3,9,1900,0,2,4,,2,029,"MENDOCINO STREET (BLOCK 1800)","MORSLAY ROAD (BLOCK 2300)",0.00,,Y,A,-,N,,,,,,,,,,Y,3,0,1,1,A,-,01,23152,A,N,E,I,A,A,H,-,C,A,0,,,,,Y,Y,A,01,0,1,0,0,0,0,0,0,0,"- ","- ",34.185859680175781,-118.11316680908203,"LOS ANGELES",UNINCORPORATED,-118.11301422119141,34.185886383056641
91551028,2021,2021-08-26,9580,2021-08-12,0555,022663,,4,3,7,1942,0,1,2,,2,104,"US-101 N/B (VENTURA FREEWAY)","RESEDA BLVD",1056.00,S,N,A,-,Y,,,101,,,,,,N,Y,4,0,2,5,A,-,01,23152,A,N,B,2,A,A,H,-,B,B,0,,,,,Y,Y,A,01,0,0,2,0,0,0,0,0,0,"- ","- ",34.171981811523438,-118.53188323974609,"LOS ANGELES","LOS ANGELES",-118.53187561035156,34.171985626220703
91551588,2021,2021-08-23,9530,2021-06-24,0235,020548,,4,3,6,1972,0,1,1,,2,400,"I-405 S/B (SAN DIEGO FREEWAY)","182ND ST.",260.00,N,N,A,-,Y,,,405,,,,,,S,Y,3,0,1,2,A,-,01,23152,A,N,C,E,A,A,H,-,D,D,0,,,,,Y,Y,A,08,0,1,0,0,0,0,0,0,0,"- ","- ",33.866569519042969,-118.33377075195312,"LOS ANGELES",TORRANCE,-118.33374786376953,33.866649627685547
9155181,2020,2021-01-25,1942,2020-09-06,2050,42309,1985,7,5,7,1942,0,0,0,,0,19A93,"VAN NUYS BL","ROSCOE BL",100.00,N,N,B,-,N,,,,,,,,,,Y,4,0,5,2,A,-,01,23152,A,F,C,C,A,A,H,-,C,A,0,,,,,Y,Y,A,01,0,0,5,0,0,0,0,0,0,"- ","- ",,,"LOS ANGELES","LOS ANGELES",-118.44876861572266,34.221805572509766
9155186,2020,2021-01-25,1941,2020-09-01,0140,11222,,2,5,7,1941,0,0,0,,0,901T,"PACIFIC COAST HWY","MYRTLE AV",116.00,,N,A,-,N,,,,,,,,,,Y,3,0,1,2,A,-,03,22350,,N,B,E,A,A,H,-,C,D,0,,,,,Y,Y,A,,0,1,0,0,0,0,0,0,0,"- ","- ",,,"LOS ANGELES","LONG BEACH",-118.18179321289062,33.789871215820312
9155192,2020,2021-01-25,1941,2020-09-13,1713,11511,,7,5,7,1941,0,0,0,,0,901T,"ALAMITOS AV","1 ST ST",0.00,,Y,A,-,N,,,,,,,,,,Y,4,0,2,2,A,-,01,23153,B,N,A,C,A,A,H,-,B,A,0,,,,,Y,Y,A,,0,0,2,0,0,0,0,0,0,"- ","- ",,,"LOS ANGELES","LONG BEACH",-118.18258666992188,33.767520904541016
9155225,2020,2020-11-04,1942,2020-09-01,1925,40065,1514,2,5,7,1942,0,0,0,O,0,15A3,"VANOWEN ST","BEN AV",0.00,,Y,A,-,N,,,,,,,,,,N,4,0,1,2,A,-,17,22517,,F,B,C,A,A,H,-,C,D,0,,,,,Y,Y,-,99,0,0,1,0,0,0,0,0,0,"- ","- ",,,"LOS ANGELES","LOS ANGELES",-118.39431762695312,34.193950653076172
91552483,2021,2021-08-24,9580,2021-08-15,0120,022492,,7,3,7,1942,0,1,3,,2,116,"SR-118 E/B (RONALD REAGAN FWY.)","HASKELL AVE",560.00,W,N,A,-,Y,,,118,,,,,,E,N,4,0,1,1,A,-,07,21658,A,N,E,8,A,A,H,-,C,D,0,,,,,Y,Y,A,01,0,0,1,0,0,0,0,0,0,"- ","- ",34.26580810546875,-118.47805023193359,"LOS ANGELES","LOS ANGELES",-118.47805023193359,34.265918731689453
9155515,2020,2020-10-20,1942,2020-08-21,0130,44040,1775,5,5,7,1942,0,0,0,Q,0,17A95,"NORDHOFF ST","ENCINO AV",100.00,E,N,A,-,N,,,,,,,,,,Y,4,0,1,2,A,-,03,22350,,N,E,I,A,A,H,-,C,D,0,,,,,Y,Y,A,01,0,0,1,0,0,0,0,0,0,"- ","- ",,,"LOS ANGELES","LOS ANGELES",-118.51532745361328,34.235801696777344
9155529,2020,2020-11-05,1942,2020-09-01,0700,31392,1049,2,5,7,1942,0,0,0,J,0,10A17,"WOODLEY AV","BURBANK BL",2888.00,N,N,B,-,N,,,,,,,,,,Y,3,0,3,1,A,-,05,21651,B,N,B,I,A,A,H,-,A,D,0,,,,,Y,Y,A,01,0,2,1,0,0,0,0,0,0,"- ","- ",,,"LOS ANGELES","LOS ANGELES",-118.4803466796875,34.178398132324219
91558133,2021,2021-08-30,9580,2021-08-20,0015,021475,,5,3,7,1942,0,1,2,,2,105,"US-101 S/B (VENTURA FREEWAY)","VALLEY CIRCLE BLVD",250.00,S,N,A,-,Y,,,101,,,,,,S,N,3,0,2,2,A,-,01,23152,A,N,C,C,A,A,H,-,C,D,0,,,,,Y,Y,A,01,0,1,1,0,0,0,0,0,0,"- ","- ",34.159770965576172,-118.63651275634766,"LOS ANGELES","LOS ANGELES",-118.63648986816406,34.159709930419922
91558164,2021,2021-08-30,9575,2021-08-14,0420,022513,,6,3,6,1912,0,1,3,,2,044,"SR-134 E/B (VENTURA FREEWAY)","BUENA VISTA ST.",1214.00,E,N,A,-,Y,,,134,,,,,,E,N,4,0,1,2,A,-,01,23152,A,N,B,C,A,A,H,-,C,D,0,,,,,Y,Y,A,01,0,0,1,0,0,0,0,0,0,"- ","- ",34.154441833496094,-118.32199096679688,"LOS ANGELES",BURBANK,-118.32198333740234,34.154422760009766
91559221,2021,2021-08-31,9580,2021-08-22,2145,022550,,7,2,7,1942,0,1,1,,2,405,"I-405 S/B (SAN DIEGO FWY) TO US-101 (VENTURA FREEW","LOS ANGELES RIVER",125.00,S,N,A,-,Y,,,405,,,,R,,S,N,4,0,1,2,A,-,08,22107,,M,B,C,A,A,H,-,D,D,0,,,Y,,Y,Y,-,99,0,0,1,0,0,0,0,0,1,"- ","- ",34.163791656494141,-118.47013092041016,"LOS ANGELES","LOS ANGELES",-118.47013092041016,34.163791656494141
91559507,2021,2021-08-31,9565,2021-08-14,0425,022615,,6,3,5,1928,0,1,1,,2,010,"I-105 WESTBOUND TO I-405","INGLEWOOD AVE",220.00,E,N,A,-,Y,,,105,,,,R,,W,Y,3,0,2,1,A,-,01,23152,A,N,E,8,A,A,H,-,C,D,0,,,,,Y,Y,A,01,0,2,0,0,0,0,0,0,0,"- ","- ",33.932598114013672,-118.36020660400391,"LOS ANGELES",HAWTHORNE,-118.36020660400391,33.932598114013672
91560121,2021,2021-09-01,9545,2021-08-20,1816,019816,,5,2,9,1900,0,2,4,,1,013,"SOLEDAD CANYON RD","CROWN VALLEY ROAD",5280.00,S,N,A,-,N,,,,,,,,,,Y,3,0,1,1,A,-,01,23152,A,N,F,A,A,A,H,-,A,D,0,,,,,Y,Y,D,22,0,1,0,0,0,0,0,0,0,"- ","- ",34.452671051025391,-118.20226287841797,"LOS ANGELES",UNINCORPORATED,-118.22992706298828,34.437942504882812
91560324,2021,2021-09-01,9565,2021-08-12,0340,021786,,4,3,7,1942,0,1,1,,2,082,"I-10 E/B (SANTA MONICA FWY)","CENTINELA AVE",180.00,E,N,A,-,Y,,,10,,,,,,E,Y,3,0,1,1,A,-,01,23152,A,N,E,I,A,A,H,-,C,D,0,,,,,Y,Y,A,01,0,1,0,0,0,0,0,0,0,"- ","- ",34.027679443359375,-118.45185852050781,"LOS ANGELES","LOS ANGELES",-118.45185089111328,34.027614593505859
91562028,2021,2021-09-03,9590,2021-08-06,0238,021762,,5,3,7,1942,0,1,2,,2,073,"US-101 S/B (HOLLYWOOD FREEWAY)","HOLLYWOOD BOULEVARD",50.00,N,N,A,-,Y,,,101,,,,,,S,Y,4,0,1,2,A,-,01,23152,A,N,C,C,A,A,H,-,D,D,0,,,,,Y,Y,A,01,0,0,1,0,0,0,0,0,0,"- ","- ",34.101768493652344,-118.31678771972656,"LOS ANGELES","LOS ANGELES",-118.31678771972656,34.101772308349609
91562437,2021,2021-09-03,9525,2021-08-27,2234,021967,,5,3,6,1975,0,1,1,,2,103,"I-10 W/B (SAN BERNARDINO FWY)","PUENTE AVE",1584.00,E,N,A,-,Y,,,10,,,,,,W,N,4,0,1,2,A,-,01,23152,A,N,C,C,A,A,H,-,C,D,0,,,,,Y,Y,D,22,0,0,1,0,0,0,0,0,0,"- ","- ",34.070831298828125,-117.95706176757812,"LOS ANGELES","WEST COVINA",-117.95705413818359,34.070796966552734
9156277,2020,2020-10-23,1953,2020-08-21,2315,5595,1953,5,5,6,1953,0,0,0,,0,003,"DEL MAR BL","PARKWOOD AV",0.00,,Y,A,-,N,,,,,,,,,,Y,3,0,1,1,A,-,01,23152,A,N,E,I,A,A,H,-,C,D,0,,,,,Y,Y,A,01,0,1,0,0,0,0,0,0,0,"- ","- ",,,"LOS ANGELES",PASADENA,-118.11166381835938,34.141971588134766
91563479,2021,2021-09-06,9525,2021-08-29,0400,021967,,7,3,5,1906,0,1,1,,2,103,"I-10 W/B (SAN BERNARDINO FWY)","PUENTE AVE",1584.00,E,N,A,-,Y,,,10,,,,,,W,Y,3,0,1,5,A,-,03,22350,,N,C,C,A,A,D,-,D,A,0,,,,,Y,Y,D,22,0,1,0,0,0,0,0,0,0,"- ","- ",34.070838928222656,-117.95706176757812,"LOS ANGELES","BALDWIN PARK",-117.95705413818359,34.070796966552734
9156425,2020,2020-12-07,1941,2020-09-21,0005,11340,,1,5,7,1941,0,0,0,,0,,"LONG BEACH BL","RT 1",290.00,S,N,A,-,N,,,,,,,,,,Y,4,0,1,3,A,-,01,23152,B,N,D,E,A,A,H,-,C,D,0,,,,,Y,Y,A,,0,0,1,0,0,0,0,0,0,"- ","- ",,,"LOS ANGELES","LONG BEACH",-118.18946838378906,33.767295837402344
91564990,2021,2021-09-08,9545,2021-08-22,0202,022265,,7,3,9,1900,0,1,3,,2,021,"SR-14 N/B","AVENUE N",1800.00,S,N,A,-,Y,,,14,,,,,,N,Y,4,0,1,2,A,-,01,23152,A,N,C,C,A,A,H,-,D,D,0,,,,,Y,Y,A,01,0,0,1,0,0,0,0,0,0,"- ","- ",34.626121520996094,-118.15299987792969,"LOS ANGELES",UNINCORPORATED,-118.15303039550781,34.626117706298828
91566481,2021,2021-09-09,9525,2021-08-27,1235,014593,,5,1,5,1990,0,1,3,,2,601,"SR-60 W/B (POMONA FREEWAY)","FAIRWAY DRIVE",1584.00,E,N,A,-,Y,,,60,,,,,,W,Y,3,0,1,2,C,-,18,,,M,B,C,A,A,H,-,A,A,0,,,,,Y,Y,-,"- ",0,1,0,0,0,0,0,0,0,"- ","- ",33.997230529785156,-117.86483001708984,"LOS ANGELES","DIAMOND BAR",-117.86484527587891,33.997303009033203
91566738,2021,2021-09-09,9590,2021-08-24,0220,021823,,2,3,7,1942,0,1,1,,2,064,"I-10 E/B (SANTA MONICA FREEWAY)","LONG BEACH AVE",150.00,W,N,A,-,Y,,,10,,,,,,E,Y,3,0,1,1,A,-,01,23152,A,N,E,I,A,A,H,-,C,D,0,,,,,Y,Y,A,01,0,1,0,0,0,0,0,0,0,"- ","- ",34.023628234863281,-118.24273681640625,"LOS ANGELES","LOS ANGELES",-118.24273681640625,34.023624420166016
91568405,2021,2021-09-13,9540,2021-08-28,1900,021370,,6,2,6,1985,0,1,3,,2,147,"STATE ROUTE 14 SOUTHBOUND","SOLEDAD CANYON RD",5280.00,N,N,A,-,Y,,,14,,,,,,S,Y,3,0,1,3,A,-,01,23152,A,F,C,C,A,A,H,-,B,D,0,,,,,Y,Y,D,22,0,1,0,0,0,0,0,0,0,"- ","- ",34.434761047363281,-118.38185119628906,"LOS ANGELES","SANTA CLARITA",-118.38182830810547,34.434680938720703
91569848,2021,2021-09-14,9545,2021-08-18,0530,022679,,3,3,9,1900,0,3,5,,2,001,"120TH ST EAST","EAST AVENUE D-2",216.00,S,N,A,-,N,,,,,,,,,,Y,4,0,1,2,A,-,08,22107,,M,C,C,A,A,H,-,B,D,0,,,,Y,Y,Y,A,01,0,0,1,0,0,0,0,0,0,"- ","- ",34.773750305175781,-117.91632843017578,"LOS ANGELES",UNINCORPORATED,-117.91634368896484,34.773826599121094
9156988,2020,2021-01-20,1942,2020-09-12,2320,42469,2177,6,5,7,1942,0,0,0,,0,21A97,"OXNARD ST","KELVIN AV",615.00,E,N,A,-,N,,,,,,,,,,Y,3,0,1,5,A,-,08,22107,,N,C,E,A,A,H,-,C,D,0,,,,,Y,Y,A,07,0,1,0,0,0,0,0,0,0,"- ","- ",,,"LOS ANGELES","LOS ANGELES",-118.58125305175781,34.177978515625
91570564,2021,2021-09-15,9550,2021-09-03,2315,022139,,5,3,9,1900,0,1,1,,2,500,"INTERSTATE 5 (SANTA ANA FREEWAY)","INTERSTATE 605",500.00,N,N,A,-,Y,,,,,,,,,,Y,3,0,1,2,A,-,01,23152,A,N,B,C,A,A,H,-,D,D,0,,,,,Y,Y,A,01,0,1,0,0,0,0,0,0,0,"- ","- ",33.943538665771484,-118.09828186035156,"LOS ANGELES",UNINCORPORATED,-118.09751129150391,33.942390441894531
9157122,2020,2021-01-16,1942,2020-09-16,2135,40972,1792,3,5,7,1942,0,0,0,Q,0,10A3,"ROSCOE BL","TAMPA AV",440.00,E,N,A,-,N,,,,,,,,,,Y,4,0,1,2,A,-,01,23152,A,N,D,C,A,A,H,-,C,A,0,,,,,Y,Y,D,22,0,0,1,0,0,0,0,0,0,"- ","- ",,,"LOS ANGELES","LOS ANGELES",-118.55205535888672,34.220504760742188
91571708,2021,2021-09-16,9575,2021-08-30,0045,022469,,1,3,6,1912,0,1,1,,2,051,"I-5 S/B (GOLDEN STATE FREEWAY)","FLOWER STREET",500.00,N,N,A,-,Y,,,5,,,,,,S,Y,2,0,1,2,A,-,07,21658,A,F,H,A,A,A,H,-,D,D,0,,,,,Y,Y,-,99,1,0,0,0,0,0,0,0,0,"- ","- ",34.175449371337891,-118.30705261230469,"LOS ANGELES",BURBANK,-118.30718231201172,34.175384521484375
91572030,2021,2021-09-16,9530,2021-09-03,0125,021906,,5,3,9,1900,0,3,5,,2,006,"TORRANCE BLVD. (1100 BLOCK)","RAYMOND AVE.",45.00,E,N,A,-,N,,,,,,,,,,Y,3,0,1,5,A,-,01,23152,A,N,C,E,A,A,H,-,C,D,0,,,,,Y,Y,D,22,0,1,0,0,0,0,0,0,0,"- ","- ",33.841911315917969,-118.29602813720703,"LOS ANGELES",UNINCORPORATED,-118.29611206054688,33.84197998046875
91572439,2021,2021-09-16,9535,2021-09-09,0900,021772,,4,1,5,1948,0,1,1,,2,070,"I-710 (LONG BEACH FREEWAY) N/B","FLORAL DR.",2112.00,N,N,A,-,Y,,,710,,,,,,N,N,3,0,1,2,A,-,01,23152,G,N,E,I,A,A,H,-,A,D,0,,,,,Y,Y,A,01,0,1,0,0,0,0,0,0,0,"- ","- ",34.050258636474609,-118.16529846191406,"LOS ANGELES","MONTEREY PARK",-118.1654052734375,34.050346374511719
91573588,2021,2021-09-20,9565,2021-09-05,1623,022251,,7,2,5,1965,0,1,1,,2,081,"I-10 E/B (SANTA MONICA FREEWAY)","11TH ST",200.00,E,N,A,-,N,,,10,,,,,,E,Y,4,0,1,4,A,-,01,23152,A,N,C,C,A,A,H,-,A,D,0,,,,,Y,Y,A,01,0,0,1,0,0,0,0,0,0,"- ","- ",34.017181396484375,-118.48211669921875,"LOS ANGELES","SANTA MONICA",-118.48211669921875,34.017173767089844
91573994,2021,2021-09-20,9540,2021-08-29,2018,021370,,7,2,9,1900,0,1,3,,2,147,"STATE ROUTE 14 SOUTHBOUND","SOLEDAD CANYON RD",10560.00,N,N,A,-,Y,,,14,,,,,,S,Y,3,0,1,4,A,-,01,23152,G,M,C,2,A,A,H,-,D,D,0,,,,,Y,Y,A,07,0,1,0,0,0,0,0,0,0,"- ","- ",34.447299957275391,-118.35941314697266,"LOS ANGELES",UNINCORPORATED,-118.35944366455078,34.447368621826172
91574992,2021,2021-09-21,9525,2021-09-11,0115,022607,,6,3,5,1990,0,1,3,,2,604,"SR-60 E/B (POMONA FWY)","DIAMOND BAR BLVD.",3168.00,E,N,A,-,Y,,,60,,,,,,E,Y,3,0,2,3,A,-,03,22350,,N,C,C,A,A,H,-,D,D,0,,,,,Y,Y,A,08,0,1,1,0,0,0,0,0,0,"- ","- ",34.026840209960938,-117.80152893066406,"LOS ANGELES","DIAMOND BAR",-117.80152893066406,34.026844024658203
91575160,2021,2021-09-21,9530,2021-07-31,1945,021709,,6,2,7,1941,0,1,1,,2,430,"I-405 N/B TO LAKEWOOD BLVD","WILLOW ST.",250.00,S,N,A,-,Y,,,405,,,,R,,N,Y,3,0,3,3,A,-,01,23152,A,N,B,C,A,A,H,-,B,D,0,,,,,Y,Y,A,01,0,1,2,0,0,0,0,0,0,"- ","- ",33.803260803222656,-118.13694763183594,"LOS ANGELES","LONG BEACH",-118.13694763183594,33.803260803222656
91575769,2021,2021-09-21,9545,2021-08-29,1838,021819,,7,2,9,1900,0,3,5,,2,004,"AVENUE T","82ND STREET EAST",37.00,W,N,A,-,N,,,,,,,,,,Y,2,0,1,2,A,-,01,23152,A,F,C,C,A,A,H,-,A,D,0,,,Y,,Y,Y,A,07,1,0,0,0,0,0,0,0,1,"- ","- ",34.542850494384766,-117.98397827148438,"LOS ANGELES",UNINCORPORATED,-117.98389434814453,34.542869567871094
91576457,2021,2021-09-22,9530,2021-09-10,0030,022669,,5,3,7,1942,0,1,1,,2,200,"I-105 E/B (GLENN ANDERSON FWY)","CENTRAL AVE.",800.00,W,N,A,-,Y,,,105,,,,,,E,Y,2,0,1,1,A,-,01,23152,A,N,F,J,A,A,H,-,D,D,0,,,,,Y,Y,D,22,1,0,0,0,0,0,0,0,0,"- ","- ",33.927268981933594,-118.25691986083984,"LOS ANGELES","LOS ANGELES",-118.2569580078125,33.927570343017578
91576563,2021,2021-09-22,9575,2021-08-15,0010,021925,,7,3,9,1900,0,3,5,,2,008,"COLORADO BOULEVARD (3700 BLOCK)","ROSEMEAD BOULEVARD",72.00,E,N,A,-,N,,,,,,,,,,N,4,0,1,2,A,-,01,23152,A,M,B,C,A,A,H,-,C,A,0,,,,,Y,Y,A,01,0,0,1,0,0,0,0,0,0,"- ","- ",34.146358489990234,-118.07298278808594,"LOS ANGELES",UNINCORPORATED,-118.07307434082031,34.146224975585938
9157695,2020,2020-12-01,1948,2020-09-28,1520,466,1948,1,5,5,1948,0,0,0,,0,001,"GARVEY AV","ABAJO DR",84.00,W,N,A,-,N,,,,,,,,,,Y,2,0,2,2,A,-,01,23153,A,F,B,C,A,A,H,-,A,A,0,,,,,Y,Y,A,01,2,0,0,0,0,0,0,0,0,"- ","- ",,,"LOS ANGELES","MONTEREY PARK",-118.14595031738281,34.060104370117188
91579759,2021,2021-09-27,9575,2021-09-17,1932,021403,,5,2,6,1912,0,1,1,,2,051,"I-5 S/B (GOLDEN STATE FREEWAY)","BUENA VISTA STREET",1584.00,S,N,A,-,Y,,,5,,,,,,S,Y,4,0,1,2,A,-,03,22350,,N,C,C,A,A,H,-,D,D,0,,,,,Y,Y,A,01,0,0,1,0,0,0,0,0,0,"- ","- ",34.195549011230469,-118.33326721191406,"LOS ANGELES",BURBANK,-118.33329010009766,34.195510864257812