CASE_ID,ACCIDENT_YEAR,PROC_DATE,JURIS,COLLISION_DATE,COLLISION_TIME,OFFICER_ID,REPORTING_DISTRICT,DAY_OF_WEEK,CHP_SHIFT,POPULATION,CNTY_CITY_LOC,SPECIAL_COND,BEAT_TYPE,CHP_BEAT_TYPE,CITY_DIVISION_LAPD,CHP_BEAT_CLASS,BEAT_NUMBER,PRIMARY_RD,SECONDARY_RD,DISTANCE,DIRECTION,INTERSECTION,WEATHER_1,WEATHER_2,STATE_HWY_IND,CALTRANS_COUNTY,CALTRANS_DISTRICT,STATE_ROUTE,ROUTE_SUFFIX,POSTMILE_PREFIX,POSTMILE,LOCATION_TYPE,RAMP_INTERSECTION,SIDE_OF_HWY,TOW_AWAY,COLLISION_SEVERITY,NUMBER_KILLED,NUMBER_INJURED,PARTY_COUNT,PRIMARY_COLL_FACTOR,PCF_CODE_OF_VIOL,PCF_VIOL_CATEGORY,PCF_VIOLATION,PCF_VIOL_SUBSECTION,HIT_AND_RUN,TYPE_OF_COLLISION,MVIW,PED_ACTION,ROAD_SURFACE,ROAD_COND_1,ROAD_COND_2,LIGHTING,CONTROL_DEVICE,CHP_ROAD_TYPE,PEDESTRIAN_ACCIDENT,BICYCLE_ACCIDENT,MOTORCYCLE_ACCIDENT,TRUCK_ACCIDENT,NOT_PRIVATE_PROPERTY,ALCOHOL_INVOLVED,STWD_VEHTYPE_AT_FAULT,CHP_VEHTYPE_AT_FAULT,COUNT_SEVERE_INJ,COUNT_VISIBLE_INJ,COUNT_COMPLAINT_PAIN,COUNT_PED_KILLED,COUNT_PED_INJURED,COUNT_BICYCLIST_KILLED,COUNT_BICYCLIST_INJURED,COUNT_MC_KILLED,COUNT_MC_INJURED,PRIMARY_RAMP,SECONDARY_RAMP,LATITUDE,LONGITUDE,COUNTY,CITY,POINT_X,POINT_Y
9188467,2020,2020-12-21,1942,2020-10-23,0435,43098,1842,5,5,7,1942,0,0,0,R,0,18E15,"123 W IMPERIAL HWY","MAIN ST",150.00,W,N,A,-,N,,,,,,,,,,N,2,0,1,2,A,-,03,22350,A,F,G,B,E,A,H,-,C,D,0,Y,,,,Y,Y,A,01,1,0,0,0,1,0,0,0,0,"- ","- ",,,"LOS ANGELES","LOS ANGELES",-118.41646575927734,33.931461334228516
9189122,2020,2021-02-02,1900,2020-11-06,2115,606079,NORTH,5,5,6,1950,0,0,0,,0,260T1,"40TH ST EAST","AVENUE N",0.00,,Y,A,-,N,,,,,,,,,,Y,2,0,1,1,A,-,01,23152,A,N,E,I,A,A,H,-,C,A,0,,,,,Y,Y,D,22,1,0,0,0,0,0,0,0,0,"- ","- ",34.631401062011719,-118.05860137939453,"LOS ANGELES",PALMDALE,-118.05860900878906,34.631370544433594
9191527,2020,2021-01-30,1942,2020-11-24,1910,33504,2138,2,5,7,1942,0,0,0,,0,21A29,"SHERMAN WY","MASON AV",0.00,,Y,A,-,N,,,,,,,,,,N,4,0,1,2,A,-,11,21453,D,N,G,B,B,A,H,-,C,A,0,Y,,,,Y,Y,N,60,0,0,1,0,1,0,0,0,0,"- ","- ",,,"LOS ANGELES","LOS ANGELES",-118.57972717285156,34.201011657714844
9191833,2020,2021-01-30,1902,2020-11-20,1523,785,3,5,5,5,1902,0,0,0,,0,001,"STONEHOUSE RD","GRANDVIEW AV",230.00,S,N,A,-,N,,,,,,,,,,Y,3,0,1,2,A,-,01,23152,,N,A,E,A,A,H,-,A,D,0,,,,,Y,Y,A,08,0,1,0,0,0,0,0,0,0,"- ","- ",,,"LOS ANGELES",ARCADIA,-118.03491973876953,34.166290283203125
9192025,2020,2021-01-12,1900,2020-11-08,0900,509767,976,7,5,4,1979,0,0,0,,0,92J,"SANTA MONICA BL","CRESCENT HEIGHTS BL",16.00,E,N,A,-,N,,,,,,,,,,N,4,0,1,2,A,-,10,21950,A,F,G,B,B,A,H,-,A,A,0,Y,,,,Y,Y,-,"- ",0,0,1,0,1,0,0,0,0,"- ","- ",,,"LOS ANGELES","WEST HOLLYWOOD",-118.36589050292969,34.090789794921875
9192026,2020,2021-01-04,1975,2020-11-18,1455,345,,3,5,6,1975,0,0,0,,0,005,"AZUSA AV","AROMA DR",40.00,S,N,A,-,N,,,,,,,,,,,4,0,1,2,A,-,03,22350,,M,C,C,A,A,H,-,A,A,0,,,,,Y,Y,A,01,0,0,1,0,0,0,0,0,0,"- ","- ",34.047798156738281,-117.90818786621094,"LOS ANGELES","WEST COVINA",-117.90806579589844,34.047264099121094
9192925,2020,2021-02-19,1941,2020-11-08,2304,11265,,7,5,7,1941,0,0,0,,0,,"PACIFIC COAST HWY","COTA AV",80.00,W,N,A,-,Y,LA,7,1,-,-,7.860,H,-,S,Y,3,0,3,2,A,-,01,23152,B,N,B,C,A,A,H,-,C,D,0,,,,,Y,Y,A,,0,1,2,0,0,0,0,0,0,"- ","- ",,,"LOS ANGELES","LONG BEACH",-118.21697998046875,33.789817810058594
9193044,2020,2020-12-23,1941,2020-09-21,1323,10788,502,1,5,7,1941,0,0,0,,0,011,"7TH ST",TEMPLE,0.00,,Y,A,-,N,,,,,,,,,,N,4,0,1,2,-,-,"- ",,A,M,C,C,A,A,H,-,A,A,0,,,,,Y,Y,-,,0,0,1,0,0,0,0,0,0,"- ","- ",,,"LOS ANGELES","LONG BEACH",-118.15895843505859,33.775348663330078
9193326,2020,2020-12-14,1972,2020-09-11,2000,20170,,5,5,6,1972,0,0,0,,0,,190TH,"FALDA AV",10.00,E,N,A,-,N,,,,,,,,,,Y,4,0,1,1,A,-,01,23152,F,N,E,I,A,A,H,-,C,D,0,,,,,Y,Y,A,,0,0,1,0,0,0,0,0,0,"- ","- ",,,"LOS ANGELES",TORRANCE,-118.32976531982422,33.858310699462891
9194997,2020,2021-01-20,1976,2020-11-15,0507,301,,7,5,3,1964,0,0,0,,0,,"CARMENITA RD","IMPERIAL HWY",724.00,S,N,A,-,N,,,,,,,,,,Y,2,0,1,1,A,-,08,22107,,N,E,I,A,A,H,-,C,D,0,,,,,Y,Y,A,07,1,0,0,0,0,0,0,0,0,"- ","- ",,,"LOS ANGELES","SANTA FE SPRINGS",-118.04679870605469,33.914966583251953
9195079,2020,2021-01-19,1920,2020-11-08,2259,13286,1920,7,5,6,1920,0,0,0,,0,004,"LAKEWOOD BL","SUVA ST",30.00,S,N,A,-,N,,,,,,,,,,Y,3,0,1,1,A,-,01,23152,A,N,E,I,A,A,H,-,C,D,0,,,,,Y,Y,A,01,0,1,0,0,0,0,0,0,0,"- ","- ",,,"LOS ANGELES",DOWNEY,-118.11438751220703,33.952404022216797
9195337,2020,2021-03-01,1942,2020-12-13,1815,44112,0564,7,5,7,1942,0,0,0,E,0,5A12,"MESA ST","6TH ST",15.00,N,N,A,-,N,,,,,,,,,,N,3,0,1,1,A,-,01,23152,A,N,E,I,A,A,H,-,C,B,0,,,,,Y,Y,A,01,0,1,0,0,0,0,0,0,0,"- ","- ",,,"LOS ANGELES","LOS ANGELES",-118.28571319580078,33.738811492919922
9195781,2020,2021-02-03,1900,2020-11-22,0645,524146,2924,7,5,5,1990,0,0,0,,0,292K1,"MONTEFINO AV","PORTO GRANDE DR",3.00,S,N,A,-,N,,,,,,,,,,Y,4,0,1,2,A,-,01,23152,F,N,C,E,A,A,H,-,A,D,0,,,,,Y,Y,A,01,0,0,1,0,0,0,0,0,0,"- ","- ",,,"LOS ANGELES","DIAMOND BAR",-117.81549072265625,33.999233245849609
9196079,2020,2021-01-27,1942,2020-11-07,0930,41791,1267,6,5,7,1942,0,0,0,L,0,12A53,"MANCHESTER AV","FIGUEROA ST",150.00,W,N,A,-,N,,,,,,,,,,N,3,0,1,2,A,-,09,21801,A,N,G,G,A,A,H,-,A,D,0,,Y,,,Y,Y,-,99,0,1,0,0,0,0,1,0,0,"- ","- ",,,"LOS ANGELES","LOS ANGELES",-118.28322601318359,33.960060119628906
9196154,2020,2021-02-09,1942,2020-11-13,2255,43191,1931,5,5,7,1942,0,0,0,,0,,"RINALDI ST","SEPULVEDA BL",0.00,,Y,A,-,N,,,,,,,,,,Y,3,0,2,2,A,-,12,21453,A,N,A,C,A,A,H,-,C,A,0,,,,,Y,Y,A,01,0,1,1,0,0,0,0,0,0,"- ","- ",,,"LOS ANGELES","LOS ANGELES",-118.46878814697266,34.279090881347656
9196266,2020,2021-02-08,1900,2020-11-07,2336,626680,163,6,5,5,1977,0,0,0,,0,167T1,"AVALON BL","VICTORIA AV",0.00,,N,A,-,N,,,,,,,,,,Y,4,0,1,4,A,-,01,23152,A,N,A,C,A,A,H,-,C,A,0,,,Y,,Y,Y,A,01,0,0,1,0,0,0,0,0,0,"- ","- ",33.866928100585938,-118.26599884033203,"LOS ANGELES",CARSON,-118.26629638671875,33.867019653320312
9196654,2020,2021-02-17,1942,2020-11-12,1850,34619,937,4,5,7,1942,0,0,0,,0,9A63,"VICTORY BL","RANCHITO AV",175.00,E,N,A,-,N,,,,,,,,,,N,3,0,1,2,A,-,03,22350,,F,C,G,A,A,H,-,D,D,0,,Y,,,Y,Y,-,99,0,1,0,0,0,0,1,0,0,"- ","- ",,,"LOS ANGELES","LOS ANGELES",-118.43505096435547,34.186668395996094
9196656,2020,2021-02-17,1942,2020-11-13,1000,44388,969,5,5,7,1942,0,0,0,,0,069,"MAGNOLIA BL",COLDWATER,0.00,,Y,A,-,N,,,,,,,,,,Y,3,0,1,3,A,-,03,22350,,N,H,A,A,A,H,-,A,D,0,,,,,Y,Y,A,01,0,1,0,0,0,0,0,0,0,"- ","- ",,,"LOS ANGELES","LOS ANGELES",-118.41379999999999,34.164870000000001
9197279,2020,2021-01-30,1942,2020-11-29,1742,43881,915,7,5,7,1942,0,0,0,,0,9X84,"VANOWEN ST",HAZELTINE,0.00,,Y,A,-,N,,,,,,,,,,N,4,0,1,3,A,-,01,23152,A,N,A,D,A,A,-,-,C,A,0,,,,,Y,Y,D,22,0,0,1,0,0,0,0,0,0,"- ","- ",,,"LOS ANGELES","LOS ANGELES",-118.43997955322266,34.193939208984375
9197336,2020,2021-02-01,1942,2020-11-21,2230,34426,1343,6,5,7,1942,0,0,0,M,0,13A43,"E 40TH PL","AVALON BL",54.00,E,N,A,-,N,,,,,,,,,,Y,2,0,1,4,A,-,11,21954,A,N,G,B,D,A,H,-,C,D,0,Y,,,,Y,Y,N,60,1,0,0,0,1,0,0,0,0,"- ","- ",,,"LOS ANGELES","LOS ANGELES",-118.26509094238281,34.010227203369141
9197758,2020,2021-02-02,1941,2020-11-21,2140,10877,,6,5,7,1941,0,0,0,,0,,"CHERRY AV","HARDING ST",0.00,,Y,A,-,N,,,,,,,,,,Y,4,0,2,3,A,-,12,21453,A,N,-,C,A,A,H,-,C,-,0,,,,,Y,Y,A,,0,0,2,0,0,0,0,0,0,"- ","- ",,,"LOS ANGELES","LONG BEACH",-118.16860961914062,33.86737060546875
9198350,2020,2021-01-21,1942,2020-10-04,0245,39478,1371,7,5,7,1942,0,0,0,M,0,13A85,"54TH PL","MAIN ST",300.00,W,N,A,-,N,,,,,,,,,,Y,3,0,2,4,A,-,08,22107,,N,C,C,A,A,H,-,C,D,0,,,,,Y,Y,A,08,0,1,1,0,0,0,0,0,0,"- ","- ",,,"LOS ANGELES","LOS ANGELES",-118.27397155761719,33.993328094482422
91989134,2021,2023-02-08,9530,2021-11-30,1920,022406,,2,2,9,1900,0,3,5,,2,003,"COMPTON BLVD. (4400 BLOCK)","ATLANTIC AVE",12.00,W,N,D,-,N,,,,,,,,,,N,2,0,1,2,A,-,12,21453,A,F,G,B,B,A,H,-,B,A,0,Y,,,,Y,Y,-,99,1,0,0,0,1,0,0,0,0,"- ","- ",33.896190643310547,-118.19361114501953,"LOS ANGELES",UNINCORPORATED,-118.1934814453125,33.896160125732422
9199096,2020,2021-02-26,1942,2020-12-08,1720,43946,1267,2,5,7,1942,0,0,0,L,0,12X42,"W MANCHESTER AV","MENLO AV",0.00,,Y,A,-,N,,,,,,,,,,Y,4,0,2,2,A,-,09,21801,A,N,A,C,A,A,H,-,C,D,0,,,,,Y,Y,A,01,0,0,2,0,0,0,0,0,0,"- ","- ",,,"LOS ANGELES","LOS ANGELES",-118.29042816162109,33.960029602050781
91996178,2021,2023-02-16,9530,2021-10-30,0050,022453,,6,3,5,1943,0,1,1,,2,210,"N/B LONG BEACH BLVD TO W/B I-105","LONG BEACH BOULEVARD",25.00,E,N,A,-,Y,,,,,,,,,,N,2,0,1,2,A,-,10,21950,A,F,G,B,C,A,H,-,C,D,0,Y,,,,Y,Y,-,99,1,0,0,0,1,0,0,0,0,"- ","- ",33.925788879394531,-118.20990753173828,"LOS ANGELES",LYNWOOD,-118.20897674560547,33.911289215087891
9199797,2020,2021-01-13,1942,2020-09-23,2100," ",WILSH,3,5,7,1942,0,0,0,,0,0726,"3RD ST","DETROIT AV",0.00,,Y,A,-,N,,,,,,,,,,N,4,0,1,2,A,-,11,21954,A,N,G,B,D,A,H,-,C,D,0,Y,,,,Y,Y,N,60,0,0,1,0,1,0,0,0,0,"- ","- ",,,"LOS ANGELES","LOS ANGELES",-118.34513854980469,34.068901062011719
9200532,2020,2021-02-23,1942,2020-12-19,1820,41911,1239,6,5,7,1942,0,0,0,L,0,12A49,"S VERMONT AV","W 58TH PL",35.00,N,N,A,-,N,,,,,,,,,,Y,4,0,5,2,A,-,01,23152,A,N,B,C,A,A,H,-,C,A,0,,,,,Y,Y,A,01,0,0,5,0,0,0,0,0,0,"- ","- ",,,"LOS ANGELES","LOS ANGELES",-118.29147338867188,33.988445281982422
9200533,2020,2021-02-23,1942,2020-12-18,2305,421561,1219,5,5,7,1942,0,0,0,L,0,12A45,"FIGUEROA ST","54TH ST",0.00,,Y,A,-,N,,,,,,,,,,N,4,0,1,3,A,-,01,23152,A,N,B,G,A,A,H,-,C,D,0,,Y,,,Y,Y,A,01,0,0,1,0,0,0,1,0,0,"- ","- ",,,"LOS ANGELES","LOS ANGELES",-118.28267669677734,33.993289947509766
9200774,2020,2021-01-13,1942,2020-10-20,2205,42991,0463,2,5,7,1942,0,0,0,D,0,4A71,CUMMINGS,"4TH ST",0.00,,Y,A,-,N,,,,,,,,,,N,4,0,1,2,A,-,10,21950,A,F,G,B,B,A,H,-,C,A,0,Y,,,,Y,Y,-,99,0,0,1,0,1,0,0,0,0,"- ","- ",,,"LOS ANGELES","LOS ANGELES",-118.21668243408203,34.042819976806641
9200776,2020,2021-01-13,1942,2020-10-16,2210,41411,0453,5,5,7,1942,0,0,0,D,0,4G7,"CESAR E CHAVEZ AV","BOYLE AV",0.00,,Y,A,-,N,,,,,,,,,,Y,4,0,2,2,A,-,12,21453,A,N,D,C,A,A,H,-,C,A,0,,,,,Y,Y,A,01,0,0,2,0,0,0,0,0,0,"- ","- ",,,"LOS ANGELES","LOS ANGELES",-118.21761322021484,34.051200866699219
9201717,2020,2021-03-01,1942,2020-12-19,2045,44162,1845,6,5,7,1942,0,0,0,R,0,1836,"COMPTON AV","105TH ST",0.00,,Y,A,-,N,,,,,,,,,,Y,4,0,1,3,A,-,09,21801,,N,A,C,A,A,H,-,C,D,0,,,,,Y,Y,A,01,0,0,1,0,0,0,0,0,0,"- ","- ",,,"LOS ANGELES","LOS ANGELES",-118.24624633789062,33.940540313720703
9202494,2020,2021-02-16,1942,2020-12-20,1550,34265,1794,7,5,7,1942,0,0,0,Q,0,17A67,"CHASE ST","AMIGO AV",220.00,W,N,A,-,N,,,,,,,,,,Y,2,0,2,2,A,-,01,23152,A,N,G,B,E,A,H,-,A,D,0,Y,,,,Y,Y,A,01,1,0,1,0,1,0,0,0,0,"- ","- ",,,"LOS ANGELES","LOS ANGELES",-118.53902435302734,34.224597930908203
9202534,2020,2021-02-10,1942,2020-12-11,1215,42760,1941,5,5,7,1942,0,0,0,,0,194A3,"ORION AV","CHARSWORTH ST",0.00,,Y,A,-,N,,,,,,,,,,N,3,0,1,2,A,-,10,21950,A,F,G,B,B,A,H,-,C,D,0,Y,,,,Y,Y,-,99,0,1,0,0,1,0,0,0,0,"- ","- ",,,"LOS ANGELES","LOS ANGELES",-118.47117,34.264539999999997
9202538,2020,2021-02-18,1942,2020-12-14,0630,41158,2147,1,5,7,1942,0,0,0,,0,21A57,"HART ST","DE SOTO AV",0.00,,Y,A,-,N,,,,,,,,,,Y,3,0,2,2,A,-,01,23152,,N,D,C,A,A,H,-,A,A,0,,,,,Y,Y,A,08,0,2,0,0,0,0,0,0,0,"- ","- ",,,"LOS ANGELES","LOS ANGELES",-118.58844757080078,34.197391510009766
9203516,2020,2021-01-14,1955,2020-11-13,1553,42591,85,5,5,6,1955,0,0,0,,0,004,"GAREY AV","FRANKLIN AV",0.00,,Y,A,-,N,,,,,,,,,,Y,2,0,1,2,A,-,09,21801,A,F,D,C,A,A,H,-,A,A,0,,,Y,,Y,Y,D,22,1,0,0,0,0,0,0,0,0,"- ","- ",,,"LOS ANGELES",POMONA,-117.74960327148438,34.040538787841797
9203603,2020,2021-02-11,1931,2020-12-20,2311,5697,1931,7,5,5,1931,0,0,0,,0,004,"HOPE ST","YAHUALICA PL",106.00,E,N,A,-,N,,,,,,,,,,Y,4,0,2,2,A,-,01,23152,A,N,B,C,A,A,H,-,C,D,0,,,,,Y,Y,A,01,0,0,2,0,0,0,0,0,0,"- ","- ",,,"LOS ANGELES","HUNTINGTON PARK",-118.20871734619141,33.968273162841797
9204627,2020,2021-02-26,1941,2020-12-07,2151,6116,901T,1,5,7,1941,0,0,0,,0,,"WILLOW AV","GRAND AV",0.00,,Y,A,-,N,,,,,,,,,,Y,3,0,2,2,A,-,12,21453,A,N,A,C,A,A,H,-,C,A,0,,,,,Y,Y,A,,0,1,1,0,0,0,0,0,0,"- ","- ",,,"LOS ANGELES","LONG BEACH",-118.14794158935547,33.804008483886719
9204633,2020,2021-02-18,1941,2020-12-20,0750,5946,,7,5,7,1941,0,0,0,,0,,"LOS COYOTES DIAGONAL","BELLFLOWER BL",0.00,,Y,A,-,N,,,,,,,,,,Y,4,0,1,2,A,-,01,23152,B,N,D,C,A,A,H,-,A,A,0,,,,,Y,Y,A,,0,0,1,0,0,0,0,0,0,"- ","- ",,,"LOS ANGELES","LONG BEACH",-118.12537384033203,33.802280426025391
9204854,2020,2021-01-14,1942,2020-09-22,1720,41488,1269,2,5,7,1942,0,0,0,L,0,12A31,"AVALON BL","MANCHESTER AV",5.00,N,N,A,-,N,,,,,,,,,,N,3,0,1,2,A,-,10,21950,A,N,A,B,B,A,H,-,A,A,0,Y,,,,Y,Y,A,01,0,1,0,0,1,0,0,0,0,"- ","- ",,,"LOS ANGELES","LOS ANGELES",-118.26512908935547,33.96014404296875
9205027,2021,2021-03-10,1929,2021-01-01,0112,232,1929,5,5,3,1929,0,0,0,,0,002,"HERMOSA AV","26TH ST",105.00,S,N,A,-,N,,,,,,,,,,Y,3,0,1,4,A,-,01,23152,A,N,G,E,A,A,H,-,C,D,0,,,,,Y,Y,-,,0,1,0,0,0,0,0,0,0,"- ","- ",,,"LOS ANGELES","HERMOSA BEACH",-118.40498352050781,33.871757507324219
9205288,2020,2021-02-03,1942,2020-11-25,2240,43095,1791,3,5,7,1942,0,0,0,Q,0,17XL7,"DE SOTO AV","PARTHENIA ST",2.00,S,N,A,-,N,,,,,,,,,,N,3,0,1,2,A,-,10,21950,,N,A,B,B,A,H,-,C,A,0,Y,,,,Y,Y,-,"- ",0,1,0,0,1,0,0,0,0,"- ","- ",,,"LOS ANGELES","LOS ANGELES",-118.58853149414062,34.228202819824219
9205774,2020,2021-02-23,1931,2020-12-19,1400,5196,1931,6,5,5,1931,0,0,0,,0,003,"SANTA FE AV","CLARENDON AV",0.00,,Y,A,-,N,,,,,,,,,,N,4,0,1,2,A,-,"- ",,,F,C,C,A,A,H,-,A,A,0,,,,,Y,Y,A,01,0,0,1,0,0,0,0,0,0,"- ","- ",,,"LOS ANGELES","HUNTINGTON PARK",-118.23032379150391,33.983539581298828
9205818,2020,2021-01-19,1942,2020-11-28,1500,38480,1967,6,5,7,1942,0,0,0,,0,19A85,"WOODMON AV","FILMORE ST",0.00,,Y,A,-,N,,,,,,,,,,Y,4,0,1,3,A,-,01,23152,A,N,B,C,A,A,H,-,A,A,0,,,,,Y,Y,A,01,0,0,1,0,0,0,0,0,0,"- ","- ",,,"LOS ANGELES","LOS ANGELES",-118.4505615234375,34.250659942626953
9205961,2020,2021-02-11,1900,2020-12-04,2127,610418,1126,5,5,6,1992,0,0,0,,0,111T1,"AVENUE L","10TH ST W",1172.00,W,N,A,-,N,,,,,,,,,,Y,4,0,1,2,A,-,01,23152,A,N,B,C,A,-,H,-,C,A,0,,,,,Y,Y,A,01,0,0,1,0,0,0,0,0,0,"- ","- ",,,"LOS ANGELES",LANCASTER,-118.15167999267578,34.660369873046875
9206520,2020,2021-01-30,1942,2020-11-08,1100,36238,0402,7,5,7,1942,0,0,0,D,0,4A3,"GRIFFIN AV","E AVENUE 39",599.00,S,N,A,-,N,,,,,,,,,,Y,4,0,2,4,A,-,01,23152,F,N,B,C,A,A,H,-,A,D,0,,,,,Y,Y,A,01,0,0,2,0,0,0,0,0,0,"- ","- ",,,"LOS ANGELES","LOS ANGELES",-118.20775604248047,34.087440490722656
9206787,2020,2021-01-13,1942,2020-11-28,0340,44313,0971,6,5,7,1942,0,0,0,I,0,9A37,"KESTER AV","CAMARILLO ST",982.00,S,N,A,-,N,,,,,,,,,,N,2,0,2,6,A,-,09,21801,A,N,A,C,A,A,H,-,B,D,0,,,,,Y,Y,A,01,1,0,1,0,0,0,0,0,0,"- ","- ",,,"LOS ANGELES","LOS ANGELES",-118.45745086669922,34.155376434326172
9207443,2020,2021-02-09,1969,2020-12-10,2150,10068,PATRO,4,5,5,1969,0,0,0,,0,002,"STATE ST","SOUTHERN AV",0.00,,Y,A,-,N,,,,,,,,,,Y,4,0,1,3,A,-,12,21453,A,F,D,C,A,A,H,-,C,A,0,,,,,Y,Y,A,01,0,0,1,0,0,0,0,0,0,"- ","- ",33.951759338378906,-118.21266937255859,"LOS ANGELES","SOUTH GATE",-118.21266937255859,33.951740264892578
9207740,2020,2021-02-10,1955,2020-12-24,1522,42554,28,4,5,6,1955,0,0,0,,0,002,"BONITA AVE","TOWNE AVE",0.00,,Y,C,-,,,,,,,,,,,Y,4,0,2,2,A,-,09,21801,A,F,D,C,A,B,H,-,B,A,0,,,,,Y,Y,A,01,0,0,2,0,0,0,0,0,0,"- ","- ",34.096309661865234,-117.73680114746094,"LOS ANGELES",POMONA,-117.73679351806641,34.096199035644531
9208424,2020,2021-02-02,1955,2020-11-28,1807,42612,97,6,5,6,1955,0,0,0,,0,004,"RESERVOIR ST","3RD ST",0.00,,Y,A,-,N,,,,,,,,,,Y,3,0,4,2,A,-,09,21802,A,N,D,C,A,A,H,-,A,A,0,,,,,Y,Y,A,01,0,4,0,0,0,0,0,0,0,"- ","- ",,,"LOS ANGELES",POMONA,-117.73264312744141,34.057338714599609
9208445,2020,2021-03-03,1900,2020-12-16,1641,625597,2612,3,5,6,1950,0,0,0,,0,264T1,"25TH ST WEST","RANCHO VISTA BL",1162.00,N,N,A,-,N,,,,,,,,,,Y,3,0,1,1,A,-,01,23152,A,N,E,I,A,A,H,-,A,D,0,,,,,Y,Y,A,01,0,1,0,0,0,0,0,0,0,"- ","- ",34.605609893798828,-118.17481231689453,"LOS ANGELES",PALMDALE,-118.17437744140625,34.604961395263672
9208822,2021,2021-03-23,1942,2021-01-03,0130,43073,1249,7,5,7,1942,0,0,0,L,0,1251,"69TH ST","DENVER AV",400.00,E,N,A,-,N,,,,,,,,,,Y,4,0,1,3,A,-,01,23153,A,N,B,C,A,A,H,-,C,D,0,,,,,Y,Y,A,01,0,0,1,0,0,0,0,0,0,"- ","- ",,,"LOS ANGELES","LOS ANGELES",-118.28249359130859,33.977344512939453
9208826,2021,2021-03-23,1942,2021-01-10,0338,41973,1862,7,5,7,1942,0,0,0,R,0,25T35,"BROADWAY AV","117TH ST",0.00,,Y,A,-,N,,,,,,,,,,Y,3,0,1,1,A,-,03,22350,,N,A,I,A,-,H,-,C,D,0,,,,,Y,Y,-,"- ",0,1,0,0,0,0,0,0,0,"- ","- ",,,"LOS ANGELES","LOS ANGELES",-118.27825927734375,33.927379608154297
9209513,2021,2021-03-09,1900,2021-01-08,2208,610418,1122,5,5,6,1992,0,0,0,,0,111T1,"AVENUE I","SPEARMAN AV",0.00,,Y,A,-,N,,,,,,,,,,Y,4,0,1,2,A,-,09,21801,A,N,A,C,A,A,H,-,C,D,0,,,,,Y,Y,A,01,0,0,1,0,0,0,0,0,0,"- ","- ",,,"LOS ANGELES",LANCASTER,-118.13295745849609,34.703983306884766
9209819,2020,2021-01-28,1942,2020-11-12,1040,43765,679,4,5,7,1942,0,0,0,,0,6A45,"NORMANDIE AV","SANTA MONICA BL",0.00,,Y,A,-,N,,,,,,,,,,N,4,0,2,2,A,-,08,22107,,N,B,C,A,A,H,-,A,A,0,,,,,Y,Y,A,07,0,0,2,0,0,0,0,0,0,"- ","- ",,,"LOS ANGELES","LOS ANGELES",-118.30049133300781,34.090831756591797
9210109,2020,2021-01-09,1942,2020-10-10,0130,40471,2026,6,5,7,1942,0,0,0,,0,20A45,"NEW HAMPSHIRE","3RD ST",70.00,S,N,A,-,N,,,,,,,,,,Y,4,0,1,5,A,-,01,23152,A,N,A,E,A,A,H,-,C,D,0,,,,,Y,Y,A,07,0,0,1,0,0,0,0,0,0,"- ","- ",,,"LOS ANGELES","LOS ANGELES",-118.29292297363281,34.068859100341797
9211710,2020,2022-06-11,1900,2020-12-26,1740,552721,2812,6,5,5,1915,0,0,0,,0,283T3,"EL SEGUNDO BL","PARMELEE AV",149.00,W,N,A,-,N,,,,,,,,,,N,1,1,0,2,D,-,00,,,N,D,G,A,A,H,-,C,D,0,,Y,,,Y,Y,-,"- ",0,0,0,0,0,1,0,0,0,"- ","- ",33.916259765625,-118.25045776367188,"LOS ANGELES",COMPTON,-118.25032806396484,33.916297912597656
9211721,2021,2021-03-17,1975,2021-02-12,2155,436,WCPD,5,5,6,1975,0,0,0,,0,005,"RT 39","AMAR RD",465.00,S,N,A,-,N,,,,,,,,,,Y,1,1,1,2,A,-,01,23152,A,N,A,C,A,A,H,-,C,D,0,,,,,Y,Y,A,07,1,0,0,0,0,0,0,0,0,"- ","- ",34.031448364257812,-117.91472625732422,"LOS ANGELES","WEST COVINA",-117.95942687988281,34.040885925292969
9211776,2021,2021-03-30,1942,2021-03-10,0020,40876,1608,3,5,7,1942,0,0,0,P,0,16A35,"FOOTHILL BL","WHEATLAND AV",39.00,W,N,A,-,N,,,,,,,,,,Y,1,2,3,2,A,-,05,21651,A,N,A,C,A,A,H,-,C,A,0,,,,,Y,Y,A,07,0,3,0,0,0,0,0,0,0,"- ","- ",,,"LOS ANGELES","LOS ANGELES",-118.35292053222656,34.273338317871094
9211852,2020,2022-06-15,1941,2020-01-22,2017,5771,,3,5,7,1941,0,0,0,,0,,"PALO VERDE",ATHERTON,452.00,N,N,A,-,N,,,,,,,,,,Y,1,1,0,2,A,-,11,21954,A,N,H,B,D,A,H,-,C,D,0,Y,,,,Y,Y,N,60,0,0,0,1,0,0,0,0,0,"- ","- ",,,"LOS ANGELES","LONG BEACH",-118.10816192626953,33.790164947509766
9211878,2020,2022-07-05,1941,2020-07-01,2059,11523,,3,5,7,1941,0,0,0,,0,,"WILLOW ST","CASPIAN AV",49.00,E,N,A,-,N,,,,,,,,,,N,1,1,0,2,A,-,11,21954,A,F,G,B,D,A,H,-,C,A,0,Y,,,,Y,Y,N,60,0,0,0,1,0,0,0,0,0,"- ","- ",,,"LOS ANGELES","LONG BEACH",-118.21202850341797,33.804389953613281
9213605,2021,2021-03-08,1953,2021-01-09,1300,9219,1953,6,5,6,1953,0,0,0,,0,003,"HILL AV","MOUNTAIN ST",200.00,S,N,A,-,N,,,,,,,,,,Y,2,0,1,2,A,-,01,23152,A,N,C,E,A,A,H,-,A,D,0,,,,,Y,Y,A,07,1,0,0,0,0,0,0,0,0,"- ","- ",,,"LOS ANGELES",PASADENA,-118.12147521972656,34.161121368408203