CASE_ID,ACCIDENT_YEAR,PROC_DATE,JURIS,COLLISION_DATE,COLLISION_TIME,OFFICER_ID,REPORTING_DISTRICT,DAY_OF_WEEK,CHP_SHIFT,POPULATION,CNTY_CITY_LOC,SPECIAL_COND,BEAT_TYPE,CHP_BEAT_TYPE,CITY_DIVISION_LAPD,CHP_BEAT_CLASS,BEAT_NUMBER,PRIMARY_RD,SECONDARY_RD,DISTANCE,DIRECTION,INTERSECTION,WEATHER_1,WEATHER_2,STATE_HWY_IND,CALTRANS_COUNTY,CALTRANS_DISTRICT,STATE_ROUTE,ROUTE_SUFFIX,POSTMILE_PREFIX,POSTMILE,LOCATION_TYPE,RAMP_INTERSECTION,SIDE_OF_HWY,TOW_AWAY,COLLISION_SEVERITY,NUMBER_KILLED,NUMBER_INJURED,PARTY_COUNT,PRIMARY_COLL_FACTOR,PCF_CODE_OF_VIOL,PCF_VIOL_CATEGORY,PCF_VIOLATION,PCF_VIOL_SUBSECTION,HIT_AND_RUN,TYPE_OF_COLLISION,MVIW,PED_ACTION,ROAD_SURFACE,ROAD_COND_1,ROAD_COND_2,LIGHTING,CONTROL_DEVICE,CHP_ROAD_TYPE,PEDESTRIAN_ACCIDENT,BICYCLE_ACCIDENT,MOTORCYCLE_ACCIDENT,TRUCK_ACCIDENT,NOT_PRIVATE_PROPERTY,ALCOHOL_INVOLVED,STWD_VEHTYPE_AT_FAULT,CHP_VEHTYPE_AT_FAULT,COUNT_SEVERE_INJ,COUNT_VISIBLE_INJ,COUNT_COMPLAINT_PAIN,COUNT_PED_KILLED,COUNT_PED_INJURED,COUNT_BICYCLIST_KILLED,COUNT_BICYCLIST_INJURED,COUNT_MC_KILLED,COUNT_MC_INJURED,PRIMARY_RAMP,SECONDARY_RAMP,LATITUDE,LONGITUDE,COUNTY,CITY,POINT_X,POINT_Y
5686702,2012,2013-09-28,1942,2012-06-16,1630,34426,0191,6,5,7,1942,0,0,0,A,0,1TL24,"WASHINGTON BL","GEORGIA ST",70.00,E,N,A,-,N,,,,,,,,,,Y,4,0,1,2,A,-,01,23152,A,N,C,E,A,A,H,-,A,D,0,,,,,Y,Y,A,01,0,0,1,0,0,0,0,0,0,"- ","- ",,,"LOS ANGELES","LOS ANGELES",-118.27376958000001,34.035153190000003
5686878,2012,2013-10-14,1942,2012-06-23,2250,36814,1383,6,5,7,1942,0,0,0,M,0,13T53,"SAN PEDRO ST","SLAUSON AV",300.00,S,N,A,-,N,,,,,,,,,,Y,3,0,2,5,A,-,01,23152,A,F,B,C,A,A,H,-,C,D,0,,,,,Y,Y,D,22,0,2,0,0,0,0,0,0,0,"- ","- ",,,"LOS ANGELES","LOS ANGELES",-118.26957869,33.988837349999997
5687202,2012,2014-02-10,9525,2012-06-08,2350,020058,,5,3,4,1913,0,1,1,,2,210,"RT 210","MILLS AV",528.00,E,N,A,-,Y,LA,7,210,-,R,51.310,H,-,E,Y,4,0,1,2,A,-,01,23152,A,N,C,E,A,A,H,-,D,D,1,,,,,Y,Y,A,01,0,0,1,0,0,0,0,0,0,"- ","- ",34.119709999999998,-117.70419,"LOS ANGELES",CLAREMONT,-117.70542582,34.11989294
5687282,2012,2013-09-27,1942,2012-06-17,2015,37510,1218,7,5,7,1942,0,0,0,L,0,12A31,"W 56TH ST","VERMONT AV",100.00,E,N,A,-,N,,,,,,,,,,N,3,0,1,2,A,-,03,22350,,F,H,G,A,A,H,-,C,D,0,,Y,,,Y,Y,-,99,0,1,0,0,0,0,1,0,0,"- ","- ",,,"LOS ANGELES","LOS ANGELES",-118.29117294,33.991404850000002
5688381,2012,2014-02-10,9590,2012-06-20,0210,19428,,3,3,7,1942,0,1,3,,2,094,"RT 2","LOS ANGELES RIVER",20.00,E,N,B,-,Y,LA,7,2,-,-,15.620,H,-,E,Y,3,0,1,1,A,-,01,23152,A,N,E,J,A,A,D,-,C,A,1,,,,,Y,Y,A,01,0,1,0,0,0,0,0,0,0,"- ","- ",34.110509999999998,-118.24818,"LOS ANGELES","LOS ANGELES",-118.24837372,34.110525330000002
5689532,2012,2013-10-08,9545,2012-06-30,2005,018550,,6,2,9,1900,0,3,5,,2,003,"ANGELES FOREST HWY","ALISO CANYON RD",2112.00,S,N,A,-,N,,,,,,,,,,Y,2,0,1,1,A,-,01,23152,A,N,F,A,A,A,H,-,B,D,0,,,,,Y,Y,D,22,1,0,0,0,0,0,0,0,0,"- ","- ",,,"LOS ANGELES",UNINCORPORATED,-118.08312822000001,34.414208250000001
5690802,2012,2013-08-30,1972,2012-05-11,2105,18874,,5,5,6,1972,0,0,0,,0,,"PLAZA DEL AMO","CABRILLO AV",0.00,,Y,A,-,N,,,,,,,,,,N,4,0,1,2,A,-,01,23152,A,N,A,C,A,A,H,-,C,A,0,,,,,Y,Y,A,,0,0,1,0,0,0,0,0,0,"- ","- ",,,"LOS ANGELES",TORRANCE,-118.31435227999999,33.824154849999999
5691322,2012,2013-10-15,1942,2012-06-23,0005,38354,0645,6,5,7,1942,0,0,0,F,0,34EL64,"SUNSET BL","HIGHLAND AV",0.00,,Y,A,-,N,,,,,,,,,,Y,3,0,1,3,A,-,09,21801,A,N,D,C,A,A,H,-,C,A,0,,,,,Y,Y,A,01,0,1,0,0,0,0,0,0,0,"- ","- ",,,"LOS ANGELES","LOS ANGELES",-118.33867226,34.097974960000002
5691841,2012,2013-10-12,1975,2012-06-27,0236,308,,3,5,6,1975,0,0,0,,0,005,"AMAR AV","RIDGEWOOD RD",0.00,,Y,A,-,N,,,,,,,,,,Y,4,0,1,1,A,-,01,23152,A,N,A,I,A,A,H,-,C,D,0,,,,,Y,Y,-,"- ",0,0,1,0,0,0,0,0,0,"- ","- ",,,"LOS ANGELES","WEST COVINA",-117.90834223,34.028354960000001
5721637,2012,2013-10-01,1900,2012-06-23,1040,78276,1135,6,5,6,1992,0,0,0,,0,111M6,"AVENUE J","11TH ST EAST",42.00,W,N,A,-,N,,,,,,,,,,Y,3,0,1,1,A,-,01,23152,A,M,E,I,A,A,H,-,A,D,0,,,,,Y,Y,A,01,0,1,0,0,0,0,0,0,0,"- ","- ",,,"LOS ANGELES",LANCASTER,-118.11019164,34.689494930000002
5722954,2012,2014-05-08,9590,2012-07-11,0055,19829,,3,3,7,1942,0,1,1,,2,063,"RT 10","UNION AV",90.00,E,N,A,-,Y,LA,7,10,-,-,14.420,H,-,W,Y,3,0,3,2,A,-,01,23152,A,N,C,C,A,A,G,-,C,D,1,,,,,Y,Y,D,22,0,2,1,0,0,0,0,0,0,"- ","- ",34.038440000000001,-118.20039,"LOS ANGELES","LOS ANGELES",-118.28296558,34.037430030000003
5724829,2012,2013-09-28,1942,2012-06-09,1140,36399,0358,6,5,7,1942,0,0,0,C,0,3TL5,"EXPOSITION BL","VERMONT AV",1475.00,E,N,A,-,N,,,,,,,,,,Y,3,0,2,2,A,-,12,21453,A,F,D,G,A,A,H,-,A,A,0,,Y,,,Y,Y,A,01,0,1,1,0,0,0,1,0,0,"- ","- ",,,"LOS ANGELES","LOS ANGELES",-118.28669515,34.018314850000003
5725378,2012,2013-08-17,1972,2012-04-27,0400,19752,,5,5,6,1972,0,0,0,,0,,"HENRIETTA ST","SPENCER ST",0.00,,Y,A,-,N,,,,,,,,,,Y,4,0,1,1,A,-,01,23152,A,N,E,I,A,A,H,-,C,D,0,,,,,Y,Y,-,"- ",0,0,1,0,0,0,0,0,0,"- ","- ",,,"LOS ANGELES",TORRANCE,-118.37107222,33.844964910000002
5725506,2012,2013-09-24,9565,2012-05-07,1745,20279,,1,2,9,1900,0,3,5,,2,004,"INGLEWOOD AV","137TH ST",20.00,S,N,A,-,N,,,,,,,,,,N,2,0,1,2,A,-,11,21954,A,N,G,B,D,A,H,-,A,D,0,Y,,,,Y,Y,N,60,1,0,0,0,1,0,0,0,0,"- ","- ",33.907580000000003,-118.36133,"LOS ANGELES",UNINCORPORATED,-118.36129493999999,33.90792003
5725774,2012,2014-02-18,9575,2012-06-25,0040,20251,,1,3,7,1942,0,1,1,,2,053,"RT 5","OSBORNE ST",310.00,N,N,A,-,Y,LA,7,5,-,-,37.550,H,-,S,Y,3,0,1,1,A,-,01,23152,A,N,E,I,A,A,H,-,C,D,1,,,,,Y,Y,A,01,0,1,0,0,0,0,0,0,0,"- ","- ",34.234999999999999,-118.41200000000001,"LOS ANGELES","LOS ANGELES",-118.42491751999999,34.246952989999997
5725829,2012,2014-01-21,9540,2012-06-24,1700,16906,,7,2,9,1900,0,1,3,,1,139,"RT 138","WAYNE HAND RD",100.00,W,N,A,-,Y,LA,7,138,-,-,4.750,H,-,E,Y,2,0,1,1,A,-,08,22107,,N,F,A,A,A,H,-,A,D,0,,,Y,,Y,Y,C,02,1,0,0,0,0,0,0,0,1,"- ","- ",34.76484,-118.72198,"LOS ANGELES",UNINCORPORATED,-118.72210563,34.764883089999998
5725993,2012,2014-04-30,1925,2012-07-07,0002,21753,220,6,5,6,1925,0,0,0,,0,004,"RT 134","BRAND BL",17.00,E,N,B,-,Y,LA,7,134,-,R,7.254,R,4,W,Y,4,0,1,2,A,-,01,23152,,N,C,C,A,A,H,-,C,A,0,,,,,Y,Y,A,01,0,0,1,0,0,0,0,0,0,"- ","- ",34.092399999999998,-118.15170000000001,"LOS ANGELES",GLENDALE,-118.25078214,34.156494899999998
5726198,2012,2013-09-10,9565,2012-05-30,0154,19362,,3,3,9,1900,0,1,3,,2,051,"LINCOLN BL","FIJI WY",450.00,N,N,A,-,N,,,,,,,,,,Y,3,0,1,1,A,-,01,23152,A,N,E,I,A,A,H,-,C,D,0,,,,,Y,Y,A,01,0,1,0,0,0,0,0,0,0,"- ","- ",33.979010000000002,-118.4374,"LOS ANGELES",UNINCORPORATED,-118.43760570000001,33.9793734
5726559,2012,2013-10-26,1900,2012-07-01,0205,523052,1415,7,5,1,1932,0,0,0,,0,141T1,"VALLEY BL","STIMSON AV",200.00,W,N,A,-,N,,,,,,,,,,Y,3,0,1,1,A,-,01,23152,A,N,A,I,A,A,H,-,C,D,0,,,,,Y,Y,A,07,0,1,0,0,0,0,0,0,0,"- ","- ",34.016889999999997,-117.95422000000001,"LOS ANGELES",INDUSTRY,-117.95336274,34.015985319999999
5727552,2012,2013-10-28,1942,2012-07-09,2205,40476,1268,1,5,7,1942,0,0,0,L,0,12T41,"85TH ST","SAN PEDRO ST",195.00,W,N,A,-,N,,,,,,,,,,Y,3,0,1,2,A,-,01,23152,A,N,A,E,A,A,H,-,C,D,0,,,,,Y,Y,D,22,0,1,0,0,0,0,0,0,0,"- ","- ",,,"LOS ANGELES","LOS ANGELES",-118.27012397999999,33.961022180000001
5727584,2012,2013-10-28,1942,2012-07-02,1530,36911,1203,1,5,7,1942,0,0,0,L,0,12TL73,"VERNON AV","GRAMERCY AV",0.00,E,N,A,-,N,,,,,,,,,,Y,4,0,4,2,A,-,03,22350,,N,C,C,A,A,H,-,A,A,0,,,,,Y,Y,A,01,0,0,4,0,0,0,0,0,0,"- ","- ",,,"LOS ANGELES","LOS ANGELES",-118.31384224,34.003694950000003
5727788,2012,2013-10-01,1972,2012-06-11,1607,12309,,1,5,6,1972,0,0,0,,0,,"182 ST",REGINA,80.00,E,N,A,-,N,,,,,,,,,,N,4,0,1,2,A,-,04,21703,,N,C,C,A,A,H,-,A,D,0,,,,,Y,Y,A,,0,0,1,0,0,0,0,0,0,"- ","- ",,,"LOS ANGELES",TORRANCE,-118.34897916,33.865544829999997
5727861,2012,2013-09-26,1947,2012-06-17,0211,1392,,7,5,5,1947,0,0,0,,0,04C,"MONTEBELLO BL","BEVERLY BL",0.00,,Y,A,-,N,,,,,,,,,,Y,3,0,5,2,A,-,"- ",,,N,A,C,A,A,H,-,C,A,0,,,,,Y,Y,A,01,0,2,3,0,0,0,0,0,0,"- ","- ",,,"LOS ANGELES",MONTEBELLO,-118.10598225,34.017204900000003
5728104,2012,2013-10-31,1942,2012-07-01,0120,40476,1218,7,5,7,1942,0,0,0,L,0,18T23,"54TH ST","HOOVER ST",35.00,W,N,A,-,N,,,,,,,,,,Y,4,0,1,2,A,-,01,23152,A,N,C,C,A,A,H,-,C,A,0,,,,,Y,Y,A,01,0,0,1,0,0,0,0,0,0,"- ","- ",,,"LOS ANGELES","LOS ANGELES",-118.28724742,33.993253709999998
5728515,2012,2013-11-05,9540,2012-07-12,0215,020079,,4,3,9,1900,0,1,1,,2,505,"RT 5","BALBOA BL",4224.00,N,N,A,-,Y,LA,7,5,S,C,45.220,H,-,S,Y,3,0,1,1,A,-,01,23152,A,N,E,I,A,A,H,-,D,D,1,,,,,Y,Y,D,22,0,1,0,0,0,0,0,0,0,"- ","- ",34.305599999999998,-118.50431,"LOS ANGELES",UNINCORPORATED,-118.50384975,34.329729319999998
5728859,2012,2014-02-10,1976,2012-07-05,1900,301,,4,5,3,1964,0,0,0,,0,003,"IMPERIAL HWY","MARQUARDT AV",331.00,E,N,A,-,N,,,,,,,,,,N,3,0,1,2,A,-,01,21200,5,N,D,G,A,A,H,-,A,D,0,,Y,,Y,Y,Y,L,04,0,1,0,0,0,0,1,0,0,"- ","- ",,,"LOS ANGELES","SANTA FE SPRINGS",-118.03692384999999,33.916990130000002
5729938,2012,2014-02-27,9525,2012-06-10,2130,20114,,7,2,5,1990,0,1,3,,2,601,"RT 60","FAIRWAY DR",500.00,E,N,A,-,Y,LA,7,60,-,R,21.600,H,-,W,Y,3,0,3,2,A,-,01,23152,A,N,C,C,A,A,H,-,D,D,1,,,,,Y,Y,A,01,0,1,2,0,0,0,0,0,0,"- ","- ",33.998249999999999,-117.85996,"LOS ANGELES","DIAMOND BAR",-117.86692746999999,33.996934410000001
5730195,2012,2013-09-26,1942,2012-06-26,2210,38707,315,2,5,7,1942,0,0,0,,0,12T41,"ADAMS BL","2ND AV",56.00,E,N,A,-,N,,,,,,,,,,Y,3,0,4,2,A,-,01,23152,A,N,C,C,A,A,H,-,C,D,0,,,,,Y,Y,A,01,0,2,2,0,0,0,0,0,0,"- ","- ",,,"LOS ANGELES","LOS ANGELES",-118.31869774,34.032636949999997
5730303,2012,2013-10-22,1942,2012-07-11,0240,39299,0727,3,5,7,1942,0,0,0,G,0,6TL7,"HIGHLAND AV","BEVERLY BL",36.00,N,N,A,-,N,,,,,,,,,,N,4,0,1,2,A,-,01,23152,A,N,C,C,A,A,H,-,C,A,0,,,,,Y,Y,A,01,0,0,1,0,0,0,0,0,0,"- ","- ",,,"LOS ANGELES","LOS ANGELES",-118.33868127,34.076283590000003
5731320,2012,2013-11-01,1941,2012-07-14,2312,10236,,6,5,7,1941,0,0,0,,0,,"MAGNOLIA AV","11TH ST",0.00,,Y,A,-,N,,,,,,,,,,Y,4,0,2,2,A,-,01,23152,,N,D,C,A,A,H,-,C,A,0,,,,,Y,Y,-,"- ",0,0,2,0,0,0,0,0,0,"- ","- ",,,"LOS ANGELES","LONG BEACH",-118.19804224000001,33.780174870000003
5732165,2012,2013-10-26,1928,2012-07-17,0228,582,520,2,5,5,1928,0,0,0,,0,503,"W ROSECRANS AV",YUKON,40.00,W,N,A,-,N,,,,,,,,,,Y,3,0,1,3,A,-,01,23152,A,N,C,E,A,A,H,-,C,D,0,,,,,Y,Y,A,01,0,1,0,0,0,0,0,0,0,"- ","- ",,,"LOS ANGELES",HAWTHORNE,-118.33531376000001,33.901915459999998
5733302,2012,2013-10-22,1942,2012-06-24,1648,34426,0176,7,5,7,1942,0,0,0,A,0,1TL24,"SAN PEDRO ST","7TH ST",26.00,W,N,A,-,N,,,,,,,,,,Y,4,0,2,2,A,-,01,23152,A,N,D,C,A,A,H,-,A,A,0,,,,,Y,Y,A,,0,0,2,0,0,0,0,0,0,"- ","- ",,,"LOS ANGELES","LOS ANGELES",-118.24684003,34.040652270000002
5733304,2012,2013-10-19,1942,2012-06-30,2025,38771,0923,6,5,7,1942,0,0,0,I,0,17T17,"VANOWEN ST","KESTER AV",400.00,W,N,A,-,N,,,,,,,,,,Y,4,0,1,2,A,-,01,23152,A,N,D,D,A,A,H,-,B,A,0,,,,,Y,Y,A,01,0,0,1,0,0,0,0,0,0,"- ","- ",,,"LOS ANGELES","LOS ANGELES",-118.45878261999999,34.19391486
5734034,2012,2013-10-31,1942,2012-07-06,2320,39359,1385,5,5,7,1942,0,0,0,M,0,13TL53,"E 60TH ST","S CENTRAL AV",0.00,E,N,A,-,N,,,,,,,,,,Y,2,0,1,2,A,-,01,23152,A,N,D,C,A,A,H,-,C,A,0,,,,,Y,Y,A,01,1,0,0,0,0,0,0,0,0,"- ","- ",,,"LOS ANGELES","LOS ANGELES",-118.25653224,33.985724949999998
5734078,2012,2013-10-31,1976,2012-07-07,0258,299,,6,5,5,1976,0,0,0,,0,,"PHILADELPHIA AV","PICKERING AV",0.00,,Y,A,-,N,,,,,,,,,,Y,2,0,2,2,A,-,01,23152,A,N,D,C,A,A,H,-,C,A,0,,,,,Y,Y,A,01,2,0,0,0,0,0,0,0,0,"- ","- ",,,"LOS ANGELES",WHITTIER,-118.04208222,33.979104880000001
5734279,2012,2013-10-30,1942,2012-07-07,1755,37700,0803,6,5,7,1942,0,0,0,H,0,8TL28,"SUNSET BL","WESTCOVE DR",284.00,W,N,A,-,N,,,,,,,,,,Y,3,0,1,2,A,-,01,23152,A,N,A,C,A,-,A,H,A,A,0,,,,,Y,Y,A,08,0,1,0,0,0,0,0,0,0,"- ","- ",,,"LOS ANGELES","LOS ANGELES",,
5734284,2012,2013-10-31,1942,2012-07-06,0045,25907,1591,5,5,7,1942,0,0,0,O,0,15T43,"LAUREL GROVE AV","HILLSLOPE ST",50.00,N,N,A,-,N,,,,,,,,,,Y,3,0,1,2,A,-,01,23152,A,M,A,E,A,A,H,-,C,A,0,,,,,Y,Y,A,01,0,1,0,0,0,0,0,0,0,"- ","- ",,,"LOS ANGELES","LOS ANGELES",-118.40063847,34.141451330000002
5734777,2012,2013-10-30,1942,2012-07-10,1750,40912,853,2,5,7,1942,0,0,0,,0,8A14,"COLBY AV","OHIO AV",0.00,,Y,A,-,N,,,,,,,,,,Y,4,0,1,3,A,-,12,22450,,N,F,C,A,A,H,-,A,A,0,,,,,Y,Y,A,01,0,0,1,0,0,0,0,0,0,"- ","- ",,,"LOS ANGELES","LOS ANGELES",-118.4538623,34.046084960000002
5736493,2012,2013-10-30,1942,2012-07-18,2255,39299,1472,3,5,7,1942,0,0,0,N,0,1T23,"CULVER BL","PERSHING DR",26.00,E,N,B,-,N,,,,,,,,,,N,4,0,1,2,A,-,01,23152,A,N,D,C,A,A,H,-,C,D,0,,,,,Y,Y,A,01,0,0,1,0,0,0,0,0,0,"- ","- ",,,"LOS ANGELES","LOS ANGELES",-118.44771423,33.959457290000003
5737225,2012,2013-09-09,1972,2012-05-30,2239,15555,,3,5,6,1972,0,0,0,,0,,"AMIE AV","180TH ST",200.00,S,N,A,-,N,,,,,,,,,,Y,3,0,1,2,A,-,08,22107,,N,B,E,A,A,H,-,A,D,0,,,,,Y,Y,-,"- ",0,1,0,0,0,0,0,0,0,"- ","- ",,,"LOS ANGELES",TORRANCE,-118.34817764,33.866896429999997
5737999,2012,2013-09-28,1922,2012-06-17,0528,656,,7,5,6,1922,0,0,0,,0,002,"FERRIS AV","RICHWOOD AV",20.00,E,N,A,-,N,,,,,,,,,,Y,4,0,1,2,A,-,01,23152,B,N,A,E,A,A,H,-,B,D,0,,,,,Y,Y,-,"- ",0,0,1,0,0,0,0,0,0,"- ","- ",,,"LOS ANGELES","EL MONTE",-118.02000821999999,34.07293336
5739361,2012,2014-01-24,1953,2012-07-08,1859,3398,1953,7,5,6,1953,0,0,0,,0,005,"ARROYO PKWY","GREEN ST",0.00,,Y,A,-,N,,,,,,,,,,Y,3,0,3,2,A,-,12,21453,A,N,-,C,A,A,H,-,A,A,0,,,,,Y,Y,A,01,0,1,2,0,0,0,0,0,0,"- ","- ",,,"LOS ANGELES",PASADENA,-118.14757227,34.144494960000003
5739419,2012,2014-01-23,1953,2012-07-24,1735,0789,1953,2,5,6,1953,0,0,0,,0,005,"COLORADO BL","FAIR OAKS AV",0.00,,Y,A,-,N,,,,,,,,,,N,4,0,1,2,A,-,03,22350,,N,C,C,A,A,H,-,A,A,0,,,,,Y,Y,A,07,0,0,1,0,0,0,0,0,0,"- ","- ",34.145760000000003,-117.15047,"LOS ANGELES",PASADENA,-118.15043229,34.145764960000001
5739893,2012,2013-10-19,1900,2012-07-09,2125,281365,1622,1,5,5,1977,0,0,0,,0,167T1,"HARBOR VIEW AV","VAN BUREN ST",46.00,S,N,A,-,N,,,,,,,,,,Y,3,0,1,2,A,-,01,23152,A,N,C,E,A,A,H,-,C,D,0,,,,,Y,Y,D,22,0,1,0,0,0,0,0,0,0,"- ","- ",,,"LOS ANGELES",CARSON,-118.22176217000001,33.83681868
5740103,2012,2013-11-04,1905,2012-07-17,0425,1114,311,2,5,4,1905,0,0,0,,0,002,"SAN GABRIEL AV","6TH ST",57.00,N,N,A,-,N,,,,,,,,,,Y,4,0,1,4,A,-,01,23152,A,N,C,E,A,A,H,-,C,D,0,,,,,Y,Y,A,01,0,0,1,0,0,0,0,0,0,"- ","- ",,,"LOS ANGELES",AZUSA,-117.90883126999999,34.131831140000003
5740435,2012,2013-11-02,1942,2012-07-12,0425,38061,1385,4,5,7,1942,0,0,0,M,0,1T11,"AVALON PL","E 59TH ST",35.00,N,N,A,-,N,,,,,,,,,,Y,3,0,1,2,A,-,01,23152,A,N,C,C,A,A,H,-,C,D,0,,,,Y,Y,Y,A,07,0,1,0,0,0,0,0,0,0,"- ","- ",,,"LOS ANGELES","LOS ANGELES",-118.2652506,33.987250830000001
5740655,2012,2013-10-30,1942,2012-07-14,1045,39478,1363,6,5,7,1942,0,0,0,M,0,13A41,"CENTRAL AV","48TH ST",5.00,N,N,A,-,N,,,,,,,,,,N,3,0,1,2,A,-,12,21453,A,N,B,C,A,A,H,-,A,A,0,,Y,,,Y,Y,-,"- ",0,1,0,0,0,0,1,0,0,"- ","- ",,,"LOS ANGELES","LOS ANGELES",-118.25649218,34.000288560000001
5740985,2012,2013-11-02,1942,2012-07-04,2200,38357,0139,3,5,7,1942,0,0,0,A,0,4T43,"4TH ST","MATEO ST",0.00,,N,A,-,N,,,,,,,,,,Y,4,0,1,1,A,-,01,23152,A,N,E,I,A,A,H,-,C,D,0,,,,,Y,Y,A,01,0,0,1,0,0,0,0,0,0,"- ","- ",,,"LOS ANGELES","LOS ANGELES",-118.23317221000001,34.04144488
5743191,2012,2013-11-07,1942,2012-07-24,1918,38687,1677,2,5,7,1942,0,0,0,P,0,19T73,"GLENOAKS BL","MERITAGE CT",40.00,S,N,A,-,N,,,,,,,,,,Y,4,0,3,2,A,-,01,23152,A,N,B,C,A,A,H,-,A,D,0,,,,,Y,Y,A,01,0,0,3,0,0,0,0,0,0,"- ","- ",,,"LOS ANGELES","LOS ANGELES",-118.352127,34.215947999999997
5744349,2012,2013-11-06,1972,2012-07-24,1350,18059,,2,5,6,1972,0,0,0,,0,,PRAIRIE,CHALLENGER,75.00,N,N,A,-,N,,,,,,,,,,Y,4,0,1,1,A,-,03,22350,,N,F,I,A,A,H,-,A,D,0,,,,,Y,Y,A,,0,0,1,0,0,0,0,0,0,"- ","- ",,,"LOS ANGELES",TORRANCE,-118.34526997,33.851237500000003
5744443,2012,2013-11-05,9590,2012-07-15,0220,10348,,7,3,7,1942,0,1,1,,2,053,"RT 110","OLYMPIC BL",200.00,S,N,A,-,Y,LA,7,110,-,-,21.990,H,-,S,N,4,0,1,2,A,-,07,21658,A,N,B,C,A,A,H,-,C,D,1,,,,,Y,Y,A,01,0,0,1,0,0,0,0,0,0,"- ","- ",34.039020000000001,-118.27839,"LOS ANGELES","LOS ANGELES",-118.26918736,34.04643927
5744478,2012,2013-11-07,1942,2012-07-23,0420,37809,1762,1,5,7,1942,0,0,0,Q,0,17A67,"PLUMMER ST","MASON AV",0.00,,Y,A,-,N,,,,,,,,,,Y,4,0,1,2,A,-,12,21453,A,F,D,C,A,A,H,-,C,A,0,,,,,Y,Y,A,01,0,0,1,0,0,0,0,0,0,"- ","- ",,,"LOS ANGELES","LOS ANGELES",-118.57983228000001,34.242724879999997
5745896,2012,2013-10-30,9590,2012-07-19,2220,19353,,4,3,7,1942,0,1,2,,2,073,"RT 101","CLINTON ST",250.00,N,N,A,-,Y,LA,7,101,-,-,4.750,H,-,S,Y,4,0,2,2,A,-,01,23152,A,N,C,C,A,A,H,-,C,D,1,,,,,Y,Y,D,22,0,0,2,0,0,0,0,0,0,"- ","- ",34.082569999999997,-118.29795,"LOS ANGELES","LOS ANGELES",-118.29658241999999,34.081882499999999
5746483,2012,2013-10-26,1942,2012-07-13,2310,36866,1822,5,5,7,1942,0,0,0,R,0,18A97,"MAIN ST","98TH ST",0.00,,Y,A,-,N,,,,,,,,,,Y,4,0,1,2,A,-,01,23152,A,F,D,C,A,A,H,-,C,A,0,,,,,Y,Y,A,01,0,0,1,0,0,0,0,0,0,"- ","- ",,,"LOS ANGELES","LOS ANGELES",-118.27391227,33.947384890000002
5746490,2012,2013-10-26,9590,2012-07-21,0115,20344,,6,3,7,1942,0,1,1,,2,053,"RT 110","8TH ST",205.00,N,N,A,-,Y,LA,7,110,-,-,22.500,H,-,S,Y,4,0,1,1,A,-,01,23152,A,N,E,J,A,A,D,-,C,D,1,,,,,Y,Y,A,07,0,0,1,0,0,0,0,0,0,"- ","- ",34.049979999999998,-118.26284,"LOS ANGELES","LOS ANGELES",-118.26296263,34.050276590000003
5746522,2012,2013-10-26,1942,2012-07-18,2100,40476,1824,3,5,7,1942,0,0,0,R,0,18T23,"CENTRAL BL","CENTURY BL",0.00,,Y,A,-,N,,,,,,,,,,Y,4,0,2,2,A,-,09,21801,A,N,A,C,A,A,H,-,C,A,0,,,,,Y,Y,A,01,0,0,2,0,0,0,0,0,0,"- ","- ",,,"LOS ANGELES","LOS ANGELES",-118.25418225999999,33.945634890000001
5746814,2012,2013-11-06,1942,2012-07-14,1915,25907,1543,6,5,7,1942,0,0,0,O,0,15T43,"LAUREL CANYON BL","MAGNOLIA BL",0.00,,Y,A,-,N,,,,,,,,,,N,3,0,1,2,A,-,01,23152,A,N,G,B,B,A,H,-,A,A,0,Y,,,,Y,Y,A,01,0,1,0,0,1,0,0,0,0,"- ","- ",,,"LOS ANGELES","LOS ANGELES",-118.39652224,34.164864979999997
5747407,2012,2014-01-06,1934,2012-06-27,1416,742,,3,5,1,1934,0,0,0,,0,,"ARROW HWY","IRWINDALE AV",244.00,W,N,A,-,N,,,,,,,,,,Y,4,0,1,3,A,-,03,22350,,N,B,C,A,A,H,-,A,D,0,,,,,Y,Y,D,22,0,0,1,0,0,0,0,0,0,"- ","- ",,,"LOS ANGELES",IRWINDALE,-117.93500582999999,34.107007979999999
5747966,2012,2013-10-26,1900,2012-07-05,0630,467578,2607,4,5,6,1950,0,0,0,,0,260T1,"57TH ST EAST","AVENUE S",0.00,,Y,A,-,N,,,,,,,,,,Y,3,0,1,1,A,-,01,23152,A,M,E,I,A,A,H,-,A,A,0,,,,,Y,Y,A,01,0,1,0,0,0,0,0,0,0,"- ","- ",,,"LOS ANGELES",PALMDALE,-118.02815,34.557989999999997
5748302,2012,2013-10-28,9535,2012-07-17,1700,15641,,2,2,5,1948,0,1,1,,2,421,"RT 10","RT 710",230.00,E,N,A,-,Y,LA,7,10,-,-,21.587,R,2,W,Y,3,0,1,1,A,-,01,23152,A,N,E,I,A,A,H,-,A,D,1,,,,,Y,Y,D,22,0,1,0,0,0,0,0,0,0,TO,"- ",34.039099999999998,-118.0996,"LOS ANGELES","MONTEREY PARK",-118.16059181999999,34.063758120000003
5748318,2012,2013-10-28,9535,2012-07-14,0330,20336,,6,3,5,1948,0,1,3,,2,620,"RT 60","PARAMOUNT BL",450.00,W,N,A,-,Y,LA,7,60,-,R,7.603,R,2,E,Y,3,0,1,1,A,-,01,23152,A,N,E,I,A,A,H,-,C,D,1,,,,,Y,Y,D,22,0,1,0,0,0,0,0,0,0,TO,"- ",34.034700000000001,-118.09405,"LOS ANGELES","MONTEREY PARK",-118.09936209999999,34.035704899999999