CASE_ID,ACCIDENT_YEAR,PROC_DATE,JURIS,COLLISION_DATE,COLLISION_TIME,OFFICER_ID,REPORTING_DISTRICT,DAY_OF_WEEK,CHP_SHIFT,POPULATION,CNTY_CITY_LOC,SPECIAL_COND,BEAT_TYPE,CHP_BEAT_TYPE,CITY_DIVISION_LAPD,CHP_BEAT_CLASS,BEAT_NUMBER,PRIMARY_RD,SECONDARY_RD,DISTANCE,DIRECTION,INTERSECTION,WEATHER_1,WEATHER_2,STATE_HWY_IND,CALTRANS_COUNTY,CALTRANS_DISTRICT,STATE_ROUTE,ROUTE_SUFFIX,POSTMILE_PREFIX,POSTMILE,LOCATION_TYPE,RAMP_INTERSECTION,SIDE_OF_HWY,TOW_AWAY,COLLISION_SEVERITY,NUMBER_KILLED,NUMBER_INJURED,PARTY_COUNT,PRIMARY_COLL_FACTOR,PCF_CODE_OF_VIOL,PCF_VIOL_CATEGORY,PCF_VIOLATION,PCF_VIOL_SUBSECTION,HIT_AND_RUN,TYPE_OF_COLLISION,MVIW,PED_ACTION,ROAD_SURFACE,ROAD_COND_1,ROAD_COND_2,LIGHTING,CONTROL_DEVICE,CHP_ROAD_TYPE,PEDESTRIAN_ACCIDENT,BICYCLE_ACCIDENT,MOTORCYCLE_ACCIDENT,TRUCK_ACCIDENT,NOT_PRIVATE_PROPERTY,ALCOHOL_INVOLVED,STWD_VEHTYPE_AT_FAULT,CHP_VEHTYPE_AT_FAULT,COUNT_SEVERE_INJ,COUNT_VISIBLE_INJ,COUNT_COMPLAINT_PAIN,COUNT_PED_KILLED,COUNT_PED_INJURED,COUNT_BICYCLIST_KILLED,COUNT_BICYCLIST_INJURED,COUNT_MC_KILLED,COUNT_MC_INJURED,PRIMARY_RAMP,SECONDARY_RAMP,LATITUDE,LONGITUDE,COUNTY,CITY,POINT_X,POINT_Y
5920485,2012,2014-01-21,1955,2012-12-09,0153,41802,96,7,5,6,1955,0,0,0,,0,004,"TOWNE AV","EAST 2ND ST",36.00,S,N,E,-,N,,,,,,,,,,Y,3,0,1,1,A,-,01,23152,A,N,E,I,A,A,H,-,C,A,0,,,,,Y,Y,A,01,0,1,0,0,0,0,0,0,0,"- ","- ",,,"LOS ANGELES",POMONA,-117.74141777,34.05793628
5920510,2012,2014-01-21,9590,2012-12-08,0153,19944,,6,3,7,1942,0,1,2,,2,071,"RT 101",EDGEWARE,770.00,S,N,A,-,Y,LA,7,101,-,-,1.920,H,-,S,Y,4,0,5,2,A,-,01,23152,A,N,C,C,A,A,D,-,C,D,1,,,,,Y,Y,A,01,0,0,5,0,0,0,0,0,0,"- ","- ",34.066400000000002,-118.25391999999999,"LOS ANGELES","LOS ANGELES",-118.253506,34.066284209999999
5921155,2012,2014-01-11,1920,2012-12-09,2005,11992,,7,5,6,1920,0,0,0,,0,005,"FIRESTONE BL","PARAMOUNT BL",100.00,E,N,A,-,Y,,,,,,,,,,Y,4,0,3,2,A,-,01,23152,A,M,C,C,A,A,H,-,C,D,0,,,,,Y,Y,A,,0,0,3,0,0,0,0,0,0,"- ","- ",,,"LOS ANGELES",DOWNEY,-118.13780337999999,33.94252986
5924499,2012,2013-12-28,1942,2012-11-27,1805,35749,0265,2,5,7,1942,0,0,0,B,0,2X55,"ALVARADO ST","7TH ST",3.00,W,N,A,-,N,,,,,,,,,,N,3,0,1,2,A,-,11,21950,B,N,G,B,B,A,H,-,C,A,0,Y,,,,Y,Y,N,60,0,1,0,0,1,0,0,0,0,"- ","- ",,,"LOS ANGELES","LOS ANGELES",-118.27683679,34.056457569999999
5925314,2012,2014-01-07,1942,2012-11-11,0035,40754,386,7,5,7,1942,0,0,0,,0,3A31,"WESTERN AV","27TH ST",1.00,S,N,A,-,N,,,,,,,,,,N,4,0,1,2,A,-,01,23152,A,N,C,C,A,A,H,-,C,A,0,,,,,Y,Y,A,07,0,0,1,0,0,0,0,0,0,"- ","- ",,,"LOS ANGELES","LOS ANGELES",-118.30897238,34.030862110000001
5926579,2013,2014-01-30,1942,2013-02-18,1955,32565,0899,1,5,7,1942,0,0,0,H,0,20T59,"VENICE BL","NATIONAL BL",46.00,E,N,B,-,N,,,,,,,,,,Y,3,0,2,2,A,-,01,23152,A,N,C,C,A,A,H,-,C,D,0,,,,,Y,Y,D,22,0,1,1,0,0,0,0,0,0,"- ","- ",,,"LOS ANGELES","LOS ANGELES",-118.3881863,34.029515000000004
5927182,2012,2013-12-18,1942,2012-10-20,0005,37903,0631,6,5,7,1942,0,0,0,F,0,6T7,"CORDELL DR","SIERRA ALTA WY",310.00,E,N,A,-,N,,,,,,,,,,Y,2,0,1,4,A,-,01,23152,A,N,B,E,A,A,H,-,C,D,0,,,,,Y,Y,D,22,1,0,0,0,0,0,0,0,0,"- ","- ",,,"LOS ANGELES","LOS ANGELES",-118.39343809,34.093315879999999
5927514,2012,2013-09-25,9530,2012-06-24,0355,20349,,7,3,9,1900,0,3,5,,2,006,"212TH ST","NORMANDIE AV",90.00,E,N,A,-,N,,,,,,,,,,Y,3,0,2,3,A,-,01,23152,A,F,A,E,A,A,H,-,C,D,0,,,,,Y,Y,A,07,0,2,0,0,0,0,0,0,0,"- ","- ",33.837290000000003,-118.29912,"LOS ANGELES",UNINCORPORATED,-118.299007,33.837302999999999
5928047,2013,2014-01-25,1942,2013-02-17,1905,40545,473,7,5,7,1942,0,0,0,,0,2T15,"SOTO ST","WHITTIER BL",0.00,,Y,A,-,N,,,,,,,,,,Y,3,0,1,2,A,-,12,21453,A,N,D,G,A,A,H,-,C,A,0,,Y,,,Y,Y,L,04,0,1,0,0,0,0,1,0,0,"- ","- ",,,"LOS ANGELES","LOS ANGELES",-118.2157023,34.034384899999999
5929047,2012,2014-01-13,1905,2012-12-07,1821,1129,445,5,5,4,1905,0,0,0,,0,071,"ARROW HWY","CITRUS AV",452.00,E,N,A,-,N,,,,,,,,,,Y,4,0,1,2,A,-,01,23152,,N,C,C,A,A,H,-,C,A,0,,,,,Y,Y,-,"- ",0,0,1,0,0,0,0,0,0,"- ","- ",,,"LOS ANGELES",AZUSA,-117.88876267000001,34.106816000000002
5929590,2013,2014-01-25,1942,2013-02-23,1500,39444,1918,6,5,7,1942,0,0,0,,0,,"MACLAY ST","BROMONT AV",45.00,E,N,A,-,N,,,,,,,,,,Y,4,0,1,3,A,-,01,23152,A,N,C,E,A,A,H,-,A,A,0,,,,,Y,Y,A,01,0,0,1,0,0,0,0,0,0,"- ","- ",,,"LOS ANGELES","LOS ANGELES",-118.4220507,34.297356499999999
5930934,2013,2014-02-01,1900,2013-02-27,1221,507891,1515,3,5,5,1954,0,0,0,,0,151T1,"ROSEHEDGE DR","PICO VISTA RD",6.00,E,N,A,-,N,,,,,,,,,,Y,2,0,2,4,A,-,01,23153,A,N,D,E,F,A,H,-,A,D,0,Y,,,,Y,Y,A,01,1,1,0,0,1,0,0,0,0,"- ","- ",,,"LOS ANGELES","PICO RIVERA",-118.07899999999999,33.989420000000003
5932683,2012,2014-01-17,1944,2012-12-14,1548,224,,5,5,4,1944,0,0,0,,0,004,"SEPULVEDA BL","18TH ST",85.00,S,N,B,-,Y,LA,7,1,-,-,23.170,H,-,N,Y,4,0,1,2,A,-,01,23152,A,M,C,C,A,B,G,-,B,A,0,,,,,Y,Y,A,01,0,0,1,0,0,0,0,0,0,"- ","- ",,,"LOS ANGELES","MANHATTAN BEACH",-118.39597214,33.891044409999999
5932742,2013,2014-02-01,9545,2013-02-24,1900,19006,,7,2,9,1900,0,3,5,,2,002,"ELIZABETH LAKE RD","75TH ST WEST",450.00,E,N,A,-,N,,,,,,,,,,Y,2,0,1,1,A,-,01,23152,A,N,F,A,A,A,H,-,D,D,0,,,,,Y,Y,D,22,1,0,0,0,0,0,0,0,0,"- ","- ",34.609380000000002,-118.26300999999999,"LOS ANGELES",UNINCORPORATED,-118.261487,34.609068999999998
5933151,2012,2014-01-09,1924,2012-09-14,0036,114614,44,5,5,5,1924,0,0,0,,0,006,"WESTERN AV","ARTESIA BL",0.00,,Y,A,-,N,,,,,,,,,,N,3,0,1,2,A,-,12,21453,A,N,H,G,A,A,H,-,C,A,0,,Y,,,Y,Y,L,04,0,1,0,0,0,0,1,0,0,"- ","- ",,,"LOS ANGELES",GARDENA,-118.30914231,33.872934950000001
5933401,2013,2014-02-07,1900,2013-03-03,0005,483167,0466,7,5,4,1936,0,0,0,,0,46T2,"VALLEY VIEW AV","FIRESTONE BL",0.00,,Y,A,-,N,,,,,,,,,,Y,4,0,1,2,A,-,01,23152,A,N,D,C,A,A,H,-,C,A,0,,,,,Y,Y,A,01,0,0,1,0,0,0,0,0,0,"- ","- ",,,"LOS ANGELES","LA MIRADA",-118.0290222,33.8857949
5934123,2013,2014-02-05,1942,2013-03-10,2335,36814,0132,7,5,7,1942,0,0,0,A,0,1T11,"FIGUEROA ST","2ND ST",0.00,,Y,A,-,N,,,,,,,,,,N,4,0,1,2,A,-,08,22107,,N,H,G,A,A,H,-,C,D,0,,Y,,,Y,Y,L,04,0,0,1,0,0,0,1,0,0,"- ","- ",,,"LOS ANGELES","LOS ANGELES",-118.2531122,34.056494899999997
5934473,2012,2014-01-09,1947,2012-12-31,1701,1341,,1,5,5,1947,0,0,0,,0,ADAM,"GARFIELD AV","BEVERLY BL",70.00,S,N,A,-,N,,,,,,,,,,Y,4,0,1,2,A,-,01,23152,A,N,A,C,A,A,H,-,B,A,0,,,,,Y,Y,-,"- ",0,0,1,0,0,0,0,0,0,"- ","- ",,,"LOS ANGELES",MONTEBELLO,-118.13411342000001,34.022217740000002
5934668,2012,2014-01-13,1942,2012-12-06,1440,40545,216,4,5,7,1942,0,0,0,,0,4T4,"SUNSET BL","CORONADO ST",15.00,W,N,A,-,N,,,,,,,,,,Y,3,0,2,3,A,-,01,23152,A,N,C,C,A,A,H,-,A,D,0,,,,,Y,Y,A,07,0,1,1,0,0,0,0,0,0,"- ","- ",,,"LOS ANGELES","LOS ANGELES",-118.26907366,34.079517250000002
5935592,2012,2014-01-13,9540,2012-12-03,0240,19716,,1,3,7,1942,0,1,1,,2,500,"RT 5","SAN FERNANDO MISSION BL",500.00,N,N,B,C,Y,LA,7,5,-,-,40.360,H,-,N,Y,3,0,2,1,A,-,01,23152,A,N,E,I,A,B,H,-,C,D,1,,,,,Y,Y,A,01,0,1,1,0,0,0,0,0,0,"- ","- ",34.278489999999998,-118.45464,"LOS ANGELES","LOS ANGELES",-118.45460507,34.278524310000002
5935658,2012,2014-01-16,9575,2012-12-24,1920,019920,,1,2,9,1900,0,1,3,,2,081,"ROSEMEAD BL","DEL MAR BL",0.00,,Y,A,-,N,,,,,,,,,,N,3,0,1,2,A,-,08,22107,,F,D,G,A,A,H,-,C,A,0,,Y,,,Y,Y,A,01,0,1,0,0,0,0,1,0,0,"- ","- ",34.142200000000003,-118.07347,"LOS ANGELES",UNINCORPORATED,-118.0734523,34.142254919999999
5935838,2012,2013-12-26,1909,2012-11-10,0059,508,1909,6,5,4,1909,0,0,0,,0,,"IRA AV","LIVE OAK ST",7.00,N,N,A,-,N,,,,,,,,,,Y,4,0,1,1,A,-,01,23152,A,N,E,I,A,A,H,-,C,D,0,,,,,Y,Y,D,,0,0,1,0,0,0,0,0,0,"- ","- ",,,"LOS ANGELES","BELL GARDENS",-118.156189,33.96434386
5936156,2012,2013-12-30,1942,2012-11-01,0105,33260,1109,4,5,7,1942,0,0,0,K,0,4T43,"TOWNSEND AV","LAS FLORES DR",252.00,N,N,A,-,N,,,,,,,,,,Y,4,0,1,3,A,-,01,23152,A,N,C,E,A,A,B,-,C,D,0,,,,,Y,Y,A,01,0,0,1,0,0,0,0,0,0,"- ","- ",,,"LOS ANGELES","LOS ANGELES",-118.20115339,34.14217507
5936166,2012,2013-12-27,1942,2012-11-18,2115,41010,1444,7,5,7,1942,0,0,0,N,0,14A12,"LINCOLN BL","GRANT AV",6.00,S,N,A,-,,,,,,,,,,,Y,4,0,1,2,A,-,01,23152,A,N,A,C,A,A,H,-,D,D,0,,,,,Y,Y,A,01,0,0,1,0,0,0,0,0,0,"- ","- ",,,"LOS ANGELES","LOS ANGELES",-118.44874117000001,33.991461190000003
5936191,2012,2014-01-04,1955,2012-11-23,1907,90905,20,5,5,6,1955,0,0,0,,0,002,"ASHBURY AV",ASHBURY,0.00,,Y,A,-,N,,,,,,,,,,N,2,0,2,2,A,-,01,21200,5,N,H,G,A,A,H,-,C,D,0,,Y,,,Y,Y,L,04,2,0,0,0,0,0,2,0,0,"- ","- ",,,"LOS ANGELES",POMONA,-117.91075225,34.049004910000001
5936341,2012,2014-01-17,1924,2012-12-01,1716,111229,48,6,5,5,1924,0,0,0,,0,8M1,"164TH ST","VERMONT AV",37.00,W,N,B,-,N,,,,,,,,,,Y,3,0,1,1,A,-,01,23152,A,N,E,I,A,A,H,-,C,D,0,,,,,Y,Y,A,01,0,1,0,0,0,0,0,0,0,"- ","- ",,,"LOS ANGELES",GARDENA,-118.29161376,33.882490910000001
5936353,2012,2013-12-17,1924,2012-10-13,0343,111250,16,6,5,5,1924,0,0,0,,0,8T2,"WESTERN AV","ROSECRANS AV",0.00,,Y,A,-,N,,,,,,,,,,Y,4,0,1,2,D,-,00,,,N,D,C,A,A,H,-,C,A,0,,,,,Y,Y,-,"- ",0,0,1,0,0,0,0,0,0,"- ","- ",,,"LOS ANGELES",GARDENA,-118.30916222,33.901914840000003
5936366,2012,2013-10-19,1924,2012-07-06,2013,111250,29,5,5,5,1924,0,0,0,,0,8T2,"CRENSHAW BL","MANHATTAN BEACH BL",0.00,,Y,A,-,N,,,,,,,,,,N,4,0,1,2,A,-,01,23152,A,N,D,C,A,A,H,-,B,A,0,,,,,Y,Y,A,01,0,0,1,0,0,0,0,0,0,"- ","- ",,,"LOS ANGELES",GARDENA,-118.3265023,33.887404859999997
5937272,2012,2013-09-12,9530,2012-05-27,1805,20211,,7,2,5,1915,0,3,5,,2,002,BROADWAY,"EL SEGUNDO BL",0.00,,Y,A,-,N,,,,,,,,,,Y,4,0,1,2,A,-,01,23152,A,F,D,C,A,A,H,-,A,A,0,,,,,Y,Y,A,01,0,0,1,0,0,0,0,0,0,"- ","- ",33.91666,-118.27825,"LOS ANGELES",COMPTON,-118.2783122,33.916424880000001
5938419,2013,2014-02-10,9525,2013-03-05,0920,018964,,2,1,9,1900,0,3,5,,2,003,"FRANCISQUITO AV","AILERON AV",95.00,W,N,A,-,N,,,,,,,,,,Y,3,0,1,2,A,-,01,23152,A,N,A,C,A,A,G,-,A,D,0,,,,Y,Y,Y,A,01,0,1,0,0,0,0,0,0,0,"- ","- ",34.0505,-117.94134,"LOS ANGELES",UNINCORPORATED,-117.9405249,34.050522200000003
5938573,2013,2014-02-07,1942,2013-03-22,1835,39281,1011,5,5,7,1942,0,0,0,J,0,9T55,"SATICOY ST","CORBIN AV",150.00,E,N,A,-,N,,,,,,,,,,Y,4,0,2,5,A,-,03,22350,,N,B,E,A,A,H,-,A,D,0,,,,,Y,Y,A,08,0,0,2,0,0,0,0,0,0,"- ","- ",,,"LOS ANGELES","LOS ANGELES",-118.561787,34.208334899999997
5939783,2012,2014-01-11,9575,2012-12-27,0050,20476,,4,3,6,1925,0,1,3,,2,042,"RT 134","CONCORD ST",500.00,W,N,A,-,Y,LA,7,134,-,R,6.090,H,-,W,Y,4,0,1,2,A,-,01,23152,A,N,C,C,A,A,H,-,C,D,1,,,,,Y,Y,A,01,0,0,1,0,0,0,0,0,0,"- ","- ",34.15448,-118.27312999999999,"LOS ANGELES",GLENDALE,-118.27316829,34.154470230000001
5941630,2013,2014-02-01,1942,2013-03-09,0145,37510,1269,6,5,7,1942,0,0,0,L,0,18A3,"S CENTRAL AV","E 79TH ST",0.00,,Y,B,-,N,,,,,,,,,,Y,3,0,2,2,A,-,01,23152,A,N,A,C,A,A,H,-,C,A,0,,,,,Y,Y,A,01,0,2,0,0,0,0,0,0,0,"- ","- ",,,"LOS ANGELES","LOS ANGELES",-118.25648219999999,33.967464900000003
5941995,2013,2014-10-22,9590,2013-01-24,1855,19813,,4,2,7,1942,0,1,1,,2,085,"RT 5","LOS FELIZ BL",100.00,N,N,A,-,Y,LA,7,5,-,-,24.350,H,-,S,Y,4,0,1,1,A,-,01,23152,A,N,E,I,A,A,H,-,D,D,1,,,,,Y,Y,A,01,0,0,1,0,0,0,0,0,0,"- ","- ",34.12059,-118.27131,"LOS ANGELES","LOS ANGELES",-118.2712521,34.120384899999998
5942176,2013,2014-10-28,1942,2013-01-13,2000,38825,1841,7,5,7,1942,0,0,0,R,0,18T23,"IMPERIAL HWY","HOOVER ST",0.00,W,N,A,-,Y,LA,7,110,-,-,13.916,R,3,N,Y,4,0,2,3,A,-,01,23152,A,N,C,C,A,A,H,-,C,D,0,,,,,Y,Y,A,01,0,0,2,0,0,0,0,0,0,"- ","- ",,,"LOS ANGELES","LOS ANGELES",-118.2803921,33.928769299999999
5942236,2013,2014-01-27,1942,2013-01-14,0125,38639,0393,1,5,7,1942,0,0,0,C,0,3T5,"CRENSHAW BL","43RD ST",386.00,N,N,A,-,N,,,,,,,,,,Y,3,0,1,2,A,-,07,21658,A,N,B,C,A,A,H,-,C,A,0,,,,,Y,Y,A,01,0,1,0,0,0,0,0,0,0,"- ","- ",,,"LOS ANGELES","LOS ANGELES",-118.3334777,34.0049542
5942428,2013,2014-11-07,1976,2013-02-18,1708,209,,1,5,3,1964,0,0,0,,0,002,"LAKELAND RD","FOREST PL",270.00,W,N,A,-,N,,,,,,,,,,Y,2,0,2,3,A,-,01,23152,A,N,B,C,A,A,H,-,A,D,0,,,,,Y,Y,A,01,1,1,0,0,0,0,0,0,0,"- ","- ",,,"LOS ANGELES","SANTA FE SPRINGS",-118.0668003,33.931694899999997
5943240,2012,2013-11-09,1912,2012-08-28,0012,9392,1912,2,5,6,1912,0,0,0,,0,00V,"VERDUGO AV","FRONT ST",0.00,,Y,A,-,N,,,,,,,,,,Y,2,0,1,1,A,-,03,22350,,N,E,I,A,A,H,-,C,D,0,,,Y,,Y,Y,C,02,1,0,0,0,0,0,0,0,1,"- ","- ",34.176670000000001,-118.30777999999999,"LOS ANGELES",BURBANK,-118.30824226999999,34.176374950000003
5944627,2013,2014-06-14,1942,2013-01-28,2110,32576,1256,1,5,7,1942,0,0,0,L,0,19T23,"74TH ST","VERMONT AV",3.00,E,N,A,-,N,,,,,,,,,,Y,3,0,1,1,A,-,01,23152,A,N,E,I,A,A,H,-,C,D,0,,,,,Y,Y,A,01,0,1,0,0,0,0,0,0,0,"- ","- ",,,"LOS ANGELES","LOS ANGELES",-118.2918423,33.972744800000001
5946992,2012,2013-06-22,1933,2012-01-14,1901,959,1,6,5,6,1933,0,0,0,,0,001,"N EUCALYPTUS","PLYMOUTH ST",252.00,N,N,A,-,N,,,,,,,,,,Y,4,0,2,2,A,-,01,23152,A,N,B,E,A,A,H,-,C,D,0,,,,,Y,Y,-,"- ",0,0,2,0,0,0,0,0,0,"- ","- ",,,"LOS ANGELES",INGLEWOOD,-118.35948483999999,33.975235929999997
5947027,2012,2013-06-22,1933,2012-01-07,1609,917,30,6,5,6,1933,0,0,0,,0,002,"PRAIRIE AV","CENTURY BL",40.00,N,N,A,-,N,,,,,,,,,,Y,4,0,1,3,A,-,01,23152,A,N,B,C,A,A,H,-,A,A,0,,,,,Y,Y,A,01,0,0,1,0,0,0,0,0,0,"- ","- ",,,"LOS ANGELES",INGLEWOOD,-118.34395854,33.94557451
5947537,2013,2014-01-27,1942,2013-02-27,1435,39359,1303,3,5,7,1942,0,0,0,M,0,1TL13,"9TH PL","CROCKER ST",80.00,W,N,A,-,N,,,,,,,,,,N,4,0,1,2,A,-,11,21956,A,N,G,B,E,A,H,-,A,D,0,Y,,,,Y,Y,N,60,0,0,1,0,1,0,0,0,0,"- ","- ",,,"LOS ANGELES","LOS ANGELES",-118.2500328,34.035694599999999
5947914,2012,2014-01-09,9590,2012-12-22,0309,20341,,6,3,7,1942,0,1,1,,2,061,"RT 10","CRENSHAW BL",172.00,E,N,A,-,Y,LA,7,10,-,R,11.420,H,-,W,Y,3,0,2,1,A,-,01,23152,A,N,E,I,A,A,H,-,C,D,1,,,,,Y,Y,A,01,0,2,0,0,0,0,0,0,0,"- ","- ",34.035440000000001,-118.32704,"LOS ANGELES","LOS ANGELES",-118.33484398,34.035105520000002
5949921,2013,2014-01-24,1942,2013-01-17,1820,35021,0478,4,5,7,1942,0,0,0,D,0,1TL1W3,"SABINA ST","LORENA ST",70.00,W,N,A,-,N,,,,,,,,,,N,4,0,1,2,A,-,11,21954,A,N,G,B,D,A,H,-,C,D,0,Y,,,,Y,Y,N,60,0,0,1,0,1,0,0,0,0,"- ","- ",,,"LOS ANGELES","LOS ANGELES",-118.19979600000001,34.029611000000003
5951223,2012,2013-12-30,1925,2012-11-30,1825,21089,,5,5,6,1925,0,0,0,,0,002,"S PACIFIC AV",VINE,100.00,S,N,B,-,N,,,,,,,,,,N,4,0,1,2,A,-,03,22350,,F,C,C,A,B,H,-,C,D,0,,,,,Y,Y,A,01,0,0,1,0,0,0,0,0,0,"- ","- ",,,"LOS ANGELES",GLENDALE,-118.26443857,34.14054067
5951571,2012,2013-12-16,1942,2012-10-26,1945,38233,1307,5,5,7,1942,0,0,0,M,0,13T53W,"S CENTRAL AV","E OLYMPIC BL",37.00,N,N,A,-,N,,,,,,,,,,Y,4,0,1,2,A,-,01,23153,A,N,C,C,A,A,H,-,C,A,0,,,,,Y,Y,A,01,0,0,1,0,0,0,0,0,0,"- ","- ",,,"LOS ANGELES","LOS ANGELES",-118.24410927,34.032136260000001
5952015,2012,2014-03-21,1969,2012-11-18,0237,10094,,7,5,5,1969,0,0,0,,0,0A1,"FIRESTONE BL","ALAMEDA ST",300.00,E,N,A,-,N,,,,,,,,,,Y,4,0,1,1,A,-,01,23152,A,N,A,I,A,A,H,-,C,D,0,,,Y,,Y,Y,C,02,0,0,1,0,0,0,0,0,1,"- ","- ",,,"LOS ANGELES","SOUTH GATE",-118.2301714,33.957540469999998
5952113,2012,2013-12-30,1942,2012-11-26,0010,38980,1663,1,5,7,1942,0,0,0,P,0,21T61,"SHELDON ST","HADDON AV",300.00,W,N,A,-,N,,,,,,,,,,Y,4,0,1,4,A,-,03,22350,,M,C,E,A,A,H,-,C,D,0,,,,,Y,Y,A,07,0,0,1,0,0,0,0,0,0,"- ","- ",,,"LOS ANGELES","LOS ANGELES",-118.40120693,34.233822189999998
5952328,2012,2014-04-01,1918,2012-11-23,1800,1047,380,5,5,4,1918,0,0,0,,0,1A52,"WASHINGTON BL","WADE ST",0.00,,Y,E,-,N,,,,,,,,,,N,2,0,2,2,A,-,11,21950,B,N,G,B,B,A,H,-,C,A,0,Y,,Y,,Y,Y,N,60,1,1,0,0,1,0,0,0,1,"- ","- ",,,"LOS ANGELES","CULVER CITY",-118.43452229,33.996964869999999
5952399,2012,2013-12-26,1900,2012-11-06,2135,512427,1333,2,5,5,1908,0,0,0,,0,133E,"ALONDRA BL","HAYFORD ST",550.00,W,N,A,-,N,,,,,,,,,,Y,4,0,1,2,A,-,01,23152,A,N,D,C,A,A,H,-,C,D,0,,,,,Y,Y,A,,0,0,1,0,0,0,0,0,0,"- ","- ",,,"LOS ANGELES",BELLFLOWER,-118.11708283,33.889314849999998
5952484,2012,2014-01-18,9540,2012-12-17,0155,20304,,1,3,9,1900,0,3,5,,2,200,"SHANNONDALE RD","SHANNON VALLEY RD",204.00,N,N,B,-,N,,,,,,,,,,N,4,0,1,1,A,-,03,22350,,N,E,I,A,D,A,B,D,D,0,,,Y,,Y,Y,C,02,0,0,1,0,0,0,0,0,1,"- ","- ",34.52514,-118.23793000000001,"LOS ANGELES",UNINCORPORATED,-118.23801138,34.525153260000003
5954025,2012,2014-01-16,9530,2012-05-30,2323,20141,,3,3,9,1900,0,1,1,,2,120,"RT 110","RT 10",700.00,S,N,A,-,Y,LA,7,110,-,-,8.650,H,-,S,Y,3,0,1,2,A,-,01,23152,A,N,C,C,A,A,H,-,C,D,1,,,,,Y,Y,A,01,0,1,0,0,0,0,0,0,0,"- ","- ",,,"LOS ANGELES",UNINCORPORATED,-118.28500898,33.85379202
5954306,2012,2014-01-11,1955,2012-12-31,2052,40001,10,1,5,6,1955,0,0,0,,0,003,"GAREY AV","KINGSLEY AV",87.00,S,N,A,-,N,,,,,,,,,,Y,2,0,1,3,A,-,01,23152,A,N,C,E,A,A,H,-,D,A,0,,,,,Y,Y,A,08,1,0,0,0,0,0,0,0,0,"- ","- ",,,"LOS ANGELES",POMONA,-117.75148402000001,34.066467609999997
5955123,2012,2014-01-14,1925,2012-12-06,2006,20814,3,4,5,6,1925,0,0,0,,0,249,"E COLORADO","S JACKSON",0.00,,Y,A,-,N,,,,,,,,,,N,3,0,1,2,A,-,09,21802,A,N,D,C,A,A,H,-,C,A,0,,,Y,,Y,Y,A,,0,1,0,0,0,0,0,0,1,"- ","- ",,,"LOS ANGELES",GLENDALE,-118.25013222,34.142624900000001
5955217,2012,2013-12-14,1941,2012-10-06,1808,6276,,6,5,7,1941,0,0,0,,0,,"6TH ST","CORONADO AV",87.00,E,N,A,-,N,,,,,,,,,,N,4,0,1,2,A,-,05,21650,1,N,D,G,A,A,H,-,A,D,0,,Y,,,Y,Y,L,,0,0,1,0,0,0,1,0,0,"- ","- ",,,"LOS ANGELES","LONG BEACH",-118.15323647,33.773514830000003
5955237,2012,2013-12-14,1941,2012-10-13,2019,6172,,6,5,7,1941,0,0,0,,0,,"PACIFIC COAST HWY","PACIFIC AV",8.00,W,N,A,-,Y,LA,7,1,-,-,6.511,I,6,S,N,2,0,1,2,A,-,09,21801,A,M,G,G,A,A,H,-,C,A,0,,Y,,,Y,Y,A,,1,0,0,0,0,0,1,0,0,"- ","- ",,,"LOS ANGELES","LONG BEACH",-118.19350934000001,33.789834859999999
5956069,2012,2013-12-14,9535,2012-10-05,2240,20028,,5,3,9,1900,0,1,1,,2,074,"RT 710","LOS ANGELES RIVER",432.00,N,N,A,-,Y,LA,7,710,-,-,17.530,H,-,N,Y,4,0,1,1,A,-,17,21701,,M,E,I,A,A,H,-,C,D,1,,,,,Y,Y,A,01,0,0,1,0,0,0,0,0,0,"- ","- ",33.938920000000003,-118.17149000000001,"LOS ANGELES",UNINCORPORATED,-118.1728189,33.937598090000002
5959565,2012,2013-09-28,9530,2012-06-10,1605,19792,,7,2,9,1900,0,3,5,,2,001,"MOUNTAINVIEW AV","LIVE OAK ST",0.00,,Y,A,-,N,,,,,,,,,,Y,4,0,1,2,A,-,01,23152,A,N,A,C,A,A,H,-,A,D,0,,,,,Y,Y,A,01,0,0,1,0,0,0,0,0,0,"- ","- ",33.970840000000003,-118.22109,"LOS ANGELES",UNINCORPORATED,-118.21793218000001,33.970924869999997
5959712,2012,2013-11-07,9530,2012-07-22,1420,019885,,7,2,9,1900,0,3,5,,2,001,"ZAMORA AV","100TH ST",0.00,,Y,A,-,N,,,,,,,,,,N,4,0,1,2,A,-,01,21200,5,N,D,G,A,A,H,-,A,A,0,,Y,,,Y,Y,L,04,0,0,1,0,0,0,1,0,0,"- ","- ",,,"LOS ANGELES",UNINCORPORATED,-118.25163224000001,33.946104920000003
5959849,2012,2013-11-05,9530,2012-07-27,2245,20144,,5,3,9,1900,0,3,5,,2,001,"FIRESTONE BL","IVY ST",5.00,W,N,A,-,N,,,,,,,,,,Y,2,0,1,1,A,-,01,23152,A,N,E,I,A,A,H,-,C,D,0,,,,,Y,Y,A,01,1,0,0,0,0,0,0,0,0,"- ","- ",33.960180000000001,-118.23397,"LOS ANGELES",UNINCORPORATED,-118.23399863,33.960165089999997
5960188,2013,2014-02-11,1942,2013-03-17,2150,39281,178,7,5,7,1942,0,0,0,Q,0,17T17,"DE SOTO AV","NORDHOFF ST",145.00,N,N,A,-,N,,,,,,,,,,Y,2,0,2,3,A,-,01,23152,A,F,C,C,A,A,H,-,C,A,0,,,Y,,Y,Y,A,01,1,0,1,0,0,0,0,0,1,"- ","- ",,,"LOS ANGELES","LOS ANGELES",-118.58856230000001,34.235852600000001
5962350,2012,2014-01-15,1972,2012-12-21,1742,12309,,5,5,6,1972,0,0,0,,0,,CARSON,MARJORIE,50.00,W,N,A,-,N,,,,,,,,,,Y,4,0,2,3,A,-,03,22350,,N,C,C,A,A,H,-,C,D,0,,,,,Y,Y,A,,0,0,2,0,0,0,0,0,0,"- ","- ",,,"LOS ANGELES",TORRANCE,-118.360466,33.830418000000002