CASE_ID,ACCIDENT_YEAR,PROC_DATE,JURIS,COLLISION_DATE,COLLISION_TIME,OFFICER_ID,REPORTING_DISTRICT,DAY_OF_WEEK,CHP_SHIFT,POPULATION,CNTY_CITY_LOC,SPECIAL_COND,BEAT_TYPE,CHP_BEAT_TYPE,CITY_DIVISION_LAPD,CHP_BEAT_CLASS,BEAT_NUMBER,PRIMARY_RD,SECONDARY_RD,DISTANCE,DIRECTION,INTERSECTION,WEATHER_1,WEATHER_2,STATE_HWY_IND,CALTRANS_COUNTY,CALTRANS_DISTRICT,STATE_ROUTE,ROUTE_SUFFIX,POSTMILE_PREFIX,POSTMILE,LOCATION_TYPE,RAMP_INTERSECTION,SIDE_OF_HWY,TOW_AWAY,COLLISION_SEVERITY,NUMBER_KILLED,NUMBER_INJURED,PARTY_COUNT,PRIMARY_COLL_FACTOR,PCF_CODE_OF_VIOL,PCF_VIOL_CATEGORY,PCF_VIOLATION,PCF_VIOL_SUBSECTION,HIT_AND_RUN,TYPE_OF_COLLISION,MVIW,PED_ACTION,ROAD_SURFACE,ROAD_COND_1,ROAD_COND_2,LIGHTING,CONTROL_DEVICE,CHP_ROAD_TYPE,PEDESTRIAN_ACCIDENT,BICYCLE_ACCIDENT,MOTORCYCLE_ACCIDENT,TRUCK_ACCIDENT,NOT_PRIVATE_PROPERTY,ALCOHOL_INVOLVED,STWD_VEHTYPE_AT_FAULT,CHP_VEHTYPE_AT_FAULT,COUNT_SEVERE_INJ,COUNT_VISIBLE_INJ,COUNT_COMPLAINT_PAIN,COUNT_PED_KILLED,COUNT_PED_INJURED,COUNT_BICYCLIST_KILLED,COUNT_BICYCLIST_INJURED,COUNT_MC_KILLED,COUNT_MC_INJURED,PRIMARY_RAMP,SECONDARY_RAMP,LATITUDE,LONGITUDE,COUNTY,CITY,POINT_X,POINT_Y
6162464,2013,2014-04-01,1931,2013-08-02,2317,5288,1931,5,5,5,1931,0,0,0,,0,004,"HOLLENBECK ST","GAGE AV",240.00,S,N,A,-,N,,,,,,,,,,Y,4,0,1,2,A,-,01,23153,A,F,F,C,A,A,H,-,C,D,0,,,,,Y,Y,A,07,0,0,1,0,0,0,0,0,0,"- ","- ",,,"LOS ANGELES","HUNTINGTON PARK",-118.2073822,33.979556799999997
6163196,2013,2014-04-04,1965,2013-08-05,0123,3727,5D1,1,5,5,1965,0,0,0,,0,006,WILSHIRE,"CHELSEA AV",0.00,,Y,A,-,N,,,,,,,,,,Y,3,0,1,1,A,-,01,23152,,N,F,-,A,A,H,-,C,D,0,,,,,Y,Y,A,01,0,1,0,0,0,0,0,0,0,"- ","- ",,,"LOS ANGELES","SANTA MONICA",-118.4790924,34.034704900000001
6163624,2013,2014-03-26,9525,2013-08-17,0635,018175,,6,1,5,1990,0,1,3,,2,604,"RT 60","PHILLIPS RANCH RD",2112.00,W,N,A,-,Y,LA,7,60,-,R,27.640,H,-,E,Y,4,0,1,2,A,-,03,22350,,N,C,C,A,A,H,-,B,D,1,,,,Y,Y,Y,A,01,0,0,1,0,0,0,0,0,0,"- ","- ",34.025919999999999,-117.80417,"LOS ANGELES","DIAMOND BAR",-117.7789423,34.025918300000001
6165082,2013,2014-09-23,1900,2013-06-03,2254,487233,1513,1,5,5,1954,0,0,0,,0,151T3,"ROSEMEAD BL","WASHINGTON BL",0.00,,Y,A,-,N,,,,,,,,,,Y,4,0,1,2,A,-,09,21453,C,M,A,C,A,A,H,-,C,A,0,,,,,Y,Y,A,01,0,0,1,0,0,0,0,0,0,"- ","- ",,,"LOS ANGELES","PICO RIVERA",-118.0972022,33.983194900000001
6165664,2013,2014-03-22,1900,2013-07-14,2145,517798,1624,7,5,5,1977,0,0,0,,0,160T,"AVALON BL","228TH ST",0.00,,Y,A,-,N,,,,,,,,,,Y,3,0,1,3,A,-,01,23152,A,N,C,C,A,A,H,-,C,A,0,,,,Y,Y,Y,A,01,0,1,0,0,0,0,0,0,0,"- ","- ",,,"LOS ANGELES",CARSON,-118.2637922,33.819234899999998
6167082,2013,2014-04-03,1920,2013-08-02,0205,11992,,5,5,6,1920,0,0,0,,0,001,"IMPERIAL HWY","WOODRUFF AV",141.00,W,N,A,-,N,,,,,,,,,,Y,3,0,1,1,A,-,01,23152,A,N,E,I,A,A,H,-,C,A,0,,,,,Y,Y,A,,0,1,0,0,0,0,0,0,0,"- ","- ",,,"LOS ANGELES",DOWNEY,-118.1174159,33.916879899999998
6167601,2013,2014-03-19,9580,2013-07-18,0325,019876,,4,3,7,1942,0,1,3,,2,170,"RT 170","RT 134",300.00,N,N,A,-,Y,LA,7,170,-,R,14.650,H,-,N,Y,3,0,1,1,A,-,01,23152,A,N,E,I,A,A,H,-,C,D,1,,,,,Y,Y,A,01,0,1,0,0,0,0,0,0,0,"- ","- ",34.15502,-118.37775999999999,"LOS ANGELES","LOS ANGELES",-118.37855999999999,34.156036100000001
6169850,2013,2014-04-03,1942,2013-08-05,2005,36808,2002,1,5,7,1942,0,0,0,,0,20A71,"MELROSE AV","MANHATTAN PL",0.00,,Y,A,-,N,,,,,,,,,,N,3,0,1,2,A,-,11,21955,,N,G,B,D,A,-,-,A,A,0,Y,,,,Y,Y,N,60,0,1,0,0,1,0,0,0,0,"- ","- ",,,"LOS ANGELES","LOS ANGELES",-118.3102923,34.083514999999998
6173622,2013,2014-10-08,1942,2013-08-18,1455,37080,1727,7,5,7,1942,0,0,0,Q,0,15TL42,"CELTIC ST","TOPEKA DR",284.00,W,N,A,-,N,,,,,,,,,,Y,4,0,1,2,A,-,09,21804,A,M,D,C,A,A,H,-,A,D,0,,,,,Y,Y,A,01,0,0,1,0,0,0,0,0,0,"- ","- ",,,"LOS ANGELES","LOS ANGELES",-118.5465006,34.2689746
6174345,2012,2013-12-26,9565,2012-11-04,0110,20279,,7,3,9,1900,0,2,4,,1,032,"SALUDA AV","LA CIENEGA BL",60.00,E,N,A,-,N,,,,,,,,,,Y,4,0,1,2,A,-,01,23152,A,N,C,C,A,A,H,-,C,A,0,,,,,Y,Y,A,01,0,0,1,0,0,0,0,0,0,"- ","- ",33.987810000000003,-118.36976,"LOS ANGELES",UNINCORPORATED,,
6174640,2013,2014-03-25,9535,2013-07-13,0855,18527,,6,1,5,1948,0,1,3,,2,601,"RT 60","POMONA BL",25.00,W,N,A,-,Y,LA,7,60,-,R,4.730,H,-,W,Y,4,0,3,8,A,-,03,22350,,N,C,C,A,A,H,-,A,D,1,,,,,Y,Y,D,22,0,0,3,0,0,0,0,0,0,"- ","- ",34.033560000000001,-118.14577,"LOS ANGELES","MONTEREY PARK",-118.14532490000001,34.033361499999998
6176391,2013,2014-03-26,1942,2013-08-06,0005,40031,0666,2,5,7,1942,0,0,0,F,0,6V52,"SUNSET BL","EL CENTRO AV",103.00,W,N,A,-,N,,,,,,,,,,Y,3,0,2,3,A,-,01,23152,A,N,C,C,A,A,H,-,C,A,0,,,,,Y,Y,A,08,0,1,1,0,0,0,0,0,0,"- ","- ",,,"LOS ANGELES","LOS ANGELES",-118.32408169999999,34.098010100000003
6176691,2013,2014-03-26,1942,2013-08-13,1825,34458,0138,2,5,7,1942,0,0,0,A,0,1TL24,"CENTRAL AV","3RD ST",0.00,,Y,A,-,N,,,,,,,,,,Y,4,0,2,2,A,-,01,23152,A,N,D,C,A,A,H,-,A,A,0,,,,,Y,Y,A,01,0,0,2,0,0,0,0,0,0,"- ","- ",,,"LOS ANGELES","LOS ANGELES",-118.23957230000001,34.046104900000003
6177870,2013,2014-03-29,1941,2013-08-12,2336,6237,,1,5,7,1941,0,0,0,,0,,"4TH ST",APPIAN,115.00,W,N,A,-,N,,,,,,,,,,Y,4,0,1,3,A,-,08,22107,,N,C,C,A,A,H,-,C,D,0,,,,,Y,Y,D,,0,0,1,0,0,0,0,0,0,"- ","- ",,,"LOS ANGELES","LONG BEACH",-118.13759930000001,33.771687100000001
6178050,2013,2014-03-26,1942,2013-08-18,0405,39444,1047,7,5,7,1942,0,0,0,J,0,9T55,"BURBANK BL","BALBOA BL",1500.00,E,N,A,-,N,,,,,,,,,,Y,3,0,1,1,A,-,01,23152,A,N,F,I,A,A,H,-,D,A,0,,,,,Y,Y,D,22,0,1,0,0,0,0,0,0,0,"- ","- ",,,"LOS ANGELES","LOS ANGELES",-118.49793560000001,34.169821399999996
6178348,2013,2014-10-07,1942,2013-08-14,1430,41239,943,3,5,7,1942,0,0,0,,0,9A37,"OXNARD ST","HAZELTINE AV",0.00,,Y,A,-,N,,,,,,,,,,N,4,0,1,2,A,-,01,23152,A,N,C,C,A,A,D,H,A,D,0,,,,,Y,Y,A,07,0,0,1,0,0,0,0,0,0,"- ","- ",,,"LOS ANGELES","LOS ANGELES",-118.4399823,34.179384900000002
6178465,2013,2014-03-26,1942,2013-08-20,0005,37304,1027,2,5,7,1942,0,0,0,J,0,21T65,"SHERMAN WY","CALDUS AV",200.00,W,N,A,-,N,,,,,,,,,,Y,3,0,1,2,A,-,01,23152,A,N,B,E,A,A,H,-,C,D,0,,,,,Y,Y,A,01,0,1,0,0,0,0,0,0,0,"- ","- ",,,"LOS ANGELES","LOS ANGELES",-118.5165125,34.201194899999997
6179747,2013,2014-04-03,1942,2013-09-01,2140,36607,0515,7,5,7,1942,0,0,0,E,0,3TS,"FRIES AV","SANDISON ST",15.00,N,N,A,-,N,,,,,,,,,,N,4,0,1,2,A,-,03,22350,,N,B,C,A,A,H,-,C,C,0,,,,,Y,Y,A,07,0,0,1,0,0,0,0,0,0,"- ","- ",,,"LOS ANGELES","LOS ANGELES",-118.26592530000001,33.7932159
6180349,2013,2014-03-26,9580,2013-07-27,0320,19876,,6,3,9,1900,0,1,3,,1,271,"RT 27","OLD TOPANGA CANYON RD",300.00,S,N,A,-,Y,LA,7,27,-,-,4.290,H,-,S,Y,3,0,3,1,A,-,01,23152,A,N,E,I,A,A,H,-,D,D,0,,,,,Y,Y,A,01,0,1,2,0,0,0,0,0,0,"- ","- ",34.089019999999998,-118.60347,"LOS ANGELES",UNINCORPORATED,-118.6042822,34.089414900000001
6181167,2013,2014-03-28,1942,2013-08-20,2000,36602,2042,2,5,7,1942,0,0,0,,0,6T7,"8TH ST","MANHATTAN PL",0.00,,Y,A,-,N,,,,,,,,,,N,4,0,1,2,A,-,10,21950,A,N,G,B,B,A,H,-,C,A,0,Y,,,,Y,Y,A,08,0,0,1,0,1,0,0,0,0,"- ","- ",,,"LOS ANGELES","LOS ANGELES",-118.3101722,34.058034900000003
6182464,2013,2014-03-26,1976,2013-08-11,0031,218,,7,5,5,1976,0,0,0,,0,004,"CITRUS TREE RD","SANTA GERTRUDES AV",4.00,W,N,A,-,N,,,,,,,,,,Y,3,0,1,1,A,-,01,23152,A,N,E,I,A,A,H,-,C,D,0,,,,,Y,Y,A,01,0,1,0,0,0,0,0,0,0,"- ","- ",,,"LOS ANGELES",WHITTIER,-117.99314529999999,33.937994799999998
6182481,2013,2014-10-14,1901,2013-08-10,0921,254,10,6,5,5,1901,0,0,0,,0,002,"GARFIELD AV",ADAMS,17.00,N,N,A,-,N,,,,,,,,,,Y,4,0,1,4,A,-,09,21801,A,N,A,-,A,A,H,-,A,D,0,,,,,Y,Y,A,01,0,0,1,0,0,0,0,0,0,"- ","- ",,,"LOS ANGELES",ALHAMBRA,-118.12310220000001,34.083821499999999
6182752,2013,2014-03-27,1944,2013-08-13,2353,322,,2,5,4,1944,0,0,0,,0,001,"AVIATION BL","ARTESIA BL",0.00,,Y,B,-,N,,,,,,,,,,Y,4,0,1,2,A,-,01,23152,A,F,B,C,A,A,H,-,C,A,0,,,,,Y,Y,A,07,0,0,1,0,0,0,0,0,0,"- ","- ",,,"LOS ANGELES","MANHATTAN BEACH",-118.3816322,33.872894899999999
6183012,2013,2014-03-14,1900,2013-05-22,1758,519473,0972,3,5,4,1979,0,0,0,,0,94E,"SANTA MONICA BL","DOHENY DR",150.00,E,N,A,-,N,,,,,,,,,,N,4,0,1,2,A,-,17,21208,B,N,B,G,A,A,H,-,A,A,0,,Y,,,Y,Y,L,04,0,0,1,0,0,0,1,0,0,"- ","- ",,,"LOS ANGELES","WEST HOLLYWOOD",-118.3894238,34.081379699999999
6184625,2013,2014-03-20,1956,2013-08-24,2336,1288,20,6,5,5,1956,0,0,0,,0,002,"CATALINA AV","PACIFIC AV",15.00,N,N,A,-,N,,,,,,,,,,Y,4,0,1,1,A,-,01,23152,A,N,E,I,A,A,H,-,C,D,0,,,,,Y,Y,A,01,0,0,1,0,0,0,0,0,0,"- ","- ",,,"LOS ANGELES","REDONDO BEACH",-118.3917216,33.8456379
6185883,2013,2015-01-20,1942,2013-08-18,0145,32774,0971,7,5,7,1942,0,0,0,I,0,16T23,"VENTURA BL","KESTER AV",140.00,W,N,A,-,N,,,,,,,,,,Y,1,1,0,5,A,-,07,21658,A,F,G,B,E,A,H,-,C,D,0,Y,,,,Y,Y,-,99,0,0,0,1,0,0,0,0,0,"- ","- ",,,"LOS ANGELES","LOS ANGELES",-118.4578752,34.152430099999997
6186689,2013,2014-03-21,9525,2013-08-18,0850,020532,,7,1,5,1990,0,1,3,,2,601,"RT 60","BREA CANYON RD",250.00,E,N,A,-,Y,LA,7,60,-,R,23.173,R,2,W,Y,3,0,1,1,A,-,01,23152,A,N,E,I,A,A,H,-,A,D,1,,,,,Y,Y,D,22,0,1,0,0,0,0,0,0,0,TO,"- ",34.001710000000003,-117.8426,"LOS ANGELES","DIAMOND BAR",-117.8412738,34.0012902
6186980,2013,2014-03-24,1942,2013-08-24,2000,38639,1834,6,5,7,1942,0,0,0,R,0,18T23,"CENTRAL AV","108TH ST",0.00,,Y,A,-,N,,,,,,,,,,N,3,0,1,2,A,-,11,21955,,N,G,B,C,A,H,-,E,A,0,Y,,,,Y,Y,N,60,0,1,0,0,1,0,0,0,0,"- ","- ",,,"LOS ANGELES","LOS ANGELES",-118.2542523,33.9382649
6187016,2013,2014-03-24,1942,2013-08-26,0045,38633,1213,1,5,7,1942,0,0,0,L,0,12T41,"WESTERN AV","57TH ST",200.00,N,N,A,-,N,,,,,,,,,,N,4,0,1,2,A,-,03,22350,,F,D,B,F,A,H,-,C,A,0,Y,,,,Y,Y,A,01,0,0,1,0,1,0,0,0,0,"- ","- ",,,"LOS ANGELES","LOS ANGELES",-118.3089622,33.991523299999997
6187066,2013,2014-04-05,1942,2013-08-27,2120,39281,2147,2,5,7,1942,0,0,0,,0,21T61,"DE SOTO AV","SHERMAN WAY",0.00,,Y,A,-,N,,,,,,,,,,Y,4,0,1,2,A,-,09,21801,A,F,D,C,A,A,H,-,C,A,0,,,,,Y,Y,-,99,0,0,1,0,0,0,0,0,0,"- ","- ",,,"LOS ANGELES","LOS ANGELES",-118.5884623,34.201104899999997
6189257,2013,2014-10-10,1942,2013-08-26,1955,40643,1041,1,5,7,1942,0,0,0,J,0,15T45,"TOPHAM ST","OXNARD ST",245.00,W,N,A,-,N,,,,,,,,,,Y,3,0,1,2,A,-,01,23152,A,N,C,C,A,A,H,-,C,D,0,,,,,Y,Y,A,01,0,1,0,0,0,0,0,0,0,"- ","- ",,,"LOS ANGELES","LOS ANGELES",-118.5504083,34.180248599999999
6191528,2013,2014-03-22,1907,2013-07-17,1350,209,3,3,5,4,1907,0,0,0,,0,,"YEAGER WY","BANDINI BL",18.00,S,N,A,-,N,,,,,,,,,,N,4,0,1,2,A,-,10,21952,,F,G,B,B,A,H,-,A,A,0,Y,,,,Y,Y,A,01,0,0,1,0,1,0,0,0,0,"- ","- ",,,"LOS ANGELES",BELL,-118.16874,33.996079000000002
6192314,2013,2014-09-22,1970,2013-06-09,1923,820,NORTH,7,5,4,1970,0,0,0,,0,002,"STATE ST","RAYMONDALE DR",0.00,,Y,A,-,N,,,,,,,,,,Y,4,0,2,2,A,-,00,23103,A,M,A,C,A,A,H,-,A,D,0,,,,,Y,Y,-,"- ",0,0,2,0,0,0,0,0,0,"- ","- ",,,"LOS ANGELES","SOUTH PASADENA",-118.1482523,34.119765000000001
6193340,2013,2014-03-29,9590,2013-08-30,0255,20652,,5,3,7,1942,0,1,1,,2,050,"RT 110","54TH ST",200.00,S,N,A,-,Y,LA,7,110,-,-,18.230,H,-,N,Y,3,0,1,1,A,-,01,23152,A,N,E,I,A,A,H,-,C,D,1,,,,,Y,Y,A,01,0,1,0,0,0,0,0,0,0,"- ","- ",33.59346,-118.1649,"LOS ANGELES","LOS ANGELES",-118.2803677,33.9951206
6193480,2013,2014-03-10,1946,2013-06-14,1541,6,,5,5,4,1946,0,0,0,,0,002,"S MAYFLOWER",DIAMOND,0.00,,Y,A,-,N,,,,,,,,,,Y,3,0,1,3,A,-,08,22100,A,F,B,C,A,A,H,-,A,D,0,,,,,Y,Y,D,22,0,1,0,0,0,0,0,0,0,"- ","- ",,,"LOS ANGELES",MONROVIA,-118.0095322,34.135914999999997
6195596,2013,2014-04-04,9525,2013-08-26,0505,19970,,1,3,9,1900,0,3,5,,2,003,"VALINDA AV","MAPLEGROVE ST",0.00,,Y,B,-,N,,,,,,,,,,N,3,0,1,2,A,-,12,21453,A,N,D,G,A,A,H,-,C,A,0,,Y,,,Y,Y,-,"- ",0,1,0,0,0,0,1,0,0,"- ","- ",34.044159999999998,-117.92568,"LOS ANGELES",UNINCORPORATED,-117.92573230000001,34.044144899999999
6195781,2013,2014-02-22,1970,2013-05-21,1634,169,1,2,5,4,1970,0,0,0,,0,001,"PASADENA AV","EL CENTRO ST",380.00,S,N,A,-,N,,,,,,,,,,Y,4,0,1,3,A,-,01,23152,A,N,C,E,A,A,H,-,A,D,0,,,,,Y,Y,A,01,0,0,1,0,0,0,0,0,0,"- ","- ",,,"LOS ANGELES","SOUTH PASADENA",-118.16844949999999,34.113236399999998
6197006,2013,2014-04-02,9545,2013-09-06,2301,019872,,5,3,6,1950,0,3,5,,2,004,"20TH ST EAST","AVE P",0.00,,Y,A,-,N,,,,,,,,,,Y,3,0,2,2,A,-,01,23152,A,N,D,C,A,A,H,-,A,A,0,,,,,Y,Y,A,01,0,1,1,0,0,0,0,0,0,"- ","- ",34.602359999999997,-118.09433,"LOS ANGELES",PALMDALE,-118.0943623,34.602434899999999
6197356,2013,2014-04-04,9575,2013-08-11,0300,020529,,7,3,6,1925,0,1,1,,2,062,"RT 210","PENNSYLVANIA AV",300.00,E,N,A,-,Y,LA,7,210,-,R,16.870,H,-,W,Y,3,0,1,2,A,-,01,23152,A,N,C,C,A,A,H,-,C,D,1,,,,Y,Y,Y,A,01,0,1,0,0,0,0,0,0,0,"- ","- ",34.22251,-118.24713,"LOS ANGELES",GLENDALE,-118.2469055,34.2223842
6197509,2013,2014-03-27,1909,2013-08-26,1815,563,1909,1,5,4,1909,0,0,0,,0,,"GARFIELD AV","FLORENCE AV",0.00,,Y,A,-,N,,,,,,,,,,N,4,0,1,2,A,-,10,21950,A,F,G,B,B,A,H,-,A,A,0,Y,,,,Y,Y,-,"- ",0,0,1,0,1,0,0,0,0,"- ","- ",,,"LOS ANGELES","BELL GARDENS",-118.15173230000001,33.965384899999997
6198016,2013,2014-03-27,1900,2013-08-22,0314,512468,0453,4,5,6,1949,0,0,0,,0,45K1,"VAN RUITEN ST","JERSEY AV",123.00,E,N,A,-,N,,,,,,,,,,N,2,0,1,2,A,-,11,21955,,F,G,B,D,A,H,-,C,D,0,Y,,,,Y,Y,N,60,1,0,0,0,1,0,0,0,0,"- ","- ",,,"LOS ANGELES",NORWALK,-118.0854977,33.903019700000002
6199869,2013,2014-03-28,1909,2013-08-29,0034,488,1909,4,5,4,1909,0,0,0,,0,488,"EASTERN AV","SPECHT AV",108.00,W,N,A,-,N,,,,,,,,,,Y,3,0,1,1,A,-,"- ",,,N,E,I,A,A,H,-,B,D,0,,,,,Y,Y,-,"- ",0,1,0,0,0,0,0,0,0,"- ","- ",,,"LOS ANGELES","BELL GARDENS",,
6200028,2013,2014-04-04,1942,2013-08-04,2315,33757,0711,7,5,7,1942,0,0,0,G,0,20T59,"BEVERLY BL","CRESCENT HEIGHTS BL",75.00,W,N,B,-,N,,,,,,,,,,Y,4,0,3,2,A,-,01,23152,A,N,C,C,A,A,-,-,C,D,0,,,,,Y,Y,A,01,0,0,3,0,0,0,0,0,0,"- ","- ",,,"LOS ANGELES","LOS ANGELES",-118.3661194,34.076080099999999
6200537,2013,2014-11-03,1942,2013-09-06,0735,34250,2146,5,5,7,1942,0,0,0,,0,35M52,"DESOTO AV","VANOWEN ST",71.00,N,N,A,-,N,,,,,,,,,,N,4,0,1,2,A,-,08,22107,,F,H,G,A,A,H,-,A,D,0,,Y,,,Y,Y,A,01,0,0,1,0,0,0,1,0,0,"- ","- ",,,"LOS ANGELES","LOS ANGELES",-118.5884523,34.193969600000003
6200538,2013,2014-04-03,1942,2013-09-05,2010,41274,909,4,5,7,1942,0,0,0,,0,9A41,"SHERMAN WY","W RANCHITO AV",424.00,W,N,A,-,N,,,,,,,,,,Y,4,0,2,3,A,-,01,23152,A,N,B,C,A,A,H,-,C,D,0,,,Y,,Y,Y,A,01,0,0,2,0,0,0,0,0,1,"- ","- ",,,"LOS ANGELES","LOS ANGELES",-118.4370019,34.201184900000001
6201729,2012,2013-12-28,9565,2012-11-18,2255,20487,,7,3,9,1900,0,2,4,,2,022,"NORMANDIE AV","120TH ST",0.00,,Y,A,-,N,,,,,,,,,,Y,4,0,2,2,A,-,01,23152,A,N,A,C,A,A,H,-,C,A,0,,,,,Y,Y,A,01,0,0,2,0,0,0,0,0,0,"- ","- ",33.923999999999999,-118.3,"LOS ANGELES",UNINCORPORATED,-118.30033227,33.924004920000002
6202929,2013,2014-10-16,9535,2013-08-09,0210,18188,,5,3,9,1900,0,1,1,,2,501,"RT 5","DOWNEY RD",25.00,N,N,A,-,Y,LA,7,5,-,-,14.250,H,-,S,Y,4,0,1,2,A,-,01,23152,A,N,C,C,A,A,D,E,C,D,1,,,,,Y,Y,A,01,0,0,1,0,0,0,0,0,0,"- ","- ",34.019350000000003,-118.17959999999999,"LOS ANGELES",UNINCORPORATED,-118.1798721,34.019444900000003
6203218,2013,2014-04-07,1942,2013-09-07,0530,33757,2081,6,5,7,1942,0,0,0,,0,20T59,"WASHINGTON BL","SAINT ANDREWS PL",78.00,E,N,A,-,N,,,,,,,,,,Y,4,0,1,3,A,-,01,23152,A,N,A,C,A,A,H,-,C,D,0,,,,,Y,Y,D,22,0,0,1,0,0,0,0,0,0,"- ","- ",,,"LOS ANGELES","LOS ANGELES",-118.3113252,34.039914899999999
6203576,2012,2014-01-11,9530,2012-12-23,0030,20315,,7,3,9,1900,0,3,5,,2,001,"CASS PL","SANTA FE AV",10.00,E,N,B,-,N,,,,,,,,,,Y,4,0,1,2,A,-,01,23152,A,N,E,I,A,A,H,-,C,D,0,,,,,Y,Y,A,01,0,0,1,0,0,0,0,0,0,"- ","- ",33.9619,-118.22933999999999,"LOS ANGELES",UNINCORPORATED,-118.22961945,33.962151929999997
6203872,2012,2014-01-11,9530,2012-12-18,1730,20358,,2,2,9,1900,0,3,5,,2,002,"CENTRAL AV","123RD ST",0.00,,Y,A,F,N,,,,,,,,,,N,3,0,1,2,A,-,09,21802,A,N,D,C,A,A,H,-,C,A,0,,,Y,,Y,Y,A,01,0,1,0,0,0,0,0,0,1,"- ","- ",33.920529999999999,-118.25438,"LOS ANGELES",UNINCORPORATED,-118.2545422,33.92061494
6204329,2013,2014-03-17,9525,2013-07-17,2050,18536,,3,2,9,1900,0,3,5,,2,002,"ROCKVALE AV","WOODCROFT ST",0.00,,Y,A,-,N,,,,,,,,,,Y,3,0,1,2,A,-,01,23152,A,N,D,E,A,A,H,-,C,D,0,,,,,Y,Y,A,01,0,1,0,0,0,0,0,0,0,"- ","- ",34.109119999999997,-117.8963,"LOS ANGELES",UNINCORPORATED,-117.8962622,34.1092449
6205730,2013,2014-04-03,1902,2013-09-08,1824,00658,18,7,5,5,1902,0,0,0,,0,003,"HUNTINGTON DR","GOLDEN WEST AV",0.00,,Y,A,-,N,,,,,,,,,,N,4,0,1,2,A,-,12,21453,A,F,D,C,A,A,H,-,A,A,0,,,,,Y,Y,-,"- ",0,0,1,0,0,0,0,0,0,"- ","- ",,,"LOS ANGELES",ARCADIA,-118.06081229999999,34.1313849
6206223,2013,2014-03-22,9590,2013-07-28,2350,20462,,7,3,7,1942,0,1,2,,2,072,"RT 101","UNIVERSAL STUDIO BL",500.00,N,N,A,-,Y,LA,7,101,-,-,9.750,H,-,N,Y,3,0,1,1,A,-,01,23152,A,N,E,I,A,A,H,-,C,D,1,,,,,Y,Y,A,01,0,1,0,0,0,0,0,0,0,"- ","- ",34.129739999999998,-118.34774,"LOS ANGELES","LOS ANGELES",-118.35445900000001,34.133910999999998
6206899,2013,2013-10-03,9530,2013-01-09,2225,20080,,3,3,7,1942,0,1,1,,2,200,"RT 105","AVALON BL",380.00,E,N,A,-,Y,LA,7,105,-,R,8.380,H,-,W,Y,1,1,1,2,A,-,01,23152,A,F,B,C,A,A,H,-,C,D,1,,,Y,,Y,Y,D,22,0,1,0,0,0,0,0,1,0,"- ","- ",33.927599999999998,-118.26316,"LOS ANGELES","LOS ANGELES",-118.2654893,33.927669199999997
6207609,2013,2013-11-27,1942,2013-08-15,1115,33452,0211,4,5,7,1942,0,0,0,B,0,2TL15,"NORMANDIE AV","MAPLEWOOD AV",0.00,,Y,A,-,N,,,,,,,,,,Y,3,0,2,2,A,-,08,22100,5,N,D,C,A,A,G,-,A,D,0,,,,,Y,Y,J,48,0,2,0,0,0,0,0,0,0,"- ","- ",,,"LOS ANGELES","LOS ANGELES",-118.3004523,34.079934899999998
6209289,2013,2014-04-08,1942,2013-09-14,2320,26108,0237,6,5,7,1942,0,0,0,B,0,2A92,"GLENDALE BL","TEMPLE ST",0.00,,Y,A,-,N,,,,,,,,,,Y,4,0,1,2,A,-,12,21453,A,N,D,C,A,A,H,-,C,A,0,,,,,Y,Y,A,01,0,0,1,0,0,0,0,0,0,"- ","- ",,,"LOS ANGELES","LOS ANGELES",-118.2609023,34.068124900000001
6210058,2013,2014-04-03,1906,2013-08-29,0637,2833,1906,4,5,5,1906,0,0,0,,0,004,"LOS ANGELES ST","LANDIS AV",0.00,,Y,A,-,N,,,,,,,,,,Y,4,0,1,1,A,-,01,23152,A,N,A,I,A,A,H,-,A,D,0,,,,,Y,Y,A,01,0,0,1,0,0,0,0,0,0,"- ","- ",,,"LOS ANGELES","BALDWIN PARK",-117.96314219999999,34.092295
6210738,2013,2014-04-12,1942,2013-09-22,0025,37304,1681,7,5,7,1942,0,0,0,P,0,16TL23,"LAUREL CANYON BL","PEORIA ST",0.00,,Y,A,-,N,,,,,,,,,,Y,3,0,2,2,A,-,09,21801,A,N,D,C,A,A,H,-,C,A,0,,,,,Y,Y,D,22,0,2,0,0,0,0,0,0,0,"- ","- ",,,"LOS ANGELES","LOS ANGELES",-118.3974623,34.2260049
6211449,2013,2014-04-08,1955,2013-09-15,2101,41186,87,7,5,6,1955,0,0,0,,0,004,"TOWNE AV","LEXINGTON AV",0.00,,Y,A,-,N,,,,,,,,,,Y,4,0,2,2,A,-,01,23152,A,F,D,C,A,A,H,-,C,A,0,,,,,Y,Y,D,22,0,0,2,0,0,0,0,0,0,"- ","- ",,,"LOS ANGELES",POMONA,-117.7406721,34.037145000000002
6214623,2013,2014-04-22,1900,2013-09-09,1620,280715,1453,1,5,2,1999,0,0,0,,0,145K1,"HACIENDA BL","WEST RD",256.00,S,N,A,-,N,,,,,,,,,,Y,4,0,1,3,A,-,03,22350,,M,C,C,A,A,H,-,A,A,0,,,,,Y,Y,D,22,0,0,1,0,0,0,0,0,0,"- ","- ",,,"LOS ANGELES","LA HABRA HEIGHTS",-117.96083109999999,33.952100799999997
6215808,2013,2014-10-27,1941,2013-09-18,1807,5615,,3,5,7,1941,0,0,0,,0,,"PARAMOUNT BL","57TH ST",25.00,S,N,A,-,N,,,,,,,,,,N,4,0,1,3,A,-,03,22350,,M,C,C,A,A,H,-,A,D,0,,,,,Y,Y,A,,0,0,1,0,0,0,0,0,0,"- ","- ",,,"LOS ANGELES","LONG BEACH",-118.1599142,33.859276299999998
6216009,2013,2014-05-20,1942,2013-09-08,1700,35637,221,7,5,7,1942,0,0,0,,0,2A45,"VERMONT AV","OAKWOOD AV",0.00,,Y,A,-,N,,,,,,,,,,N,4,0,3,2,B,-,22,,,F,B,C,A,A,H,-,A,A,0,,,,,Y,Y,-,"- ",0,0,3,0,0,0,0,0,0,"- ",FR,,,"LOS ANGELES","LOS ANGELES",-118.2916922,34.077694899999997