CASE_ID,ACCIDENT_YEAR,PROC_DATE,JURIS,COLLISION_DATE,COLLISION_TIME,OFFICER_ID,REPORTING_DISTRICT,DAY_OF_WEEK,CHP_SHIFT,POPULATION,CNTY_CITY_LOC,SPECIAL_COND,BEAT_TYPE,CHP_BEAT_TYPE,CITY_DIVISION_LAPD,CHP_BEAT_CLASS,BEAT_NUMBER,PRIMARY_RD,SECONDARY_RD,DISTANCE,DIRECTION,INTERSECTION,WEATHER_1,WEATHER_2,STATE_HWY_IND,CALTRANS_COUNTY,CALTRANS_DISTRICT,STATE_ROUTE,ROUTE_SUFFIX,POSTMILE_PREFIX,POSTMILE,LOCATION_TYPE,RAMP_INTERSECTION,SIDE_OF_HWY,TOW_AWAY,COLLISION_SEVERITY,NUMBER_KILLED,NUMBER_INJURED,PARTY_COUNT,PRIMARY_COLL_FACTOR,PCF_CODE_OF_VIOL,PCF_VIOL_CATEGORY,PCF_VIOLATION,PCF_VIOL_SUBSECTION,HIT_AND_RUN,TYPE_OF_COLLISION,MVIW,PED_ACTION,ROAD_SURFACE,ROAD_COND_1,ROAD_COND_2,LIGHTING,CONTROL_DEVICE,CHP_ROAD_TYPE,PEDESTRIAN_ACCIDENT,BICYCLE_ACCIDENT,MOTORCYCLE_ACCIDENT,TRUCK_ACCIDENT,NOT_PRIVATE_PROPERTY,ALCOHOL_INVOLVED,STWD_VEHTYPE_AT_FAULT,CHP_VEHTYPE_AT_FAULT,COUNT_SEVERE_INJ,COUNT_VISIBLE_INJ,COUNT_COMPLAINT_PAIN,COUNT_PED_KILLED,COUNT_PED_INJURED,COUNT_BICYCLIST_KILLED,COUNT_BICYCLIST_INJURED,COUNT_MC_KILLED,COUNT_MC_INJURED,PRIMARY_RAMP,SECONDARY_RAMP,LATITUDE,LONGITUDE,COUNTY,CITY,POINT_X,POINT_Y
6216517,2013,2014-03-24,1942,2013-07-06,1200,33452,0251,6,5,7,1942,0,0,0,B,0,2TL15,"RAMPART BL","3RD ST",10.00,S,N,A,-,N,,,,,,,,,,Y,3,0,2,3,A,-,01,23152,A,F,G,B,-,A,H,-,A,A,0,Y,,,,Y,Y,A,01,0,2,0,0,2,0,0,0,0,"- ","- ",,,"LOS ANGELES","LOS ANGELES",-118.2789069,34.066210300000002
6217469,2013,2014-04-04,1942,2013-08-20,2340,36814,0557,2,5,7,1942,0,0,0,E,0,"3T5 W3","GAFFEY ST","1ST ST",39.00,N,N,A,-,N,,,,,,,,,,Y,3,0,3,2,A,-,01,23152,A,N,A,C,A,A,H,-,C,D,0,,,,,Y,Y,A,08,0,1,2,0,0,0,0,0,0,"- ","- ",,,"LOS ANGELES","LOS ANGELES",-118.2923598,33.743411799999997
6218650,2013,2014-04-28,9580,2013-09-12,2310,16695,,4,3,3,1989,0,1,2,,2,109,"RT 101","CHESEBRO RD",50.00,N,N,A,-,Y,LA,7,101,-,-,33.700,H,-,S,Y,3,0,2,1,A,-,01,23152,A,N,A,I,A,A,H,-,C,D,1,,,,,Y,Y,A,01,0,1,1,0,0,0,0,0,0,"- ","- ",34.143059999999998,-118.73916,"LOS ANGELES",CALABASAS,-118.7361322,34.142534900000001
6219216,2013,2014-04-08,1942,2013-09-26,2150,40696,0337,4,5,7,1942,0,0,0,C,0,3T5,"30TH ST","WESTERN AV",0.00,,Y,A,-,N,,,,,,,,,,N,3,0,3,2,A,-,01,23152,A,N,D,C,A,A,H,-,C,A,0,,,,,Y,Y,A,01,0,1,2,0,0,0,0,0,0,"- ","- ",,,"LOS ANGELES","LOS ANGELES",-118.3089322,34.027394899999997
6219227,2013,2014-04-08,9575,2013-09-02,1040,17852,,1,1,6,1925,0,1,3,,2,042,"RT 134","CENTRAL AV",400.00,W,N,A,-,Y,LA,7,134,-,R,6.610,H,-,E,Y,4,0,2,2,A,-,08,22107,,M,B,C,A,A,H,-,A,D,1,,,,,Y,Y,A,01,0,0,2,0,0,0,0,0,0,"- ","- ",34.156149999999997,-118.26309999999999,"LOS ANGELES",GLENDALE,-118.2657725,34.1559387
6219373,2013,2014-04-09,1925,2013-09-28,2035,22441,111,6,5,6,1925,0,0,0,,0,005,"FOOTHILL BL","PENNSYLVANIA AV",60.00,W,N,A,-,N,,,,,,,,,,Y,4,0,2,3,A,-,01,23152,B,N,C,C,A,A,H,-,C,A,0,,,,,Y,Y,A,01,0,0,2,0,0,0,0,0,0,"- ","- ",,,"LOS ANGELES",GLENDALE,-118.2488499,34.229644399999998
6219494,2013,2014-04-09,9575,2013-09-07,2050,019920,,6,2,5,1902,0,1,1,,2,065,"RT 210","BALDWIN AV",500.00,W,N,A,-,Y,LA,7,210,-,R,30.400,H,-,W,Y,3,0,2,3,A,-,07,21658,A,N,B,C,A,A,H,-,C,D,1,,,,,Y,Y,A,01,0,1,1,0,0,0,0,0,0,"- ","- ",34.148980000000002,-118.0528,"LOS ANGELES",ARCADIA,-118.05855010000001,34.148884899999999
6220485,2013,2014-04-02,1907,2013-08-25,0535,229,1,7,5,4,1907,0,0,0,,0,,"FLORENCE AV","ATLANTIC AV",20.00,E,N,E,-,N,,,,,,,,,,N,3,0,1,2,A,-,01,23140,A,N,G,B,A,A,H,-,C,A,0,,Y,,,Y,Y,A,01,0,1,0,0,0,0,1,0,0,"- ","- ",33.970320000000001,-118.18778,"LOS ANGELES",BELL,-118.18811650000001,33.970373700000003
6221114,2013,2014-04-10,9580,2013-09-15,1700,019540,,7,2,3,1989,0,1,2,,2,107,"RT 101","LAS VIRGENES RD",200.00,N,N,A,-,Y,LA,7,101,-,-,31.090,H,-,S,Y,4,0,2,3,A,-,03,22350,,N,C,C,A,A,H,-,A,D,1,,,,,Y,Y,A,08,0,0,2,0,0,0,0,0,0,"- ","- ",34.148020000000002,-118.69816,"LOS ANGELES",CALABASAS,-118.69709520000001,34.149163100000003
6222651,2013,2014-04-16,1975,2013-09-30,1935,359,,1,5,6,1975,0,0,0,,0,003,"WILLOW AV","FRANCISQUITO AV",0.00,,Y,A,-,N,,,,,,,,,,N,4,0,3,2,A,-,12,21453,A,F,D,C,A,A,H,-,C,A,0,,,,,Y,Y,A,01,0,0,3,0,0,0,0,0,0,"- ","- ",,,"LOS ANGELES","WEST COVINA",-117.9635622,34.060834900000003
6225318,2013,2014-12-24,1972,2013-05-05,0152,19524,,7,5,6,1972,0,0,0,,0,,"ARLINGTON AV","239TH ST",229.00,S,N,A,-,N,,,,,,,,,,Y,2,0,1,4,A,-,07,21658,A,M,B,E,A,A,H,-,C,D,0,,,,,Y,Y,A,,1,0,0,0,0,0,0,0,0,"- ","- ",,,"LOS ANGELES",TORRANCE,-118.3199966,33.807047400000002
6225372,2013,2014-12-24,1972,2013-09-09,0710,14509,,1,5,6,1972,0,0,0,,0,,HAWTHORNE,HALISON,0.00,,Y,A,-,N,,,,,,,,,,N,4,0,1,2,A,-,09,21453,B,N,D,G,A,A,H,-,A,A,0,,Y,,,Y,Y,L,04,0,0,1,0,0,0,1,0,0,"- ","- ",,,"LOS ANGELES",TORRANCE,-118.3540222,33.851464900000003
6225762,2013,2014-03-29,1972,2013-08-22,1706,12309,,4,5,6,1972,0,0,0,,0,,"182ND ST",DORMAN,25.00,W,N,A,-,N,,,,,,,,,,Y,4,0,2,3,A,-,04,21703,,N,C,C,A,A,H,-,A,D,0,,,,,Y,Y,A,,0,0,2,0,0,0,0,0,0,"- ","- ",,,"LOS ANGELES",TORRANCE,-118.3131544,33.865613699999997
6226265,2013,2014-04-16,1900,2013-09-23,1520,520084,0641,1,5,6,1985,0,0,0,,0,62T1,"BOUQUET CANYON RD","CENTRAL PARK",121.00,E,N,A,-,N,,,,,,,,,,N,4,0,4,3,A,-,01,23152,A,N,C,C,A,A,H,-,A,A,0,,,,,Y,Y,D,22,0,0,4,0,0,0,0,0,0,"- ","- ",,,"LOS ANGELES","SANTA CLARITA",-118.52096899999999,34.435720000000003
6227159,2013,2014-04-07,1961,2013-09-29,1900,40574,1902,7,5,3,1961,0,0,0,,0,19X6,"DRONFIELD AV","ROSALES ST",10.00,W,N,A,-,N,,,,,,,,,,N,4,0,1,2,A,-,08,22107,,M,B,C,A,A,H,-,C,D,0,,,,,Y,Y,-,99,0,0,1,0,0,0,0,0,0,"- ","- ",,,"LOS ANGELES","SAN FERNANDO",-118.4517262,34.3190338
6227303,2013,2014-04-18,1942,2013-09-27,0830,38471,1764,5,5,7,1942,0,0,0,Q,0,17TL15,"CORBIN AV","PLUMMER ST",0.00,,Y,A,-,N,,,,,,,,,,Y,4,0,1,2,A,-,12,21453,A,F,A,C,A,A,H,-,A,A,0,,,,,Y,Y,A,01,0,0,1,0,0,0,0,0,0,"- ","- ",,,"LOS ANGELES","LOS ANGELES",-118.5623523,34.242744899999998
6227367,2013,2014-10-28,1942,2013-09-22,1235,32372,0931,7,5,7,1942,0,0,0,I,0,35M55,"HASKELL AV","SEPULVEDA BL",959.00,W,N,A,-,N,,,,,,,,,,Y,4,0,1,1,A,-,03,22350,,N,E,I,A,A,H,-,A,A,0,,,,,Y,Y,A,01,0,0,1,0,0,0,0,0,0,"- ","- ",,,"LOS ANGELES","LOS ANGELES",,
6227814,2013,2014-04-11,1942,2013-09-22,1000,38471,1531,7,5,7,1942,0,0,0,O,0,15TL45,"BURBANK BL","COLDWATER CANYON",30.00,E,N,A,-,N,,,,,,,,,,N,4,0,1,2,A,-,04,21703,,F,C,C,A,A,H,-,A,A,0,,,,,Y,Y,-,99,0,0,1,0,0,0,0,0,0,"- ","- ",,,"LOS ANGELES","LOS ANGELES",-118.4137032,34.1721249
6227900,2013,2014-04-08,1942,2013-09-29,0125,40605,2015,7,5,7,1942,0,0,0,,0,8T35,"COUNCIL ST","VERMONT AV",0.00,,Y,A,-,N,,,,,,,,,,Y,3,0,5,2,A,-,01,23152,A,N,D,C,A,A,H,-,C,A,0,,,,,Y,Y,A,07,0,1,4,0,0,0,0,0,0,"- ","- ",,,"LOS ANGELES","LOS ANGELES",-118.2916922,34.074474899999998
6228243,2013,2014-11-12,1942,2013-09-27,1735,34332,1962,5,5,7,1942,0,0,0,,0,17TL12,"LEMONA AV","ALDA PL",192.00,N,N,A,-,N,,,,,,,,,,N,3,0,1,3,A,-,01,23152,A,N,D,E,A,A,H,-,A,D,0,,,,,Y,Y,A,01,0,1,0,0,0,0,0,0,0,"- ","- ",,,"LOS ANGELES","LOS ANGELES",-118.45884839999999,34.238181400000002
6229201,2013,2014-04-15,1941,2013-10-03,1650,5048,,4,5,7,1941,0,0,0,,0,,"MAGNOLIA AV","PACIFIC COAST HWY",4.00,N,N,A,-,Y,LA,7,1,-,-,6.771,I,6,S,N,4,0,1,2,A,-,17,21663,,N,D,G,A,A,H,-,A,A,0,,Y,,,Y,Y,L,,0,0,1,0,0,0,1,0,0,"- ","- ",,,"LOS ANGELES","LONG BEACH",-118.19803760000001,33.789844899999999
6230583,2013,2014-04-15,1931,2013-10-04,0723,5195,1931,5,5,5,1931,0,0,0,,0,002,"RANDOLPH ST","GIFFORD AV",0.00,,Y,A,-,N,,,,,,,,,,Y,3,0,1,2,A,-,12,22450,A,F,D,G,A,A,H,-,A,A,0,,Y,,,Y,Y,L,04,0,1,0,0,0,0,1,0,0,"- ","- ",,,"LOS ANGELES","HUNTINGTON PARK",-118.1931422,33.982424899999998
6230760,2013,2014-04-16,1913,2013-09-26,0129,3686,29,4,5,4,1913,0,0,0,,0,002,"COLLEGE AV","11TH ST",35.00,N,N,A,-,N,,,,,,,,,,N,3,0,1,1,A,-,08,22107,,N,E,I,A,A,H,-,C,C,0,,Y,,,Y,Y,L,04,0,1,0,0,0,0,1,0,0,"- ","- ",,,"LOS ANGELES",CLAREMONT,-117.7149831,34.104520800000003
6230780,2013,2014-04-16,1913,2013-09-06,0017,3851,63,5,5,4,1913,0,0,0,,0,004,"CLAREMONT BL","MONTE VISTA AV",300.00,W,N,A,-,N,,,,,,,,,,Y,4,0,1,1,A,-,01,23152,A,M,E,I,A,A,H,-,C,D,0,,,,,Y,Y,A,07,0,0,1,0,0,0,0,0,0,"- ","- ",,,"LOS ANGELES",CLAREMONT,-117.6994684,34.112860499999996
6233438,2013,2014-11-07,1941,2013-10-03,2227,5623,,4,5,7,1941,0,0,0,,0,,"PIER B WY","9TH ST",126.00,W,N,A,-,N,,,,,,,,,,Y,4,0,2,2,A,-,01,23152,,N,C,C,A,A,H,-,C,A,0,,,,,Y,Y,A,,0,0,2,0,0,0,0,0,0,"- ","- ",,,"LOS ANGELES","LONG BEACH",-118.2086489,33.777171600000003
6233821,2013,2014-11-12,1942,2013-10-06,0350,39341,1123,7,5,7,1942,0,0,0,K,0,1TL24,"BRUNSWICK ST","APPLETON  ST",315.00,S,N,A,-,N,,,,,,,,,,N,4,0,1,2,A,-,01,23152,A,M,B,E,A,A,H,-,C,D,0,,,,,Y,Y,A,01,0,0,1,0,0,0,0,0,0,"- ","- ",,,"LOS ANGELES","LOS ANGELES",-118.2619626,34.120563599999997
6234652,2013,2014-04-18,1941,2013-10-05,2112,10005,,6,5,7,1941,0,0,0,,0,,"15TH ST","CHESTNUT AV",100.00,E,N,A,-,N,,,,,,,,,,Y,4,0,1,4,A,-,08,22102,,N,A,E,A,A,H,-,C,A,0,,,,,Y,Y,D,,0,0,1,0,0,0,0,0,0,"- ","- ",,,"LOS ANGELES","LONG BEACH",-118.1960638,33.786219799999998
6235944,2013,2014-04-14,9535,2013-09-02,0235,20429,,1,3,6,1922,0,1,1,,2,401,"RT 10","DURFEE AV",500.00,E,N,A,-,Y,LA,7,10,-,-,30.620,H,-,W,Y,4,0,2,2,A,-,03,22350,,N,C,C,A,A,H,-,D,D,1,,,,,Y,Y,D,22,0,0,2,0,0,0,0,0,0,"- ","- ",34.064540000000001,-118.00964,"LOS ANGELES","EL MONTE",-118.00820210000001,34.064144900000002
6236252,2013,2014-10-27,9590,2013-09-28,0308,20436,,6,3,7,1942,0,1,1,,2,053,"RT 110","OLYMPIC BL",50.00,N,N,A,-,Y,LA,7,110,-,-,22.160,H,-,S,Y,3,0,2,3,A,-,03,22350,,M,C,C,A,A,H,-,D,D,1,,,,,Y,Y,-,99,0,1,1,0,0,0,0,0,0,"- ","- ",34.046959999999999,-118.26831,"LOS ANGELES","LOS ANGELES",-118.2679095,34.047229000000002
6236372,2013,2014-04-19,9590,2013-09-27,1910,20470,,5,2,7,1942,0,1,2,,2,071,"RT 101","BENTON WY",100.00,N,N,A,-,Y,LA,7,101,-,-,3.360,H,-,S,Y,3,0,1,3,A,-,01,23152,A,N,C,C,A,A,H,-,C,D,1,,,Y,,Y,Y,C,02,0,1,0,0,0,0,0,0,1,"- ","- ",34.075150000000001,-118.2745,"LOS ANGELES","LOS ANGELES",-118.27521729999999,34.075354300000001
6236400,2013,2014-04-19,9590,2013-09-24,2245,18345,,2,3,7,1942,0,1,1,,2,061,"RT 10","WESTERN AV",475.00,E,N,A,-,Y,LA,7,10,-,R,12.910,H,-,W,Y,3,0,1,1,A,-,01,23152,A,N,E,I,A,A,H,-,C,D,1,,,,,Y,Y,A,01,0,1,0,0,0,0,0,0,0,"- ","- ",34.037379999999999,-118.30503,"LOS ANGELES","LOS ANGELES",-118.3072229,34.037247100000002
6236420,2013,2014-04-19,1920,2013-09-21,2306,11992,,6,5,6,1920,0,0,0,,0,006,"MARBEL AV","CAVEL ST",10.00,S,N,A,-,N,,,,,,,,,,N,3,0,1,2,A,-,11,21954,A,M,G,B,E,A,H,-,C,D,0,Y,,,,Y,Y,N,,0,1,0,0,1,0,0,0,0,"- ","- ",,,"LOS ANGELES",DOWNEY,-118.13274010000001,33.926187499999997
6237616,2013,2014-04-10,9590,2013-09-03,0635,11280,,2,1,7,1942,0,1,1,,2,063,"RT 10","NORMANDIE AV",420.00,E,N,A,-,Y,LA,7,10,-,R,13.420,H,-,W,Y,3,0,1,2,A,-,07,21658,A,N,B,C,A,A,H,-,A,D,1,,,,,Y,Y,A,01,0,1,0,0,0,0,0,0,0,"- ","- ",34.037089999999999,-118.29701,"LOS ANGELES","LOS ANGELES",-118.2973145,34.037147099999999
6237650,2013,2014-04-11,1900,2013-09-29,0220,530052,2224,7,5,3,1994,0,0,0,,0,222P,"ROADSIDE DR","LEWIS RD",0.00,,Y,A,-,N,,,,,,,,,,Y,4,0,1,1,A,-,01,23152,A,N,E,I,A,A,H,-,D,D,0,,,,,Y,Y,A,01,0,0,1,0,0,0,0,0,0,"- ","- ",,,"LOS ANGELES","AGOURA HILLS",-118.7432623,34.1427549
6238112,2013,2014-04-26,1942,2013-10-04,1945,39359,0152,5,5,7,1942,0,0,0,A,0,4TL43,"S FLOWER ST","EAST 6TH ST",0.00,,Y,A,-,N,,,,,,,,,,Y,4,0,2,3,A,-,01,23152,A,N,D,C,A,A,H,-,C,A,0,,,,,Y,Y,A,01,0,0,2,0,0,0,0,0,0,"- ","- ",,,"LOS ANGELES","LOS ANGELES",-118.2574922,34.050164899999999
6238842,2013,2014-04-10,9590,2013-09-22,0532,20524,,7,3,7,1942,0,1,1,,2,051,"RT 110","CENTURY BL",750.00,N,N,A,-,Y,LA,7,110,-,-,15.130,H,-,S,Y,3,0,1,2,A,-,01,23152,A,N,C,C,A,A,H,-,C,D,1,,,,,Y,Y,A,01,0,1,0,0,0,0,0,0,0,"- ","- ",33.949390000000001,-118.28006000000001,"LOS ANGELES","LOS ANGELES",-118.2798998,33.949261
6239234,2013,2014-04-11,1942,2013-09-30,1005,32973,1149,1,5,7,1942,0,0,0,K,0,11TL21,"AV 50","FIGUEROA ST",150.00,W,N,A,-,N,,,,,,,,,,Y,4,0,1,3,A,-,01,23152,A,N,C,C,A,A,H,-,A,D,0,,,,,Y,Y,A,01,0,0,1,0,0,0,0,0,0,"- ","- ",,,"LOS ANGELES","LOS ANGELES",-118.2024358,34.105332400000002
6239433,2013,2014-11-03,1900,2013-09-28,2122,521382,,6,5,5,1915,0,0,0,,0,,"137TH ST","GRANDEE AV",31.00,E,N,A,-,N,,,,,,,,,,Y,4,0,1,1,A,-,01,23152,A,N,E,I,A,A,H,-,C,D,0,,,,,Y,Y,A,01,0,0,1,0,0,0,0,0,0,"- ","- ",,,"LOS ANGELES",COMPTON,-118.2430502,33.907244800000001
6239673,2013,2014-04-01,1942,2013-08-07,2025,40545,1134,3,5,7,1942,0,0,0,K,0,2T15,"SAN FERNANDO RD","GLENDALE FWY",0.00,,Y,A,-,Y,LA,7,2,-,-,15.925,R,4,W,N,4,0,1,2,A,-,01,23152,A,F,D,C,A,A,H,-,C,A,0,,,,,Y,Y,A,07,0,0,1,0,0,0,0,0,0,"- ","- ",,,"LOS ANGELES","LOS ANGELES",-118.2463521,34.112044900000001
6239908,2013,2014-05-01,1942,2013-10-05,0045,37613,2034,6,5,7,1942,0,0,0,,0,20T59,"6TH ST","KINGSLEY DR",19.00,W,N,A,-,N,,,,,,,,,,N,4,0,1,2,A,-,01,23152,A,N,C,C,A,A,H,-,C,A,0,,,,,Y,Y,A,07,0,0,1,0,0,0,0,0,0,"- ","- ",,,"LOS ANGELES","LOS ANGELES",-118.30294480000001,34.0635543
6239968,2013,2014-03-18,1924,2013-07-30,2211,110989,40,2,5,5,1924,0,0,0,,0,8L1M,"NORMANDIE AV","162ND ST",0.00,,Y,A,-,N,,,,,,,,,,Y,4,0,1,3,A,-,01,23152,A,N,D,C,A,A,H,-,C,A,0,,,,,Y,Y,A,01,0,0,1,0,0,0,0,0,0,"- ","- ",,,"LOS ANGELES",GARDENA,-118.29961230000001,33.883784800000001
6242290,2013,2014-04-22,1976,2013-10-02,0705,397,,3,5,5,1976,0,0,0,,0,,"HADLEY ST","MAGNOLIA ST",258.00,E,N,A,-,N,,,,,,,,,,Y,4,0,1,4,A,-,08,22107,,N,C,E,A,A,H,-,A,D,0,,,,,Y,Y,A,08,0,0,1,0,0,0,0,0,0,"- ","- ",,,"LOS ANGELES",WHITTIER,-118.049443,33.982734899999997
6244318,2013,2014-10-31,9590,2013-09-22,0200,20443,,7,3,7,1942,0,1,1,,2,051,"RT 110","83RD ST",100.00,N,N,A,-,Y,LA,7,110,-,-,16.290,H,-,S,Y,4,0,1,1,A,-,08,22107,,F,A,I,A,A,H,-,C,D,1,,,,,Y,Y,A,07,0,0,1,0,0,0,0,0,0,"- ","- ",33.963009999999997,-118.28094,"LOS ANGELES","LOS ANGELES",-118.2810181,33.965081599999998
6245121,2013,2014-04-19,1931,2013-10-14,2150,5280,1931,1,5,5,1931,0,0,0,,0,004,"MOUNTAIN VIEW AV","FLORENCE AV",6.00,S,N,A,-,N,,,,,,,,,,N,4,0,1,2,A,-,"- ",,,N,D,G,A,A,H,-,C,A,0,,Y,,,Y,Y,L,04,0,0,1,0,0,0,1,0,0,"- ","- ",,,"LOS ANGELES","HUNTINGTON PARK",-118.21762219999999,33.973408399999997
6245165,2013,2014-04-19,1942,2013-10-13,2015,38471,0935,7,5,7,1942,0,0,0,I,0,9TL52,"HAZELTINE AV","CALVERT ST",45.00,N,N,A,-,N,,,,,,,,,,Y,4,0,1,2,A,-,11,21955,,N,G,B,D,A,H,-,C,D,0,Y,,,,Y,Y,N,60,0,0,1,0,1,0,0,0,0,"- ","- ",,,"LOS ANGELES","LOS ANGELES",-118.4399822,34.182248299999998
6245201,2013,2014-11-07,1931,2013-10-13,0200,5294,1931,7,5,5,1931,0,0,0,,0,003,"ALAMEDA ST","67TH ST",9.00,S,N,A,-,N,,,,,,,,,,N,4,0,1,2,A,-,08,22107,,F,D,C,A,A,H,-,C,D,0,,,,,Y,Y,A,01,0,0,1,0,0,0,0,0,0,"- ","- ",,,"LOS ANGELES","HUNTINGTON PARK",-118.23568659999999,33.978950599999997
6245615,2013,2014-04-14,1969,2013-09-29,2012,10094,PATRO,7,5,5,1969,0,0,0,,0,0A2,"LONG BEACH BL","SEVILLE AV",183.00,S,N,A,-,N,,,,,,,,,,Y,4,0,1,3,A,-,01,23152,A,N,C,C,A,A,H,-,C,D,0,,,,,Y,Y,A,01,0,0,1,0,0,0,0,0,0,"- ","- ",,,"LOS ANGELES","SOUTH GATE",-118.223123,33.960275000000003
6246615,2013,2014-04-21,1942,2013-10-04,0220,40605,0636,5,5,7,1942,0,0,0,F,0,20T59,"VINE ST","HOLLYWOOD BL",150.00,N,N,A,-,N,,,,,,,,,,Y,2,0,1,2,A,-,11,21955,,N,G,B,D,A,H,-,C,A,0,Y,,,,Y,Y,N,60,1,0,0,0,1,0,0,0,0,"- ","- ",,,"LOS ANGELES","LOS ANGELES",-118.3267067,34.102026199999997
6247795,2013,2014-04-17,1942,2013-10-09,0735,38405,1999,3,5,7,1942,0,0,0,,0,19A61,"WOODMAN AV",STRATHERN,0.00,,Y,B,-,N,,,,,,,,,,Y,3,0,2,2,A,-,09,21801,B,N,A,C,A,A,H,-,B,A,0,,,,,Y,Y,A,01,0,2,0,0,0,0,0,0,0,"- ","- ",,,"LOS ANGELES","LOS ANGELES",-118.4311424,34.215644900000001
6247819,2013,2014-04-17,1942,2013-10-05,1050,38471,1993,6,5,7,1942,0,0,0,,0,17TL15,"ROSCOE BL","NOBLE AV",13.00,E,N,A,-,N,,,,,,,,,,N,4,0,1,2,A,-,10,21950,A,N,D,B,C,A,H,-,A,A,0,Y,,,,Y,Y,A,01,0,0,1,0,1,0,0,0,0,"- ","- ",,,"LOS ANGELES","LOS ANGELES",-118.4618093,34.221434899999998
6247865,2013,2014-04-21,1942,2013-10-09,1732,41297,0837,3,5,7,1942,0,0,0,H,0,8A34,"LEVERING AV","STRATHMORE DR",30.00,N,N,B,-,N,,,,,,,,,,N,3,0,1,2,A,-,"- ",,,N,B,G,A,A,H,-,A,D,0,,Y,,,Y,Y,L,04,0,1,0,0,0,0,1,0,0,"- ","- ",,,"LOS ANGELES","LOS ANGELES",-118.4505565,34.065772000000003
6248677,2013,2014-04-15,1942,2013-09-22,2150,40515,1207,7,5,7,1942,0,0,0,L,0,18T23,"50TH ST","HOOVER ST",500.00,W,N,A,-,N,,,,,,,,,,Y,2,0,3,4,A,-,01,23152,A,N,G,B,E,A,H,-,C,D,0,Y,,,,Y,Y,A,01,2,0,1,0,2,0,0,0,0,"- ","- ",,,"LOS ANGELES","LOS ANGELES",-118.2887784,33.9978561
6249244,2013,2014-04-14,9575,2013-09-29,2325,020529,,7,3,6,1925,0,1,3,,2,090,"RT 2","CHEVY CHASE DR",500.00,E,N,A,-,Y,LA,7,2,-,R,19.560,H,-,E,Y,2,0,4,2,A,-,01,23152,A,N,C,C,A,A,H,-,C,D,1,,,,,Y,Y,D,22,1,1,2,0,0,0,0,0,0,"- ","- ",34.158389999999997,-118.22471,"LOS ANGELES",GLENDALE,-118.2246312,34.157622000000003
6250455,2013,2014-04-14,9580,2013-09-27,2200,20119,,5,3,7,1942,0,1,2,,2,104,"RT 101","RT 27",100.00,N,N,A,-,Y,LA,7,101,-,-,27.340,H,-,N,Y,3,0,1,1,A,-,01,23152,A,N,E,I,A,A,H,-,C,D,1,,,,,Y,Y,A,01,0,1,0,0,0,0,0,0,0,"- ","- ",34.169080000000001,-118.59621,"LOS ANGELES","LOS ANGELES",-118.6353098,34.160314499999998
6252253,2013,2013-12-12,1965,2013-10-26,2112,3805,02D1,6,5,5,1965,0,0,0,,0,A002,"OCEAN AV","PICO BL",0.00,,Y,A,-,N,,,,,,,,,,Y,4,0,1,2,A,-,01,23152,A,N,B,C,A,A,H,-,C,A,0,,,,,Y,Y,A,01,0,0,1,0,0,0,0,0,0,"- ","- ",,,"LOS ANGELES","SANTA MONICA",-118.4903723,34.007534900000003
6252832,2013,2014-04-25,1941,2013-10-31,2335,10167,,4,5,7,1941,0,0,0,,0,,"ARTESIA BL","DOWNEY AV",0.00,,Y,A,-,Y,,,,,,,,,,Y,3,0,2,2,A,-,12,21453,A,N,D,C,A,A,H,-,C,A,0,,,,,Y,Y,D,,0,1,1,0,0,0,0,0,0,"- ","- ",,,"LOS ANGELES","LONG BEACH",-118.1513423,33.877144899999998
6253034,2013,2014-04-30,1942,2013-11-01,2235,39291,1257,5,5,7,1942,0,0,0,L,0,18T23,"79TH ST","FIGUEROA ST",16.00,E,N,A,-,N,,,,,,,,,,Y,3,0,2,1,A,-,01,23152,A,N,A,I,A,A,H,-,C,A,0,,,,,Y,Y,A,01,0,2,0,0,0,0,0,0,0,"- ","- ",,,"LOS ANGELES","LOS ANGELES",-118.2826602,33.967861800000001
6253068,2013,2014-04-29,1900,2013-11-02,0420,480759,0641,6,5,6,1985,0,0,0,,0,61T1,"GARZOTA DR","SECO CANYON RD",40.00,E,N,A,-,N,,,,,,,,,,Y,3,0,1,1,A,-,01,23152,B,N,E,I,A,A,H,-,C,A,0,,,,,Y,Y,D,22,0,1,0,0,0,0,0,0,0,"- ","- ",,,"LOS ANGELES","SANTA CLARITA",-118.5327164,34.437558899999999
6254306,2013,2014-04-24,9590,2013-10-23,2215,20527,,3,3,7,1942,0,1,1,,2,052,"RT 110","ADAMS BL",10.00,N,N,B,-,Y,LA,7,110,-,-,20.710,H,-,N,Y,3,0,2,3,A,-,01,23152,A,N,C,C,A,A,H,-,C,D,1,,,,,Y,Y,A,01,0,1,1,0,0,0,0,0,0,"- ","- ",34.041409999999999,-118.27224,"LOS ANGELES","LOS ANGELES",-118.2754939,34.0255267
6255107,2013,2014-12-04,1942,2013-11-29,0120,40567,2101,5,5,7,1942,0,0,0,,0,16T25,"TOPANGA CANYON BL","NORDHOFF ST",644.00,N,N,A,-,Y,LA,7,27,-,-,17.130,H,-,S,Y,4,0,1,1,A,-,01,23152,A,N,A,I,A,A,H,-,-,D,0,,,,,Y,Y,A,01,0,0,1,0,0,0,0,0,0,"- ","- ",,,"LOS ANGELES","LOS ANGELES",-118.6057962,34.236734300000002
6256518,2013,2014-04-28,1942,2013-10-06,0100,40777,1245,7,5,7,1942,0,0,0,L,0,12A66,"W 71ST ST",DENKER,180.00,E,N,A,-,N,,,,,,,,,,Y,3,0,1,2,A,-,01,23152,A,N,A,E,A,A,H,-,C,D,0,,,,,Y,Y,A,01,0,1,0,0,0,0,0,0,0,"- ","- ",,,"LOS ANGELES","LOS ANGELES",-118.3040496,33.975377600000002