CASE_ID,ACCIDENT_YEAR,PROC_DATE,JURIS,COLLISION_DATE,COLLISION_TIME,OFFICER_ID,REPORTING_DISTRICT,DAY_OF_WEEK,CHP_SHIFT,POPULATION,CNTY_CITY_LOC,SPECIAL_COND,BEAT_TYPE,CHP_BEAT_TYPE,CITY_DIVISION_LAPD,CHP_BEAT_CLASS,BEAT_NUMBER,PRIMARY_RD,SECONDARY_RD,DISTANCE,DIRECTION,INTERSECTION,WEATHER_1,WEATHER_2,STATE_HWY_IND,CALTRANS_COUNTY,CALTRANS_DISTRICT,STATE_ROUTE,ROUTE_SUFFIX,POSTMILE_PREFIX,POSTMILE,LOCATION_TYPE,RAMP_INTERSECTION,SIDE_OF_HWY,TOW_AWAY,COLLISION_SEVERITY,NUMBER_KILLED,NUMBER_INJURED,PARTY_COUNT,PRIMARY_COLL_FACTOR,PCF_CODE_OF_VIOL,PCF_VIOL_CATEGORY,PCF_VIOLATION,PCF_VIOL_SUBSECTION,HIT_AND_RUN,TYPE_OF_COLLISION,MVIW,PED_ACTION,ROAD_SURFACE,ROAD_COND_1,ROAD_COND_2,LIGHTING,CONTROL_DEVICE,CHP_ROAD_TYPE,PEDESTRIAN_ACCIDENT,BICYCLE_ACCIDENT,MOTORCYCLE_ACCIDENT,TRUCK_ACCIDENT,NOT_PRIVATE_PROPERTY,ALCOHOL_INVOLVED,STWD_VEHTYPE_AT_FAULT,CHP_VEHTYPE_AT_FAULT,COUNT_SEVERE_INJ,COUNT_VISIBLE_INJ,COUNT_COMPLAINT_PAIN,COUNT_PED_KILLED,COUNT_PED_INJURED,COUNT_BICYCLIST_KILLED,COUNT_BICYCLIST_INJURED,COUNT_MC_KILLED,COUNT_MC_INJURED,PRIMARY_RAMP,SECONDARY_RAMP,LATITUDE,LONGITUDE,COUNTY,CITY,POINT_X,POINT_Y
7010992,2015,2015-08-20,1956,2015-07-26,0303,1260,69,7,5,5,1956,0,0,0,,0,002,"TORRANCE BL","CATALINA AV",300.00,W,N,A,-,N,,,,,,,,,,Y,4,0,2,1,A,-,01,23152,A,N,E,I,A,A,H,-,C,D,0,,,,,Y,Y,A,01,0,0,2,0,0,0,0,0,0,"- ","- ",,,"LOS ANGELES","REDONDO BEACH",-118.38798,33.838290000000001
7013820,2015,2015-08-13,1942,2015-07-01,1815,41297,1267,3,5,7,1942,0,0,0,L,0,3A98W4,"MANCHESTER AV","FIGUEROA ST",300.00,W,N,A,-,N,,,,,,,,,,N,3,0,1,2,A,-,11,21955,,N,G,B,D,A,H,-,A,D,0,Y,,,,Y,Y,N,60,0,1,0,0,1,0,0,0,0,"- ","- ",,,"LOS ANGELES","LOS ANGELES",-118.28371739000001,33.960059999999999
7013940,2015,2015-08-12,1942,2015-06-08,1400,38331,1248,1,5,7,1942,0,0,0,L,0,12A51,"67TH ST","VERMONT AV",0.00,,Y,A,-,N,,,,,,,,,,N,4,0,1,2,A,-,12,22450,A,F,D,G,A,A,H,-,A,A,0,,Y,,,Y,Y,-,99,0,0,1,0,0,0,1,0,0,"- ","- ",,,"LOS ANGELES","LOS ANGELES",-118.29187008,33.97854006
7013970,2015,2015-09-02,1942,2015-06-06,2050,34390,1267,6,5,7,1942,0,0,0,L,0,12X58,"85TH ST","FIGUEROA ST",11.00,W,N,A,-,N,,,,,,,,,,N,3,0,1,2,A,-,09,21801,A,F,B,C,A,A,H,-,C,D,0,,,Y,,Y,Y,-,99,0,1,0,0,0,0,0,0,1,"- ","- ",,,"LOS ANGELES","LOS ANGELES",-118.2827762,33.961100569999999
7014562,2015,2015-12-10,1931,2015-07-31,1243,5281,1931,5,5,5,1931,0,0,0,,0,001,"PACIFIC BL","SLAUSON AV",57.00,N,N,A,-,N,,,,,,,,,,Y,4,0,1,3,A,-,03,22350,,N,C,C,A,A,H,-,A,A,0,,,,,Y,Y,D,22,0,0,1,0,0,0,0,0,0,"- ","- ",,,"LOS ANGELES","HUNTINGTON PARK",-118.22521,33.989356319999999
7015773,2015,2016-12-17,9530,2015-06-07,0258,020732,,7,3,7,1942,0,1,1,,2,200,"RT 105","VERMONT AV",400.00,E,N,A,-,Y,LA,7,105,-,R,6.840,H,-,E,Y,3,0,1,2,A,-,01,23152,A,N,B,C,A,A,H,-,C,D,1,,,,,Y,Y,A,01,0,1,0,0,0,0,0,0,0,"- ","- ",33.9285,-118.2894,"LOS ANGELES","LOS ANGELES",-118.2901555,33.928493109999998
7015781,2015,2016-12-12,1941,2015-06-23,1001,5578,,2,5,7,1941,0,0,0,,0,,"ATLANTIC AV","RT 91",0.00,,Y,A,-,Y,LA,7,91,-,-,12.080,H,-,E,N,4,0,2,2,A,-,03,22350,,F,C,-,A,A,H,-,A,A,0,,,,,Y,Y,A,,0,0,2,0,0,0,0,0,0,"- ","- ",,,"LOS ANGELES","LONG BEACH",-118.18625095,33.876839109999999
7017191,2015,2015-08-29,1942,2015-07-18,0105,37618,1245,6,5,7,1942,0,0,0,L,0,12T41,"RAYMOND AV","GAGE AV",0.00,,Y,A,-,N,,,,,,,,,,Y,4,0,2,2,A,-,12,22450,,F,A,C,A,A,H,-,C,A,0,,,,,Y,Y,-,99,0,0,2,0,0,0,0,0,0,"- ","- ",,,"LOS ANGELES","LOS ANGELES",-118.29807005000001,33.98234008
7017237,2015,2015-09-09,1942,2015-08-01,1015,34887,0836,6,5,7,1942,0,0,0,H,0,8A59,"SANTA MONICA BL","THAYER AV",0.00,,Y,A,-,N,,,,,,,,,,Y,4,0,1,2,A,-,"- ",,,F,C,C,A,A,-,-,A,-,0,,,,,Y,Y,-,99,0,0,1,0,0,0,0,0,0,"- ","- ",,,"LOS ANGELES","LOS ANGELES",-118.42693006,34.055610029999997
7017582,2015,2015-08-17,1907,2015-05-31,0337,233,2,7,5,4,1907,0,0,0,,0,,"WOODWARD AV","GAGE AV",230.00,S,N,A,-,N,,,,,,,,,,N,3,0,1,2,A,-,11,21954,A,F,A,B,E,A,H,-,C,D,0,Y,,,,Y,Y,N,60,0,1,0,0,1,0,0,0,0,"- ","- ",,,"LOS ANGELES",BELL,-118.18588,33.977890000000002
7017694,2015,2015-09-04,1942,2015-08-04,1730,37724,1822,2,5,7,1942,0,0,0,R,0,3TL57,"FIGUEROA ST","CENTURY BL",220.00,S,N,A,-,N,,,,,,,,,,Y,4,0,1,2,A,-,01,23152,A,N,D,C,A,A,H,-,A,A,0,,,,,Y,Y,A,01,0,0,1,0,0,0,0,0,0,"- ","- ",,,"LOS ANGELES","LOS ANGELES",-118.28264,33.9449367
7017727,2015,2015-08-17,9540,2015-06-07,0118,19990,,7,3,9,1900,0,2,4,,2,010,"THE OLD RD","MCBEAN PKWY",2112.00,N,N,A,-,N,,,,,,,,,,Y,3,0,1,1,A,-,01,23152,A,N,E,I,A,A,H,-,C,D,0,,,Y,,Y,Y,C,02,0,1,0,0,0,0,0,0,1,"- ","- ",34.401620000000001,-118.5765,"LOS ANGELES",UNINCORPORATED,,
7017751,2015,2016-11-05,9575,2015-06-19,1905,20763,,5,2,9,1900,0,1,1,,2,065,"RT 210","ROSEMEAD BL",150.00,E,N,A,-,Y,LA,7,210,-,R,29.540,H,-,W,Y,4,0,3,3,A,-,01,23152,A,N,B,C,A,A,H,-,A,D,1,,,Y,,Y,Y,A,07,0,0,3,0,0,0,0,0,0,"- ","- ",,,"LOS ANGELES",UNINCORPORATED,-118.07262286,34.148638269999999
7018381,2015,2016-06-01,1942,2015-06-28,1325,39062,1345,7,5,7,1942,0,0,0,M,0,1TL11,"33RD ST","HOOPER AV",3.00,W,N,A,-,N,,,,,,,,,,Y,3,0,1,1,A,-,01,23152,A,N,E,I,A,A,H,-,A,A,0,,,,,Y,Y,D,22,0,1,0,0,0,0,0,0,0,"- ","- ",,,"LOS ANGELES","LOS ANGELES",-118.25216988,34.013699770000002
7020366,2015,2015-08-22,1941,2015-07-23,1935,10055,,4,5,7,1941,0,0,0,,0,,"OCEAN BL","GOLDEN AV",16.00,W,N,A,-,N,,,,,,,,,,Y,4,0,1,2,A,-,01,23152,,N,C,C,A,A,H,-,B,A,0,,,,,Y,Y,A,,0,0,1,0,0,0,0,0,0,"- ","- ",,,"LOS ANGELES","LONG BEACH",-118.20191253,33.767339190000001
7021559,2015,2015-08-22,1942,2015-07-11,1740,41841,883,6,5,7,1942,0,0,0,,0,8A14,"SEPULVEDA BL","PICO BL",0.00,,Y,A,-,N,,,,,,,,,,N,3,0,1,2,A,-,10,21950,A,F,G,B,B,A,H,-,A,A,0,Y,,,,Y,Y,-,99,0,1,0,0,1,0,0,0,0,"- ","- ",,,"LOS ANGELES","LOS ANGELES",-118.43513011,34.036990070000002
7021563,2015,2015-08-18,1942,2015-07-17,2050,40899,0829,5,5,7,1942,0,0,0,H,0,8T35,"BEVERLY GLEN BL","WILKINS AV",170.00,N,N,A,-,N,,,,,,,,,,Y,4,0,2,3,A,-,01,23152,A,N,D,C,A,A,H,-,C,A,0,,,,,Y,Y,A,01,0,0,2,0,0,0,0,0,0,"- ","- ",,,"LOS ANGELES","LOS ANGELES",-118.42554979000001,34.061577919999998
7021820,2015,2015-08-27,1942,2015-08-01,1650,39317,1235,6,5,7,1942,0,0,0,L,0,12T73,"NORMANDIE AV","59TH PL",130.00,N,N,A,-,N,,,,,,,,,,Y,4,0,3,3,A,-,01,23152,A,N,D,C,A,A,H,-,A,D,0,,,,,Y,Y,A,01,0,0,3,0,0,0,0,0,0,"- ","- ",,,"LOS ANGELES","LOS ANGELES",-118.30021000000001,33.987056539999998
7023324,2015,2015-08-15,1942,2015-06-28,2020,40899,1441,7,5,7,1942,0,0,0,N,0,8T35,"SOUTH VENICE BL","OCEAN AV",43.00,W,N,A,-,N,,,,,,,,,,Y,3,0,1,2,A,-,01,23152,A,N,C,C,A,A,H,-,C,D,0,,,,,Y,Y,A,01,0,1,0,0,0,0,0,0,0,"- ","- ",,,"LOS ANGELES","LOS ANGELES",-118.46536442999999,33.987200530000003
7023331,2015,2015-09-01,1942,2015-06-21,1410,41206,0269,7,5,7,1942,0,0,0,B,0,2A39,"8TH ST","COLUMBIA AV",0.00,,Y,A,-,N,,,,,,,,,,N,4,0,1,2,A,-,10,21950,A,N,G,B,B,A,H,-,A,A,0,Y,,,,Y,Y,A,01,0,0,1,0,1,0,0,0,0,"- ","- ",,,"LOS ANGELES","LOS ANGELES",-118.26992009999999,34.050610059999997
7024599,2015,2016-11-15,9575,2015-06-28,0122,20536,,7,3,6,1953,0,1,3,,2,040,"RT 134","SAN RAFAEL AV",461.00,E,N,A,-,Y,LA,7,134,-,R,12.480,H,-,E,Y,3,0,1,2,A,-,08,22107,,N,E,I,A,A,H,-,D,D,1,,,,,Y,Y,A,07,0,1,0,0,0,0,0,0,0,"- ","- ",34.144480000000001,-118.16831000000001,"LOS ANGELES",PASADENA,-118.16831208000001,34.144376940000001
7025981,2015,2015-09-03,1942,2015-08-03,1720,38995,0991,1,5,7,1942,0,0,0,I,0,9TL56,"BEVERLY GLEN BL","BEVERLY RIDGE DR",500.00,N,N,A,-,N,,,,,,,,,,N,3,0,1,3,A,-,04,21703,,M,C,C,A,A,H,-,A,A,0,,,,,Y,Y,-,99,0,1,0,0,0,0,0,0,0,"- ","- ",,,"LOS ANGELES","LOS ANGELES",-118.44999117,34.133970230000003
7026127,2015,2015-09-03,1942,2015-08-02,2335,35433,1522,7,5,7,1942,0,0,0,O,0,21T65,"SHERMAN WAY","COLDWATER CANYON AV",25.00,E,N,A,-,N,,,,,,,,,,Y,4,0,1,2,A,-,01,23152,A,N,C,C,A,A,H,-,C,A,0,,,,,Y,Y,A,08,0,0,1,0,0,0,0,0,0,"- ","- ",,,"LOS ANGELES","LOS ANGELES",-118.41371746999999,34.201189999999997
7026579,2015,2015-09-08,1942,2015-08-10,2155,25495,0701,1,5,7,1942,0,0,0,G,0,6T7,"ROMAINE ST","CRESCENT HEIGHTS BL",0.00,,Y,A,-,N,,,,,,,,,,Y,3,0,2,2,A,-,01,23152,A,N,D,C,A,A,H,-,C,A,0,,,,,Y,Y,A,01,0,1,1,0,0,0,0,0,0,"- ","- ",,,"LOS ANGELES","LOS ANGELES",-118.36591006,34.088730060000003
7026598,2015,2015-09-03,1942,2015-08-03,0220,40275,0153,1,5,7,1942,0,0,0,A,0,1A85,BROADWAY,"7TH ST",0.00,,Y,A,-,N,,,,,,,,,,Y,3,0,2,2,A,-,01,23152,A,F,D,C,A,A,H,-,C,A,0,,,,,Y,Y,A,01,0,1,1,0,0,0,0,0,0,"- ","- ",,,"LOS ANGELES","LOS ANGELES",-118.25332,34.045200000000001
7027797,2015,2016-12-03,9590,2015-05-18,0138,20753,,1,3,7,1942,0,1,1,,2,050,"RT 110","MARTIN LUTHER KING JR BL",500.00,S,N,A,-,Y,LA,7,110,-,-,19.400,H,-,N,Y,2,0,1,2,A,-,01,23152,A,M,C,C,A,A,H,-,C,D,1,,,,,Y,Y,A,01,1,0,0,0,0,0,0,0,0,"- ","- ",34.009819999999998,-118.27988999999999,"LOS ANGELES","LOS ANGELES",-118.28092408000001,34.009939000000003
7028093,2015,2016-07-19,1955,2015-09-10,1500,41008,0080,4,5,6,1955,0,0,0,,0,005,"GAREY AV","PHILLIPS BL",0.00,,Y,A,-,N,,,,,,,,,,N,2,0,1,2,A,-,08,22107,,F,G,B,D,A,-,-,A,A,0,Y,,,Y,Y,Y,G,27,1,0,0,0,1,0,0,0,0,"- ","- ",,,"LOS ANGELES",POMONA,-117.74972004,34.044210110000002
7028760,2015,2015-09-04,1900,2015-08-03,2138,533005,1337,1,5,5,1908,0,0,0,,0,133T2,"WOODRUFF AV","ALONDRA BL",0.00,,Y,A,-,N,,,,,,,,,,Y,4,0,2,4,A,-,01,23152,A,N,D,C,A,A,H,-,C,A,0,,,,,Y,Y,A,01,0,0,2,0,0,0,0,0,0,"- ","- ",,,"LOS ANGELES",BELLFLOWER,-118.11739002,33.889360070000002
7030859,2015,2015-08-22,1942,2015-07-17,2120,38233,0449,5,5,7,1942,0,0,0,D,0,2T15W3,"WABASH AV","N FICKETT ST",0.00,,Y,A,-,N,,,,,,,,,,Y,4,0,1,2,A,-,01,23153,A,N,D,C,A,A,H,-,C,A,0,,,,,Y,Y,A,01,0,0,1,0,0,0,0,0,0,"- ","- ",,,"LOS ANGELES","LOS ANGELES",-118.20188012,34.052170019999998
7031083,2015,2015-09-17,1900,2015-08-07,2300,510899,2603,5,5,6,1950,0,0,0,,0,264T1,"SIERRA HWY","BARREL SPRINGS RD",170.00,S,N,A,-,N,,,,,,,,,,Y,4,0,1,1,A,-,01,23152,A,N,E,I,A,A,H,-,D,D,0,,,,,Y,Y,E,22,0,0,1,0,0,0,0,0,0,"- ","- ",,,"LOS ANGELES",PALMDALE,-118.10935858000001,34.545411090000002
7031166,2015,2015-09-11,1942,2015-08-08,0015,41019,0153,6,5,7,1942,0,0,0,A,0,2T15,"5TH ST","HILL ST",20.00,E,N,A,-,N,,,,,,,,,,Y,4,0,1,2,A,-,01,23152,A,N,C,C,A,A,H,-,C,D,0,,,,,Y,Y,A,07,0,0,1,0,0,0,0,0,0,"- ","- ",,,"LOS ANGELES","LOS ANGELES",-118.25174619000001,34.048728349999998
7031329,2015,2017-01-04,1976,2015-07-25,0249,206,,6,5,5,1976,0,0,0,,0,,"WHITTIER BL","CATALINA AV",12.00,W,N,A,-,Y,LA,7,72,-,-,2.620,H,-,S,Y,4,0,2,2,A,-,01,23152,A,N,C,C,A,A,H,-,C,D,0,,,,,Y,Y,A,01,0,0,2,0,0,0,0,0,0,"- ","- ",,,"LOS ANGELES",WHITTIER,-118.01789315000001,33.954684980000003
7032082,2015,2016-11-05,9525,2015-05-09,2105,20537,,6,2,5,1926,0,1,1,,2,205,"RT 210","SUNFLOWER AV",1056.00,W,N,A,-,Y,LA,7,210,-,R,42.940,H,-,W,Y,3,0,1,2,A,-,01,23152,A,N,B,C,A,A,H,-,C,D,1,,,,Y,Y,Y,A,01,0,1,0,0,0,0,0,0,0,"- ","- ",34.1175,-117.8527,"LOS ANGELES",GLENDORA,-117.85045173,34.117705370000003
7033516,2015,2015-09-02,1900,2015-08-06,0140,484625,1149,4,5,6,1992,0,0,0,,0,112T2E,"AVE M","35TH ST WEST",59.00,W,N,A,-,N,,,,,,,,,,Y,3,0,1,1,A,-,01,23152,A,N,E,I,A,A,H,-,D,D,0,,,,,Y,Y,A,01,0,1,0,0,0,0,0,0,0,"- ","- ",,,"LOS ANGELES",LANCASTER,-118.19257570000001,34.645636009999997
7033641,2015,2015-08-26,9535,2015-07-03,1700,20816,,5,2,9,1900,0,3,5,,2,001,"HARRIS AV","GAGE AV",140.00,E,N,A,-,N,,,,,,,,,,Y,3,0,2,2,A,-,01,23152,A,N,A,C,A,A,H,-,A,D,0,,,,,Y,Y,D,22,0,1,1,0,0,0,0,0,0,"- ","- ",34.04918,-118.1845,"LOS ANGELES",UNINCORPORATED,-118.18426934999999,34.04921744
7033761,2015,2015-08-21,1942,2015-07-12,1745,1527," CSUN",7,5,7,1942,0,0,0,,0,002,"MATADOR RD","VINCENNES ST",0.00,,Y,A,-,N,,,,,,,,,,N,4,0,2,2,A,-,03,22350,,N,C,C,A,A,H,-,A,A,0,,,,,Y,Y,A,01,0,0,2,0,0,0,0,0,0,"- ","- ",,,"LOS ANGELES","LOS ANGELES",-118.52461001,34.240940100000003
7037069,2015,2017-01-28,9580,2015-08-07,0308,21079,,5,3,3,1989,0,1,2,,2,106,"RT 101","PARKWAY CALABASAS",1907.00,S,N,A,-,Y,LA,7,101,-,-,27.930,H,-,N,Y,2,0,2,1,A,-,08,22107,,N,E,I,A,A,H,-,D,D,1,,,,,Y,Y,A,07,1,1,0,0,0,0,0,0,0,"- ","- ",34.155819999999999,-118.64684,"LOS ANGELES",CALABASAS,-118.64665119,34.155844129999998
7037250,2015,2015-09-02,1905,2015-07-18,1040,1147,423,6,5,4,1905,0,0,0,,0,063,"EAST FOOTHILL BL","PASADENA AV",0.00,,Y,B,-,N,,,,,,,,,,Y,3,0,1,2,A,-,12,21453,A,N,D,C,A,B,H,-,A,A,0,,,,,Y,Y,A,07,0,1,0,0,0,0,0,0,0,"- ","- ",34.133569999999999,-117.90244,"LOS ANGELES",AZUSA,-117.90245012,34.133580010000003
7037820,2015,2015-08-28,1900,2015-07-27,0605,472724,612,1,5,6,1985,0,0,0,,0,61T1,"SIERRA HWY","LINDA VISTA ST",1390.00,N,N,A,-,N,,,,,,,,,,Y,2,0,2,1,A,-,01,23152,A,N,E,I,A,A,H,-,A,D,0,,,,,Y,Y,A,01,1,1,0,0,0,0,0,0,0,"- ","- ",,,"LOS ANGELES","SANTA CLARITA",-118.43418515,34.435381800000002
7037984,2015,2015-09-08,1942,2015-08-14,1950,38285,1028,5,5,7,1942,0,0,0,J,0,10T37,"SHERMAN WY","BALBOA BL",165.00,E,N,A,-,N,,,,,,,,,,Y,3,0,1,3,A,-,01,23152,A,M,C,E,A,A,H,-,A,D,0,,,,,Y,Y,A,07,0,1,0,0,0,0,0,0,0,"- ","- ",,,"LOS ANGELES","LOS ANGELES",-118.50057529999999,34.201225090000001
7038273,2015,2015-09-02,1942,2015-08-15,0105,34332,1517,6,5,7,1942,0,0,0,O,0,16T25,"VANOWEN ST","VINELAND AV",20.00,E,N,A,-,N,,,,,,,,,,Y,3,0,2,3,A,-,01,23152,A,N,D,C,A,A,H,-,C,A,0,,,,,Y,Y,A,08,0,2,0,0,0,0,0,0,0,"- ","- ",,,"LOS ANGELES","LOS ANGELES",-118.37023399,34.193950880000003
7038768,2015,2015-09-03,1942,2015-08-08,2218,40286,1802,6,5,7,1942,0,0,0,R,0,18A1W3,"MAIN ST","89TH ST",40.00,N,N,A,-,N,,,,,,,,,,Y,3,0,1,2,A,-,01,23153,A,N,C,B,E,A,H,-,C,D,0,Y,,,,Y,Y,A,01,0,1,0,0,1,0,0,0,0,"- ","- ",,,"LOS ANGELES","LOS ANGELES",-118.27388000000001,33.955629700000003
7039348,2015,2017-01-20,9540,2015-08-02,0350,20167,,7,3,7,1942,0,1,1,,2,210,"RT 210","FOOTHILL BL",353.00,W,N,A,-,Y,LA,7,210,-,R,0.400,R,2,W,Y,4,0,1,1,A,-,01,23152,A,N,E,I,A,A,H,-,C,D,1,,,,,Y,Y,A,01,0,0,1,0,0,0,0,0,0,TO,"- ",34.318399999999997,-118.48586,"LOS ANGELES","LOS ANGELES",-118.48523720999999,34.318862899999999
7039960,2015,2015-09-02,1965,2015-07-30,0604,3178,B003,4,5,5,1965,0,0,0,,0,B3A,"WILSHIRE BL","12TH ST",11.00,S,N,A,-,N,,,,,,,,,,N,4,0,1,2,A,-,10,21950,A,N,G,B,B,A,H,-,A,A,0,Y,,,,Y,Y,-,,0,0,1,0,1,0,0,0,0,"- ","- ",,,"LOS ANGELES","SANTA MONICA",-118.4907862,34.025229160000002
7041922,2015,2015-09-19,1942,2015-08-12,1820,41203,0705,3,5,7,1942,0,0,0,G,0,7X58,"MELROSE AV","FORMOSA AV",0.00,,Y,A,-,N,,,,,,,,,,N,4,0,1,2,A,-,10,21950,A,N,G,B,B,A,H,-,A,A,0,Y,,,,Y,Y,A,01,0,0,1,0,1,0,0,0,0,"- ","- ",,,"LOS ANGELES","LOS ANGELES",-118.34625010000001,34.083500059999999
7042090,2015,2016-11-05,9590,2015-06-14,1700,020788,,7,2,7,1942,0,1,1,,2,021,"RT 10","STATE ST",500.00,E,N,A,-,Y,LA,7,10,-,-,18.740,H,-,W,Y,3,0,1,3,A,-,01,23152,A,N,C,C,A,A,H,-,A,D,1,,,,,Y,Y,A,07,0,1,0,0,0,0,0,0,0,"- ","- ",,,"LOS ANGELES","LOS ANGELES",-118.20834017999999,34.054008860000003
7043710,2015,2017-01-28,1941,2015-08-13,2003,5989,,4,5,7,1941,0,0,0,,0,,"PACIFIC COAST HWY","STUDEBAKER RD",0.00,,Y,A,-,Y,LA,7,1,-,-,0.212,I,5,N,Y,4,0,1,2,A,-,"- ",,,N,D,C,A,A,H,-,E,A,0,,,,,Y,Y,A,,0,0,1,0,0,0,0,0,0,"- ","- ",,,"LOS ANGELES","LONG BEACH",-118.10725454999999,33.753908920000001
7043752,2015,2015-09-29,1942,2015-08-05,0125,38899,1698,3,5,7,1942,0,0,0,P,0,16X82,"ROSCOE BL","RT 5",15.00,W,N,A,-,N,,,,,,,,,,Y,4,0,1,2,A,-,12,22450,,M,B,C,A,A,H,-,C,D,0,,,,,Y,Y,A,01,0,0,1,0,0,0,0,0,0,"- ","- ",,,"LOS ANGELES","LOS ANGELES",-118.35984139999999,34.221352899999999
7043756,2015,2015-09-10,1942,2015-08-19,2140,39971,1523,3,5,7,1942,0,0,0,O,0,15T43,"VICTORY BL","COLDWATER CANYON AV",0.00,,Y,A,-,N,,,,,,,,,,Y,4,0,1,3,A,-,01,23152,A,N,A,C,A,A,H,-,C,A,0,,,,,Y,Y,A,01,0,0,1,0,0,0,0,0,0,"- ","- ",,,"LOS ANGELES","LOS ANGELES",-118.41381,34.186680080000002
7043917,2015,2015-09-25,1942,2015-08-23,2020,40337,2148,7,5,7,1942,0,0,0,,0,21T61,"HARTLAND ST","OSO AV",290.00,W,N,A,-,N,,,,,,,,,,Y,3,0,1,3,A,-,01,23152,A,N,A,E,A,A,H,-,C,D,0,,,,,Y,Y,A,01,0,1,0,0,0,0,0,0,0,"- ","- ",,,"LOS ANGELES","LOS ANGELES",-118.57630739,34.194680009999999
7045777,2015,2015-09-15,9550,2015-06-15,0215,020551,,1,3,9,1900,0,3,5,,2,005,"FULLERTON RD","DIAMOND PLAZA",3.00,N,N,A,-,N,,,,,,,,,,Y,4,0,1,1,A,-,01,23152,A,M,E,I,A,A,H,-,C,A,0,,,,,Y,Y,A,01,0,0,1,0,0,0,0,0,0,"- ","- ",33.993099999999998,-117.905,"LOS ANGELES",UNINCORPORATED,-117.90526300000001,33.993037000000001
7047498,2015,2015-09-17,1942,2015-08-19,0215,41019,1163,3,5,7,1942,0,0,0,K,0,13TL53,"FOUNTAIN AV","VERMONT AV",10.00,W,N,A,-,N,,,,,,,,,,N,4,0,1,2,A,-,01,23152,A,N,A,C,A,A,H,-,C,D,0,,,,,Y,Y,A,07,0,0,1,0,0,0,0,0,0,"- ","- ",,,"LOS ANGELES","LOS ANGELES",-118.29179292000001,34.095548469999997
7047580,2015,2015-09-18,1900,2015-07-31,1345,540306,2612,5,5,6,1950,0,0,0,,0,262T1,"30TH ST WEST","AVENUE O",0.00,,Y,A,-,N,,,,,,,,,,N,4,0,1,2,A,-,04,21703,,N,C,C,A,A,H,-,A,A,0,,,,,Y,Y,D,22,0,0,1,0,0,0,0,0,0,"- ","- ",,,"LOS ANGELES",PALMDALE,-118.18368004,34.616450030000003
7048080,2015,2015-09-16,1920,2015-07-13,2155,11361,1920,1,5,6,1920,0,0,0,,0,002,"QUILL DR","RICHEON AV",80.00,W,N,A,-,N,,,,,,,,,,N,3,0,1,2,A,-,01,23152,A,N,C,E,A,A,H,-,C,D,0,,,,,Y,Y,A,01,0,1,0,0,0,0,0,0,0,"- ","- ",,,"LOS ANGELES",DOWNEY,-118.15617511000001,33.930023650000003
7048126,2015,2015-09-16,1942,2015-08-29,1700,39177,0325,6,5,7,1942,0,0,0,C,0,3T57,"VERMONT AV","27TH AV",42.00,S,N,A,-,N,,,,,,,,,,Y,4,0,1,2,A,-,01,23152,A,N,C,C,A,A,H,-,A,A,0,,,Y,,Y,Y,A,07,0,0,1,0,0,0,0,0,1,"- ","- ",,,"LOS ANGELES","LOS ANGELES",-118.29155,34.030394809999997
7048416,2015,2015-09-14,1942,2015-08-22,2330,36607,1802,6,5,7,1942,0,0,0,R,0,12T41,"SAN PEDRO ST","92ND ST",20.00,S,N,A,-,N,,,,,,,,,,N,4,0,1,2,A,-,01,23152,A,F,C,C,A,A,H,-,C,D,0,,,,,Y,Y,A,08,0,0,1,0,0,0,0,0,0,"- ","- ",,,"LOS ANGELES","LOS ANGELES",-118.26953057999999,33.952825150000002
7049302,2015,2015-09-28,1942,2015-08-15,0215,41758,19,6,5,7,1942,0,0,0,,0,19A1,"HUBBARD ST","LAUREL CANYON BL",800.00,E,N,A,-,N,,,,,,,,,,Y,4,0,1,2,A,-,07,21658,A,N,C,E,A,A,H,-,C,D,0,,,,,Y,Y,-,,0,0,1,0,0,0,0,0,0,"- ","- ",,,"LOS ANGELES","LOS ANGELES",-118.45598268000001,34.285626970000003
7050634,2015,2015-09-17,1928,2015-08-13,2050,327,516,4,5,5,1928,0,0,0,,0,0H3,"ROSECRANS AV","HAWTHORNE BL",185.00,E,N,A,-,N,,,,,,,,,,Y,4,0,2,2,A,-,01,23152,A,N,C,C,A,A,H,-,C,A,0,,,,,Y,Y,A,01,0,0,2,0,0,0,0,0,0,"- ","- ",,,"LOS ANGELES",HAWTHORNE,-118.35216174999999,33.901905229999997
7052112,2015,2015-09-18,1905,2015-08-29,1043,2019,341,6,5,4,1905,0,0,0,,0,061,"E NEWBURGH ST","DONNA BETH AV",240.00,W,N,A,-,N,,,,,,,,,,N,3,0,1,2,A,-,11,21954,A,N,G,B,D,A,H,-,A,D,0,Y,,,,Y,Y,-,"- ",0,1,0,0,1,0,0,0,0,"- ","- ",,,"LOS ANGELES",AZUSA,-117.90619101,34.110252819999999
7052138,2015,2015-09-18,1920,2015-08-06,1810,12609,,4,5,6,1920,0,0,0,,0,004,"LAKEWOOD BL","VISTA DEL ROSA ST",390.00,S,N,A,-,N,,,,,,,,,,Y,4,0,2,3,A,-,01,23152,A,M,C,C,A,A,H,-,A,A,0,,,,,Y,Y,A,01,0,0,2,0,0,0,0,0,0,"- ","- ",,,"LOS ANGELES",DOWNEY,-118.11175328,33.958091199999998
7052875,2015,2015-09-18,1920,2015-07-18,2323,12609,,6,5,6,1920,0,0,0,,0,006,"PARAMOUNT BL","STEWART AND GRAY RD",20.00,N,N,A,-,N,,,,,,,,,,Y,4,0,1,2,A,-,01,23152,A,N,C,C,A,B,H,-,C,A,0,,,,,Y,Y,A,01,0,0,1,0,0,0,0,0,0,"- ","- ",,,"LOS ANGELES",DOWNEY,-118.14374512000001,33.93484651