CASE_ID,ACCIDENT_YEAR,PROC_DATE,JURIS,COLLISION_DATE,COLLISION_TIME,OFFICER_ID,REPORTING_DISTRICT,DAY_OF_WEEK,CHP_SHIFT,POPULATION,CNTY_CITY_LOC,SPECIAL_COND,BEAT_TYPE,CHP_BEAT_TYPE,CITY_DIVISION_LAPD,CHP_BEAT_CLASS,BEAT_NUMBER,PRIMARY_RD,SECONDARY_RD,DISTANCE,DIRECTION,INTERSECTION,WEATHER_1,WEATHER_2,STATE_HWY_IND,CALTRANS_COUNTY,CALTRANS_DISTRICT,STATE_ROUTE,ROUTE_SUFFIX,POSTMILE_PREFIX,POSTMILE,LOCATION_TYPE,RAMP_INTERSECTION,SIDE_OF_HWY,TOW_AWAY,COLLISION_SEVERITY,NUMBER_KILLED,NUMBER_INJURED,PARTY_COUNT,PRIMARY_COLL_FACTOR,PCF_CODE_OF_VIOL,PCF_VIOL_CATEGORY,PCF_VIOLATION,PCF_VIOL_SUBSECTION,HIT_AND_RUN,TYPE_OF_COLLISION,MVIW,PED_ACTION,ROAD_SURFACE,ROAD_COND_1,ROAD_COND_2,LIGHTING,CONTROL_DEVICE,CHP_ROAD_TYPE,PEDESTRIAN_ACCIDENT,BICYCLE_ACCIDENT,MOTORCYCLE_ACCIDENT,TRUCK_ACCIDENT,NOT_PRIVATE_PROPERTY,ALCOHOL_INVOLVED,STWD_VEHTYPE_AT_FAULT,CHP_VEHTYPE_AT_FAULT,COUNT_SEVERE_INJ,COUNT_VISIBLE_INJ,COUNT_COMPLAINT_PAIN,COUNT_PED_KILLED,COUNT_PED_INJURED,COUNT_BICYCLIST_KILLED,COUNT_BICYCLIST_INJURED,COUNT_MC_KILLED,COUNT_MC_INJURED,PRIMARY_RAMP,SECONDARY_RAMP,LATITUDE,LONGITUDE,COUNTY,CITY,POINT_X,POINT_Y
8157122,2016,2016-11-02,1942,2016-10-16,2355,37304,0941,7,5,7,1942,0,0,0,I,0,9T57,"OXNARD ST","SEPULVEDA BL",0.00,,Y,B,-,N,,,,,,,,,,Y,3,0,3,2,A,-,01,23152,A,F,D,C,A,A,H,-,C,A,0,,,,,Y,Y,A,01,0,1,2,0,0,0,0,0,0,"- ","- ",,,"LOS ANGELES","LOS ANGELES",-118.46616005,34.179370030000001
8157146,2016,2016-11-07,1942,2016-10-21,0145,42481,1544,5,5,7,1942,0,0,0,O,0,15A21,"MAGNOLIA BL","BELLINGHAM AV",0.00,,Y,A,-,N,,,,,,,,,,Y,4,0,1,2,A,-,01,23153,A,N,B,C,A,A,H,-,C,A,0,,,,,Y,Y,A,01,0,0,1,0,0,0,0,0,0,"- ","- ",,,"LOS ANGELES","LOS ANGELES",-118.39930004999999,34.164879999999997
8157869,2016,2016-11-03,1929,2016-10-23,0110,181,,7,5,3,1929,0,0,0,,0,,"HERMOSA AV","PIER AV",100.00,S,N,A,-,N,,,,,,,,,,Y,4,0,1,2,A,-,11,21955,,N,G,B,D,A,H,-,C,D,0,Y,,,,Y,Y,N,60,0,0,1,0,1,0,0,0,0,"- ","- ",,,"LOS ANGELES","HERMOSA BEACH",-118.40002036999999,33.861951930000004
8158731,2016,2016-11-03,1942,2016-09-24,1700,40900,1253,6,5,7,1942,0,0,0,L,0,25MQ83,"FLORENCE AV","SAINT ANDREWS PL",0.00,,Y,A,-,N,,,,,,,,,,Y,3,0,2,2,A,-,01,23152,A,F,D,C,A,A,H,-,A,A,0,,,,,Y,Y,D,22,0,1,1,0,0,0,0,0,0,"- ","- ",,,"LOS ANGELES","LOS ANGELES",-118.31119012000001,33.974570120000003
81590016,2021,2021-10-07,1924,2021-09-04,1831,80455,48,6,5,5,1924,0,0,0,,0,8A51M,"162ND STREET","BERENDO AVENUE",135.00,W,N,A,-,Y,,,,,,,,,,N,4,0,1,2,A,-,11,21954,A,N,G,B,D,A,H,-,A,D,0,Y,,,,Y,Y,N,60,0,0,1,0,1,0,0,0,0,"- ","- ",33.884288787841797,-118.29355621337891,"LOS ANGELES",GARDENA,-118.29399108886719,33.884239196777344
81593706,2021,2021-10-12,1924,2021-07-29,2337,80469,15,4,5,5,1924,0,0,0,,0,001,"ROSECRANS AVENUE","ARDATH AVENUE",613.00,E,N,A,-,N,,,,,,,,,,Y,4,0,1,3,A,-,01,23152,A,F,C,C,A,A,H,-,C,A,0,,,,,Y,Y,A,01,0,0,1,0,0,0,0,0,0,"- ","- ",33.901920318603516,-118.32398223876953,"LOS ANGELES",GARDENA,-118.32199096679688,33.901981353759766
8159805,2016,2016-11-08,1975,2016-10-08,1525,427,,6,5,6,1975,0,0,0,,0,005,"AZUSA AV","GIAMBI LN",40.00,S,N,A,-,N,,,,,,,,,,N,4,0,3,2,A,-,03,22350,,F,C,C,A,A,H,-,A,A,0,,,,,Y,Y,-,,0,0,3,0,0,0,0,0,0,"- ","- ",,,"LOS ANGELES","WEST COVINA",-117.91309801,34.037960349999999
8159818,2016,2016-11-08,1975,2016-10-24,0043,338,,1,5,6,1975,0,0,0,,0,003,"EVANWOOD ST","CAMERON AV",45.00,S,N,B,-,N,,,,,,,,,,Y,3,0,1,1,A,-,01,23152,A,M,E,I,A,A,H,-,C,D,0,,,,,Y,Y,-,,0,1,0,0,0,0,0,0,0,"- ","- ",,,"LOS ANGELES","WEST COVINA",-117.93763882,34.064798039999999
8159859,2016,2016-11-07,1905,2016-09-29,1929,1140,111,4,5,4,1905,0,0,0,,0,052,"NORTH AZUSA AV","2ND ST",127.00,N,N,A,-,N,,,,,,,,,,Y,3,0,1,2,A,-,03,22350,,N,B,E,A,A,H,-,C,D,0,,,,,Y,Y,A,01,0,1,0,0,0,0,0,0,0,"- ","- ",34.124809999999997,-117.90742,"LOS ANGELES",AZUSA,-117.90758807,34.124768160000002
81603296,2021,2021-10-22,1922,2021-08-05,1545,669,,4,5,6,1922,0,0,0,,0,001,"LEXINGTON AVE","IRIS LN",0.00,,Y,A,-,N,,,,,,,,,,Y,4,0,2,2,A,-,01,23153,A,F,D,D,A,A,H,-,A,D,0,,,,,Y,Y,D,22,0,0,2,0,0,0,0,0,0,"- ","- ",34.072761535644531,-118.03945159912109,"LOS ANGELES","EL MONTE",-118.03945159912109,34.072757720947266
8160852,2016,2016-11-09,1941,2016-10-27,2212,5825,,4,5,7,1941,0,0,0,,0,,"EAST 2ND ST","E BAYSHORE",20.00,E,N,A,-,N,,,,,,,,,,Y,4,0,1,2,A,-,01,23152,A,N,C,C,A,A,H,-,C,A,0,,,,,Y,Y,A,,0,0,1,0,0,0,0,0,0,"- ","- ",,,"LOS ANGELES","LONG BEACH",-118.13012787,33.758262250000001
8160900,2016,2016-12-16,1942,2016-10-14,1940,43417,2111,5,5,7,1942,0,0,0,,0,21A29,"VALLEY CIR BL","ROSCOE BL",0.00,,Y,A,-,N,,,,,,,,,,Y,4,0,1,2,A,-,12,21453,A,N,A,C,A,A,H,-,C,A,0,,,,,Y,Y,-,,0,0,1,0,0,0,0,0,0,"- ","- ",,,"LOS ANGELES","LOS ANGELES",-118.64661009,34.219150069999998
8161036,2016,2016-11-09,1942,2016-10-19,0143,38354,1543,3,5,7,1942,0,0,0,O,0,16T25,"LAUREL CANYON BL","RIVERSIDE DR",216.00,S,N,A,-,N,,,,,,,,,,Y,3,0,2,2,A,-,01,23152,A,F,B,C,A,A,H,-,C,A,0,,,,,Y,Y,A,01,0,2,0,0,0,0,0,0,0,"- ","- ",,,"LOS ANGELES","LOS ANGELES",-118.39649,34.157027560000003
81612901,2021,2021-11-02,1924,2021-10-22,1635,80434,17,5,5,5,1924,0,0,0,,0,002,"139TH STREET","HALLDALE AVENUE",168.00,E,N,A,-,N,,,,,,,,,,Y,3,0,2,3,A,-,01,23152,A,N,C,C,A,A,H,-,A,D,0,,,,,Y,Y,A,01,0,1,1,0,0,0,0,0,0,"- ","- ",33.905540466308594,-118.30258178710938,"LOS ANGELES",GARDENA,-118.30205535888672,33.905548095703125
8161381,2016,2016-11-10,1965,2016-10-27,0145,3753,0B2B,4,5,5,1965,0,0,0,,0,002,"OCEAN PARK BL","EUCLID ST",102.00,W,N,A,-,N,,,,,,,,,,Y,3,0,1,5,A,-,01,23152,A,N,A,E,A,A,H,-,C,D,0,,,Y,,Y,Y,A,01,0,1,0,0,0,0,0,0,0,"- ","- ",,,"LOS ANGELES","SANTA MONICA",-118.47221423000001,34.009318360000002
8161572,2016,2016-11-10,1942,2016-10-24,2150,40325,0402,1,5,7,1942,0,0,0,D,0,24T31,"MONTECITO DR","RADIO DR",0.00,,Y,A,-,N,,,,,,,,,,Y,2,0,1,5,A,-,01,23152,A,N,B,E,F,A,H,-,A,A,0,Y,,,,Y,Y,A,01,1,0,0,0,1,0,0,0,0,"- ","- ",,,"LOS ANGELES","LOS ANGELES",,
8161870,2016,2016-12-14,1942,2016-10-31,2245,37724,0519,1,5,7,1942,0,0,0,E,0,18T23,"PACIFIC COAST HWY","O ST",0.00,,Y,A,-,N,,,,,,,,,,Y,2,0,2,2,A,-,01,23152,A,N,D,C,A,A,H,-,C,A,0,,,,,Y,Y,A,01,1,0,1,0,0,0,0,0,0,"- ","- ",,,"LOS ANGELES","LOS ANGELES",-118.2380801,33.791450060000003
8163057,2016,2016-11-15,1942,2016-10-04,1700,39177,1205,2,5,7,1942,0,0,0,L,0,25EL1,"NORMANDIE AV","50TH ST",55.00,S,N,A,-,N,,,,,,,,,,N,4,0,1,2,A,-,11,21950,B,N,G,B,D,A,H,-,A,D,0,Y,,,,Y,Y,N,60,0,0,1,0,1,0,0,0,0,"- ","- ",,,"LOS ANGELES","LOS ANGELES",-118.30016999999999,33.998079160000003
8163718,2016,2017-06-16,1942,2016-10-31,1740,40643,0418,1,5,7,1942,0,0,0,D,0,24TL56,"LATHROP ST","PORTOLA AV",500.00,W,N,A,-,N,,,,,,,,,,N,3,0,1,2,B,-,22,,,F,G,B,F,A,H,-,B,D,0,Y,,,,Y,Y,A,01,0,1,0,0,1,0,0,0,0,"- ","- ",,,"LOS ANGELES","LOS ANGELES",-118.17216000000001,34.096969999999999
81640386,2021,2021-12-02,1969,2021-11-24,0200,10224,PATRO,3,5,5,1969,0,0,0,,0,003,"SOUTHERN AV","MCNERNEY AV",50.00,E,N,A,-,N,,,,,,,,,,Y,4,0,1,4,A,-,01,23152,A,F,A,E,A,A,H,-,A,D,0,,,,,Y,Y,A,01,0,0,1,0,0,0,0,0,0,"- ","- ",33.949939727783203,-118.1956787109375,"LOS ANGELES","SOUTH GATE",-118.19548034667969,33.949913024902344
8164800,2016,2016-11-09,1900,2016-10-22,2039,602372,1133,6,5,6,1992,0,0,0,,0,112T2,"10TH ST E","AVENUE J-14",125.00,S,N,A,-,N,,,,,,,,,,N,4,0,1,2,A,-,11,21950,B,N,G,B,D,A,H,-,C,D,0,Y,,,,Y,Y,N,60,0,0,1,0,1,0,0,0,0,"- ","- ",,,"LOS ANGELES",LANCASTER,-118.14788,34.676167249999999
8164907,2016,2016-11-09,1962,2016-10-30,0207,136,1962,7,5,4,1962,0,0,0,,0,023,"S RAMONA ST","CHESTNUT AV",187.00,N,N,A,-,N,,,,,,,,,,Y,3,0,1,1,A,-,01,23152,A,N,E,I,A,A,H,-,C,D,0,,,,,Y,Y,A,01,0,1,0,0,0,0,0,0,0,"- ","- ",,,"LOS ANGELES","SAN GABRIEL",-118.10772641,34.086072729999998
8165719,2016,2016-11-17,1933,2016-10-09,2152,924,29,7,5,6,1933,0,0,0,,0,003,"CENTURY BL","5TH AV",0.00,,Y,A,-,N,,,,,,,,,,Y,4,0,1,2,A,-,01,23152,A,N,D,C,A,A,H,-,C,A,0,,,,,Y,Y,A,01,0,0,1,0,0,0,0,0,0,"- ","- ",33.945480000000003,-118.32211,"LOS ANGELES",INGLEWOOD,-118.32214009,33.94547
8166593,2016,2018-09-27,1942,2016-12-23,0255,35433,0933,5,5,7,1942,0,0,0,I,0,19T73,"VAN NUYS BL","VICTORY BL",0.00,,Y,B,-,N,,,,,,,,,,Y,1,1,2,3,A,-,01,23152,A,N,D,C,A,A,H,-,C,A,0,,,,,Y,Y,A,01,1,0,1,0,0,0,0,0,0,"- ","- ",,,"LOS ANGELES","LOS ANGELES",-118.44874009999999,34.186670049999996
81666053,2021,2021-12-30,1969,2021-12-10,1751,20226,,5,5,5,1969,0,0,0,,0,,"CENTURY BLVD","STATE ST",164.00,W,N,A,-,N,,,,,,,,,,Y,4,0,1,2,A,-,03,22350,,N,C,C,A,A,H,-,C,A,0,,,,,Y,Y,A,01,0,0,1,0,0,0,0,0,0,"- ","- ",33.937038421630859,-118.21553039550781,"LOS ANGELES","SOUTH GATE",-118.21613311767578,33.937103271484375
8166650,2016,2018-09-24,1942,2016-12-08,2043,25495,2076,4,5,7,1942,0,0,0,,0,7T23,"PICO BL","DEWEY AV",126.00,E,N,A,-,N,,,,,,,,,,N,1,1,0,3,A,-,11,21954,A,N,G,B,D,A,H,-,C,A,0,Y,,,,Y,Y,N,60,0,0,0,1,0,0,0,0,0,"- ","- ",,,"LOS ANGELES","LOS ANGELES",-118.29539486,34.047269999999997
8166701,2016,2018-09-26,1941,2016-08-12,2033,6323,,5,5,7,1941,0,0,0,,0,,"STUDEBAKER RD","BARBANELL ST",0.00,,Y,A,-,N,,,,,,,,,,Y,1,1,0,2,A,-,10,21950,A,N,A,B,B,A,H,-,C,D,0,Y,,,,Y,Y,A,,0,0,0,1,0,0,0,0,0,"- ","- ",,,"LOS ANGELES","LONG BEACH",-118.09944007,33.80520009
8166732,2016,2018-09-27,1900,2016-08-28,1134,516866,1742,7,5,4,1980,0,0,0,,0,173D,"PALOS VERDES DR S","PALOS VERDES DR E",0.00,,Y,A,-,N,,,,,,,,,,Y,1,1,0,2,A,-,03,22350,,N,C,C,A,A,H,-,A,A,0,,,Y,,Y,Y,C,02,0,0,0,0,0,0,0,1,0,"- ","- ",,,"LOS ANGELES","RANCHO PALOS VERDES",-118.33750003999999,33.729500049999999
81668294,2021,2022-01-03,1965,2021-11-10,2345,4005,B001,3,5,5,1965,0,0,0,,0,0B1C,"PACIFIC COAST HIGHWAY (SR-1)","COLORADO AVENUE",322.00,N,N,A,-,Y,,,1,,,,,,,N,3,0,1,1,A,-,08,22107,,N,E,I,A,A,H,-,C,D,0,,,,,Y,Y,A,01,0,1,0,0,0,0,0,0,0,"- ","- ",34.011600494384766,-118.49639129638672,"LOS ANGELES","SANTA MONICA",-118.49637603759766,34.011631011962891
8167011,2016,2018-09-24,1902,2016-12-16,0150,640,33,5,5,5,1902,0,0,0,,0,005,"LAS TUNAS DR","LIVE OAK AV",0.00,,Y,B,-,N,,,,,,,,,,Y,1,3,1,1,-,-,"- ",,,N,-,I,A,A,H,-,C,-,0,,,,,Y,Y,-,"- ",1,0,0,0,0,0,0,0,0,"- ","- ",,,"LOS ANGELES",ARCADIA,-118.03180005999999,34.10718001
8167085,2017,2019-04-08,1924,2017-11-16,1946,117992,14,4,5,5,1924,0,0,0,,0,002,"135TH ST","BUDLONG AV",255.00,W,N,A,-,N,,,,,,,,,,Y,1,1,0,3,A,-,11,21954,A,N,G,B,D,A,H,-,C,D,0,Y,,,,Y,Y,N,60,0,0,0,1,0,0,0,0,0,"- ","- ",33.90916,-118.29639,"LOS ANGELES",GARDENA,-118.29725879,33.90916
8167149,2018,2018-06-01,1947,2018-01-15,1740,1328,,1,5,5,1947,0,0,0,,0,00D,"WEST WASHINGTON BL","S 4TH ST",0.00,,Y,A,-,N,,,,,,,,,,Y,1,1,0,2,A,-,11,21950,B,N,G,B,D,A,H,-,C,D,0,Y,,,,Y,Y,N,60,0,0,0,1,0,0,0,0,0,"- ","- ",,,"LOS ANGELES",MONTEBELLO,-118.11273956298828,33.992431640625
8167154,2018,2020-05-26,1900,2018-04-14,2150,601485,2619,6,5,6,1950,0,0,0,,0,264T1,"SIERRA HWY","AVENUE O",712.00,N,N,A,-,N,,,,,,,,,,Y,1,1,2,3,A,-,05,21460,A,N,A,C,A,A,H,-,D,D,0,,,Y,,Y,Y,C,02,1,0,1,0,0,0,0,1,1,"- ","- ",34.619361877441406,-118.12409210205078,"LOS ANGELES",PALMDALE,-118.12406921386719,34.619274139404297
8167209,2017,2018-07-10,1933,2017-12-28,2122,812,02,4,5,6,1933,0,0,0,,0,001,"CENTINELA AV","HYDE PARK BL",129.00,N,N,A,-,N,,,,,,,,,,Y,1,1,0,2,A,-,11,21955,,N,G,B,D,A,H,-,C,D,0,Y,,,,Y,Y,N,60,0,0,0,1,0,0,0,0,0,"- ","- ",33.974589999999999,-118.35117,"LOS ANGELES",INGLEWOOD,-118.35153156,33.974759120000002
81677094,2021,2022-01-13,1965,2021-10-31,0533,4074,,7,5,5,1965,0,0,0,,0,,"SANTA MONICA BLVD","26TH ST",25.00,E,N,B,-,N,,,,,,,,,,N,2,0,1,2,A,-,11,21954,A,N,A,B,E,A,H,-,C,A,0,Y,,,,Y,Y,N,60,1,0,0,0,1,0,0,0,0,"- ","- ",,,"LOS ANGELES","SANTA MONICA",-118.4742431640625,34.033348083496094
81677935,2021,2022-01-14,1909,2021-11-27,0627,614,1909,6,5,4,1909,0,0,0,,0,NORTH,"AT THE INTERSECTION OF GAGE AVE AND EASTERN AVE","GAGE AVE",27.00,N,N,A,-,N,,,,,,,,,,Y,4,0,1,2,A,-,01,23152,A,N,D,C,A,A,H,-,A,A,0,,,,,Y,Y,A,01,0,0,1,0,0,0,0,0,0,"- ","- ",,,"LOS ANGELES","BELL GARDENS",,
8167833,2019,2019-12-06,1942,2019-08-25,2130,40151,1842,7,5,7,1942,0,0,0,R,0,18X95,"IMPERIAL HWY","FIGUEROA ST",0.00,,Y,A,-,N,,,,,,,,,,N,3,0,1,2,A,-,11,21954,A,N,-,B,B,A,H,-,C,A,0,Y,,,,Y,Y,A,01,0,1,0,0,1,0,0,0,0,"- ","- ",,,"LOS ANGELES","LOS ANGELES",-118.28260040283203,33.930999755859375
8169299,2016,2016-11-15,1941,2016-10-30,2208,10914,,7,5,7,1941,0,0,0,,0,,"LAKEWOOD BL","DONALD DOUGLAS DR",0.00,,Y,B,-,N,,,,,,,,,,Y,4,0,1,2,A,-,03,22350,,N,C,C,A,B,H,-,C,A,0,,,,,Y,Y,D,,0,0,1,0,0,0,0,0,0,"- ","- ",,,"LOS ANGELES","LONG BEACH",-118.14022000999999,33.818880110000002
8169571,2016,2016-11-16,1946,2016-08-16,2041,P48,,2,5,4,1946,0,0,0,,0,001,FOOTHILL,MYRTLE,0.00,,Y,A,-,N,,,,,,,,,,N,3,0,1,2,A,-,05,21202,A,N,D,G,A,A,H,-,C,A,0,,Y,,,Y,Y,L,04,0,1,0,0,0,0,1,0,0,"- ","- ",,,"LOS ANGELES",MONROVIA,-118.00105006,34.151350110000003
81702855,2021,2022-02-17,1948,2021-11-25,2227,467,1948,4,5,5,1948,0,0,0,,0,003,"S ATLANTIC BLVD","N/C/L OF CADIZ ST",58.00,N,N,A,-,N,,,,,,,,,,N,4,0,1,2,A,-,01,23153,A,N,B,C,A,A,H,-,C,A,0,,,,,Y,Y,A,01,0,0,1,0,0,0,0,0,0,"- ","- ",34.051570892333984,-118.13764190673828,"LOS ANGELES","MONTEREY PARK",-118.13762664794922,34.051651000976562
8170685,2016,2016-11-18,1942,2016-05-21,1500,33779,1705,6,5,7,1942,0,0,0,Q,0,15TL44,"BALBOA BL","OROZCO ST",0.00,,Y,A,-,N,,,,,,,,,,Y,3,0,2,2,A,-,01,23152,A,N,B,C,A,A,H,-,A,A,0,,,,,Y,Y,A,01,0,1,1,0,0,0,0,0,0,"- ","- ",,,"LOS ANGELES","LOS ANGELES",-118.50298007000001,34.307420049999998
81713933,2021,2022-03-03,1924,2021-12-22,0056,80469,01,3,5,5,1924,0,0,0,,0,8L9M,"WESTERN AVENUE","135TH STREET",8.00,S,N,A,-,N,,,,,,,,,,N,2,0,2,2,A,-,01,23153,B,N,B,C,A,A,H,-,C,A,0,,,,,Y,Y,A,01,1,1,0,0,0,0,0,0,0,"- ","- ",33.90911865234375,-118.30911254882812,"LOS ANGELES",GARDENA,-118.30912017822266,33.909156799316406
8171473,2016,2016-12-22,1905,2016-11-05,1145,1142,443,6,5,4,1905,0,0,0,,0,001,"ARROW HWY","AZUSA AV",175.00,E,N,A,-,N,,,,,,,,,,,3,0,2,2,A,-,01,23152,A,N,A,C,A,A,H,-,A,A,0,,,,,Y,Y,A,01,0,1,1,0,0,0,0,0,0,"- ","- ",,,"LOS ANGELES",AZUSA,-117.90716376,34.106740000000002
8171793,2016,2016-11-21,1920,2016-10-22,0021,12323,,6,5,6,1920,0,0,0,,0,006,"IMPERIAL HWY","LAKEWOOD BL",344.00,W,N,A,-,N,,,,,,,,,,Y,4,0,1,1,A,-,01,23152,A,N,E,I,A,A,H,-,C,D,0,,,,,Y,Y,A,01,0,0,1,0,0,0,0,0,0,"- ","- ",,,"LOS ANGELES",DOWNEY,-118.13897882000001,33.91711506
8171991,2016,2017-01-04,1909,2016-10-30,0140,574,1909,7,5,4,1909,0,0,0,,0,NORTH,"EASTERN AV","LOVELAND AV",0.00,,Y,A,-,N,,,,,,,,,,N,4,0,1,2,D,-,00,,,F,G,B,B,A,H,-,C,A,0,Y,,,,Y,Y,-,"- ",0,0,1,0,1,0,0,0,0,"- ","- ",,,"LOS ANGELES","BELL GARDENS",-118.16393003,33.974300049999997
8172277,2016,2016-11-23,1941,2016-11-05,0005,10037,,6,5,7,1941,0,0,0,,0,,"LONG BEACH BL","WILLOW ST",306.00,N,N,A,-,N,,,,,,,,,,Y,4,0,1,1,A,-,01,23152,A,N,E,I,A,A,H,-,C,D,0,,,,,Y,Y,A,,0,0,1,0,0,0,0,0,0,"- ","- ",,,"LOS ANGELES","LONG BEACH",-118.18936884999999,33.805275379999998
8172338,2016,2016-11-28,1941,2016-11-13,1950,10682,,7,5,7,1941,0,0,0,,0,,BROADWAY,"EAST GAVIOTA",70.00,E,N,A,-,N,,,,,,,,,,N,3,0,1,2,A,-,08,22100,B,N,D,G,A,A,H,-,C,A,0,,Y,,,Y,Y,L,,0,1,0,0,0,0,1,0,0,"- ","- ",,,"LOS ANGELES","LONG BEACH",-118.17126303000001,33.76772974
8172508,2016,2016-11-23,1900,2016-08-31,1549,536384,CERRI,3,5,5,1919,0,0,0,,0,230B,"166TH ST","WESTGATE AV",0.00,,Y,A,-,N,,,,,,,,,,Y,4,0,1,2,A,-,09,21801,A,M,D,C,A,A,H,-,A,A,0,,,,,Y,Y,A,01,0,0,1,0,0,0,0,0,0,"- ","- ",,,"LOS ANGELES",CERRITOS,-118.06264003,33.880470109999997
8173094,2016,2016-12-01,1947,2016-10-09,1843,1302,,7,5,5,1947,0,0,0,,0,00E,"TELEGRAPH RD","SLAUSON AV",15.00,W,N,A,-,N,,,,,,,,,,Y,2,0,1,2,A,-,01,23152,A,N,D,C,A,A,H,-,C,A,0,,,Y,,Y,Y,-,"- ",1,0,0,0,0,0,0,0,1,"- ","- ",,,"LOS ANGELES",MONTEBELLO,-118.12370399,33.975169829999999
8174147,2016,2017-03-03,1976,2016-11-05,2336,465,,6,5,5,1976,0,0,0,,0,,"PAINTER AV","HIGH ST",18.00,N,N,A,-,Y,LA,7,72,-,-,3.650,I,6,N,Y,3,0,1,1,A,-,01,23152,A,M,E,I,A,A,H,-,C,D,0,,,,,Y,Y,A,01,0,1,0,0,0,0,0,0,0,"- ","- ",,,"LOS ANGELES",WHITTIER,-118.03263275,33.963184470000002
8174413,2016,2016-11-28,1942,2016-11-11,0955,30947,0966,5,5,7,1942,0,0,0,I,0,9A41,"NAGLE AV","RIVERSIDE DR",0.00,,Y,A,-,N,,,,,,,,,,Y,3,0,2,2,A,-,01,23152,A,N,D,C,A,A,H,-,A,A,0,,,,,Y,Y,A,01,0,1,1,0,0,0,0,0,0,"- ","- ",,,"LOS ANGELES","LOS ANGELES",-118.42350999999999,34.157610099999999
8174462,2016,2016-11-28,1942,2016-11-10,1930,36565,1017,4,5,7,1942,0,0,0,J,0,9T55,"SATICOY ST","LOUISE AV",610.00,E,N,A,-,N,,,,,,,,,,Y,4,0,1,2,A,-,01,23152,A,N,D,C,A,A,H,-,C,D,0,,,,,Y,Y,A,01,0,0,1,0,0,0,0,0,0,"- ","- ",,,"LOS ANGELES","LOS ANGELES",-118.50782633999999,34.208410000000001
8174474,2016,2016-11-28,1942,2016-11-13,2215,41244,1028,7,5,7,1942,0,0,0,J,0,10A21,"SHERMAN WY","BALBOA BL",0.00,,Y,A,-,N,,,,,,,,,,Y,4,0,3,2,A,-,01,23152,A,N,B,C,A,A,H,-,C,A,0,,,,,Y,Y,A,01,0,0,3,0,0,0,0,0,0,"- ","- ",,,"LOS ANGELES","LOS ANGELES",-118.50112007,34.201230109999997
8174516,2016,2016-12-23,1900,2016-11-14,0511,531008,2836,1,5,5,1915,0,0,0,,0,282T1,"WILMINGTON AV","ALONDRA BL",0.00,,Y,A,-,N,,,,,,,,,,Y,4,0,3,2,A,-,12,21453,A,N,D,C,A,A,H,-,C,A,0,,,,,Y,Y,-,"- ",0,0,3,0,0,0,0,0,0,"- ","- ",,,"LOS ANGELES",COMPTON,-118.23710010000001,33.888570080000001
8174520,2016,2016-11-29,1900,2016-11-14,1808,527443,2824,1,5,5,1915,0,0,0,,0,283T1,"SANTA FE AV","PALMER ST",1100.00,N,N,A,-,N,,,,,,,,,,N,2,0,1,2,A,-,11,21954,A,F,G,B,D,A,H,-,C,D,0,Y,,,,Y,Y,N,60,1,0,0,0,1,0,0,0,0,"- ","- ",,,"LOS ANGELES",COMPTON,-118.21615378,33.901331229999997
8175430,2016,2016-11-30,1941,2016-11-15,2010,5970,,2,5,7,1941,0,0,0,,0,901T,"LONG BEACH BL","BURNETT ST",24.00,N,N,A,-,N,,,,,,,,,,Y,4,0,5,2,A,-,12,21453,A,N,D,C,A,A,H,-,C,A,0,,,,,Y,Y,A,,0,0,5,0,0,0,0,0,0,"- ","- ",,,"LOS ANGELES","LONG BEACH",-118.18949000000001,33.800805820000001
8175515,2016,2016-12-13,1941,2016-11-11,1938,10947,,5,5,7,1941,0,0,0,,0,,"ATLANTIC AV","15TH ST",0.00,,Y,A,-,N,,,,,,,,,,Y,4,0,3,2,A,-,12,21453,A,N,D,C,A,A,H,-,A,A,0,,,,,Y,Y,-,"- ",0,0,3,0,0,0,0,0,0,"- ","- ",,,"LOS ANGELES","LONG BEACH",-118.18504009,33.785780019999997
8176970,2016,2016-12-02,1900,2016-08-31,0327,549295,1362,3,5,5,1952,0,0,0,,0,134,"GARFIELD AV","MENDY ST",61.00,S,N,A,-,N,,,,,,,,,,Y,4,0,1,1,A,-,01,23152,A,N,F,I,A,A,H,-,C,A,0,,,,,Y,Y,A,01,0,0,1,0,0,0,0,0,0,"- ","- ",,,"LOS ANGELES",PARAMOUNT,-118.16916252,33.909032840000002
8177179,2016,2016-12-01,1918,2016-07-17,0114,1135,1918,7,5,4,1918,0,0,0,,0,,"CULVER BL","COOMBS AV",330.00,W,N,A,-,N,,,,,,,,,,Y,4,0,1,1,A,-,01,23152,A,N,E,I,A,A,H,-,C,D,0,,,,,Y,Y,A,01,0,0,1,0,0,0,0,0,0,"- ","- ",34.011989999999997,-118.40416999999999,"LOS ANGELES","CULVER CITY",-118.40489418999999,34.011307590000001
8177273,2016,2016-12-05,1942,2016-05-06,2225,36733,1684,5,5,7,1942,0,0,0,P,0,17T17,"LANKERSHIM BL","SATICOY ST",40.00,N,N,C,-,N,,,,,,,,,,N,4,0,2,2,A,-,01,23152,A,N,C,C,A,B,H,-,C,A,0,,,,,Y,Y,A,01,0,0,2,0,0,0,0,0,0,"- ","- ",,,"LOS ANGELES","LOS ANGELES",-118.38779,34.208589709999998
8179379,2016,2017-01-06,1941,2016-11-21,1017,5808,,1,5,7,1941,0,0,0,,0,,OCEAN,"PIER T AV",0.00,,Y,B,-,N,,,,,,,,,,N,4,0,1,2,A,-,03,22350,,F,C,C,A,B,H,-,A,D,0,,,,Y,Y,Y,G,,0,0,1,0,0,0,0,0,0,"- ","- ",,,"LOS ANGELES","LONG BEACH",-118.21985013,33.764970060000003