CASE_ID,ACCIDENT_YEAR,PROC_DATE,JURIS,COLLISION_DATE,COLLISION_TIME,OFFICER_ID,REPORTING_DISTRICT,DAY_OF_WEEK,CHP_SHIFT,POPULATION,CNTY_CITY_LOC,SPECIAL_COND,BEAT_TYPE,CHP_BEAT_TYPE,CITY_DIVISION_LAPD,CHP_BEAT_CLASS,BEAT_NUMBER,PRIMARY_RD,SECONDARY_RD,DISTANCE,DIRECTION,INTERSECTION,WEATHER_1,WEATHER_2,STATE_HWY_IND,CALTRANS_COUNTY,CALTRANS_DISTRICT,STATE_ROUTE,ROUTE_SUFFIX,POSTMILE_PREFIX,POSTMILE,LOCATION_TYPE,RAMP_INTERSECTION,SIDE_OF_HWY,TOW_AWAY,COLLISION_SEVERITY,NUMBER_KILLED,NUMBER_INJURED,PARTY_COUNT,PRIMARY_COLL_FACTOR,PCF_CODE_OF_VIOL,PCF_VIOL_CATEGORY,PCF_VIOLATION,PCF_VIOL_SUBSECTION,HIT_AND_RUN,TYPE_OF_COLLISION,MVIW,PED_ACTION,ROAD_SURFACE,ROAD_COND_1,ROAD_COND_2,LIGHTING,CONTROL_DEVICE,CHP_ROAD_TYPE,PEDESTRIAN_ACCIDENT,BICYCLE_ACCIDENT,MOTORCYCLE_ACCIDENT,TRUCK_ACCIDENT,NOT_PRIVATE_PROPERTY,ALCOHOL_INVOLVED,STWD_VEHTYPE_AT_FAULT,CHP_VEHTYPE_AT_FAULT,COUNT_SEVERE_INJ,COUNT_VISIBLE_INJ,COUNT_COMPLAINT_PAIN,COUNT_PED_KILLED,COUNT_PED_INJURED,COUNT_BICYCLIST_KILLED,COUNT_BICYCLIST_INJURED,COUNT_MC_KILLED,COUNT_MC_INJURED,PRIMARY_RAMP,SECONDARY_RAMP,LATITUDE,LONGITUDE,COUNTY,CITY,POINT_X,POINT_Y
8289157,2016,2017-01-26,1942,2016-12-29,0930,04604,1494,4,5,7,1942,0,0,0,N,0,5M43,"WORLD WY","WEST WY",700.00,W,N,A,-,N,,,,,,,,,,N,4,0,3,2,A,-,01,23152,A,N,C,C,A,A,H,-,A,D,0,,,,,Y,Y,A,01,0,0,3,0,0,0,0,0,0,"- ","- ",,,"LOS ANGELES","LOS ANGELES",-118.4081,33.944300230000003
8289185,2016,2017-01-26,1942,2016-12-22,1845,37511,2011,4,5,7,1942,0,0,0,,0,7T23,"WILTON PL","1ST ST",150.00,S,N,A,-,N,,,,,,,,,,Y,3,0,1,1,A,-,01,23152,A,N,E,I,A,A,H,-,C,D,0,,,,,Y,Y,A,01,0,1,0,0,0,0,0,0,0,"- ","- ",,,"LOS ANGELES","LOS ANGELES",-118.31345845,34.072642989999999
8289252,2017,2017-01-31,1942,2017-01-07,0030,38090,1469,6,5,7,1942,0,0,0,N,0,14T47,"LA CIENEGA BL","FAIRVIEW BL",30.00,N,N,B,-,N,,,,,,,,,,Y,4,0,2,2,A,-,01,23152,A,N,C,C,A,A,H,-,C,A,0,,,,,Y,Y,A,01,0,0,2,0,0,0,0,0,0,"- ","- ",,,"LOS ANGELES","LOS ANGELES",-118.37034581,33.979982139999997
8289443,2016,2017-02-01,1900,2016-12-15,2153,523489,1367,4,5,5,1952,0,0,0,,0,136,"SOMERSET BL","GARFIELD AV",5.00,W,N,C,-,N,,,,,,,,,,Y,4,0,1,3,A,-,00,23153,E,F,C,C,A,B,H,-,C,A,0,,,,,Y,Y,D,22,0,0,1,0,0,0,0,0,0,"- ","- ",,,"LOS ANGELES",PARAMOUNT,-118.16885644,33.896429869999999
8289846,2017,2017-02-02,1942,2017-01-16,0220,36698,1174,1,5,7,1942,0,0,0,K,0,24T34W,"AVON ST","AVON PARK TER",120.00,N,N,B,-,N,,,,,,,,,,Y,3,0,1,3,A,-,01,23152,A,N,B,E,A,A,H,-,C,D,0,,,,,Y,Y,A,01,0,1,0,0,0,0,0,0,0,"- ","- ",,,"LOS ANGELES","LOS ANGELES",-118.2459728,34.09086422
8289884,2016,2017-02-02,1942,2016-12-22,0120,42025,316,4,5,7,1942,0,0,0,,0,3A15,"ADAMS BL","NORMANDIE AV",0.00,,Y,C,-,N,,,,,,,,,,N,3,0,1,2,A,-,12,21453,A,F,G,G,A,B,H,-,C,A,0,,Y,,,Y,Y,-,99,0,1,0,0,0,0,1,0,0,"- ","- ",,,"LOS ANGELES","LOS ANGELES",-118.30024003,34.03272011
8289976,2016,2017-02-01,1920,2016-12-18,1908,12323,,7,5,6,1920,0,0,0,,0,002,"STEWART AND GRAY RD","PERNELL AV",171.00,W,N,A,-,N,,,,,,,,,,Y,4,0,2,4,A,-,01,23152,A,N,C,C,A,A,H,-,C,D,0,,,,,Y,Y,A,01,0,0,2,0,0,0,0,0,0,"- ","- ",,,"LOS ANGELES",DOWNEY,-118.16014662000001,33.943369140000001
8290984,2017,2017-12-27,1926,2017-01-21,2127,0028,3,6,5,5,1926,0,0,0,,0,,"RT 66","GLENWOOD AV",269.00,W,N,B,-,N,,,,,,,,,,Y,3,0,1,3,A,-,01,23152,B,N,C,E,A,A,H,-,C,D,0,,,,,Y,Y,A,07,0,1,0,0,0,0,0,0,0,"- ","- ",,,"LOS ANGELES",GLENDORA,-117.85377673000001,34.128830000000001
8291289,2016,2017-02-02,1942,2016-12-04,0300,39678,1263,7,5,7,1942,0,0,0,L,0,12A93,"WESTERN AV","84TH PL",20.00,N,N,A,-,N,,,,,,,,,,Y,3,0,1,3,A,-,03,22350,,N,C,E,A,A,H,-,C,D,0,,,,,Y,Y,A,01,0,1,0,0,0,0,0,0,0,"- ","- ",,,"LOS ANGELES","LOS ANGELES",-118.3090194,33.961844849999999
8291332,2017,2017-02-10,1942,2017-01-19,1100,36230,1521,4,5,7,1942,0,0,0,O,0,15A21,"SHERMAN WY","FULTON AV",0.00,,Y,B,-,N,,,,,,,,,,N,4,0,1,2,A,-,00,20001,A,N,A,C,A,A,H,-,A,A,0,,,,,Y,Y,-,99,0,0,1,0,0,0,0,0,0,"- ","- ",,,"LOS ANGELES","LOS ANGELES",-118.42254001000001,34.201200040000003
8291700,2016,2017-01-26,1925,2016-12-24,0031,21876,277,6,5,6,1925,0,0,0,,0,002,"SAN FERNANDO RD","LOS FELIZ",300.00,S,N,C,-,N,,,,,,,,,,N,4,0,1,2,A,-,01,23152,A,N,C,C,A,B,H,-,C,D,0,,,,,Y,Y,A,01,0,0,1,0,0,0,0,0,0,"- ","- ",,,"LOS ANGELES",GLENDALE,-118.25867581999999,34.12765417
8292486,2017,2017-04-14,1900,2017-04-01,2230,484625,1120,6,5,6,1992,0,0,0,,0,112T2E,"AVENUE I","40TH ST WEST",0.00,,Y,A,-,N,,,,,,,,,,Y,3,0,4,2,A,-,01,23153,A,N,D,C,A,A,H,-,D,A,0,,,,,Y,Y,A,01,0,4,0,0,0,0,0,0,0,"- ","- ",,,"LOS ANGELES",LANCASTER,-118.20166009,34.70407007
8293092,2016,2017-02-08,1901,2016-12-04,2200,251,,7,5,5,1901,0,0,0,,0,004,"MONTEZUMA AV",WESTMINSTER,210.00,W,N,A,-,N,,,,,,,,,,Y,4,0,1,1,A,-,03,22350,,N,E,I,A,A,H,-,C,D,0,,,,,Y,Y,A,01,0,0,1,0,0,0,0,0,0,"- ","- ",34.062660000000001,-118.15864999999999,"LOS ANGELES",ALHAMBRA,-118.15711921,34.063672580000002
8293354,2016,2017-02-02,1942,2016-10-03,1955,39759,1395,1,5,7,1942,0,0,0,M,0,24T31,"GAGE AV","CENTRAL AV",445.00,W,N,A,-,N,,,,,,,,,,Y,2,0,1,2,A,-,11,21954,A,N,G,B,D,A,H,-,C,D,0,Y,,,,Y,Y,N,60,1,0,0,0,1,0,0,0,0,"- ","- ",,,"LOS ANGELES","LOS ANGELES",-118.25792104,33.981958589999998
8293539,2017,2017-02-03,1942,2017-01-13,1935,39135,1263,5,5,7,1942,0,0,0,L,0,12A45,"WESTERN AV","84TH ST",150.00,S,N,A,-,N,,,,,,,,,,Y,2,0,1,2,A,-,01,23152,A,F,G,G,A,A,H,-,C,D,0,,Y,,,Y,Y,A,08,1,0,0,0,0,0,1,0,0,"- ","- ",,,"LOS ANGELES","LOS ANGELES",-118.309016,33.962282999999999
8293549,2016,2017-02-07,1942,2016-12-22,1650,42398,0195,4,5,7,1942,0,0,0,A,0,1X92,BROADWAY,"18TH ST",130.00,S,N,A,-,N,,,,,,,,,,N,4,0,1,2,A,-,21,22106,,N,C,C,A,B,H,-,C,D,0,,,,,Y,Y,A,01,0,0,1,0,0,0,0,0,0,"- ","- ",,,"LOS ANGELES","LOS ANGELES",-118.264968,34.032409999999999
8293692,2016,2017-02-02,1933,2016-11-29,1908,924,2,2,5,6,1933,0,0,0,,0,001,"CENTINELA AV","MARKET ST",10.00,E,N,A,-,N,,,,,,,,,,N,3,0,1,2,A,-,05,21650,1,N,H,G,A,A,H,-,C,D,0,,Y,,,Y,Y,L,04,0,1,0,0,0,0,1,0,0,"- ","- ",33.976239999999997,-118.35655,"LOS ANGELES",INGLEWOOD,-118.35658735,33.97615648
8293938,2016,2017-02-02,1969,2016-12-21,0848,10000,,3,5,5,1969,0,0,0,,0,0A4,"FIRESTONE BL",BOWERS,43.00,W,N,A,-,N,,,,,,,,,,Y,3,0,2,3,A,-,07,21658,A,N,C,E,A,A,H,-,A,D,0,,,,,Y,Y,A,01,0,1,1,0,0,0,0,0,0,"- ","- ",,,"LOS ANGELES","SOUTH GATE",-118.19013078,33.952651869999997
8293975,2017,2017-02-01,1931,2017-01-12,1315,5262,1931,4,5,5,1931,0,0,0,,0,002,"GAGE AV",HOLLENBECK,10.00,E,N,C,-,N,,,,,,,,,,N,4,0,1,3,A,-,03,22350,,F,C,C,A,B,-,-,A,-,0,,,,,Y,Y,A,01,0,0,1,0,0,0,0,0,0,"- ","- ",,,"LOS ANGELES","HUNTINGTON PARK",-118.20733734,33.980176559999997
8294132,2016,2017-02-01,1922,2016-12-31,2142,677,,6,5,6,1922,0,0,0,,0,,"MERCED AV","FERN ST",0.00,,Y,B,-,N,,,,,,,,,,Y,3,0,2,2,A,-,01,23152,A,N,A,C,A,B,H,-,C,A,0,,,,,Y,Y,A,01,0,1,1,0,0,0,0,0,0,"- ","- ",,,"LOS ANGELES","EL MONTE",-118.05131003,34.059100000000001
8294167,2017,2017-02-01,1931,2017-01-22,0211,5307,1931,7,5,5,1931,0,0,0,,0,004,"CALIFORNIA AV","WALNUT ST",30.00,S,N,C,-,N,,,,,,,,,,Y,3,0,1,6,A,-,06,21755,,N,C,C,A,B,H,-,C,D,0,,,,,Y,Y,A,01,0,1,0,0,0,0,0,0,0,"- ","- ",,,"LOS ANGELES","HUNTINGTON PARK",-118.20357255,33.9709784
8294199,2017,2017-02-01,1931,2017-01-22,0256,5307,1931,7,5,5,1931,0,0,0,,0,003,"PACIFIC BL","GAGE AV",9.00,N,N,A,-,N,,,,,,,,,,N,3,0,1,2,A,-,11,21453,D,F,G,B,B,A,H,-,C,A,0,Y,,,,Y,Y,N,60,0,1,0,0,1,0,0,0,0,"- ","- ",,,"LOS ANGELES","HUNTINGTON PARK",-118.2252,33.981664680000002
8294230,2017,2017-02-02,1900,2017-01-14,2155,465550,0617,6,5,6,1985,0,0,0,,0,60T1,"TERRI DR","GREGORY LN",20.00,E,N,A,-,N,,,,,,,,,,Y,3,0,2,2,A,-,01,23152,A,N,B,E,A,A,H,-,A,D,0,,,,,Y,Y,A,01,0,2,0,0,0,0,0,0,0,"- ","- ",,,"LOS ANGELES","SANTA CLARITA",-118.48128645,34.413754660000002
8296278,2016,2017-02-09,1942,2016-12-26,2235,32820,0408,1,5,7,1942,0,0,0,D,0,4A9,"HUNTINGTON DR N","ROSEMEAD ST",0.00,,Y,A,-,N,,,,,,,,,,Y,3,0,4,2,A,-,01,23152,A,N,D,C,A,A,H,-,C,A,0,,,,,Y,Y,D,22,0,4,0,0,0,0,0,0,0,"- ","- ",,,"LOS ANGELES","LOS ANGELES",-118.17597009000001,34.087220049999999
8296697,2017,2017-02-14,1900,2017-01-06,1431,487849,2260,5,5,2,1993,0,0,0,,0,226T1,"LINDERO CANYON RD","FOXFIELD DR",858.00,S,N,A,-,N,,,,,,,,,,Y,2,0,1,2,A,-,01,23152,A,N,D,C,A,A,H,-,A,D,0,,,Y,,Y,Y,A,07,1,0,0,0,0,0,0,0,1,"- ","- ",34.138100000000001,-118.8222,"LOS ANGELES","WESTLAKE VILLAGE",-118.82210938999999,34.138161429999997
8296770,2017,2017-02-08,1900,2017-01-28,2126,527065,1134,6,5,6,1992,0,0,0,,0,111T1,"AVE K","CHALLENGER WY",42.00,W,N,A,-,N,,,,,,,,,,Y,4,0,1,3,A,-,01,23152,A,N,C,C,A,A,H,-,C,A,0,,,,,Y,Y,A,01,0,0,1,0,0,0,0,0,0,"- ","- ",,,"LOS ANGELES",LANCASTER,-118.11252500000001,34.674987999999999
8296875,2017,2017-02-10,1942,2017-01-27,0540,40237,0363,5,5,7,1942,0,0,0,C,0,18T23,"CRENSHAW BL","MARTIN LUTHER KING JR BL",455.00,N,N,A,-,N,,,,,,,,,,Y,4,0,1,2,A,-,01,23152,A,N,C,E,A,A,H,-,C,D,0,,,,,Y,Y,A,07,0,0,1,0,0,0,0,0,0,"- ","- ",,,"LOS ANGELES","LOS ANGELES",-118.33511,34.012177700000002
8297595,2017,2017-02-14,1942,2017-01-29,2340,42215,1402,7,5,7,1942,0,0,0,N,0,14A13,"SAWTELLE BL","NATIONAL BL",585.00,N,N,A,-,N,,,,,,,,,,Y,4,0,1,3,A,-,01,23152,A,N,D,C,A,A,H,-,C,B,0,,,,,Y,Y,A,01,0,0,1,0,0,0,0,0,0,"- ","- ",,,"LOS ANGELES","LOS ANGELES",-118.43249041,34.027584160000004
8298387,2017,2017-02-16,1900,2017-01-31,2018,473767,1192,2,5,6,1992,0,0,0,,0,111T1,"AVENUE L","30TH ST WEST",92.00,W,N,A,-,N,,,,,,,,,,Y,4,0,2,4,A,-,01,23152,A,N,C,C,A,A,H,-,C,A,0,,,,,Y,Y,A,01,0,0,2,0,0,0,0,0,0,"- ","- ",,,"LOS ANGELES",LANCASTER,-118.18378531,34.660269999999997
8298397,2017,2017-02-23,1942,2017-02-02,1335,36801,1971,4,5,7,1942,0,0,0,,0,10TL38,"NORDHOFF ST","SEPULVEDA BL",300.00,W,N,A,-,N,,,,,,,,,,Y,4,0,1,2,A,-,09,21804,A,N,A,C,A,A,H,-,A,D,0,,,,,Y,Y,A,01,0,0,1,0,0,0,0,0,0,"- ","- ",,,"LOS ANGELES","LOS ANGELES",-118.46870076,34.235533670000002
8298400,2017,2017-02-17,1900,2017-01-22,0030,530600,0641,7,5,6,1985,0,0,0,,0,61T1,"COPPER HILL DR","SECO CANYON RD",113.00,E,N,C,-,N,,,,,,,,,,Y,4,0,1,1,A,-,01,23152,A,N,E,I,A,B,H,-,C,A,0,,,,,Y,Y,A,07,0,0,1,0,0,0,0,0,0,"- ","- ",,,"LOS ANGELES","SANTA CLARITA",-118.53402887,34.460049759999997
8299348,2015,2017-02-27,1933,2015-01-31,2206,960,I34,6,5,6,1933,0,0,0,,0,004,"IMPERIAL HWY","DOTY AV",0.00,,Y,A,-,N,,,,,,,,,,Y,2,0,2,2,A,-,01,23152,A,N,C,E,A,A,H,-,C,A,0,,,,,Y,Y,A,01,1,0,1,0,0,0,0,0,0,"- ","- ",,,"LOS ANGELES",INGLEWOOD,-118.33941005,33.930950090000003
8299461,2016,2017-02-21,1942,2016-11-22,2200,42416,2045,2,5,7,1942,0,0,0,,0,20A58,"NORMANDIE AV","JAMES M WOOD",0.00,,Y,A,-,N,,,,,,,,,,Y,4,0,2,2,A,-,01,23152,,N,A,C,A,A,H,-,C,A,0,,,,,Y,Y,A,01,0,0,2,0,0,0,0,0,0,"- ","- ",,,"LOS ANGELES","LOS ANGELES",-118.29980999999999,34.055900000000001
8299606,2017,2017-02-23,1942,2017-02-03,1620,33827,0935,5,5,7,1942,0,0,0,I,0,17T12,"VICTORY BL","VAN NUYS BL",150.00,W,N,B,-,N,,,,,,,,,,N,4,0,1,2,A,-,03,22350,,F,G,B,E,A,H,-,A,A,0,Y,,,,Y,Y,-,99,0,0,1,0,1,0,0,0,0,"- ","- ",,,"LOS ANGELES","LOS ANGELES",-118.44923501,34.18666537
8300392,2017,2017-02-07,1942,2017-01-15,1920,32774,1781,7,5,7,1942,0,0,0,Q,0,21T61,NORDHOFF,"WINNETKA AV",0.00,,Y,A,-,N,,,,,,,,,,Y,3,0,3,4,A,-,12,21453,A,N,D,C,A,A,H,-,C,D,0,,,,,Y,Y,A,01,0,1,2,0,0,0,0,0,0,"- ","- ",,,"LOS ANGELES","LOS ANGELES",-118.57106005999999,34.231800079999999
8300726,2017,2017-02-14,1905,2017-01-28,2301,1150,243,6,5,4,1905,0,0,0,,0,071,"GLADSTONE ST","CERRITOS AV",0.00,,Y,A,-,N,,,,,,,,,,Y,4,0,2,2,A,-,01,23152,A,N,D,C,A,A,H,-,C,A,0,,,,,Y,Y,D,22,0,0,2,0,0,0,0,0,0,"- ","- ",34.114220000000003,-117.89921,"LOS ANGELES",AZUSA,-117.89949003,34.114210020000002
8301034,2017,2017-02-09,1905,2017-01-18,2027,1098,242,3,5,4,1905,0,0,0,,0,051,"GLADSTONE ST","PASADENA AV",330.00,W,N,B,C,N,,,,,,,,,,Y,3,0,2,2,A,-,01,23153,A,N,F,C,A,B,-,-,C,D,0,,,,,Y,Y,-,,0,1,1,0,0,0,0,0,0,"- ","- ",,,"LOS ANGELES",AZUSA,-117.90366761999999,34.114229709999996
8301774,2017,2017-12-27,1905,2017-01-14,0248,1137,711,6,5,4,1905,0,0,0,,0,052,"SAN GABRIEL CANYON RD","ELLSWORTH ST",224.00,S,N,A,-,N,,,,,,,,,,Y,4,0,1,1,A,-,01,23152,A,N,E,I,A,A,H,-,C,A,0,,,,,Y,Y,A,01,0,0,1,0,0,0,0,0,0,"- ","- ",34.14667,-117.90819,"LOS ANGELES",AZUSA,-117.90965563,34.14960619
8302372,2017,2017-02-13,1942,2017-01-03,1650,42357,0311,2,5,7,1942,0,0,0,C,0,3A19,"ADAMS BL","FAIRFAX AV",40.00,E,N,A,-,N,,,,,,,,,,N,4,0,1,2,A,-,09,21801,A,M,C,C,A,A,H,-,B,A,0,,,,,Y,Y,-,99,0,0,1,0,0,0,0,0,0,"- ","- ",,,"LOS ANGELES","LOS ANGELES",-118.37064826,34.032442490000001
8302477,2017,2017-09-05,1900,2017-01-21,1952,602241,,6,5,5,1943,0,0,0,,0,212T3,"IMPERIAL HWY","CALIFORNIA AV",30.00,E,N,A,-,N,,,,,,,,,,Y,4,0,3,2,A,-,01,23152,A,N,A,C,A,A,H,-,C,A,0,,,,,Y,Y,A,01,0,0,3,0,0,0,0,0,0,"- ","- ",,,"LOS ANGELES",LYNWOOD,-118.20861168,33.930682849999997
8303568,2016,2017-02-09,1942,2016-12-19,2135,41489,1343,1,5,7,1942,0,0,0,M,0,1461W3,"AVALON BL","MARTIN LUTHER KING BL",50.00,N,N,A,-,N,,,,,,,,,,Y,4,0,1,2,A,-,01,23152,A,N,C,C,A,A,H,-,C,D,0,,,,Y,Y,Y,A,01,0,0,1,0,0,0,0,0,0,"- ","- ",,,"LOS ANGELES","LOS ANGELES",-118.26526,34.011197129999999
8303659,2017,2017-02-09,1942,2017-01-28,1725,38721,0638,6,5,7,1942,0,0,0,F,0,8TL26,"FRANKLIN AV","GRAMERCY PL",20.00,E,N,A,-,N,,,,,,,,,,Y,4,0,1,6,A,-,01,23152,A,N,B,E,A,A,H,-,B,D,0,,,,,Y,Y,A,07,0,0,1,0,0,0,0,0,0,"- ","- ",,,"LOS ANGELES","LOS ANGELES",-118.31252406,34.105400000000003
8303693,2017,2017-08-04,1942,2017-01-26,2240,37575,828,4,5,7,1942,0,0,0,,0,14T47,"WILSHIRE BL",WESTHOLME,63.00,W,N,A,-,N,,,,,,,,,,Y,3,0,4,4,A,-,01,23152,A,N,C,C,A,A,H,-,C,A,0,,,,,Y,Y,A,07,0,1,3,0,0,0,0,0,0,"- ","- ",,,"LOS ANGELES","LOS ANGELES",-118.43386459,34.061416469999998
8303970,2017,2017-02-10,1942,2017-01-28,2010,41625,1641,6,5,7,1942,0,0,0,P,0,16X24,"VAN NUYS BL","LAUREL CANYON BL",555.00,W,N,A,-,N,,,,,,,,,,N,4,0,1,2,B,-,22,,,F,D,C,A,A,H,-,C,D,0,,,,,Y,Y,-,99,0,0,1,0,0,0,0,0,0,"- ","- ",,,"LOS ANGELES","LOS ANGELES",-118.43350574999999,34.257812979999997
8304038,2017,2017-02-17,1941,2017-01-26,2154,10683,,4,5,7,1941,0,0,0,,0,,"ORANGE AV","SPRING ST",0.00,,Y,A,-,N,,,,,,,,,,Y,4,0,1,2,A,-,01,23152,,F,D,C,A,A,H,-,C,A,0,,,,,Y,Y,D,,0,0,1,0,0,0,0,0,0,"- ","- ",,,"LOS ANGELES","LONG BEACH",-118.17631013,33.811680109999998
8304134,2017,2017-02-09,1942,2017-01-30,1910,40542,1047,1,5,7,1942,0,0,0,J,0,21T65,"BURBANK BL","BALBOA BL",300.00,E,N,A,-,N,,,,,,,,,,Y,4,0,3,3,A,-,01,23152,A,N,C,C,A,A,H,-,C,D,0,,,,,Y,Y,A,01,0,0,3,0,0,0,0,0,0,"- ","- ",,,"LOS ANGELES","LOS ANGELES",-118.50020041000001,34.17221
8304239,2016,2017-02-10,1942,2016-12-09,1500,40693,1321,5,5,7,1942,0,0,0,M,0,13A43,"ADAMS BL","BROADWAY AV",0.00,,Y,B,-,N,,,,,,,,,,N,3,0,1,2,A,-,"- ",,,N,G,B,F,A,H,-,A,D,0,Y,,,,Y,Y,-,,0,1,0,0,1,0,0,0,0,"- ","- ",,,"LOS ANGELES","LOS ANGELES",-118.26978008,34.025350119999999
8304751,2016,2017-03-06,1942,2016-12-09,1015,31542,0216,5,5,7,1942,0,0,0,B,0,24TL22,"SUNSET BL","ALVARADO ST",0.00,,Y,A,-,N,,,,,,,,,,,4,0,1,3,A,-,12,21453,A,N,B,B,B,A,H,-,A,A,0,Y,Y,,,Y,Y,L,04,0,0,1,0,1,0,0,0,0,"- ","- ",,,"LOS ANGELES","LOS ANGELES",-118.26348006000001,34.077620029999999
8305711,2017,2017-02-16,1942,2017-02-02,1700,36801,1956,4,5,7,1942,0,0,0,,0,10TL38,"DEVONSHIRE ST","ARLETA AV",1000.00,W,N,A,-,N,,,,,,,,,,Y,3,0,4,5,A,-,05,21651,A,N,D,C,A,A,H,-,A,D,0,,,,,Y,Y,A,01,0,1,3,0,0,0,0,0,0,"- ","- ",,,"LOS ANGELES","LOS ANGELES",-118.44737799000001,34.257463479999998
8306722,2016,2017-02-27,1900,2016-10-09,2320,525033,0244,7,5,3,1914,0,0,0,,0,27T,"EASTERN AV","STEVENS PL",127.00,S,N,A,-,N,,,,,,,,,,Y,3,0,2,2,A,-,01,23152,A,N,D,C,A,A,H,-,C,D,0,,,,,Y,Y,A,01,0,2,0,0,0,0,0,0,0,"- ","- ",,,"LOS ANGELES",COMMERCE,-118.15875303999999,34.007536209999998
8306879,2015,2017-02-23,1933,2015-12-04,1938,959,24,5,5,6,1933,0,0,0,,0,002,"MAPLE ST","CENTURY BL",60.00,N,N,A,-,N,,,,,,,,,,N,4,0,1,2,A,-,01,21200,5,N,H,G,A,A,H,-,C,A,0,,Y,,,Y,Y,L,04,0,0,1,0,0,0,1,0,0,"- ","- ",33.945480000000003,-118.35378,"LOS ANGELES",INGLEWOOD,-118.35380000000001,33.94560456
8307094,2017,2017-08-04,1976,2017-01-21,2028,465,,6,5,5,1976,0,0,0,,0,,"PAINTER AV","RUSSELL ST",0.00,,Y,A,-,N,,,,,,,,,,Y,4,0,1,2,A,-,09,21801,A,N,A,C,A,A,H,-,C,D,0,,,,,Y,Y,A,01,0,0,1,0,0,0,0,0,0,"- ","- ",,,"LOS ANGELES",WHITTIER,-118.03271014000001,33.965910010000002
8308748,2017,2017-02-16,1942,2017-02-07,2300,32774,0991,2,5,7,1942,0,0,0,I,0,15T43,"VALLEY VISTA BL","DELGADO DR",145.00,S,N,B,-,N,,,,,,,,,,Y,3,0,1,1,A,-,01,23152,A,N,E,I,A,B,H,-,C,D,0,,,,,Y,Y,A,01,0,1,0,0,0,0,0,0,0,"- ","- ",,,"LOS ANGELES","LOS ANGELES",-118.4611609,34.146665550000002
8308763,2017,2017-07-28,1942,2017-02-04,1355,36801,1651,6,5,7,1942,0,0,0,P,0,10TL38,"LAUREL CANYON BL","MONTAGUE ST",300.00,N,N,A,-,N,,,,,,,,,,Y,3,0,1,2,A,-,05,21460,,F,D,C,A,A,H,-,A,D,0,,,,,Y,Y,-,99,0,1,0,0,0,0,0,0,0,"- ","- ",,,"LOS ANGELES","LOS ANGELES",-118.41698733,34.24449551
8308779,2017,2017-02-15,1942,2017-02-06,2305,39779,1621,1,5,7,1942,0,0,0,P,0,10T35,"VAN NUYS BL","ONEIDA AV",0.00,,Y,B,-,N,,,,,,,,,,N,3,0,1,1,A,-,01,21200,5,N,E,J,A,A,H,-,C,D,0,,Y,,,Y,Y,L,04,0,1,0,0,0,0,1,0,0,"- ","- ",,,"LOS ANGELES","LOS ANGELES",-118.42803001999999,34.261780010000003
8309119,2015,2017-02-17,1933,2015-12-19,0224,981,I15,6,5,6,1933,0,0,0,,0,002,"MANCHESTER BL","LA CIENEGA BL",0.00,,Y,A,-,N,,,,,,,,,,Y,4,0,3,2,A,-,12,21453,A,N,D,C,A,A,H,-,C,A,0,,,,,Y,Y,A,01,0,0,3,0,0,0,0,0,0,"- ","- ",33.961649999999999,-118.37002,"LOS ANGELES",INGLEWOOD,-118.37008011,33.961590059999999
8309177,2015,2017-02-17,1933,2015-08-27,1035,869,10,4,5,6,1933,0,0,0,,0,003,"MANCHESTER BL","MANCHESTER DR",45.00,E,N,A,-,N,,,,,,,,,,N,4,0,2,2,A,-,03,22350,,F,C,C,A,A,H,-,A,A,0,,,,,Y,Y,-,99,0,0,2,0,0,0,0,0,0,"- ","- ",,,"LOS ANGELES",INGLEWOOD,-118.34713625000001,33.960581980000001
8309191,2015,2017-02-17,1933,2015-10-28,2244,924,34,3,5,6,1933,0,0,0,,0,004,"PRAIRIE AV","109TH ST",0.00,,Y,A,-,N,,,,,,,,,,N,4,0,1,2,A,-,07,21658,A,F,D,C,A,A,H,-,C,D,0,,,Y,,Y,Y,A,01,0,0,1,0,0,0,0,0,1,"- ","- ",33.936779999999999,-118.34392,"LOS ANGELES",INGLEWOOD,-118.34392010000001,33.936750109999998
8309815,2016,2017-02-22,1942,2016-12-29,2020,4-2582,2062,4,5,7,1942,0,0,0,,0,20A45,"W OLYMPIC BL","WILTON PL",15.00,W,N,A,-,N,,,,,,,,,,N,3,0,1,2,D,-,00,,,N,G,B,B,A,H,-,C,A,0,Y,,,,Y,Y,-,"- ",0,1,0,0,1,0,0,0,0,"- ","- ",,,"LOS ANGELES","LOS ANGELES",-118.31510935999999,34.052547959999998
8310664,2016,2017-02-27,1942,2016-12-31,2115,34332,1112,6,5,7,1942,0,0,0,K,0,24T33,"VERDUGO RD","WAWONA ST",38.00,N,N,B,-,N,,,,,,,,,,Y,4,0,1,5,A,-,01,23152,A,N,C,E,A,B,H,-,C,A,0,,,,,Y,Y,A,01,0,0,1,0,0,0,0,0,0,"- ","- ",,,"LOS ANGELES","LOS ANGELES",-118.23217029,34.127232829999997
8310981,2017,2017-08-04,1942,2017-01-30,2340,40724,1861,1,5,7,1942,0,0,0,R,0,18A1,"IMPERIAL HWY","VERMONT AV",400.00,E,N,A,-,N,,,,,,,,,,Y,3,0,1,2,A,-,01,23152,A,N,C,E,A,A,H,-,C,D,0,,,,,Y,Y,A,01,0,1,0,0,0,0,0,0,0,"- ","- ",,,"LOS ANGELES","LOS ANGELES",-118.29029392,33.930979999999998
8311248,2017,2017-03-03,1942,2017-02-05,1935,38233,0231,7,5,7,1942,0,0,0,B,0,24T33,"S RENO ST","W 2ND ST",0.00,,Y,A,-,N,,,,,,,,,,Y,4,0,1,3,A,-,01,23153,,F,B,C,A,A,H,-,C,D,0,,,,,Y,Y,A,01,0,0,1,0,0,0,0,0,0,"- ","- ",,,"LOS ANGELES","LOS ANGELES",-118.28229012,34.069880079999997