CASE_ID,ACCIDENT_YEAR,PROC_DATE,JURIS,COLLISION_DATE,COLLISION_TIME,OFFICER_ID,REPORTING_DISTRICT,DAY_OF_WEEK,CHP_SHIFT,POPULATION,CNTY_CITY_LOC,SPECIAL_COND,BEAT_TYPE,CHP_BEAT_TYPE,CITY_DIVISION_LAPD,CHP_BEAT_CLASS,BEAT_NUMBER,PRIMARY_RD,SECONDARY_RD,DISTANCE,DIRECTION,INTERSECTION,WEATHER_1,WEATHER_2,STATE_HWY_IND,CALTRANS_COUNTY,CALTRANS_DISTRICT,STATE_ROUTE,ROUTE_SUFFIX,POSTMILE_PREFIX,POSTMILE,LOCATION_TYPE,RAMP_INTERSECTION,SIDE_OF_HWY,TOW_AWAY,COLLISION_SEVERITY,NUMBER_KILLED,NUMBER_INJURED,PARTY_COUNT,PRIMARY_COLL_FACTOR,PCF_CODE_OF_VIOL,PCF_VIOL_CATEGORY,PCF_VIOLATION,PCF_VIOL_SUBSECTION,HIT_AND_RUN,TYPE_OF_COLLISION,MVIW,PED_ACTION,ROAD_SURFACE,ROAD_COND_1,ROAD_COND_2,LIGHTING,CONTROL_DEVICE,CHP_ROAD_TYPE,PEDESTRIAN_ACCIDENT,BICYCLE_ACCIDENT,MOTORCYCLE_ACCIDENT,TRUCK_ACCIDENT,NOT_PRIVATE_PROPERTY,ALCOHOL_INVOLVED,STWD_VEHTYPE_AT_FAULT,CHP_VEHTYPE_AT_FAULT,COUNT_SEVERE_INJ,COUNT_VISIBLE_INJ,COUNT_COMPLAINT_PAIN,COUNT_PED_KILLED,COUNT_PED_INJURED,COUNT_BICYCLIST_KILLED,COUNT_BICYCLIST_INJURED,COUNT_MC_KILLED,COUNT_MC_INJURED,PRIMARY_RAMP,SECONDARY_RAMP,LATITUDE,LONGITUDE,COUNTY,CITY,POINT_X,POINT_Y
8971382,2019,2019-11-20,1900,2019-10-13,0830,624036,1335,7,5,5,1908,0,0,0,,0,133B,"PALM ST","VIRGINIA AV",656.00,E,N,A,-,N,,,,,,,,,,N,3,0,1,3,A,-,11,21950,B,N,G,B,D,A,H,-,A,D,0,Y,,,,Y,Y,N,60,0,1,0,0,1,0,0,0,0,"- ","- ",,,"LOS ANGELES",BELLFLOWER,-118.13750457763672,33.876583099365234
8973372,2019,2019-12-16,1972,2019-10-25,2016,20987,,5,5,6,1972,0,0,0,,0,,"PALOS VERDES BL","PACIFIC COAST HWY",20.00,S,N,A,-,N,,,,,,,,,,Y,4,0,1,2,A,-,01,23152,A,N,C,C,A,A,H,-,C,A,0,,,,,Y,Y,A,,0,0,1,0,0,0,0,0,0,"- ","- ",,,"LOS ANGELES",TORRANCE,-118.38353729248047,33.818614959716797
8974062,2019,2019-11-18,1942,2019-10-26,2255,32372,1005,6,5,7,1942,0,0,0,J,0,10A3,"SATICOY ST","YARMOUTH AV",83.00,E,N,A,-,N,,,,,,,,,,N,4,0,1,1,A,-,01,23152,A,N,E,I,A,A,H,-,C,D,0,,,,,Y,Y,D,22,0,0,1,0,0,0,0,0,0,"- ","- ",,,"LOS ANGELES","LOS ANGELES",-118.51945495605469,34.208408355712891
8974129,2019,2019-11-19,1918,2019-06-03,1800,799,4,1,5,4,1918,0,0,0,,0,4M9,"SLAUSON AV","BRISTOL PKWY",310.00,E,N,A,B,N,,,,,,,,,,Y,4,0,2,3,A,-,03,22350,,N,C,C,A,A,H,-,A,D,0,,,,,Y,Y,A,01,0,0,2,0,0,0,0,0,0,"- ","- ",33.988880157470703,-118.38671112060547,"LOS ANGELES","CULVER CITY",-118.38578033447266,33.988922119140625
8974377,2019,2020-02-06,1941,2019-10-16,1124,10051,,3,5,7,1941,0,0,0,,0,,"PACIFIC COAST HWY","LONG BEACH BL",0.00,,Y,A,-,Y,LA,7,1,-,-,6.261,I,5,S,Y,4,0,4,4,A,-,03,22350,,N,D,B,B,A,H,-,A,A,0,Y,,,,Y,Y,A,,0,0,4,0,2,0,0,0,0,"- ","- ",,,"LOS ANGELES","LONG BEACH",-118.18930053710938,33.789806365966797
8975000,2019,2019-11-18,1942,2019-09-22,1825,42069,1832,7,5,7,1942,0,0,0,R,0,25T25,"VERMONT AV","125TH ST",19.00,S,N,A,-,N,,,,,,,,,,Y,3,0,3,1,A,-,03,22350,,N,A,A,A,A,H,-,A,D,0,,,,,Y,Y,A,01,0,1,2,0,0,0,0,0,0,"- ","- ",,,"LOS ANGELES","LOS ANGELES",-118.29154205322266,33.918338775634766
8975833,2019,2019-11-19,1962,2019-10-29,1703,138,1962,2,5,4,1962,0,0,0,,0,004,"CALIFORNIA ST","EL MONTE ST",0.00,,Y,A,-,N,,,,,,,,,,N,4,0,1,2,A,-,08,22107,,N,D,C,A,A,H,-,A,D,0,,,,,Y,Y,A,01,0,0,1,0,0,0,0,0,0,"- ","- ",34.094219207763672,-118.09297943115234,"LOS ANGELES","SAN GABRIEL",-118.09291076660156,34.094200134277344
8978270,2019,2019-11-25,1942,2019-08-14,1855,42069,119,3,5,7,1942,0,0,0,K,0,25TL25,"54TH ST","FIGUEROA ST",0.00,,Y,A,-,N,,,,,,,,,,N,4,0,1,2,A,-,10,21950,A,N,C,C,A,A,H,-,A,A,0,,,,,Y,Y,A,01,0,0,1,0,0,0,0,0,0,"- ","- ",,,"LOS ANGELES","LOS ANGELES",-118.28267669677734,33.993289947509766
8980029,2019,2019-12-10,1942,2019-09-10,0250,42736,4215,2,5,7,1942,0,0,0,,0,1532,"BURBANK BL","LAUREL CANYON",25.00,W,N,A,-,N,,,,,,,,,,Y,4,0,2,2,A,-,01,23152,,N,C,C,A,A,H,-,C,A,0,,,,,Y,Y,A,01,0,0,2,0,0,0,0,0,0,"- ","- ",,,"LOS ANGELES","LOS ANGELES",-118.39659118652344,34.172130584716797
8981372,2019,2020-01-13,1942,2019-11-09,1945,39395,0438,6,5,7,1942,0,0,0,D,0,4A9,"ALHAMA AV","DRUID ST",0.00,,Y,A,-,N,,,,,,,,,,Y,3,0,1,3,A,-,01,23152,A,N,C,E,A,A,H,-,C,D,0,,,,,Y,Y,A,01,0,1,0,0,0,0,0,0,0,"- ","- ",,,"LOS ANGELES","LOS ANGELES",-118.176732,34.069192000000001
8982333,2019,2019-12-20,1942,2019-10-03,1839,38567,1303,4,5,7,1942,0,0,0,M,0,13A13,"PICO BL","WALL ST",24.00,E,N,A,-,N,,,,,,,,,,Y,4,0,1,2,A,-,08,22107,,N,B,C,A,A,H,-,C,D,0,,,Y,,Y,Y,A,01,0,0,1,0,0,0,0,0,1,"- ","- ",,,"LOS ANGELES","LOS ANGELES",-118.25642395019531,34.034114837646484
8982498,2019,2019-11-26,1942,2019-10-04,0015,43576,1183,5,5,7,1942,0,0,0,K,0,11A95,"GLENDALE BL","BERKELEY AV",0.00,,Y,A,-,N,,,,,,,,,,Y,4,0,1,2,A,-,01,23152,A,N,D,C,A,A,H,-,C,A,0,,,,,Y,Y,A,08,0,0,1,0,0,0,0,0,0,"- ","- ",,,"LOS ANGELES","LOS ANGELES",-118.26010131835938,34.083549499511719
8982654,2019,2020-01-28,1922,2019-10-05,1534,693,,6,5,6,1922,0,0,0,,0,002,"RAMONA BL","PENN MAR",0.00,,Y,A,-,N,,,,,,,,,,N,3,0,1,2,A,-,"- ",,,M,D,G,A,A,H,-,A,D,0,,Y,,,Y,Y,L,04,0,1,0,0,0,0,1,0,0,"- ","- ",34.075569152832031,-118.01072692871094,"LOS ANGELES","EL MONTE",-118.01069641113281,34.075550079345703
8983026,2019,2019-12-26,1900,2019-10-08,0341,618167,0332,2,5,4,1939,0,0,0,,0,"35T1 E","HAWTHORNE BL","154TH ST",2.00,S,N,A,-,N,,,,,,,,,,Y,3,0,1,1,A,-,01,23152,A,N,E,I,A,A,H,-,C,A,0,,,,,Y,Y,A,07,0,1,0,0,0,0,0,0,0,"- ","- ",,,"LOS ANGELES",LAWNDALE,-118.35273742675781,33.891002655029297
8983777,2019,2019-12-02,1922,2019-08-09,2120,651,,5,5,6,1922,0,0,0,,0,002,"PECK RD","KILLIAN ST",0.00,,Y,A,-,N,,,,,,,,,,N,3,0,1,2,A,-,08,22107,,F,D,G,A,A,H,-,B,D,0,,Y,,,Y,Y,-,,0,1,0,0,0,0,1,0,0,"- ","- ",34.084430694580078,-118.01780700683594,"LOS ANGELES","EL MONTE",-118.01715087890625,34.085620880126953
8985664,2019,2020-03-09,1944,2019-10-11,0036,369,,5,5,4,1944,0,0,0,,0,001,"KEATS ST","SEPULVEDA BL",92.00,E,N,A,-,Y,LA,7,1,-,-,22.091,I,6,N,Y,3,0,1,1,A,-,00,21315,B,N,-,I,A,A,H,-,C,D,0,,,,,Y,Y,-,"- ",0,1,0,0,0,0,0,0,0,"- ","- ",,,"LOS ANGELES","MANHATTAN BEACH",-118.39592742919922,33.875507354736328
8986700,2019,2020-01-27,1942,2019-11-07,0330,42660,0807,4,5,7,1942,0,0,0,H,0,8A29W3,"BENEDICT CANYON DR","CLEAR VIEW DR",240.00,S,N,A,-,N,,,,,,,,,,Y,4,0,1,2,A,-,01,23152,A,N,D,E,A,A,H,-,C,D,0,,,,,Y,Y,A,01,0,0,1,0,0,0,0,0,0,"- ","- ",,,"LOS ANGELES","LOS ANGELES",-118.43193054199219,34.099205017089844
8987044,2019,2020-01-27,1942,2019-11-16,0600,38399,1562,6,5,7,1942,0,0,0,O,0,26TL24,"LAUREL CANYON BL","WOODBRIDGE ST",369.00,S,N,A,-,N,,,,,,,,,,Y,2,0,1,5,A,-,01,23152,A,N,C,C,A,A,H,-,C,D,0,,,,,Y,Y,A,01,1,0,0,0,0,0,0,0,0,"- ","- ",,,"LOS ANGELES","LOS ANGELES",-118.39646148681641,34.147529602050781
8987215,2019,2020-03-11,1900,2019-10-28,2035,647449,0641,1,5,6,1985,0,0,0,,0,62T1,"BOUQUET CANYON RD","FAN CT",0.00,,Y,A,-,N,,,,,,,,,,Y,3,0,1,2,A,-,01,23152,A,N,B,C,A,A,H,-,C,D,0,,,,,Y,Y,A,07,0,1,0,0,0,0,0,0,0,"- ","- ",34.457889556884766,-118.49577331542969,"LOS ANGELES","SANTA CLARITA",-118.49581146240234,34.457950592041016
8988114,2019,2019-12-06,1942,2019-10-14,1715,43338,0356,1,5,7,1942,0,0,0,C,0,3A92W7,"JEFFERSON BL",HOBART,25.00,E,N,A,-,N,,,,,,,,,,N,4,0,1,2,D,-,00,,,N,A,C,A,A,H,-,A,D,0,,,,,Y,Y,-,"- ",0,0,1,0,0,0,0,0,0,"- ","- ",,,"LOS ANGELES","LOS ANGELES",-118.3077392578125,34.025558471679688
8988223,2019,2019-12-03,1942,2019-09-06,1530,43720,0563,5,5,7,1942,0,0,0,E,0,5A18,"145TH ST","PARKER AV",0.00,,Y,A,-,N,,,,,,,,,,N,3,0,1,2,A,-,11,21954,A,N,B,B,E,A,H,-,A,A,0,Y,,,,Y,Y,N,60,0,1,0,0,1,0,0,0,0,"- ","- ",,,"LOS ANGELES","LOS ANGELES",,
8989131,2019,2020-01-28,1942,2019-11-06,1711,43215,1444,3,5,7,1942,0,0,0,N,0,14X56,"LINCOLN BL","JEFFERSON WY",450.00,N,N,A,-,N,,,,,,,,,,Y,4,0,2,2,A,-,09,21800,B,N,A,C,A,A,H,-,B,A,0,,,,,Y,Y,A,01,0,0,2,0,0,0,0,0,0,"- ","- ",,,"LOS ANGELES","LOS ANGELES",-118.44647979736328,33.989067077636719
8989230,2019,2020-01-13,1900,2019-11-01,0215,443069,0977,5,5,4,1979,0,0,0,,0,92T2,"CYNTHIA ST","HILLDALE AV",105.00,E,N,A,-,N,,,,,,,,,,N,4,0,1,2,A,-,08,22107,,M,B,C,A,A,H,-,C,D,0,,,,,Y,Y,A,01,0,0,1,0,0,0,0,0,0,"- ","- ",34.087299346923828,-118.38629913330078,"LOS ANGELES","WEST HOLLYWOOD",-118.38633728027344,34.087306976318359
8990478,2019,2020-05-19,1928,2019-11-02,1046,50402,509,6,5,5,1928,0,0,0,,0,503,"EL SEGUNDO BL","KORNBLUM AV",250.00,W,N,A,-,N,,,,,,,,,,Y,3,0,1,2,A,-,07,21658,A,N,B,C,A,A,H,-,A,D,0,,,,,Y,Y,A,01,0,1,0,0,0,0,0,0,0,"- ","- ",33.916431427001953,-118.33735656738281,"LOS ANGELES",HAWTHORNE,-118.33821868896484,33.916419982910156
8990509,2019,2020-01-29,1926,2019-11-26,0131,0029,4,2,5,5,1926,0,0,0,,0,004,"GRAND AV","BASELINE RD",0.00,,Y,A,-,N,,,,,,,,,,Y,3,0,1,2,A,-,01,23153,B,F,D,C,A,A,H,-,C,A,0,,,,,Y,Y,A,01,0,1,0,0,0,0,0,0,0,"- ","- ",34.121368408203125,-117.87275695800781,"LOS ANGELES",GLENDORA,-117.87274932861328,34.121479034423828
8990904,2019,2019-12-16,1942,2019-10-02,1500,41927,1317,3,5,7,1942,0,0,0,M,0,13A27,"MATEO ST","PORTER ST",200.00,N,N,A,-,N,,,,,,,,,,Y,3,0,1,1,A,-,00,21352,A,N,A,I,A,A,H,-,A,A,0,,,,,Y,Y,A,01,0,1,0,0,0,0,0,0,0,"- ","- ",,,"LOS ANGELES","LOS ANGELES",-118.23220825195312,34.027107238769531
8990931,2019,2019-12-17,1924,2019-10-29,2133,80405,44,2,5,5,1924,0,0,0,,0,006,"ARTESIA BL","WESTERN AV",0.00,,Y,A,-,N,,,,,,,,,,Y,3,0,1,2,A,-,12,21453,A,N,D,C,A,A,H,-,C,A,0,,,,,Y,Y,A,07,0,1,0,0,0,0,0,0,0,"- ","- ",33.872940063476562,-118.30905151367188,"LOS ANGELES",GARDENA,-118.30915832519531,33.872810363769531
8990940,2019,2019-12-16,1942,2019-10-27,0545,42445,1371,7,5,7,1942,0,0,0,M,0,13A93,"MAIN ST","SLAUSON AV",0.00,,Y,A,-,N,,,,,,,,,,Y,4,0,4,3,A,-,01,23153,A,N,D,C,A,A,H,-,C,A,0,,,,,Y,Y,A,01,0,0,4,0,0,0,0,0,0,"- ","- ",,,"LOS ANGELES","LOS ANGELES",-118.27394104003906,33.989208221435547
8991716,2019,2019-12-05,1942,2019-10-03,0010,43925,1513,4,5,7,1942,0,0,0,O,0,15A43,"WHITSETT AV","VANOWEN ST",1200.00,N,N,A,-,N,,,,,,,,,,Y,4,0,1,4,A,-,01,23152,A,N,B,C,A,A,H,-,C,A,0,,,,,Y,Y,-,,0,0,1,0,0,0,0,0,0,"- ","- ",,,"LOS ANGELES","LOS ANGELES",-118.40525817871094,34.197242736816406
8992850,2019,2020-01-29,1942,2019-10-13,0351,42783,0111,7,5,7,1942,0,0,0,A,0,1X37,"LOS ANGELES ST",ALAMEDA,300.00,W,N,A,-,N,,,,,,,,,,Y,3,0,1,1,A,-,03,22350,,N,F,-,A,A,H,-,C,A,0,,,,,Y,Y,A,01,0,1,0,0,0,0,0,0,0,"- ","- ",,,"LOS ANGELES","LOS ANGELES",-118.23833399999999,34.056266000000001
8993449,2019,2020-01-17,1942,2019-11-15,1821,41677,1331,5,5,7,1942,0,0,0,M,0,13X62-,"MAIN ST","35TH ST",0.00,,Y,A,-,N,,,,,,,,,,N,4,0,1,2,A,-,03,22350,,F,D,G,A,A,H,-,C,D,0,,Y,,,Y,Y,-,99,0,0,1,0,0,0,1,0,0,"- ","- ",,,"LOS ANGELES","LOS ANGELES",-118.27346038818359,34.017391204833984
8994334,2019,2020-02-20,1947,2019-11-05,0216,1291,,2,5,5,1947,0,0,0,,0,00C,"POPLAR AV","E VICTORIA AV",0.00,,Y,A,-,N,,,,,,,,,,Y,3,0,1,3,A,-,01,23152,,N,C,E,A,A,H,-,C,A,0,,,,,Y,Y,D,22,0,1,0,0,0,0,0,0,0,"- ","- ",34.016231536865234,-118.09735107421875,"LOS ANGELES",MONTEBELLO,-118.09707641601562,34.016910552978516
8994992,2019,2020-01-13,1928,2019-10-01,1612,376,520,2,5,5,1928,0,0,0,,0,503,"ROSECRANS AV","KORNBLUM AV",0.00,,Y,A,-,N,,,,,,,,,,N,3,0,2,2,A,-,01,23153,A,F,D,C,A,A,H,-,A,A,0,,,,,Y,Y,D,22,0,1,1,0,0,0,0,0,0,"- ","- ",33.901870727539062,-118.33746337890625,"LOS ANGELES",HAWTHORNE,-118.33737945556641,33.901931762695312
8995555,2019,2020-01-29,1953,2019-11-30,1953,5602,1953,6,5,6,1953,0,0,0,,0,005,"WILSON AV","UNION ST",0.00,,Y,A,-,N,,,,,,,,,,Y,3,0,1,2,A,-,12,21453,A,N,D,C,A,A,H,-,C,A,0,,,,,Y,Y,-,"- ",0,1,0,0,0,0,0,0,0,"- ","- ",,,"LOS ANGELES",PASADENA,-118.12808227539062,34.148078918457031
8998083,2019,2020-02-18,1942,2019-10-16,0135,43380,2107,3,5,7,1942,0,0,0,,0,21A5,"DE SOTO",COMMUNITY,0.00,,Y,A,-,N,,,,,,,,,,Y,4,0,1,3,A,-,01,23152,A,N,C,E,A,A,H,-,C,D,0,,,,,Y,Y,A,07,0,0,1,0,0,0,0,0,0,"- ","- ",,,"LOS ANGELES","LOS ANGELES",-118.5885009765625,34.222148895263672
8998087,2019,2019-12-18,1942,2019-10-26,2130,42437,2101,6,5,7,1942,0,0,0,,0,2130,"VALLEY CIR","WOOLSEY CANYON",528.00,N,N,A,-,N,,,,,,,,,,Y,3,0,1,1,A,-,01,23152,A,N,H,A,A,A,H,-,D,D,0,,,,,Y,Y,A,07,0,1,0,0,0,0,0,0,0,"- ","- ",,,"LOS ANGELES","LOS ANGELES",-118.64212036132812,34.235519409179688
8998253,2019,2020-01-15,1942,2019-11-04,2030,41536,1248,1,5,7,1942,0,0,0,L,0,12A57,"FLORENCE AV","HOOVER ST",0.00,,Y,A,-,N,,,,,,,,,,Y,4,0,2,2,A,-,09,21801,A,N,D,C,A,A,H,-,C,A,0,,,,,Y,Y,A,01,0,0,2,0,0,0,0,0,0,"- ","- ",,,"LOS ANGELES","LOS ANGELES",-118.287109375,33.974639892578125
9000493,2019,2019-12-18,1942,2019-10-10,0420,43778,1012,4,5,7,1942,0,0,0,J,0,10A3,"RESEDA BL","SATICOY ST",85.00,S,N,A,-,N,,,,,,,,,,N,2,0,1,2,A,-,11,21956,A,N,G,B,E,A,H,-,C,D,0,Y,,,,Y,Y,N,60,1,0,0,0,1,0,0,0,0,"- ","- ",,,"LOS ANGELES","LOS ANGELES",-118.53605651855469,34.208175659179688
9000792,2019,2020-02-06,1956,2019-12-06,1018,1292,70,5,5,5,1956,0,0,0,,0,00P,"YACHT CLUB WY","HOPKINS WY",0.00,,Y,A,-,N,,,,,,,,,,,3,0,1,1,A,-,01,23152,A,N,E,I,A,A,B,-,A,D,0,,,Y,,Y,Y,C,02,0,1,0,0,0,0,0,0,1,"- ","- ",,,"LOS ANGELES","REDONDO BEACH",-118.39762115478516,33.851799011230469
9001116,2019,2020-01-02,1942,2019-11-28,2341,43755,0935,4,5,7,1942,0,0,0,I,0,9XL55,"VAN NUYS BL","VICTORY BL",0.00,,Y,C,-,N,,,,,,,,,,Y,4,0,2,2,A,-,12,21453,A,N,B,C,A,B,H,-,C,A,0,,,,,Y,Y,A,07,0,0,2,0,0,0,0,0,0,"- ","- ",,,"LOS ANGELES","LOS ANGELES",-118.44873809814453,34.186668395996094
9001332,2019,2020-02-19,1975,2019-12-01,2345,429,,7,5,6,1975,0,0,0,,0,004,CAMERON,"AZUSA AV",100.00,W,N,A,-,N,,,,,,,,,,Y,4,0,1,4,A,-,01,23152,A,N,C,C,A,A,H,-,C,D,0,,,,,Y,Y,-,,0,0,1,0,0,0,0,0,0,"- ","- ",,,"LOS ANGELES","WEST COVINA",-117.90827941894531,34.061088562011719
9001409,2019,2020-02-10,1925,2019-12-08,0107,28091,282,7,5,6,1925,0,0,0,,0,003,"E CYPRESS ST","GLENDALE AV",1056.00,E,N,B,-,N,,,,,,,,,,N,4,0,1,2,A,-,01,23152,A,N,C,E,A,A,H,-,D,D,0,,,,,Y,Y,D,22,0,0,1,0,0,0,0,0,0,"- ","- ",,,"LOS ANGELES",GLENDALE,-118.25257110595703,34.129810333251953
9001450,2019,2020-01-08,1909,2019-11-30,1456,563,1909,6,5,4,1909,0,0,0,,0,NORTH,"FLORENCE AV","SCOUT AV",0.00,,-,A,-,N,,,,,,,,,,Y,4,0,1,2,A,-,08,22107,,N,C,C,A,A,H,-,A,D,0,,,,,Y,Y,A,01,0,0,1,0,0,0,0,0,0,"- ","- ",,,"LOS ANGELES","BELL GARDENS",-118.14565277099609,33.961551666259766
9001876,2019,2020-02-06,1942,2019-12-03,1819,43005,1383,2,5,7,1942,0,0,0,M,0,13X71,"61ST ST","SAN PEDRO",0.00,,-,C,-,N,,,,,,,,,,N,3,0,1,2,A,-,00,20001,A,F,C,C,A,B,H,-,C,A,0,,,Y,,Y,Y,-,99,0,1,0,0,0,0,0,0,1,"- ","- ",,,"LOS ANGELES","LOS ANGELES",-118.26957702636719,33.984249114990234
9002144,2019,2020-02-08,1942,2019-12-07,1235,36599,0836,6,5,7,1942,0,0,0,H,0,8A35,"SANTA MONICA BL","FAIRBURN AV",0.00,,Y,C,-,N,,,,,,,,,,Y,4,0,1,2,A,-,03,22350,,N,C,C,A,B,H,-,A,A,0,,,,,Y,Y,A,01,0,0,1,0,0,0,0,0,0,"- ","- ",,,"LOS ANGELES","LOS ANGELES",-118.42848968505859,34.054679870605469
90027798,2015,2015-10-19,9565,2015-10-06,1935,020560,,2,2,9,1900,0,2,4,,2,043,"INGLEWOOD AVE.","132ND ST",0.00,,Y,A,-,N,,,,,,,,,,N,4,0,1,2,A,-,01,23152,A,N,G,B,B,A,H,-,C,A,0,Y,,,,Y,Y,A,01,0,0,1,0,1,0,0,0,0,"- ","- ",33.91263,-118.3613,"LOS ANGELES",UNINCORPORATED,-118.36128008,33.912920040000003
90029055,2015,2015-10-19,9580,2015-10-08,0255,021013,,4,3,7,1942,0,1,2,,2,100,"US-101 N/B (VENTURA FREEWAY)","VINELAND AVE",1500.00,N,N,A,-,Y,,,101,,,,,,N,Y,3,0,1,2,A,-,01,23152,A,N,C,C,A,A,H,-,D,D,0,,,,,Y,Y,A,01,0,1,0,0,0,0,0,0,0,"- ","- ",34.149250000000002,-118.3732,"LOS ANGELES","LOS ANGELES",-118.37320559,34.149244680000002
90033524,2015,2015-10-19,9550,2015-10-18,0255,020969,,7,3,6,1920,0,1,1,,2,500,"INTERSTATE 5 (SANTA ANA FREEWAY) N/B","INTERSTATE 605",2640.00,S,N,A,-,Y,,,,,,,,,,Y,4,0,3,2,A,-,01,23152,A,F,C,C,A,A,H,-,C,D,0,,,,,Y,Y,A,07,0,0,3,0,0,0,0,0,0,"- ","- ",33.561579999999999,-118.52934,"LOS ANGELES",DOWNEY,-118.09662,33.941020000000002
90034770,2015,2015-10-20,9550,2015-10-10,0445,020932,,6,3,6,1920,0,1,1,,2,500,"I-5 NORTHBOUND","IMPERIAL HIGHWAY",780.00,N,N,A,-,Y,,,,,,,,,,Y,3,0,1,3,A,-,08,22107,,M,B,C,A,A,H,-,C,D,0,,,,,Y,Y,A,01,0,1,0,0,0,0,0,0,0,"- ","- ",33.919069999999998,-118.08116,"LOS ANGELES",DOWNEY,-118.08102864999999,33.918934440000001
90035919,2015,2015-10-21,9565,2015-10-16,1755,020273,,5,2,3,1923,0,1,1,,2,010,"I-105 E/B FROM IMPERIAL HWY.","NASH ST",500.00,W,N,A,-,Y,,,105,,,,R,,E,N,3,0,1,1,A,-,01,23152,A,N,E,I,A,A,H,-,A,D,0,,,,,Y,Y,A,01,0,1,0,0,0,0,0,0,0,"- ","- ",33.930790000000002,-118.38890000000001,"LOS ANGELES","EL SEGUNDO",-118.38890000000001,33.930790000000002
90038183,2015,2015-10-26,9565,2015-10-11,0025,020870,,7,3,9,1900,0,3,5,,2,002,"108TH ST.","DENKER AVE",0.00,,Y,A,-,N,,,,,,,,,,N,4,0,1,2,A,-,01,23152,A,N,D,C,A,A,H,-,C,A,0,,,,,Y,Y,D,22,0,0,1,0,0,0,0,0,0,"- ","- ",33.938160000000003,-118.30464000000001,"LOS ANGELES",UNINCORPORATED,-118.30469005,33.938210089999998
90038725,2015,2015-10-27,9590,2015-10-03,0255,020929,,6,3,7,1942,0,1,1,,2,013,"SR-110 S/B (ARROYO SECO PARKWAY)","AVENUE 60",350.00,N,N,A,-,Y,,,110,,,,,,S,Y,2,0,2,1,A,-,01,23152,A,N,E,I,A,A,H,-,C,D,0,,,Y,,Y,Y,C,02,1,1,0,0,0,0,0,0,2,"- ","- ",34.109679999999997,-118.18498,"LOS ANGELES","LOS ANGELES",-118.1849466,34.10967411
90038764,2015,2015-10-27,9580,2015-10-26,0135,018297,,1,3,3,1995,0,2,4,,1,128,"KANAN RD","MULHOLLAND HWY",600.00,N,N,A,-,Y,,,,,,,,,,Y,3,0,1,1,A,-,01,23152,A,N,E,I,A,A,H,-,C,D,0,,,,,Y,Y,A,07,0,1,0,0,0,0,0,0,0,"- ","- ",34.097540000000002,-118.81093,"LOS ANGELES",MALIBU,,
90038974,2015,2015-10-27,9530,2015-10-16,0220,020923,,5,3,7,1942,0,1,1,,2,120,"I-110 N/B FROM PCH","PACIFIC COAST HWY.",300.00,N,N,A,-,Y,,,110,,,,R,,N,N,3,0,1,1,A,-,01,23152,A,N,E,I,A,A,H,-,C,D,0,,,Y,,Y,Y,C,02,0,1,0,0,0,0,0,0,1,"- ","- ",33.791400000000003,-118.282,"LOS ANGELES","LOS ANGELES",-118.282,33.791400000000003
90043295,2015,2015-11-03,9550,2015-10-24,0355,020932,,6,3,9,1900,0,3,5,,2,002,"MARQUARDT AVENUE","RAMSEY DRIVE",31.00,S,N,A,-,N,,,,,,,,,,Y,3,0,1,3,A,-,01,23152,A,N,E,E,A,A,H,-,C,D,0,,,,,Y,Y,A,01,0,1,0,0,0,0,0,0,0,"- ","- ",33.926079999999999,-118.03819,"LOS ANGELES",UNINCORPORATED,-118.03855,33.926214999999999
90044065,2015,2015-11-04,9590,2015-10-11,0500,020708,,7,3,7,1942,0,1,1,,2,063,"I-10 W/B (SANTA MONICA FREEWAY)","FIGUEROA STREET",300.00,W,N,A,-,Y,,,10,,,,,,W,Y,3,0,1,1,A,-,01,23152,A,N,E,I,A,A,H,-,C,D,0,,,,,Y,Y,A,01,0,1,0,0,0,0,0,0,0,"- ","- ",34.037280000000003,-118.27115000000001,"LOS ANGELES","LOS ANGELES",-118.27114259,34.037292149999999
90044110,2015,2015-11-04,9550,2015-10-18,0020,020795,,7,3,9,1900,0,1,1,,2,650,"INTERSTATE 605 (SAN GABRIEL RIVER FWY)","PECK ROAD",1450.00,S,N,A,-,Y,,,605,,,,,,,Y,2,0,1,2,A,-,01,23152,A,N,C,E,A,A,H,-,C,D,0,,,,,Y,Y,A,01,1,0,0,0,0,0,0,0,0,"- ","- ",34.024070000000002,-118.04253,"LOS ANGELES",UNINCORPORATED,-118.04258933,34.024165070000002
90044556,2015,2016-01-25,9540,2015-10-16,0415,020079,,5,3,9,1900,0,1,1,,1,502,"I-5 N/B (GOLDEN STATE FREEWAY)","CALGROVE BLVD",5280.00,S,N,A,-,Y,,,5,,,,,,N,Y,2,0,3,4,A,-,01,23152,A,N,C,E,A,A,H,-,D,D,0,,,,Y,Y,Y,A,01,2,0,1,0,0,0,0,0,0,"- ","- ",34.357039999999998,-118.55177999999999,"LOS ANGELES",UNINCORPORATED,-118.55205128999999,34.356762940000003