CASE_ID,ACCIDENT_YEAR,PROC_DATE,JURIS,COLLISION_DATE,COLLISION_TIME,OFFICER_ID,REPORTING_DISTRICT,DAY_OF_WEEK,CHP_SHIFT,POPULATION,CNTY_CITY_LOC,SPECIAL_COND,BEAT_TYPE,CHP_BEAT_TYPE,CITY_DIVISION_LAPD,CHP_BEAT_CLASS,BEAT_NUMBER,PRIMARY_RD,SECONDARY_RD,DISTANCE,DIRECTION,INTERSECTION,WEATHER_1,WEATHER_2,STATE_HWY_IND,CALTRANS_COUNTY,CALTRANS_DISTRICT,STATE_ROUTE,ROUTE_SUFFIX,POSTMILE_PREFIX,POSTMILE,LOCATION_TYPE,RAMP_INTERSECTION,SIDE_OF_HWY,TOW_AWAY,COLLISION_SEVERITY,NUMBER_KILLED,NUMBER_INJURED,PARTY_COUNT,PRIMARY_COLL_FACTOR,PCF_CODE_OF_VIOL,PCF_VIOL_CATEGORY,PCF_VIOLATION,PCF_VIOL_SUBSECTION,HIT_AND_RUN,TYPE_OF_COLLISION,MVIW,PED_ACTION,ROAD_SURFACE,ROAD_COND_1,ROAD_COND_2,LIGHTING,CONTROL_DEVICE,CHP_ROAD_TYPE,PEDESTRIAN_ACCIDENT,BICYCLE_ACCIDENT,MOTORCYCLE_ACCIDENT,TRUCK_ACCIDENT,NOT_PRIVATE_PROPERTY,ALCOHOL_INVOLVED,STWD_VEHTYPE_AT_FAULT,CHP_VEHTYPE_AT_FAULT,COUNT_SEVERE_INJ,COUNT_VISIBLE_INJ,COUNT_COMPLAINT_PAIN,COUNT_PED_KILLED,COUNT_PED_INJURED,COUNT_BICYCLIST_KILLED,COUNT_BICYCLIST_INJURED,COUNT_MC_KILLED,COUNT_MC_INJURED,PRIMARY_RAMP,SECONDARY_RAMP,LATITUDE,LONGITUDE,COUNTY,CITY,POINT_X,POINT_Y
90140615,2016,2016-03-21,9530,2016-02-13,2050,021016,,6,2,7,1941,0,1,3,,2,320,"SR-91 E/B (ARTESIA FREEWAY)","I-710 N/B (LONG BEACH FREEWAY)",450.00,W,N,A,-,Y,,,91,,,,,,E,Y,4,0,2,2,A,-,01,23152,A,N,B,C,A,A,H,-,C,D,0,,,,,Y,Y,A,01,0,0,2,0,0,0,0,0,0,"- ","- ",33.874200000000002,-118.19598999999999,"LOS ANGELES","LONG BEACH",-118.19601105,33.874249970000001
90141184,2016,2016-03-22,9580,2016-03-17,0310,020811,,4,3,7,1942,0,1,2,,2,102,"US-101 N/B (VENTURA FREEWAY)","HASKELL AVE",100.00,S,N,A,-,Y,,,101,,,,,,N,Y,3,0,1,1,A,-,01,23152,A,N,E,I,A,A,H,-,C,D,0,,,,,Y,Y,A,01,0,1,0,0,0,0,0,0,0,"- ","- ",34.165100000000002,-118.47413,"LOS ANGELES","LOS ANGELES",-118.47417459,34.164975460000001
90141604,2016,2016-03-22,9565,2016-02-20,0250,019355,,6,3,7,1942,0,1,1,,2,063,"I-405 S/B (SAN DIEGO FREEWAY)","MONTANA AVE",64.00,N,N,A,-,Y,,,405,,,,,,S,Y,4,0,2,3,A,-,08,22107,,N,B,C,A,A,G,-,C,D,0,,,,,Y,Y,A,01,0,0,2,0,0,0,0,0,0,"- ","- ",34.067189999999997,-118.46189,"LOS ANGELES","LOS ANGELES",-118.4619118,34.067170609999998
9014223,2020,2020-03-12,1942,2020-01-02,2340,36733,1637,4,5,7,1942,0,0,0,P,0,16A35,"FOOTHILL BL","ORO VISTA AV",500.00,E,N,A,-,N,,,,,,,,,,Y,4,0,1,2,A,-,01,23152,A,F,C,C,A,A,H,-,C,D,0,,,,,Y,Y,D,22,0,0,1,0,0,0,0,0,0,"- ","- ",,,"LOS ANGELES","LOS ANGELES",-118.31410980224609,34.259689331054688
90142491,2016,2016-03-23,9535,2016-01-01,0215,019839,,5,3,9,1900,0,2,4,,2,011,"EASTERN AVENUE (1300 BLOCK)","ROSILYN DRIVE",189.00,S,N,A,-,N,,,,,,,,,,Y,3,0,1,2,A,-,01,23152,A,N,C,E,A,A,H,-,C,D,0,,,,,Y,Y,A,01,0,1,0,0,0,0,0,0,0,"- ","- ",34.055,-118.17246,"LOS ANGELES",UNINCORPORATED,-118.17245794999999,34.054554330000002
9014375,2019,2020-03-02,1942,2019-12-19,1810,38403,1517,4,5,7,1942,0,0,0,O,0,15A3,"VINELAND AV","VANOWEN ST",0.00,,Y,A,-,N,,,,,,,,,,Y,4,0,1,2,A,-,10,21950,A,N,G,B,B,A,H,-,C,A,0,Y,,,,Y,Y,A,01,0,0,1,0,1,0,0,0,0,"- ","- ",,,"LOS ANGELES","LOS ANGELES",-118.37030029296875,34.193950653076172
90144538,2016,2016-03-28,9530,2016-02-23,2100,020293,,2,2,9,1900,0,3,5,,2,001,"ALAMEDA ST.","93RD ST.",0.00,,Y,A,-,N,,,,,,,,,,Y,3,0,2,2,A,-,01,23152,A,F,A,C,A,A,H,-,C,A,0,,,,,Y,Y,A,07,0,2,0,0,0,0,0,0,0,"- ","- ",33.952350000000003,-118.22991,"LOS ANGELES",UNINCORPORATED,-118.22989002,33.952320040000004
90145558,2016,2016-03-28,9565,2016-03-13,2320,021073,,7,3,9,1900,0,2,S,,2,001,"90TH PL.","BUDLONG AVE.",205.00,W,N,A,-,N,,,,,,,,,,Y,3,0,1,2,A,-,08,22107,,F,A,C,A,A,H,-,C,D,0,,,,,Y,Y,A,01,0,1,0,0,0,0,0,0,0,"- ","- ",33.954999999999998,-118.29649999999999,"LOS ANGELES",UNINCORPORATED,-118.29659468,33.955006900000001
90145784,2016,2016-04-04,9550,2016-03-18,0245,020954,,5,3,5,1919,0,1,3,,2,092,"SR-91 W/B TO CARMENITA RD.","STATE ROUTE 91",92.00,N,N,A,-,Y,,,91,,,,R,,W,Y,3,0,1,1,A,-,01,23152,A,N,E,I,A,A,H,-,D,D,0,,,,,Y,Y,A,07,0,1,0,0,0,0,0,0,0,"- ","- ",33.86401,-118.04555000000001,"LOS ANGELES",CERRITOS,-118.04555000000001,33.86401
90146355,2016,2016-03-28,9530,2016-01-08,1912,20751,,5,2,7,1942,1,1,1,,2,110,"I-110 N/B (HARBOR FREEWAY)","EL SEGUNDO BLVD.",660.00,S,N,A,-,Y,,,,,,,,,,Y,1,1,0,2,A,-,08,22107,,N,E,I,A,A,H,-,D,D,0,,,Y,,Y,Y,C,02,0,0,0,0,0,0,0,1,0,"- ","- ",33.544690000000003,-118.17109000000001,"LOS ANGELES","LOS ANGELES",-118.28623249,33.914654560000002
90146420,2016,2016-03-28,9535,2016-03-02,1455,020814,,3,2,9,1900,0,1,1,,2,420,"I-10 E/B TO I-710 S/B","EASTERN AVE.",1000.00,W,N,A,-,Y,,,,,,,,,,Y,4,0,1,2,A,-,01,23152,A,N,C,C,A,A,H,-,A,D,0,,,,,Y,Y,A,01,0,0,1,0,0,0,0,0,0,"- ","- ",34.055439999999997,-118.17534999999999,"LOS ANGELES",UNINCORPORATED,-118.17632279,34.059117479999998
90146827,2016,2016-03-30,9525,2016-03-16,0530,015445,,3,3,5,1990,0,1,3,,2,571,"SR-57 S/B (ORANGE FREEWAY)","SUNSET CROSSING RD",1400.00,S,N,A,-,Y,,,57,,,,,,S,Y,4,0,2,4,A,-,01,23152,A,N,C,C,A,A,H,-,B,D,0,,,,,Y,Y,A,01,0,0,2,0,0,0,0,0,0,"- ","- ",34.024929999999998,-117.81262,"LOS ANGELES","DIAMOND BAR",-117.81266424,34.024939240000002
90147093,2016,2016-03-29,9550,2016-03-25,2205,021033,,5,3,6,1949,0,1,1,,2,501,"INTERSTATE 5 N/B (SANTA ANA FREEWAY)","NORWALK BOULEVARD",1200.00,S,N,A,-,Y,,,5,,,,,,N,Y,3,0,1,2,A,-,01,23152,A,N,C,C,A,A,H,-,C,D,0,,,,,Y,Y,A,01,0,1,0,0,0,0,0,0,0,"- ","- ",33.910200000000003,-118.0703,"LOS ANGELES",NORWALK,-118.07027696999999,33.910228060000001
9014835,2019,2020-09-14,1941,2019-12-13,2014,11274,,5,5,7,1941,0,0,0,,0,,"PACIFIC PL","RT 405",25.00,S,-,A,-,Y,LA,7,405,-,-,7.238,R,4,N,Y,3,0,1,1,A,-,01,23152,A,N,H,I,A,A,H,-,C,D,0,,,,,Y,Y,A,,0,1,0,0,0,0,0,0,0,"- ",NO,,,"LOS ANGELES","LONG BEACH",-118.20172119140625,33.824836730957031
90149830,2016,2016-04-04,9575,2016-03-13,0330,020945,,7,3,7,1942,0,1,3,,2,070,"SR-118 E/B (RONALD REAGAN FWY)","BRADLEY AVE.",100.00,W,N,A,-,Y,,,118,,,,,,E,Y,2,0,1,1,A,-,01,23152,A,N,E,I,A,A,H,-,C,D,0,,,,,Y,Y,A,01,1,0,0,0,0,0,0,0,0,"- ","- ",34.275129999999997,-118.42480999999999,"LOS ANGELES","LOS ANGELES",-118.42494674,34.275293980000001
90150547,2016,2016-04-05,9550,2016-04-03,0153,020959,,7,3,3,1964,0,1,1,,2,650,"INTERSTATE 605 NORTHBOUND","TELEGRAPH ROAD",3937.00,N,N,A,-,Y,,,605,,,,,,N,Y,3,0,3,4,A,-,01,23152,A,N,C,E,E,A,H,-,C,D,0,Y,,,,Y,Y,A,01,0,1,2,0,1,0,0,0,0,"- ","- ",33.959609999999998,-118.0864,"LOS ANGELES","SANTA FE SPRINGS",-118.08639588,33.959608250000002
90151469,2016,2016-04-05,9545,2016-03-19,2200,019345,,6,3,9,1900,0,3,5,,2,004,"165TH ST  E","CRYSTALAIRE DR",0.00,,Y,A,-,N,,,,,,,,,,Y,4,0,2,1,A,-,01,23152,A,N,E,J,A,A,H,-,C,D,0,,,,,Y,Y,A,01,0,0,2,0,0,0,0,0,0,"- ","- ",34.478090000000002,-117.83555,"LOS ANGELES",UNINCORPORATED,-117.83537001000001,34.478230050000001
90152635,2016,2016-04-07,9580,2016-03-31,2100,021187,,4,2,9,1900,0,1,2,,2,106,"US-101 N/B (VENTURA FREEWAY)","VALLEY CIRCLE BLVD",2000.00,W,N,A,-,Y,,,101,,,,,,N,Y,3,0,3,2,A,-,01,23152,A,N,C,C,A,A,H,-,D,D,0,,,,,Y,Y,A,01,0,2,1,0,0,0,0,0,0,"- ","- ",34.15793,-118.64205,"LOS ANGELES",UNINCORPORATED,-118.64201958,34.157844910000001
90154179,2016,2016-04-11,9565,2016-04-09,0303,021231,,6,3,4,1918,0,1,1,,2,061,"I-405 S/B (SAN DIEGO FWY)","SAWTELLE BLVD",280.00,E,N,B,-,Y,,,,,,,,,,Y,2,0,2,1,A,-,01,23152,A,N,E,I,A,B,H,-,C,D,0,,,,,Y,Y,A,01,1,0,1,0,0,0,0,0,0,"- ","- ",34.010120000000001,-118.41853,"LOS ANGELES","CULVER CITY",-118.40976168,34.000999219999997
90154404,2016,2016-04-11,9550,2016-04-07,1430,020151,,4,2,9,1900,0,2,4,,1,011,"WORKMAN MILL ROAD","MISSION MILL RD.",150.00,S,N,C,-,N,,,,,,,,,,Y,3,0,2,2,A,-,01,23152,A,N,A,C,A,B,H,-,A,D,0,,,,,Y,Y,D,22,0,2,0,0,0,0,0,0,0,"- ","- ",34.015090000000001,-118.04423,"LOS ANGELES",UNINCORPORATED,-118.04447413,34.015170390000002
90154698,2016,2016-04-11,9530,2016-03-26,0330,021038,,6,3,9,1900,0,3,5,,2,006,"213TH ST (1200 BL)","NORMANDIE AVE.",355.00,E,N,A,-,N,,,,,,,,,,Y,3,0,1,2,A,-,01,23152,A,N,A,E,A,A,H,-,C,D,0,,,,,Y,Y,D,22,0,1,0,0,0,0,0,0,0,"- ","- ",33.506369999999997,-118.17523,"LOS ANGELES",UNINCORPORATED,-118.29957,33.835129999999999
90154708,2015,2016-08-01,9525,2015-12-05,0515,018761,,6,3,4,1960,0,1,1,,2,207,"STATE ROUTE 210 W/B (FOOTHILL FREEWAY)","SAN DIMAS AVENUE",1701.00,W,N,A,-,Y,,,210,,,,,,W,Y,1,1,1,3,A,-,07,21658,A,N,C,C,A,A,H,-,C,D,0,,,,,Y,Y,A,01,0,0,1,0,0,0,0,0,0,"- ","- ",34.119950000000003,-117.81388,"LOS ANGELES","SAN DIMAS",-117.8138798,34.119882029999999
90155193,2016,2016-04-27,9565,2016-03-17,2325,019355,,4,3,5,1928,0,1,1,,2,012,"I-105 E/B TO W.120TH ST","W.120TH ST",656.00,E,N,A,-,Y,,,105,,,,R,,E,Y,3,0,1,2,A,-,01,23152,A,M,C,C,A,A,H,-,C,D,0,,,,Y,Y,Y,A,01,0,1,0,0,0,0,0,0,0,"- ","- ",33.924439999999997,-118.33217,"LOS ANGELES",HAWTHORNE,-118.33217,33.924439999999997
90156554,2016,2016-04-13,9535,2016-02-07,0953,017302,,7,1,5,1948,0,1,1,,2,420,"I-10 (SAN BERNARDINO FREEWAY) E/B","I-710 (LONG BEACH FREEWAY) S/B",575.00,W,N,A,-,Y,,,,,,,,,,Y,4,0,1,2,A,-,01,23152,A,N,B,C,A,A,H,-,A,D,0,,,,,Y,Y,A,01,0,0,1,0,0,0,0,0,0,"- ","- ",34.34055,-118.10253,"LOS ANGELES","MONTEREY PARK",,
90157757,2016,2016-04-14,9525,2016-03-27,0230,020572,,7,3,9,1900,0,3,5,,2,003,"AZUSA AVE (17000 BLOCK)","MAIN ST.",0.00,,Y,A,-,N,,,,,,,,,,Y,4,0,1,2,A,-,01,23152,A,N,D,C,A,A,H,-,C,A,0,,,,,Y,Y,A,01,0,0,1,0,0,0,0,0,0,"- ","- ",34.012459999999997,-117.92242,"LOS ANGELES",UNINCORPORATED,-117.92331012,34.012810100000003
90158516,2016,2016-04-15,9565,2016-02-02,1710,019556,,2,2,7,1942,0,1,1,,2,083,"I-10 E/B","OVERLAND AVE.",600.00,W,N,A,-,Y,,,10,,,,,,E,Y,3,0,1,2,A,-,01,23152,A,F,B,C,A,A,H,-,B,D,0,,,,,Y,Y,A,01,0,1,0,0,0,0,0,0,0,"- ","- ",34.031700000000001,-118.41941,"LOS ANGELES","LOS ANGELES",-118.41941004,34.031658999999998
90159338,2016,2016-04-18,9530,2016-04-15,2100,020776,,5,2,9,1900,0,3,5,,2,001,"ALAMEDA ST.","74TH ST.",0.00,,Y,A,-,N,,,,,,,,,,Y,4,0,2,2,A,-,01,23152,A,N,D,C,A,A,H,-,C,A,0,,,,,Y,Y,A,01,0,0,2,0,0,0,0,0,0,"- ","- ",33.582270000000001,-118.14418999999999,"LOS ANGELES",UNINCORPORATED,-118.23445,33.972960049999998
90159579,2016,2016-04-18,9580,2016-04-08,0035,020836,,5,3,7,1942,0,1,3,,2,116,"SR-118 E/B (RONALD REAGAN FWY.)","BALBOA BLVD",300.00,E,N,B,-,Y,,,,,,,,,,Y,2,0,3,4,A,-,01,23152,A,N,C,C,A,B,H,-,D,D,0,,,,,Y,Y,A,01,1,1,1,0,0,0,0,0,0,"- ","- ",34.266979999999997,-118.47789,"LOS ANGELES","LOS ANGELES",-118.50116074,34.277937010000002
90159954,2016,2016-04-18,9590,2016-03-28,0315,021190,,1,3,7,1942,0,1,1,,2,011,"SR-110 S/B (ASP)","STADIUM WAY",200.00,S,N,A,-,Y,,,110,,,,,,S,Y,3,0,1,1,A,-,01,23152,A,N,E,I,A,A,H,-,C,D,0,,,,,Y,Y,A,01,0,1,0,0,0,0,0,0,0,"- ","- ",34.064549999999997,-118.24635000000001,"LOS ANGELES","LOS ANGELES",-118.24635800999999,34.064569939999998
90160653,2016,2016-04-19,9545,2016-04-12,1940,018033,,2,2,9,1900,0,1,3,,2,031,"SR-14 S/B (ANTELOPE VALLEY FREEWAY)","CROWN VALLEY RD",150.00,N,N,A,-,Y,,,14,,,,,,S,Y,3,0,1,1,A,-,01,23152,A,N,E,I,A,A,H,-,D,D,0,,,,,Y,Y,A,07,0,1,0,0,0,0,0,0,0,"- ","- ",34.49212,-118.19775,"LOS ANGELES",UNINCORPORATED,-118.19773906,34.492048709999999
90160779,2016,2016-04-19,9535,2016-03-05,0045,017308,,6,3,9,1900,0,2,4,,2,024,"WHITTIER BLVD","ARIZONA AVE",0.00,,Y,A,-,N,,,,,,,,,,Y,4,0,2,2,A,-,01,23152,A,N,D,C,A,A,H,-,C,A,0,,,,,Y,Y,D,22,0,0,2,0,0,0,0,0,0,"- ","- ",34.022460000000002,-118.16701999999999,"LOS ANGELES",UNINCORPORATED,-118.16709001,34.022470040000002
9016239,2020,2020-09-25,1942,2020-01-20,2120,31652,1651,1,5,7,1942,0,0,0,P,0,16A23,"BRANFORD ST","SHARP AV",268.00,E,N,A,-,Y,LA,7,5,-,-,36.644,R,4,N,Y,4,0,2,1,A,-,03,22350,,N,E,I,A,A,H,-,C,A,0,,,,,Y,Y,D,22,0,0,2,0,0,0,0,0,0,"- ","- ",,,"LOS ANGELES","LOS ANGELES",-118.41330718994141,34.236373901367188
90162421,2016,2016-04-21,9530,2016-04-18,1550,018200,,1,2,7,1941,0,1,3,,2,320,"SR-91 E/B (ARTESIA FREEWAY)","SUSANA RD.",5.00,E,N,A,-,Y,,,,,,,,,,Y,3,0,2,2,A,-,01,23152,A,N,D,C,A,A,H,-,A,D,0,,,,,Y,Y,D,22,0,2,0,0,0,0,0,0,0,"- ","- ",33.522489999999998,-118.12257,"LOS ANGELES","LONG BEACH",-118.20710412,33.873336469999998
90162480,2016,2016-04-21,9590,2016-03-22,0015,021222,,2,3,7,1942,0,1,1,,2,052,"I-110 N/B (HAF) TO 4TH STREET","4TH STREET OVERCROSS",83.00,N,N,A,-,Y,,,,,,,,,,Y,4,0,2,2,A,-,01,23152,A,N,A,C,A,A,H,-,C,D,0,,,,,Y,Y,A,01,0,0,2,0,0,0,0,0,0,"- ","- ",34.108829999999998,-118.31097,"LOS ANGELES","LOS ANGELES",-118.28116651000001,33.786575560000003
90162485,2016,2016-04-21,9550,2016-04-11,1950,021100,,1,2,6,1920,0,1,1,,2,500,"INTERSTATE 5 S/B FROM PARAMOUNT BLVD.","PARAMOUNT BOULEVARD",520.00,S,N,A,-,Y,,,5,,,,R,,S,Y,4,0,1,1,A,-,01,23152,A,N,E,I,A,A,H,-,C,D,0,,,,,Y,Y,D,22,0,0,1,0,0,0,0,0,0,"- ","- ",33.963650000000001,-118.11997,"LOS ANGELES",DOWNEY,-118.11997,33.963650000000001
90162694,2016,2016-04-21,9580,2016-04-18,2050,020811,,1,2,7,1942,0,1,3,,2,116,"SR-118 E/B (RONALD REAGAN FWY.)","TAMPA AVE",50.00,W,N,A,-,Y,,,118,,,,,,E,Y,4,0,1,2,A,-,01,23152,A,N,C,C,A,A,H,-,D,D,0,,,,,Y,Y,A,01,0,0,1,0,0,0,0,0,0,"- ","- ",34.272280000000002,-118.55652000000001,"LOS ANGELES","LOS ANGELES",-118.55651791,34.272300190000003
90164066,2016,2016-04-25,9550,2016-04-21,1818,020014,,4,2,9,1900,0,3,5,,2,002,"GREENLEAF AVENUE","REIS AVE",80.00,S,N,A,-,N,,,,,,,,,,Y,4,0,3,3,A,-,01,23152,A,N,C,C,A,A,H,-,A,D,0,,,,,Y,Y,D,22,0,0,3,0,0,0,0,0,0,"- ","- ",33.951340000000002,-118.05152,"LOS ANGELES",UNINCORPORATED,-118.05161851,33.951361489999996
90164223,2016,2016-05-17,9540,2016-04-22,2120,020790,,5,2,9,1900,0,3,5,,2,400,"PYRAMID LAKE RD","SMOKEY BEAR RD",5800.00,S,N,A,G,N,,,,,,,,,,Y,2,0,2,1,A,-,01,23152,A,N,E,I,A,A,H,-,D,D,0,,,,,Y,Y,A,07,1,1,0,0,0,0,0,0,0,"- ","- ",34.691549999999999,-118.79035,"LOS ANGELES",UNINCORPORATED,-118.79044532,34.692100869999997
90165017,2016,2016-04-25,9550,2016-04-16,0515,021087,,6,3,9,1900,0,2,4,,1,031,"SEVENTH AVE.","GALE AVENUE",0.00,,Y,A,-,N,,,,,,,,,,Y,3,0,1,2,A,-,12,21453,A,N,D,C,A,A,H,-,C,A,0,,,,,Y,Y,A,01,0,1,0,0,0,0,0,0,0,"- ","- ",34.019930000000002,-117.98784000000001,"LOS ANGELES",UNINCORPORATED,-117.98787,34.019960099999999
9016505,2020,2020-05-27,1942,2020-02-04,1735,37724,1258,2,5,7,1942,0,0,0,L,0,12A67,"S BROADWAY","W 79TH ST",60.00,S,N,A,-,N,,,,,,,,,,Y,4,0,1,3,A,-,01,23152,A,N,C,C,A,A,H,-,C,D,0,,,,,Y,Y,A,01,0,0,1,0,0,0,0,0,0,"- ","- ",,,"LOS ANGELES","LOS ANGELES",-118.27829742431641,33.967716217041016
90165320,2016,2016-04-26,9550,2016-04-25,0100,020551,,1,3,9,1900,0,3,5,,2,004,"PUNTA DEL ESTE DR.","MONTE CRISTO DR.",100.00,S,N,A,-,N,,,,,,,,,,Y,3,0,1,2,A,-,01,23152,A,N,C,E,A,A,H,-,C,D,0,,,,,Y,Y,A,01,0,1,0,0,0,0,0,0,0,"- ","- ",33.979790000000001,-117.95486,"LOS ANGELES",UNINCORPORATED,-117.9551238,33.980034379999999
9016541,2020,2020-05-28,1942,2020-02-03,1810,39509,1444,1,5,7,1942,0,0,0,N,0,14A13,"WASHINGTON BL","YALE AV",300.00,W,N,A,-,N,,,,,,,,,,N,3,0,1,2,A,-,11,21954,A,N,B,B,D,A,H,-,C,D,0,Y,,,,Y,Y,N,60,0,1,0,0,1,0,0,0,0,"- ","- ",,,"LOS ANGELES","LOS ANGELES",-118.45067596435547,33.989021301269531
90166506,2016,2016-04-27,9545,2016-04-19,1949,015589,,2,2,9,1900,0,3,5,,1,006,"55TH ST  W","AVNEUE L-8",70.00,S,N,A,-,N,,,,,,,,,,Y,2,0,1,1,A,-,01,23152,A,N,E,I,A,A,H,-,C,A,0,,,,,Y,Y,A,01,1,0,0,0,0,0,0,0,0,"- ","- ",34.652659999999997,-118.22753,"LOS ANGELES",UNINCORPORATED,-118.22745657,34.652651929999998
9016836,2020,2020-02-25,1942,2020-01-20,1355,30702,1583,1,5,7,1942,0,0,0,O,0,15A85,"VENTURA BL","RADFORD AV",185.00,E,N,A,-,N,,,,,,,,,,N,2,0,1,2,A,-,11,21955,,N,G,B,D,A,H,-,A,-,0,Y,,,,Y,Y,N,60,1,0,0,0,1,0,0,0,0,"- ","- ",,,"LOS ANGELES","LOS ANGELES",-118.39231109619141,34.143398284912109
90170612,2016,2016-05-02,9565,2016-04-06,0230,020264,,3,3,9,1900,0,3,5,,2,003,"MARVALE DR","MARBURN AVE",160.00,W,N,A,-,N,,,,,,,,,,Y,3,0,1,3,A,-,01,23152,A,N,D,C,A,A,H,-,C,D,0,,,,,Y,Y,A,01,0,1,0,0,0,0,0,0,0,"- ","- ",33.994349999999997,-118.3528,"LOS ANGELES",UNINCORPORATED,-118.35277652000001,33.994351590000001
90171090,2016,2016-05-03,9535,2016-03-06,2310,020816,,7,3,5,1959,0,1,1,,2,400,"I-10 (SAN BERNARDINO FREEWAY) E/B","WALNUT GROVE AVE",300.00,W,N,B,-,Y,,,10,,,,,,E,Y,3,0,1,2,A,-,01,23152,A,N,C,C,A,A,H,-,A,D,0,,,,,Y,Y,A,01,0,1,0,0,0,0,0,0,0,"- ","- ",34.071919999999999,-118.08484,"LOS ANGELES",ROSEMEAD,-118.08483990000001,34.071903710000001
90171111,2016,2016-05-03,9575,2016-04-15,1935,021026,,5,2,9,1900,0,2,4,,2,023,"FAIR OAKS AVE.","WOODBURY RD.",80.00,N,N,A,-,N,,,,,,,,,,N,4,0,1,3,A,-,01,23152,A,F,C,C,A,A,H,-,C,D,0,,,,,Y,Y,A,01,0,0,1,0,0,0,0,0,0,"- ","- ",34.18347,-119.15111,"LOS ANGELES",UNINCORPORATED,-118.15083,34.183459370000001
90173111,2016,2016-05-04,9565,2016-04-30,2205,020710,,6,3,9,1900,0,3,5,,2,005,"VIA MARINA","E VIA DOLCE",135.00,N,N,A,-,N,,,,,,,,,,Y,2,0,5,2,A,-,09,21801,A,N,D,C,A,A,H,-,C,D,0,,,,,Y,Y,A,01,1,0,4,0,0,0,0,0,0,"- ","- ",33.970320000000001,-118.45488,"LOS ANGELES",UNINCORPORATED,-118.45484218,33.970135759999998
90173588,2016,2016-05-05,9545,2016-05-01,0308,020524,,7,3,6,1950,0,1,3,,2,031,"SR-14 N/B","BARREL SPRINGS ROAD O/C",9504.00,S,N,A,-,Y,,,,,,,,,,Y,4,0,1,1,A,-,01,23152,A,N,A,I,A,A,H,-,D,D,0,,,,,Y,Y,A,01,0,0,1,0,0,0,0,0,0,"- ","- ",34.525350000000003,-118.11237,"LOS ANGELES",PALMDALE,-118.11259348999999,34.525556819999998
90174204,2016,2016-05-06,9535,2016-04-29,2131,020859,,5,2,5,1943,0,1,1,,2,074,"I-710 NORTHBOUND TO IMPERIAL HWY EAST","IMPERIAL HWY",250.00,S,N,A,-,Y,,,710,,,,R,,N,N,3,0,1,1,A,-,01,23152,A,N,E,I,A,A,H,-,C,D,0,,,,,Y,Y,A,01,0,1,0,0,0,0,0,0,0,"- ","- ",33.92821,-118.17833,"LOS ANGELES",LYNWOOD,-118.17833,33.92821
9017584,2020,2020-06-11,1955,2020-02-22,2007,42305,,6,5,6,1955,0,0,0,,0,005,"MISSION BL","DUDLEY ST",0.00,,Y,C,-,N,,,,,,,,,,Y,4,0,1,2,A,-,01,23152,A,N,C,C,A,B,H,-,A,A,0,,,,,Y,Y,A,01,0,0,1,0,0,0,0,0,0,"- ","- ",,,"LOS ANGELES",POMONA,-117.77359771728516,34.054531097412109
90175864,2016,2016-05-10,9565,2016-05-07,2200,020480,,6,3,9,1900,0,2,4,,2,022,"NORMANDIE AVE","107TH STREET",118.00,N,N,A,-,N,,,,,,,,,,Y,3,0,1,3,A,-,01,23153,A,N,B,C,A,A,H,-,C,D,0,,,,,Y,Y,A,07,0,1,0,0,0,0,0,0,0,"- ","- ",33.939149999999998,-118.30023,"LOS ANGELES",UNINCORPORATED,-118.30029,33.93942363
9017904,2019,2020-02-10,1942,2019-12-25,1445,43610,0557,3,5,7,1942,0,0,0,E,0,5A55,"6TH ST","CABRILLO AV",198.00,W,N,A,-,N,,,,,,,,,,N,4,0,1,4,C,-,18,,,N,B,E,A,A,H,-,A,D,0,,,,,Y,Y,-,"- ",0,0,1,0,0,0,0,0,0,"- ","- ",,,"LOS ANGELES","LOS ANGELES",-118.29522705078125,33.738780975341797
90180572,2016,2016-05-17,9565,2016-05-07,2140,020785,,6,2,9,1900,0,2,4,,2,031,"LA CIENEGA BLVD","STOCKER ST.",15.00,S,N,A,-,N,,,,,,,,,,Y,3,0,3,2,A,-,01,23152,A,F,C,C,A,A,H,-,C,A,0,,,,,Y,Y,A,07,0,1,2,0,0,0,0,0,0,"- ","- ",33.997959999999999,-118.36951999999999,"LOS ANGELES",UNINCORPORATED,-118.36957439,33.998010970000003
90181743,2016,2016-05-18,9590,2016-05-17,0045,020527,,2,3,7,1942,0,1,1,,2,060,"I-10 E/B (SANTA MONICA FREEWAY)","6TH AVE.",100.00,E,N,A,-,Y,,,10,,,,,,E,Y,4,0,3,3,A,-,01,23152,A,N,C,C,A,A,H,-,C,D,0,,,,,Y,Y,A,01,0,0,3,0,0,0,0,0,0,"- ","- ",34.035829999999997,-118.32328,"LOS ANGELES","LOS ANGELES",-118.32327908000001,34.035822709999998
9018541,2019,2020-01-21,1973,2019-10-28,0458,606,1973,1,5,1,1973,0,0,0,,0,001,"48TH ST","SANTA FE AV",1200.00,W,N,A,-,N,,,,,,,,,,N,3,0,1,2,D,-,00,,,F,B,G,A,A,H,-,C,D,0,,Y,,,Y,Y,-,"- ",0,1,0,0,0,0,1,0,0,"- ","- ",,,"LOS ANGELES",VERNON,-118.23421478271484,34.000518798828125