CASE_ID,ACCIDENT_YEAR,PROC_DATE,JURIS,COLLISION_DATE,COLLISION_TIME,OFFICER_ID,REPORTING_DISTRICT,DAY_OF_WEEK,CHP_SHIFT,POPULATION,CNTY_CITY_LOC,SPECIAL_COND,BEAT_TYPE,CHP_BEAT_TYPE,CITY_DIVISION_LAPD,CHP_BEAT_CLASS,BEAT_NUMBER,PRIMARY_RD,SECONDARY_RD,DISTANCE,DIRECTION,INTERSECTION,WEATHER_1,WEATHER_2,STATE_HWY_IND,CALTRANS_COUNTY,CALTRANS_DISTRICT,STATE_ROUTE,ROUTE_SUFFIX,POSTMILE_PREFIX,POSTMILE,LOCATION_TYPE,RAMP_INTERSECTION,SIDE_OF_HWY,TOW_AWAY,COLLISION_SEVERITY,NUMBER_KILLED,NUMBER_INJURED,PARTY_COUNT,PRIMARY_COLL_FACTOR,PCF_CODE_OF_VIOL,PCF_VIOL_CATEGORY,PCF_VIOLATION,PCF_VIOL_SUBSECTION,HIT_AND_RUN,TYPE_OF_COLLISION,MVIW,PED_ACTION,ROAD_SURFACE,ROAD_COND_1,ROAD_COND_2,LIGHTING,CONTROL_DEVICE,CHP_ROAD_TYPE,PEDESTRIAN_ACCIDENT,BICYCLE_ACCIDENT,MOTORCYCLE_ACCIDENT,TRUCK_ACCIDENT,NOT_PRIVATE_PROPERTY,ALCOHOL_INVOLVED,STWD_VEHTYPE_AT_FAULT,CHP_VEHTYPE_AT_FAULT,COUNT_SEVERE_INJ,COUNT_VISIBLE_INJ,COUNT_COMPLAINT_PAIN,COUNT_PED_KILLED,COUNT_PED_INJURED,COUNT_BICYCLIST_KILLED,COUNT_BICYCLIST_INJURED,COUNT_MC_KILLED,COUNT_MC_INJURED,PRIMARY_RAMP,SECONDARY_RAMP,LATITUDE,LONGITUDE,COUNTY,CITY,POINT_X,POINT_Y
90815479,2018,2018-09-18,9530,2018-09-06,1050,021623,,4,1,9,1900,0,3,5,,2,002,"135TH STREET (400 BLOCK)","AVALON BLVD.",10.00,W,N,A,-,N,,,,,,,,,,N,4,0,1,3,A,-,03,22350,,F,D,C,A,A,H,-,A,D,0,,,,,Y,Y,-,99,0,0,1,0,0,0,0,0,0,"- ","- ",33.909149169921875,-118.26529693603516,"LOS ANGELES",UNINCORPORATED,-118.26534271240234,33.9091796875
90816068,2018,2018-09-19,9590,2018-09-01,0200,021835,,6,3,7,1942,0,1,1,,2,082,"I-5 N/B (GSF)","RIVERSIDE DRIVE",2400.00,N,N,A,-,Y,,,5,,,,,,N,Y,3,0,1,1,A,-,01,23152,A,N,E,I,A,A,H,-,C,D,0,,,,,Y,Y,A,01,0,1,0,0,0,0,0,0,0,"- ","- ",34.087551116943359,-118.23464965820312,"LOS ANGELES","LOS ANGELES",-118.23466491699219,34.087520599365234
90816678,2018,2018-09-20,9535,2018-09-08,0120,021773,,6,3,5,1947,0,1,3,,2,621,"SR-60 (POMONA FREEWAY) W/B","MARKLAND DR.",360.00,E,N,A,-,Y,,,60,,,,,,W,Y,3,0,1,1,A,-,01,23152,A,N,E,I,A,A,H,-,C,D,0,,,,,Y,Y,D,22,0,1,0,0,0,0,0,0,0,"- ","- ",34.033451080322266,-118.11667633056641,"LOS ANGELES",MONTEBELLO,-118.11667633056641,34.033374786376953
90816771,2018,2018-09-19,9530,2018-09-09,0140,021541,,7,3,9,1900,0,3,5,,2,002,"157TH ST. (150 BLOCK)","BALL AVE.",300.00,E,N,A,-,N,,,,,,,,,,Y,2,0,1,5,A,-,01,23152,A,N,A,C,A,A,H,-,C,D,0,,,,,Y,Y,A,08,1,0,0,0,0,0,0,0,0,"- ","- ",33.889369964599609,-118.27191162109375,"LOS ANGELES",UNINCORPORATED,-118.2725830078125,33.889408111572266
90817781,2018,2018-11-06,9545,2018-09-05,1618,016124,,3,2,9,1900,0,1,3,,1,042,"SR-138 W/B (PEARBLOSSOM HIGHWAY)","72ND ST EAST",272.00,E,N,A,-,Y,,,138,,,,,,W,Y,1,1,3,3,A,-,01,23152,A,N,D,C,A,A,H,-,A,D,0,,,Y,,Y,Y,A,01,2,1,0,0,0,0,0,1,1,"- ","- ",34.521068572998047,-118.00031280517578,"LOS ANGELES",UNINCORPORATED,-118.00031280517578,34.521038055419922
90819064,2018,2018-09-24,9575,2018-09-19,2135,021640,,3,2,7,1942,0,1,3,,2,070,"SR-118 W/B (RONALD REAGAN FREEWAY)","TELFAIR AVE.",500.00,W,N,A,-,Y,,,118,,,,,,W,N,3,0,2,2,A,-,03,22350,,N,C,C,A,A,H,-,D,D,0,,,,,Y,Y,A,07,0,1,1,0,0,0,0,0,0,"- ","- ",34.268939971923828,-118.43402862548828,"LOS ANGELES","LOS ANGELES",-118.43406677246094,34.269004821777344
90819679,2018,2018-09-24,9545,2018-09-15,0245,019414,,6,3,9,1900,0,3,5,,2,004,"PALMDALE BLVD","LONGVIEW RD",158.00,W,N,A,-,N,,,,,,,,,,Y,3,0,1,1,A,-,01,23152,A,N,F,A,A,A,H,-,D,D,0,,,,,Y,Y,D,22,0,1,0,0,0,0,0,0,0,"- ","- ",34.580070495605469,-117.89349365234375,"LOS ANGELES",UNINCORPORATED,-117.89015197753906,34.580009460449219
90820605,2018,2018-09-25,9580,2018-09-18,0035,021187,,2,3,7,1942,0,1,1,,2,405,"I-405 S/B (SAN DIEGO FWY)","BURBANK BLVD",400.00,N,N,A,-,Y,,,405,,,,,,S,N,4,0,2,2,A,-,01,23152,A,M,C,C,A,A,H,-,D,D,0,,,,,Y,Y,A,07,0,0,2,0,0,0,0,0,0,"- ","- ",34.177978515625,-118.4688720703125,"LOS ANGELES","LOS ANGELES",-118.46892547607422,34.177947998046875
9082559,2020,2020-06-11,1972,2020-02-01,0157,20987,,6,5,6,1972,0,0,0,,0,,"DEL AMO BL","VAN NESS AV",0.00,,Y,A,-,N,,,,,,,,,,Y,4,0,2,2,A,-,01,23152,A,N,D,C,A,A,H,-,C,A,0,,,,,Y,Y,E,,0,0,2,0,0,0,0,0,0,"- ","- ",,,"LOS ANGELES",TORRANCE,-118.31777191162109,33.846839904785156
90825652,2018,2018-10-01,9550,2018-09-22,0510,020969,,6,3,3,1964,0,1,1,,2,651,"INTERSTATE 605 (SAN GABRIEL RIVER FREEW","FLORENCE AVENUE",440.00,N,N,A,B,Y,,,605,,,,,,,Y,3,0,1,1,A,-,01,23152,A,N,E,I,A,A,H,-,C,D,0,,,,,Y,Y,A,01,0,1,0,0,0,0,0,0,0,"- ","- ",33.938758850097656,-118.09690093994141,"LOS ANGELES","SANTA FE SPRINGS",-118.09760284423828,33.939121246337891
90826098,2018,2018-10-02,9540,2018-09-29,2210,021434,,6,3,9,1900,0,1,3,,2,127,"SR-126 E/B FROM COMMERCE CENTER DRIVE","COMMERCE CENTER DRIVE",140.00,W,N,A,-,Y,,,126,,,,R,,E,Y,4,0,1,1,A,-,01,23152,A,N,E,I,A,A,H,-,C,D,0,,,,,Y,Y,A,01,0,0,1,0,0,0,0,0,0,"- ","- ",34.433868408203125,-118.61752319335938,"LOS ANGELES",UNINCORPORATED,-118.61752319335938,34.433868408203125
9082640,2020,2020-06-26,1900,2020-03-20,1842,551435,1121,5,5,6,1992,0,0,0,,0,111T2,"AVE I","20TH ST WEST",310.00,E,N,A,-,N,,,,,,,,,,Y,4,0,1,2,A,-,01,23152,A,N,C,C,A,A,H,-,B,D,0,,,,,Y,Y,A,07,0,0,1,0,0,0,0,0,0,"- ","- ",,,"LOS ANGELES",LANCASTER,-118.16493988037109,34.70404052734375
90827354,2018,2018-10-03,9530,2018-09-23,0319,021310,,7,3,5,1977,0,1,1,,2,410,"I-405 S/B (SAN DIEGO FREEWAY)","WILMINGTON AVE.",2640.00,N,N,A,-,Y,,,405,,,,,,S,Y,3,0,1,1,A,-,01,23152,A,N,E,I,A,A,H,-,D,D,0,,,,,Y,Y,A,01,0,1,0,0,0,0,0,0,0,"- ","- ",33.826328277587891,-118.24996185302734,"LOS ANGELES",CARSON,-118.24996948242188,33.826305389404297
90828214,2018,2018-10-04,9575,2018-09-24,0050,021566,,1,3,7,1942,0,1,1,,2,051,"I-5 N/B (GOLDEN STATE FREEWAY)","BUENA VISTA ST. U/C",828.00,S,N,A,-,Y,,,,,,,,,,Y,4,0,1,2,A,-,01,23152,A,N,C,C,A,A,H,-,C,D,0,,,,,Y,Y,A,01,0,0,1,0,0,0,0,0,0,"- ","- ",34.197349548339844,-118.33587646484375,"LOS ANGELES","LOS ANGELES",-118.33596038818359,34.197467803955078
9082910,2020,2020-06-30,1942,2020-03-24,1950,42069,1253,2,5,7,1942,0,0,0,L,0,12A53,"W 74TH ST","S WESTERN AV",0.00,,Y,A,-,N,,,,,,,,,,Y,3,0,1,2,A,-,01,23152,A,N,A,C,A,A,H,-,C,A,0,,,,,Y,Y,A,01,0,1,0,0,0,0,0,0,0,"- ","- ",,,"LOS ANGELES","LOS ANGELES",-118.30899047851562,33.972728729248047
90830199,2018,2018-10-08,9550,2018-09-28,0848,021950,,5,1,9,1900,0,2,4,,1,031,"HACIENDA BOULEVARD","LA SUBIDA DRIVE",15.00,S,N,B,-,N,,,,,,,,,,N,3,0,1,1,A,-,01,23152,A,N,A,I,A,A,H,-,A,A,0,,,,,Y,Y,A,07,0,1,0,0,0,0,0,0,0,"- ","- ",33.989650726318359,-117.97025299072266,"LOS ANGELES",UNINCORPORATED,-117.97018432617188,33.989711761474609
90831383,2018,2018-10-09,9550,2018-10-07,0425,020969,,7,3,9,1900,0,3,5,,2,002,"IMPERIAL HIGHWAY (W/B)","CORLEY DRIVE",20.00,W,N,A,-,N,,,,,,,,,,Y,3,0,2,1,A,-,01,23152,A,N,E,I,A,A,H,-,C,D,0,,,,,Y,Y,A,01,0,2,0,0,0,0,0,0,0,"- ","- ",33.917240142822266,-118.02680969238281,"LOS ANGELES",UNINCORPORATED,-118.02676391601562,33.917091369628906
90832523,2018,2018-10-10,9590,2018-10-02,1925,022088,,2,2,7,1942,0,1,2,,2,071,"US-101 SOUTHBOUND (HOLLYWOOD FREEWAY)","LOS ANGELES STREET",100.00,S,N,A,-,Y,,,101,,,,,,S,Y,4,0,1,2,A,-,03,22350,,N,B,C,A,A,H,-,C,D,0,,,,Y,Y,Y,A,01,0,0,1,0,0,0,0,0,0,"- ","- ",34.05474853515625,-118.23915100097656,"LOS ANGELES","LOS ANGELES",-118.23910522460938,34.054821014404297
9083378,2020,2020-07-20,1900,2020-03-15,1040,514671,2608,7,5,6,1950,0,0,0,,0,264T1,"AVENUE S","37TH ST EAST",0.00,,Y,A,-,N,,,,,,,,,,N,4,0,1,2,A,-,12,21453,A,N,D,C,A,A,H,-,A,A,0,,,,,Y,Y,A,01,0,0,1,0,0,0,0,0,0,"- ","- ",34.558120727539062,-118.06182861328125,"LOS ANGELES",PALMDALE,-118.06260681152344,34.558120727539062
90835228,2018,2018-10-15,9575,2018-09-07,1715,020030,,5,2,6,1912,0,1,1,,2,051,"I-5 N/B (GOLDEN STATE FREEWAY)","BURBANK BLVD",150.00,N,N,A,-,Y,,,5,,,,,,N,Y,3,0,2,6,A,-,01,23152,A,F,B,C,A,A,H,-,A,D,0,,,,,Y,Y,D,22,0,2,0,0,0,0,0,0,0,"- ","- ",34.186210632324219,-118.31900024414062,"LOS ANGELES",BURBANK,-118.31897735595703,34.186260223388672
90835324,2018,2018-10-15,9575,2018-10-07,2123,021569,,7,2,6,1925,0,1,3,,2,090,"SR-2 W/B (GLENDALE FREEWAY)","GLENOAKS BOULEVARD",207.00,E,N,A,-,Y,,,2,,,,,,W,Y,3,0,1,1,A,-,08,22107,,N,E,I,A,A,H,-,C,D,0,,,,,Y,Y,A,07,0,1,0,0,0,0,0,0,0,"- ","- ",34.153018951416016,-118.22470855712891,"LOS ANGELES",GLENDALE,-118.22457885742188,34.152980804443359
90837286,2018,2018-10-16,9565,2018-10-12,0042,021251,,5,3,9,1900,0,3,5,,2,002,"119TH ST.","BERENDO AVE.",150.00,E,N,A,-,N,,,,,,,,,,Y,4,0,1,4,A,-,08,22107,,N,A,E,A,A,H,-,C,D,0,,,,,Y,Y,A,07,0,0,1,0,0,0,0,0,0,"- ","- ",33.925041198730469,-118.29415893554688,"LOS ANGELES",UNINCORPORATED,-118.29413604736328,33.925052642822266
90837924,2018,2018-10-17,9565,2018-09-07,2355,021808,,5,3,9,1900,0,3,5,,2,004,"LA CIENEGA BLVD. N/B","104TH ST.",140.00,N,N,A,-,N,,,,,,,,,,Y,4,0,1,2,A,-,01,23152,A,N,C,C,A,A,H,-,C,D,0,,,,,Y,Y,A,01,0,0,1,0,0,0,0,0,0,"- ","- ",33.942230224609375,-118.36998748779297,"LOS ANGELES",UNINCORPORATED,-118.37010955810547,33.942165374755859
90838277,2018,2018-10-17,9530,2018-10-06,0200,022130,,6,3,9,1900,0,1,1,,2,120,"I-110 S/B SEPULVEDA BLVD OFF RAMP","I-110 S/B (HARBOR FREEWAY)",75.00,W,N,A,-,Y,,,110,,,,R,,S,Y,2,0,2,1,A,-,01,23152,A,N,F,I,A,A,H,-,C,D,0,,,,,Y,Y,A,01,1,1,0,0,0,0,0,0,0,"- ","- ",33.810981750488281,-118.28765869140625,"LOS ANGELES",UNINCORPORATED,-118.28765869140625,33.810981750488281
90838536,2018,2018-10-18,9540,2018-10-13,2130,021151,,6,2,9,1900,0,2,4,,1,201,"SIERRA HIGHWAY (13700 BLOCK)","OAK ST.",1500.00,S,N,A,-,N,,,,,,,,,,Y,4,0,1,2,A,-,01,23152,A,N,D,C,A,A,H,-,D,D,0,,,,,Y,Y,A,01,0,0,1,0,0,0,0,0,0,"- ","- ",34.506038665771484,-118.37152862548828,"LOS ANGELES",UNINCORPORATED,-118.37229156494141,34.505435943603516
90840171,2018,2018-10-19,9525,2018-10-13,2024,020719,,6,2,9,1900,0,1,3,,1,024,"SR-39 (SAN GABRIEL CANYON RD.)","OLD SAN GABRIEL CANYON RD.",1584.00,N,N,B,-,Y,,,39,,,,,,,Y,3,0,2,1,A,-,01,23152,A,N,E,J,A,A,H,-,D,D,0,,,,,Y,Y,A,01,0,2,0,0,0,0,0,0,0,"- ","- ",34.17108154296875,-117.88809204101562,"LOS ANGELES",UNINCORPORATED,-117.88809967041016,34.171115875244141
9084177,2020,2020-07-14,1941,2020-03-14,2300,11570,,6,5,7,1941,0,0,0,,0,,"2ND ST","GRANADA AV",0.00,,Y,A,-,N,,,,,,,,,,N,3,0,2,3,A,-,11,21456,B,N,G,B,C,A,H,-,C,A,0,Y,,,,Y,Y,N,,0,1,1,0,2,0,0,0,0,"- ","- ",,,"LOS ANGELES","LONG BEACH",-118.13597106933594,33.760688781738281
90843031,2018,2018-10-24,9535,2018-10-21,2330,021353,,7,3,9,1900,0,1,1,,2,501,"I-5 (SANTA ANA FREEWAY) S/B","DITMAN AVE.",500.00,S,N,A,-,Y,,,5,,,,,,S,Y,3,0,2,5,A,-,01,23153,A,N,B,C,A,A,H,-,C,D,0,,,,Y,Y,Y,D,22,0,1,1,0,0,0,0,0,0,"- ","- ",34.020011901855469,-118.18840026855469,"LOS ANGELES",UNINCORPORATED,-118.18840026855469,34.020072937011719
9084318,2020,2020-06-30,1942,2020-03-22,1940,33452,0453,7,5,7,1942,0,0,0,D,0,4A53,"E CESAR E CHAVEZ AV","E WARREN ST",190.00,E,N,C,-,N,,,,,,,,,,N,2,0,1,2,A,-,11,21954,A,N,G,B,C,B,H,-,C,A,0,Y,,,,Y,Y,N,60,1,0,0,0,1,0,0,0,0,"- ","- ",,,"LOS ANGELES","LOS ANGELES",-118.21998596191406,34.052257537841797
90843696,2018,2018-10-24,9525,2018-10-14,0201,020823,,7,3,1,1934,0,1,1,,2,204,"I-210 E/B (FOOTHILL FWY)","IRWINDALE AVE",850.00,W,N,A,-,Y,,,210,,,,,,E,Y,3,0,1,1,A,-,01,23152,A,N,E,I,A,A,H,-,C,D,0,,,,,Y,Y,A,01,0,1,0,0,0,0,0,0,0,"- ","- ",34.129390716552734,-117.93467712402344,"LOS ANGELES",IRWINDALE,-117.9346923828125,34.129451751708984
90844089,2018,2018-10-24,9580,2018-10-13,0140,021092,,6,3,7,1942,0,1,2,,2,103,"US-101 S/B (VENTURA FREEWAY)","I-405 N/B (SAN DIEGO FWY)",700.00,S,N,C,-,Y,,,101,,,,,,S,Y,2,0,1,1,A,-,01,23152,G,N,E,I,A,B,H,-,D,D,0,,,,,Y,Y,A,01,1,0,0,0,0,0,0,0,0,"- ","- ",34.159511566162109,-118.46681976318359,"LOS ANGELES","LOS ANGELES",-118.46682739257812,34.159313201904297
90844245,2018,2018-10-25,9530,2018-10-15,2240,021902,,1,3,9,1900,0,3,5,,2,002,"E. 119TH ST. (1900 BLOCK)","WILMINGTON AVE.",240.00,E,N,A,-,N,,,,,,,,,,Y,4,0,1,1,A,-,01,23152,A,N,E,I,A,A,H,-,C,D,0,,,,,Y,Y,A,01,0,0,1,0,0,0,0,0,0,"- ","- ",33.924701690673828,-118.23739624023438,"LOS ANGELES",UNINCORPORATED,-118.23822784423828,33.92462158203125
90847976,2018,2018-10-29,9530,2018-10-18,0701,019357,,4,1,7,1942,0,1,1,,2,120,"I-110 S/B (HARBOR FREEWAY)","CHANNEL ST.",1056.00,N,N,A,-,Y,,,110,,,,,,S,N,4,0,1,1,A,-,08,22107,,N,E,I,A,A,H,-,A,D,0,,,,,Y,Y,A,01,0,0,1,0,0,0,0,0,0,"- ","- ",33.756698608398438,-118.29093170166016,"LOS ANGELES","LOS ANGELES",-118.29081726074219,33.756660461425781
90850508,2018,2018-11-01,9580,2018-10-25,2350,021461,,4,3,7,1942,0,1,1,,2,406,"I-405 N/B (SAN DIEGO FWY)","ROSCOE BLVD",750.00,S,N,A,-,Y,,,405,,,,,,N,Y,2,0,1,1,A,-,01,23152,G,N,E,I,A,A,H,-,C,D,0,,,,,Y,Y,A,01,1,0,0,0,0,0,0,0,0,"- ","- ",34.218231201171875,-118.47322845458984,"LOS ANGELES","LOS ANGELES",-118.47312164306641,34.218227386474609
90850849,2018,2018-11-01,9525,2018-10-20,0418,021545,,6,3,6,1975,0,1,1,,2,105,"I-10 W/B (SAN BERNARDINO FWY)","VINCENT AVE",200.00,E,N,A,-,Y,,,10,,,,,,W,Y,3,0,1,3,A,-,01,23152,A,N,C,C,A,A,D,E,C,D,0,,,,,Y,Y,A,01,0,1,0,0,0,0,0,0,0,"- ","- ",34.072410583496094,-117.92539978027344,"LOS ANGELES","WEST COVINA",-117.92539978027344,34.072391510009766
90851232,2018,2018-11-01,9550,2018-10-27,0155,021141,,6,3,9,1900,0,2,4,,1,013,"NORWALK BOULEVARD","WALNUT STREET",160.00,N,N,A,-,Y,,,,,,,,,,Y,3,0,1,2,A,-,01,23152,A,N,C,E,A,A,H,-,C,D,0,,,,,Y,Y,A,01,0,1,0,0,0,0,0,0,0,"- ","- ",33.962718963623047,-118.07048034667969,"LOS ANGELES",UNINCORPORATED,-118.07057952880859,33.962505340576172
90852079,2018,2018-11-02,9550,2018-10-24,0550,016299,,3,3,9,1900,0,3,5,,2,002,"COLIMA ROAD","CORNISHCREST ROAD",107.00,N,N,A,-,N,,,,,,,,,,Y,4,0,1,3,A,-,01,23152,A,N,B,E,A,A,H,-,C,D,0,,,,,Y,Y,A,01,0,0,1,0,0,0,0,0,0,"- ","- ",33.928741455078125,-118.02175903320312,"LOS ANGELES",UNINCORPORATED,-118.02182006835938,33.928577423095703
90853533,2018,2018-11-06,9575,2018-10-26,2320,021784,,5,3,7,1942,0,1,3,,2,070,"E/B I-210 FROM E/B SR-118","DRONFIELD AVE.",500.00,E,N,A,-,Y,,,,,,,,,,Y,4,0,1,1,A,-,01,23152,A,N,E,I,A,A,H,-,C,D,0,,,,,Y,Y,A,07,0,0,1,0,0,0,0,0,0,"- ","- ",34.285980224609375,-118.41079711914062,"LOS ANGELES","LOS ANGELES",,
90853820,2018,2018-11-06,9530,2018-10-18,2147,021191,,4,2,5,1915,0,1,3,,2,310,"SR-91 E/B (ARTESIA FREEWAY)","AVALON BLVD.",500.00,W,N,A,-,Y,,,91,,,,,,E,Y,4,0,1,4,A,-,01,23152,A,M,B,C,A,A,H,-,D,D,0,,,,,Y,Y,A,01,0,0,1,0,0,0,0,0,0,"- ","- ",33.873439788818359,-118.24241638183594,"LOS ANGELES",COMPTON,-118.24241638183594,33.873439788818359
90853860,2018,2018-11-06,9530,2018-10-25,0140,022122,,4,3,7,1941,0,1,1,,2,071,"I-710 S/B (LONG BEACH FREEWAY)","LONG BEACH BLVD.",2000.00,S,N,A,-,Y,,,710,,,,,,S,Y,2,0,1,1,A,-,01,23152,A,N,E,I,A,A,H,-,C,D,0,,,,,Y,Y,A,01,1,0,0,0,0,0,0,0,0,"- ","- ",33.857669830322266,-118.20295715332031,"LOS ANGELES","LONG BEACH",-118.20285034179688,33.857601165771484
90854326,2018,2018-11-06,9550,2018-10-28,0440,021532,,7,3,9,1900,0,3,5,,2,001,"BROADWAY AVENUE S/B","THORNLAKE AVENUE",10.00,S,N,E,-,N,,,,,,,,,,Y,3,0,1,4,A,-,01,23152,A,N,C,E,A,A,H,-,C,D,0,,,,,Y,Y,A,01,0,1,0,0,0,0,0,0,0,"- ","- ",33.974220275878906,-118.06802368164062,"LOS ANGELES",UNINCORPORATED,-118.06838226318359,33.972812652587891
90855828,2018,2018-11-08,9575,2018-11-01,1500,014187,,4,2,9,1900,0,2,4,,2,023,"FAIROAKS AVENUE (3211 BLOCK)","SILVER SPRUCE LANE",55.00,S,N,A,-,N,,,,,,,,,,Y,3,0,1,2,A,-,01,23152,A,N,D,C,A,A,D,-,A,D,0,,,,,Y,Y,A,07,0,1,0,0,0,0,0,0,0,"- ","- ",34.199699401855469,-118.14499664306641,"LOS ANGELES",UNINCORPORATED,-118.14491271972656,34.199848175048828
9085691,2020,2020-07-30,1955,2020-04-25,1853,42613,49,6,5,6,1955,0,0,0,,0,001,"WEBER ST","LAUREL AV",0.00,,Y,A,-,N,,,,,,,,,,Y,3,0,1,2,A,-,01,23152,A,N,D,C,A,A,H,-,A,A,0,,,,,Y,Y,A,01,0,1,0,0,0,0,0,0,0,"- ","- ",,,"LOS ANGELES",POMONA,-117.77268981933594,34.063880920410156
9085831,2020,2020-07-29,1942,2020-04-20,0410,41223,0341,1,5,7,1942,0,0,0,C,0,3A31,"LA CIENEGA BL","OBAMA BL",1000.00,S,N,A,-,N,,,,,,,,,,Y,3,0,1,1,A,-,01,23152,A,N,A,I,A,A,H,-,C,D,0,,,,,Y,Y,A,01,0,1,0,0,0,0,0,0,0,"- ","- ",,,"LOS ANGELES","LOS ANGELES",-118.37256499999999,34.018945000000002
9085864,2020,2020-07-24,1941,2020-04-21,1712,11396,,2,5,7,1941,0,0,0,,0,,"56TH ST","OLIVE AV",75.00,E,N,A,-,N,,,,,,,,,,Y,2,0,1,3,A,-,01,23153,B,N,A,C,A,A,H,-,A,D,0,,,,,Y,Y,D,,1,0,0,0,0,0,0,0,0,"- ","- ",,,"LOS ANGELES","LONG BEACH",-118.18276214599609,33.858100891113281
90859895,2018,2018-11-15,9535,2018-11-03,1830,022100,,6,2,9,1900,0,2,4,,2,018,"POMONA BLVD. (5100 BLOCK)","WOODS AVE.",135.00,E,N,A,-,N,,,,,,,,,,Y,4,0,1,2,A,-,01,23152,A,N,C,C,A,A,H,-,C,A,0,,,,,Y,Y,A,07,0,0,1,0,0,0,0,0,0,"- ","- ",34.033489227294922,-118.15516662597656,"LOS ANGELES",UNINCORPORATED,-118.15531158447266,34.033493041992188
90860391,2018,2018-11-16,9535,2018-11-04,0100,022159,,7,3,9,1900,0,1,3,,2,600,"SR-60 (POMONA FREEWAY) E/B",I-710,1500.00,W,N,A,-,Y,,,60,,,,,,E,Y,3,0,1,1,A,-,01,23152,A,N,E,I,A,A,H,-,C,D,0,,,,,Y,Y,A,01,0,1,0,0,0,0,0,0,0,"- ","- ",34.034488677978516,-118.17707824707031,"LOS ANGELES",UNINCORPORATED,-118.17707824707031,34.034503936767578
90861054,2018,2018-11-15,9525,2018-11-11,0045,021931,,7,3,4,1913,0,1,1,,2,109,"I-10 W/B (SAN BERNARDINO FWY)","INDIAN HILL BLVD",1000.00,E,N,A,-,Y,,,10,,,,,,W,Y,4,0,2,2,A,-,03,22350,,N,C,C,A,A,H,-,D,D,0,,,,,Y,Y,A,01,0,0,2,0,0,0,0,0,0,"- ","- ",34.081939697265625,-117.71555328369141,"LOS ANGELES",CLAREMONT,-117.71555328369141,34.081920623779297
90864012,2018,2018-11-20,9550,2018-11-10,0027,020617,,6,3,9,1900,0,1,1,,2,650,"I-605 N/B","OBREGON STREET",10.00,S,N,A,-,Y,,,605,,,,,,N,Y,2,0,3,2,A,-,01,23152,A,N,C,C,A,A,H,-,C,D,0,,,,Y,Y,Y,A,01,1,0,2,0,0,0,0,0,0,"- ","- ",33.999908447265625,-118.06748199462891,"LOS ANGELES",UNINCORPORATED,-118.0675048828125,33.999916076660156
90866083,2018,2018-11-26,9525,2018-11-19,0345,021224,,1,3,5,1990,0,1,3,,2,571,"SR-57 S/B TO SR-60 W/B","SUNSET CROSSING RD.",2112.00,S,N,A,-,Y,,,57,,,,R,,S,Y,3,0,1,1,A,-,01,23152,A,N,E,I,A,A,H,-,D,D,0,,,,,Y,Y,A,01,0,1,0,0,0,0,0,0,0,"- ","- ",34.023338317871094,-117.81305694580078,"LOS ANGELES","DIAMOND BAR",-117.81305694580078,34.023338317871094
90866308,2018,2018-11-26,9590,2018-11-09,0445,021346,,5,3,7,1942,0,1,1,,2,050,"I-110 N/B (HARBOR FREEWAY)","83RD STREET",300.00,N,N,A,-,Y,,,110,,,,,,N,Y,4,0,1,4,A,-,01,23152,A,N,C,C,A,A,H,-,C,D,0,,,,,Y,Y,A,01,0,0,1,0,0,0,0,0,0,"- ","- ",33.965030670166016,-118.28057861328125,"LOS ANGELES","LOS ANGELES",-118.28073120117188,33.965030670166016
90867817,2018,2018-11-27,9530,2018-09-28,2045,021490,,5,2,9,1900,0,3,5,,2,002,"CENTRAL AVE.","EL SEGUNDO BLVD.",0.00,,Y,A,-,N,,,,,,,,,,Y,3,0,4,3,A,-,12,21453,A,N,A,C,A,A,H,-,C,D,0,,,,,Y,Y,A,01,0,1,3,0,0,0,0,0,0,"- ","- ",33.916358947753906,-118.25444030761719,"LOS ANGELES",UNINCORPORATED,-118.25449371337891,33.916358947753906
90868892,2018,2018-11-28,9590,2018-11-18,0101,021317,,7,3,7,1942,0,1,1,,2,064,"I-10 E/B (SANTA MONICA FREEWAY)","SANTA FE AVE",415.00,W,N,A,-,Y,,,10,,,,,,E,Y,4,0,1,2,A,-,07,21658,A,F,B,C,A,A,H,-,C,D,0,,,,,Y,Y,-,99,0,0,1,0,0,0,0,0,0,"- ","- ",34.027248382568359,-118.23274230957031,"LOS ANGELES","LOS ANGELES",-118.23274993896484,34.027278900146484