CASE_ID,ACCIDENT_YEAR,PROC_DATE,JURIS,COLLISION_DATE,COLLISION_TIME,OFFICER_ID,REPORTING_DISTRICT,DAY_OF_WEEK,CHP_SHIFT,POPULATION,CNTY_CITY_LOC,SPECIAL_COND,BEAT_TYPE,CHP_BEAT_TYPE,CITY_DIVISION_LAPD,CHP_BEAT_CLASS,BEAT_NUMBER,PRIMARY_RD,SECONDARY_RD,DISTANCE,DIRECTION,INTERSECTION,WEATHER_1,WEATHER_2,STATE_HWY_IND,CALTRANS_COUNTY,CALTRANS_DISTRICT,STATE_ROUTE,ROUTE_SUFFIX,POSTMILE_PREFIX,POSTMILE,LOCATION_TYPE,RAMP_INTERSECTION,SIDE_OF_HWY,TOW_AWAY,COLLISION_SEVERITY,NUMBER_KILLED,NUMBER_INJURED,PARTY_COUNT,PRIMARY_COLL_FACTOR,PCF_CODE_OF_VIOL,PCF_VIOL_CATEGORY,PCF_VIOLATION,PCF_VIOL_SUBSECTION,HIT_AND_RUN,TYPE_OF_COLLISION,MVIW,PED_ACTION,ROAD_SURFACE,ROAD_COND_1,ROAD_COND_2,LIGHTING,CONTROL_DEVICE,CHP_ROAD_TYPE,PEDESTRIAN_ACCIDENT,BICYCLE_ACCIDENT,MOTORCYCLE_ACCIDENT,TRUCK_ACCIDENT,NOT_PRIVATE_PROPERTY,ALCOHOL_INVOLVED,STWD_VEHTYPE_AT_FAULT,CHP_VEHTYPE_AT_FAULT,COUNT_SEVERE_INJ,COUNT_VISIBLE_INJ,COUNT_COMPLAINT_PAIN,COUNT_PED_KILLED,COUNT_PED_INJURED,COUNT_BICYCLIST_KILLED,COUNT_BICYCLIST_INJURED,COUNT_MC_KILLED,COUNT_MC_INJURED,PRIMARY_RAMP,SECONDARY_RAMP,LATITUDE,LONGITUDE,COUNTY,CITY,POINT_X,POINT_Y
90972949,2019,2019-04-23,9545,2019-04-12,1725,018550,,5,2,9,1900,0,3,5,,2,004,"PALMDALE BLVD","90TH ST EAST",0.00,,Y,A,-,N,,,,,,,,,,N,4,0,3,2,A,-,01,23152,A,N,B,C,A,A,H,-,A,A,0,,,,,Y,Y,A,01,0,0,3,0,0,0,0,0,0,"- ","- ",34.579681396484375,-117.969482421875,"LOS ANGELES",UNINCORPORATED,-117.96946716308594,34.579719543457031
90973244,2019,2019-04-26,9535,2019-02-26,2320,021773,,2,3,9,1900,0,2,4,,2,011,"EASTERN AVE.","1ST ST.",0.00,,Y,A,-,N,,,,,,,,,,Y,2,0,3,2,A,-,01,23152,A,N,D,C,A,A,H,-,C,A,0,,,,,Y,Y,D,22,2,0,1,0,0,0,0,0,0,"- ","- ",34.036979675292969,-118.17356109619141,"LOS ANGELES",UNINCORPORATED,-118.17357635498047,34.036960601806641
90979152,2019,2019-04-30,9535,2019-04-12,2230,022250,,5,3,3,1968,0,1,3,,2,620,"SR-60 (POMONA FREEWAY) E/B","PECK RD",1200.00,W,N,A,-,Y,,,60,,,,,,E,Y,2,0,2,2,A,-,01,23152,A,N,C,E,A,A,H,-,C,D,0,,,,,Y,Y,A,01,2,0,0,0,0,0,0,0,0,"- ","- ",34.037929534912109,-118.04258728027344,"LOS ANGELES","SOUTH EL MONTE",-118.04257202148438,34.03802490234375
90979425,2019,2019-05-01,9530,2019-04-27,0255,021902,,6,3,9,1900,0,1,1,,2,210,"I-105 W/B (GLENN ANDERSON FWY)","SUCCESS AVE.",386.00,E,N,A,-,Y,,,105,,,,,,W,Y,2,0,2,2,A,-,01,23152,A,N,A,C,A,A,H,-,C,D,0,,,,,Y,Y,A,01,2,0,0,0,0,0,0,0,0,"- ","- ",33.928939819335938,-118.24793243408203,"LOS ANGELES",UNINCORPORATED,-118.24793243408203,33.928936004638672
90981194,2019,2019-05-03,9580,2019-04-28,1330,021554,,7,1,3,1994,0,1,2,,2,107,"US-101 S/B (VENTURA FREEWAY)","LIBERTY CANYON RD",60.00,S,N,A,-,Y,,,101,,,,,,S,Y,3,0,3,1,A,-,01,23152,A,N,E,I,A,A,H,-,A,D,0,,,,,Y,Y,A,01,0,1,2,0,0,0,0,0,0,"- ","- ",34.138088226318359,-118.72428894042969,"LOS ANGELES","AGOURA HILLS",-118.72428894042969,34.138092041015625
90981369,2019,2019-05-03,9565,2019-04-23,0040,021658,,2,3,7,1942,0,1,1,,2,081,"I-10 E/B (SANTA MONICA BLVD.)","GATEWAY BLVD.",170.00,W,N,A,-,Y,,,10,,,,,,E,Y,4,0,2,2,A,-,03,22350,,N,C,C,A,A,H,-,D,D,0,,,,,Y,Y,A,07,0,0,2,0,0,0,0,0,0,"- ","- ",34.029598236083984,-118.44355010986328,"LOS ANGELES","LOS ANGELES",-118.44355010986328,34.029613494873047
9098175,2020,2020-08-06,1942,2020-04-30,2135,42818,1566,4,5,7,1942,0,0,0,O,0,15A67,"LANKERSHIM BL","MOORPARK ST",0.00,,Y,A,-,N,,,,,,,,,,Y,3,0,2,2,A,-,12,21453,A,N,D,C,A,A,H,-,C,A,0,,,,,Y,Y,-,"- ",0,1,1,0,0,0,0,0,0,"- ","- ",,,"LOS ANGELES","LOS ANGELES",-118.36586761474609,34.150379180908203
90983838,2019,2019-05-07,9550,2019-04-27,0230,021986,,6,3,1,1932,0,1,3,,2,600,"SR-60 W/B TO CROSSROADS PARKWAY OFFRAMP","CROSSROADS PARKWAY",250.00,S,N,A,-,Y,,,60,,,,R,,W,Y,3,0,1,1,A,-,01,23152,A,N,E,I,A,A,H,-,C,D,0,,,,,Y,Y,A,01,0,1,0,0,0,0,0,0,0,"- ","- ",34.029788970947266,-118.00833892822266,"LOS ANGELES",INDUSTRY,-118.00833892822266,34.029788970947266
90984839,2019,2019-05-08,9550,2019-04-28,1730,022203,,7,2,9,1900,0,2,4,,1,041,"STIMSON AVENUE","ANNELLEN ST",40.00,S,N,A,-,N,,,,,,,,,,Y,3,0,1,1,A,-,01,23152,A,N,E,I,A,A,H,-,A,D,0,,,,,Y,Y,A,01,0,1,0,0,0,0,0,0,0,"- ","- ",33.991031646728516,-117.96520233154297,"LOS ANGELES",UNINCORPORATED,-117.96517181396484,33.990951538085938
9098670,2020,2020-06-12,1924,2020-02-09,2041,80405,17,7,5,5,1924,0,0,0,,0,002,"NORMANDIE AV","141ST ST",0.00,,Y,B,-,N,,,,,,,,,,Y,3,0,1,2,A,-,01,23152,A,N,D,C,A,B,H,-,C,D,0,,,,,Y,Y,A,07,0,1,0,0,0,0,0,0,0,"- ","- ",33.903781890869141,-118.30039978027344,"LOS ANGELES",GARDENA,-118.30040740966797,33.903770446777344
90986883,2019,2019-05-13,9545,2019-05-03,2134,021695,,5,2,9,1900,0,3,5,,2,004,"VALYERMO RD","AVENUE X",700.00,E,N,A,-,N,,,,,,,,,,Y,2,0,2,1,A,-,01,23152,A,N,F,A,A,A,H,-,D,D,0,,,,,Y,Y,A,01,1,0,1,0,0,0,0,0,0,"- ","- ",34.483501434326172,-117.86763000488281,"LOS ANGELES",UNINCORPORATED,,
9098746,2020,2020-11-05,1942,2020-05-03,0020,42834,0833,7,5,7,1942,0,0,0,H,0,8A29,"WILSHIRE BL","VETERAN AV",0.00,,Y,A,-,N,,,,,,,,,,Y,2,0,2,3,A,-,01,23152,A,N,A,C,A,A,H,-,C,A,0,,,,,Y,Y,A,01,1,1,0,0,0,0,0,0,0,"- ","- ",,,"LOS ANGELES","LOS ANGELES",-118.44774627685547,34.057758331298828
90987543,2019,2019-05-13,9550,2019-05-12,0320,022260,,7,3,5,1919,0,1,3,,2,092,"SR-91 E/B","NORWALK BOULEVARD",50.00,W,N,A,-,Y,,,91,,,,,,E,Y,4,0,1,2,A,-,01,23152,A,N,C,C,A,A,H,-,C,D,0,,,,,Y,Y,A,01,0,0,1,0,0,0,0,0,0,"- ","- ",33.876411437988281,-118.06922912597656,"LOS ANGELES",CERRITOS,-118.06922912597656,33.876506805419922
90987949,2019,2019-05-14,9545,2019-05-04,1800,021642,,6,2,9,1900,0,3,5,,2,004,"PALMDALE BLVD (14700 BLOCK)","150TH ST  E",500.00,W,N,A,-,N,,,,,,,,,,Y,4,0,2,3,A,-,01,23152,A,N,B,C,A,A,H,-,A,D,0,,,,,Y,Y,A,01,0,0,2,0,0,0,0,0,0,"- ","- ",34.579948425292969,-117.86363983154297,"LOS ANGELES",UNINCORPORATED,-117.86386871337891,34.579959869384766
90988576,2019,2019-05-14,9545,2019-05-06,0040,021695,,1,3,9,1900,0,3,5,,2,004,"90TH ST E","AVENUE O",10.00,N,N,A,-,N,,,,,,,,,,Y,4,0,1,2,A,-,01,23152,A,M,C,C,A,A,H,-,C,A,0,,,,,Y,Y,A,01,0,0,1,0,0,0,0,0,0,"- ","- ",34.616439819335938,-117.96945953369141,"LOS ANGELES",UNINCORPORATED,-117.96955108642578,34.616687774658203
9098889,2020,2020-05-20,1942,2020-03-30,2250,42069,1256,1,5,7,1942,0,0,0,L,0,12A57,"W FLORENCE AV","S VERMONT AV",0.00,,Y,A,-,N,,,,,,,,,,Y,2,0,3,5,A,-,01,23152,A,N,A,C,F,A,F,-,C,A,0,Y,,,,Y,Y,A,07,2,0,1,0,1,0,0,0,0,"- ","- ",,,"LOS ANGELES","LOS ANGELES",-118.29174041748047,33.974628448486328
9098991,2020,2020-11-14,1941,2020-05-06,2209,6254,,3,5,7,1941,0,0,0,,0,,"PACIFIC COAST HWY","PACIFIC AV",0.00,,Y,A,-,Y,LA,7,1,-,-,6.520,H,-,S,Y,4,0,2,2,A,-,03,22350,,M,C,-,A,A,H,-,C,A,0,,,,,Y,Y,A,,0,0,2,0,0,0,0,0,0,"- ","- ",,,"LOS ANGELES","LONG BEACH",-118.19377136230469,33.789806365966797
90990223,2019,2019-05-16,9590,2019-05-13,0325,022127,,1,3,7,1942,0,1,1,,2,063,"I-10 W/B (SANTA MONICA FREEWAY)","GRAND AVE.",250.00,W,N,A,-,Y,,,10,,,,,,W,Y,3,0,1,1,A,-,01,23152,A,N,E,J,A,A,H,-,C,D,0,,,,,Y,Y,A,07,0,1,0,0,0,0,0,0,0,"- ","- ",34.035129547119141,-118.26773071289062,"LOS ANGELES","LOS ANGELES",-118.26777648925781,34.035053253173828
90990472,2019,2019-05-17,9550,2019-05-15,1750,022239,,3,2,9,1900,0,2,4,,1,021,"CARMENITA ROAD N/B","SUNSHINE AVE",40.00,S,N,A,-,N,,,,,,,,,,N,4,0,2,3,A,-,01,23152,A,F,C,C,A,A,H,-,A,D,0,,,,,Y,Y,D,22,0,0,2,0,0,0,0,0,0,"- ","- ",33.921768188476562,-118.04649353027344,"LOS ANGELES",UNINCORPORATED,-118.04659271240234,33.921798706054688
90992837,2019,2019-05-21,9530,2019-05-11,2145,021756,,6,2,9,1900,0,3,5,,2,006,"VERMONT AVE. (20400 BLOCK)","DEL AMO BLVD.",34.00,S,N,A,-,N,,,,,,,,,,Y,4,0,2,2,A,-,01,23152,A,N,C,C,A,A,H,-,C,A,0,,,,,Y,Y,A,01,0,0,2,0,0,0,0,0,0,"- ","- ",33.845989227294922,-118.29036712646484,"LOS ANGELES",UNINCORPORATED,-118.29039001464844,33.846157073974609
90993849,2019,2019-05-29,9535,2019-05-11,2208,022059,,6,3,9,1900,0,2,4,,2,014,"CESAR E. CHAVEZ AVENUE","ROWAN AVENUE",0.00,,Y,A,-,N,,,,,,,,,,Y,4,0,1,2,A,-,01,23152,A,N,G,B,B,A,H,-,C,A,0,Y,,,,Y,Y,A,01,0,0,1,0,1,0,0,0,0,"- ","- ",34.040550231933594,-118.18711090087891,"LOS ANGELES",UNINCORPORATED,-118.18704223632812,34.040519714355469
90994581,2019,2019-05-23,9540,2019-05-13,2135,020527,,1,2,9,1900,0,2,4,,2,205,"DARLING ROAD (11000 BLOCK)","CHAMIZO CALLE",46.00,E,N,A,-,N,,,,,,,,,,Y,3,0,1,1,A,-,08,22107,,N,F,I,A,A,H,-,D,D,0,,,,,Y,Y,A,01,0,1,0,0,0,0,0,0,0,"- ","- ",34.496288299560547,-118.33013916015625,"LOS ANGELES",UNINCORPORATED,-118.32940673828125,34.496318817138672
91001809,2019,2019-06-03,9575,2019-05-26,0105,021640,,7,3,6,1953,0,1,1,,2,064,"I-210 E/B (FOOTHILL FREEWAY)","FAIR OAKS AVE.",100.00,E,N,A,-,Y,,,210,,,,,,E,Y,3,0,1,1,A,-,01,23152,A,N,E,I,A,A,H,-,D,D,0,,,,,Y,Y,A,01,0,1,0,0,0,0,0,0,0,"- ","- ",34.151741027832031,-118.15003204345703,"LOS ANGELES",PASADENA,-118.1500244140625,34.151622772216797
91003189,2019,2019-06-13,9545,2019-05-29,2130,020244,,3,2,9,1900,0,1,3,,1,042,SR-138,"128TH ST  E",2.00,E,N,A,-,N,,,138,,,,,,,Y,3,0,2,2,A,-,08,22107,,N,A,C,A,A,D,H,D,D,0,,,,Y,Y,Y,A,01,0,2,0,0,0,0,0,0,0,"- ","- ",34.506481170654297,-117.90081787109375,"LOS ANGELES",UNINCORPORATED,-117.90081787109375,34.506465911865234
91003222,2019,2019-06-04,9590,2019-05-27,0355,021671,,1,3,7,1942,0,1,2,,2,071,"US-101 S/B (SANTA ANA FREEWAY)","ALAMEDA STREET",850.00,S,N,A,-,Y,,,101,,,,,,S,Y,4,0,1,1,A,-,01,23152,A,N,E,I,A,A,H,-,C,D,0,,,,,Y,Y,D,22,0,0,1,0,0,0,0,0,0,"- ","- ",34.053619384765625,-118.23518371582031,"LOS ANGELES","LOS ANGELES",-118.23517608642578,34.053699493408203
91005893,2019,2019-06-07,9565,2019-05-20,1935,021372,,1,2,7,1942,0,1,1,,2,060,"I-405 NORTHBOUND (SAN DIEGO FWY)","LA CIENEGA BOULEVARD",325.00,N,N,A,-,Y,,,405,,,,,,N,Y,4,0,1,2,A,-,01,23152,A,N,C,C,A,A,H,-,B,D,0,,,,,Y,Y,A,07,0,0,1,0,0,0,0,0,0,"- ","- ",33.969970703125,-118.37387084960938,"LOS ANGELES","LOS ANGELES",-118.37390899658203,33.969890594482422
91006611,2019,2019-06-10,9550,2019-06-01,0250,021532,,6,3,9,1900,0,1,3,,2,600,"SR 60 W/B TO I-605 S/B","INTERSTATE 605",100.00,E,N,A,-,Y,,,60,,,,R,,W,Y,3,0,1,1,A,-,01,23152,A,N,E,I,A,A,H,-,C,A,0,,,,,Y,Y,A,07,0,1,0,0,0,0,0,0,0,"- ","- ",34.034698486328125,-118.02519989013672,"LOS ANGELES",UNINCORPORATED,-118.02519989013672,34.034698486328125
9100692,2020,2020-08-24,1976,2020-05-12,0031,239,WPD,2,5,5,1976,0,0,0,,0,001,"DORLAND ST","CITRUS AV",90.00,W,N,A,-,N,,,,,,,,,,Y,4,0,1,3,A,-,08,22107,,N,E,E,A,A,H,-,C,D,0,,,,,Y,Y,A,01,0,0,1,0,0,0,0,0,0,"- ","- ",,,"LOS ANGELES",WHITTIER,-118.04596710205078,33.987239837646484
91007396,2019,2019-06-11,9550,2019-06-03,0300,022023,,1,3,9,1900,0,2,4,,1,021,"CARMENITA RD.","LAKELAND RD.",132.00,S,N,A,-,N,,,,,,,,,,Y,3,0,1,2,A,-,08,22107,,N,B,C,A,A,H,-,C,D,0,,,,,Y,Y,A,07,0,1,0,0,0,0,0,0,0,"- ","- ",33.555099487304688,-118.24700164794922,"LOS ANGELES",UNINCORPORATED,-118.04657745361328,33.931407928466797
9100819,2020,2020-10-29,1961,2020-05-05,0945,10388,1,2,5,3,1961,0,0,0,,0,001,"ALEXANDER SST","FOURTH ST",90.00,N,N,A,-,N,,,,,,,,,,Y,4,0,2,7,A,-,01,23152,A,M,C,E,A,A,H,-,A,D,0,,,,,Y,Y,A,07,0,0,2,0,0,0,0,0,0,"- ","- ",,,"LOS ANGELES","SAN FERNANDO",-118.43825531005859,34.288131713867188
91008198,2019,2019-06-12,9590,2019-06-04,0345,022006,,2,3,7,1942,0,1,2,,2,071,"US-101 S/B (SANTA ANA FREEWAY)","ALAMEDA ST.",1000.00,S,N,A,-,Y,,,101,,,,,,S,Y,3,0,2,1,A,-,08,22107,,N,E,I,A,A,H,-,D,D,0,,,,,Y,Y,A,01,0,1,1,0,0,0,0,0,0,"- ","- ",34.053718566894531,-118.23641204833984,"LOS ANGELES","LOS ANGELES",-118.23641204833984,34.053722381591797
91008438,2019,2019-06-12,9550,2019-06-05,2355,018412,,3,3,5,1908,0,1,3,,2,091,"SR-91 E/B","CLARK AVENUE",130.00,E,N,A,-,Y,,,91,,,,,,E,Y,2,0,1,2,A,-,01,23152,A,N,E,I,A,A,H,-,D,D,0,,,,,Y,Y,A,01,1,0,0,0,0,0,0,0,0,"- ","- ",33.876781463623047,-118.13330078125,"LOS ANGELES",BELLFLOWER,-118.13327789306641,33.876865386962891
91008615,2019,2019-06-12,9535,2019-05-31,2125,022248,,5,2,3,1914,0,1,1,,2,072,"I-710 N/B (LONG BEACH FREEWAY)","TRIGGS ST",313.00,S,N,A,-,Y,,,,,,,,,,Y,3,0,1,1,A,-,01,23152,A,M,E,I,A,A,H,-,C,D,0,,,,,Y,Y,A,07,0,1,0,0,0,0,0,0,0,"- ","- ",34.049381256103516,-118.10195922851562,"LOS ANGELES",COMMERCE,-118.17224884033203,34.0137939453125
91011502,2019,2019-06-17,9550,2019-06-08,0345,022274,,6,3,5,1908,0,1,1,,2,151,"105 EB","LAKEWOOD BOULEVARD",1550.00,W,N,B,-,Y,,,,,,,,,,Y,3,0,2,1,A,-,08,22107,,N,E,I,A,A,H,-,C,D,0,,,,,Y,Y,A,01,0,2,0,0,0,0,0,0,0,"- ","- ",33.912761688232422,-118.14626312255859,"LOS ANGELES",BELLFLOWER,,
91013254,2019,2019-06-19,9530,2019-06-09,0310,021490,,7,3,9,1900,0,3,5,,2,001,"FIRESTONE BLVD. (1600 BLOCK)","MAIE AVE.",24.00,E,N,A,-,N,,,,,,,,,,Y,3,0,2,2,A,-,01,23152,A,F,B,C,A,A,H,-,C,A,0,,,,,Y,Y,A,01,0,2,0,0,0,0,0,0,0,"- ","- ",33.960208892822266,-118.24401092529297,"LOS ANGELES",UNINCORPORATED,-118.24436187744141,33.960151672363281
91013465,2019,2019-06-19,9580,2019-06-07,0227,022275,,5,3,7,1942,0,1,2,,2,102,"US-101 N/B (VENTURA FREEWAY)","WHITE OAK AVE",1320.00,S,N,A,-,Y,,,101,,,,,,N,Y,3,0,4,3,A,-,01,23152,A,M,C,C,A,A,H,-,C,D,0,,,,,Y,Y,A,01,0,1,3,0,0,0,0,0,0,"- ","- ",34.171298980712891,-118.51000213623047,"LOS ANGELES","LOS ANGELES",-118.51000213623047,34.171279907226562
91015854,2019,2019-06-24,9545,2019-06-14,2315,022265,,5,3,6,1950,0,1,3,,2,021,"SR-14 S/B","RANCHO VISTA BLVD",400.00,S,N,A,-,Y,,,14,,,,,,S,Y,4,0,4,3,A,-,01,23152,A,N,C,C,A,A,D,-,D,D,0,,,,,Y,Y,A,01,0,0,4,0,0,0,0,0,0,"- ","- ",34.600189208984375,-118.14170837402344,"LOS ANGELES",PALMDALE,-118.14141845703125,34.600578308105469
91016031,2019,2019-06-24,9545,2019-06-15,2145,022265,,6,2,9,1900,0,3,5,,2,004,"165TH STREET EAST","AVENUE N-8",750.00,N,N,A,-,N,,,,,,,,,,Y,2,0,1,1,A,-,01,23152,A,N,E,I,A,A,H,-,D,D,0,,,,,Y,Y,A,07,1,0,0,0,0,0,0,0,0,"- ","- ",34.625370025634766,-117.83590698242188,"LOS ANGELES",UNINCORPORATED,-117.83592987060547,34.625846862792969
91019488,2019,2019-06-27,9535,2019-06-17,0435,022261,,1,3,9,1900,0,2,4,,2,018,"3RD ST WB (200 BLOCK)","MEDNIK AVE",50.00,E,N,B,-,N,,,,,,,,,,Y,4,0,2,2,A,-,01,23152,A,M,C,C,A,A,H,-,C,A,0,,,,,Y,Y,A,07,0,0,2,0,0,0,0,0,0,"- ","- ",34.033428192138672,-118.16178131103516,"LOS ANGELES",UNINCORPORATED,-118.16212463378906,34.033279418945312
91021474,2019,2019-07-01,9575,2019-06-24,1710,021302,,1,2,6,1925,0,1,1,,2,062,"I-210 W/B (FOOTHILL FREEWAY)","LOWELL AVE",1056.00,E,N,A,-,Y,,,210,,,,,,W,Y,3,0,1,1,A,-,01,23152,A,N,E,I,A,A,H,-,A,D,0,,,,,Y,Y,D,22,0,1,0,0,0,0,0,0,0,"- ","- ",34.230510711669922,-118.26271820068359,"LOS ANGELES",GLENDALE,-118.26271057128906,34.230537414550781
91022611,2019,2019-07-02,9565,2019-06-30,2150,021889,,7,2,9,1900,0,3,5,,2,002,"VAN NESS AVE","CENTURY BLVD",70.00,S,N,A,-,N,,,,,,,,,,Y,2,0,2,2,A,-,01,23152,A,N,E,I,F,A,H,-,C,A,0,Y,,,,Y,Y,A,01,1,1,0,0,1,0,0,0,0,"- ","- ",33.945148468017578,-118.31767272949219,"LOS ANGELES",UNINCORPORATED,-118.31772613525391,33.945266723632812
91023840,2019,2019-07-03,9590,2019-06-24,0235,021998,,1,3,7,1942,0,1,3,,2,030,"SR-60 E/B (POMONA FREEWAY)","MARIETTA ST.",900.00,W,N,A,-,Y,,,60,,,,,,E,Y,3,0,1,1,A,-,01,23152,A,N,E,I,A,A,H,-,C,D,0,,,,,Y,Y,A,07,0,1,0,0,0,0,0,0,0,"- ","- ",34.028980255126953,-118.21627044677734,"LOS ANGELES","LOS ANGELES",-118.21627044677734,34.029045104980469
91025521,2019,2019-07-08,9575,2019-06-26,0012,021254,,3,3,9,1900,0,1,3,,2,081,"ROSEMEAD BOULEVARD","HUNTINGTON DRIVE",0.00,,Y,A,-,N,,,,,,,,,,Y,2,0,3,4,A,-,01,23152,A,N,D,C,A,A,H,-,C,A,0,,,,,Y,Y,A,01,1,1,1,0,0,0,0,0,0,"- ","- ",34.130481719970703,-118.07306671142578,"LOS ANGELES",UNINCORPORATED,-118.07330322265625,34.130279541015625
91026255,2019,2019-07-08,9590,2019-06-29,0140,021823,,6,3,7,1942,0,1,2,,2,043,"US-101 S/B (SAF) TO 7TH ST","7TH ST",100.00,N,N,A,-,Y,,,101,,,,R,,S,Y,4,0,1,1,A,-,01,23152,A,N,E,I,A,A,H,-,C,D,0,,,,,Y,Y,D,22,0,0,1,0,0,0,0,0,0,"- ","- ",34.034599304199219,-118.22171020507812,"LOS ANGELES","LOS ANGELES",-118.22171020507812,34.034599304199219
9102736,2020,2020-07-06,1900,2020-05-01,2353,527057,0628,5,5,6,1985,0,0,0,,0,62T1,"WILEY CANYON RD","CANERWELL ST",216.00,N,N,A,-,N,,,,,,,,,,Y,3,0,1,1,A,-,01,23152,A,N,E,J,A,A,H,-,C,D,0,,,,,Y,Y,A,07,0,1,0,0,0,0,0,0,0,"- ","- ",34.3656005859375,-118.55503845214844,"LOS ANGELES","SANTA CLARITA",-118.55502319335938,34.36566162109375
91027752,2019,2019-07-10,9590,2019-07-05,0110,022344,,5,3,7,1942,0,1,1,,2,014,"SR 110 N/B (ASP) TO AVENUE 60","AVE 60",375.00,N,N,A,-,Y,,,110,,,,R,,N,Y,3,0,2,1,A,-,01,23152,A,N,E,I,A,A,H,-,C,D,0,,,,,Y,Y,A,07,0,2,0,0,0,0,0,0,0,"- ","- ",34.108348846435547,-118.18525695800781,"LOS ANGELES","LOS ANGELES",-118.18525695800781,34.108348846435547
91028002,2019,2019-07-10,9565,2019-06-24,0130,022056,,1,3,5,1928,0,1,1,,2,012,"I-105 W/B (CENTURY FREEWAY)","CRENSHAW BLVD",400.00,E,N,A,-,Y,,,105,,,,,,W,Y,4,0,1,2,A,-,01,23152,A,N,C,C,A,A,H,-,C,D,0,,,,Y,Y,Y,A,01,0,0,1,0,0,0,0,0,0,"- ","- ",33.925479888916016,-118.32521820068359,"LOS ANGELES",HAWTHORNE,-118.32521820068359,33.925483703613281
91028411,2019,2019-07-10,9530,2019-06-29,0218,021756,,6,3,9,1900,0,3,5,,2,006,"CARSON ST.","MENLO AVE.",35.00,E,N,A,-,N,,,,,,,,,,Y,4,0,1,2,A,-,01,23152,A,N,C,C,A,A,H,-,C,A,0,,,,,Y,Y,D,22,0,0,1,0,0,0,0,0,0,"- ","- ",33.831581115722656,-118.28810882568359,"LOS ANGELES",UNINCORPORATED,-118.28805541992188,33.831596374511719
91028415,2019,2019-07-15,9535,2019-06-30,2100,021131,,7,2,5,1947,0,1,3,,2,621,"SR-60 (POMONA FREEWAY) W/B","PARAMOUNT BLVD.",2300.00,E,N,A,-,Y,,,60,,,,,,W,Y,4,0,1,2,A,-,01,23152,G,N,E,I,A,A,H,-,D,D,0,,,,Y,Y,Y,A,01,0,0,1,0,0,0,0,0,0,"- ","- ",34.037921905517578,-118.08589172363281,"LOS ANGELES",MONTEBELLO,-118.08588409423828,34.037891387939453
91028526,2019,2019-07-10,9550,2019-06-30,2158,021950,,7,2,5,1919,0,1,1,,2,652,"INTERSTATE 605 NB TO STATE ROUTE 91","STATE ROUTE 91",668.00,S,N,A,-,Y,,,605,,,,R,,N,Y,2,0,1,2,A,-,01,23152,A,N,B,E,A,A,H,-,C,D,0,,,Y,,Y,Y,C,02,1,0,0,0,0,0,0,0,1,"- ","- ",33.874370574951172,-118.10106658935547,"LOS ANGELES",CERRITOS,-118.10106658935547,33.874370574951172
91029299,2019,2019-07-11,9525,2019-06-30,0147,021748,,7,3,3,1921,0,1,1,,2,202,"I-210 E/B (FOOTHILL FWY)","I-605 N/B (SAN GABRIEL RIVER FWY)",500.00,W,N,A,-,Y,,,210,,,,,,E,Y,4,0,1,2,A,-,01,23152,A,N,C,C,A,A,H,-,C,D,0,,,,,Y,Y,A,01,0,0,1,0,0,0,0,0,0,"- ","- ",34.135238647460938,-117.96177673339844,"LOS ANGELES",DUARTE,-117.96178436279297,34.135231018066406
91029505,2019,2019-09-10,9590,2019-07-11,2305,021671,,4,3,7,1942,0,1,1,,2,083,"I-5 S/B (GSF) COLLECTOR ROAD","NEWELL STREET",400.00,N,N,A,-,Y,,,5,,,,,,S,N,1,1,0,2,A,-,11,21954,A,N,G,B,D,A,H,-,C,D,0,Y,,,,Y,Y,N,60,0,0,0,1,0,0,0,0,0,"- ","- ",34.100200653076172,-118.248291015625,"LOS ANGELES","LOS ANGELES",-118.24821472167969,34.100250244140625
91030109,2019,2019-07-12,9545,2019-06-30,2250,021569,,7,3,9,1900,0,3,5,,2,004,"AVENUE V","77TH STREET EAST",459.00,E,N,A,-,N,,,,,,,,,,N,2,0,1,1,A,-,01,23152,A,N,E,I,A,A,H,-,D,D,0,,,Y,,Y,Y,C,02,1,0,0,0,0,0,0,0,1,"- ","- ",34.513820648193359,-117.99008178710938,"LOS ANGELES",UNINCORPORATED,-117.99092102050781,34.513790130615234