CASE_ID,ACCIDENT_YEAR,PROC_DATE,JURIS,COLLISION_DATE,COLLISION_TIME,OFFICER_ID,REPORTING_DISTRICT,DAY_OF_WEEK,CHP_SHIFT,POPULATION,CNTY_CITY_LOC,SPECIAL_COND,BEAT_TYPE,CHP_BEAT_TYPE,CITY_DIVISION_LAPD,CHP_BEAT_CLASS,BEAT_NUMBER,PRIMARY_RD,SECONDARY_RD,DISTANCE,DIRECTION,INTERSECTION,WEATHER_1,WEATHER_2,STATE_HWY_IND,CALTRANS_COUNTY,CALTRANS_DISTRICT,STATE_ROUTE,ROUTE_SUFFIX,POSTMILE_PREFIX,POSTMILE,LOCATION_TYPE,RAMP_INTERSECTION,SIDE_OF_HWY,TOW_AWAY,COLLISION_SEVERITY,NUMBER_KILLED,NUMBER_INJURED,PARTY_COUNT,PRIMARY_COLL_FACTOR,PCF_CODE_OF_VIOL,PCF_VIOL_CATEGORY,PCF_VIOLATION,PCF_VIOL_SUBSECTION,HIT_AND_RUN,TYPE_OF_COLLISION,MVIW,PED_ACTION,ROAD_SURFACE,ROAD_COND_1,ROAD_COND_2,LIGHTING,CONTROL_DEVICE,CHP_ROAD_TYPE,PEDESTRIAN_ACCIDENT,BICYCLE_ACCIDENT,MOTORCYCLE_ACCIDENT,TRUCK_ACCIDENT,NOT_PRIVATE_PROPERTY,ALCOHOL_INVOLVED,STWD_VEHTYPE_AT_FAULT,CHP_VEHTYPE_AT_FAULT,COUNT_SEVERE_INJ,COUNT_VISIBLE_INJ,COUNT_COMPLAINT_PAIN,COUNT_PED_KILLED,COUNT_PED_INJURED,COUNT_BICYCLIST_KILLED,COUNT_BICYCLIST_INJURED,COUNT_MC_KILLED,COUNT_MC_INJURED,PRIMARY_RAMP,SECONDARY_RAMP,LATITUDE,LONGITUDE,COUNTY,CITY,POINT_X,POINT_Y
91085565,2019,2019-09-27,9590,2019-09-11,1726,021537,,3,2,7,1942,0,1,2,,2,073,"US-101 S/B (HOF)","FOUNTAIN AVE",5.00,S,N,A,-,Y,,,101,,,,,,S,N,4,0,1,2,A,-,01,23152,A,F,C,C,A,A,H,-,A,D,0,,,,,Y,Y,A,01,0,0,1,0,0,0,0,0,0,"- ","- ",34.094718933105469,-118.31101989746094,"LOS ANGELES","LOS ANGELES",-118.31100463867188,34.094745635986328
9108570,2020,2020-11-02,1942,2020-05-05,1500,33244,1862,2,5,7,1942,0,0,0,R,0,25MQ12,"120TH ST","MAIN ST",420.00,E,N,A,-,N,,,,,,,,,,N,4,0,1,3,A,-,03,22350,,F,C,C,A,A,H,-,A,D,0,,,,,Y,Y,A,01,0,0,1,0,0,0,0,0,0,"- ","- ",,,"LOS ANGELES","LOS ANGELES",-118.27391052246094,33.923721313476562
91088800,2019,2019-10-02,9590,2019-09-25,1815,021535,,3,2,7,1942,0,1,1,,2,013,"SR-110 S/B (ARROYO SECO PARKWAY)","SYCAMORE GROVE PEDESTRAIN OVERCROSSING",600.00,S,N,A,-,Y,,,110,,,,,,S,Y,2,0,1,1,A,-,01,23152,A,N,E,I,A,A,H,-,A,D,0,,,,,Y,Y,D,22,1,0,0,0,0,0,0,0,0,"- ","- ",34.098499298095703,-118.20348358154297,"LOS ANGELES","LOS ANGELES",-118.20349884033203,34.098514556884766
91090437,2019,2019-10-04,9550,2019-09-25,0320,022210,,3,3,7,1941,0,1,3,,2,090,"STATE ROUTE-91 W/B","CHERRY AVENUE",700.00,E,N,A,-,Y,,,91,,,,,,W,Y,3,0,1,1,A,-,01,23152,A,N,E,I,A,A,H,-,D,D,0,,,,,Y,Y,A,01,0,1,0,0,0,0,0,0,0,"- ","- ",33.876110076904297,-118.1661376953125,"LOS ANGELES","LONG BEACH",-118.1661376953125,33.875995635986328
91090794,2019,2019-10-04,9535,2019-09-25,2056,022305,,3,2,5,1959,0,1,1,,2,400,"I-10 E/B FROM ROSEMEAD BOULEVARD N/B","AEROJET DR.",67.00,W,N,A,-,Y,,,10,,,,R,,E,Y,4,0,2,3,A,-,03,22350,,N,C,C,A,A,C,-,D,D,0,,,,,Y,Y,A,01,0,0,2,0,0,0,0,0,0,"- ","- ",34.071979522705078,-118.06909942626953,"LOS ANGELES",ROSEMEAD,-118.06909942626953,34.071979522705078
91091465,2019,2019-10-07,9530,2019-09-21,0235,021465,,6,3,9,1900,0,3,5,,2,006,"SEPULVEDA BLVD.","VERMONT AVE.",0.00,,Y,A,-,N,,,,,,,,,,Y,3,0,4,2,A,-,01,23152,A,F,D,C,A,A,H,-,C,A,0,,,,,Y,Y,A,01,0,2,2,0,0,0,0,0,0,"- ","- ",33.8101806640625,-118.29029083251953,"LOS ANGELES",UNINCORPORATED,-118.29041290283203,33.810260772705078
91092153,2019,2019-10-07,9545,2019-09-29,1510,021948,,7,2,9,1900,0,1,3,,1,042,"SR-138 E/B","116TH ST  E",1734.00,W,N,A,-,Y,,,138,,,,,,E,Y,4,0,1,2,A,-,01,23152,A,N,A,C,A,A,H,-,A,A,0,,,,,Y,Y,D,22,0,0,1,0,0,0,0,0,0,"- ","- ",34.509620666503906,-117.92707824707031,"LOS ANGELES",UNINCORPORATED,-117.92701721191406,34.509677886962891
91092221,2019,2019-10-07,9580,2019-10-01,0335,021461,,2,3,7,1942,0,1,1,,2,407,"I-405 S/B (SAN DIEGO FWY)",SR-118,700.00,S,N,A,-,Y,,,405,,,,,,S,Y,2,0,1,1,A,-,01,23152,A,N,E,I,A,A,H,-,C,D,0,,,,,Y,Y,A,01,1,0,0,0,0,0,0,0,0,"- ","- ",34.265018463134766,-118.47232055664062,"LOS ANGELES","LOS ANGELES",-118.47229766845703,34.265018463134766
91092902,2019,2019-10-08,9575,2019-09-28,0353,021879,,6,3,7,1942,0,1,1,,2,053,"I-5 S/B (GOLDEN STATE FREEWAY)","OSBORNE ST.",1500.00,S,N,A,-,Y,,,5,,,,,,S,Y,4,0,1,2,C,-,18,,,N,C,C,A,A,C,-,D,D,0,,,,,Y,Y,-,"- ",0,0,1,0,0,0,0,0,0,"- ","- ",34.241199493408203,-118.41886901855469,"LOS ANGELES","LOS ANGELES",-118.41886138916016,34.2412109375
91093936,2019,2019-10-09,9525,2019-10-04,1535,021138,,5,2,4,1938,0,1,1,,2,208,"SR-210 E/B (FOOTHILL FWY)","FOOTHILL BLVD",1584.00,W,N,A,-,Y,,,210,,,,,,E,Y,3,0,1,2,A,-,01,23152,A,N,C,C,A,A,H,-,A,D,0,,,,,Y,Y,A,01,0,1,0,0,0,0,0,0,0,"- ","- ",34.1197509765625,-117.79164886474609,"LOS ANGELES","LA VERNE",-117.79164886474609,34.119724273681641
91094024,2019,2019-10-09,9525,2019-10-01,1226,018992,,2,1,6,1955,0,1,1,,2,107,"I-10 W/B (SAN BERNARDINO FWY)","KELLOGG DR.",600.00,E,N,A,-,Y,,,10,,,,,,W,Y,3,0,1,2,A,-,01,23152,A,N,E,I,A,A,D,E,A,D,0,,,,,Y,Y,A,01,0,1,0,0,0,0,0,0,0,"- ","- ",34.064399719238281,-117.80985260009766,"LOS ANGELES",POMONA,-117.80984497070312,34.064388275146484
9109427,2020,2020-11-02,1956,2020-05-28,1955,1360,08,4,5,5,1956,0,0,0,,0,001,"CATALINA AV","KNOB HILL AV",70.00,N,N,A,-,N,,,,,,,,,,N,4,0,1,2,A,-,03,22350,,F,C,C,A,A,H,-,A,D,0,,,,,Y,Y,A,07,0,0,1,0,0,0,0,0,0,"- ","- ",,,"LOS ANGELES","REDONDO BEACH",-118.38899230957031,33.829120635986328
91094559,2019,2019-10-10,9525,2019-10-04,0215,019970,,5,3,6,1955,0,1,3,,2,605,"SR-60 W/B (POMONA FWY)","TOWNE AVE",520.00,E,N,A,-,Y,,,60,,,,,,W,Y,2,0,1,2,A,-,01,23152,A,N,C,C,A,A,H,-,D,D,0,,,,Y,Y,Y,A,01,1,0,0,0,0,0,0,0,0,"- ","- ",34.024971008300781,-117.73812103271484,"LOS ANGELES",POMONA,-117.73812103271484,34.024948120117188
91096013,2019,2019-10-14,9575,2019-10-06,1940,021978,,7,2,9,1900,0,2,4,,2,020,"ALTADENA DRIVE (1600 BLOCK)","NEW YORK DRIVE",0.00,,Y,A,-,N,,,,,,,,,,Y,4,0,1,2,A,-,01,23152,A,N,A,C,A,A,H,-,A,A,0,,,,,Y,Y,A,01,0,0,1,0,0,0,0,0,0,"- ","- ",34.174541473388672,-118.09828186035156,"LOS ANGELES",UNINCORPORATED,-118.09818267822266,34.174579620361328
91096184,2019,2019-10-14,9530,2019-10-13,0005,021123,,7,3,9,1900,0,3,5,,2,001,"SLAUSON AVE.","HOOPER AVE.",0.00,,Y,A,-,N,,,,,,,,,,Y,2,0,2,2,A,-,01,23152,A,N,D,C,A,A,H,-,C,A,0,,,,,Y,Y,A,01,1,0,1,0,0,0,0,0,0,"- ","- ",33.989311218261719,-118.25209808349609,"LOS ANGELES",UNINCORPORATED,-118.25212097167969,33.98931884765625
91097518,2019,2019-10-15,9530,2019-10-04,1053,021623,,5,1,7,1942,0,1,1,,2,400,"I-405 S/B (SAN DIEGO FREEWAY)","VERMONT AVE.",400.00,W,N,A,-,Y,,,405,,,,,,S,Y,4,0,1,2,A,-,07,21658,A,N,C,C,A,A,H,-,A,D,0,,,,,Y,Y,A,01,0,0,1,0,0,0,0,0,0,"- ","- ",33.8597412109375,-118.29511260986328,"LOS ANGELES","LOS ANGELES",-118.29511260986328,33.859729766845703
9109902,2020,2020-09-02,1942,2020-06-14,0225,42469,1061,7,5,7,1942,0,0,0,J,0,10A83,"VENTURA BL","MELVIN AV",120.00,E,N,A,-,N,,,,,,,,,,Y,3,0,1,2,A,-,01,23152,A,M,C,E,A,A,H,-,C,D,0,,,,,Y,Y,A,07,0,1,0,0,0,0,0,0,0,"- ","- ",,,"LOS ANGELES","LOS ANGELES",-118.55962371826172,34.172782897949219
91099569,2019,2019-10-18,9550,2019-10-10,1925,022237,,4,2,3,1964,0,1,1,,2,651,"INTERSTATE 605 SOUTHBOUND","FLORENCE AVENUE",500.00,S,N,A,-,Y,,,,,,,,,,N,4,0,1,2,A,-,08,22107,,N,B,C,A,A,H,-,D,D,0,,,,,Y,Y,D,22,0,0,1,0,0,0,0,0,0,"- ","- ",33.936599731445312,-118.09925079345703,"LOS ANGELES","SANTA FE SPRINGS",-118.09909820556641,33.936672210693359
91099738,2019,2019-10-17,9590,2019-10-08,0023,021883,,2,3,7,1942,0,1,1,,2,062,"I-10 E/B (SANTA MONICA FREEWAY)","WEST BLVD.",100.00,E,N,A,-,Y,,,10,,,,,,E,N,3,0,1,2,A,-,01,23152,A,F,C,C,A,A,H,-,C,D,0,,,,,Y,Y,D,22,0,1,0,0,0,0,0,0,0,"- ","- ",34.034660339355469,-118.33973693847656,"LOS ANGELES","LOS ANGELES",-118.33974456787109,34.034698486328125
91099739,2019,2019-10-17,9575,2019-10-07,0345,021712,,1,3,6,1925,0,1,3,,2,090,"SR-2 N/B TO I-210 E/B","VERDUGO BLVD",30.00,S,N,A,-,Y,,,,,,,,,,Y,3,0,1,1,A,-,01,23152,A,N,E,I,A,A,H,-,C,D,0,,,,,Y,Y,A,01,0,1,0,0,0,0,0,0,0,"- ","- ",34.205310821533203,-118.21761322021484,"LOS ANGELES",GLENDALE,-118.21877288818359,34.205238342285156
9110167,2020,2020-08-20,1906,2020-06-15,2330,1791,1906,1,5,5,1906,0,0,0,,0,003,"PUENTE AV","DALEWOOD AV",90.00,N,N,A,-,N,,,,,,,,,,Y,3,0,1,1,A,-,01,23152,A,N,E,I,A,A,H,-,C,A,0,,,,,Y,Y,D,22,0,1,0,0,0,0,0,0,0,"- ","- ",,,"LOS ANGELES","BALDWIN PARK",-117.96355438232422,34.068767547607422
91102187,2019,2019-10-21,9545,2019-10-14,1920,021695,,1,2,9,1900,0,3,5,,2,002,"SIERRA HIGHWAY","NORTHBOUND SR-14 FROM SIERRA HIGHWAY",0.00,,Y,A,-,N,,,,,,,,,,Y,2,0,1,2,A,-,09,21801,A,N,D,C,A,A,H,-,D,D,0,,,,,Y,Y,A,07,1,0,0,0,0,0,0,0,0,"- ","- ",34.512920379638672,-118.10083770751953,"LOS ANGELES",UNINCORPORATED,-118.13669400000001,34.488137999999999
91102559,2019,2019-10-22,9565,2019-10-10,0330,021453,,4,3,9,1900,0,3,5,,2,002,"106TH ST.","NORMANDIE AVE.",470.00,E,N,A,-,N,,,,,,,,,,Y,4,0,1,2,A,-,01,23152,A,M,B,E,A,A,H,-,C,D,0,,,,,Y,Y,A,07,0,0,1,0,0,0,0,0,0,"- ","- ",33.940071105957031,-118.29865264892578,"LOS ANGELES",UNINCORPORATED,-118.29875183105469,33.940025329589844
9110304,2020,2020-09-04,1942,2020-06-09,1845,31652,1675,2,5,7,1942,0,0,0,P,0,16A77,"OLINDA ST","NORRIS AV",95.00,W,N,A,-,N,,,,,,,,,,N,4,0,1,2,D,-,00,,,N,G,B,F,A,H,-,A,D,0,Y,,,,Y,Y,-,"- ",0,0,1,0,1,0,0,0,0,"- ","- ",,,"LOS ANGELES","LOS ANGELES",-118.36876678466797,34.225807189941406
9110412,2020,2020-09-02,1941,2020-06-14,2113,11416,,7,5,7,1941,0,0,0,,0,,"BELLFLOWER BL","PACIFIC COAST HWY",0.00,,Y,A,-,N,,,,,,,,,,Y,4,0,3,2,A,-,04,21703,,N,C,C,A,A,H,-,B,A,0,,,,,Y,Y,A,,0,0,3,0,0,0,0,0,0,"- ","- ",,,"LOS ANGELES","LONG BEACH",-118.12104034423828,33.774089813232422
9110442,2020,2020-08-28,1972,2020-06-19,2349,21880,"SO BA",5,5,6,1972,0,0,0,,0,,"BORDER AV","SAN ARDO ST",41.00,S,N,A,-,N,,,,,,,,,,N,4,0,1,3,A,-,01,23152,A,N,B,E,A,A,H,-,C,A,0,,,,,Y,Y,A,,0,0,1,0,0,0,0,0,0,"- ","- ",,,"LOS ANGELES",TORRANCE,-118.31369781494141,33.822223663330078
91108586,2019,2019-10-29,9545,2019-10-25,0100,021814,,5,3,9,1900,0,3,5,,2,003,"ANGELES FOREST HWY","PACIFICO MOUNTAIN RD",2112.00,S,N,A,-,N,,,,,,,,,,Y,3,0,1,1,A,-,01,23152,A,N,E,I,A,A,H,-,D,A,0,,,,,Y,Y,A,01,0,1,0,0,0,0,0,0,0,"- ","- ",34.388999938964844,-118.084716796875,"LOS ANGELES",UNINCORPORATED,,
91109935,2019,2019-10-30,9530,2019-10-19,2345,021490,,6,3,7,1941,0,1,1,,2,071,"I-710 S/B (LONG BEACH FREEWAY)","DEL AMO BLVD.",1056.00,S,N,A,-,Y,,,710,,,,,,S,Y,3,0,1,1,A,-,01,23152,A,N,E,I,A,A,H,-,C,D,0,,,,,Y,Y,A,01,0,1,0,0,0,0,0,0,0,"- ","- ",33.842899322509766,-118.20659637451172,"LOS ANGELES","LONG BEACH",-118.20653533935547,33.842884063720703
91110817,2019,2019-10-31,9530,2019-10-21,0250,021995,,1,3,5,1943,0,1,1,,2,210,"I-105 W/B (GLENN ANDERSON FWY)","LONG BEACH BLVD.",2300.00,E,N,A,-,Y,,,105,,,,,,W,Y,2,0,1,1,A,-,01,23152,A,N,E,I,A,A,H,-,D,D,0,,,,,Y,Y,A,01,1,0,0,0,0,0,0,0,0,"- ","- ",33.92218017578125,-118.20320129394531,"LOS ANGELES",LYNWOOD,-118.20321655273438,33.922138214111328
91111344,2019,2019-11-01,9530,2019-10-19,2350,021902,,6,3,9,1900,0,3,5,,2,002,"EL SEGUNDO BLVD. (800 BLOCK)","MCKINLEY AVE.",200.00,E,N,A,-,N,,,,,,,,,,Y,4,0,1,1,A,-,01,23152,A,N,E,I,A,A,H,-,C,D,0,,,,,Y,Y,A,07,0,0,1,0,0,0,0,0,0,"- ","- ",33.916568756103516,-118.26084136962891,"LOS ANGELES",UNINCORPORATED,-118.26081085205078,33.916351318359375
91113290,2019,2019-11-05,9530,2019-11-03,2125,022022,,7,2,9,1900,0,3,5,,2,006,"VERMONT AVE. (23100 BLOCK)","232ND ST.",0.00,,Y,A,-,N,,,,,,,,,,Y,4,0,2,2,A,-,01,23152,A,N,D,C,A,A,H,-,C,D,0,,,,,Y,Y,A,01,0,0,2,0,0,0,0,0,0,"- ","- ",33.485500335693359,-118.17253112792969,"LOS ANGELES",UNINCORPORATED,-118.29036712646484,33.815280914306641
91113909,2019,2019-11-05,9580,2019-10-27,2220,017371,,7,3,3,1994,0,1,2,,2,108,"US-101 N/B TO CHESEBRO RD.","PALO COMADO CANYON RD",275.00,S,N,A,-,Y,,,101,,,,R,,N,Y,4,0,1,1,A,-,08,22107,,N,E,I,A,A,H,-,C,D,0,,,,,Y,Y,A,01,0,0,1,0,0,0,0,0,0,"- ","- ",34.143428802490234,-118.73709106445312,"LOS ANGELES","AGOURA HILLS",-118.73709106445312,34.143428802490234
91114186,2019,2019-11-05,9525,2019-10-28,1910,019379,,1,2,5,1990,0,1,3,,2,601,"SR-60 W/B (POMONA FWY)","BREA CANYON RD.",2640.00,E,N,A,-,Y,,,60,,,,,,W,Y,3,0,1,2,A,-,01,23152,A,N,B,C,A,A,H,-,D,D,0,,,,Y,Y,Y,D,22,0,1,0,0,0,0,0,0,0,"- ","- ",34.001621246337891,-117.83807373046875,"LOS ANGELES","DIAMOND BAR",-117.83807373046875,34.001651763916016
91114578,2019,2019-11-06,9540,2019-10-28,1210,018208,,1,1,9,1900,0,3,5,,2,200,"MINT CANYON RD. W/B (16000 BLOCK)","SIERRA HIGHWAY",515.00,W,N,A,-,N,,,,,,,,,,Y,3,0,1,1,A,-,01,23152,A,N,E,I,A,A,H,-,A,D,0,,,,,Y,Y,A,01,0,1,0,0,0,0,0,0,0,"- ","- ",34.520420074462891,-118.32038879394531,"LOS ANGELES",UNINCORPORATED,-118.34066772460938,34.512809753417969
91117725,2019,2019-11-12,9530,2019-11-09,2150,021995,,6,2,9,1900,0,3,5,,2,002,"SANTA ANA BOULEVARD (2500 BLOCK)","WATTS AVE.",20.00,E,N,B,-,N,,,,,,,,,,Y,3,0,2,2,A,-,01,23152,A,N,B,E,A,A,H,-,C,D,0,,,,,Y,Y,A,07,0,1,1,0,0,0,0,0,0,"- ","- ",33.933139801025391,-118.22834777832031,"LOS ANGELES",UNINCORPORATED,-118.22840881347656,33.933185577392578
91117952,2019,2019-11-25,9525,2019-10-27,0345,021748,,7,3,9,1900,0,3,5,,2,001,"SHRODE AVE (BLOCK 600)","MOUNTAIN AVE",175.00,W,N,A,-,N,,,,,,,,,,Y,3,0,1,3,A,-,01,23152,A,N,B,C,A,A,H,-,C,D,0,,,,,Y,Y,A,01,0,1,0,0,0,0,0,0,0,"- ","- ",34.121040344238281,-117.99160766601562,"LOS ANGELES",UNINCORPORATED,-117.99156951904297,34.121051788330078
91118069,2019,2019-11-12,9575,2019-11-04,2230,021492,,1,3,7,1942,0,1,3,,2,044,"SR-134 W/B (VENTURA FREEWAY)","PASS AVE",850.00,W,N,A,-,Y,,,134,,,,,,W,Y,4,0,1,2,A,-,01,23152,A,N,C,C,A,A,H,-,C,D,0,,,,Y,Y,Y,A,01,0,0,1,0,0,0,0,0,0,"- ","- ",34.153961181640625,-118.34780883789062,"LOS ANGELES","LOS ANGELES",-118.34780883789062,34.153949737548828
91118927,2019,2019-11-13,9540,2019-10-30,1627,019232,,3,2,6,1985,0,1,3,,1,144,"SR-14 N/B (ANTELOPE VALLEY FWY)","SAND CANYON RD",2000.00,S,N,A,-,Y,,,14,,,,,,N,Y,3,0,4,2,A,-,01,23152,A,N,C,C,A,A,H,-,A,D,0,,,,,Y,Y,A,01,0,1,3,0,0,0,0,0,0,"- ","- ",34.422019958496094,-118.43035125732422,"LOS ANGELES","SANTA CLARITA",-118.43034362792969,34.422012329101562
91120942,2019,2020-04-23,9565,2019-11-06,2355,021808,,3,3,9,1900,0,3,5,,2,003,"SLAUSON AVE.","LA CIENEGA BLVD.",0.00,,Y,A,-,N,,,,,,,,,,Y,2,0,2,2,A,-,01,23152,A,F,D,C,A,A,H,-,C,A,0,,,,,Y,Y,A,01,1,0,1,0,0,0,0,0,0,"- ","- ",33.987598419189453,-118.37010955810547,"LOS ANGELES",UNINCORPORATED,-118.37120819091797,33.988029479980469
91121070,2019,2019-11-15,9590,2019-11-02,0525,022304,,6,3,7,1942,0,1,1,,2,051,"I-110 S/B (HARBOR FREEWAY)","COLDEN AVENUE",100.00,S,N,A,-,Y,,,110,,,,,,S,Y,4,0,1,2,A,-,08,22107,,N,B,C,A,A,H,-,C,D,0,,,,Y,Y,Y,A,01,0,0,1,0,0,0,0,0,0,"- ","- ",33.948978424072266,-118.27987670898438,"LOS ANGELES","LOS ANGELES",-118.27983093261719,33.948989868164062
91124412,2019,2019-11-20,9535,2019-08-11,0220,022172,,7,3,5,1948,0,1,1,,2,070,"I-710 (LONG BEACH FREEWAY) N/B","RAMONA BLVD",200.00,S,N,A,-,Y,,,710,,,,,,N,Y,3,0,2,1,A,-,01,23152,A,N,E,I,A,A,H,-,C,D,0,,,,,Y,Y,D,22,0,1,1,0,0,0,0,0,0,"- ","- ",34.060100555419922,-118.16519927978516,"LOS ANGELES","MONTEREY PARK",-118.16519165039062,34.060100555419922
91125825,2019,2019-11-21,9535,2019-11-01,0420,022234,,5,3,6,1922,0,1,1,,2,400,"I-10 (SAN BERNARDINO FREEWAY) E/B","SANTA ANITA AVE.",350.00,E,N,A,-,Y,,,10,,,,,,E,Y,3,0,1,2,A,-,01,23152,A,M,B,C,A,A,H,-,A,D,0,,,,,Y,Y,A,01,0,1,0,0,0,0,0,0,0,"- ","- ",34.068099975585938,-118.03739929199219,"LOS ANGELES","EL MONTE",-118.03739929199219,34.068103790283203
91127842,2019,2019-11-22,9565,2019-11-12,2030,022014,,2,2,7,1942,0,1,1,,2,064,"I-405 N/B (SAN DIEGO FREEWAY)","GETTY CENTER DR",50.00,N,N,B,-,Y,,,405,,,,,,N,Y,4,0,1,2,A,-,03,22350,,N,C,C,A,A,H,-,C,D,0,,,,,Y,Y,A,01,0,0,1,0,0,0,0,0,0,"- ","- ",34.088981628417969,-118.47528076171875,"LOS ANGELES","LOS ANGELES",-118.47525024414062,34.088985443115234
91129665,2019,2019-11-26,9580,2019-11-16,0225,022019,,6,3,7,1942,0,1,2,,2,100,"US-101 S/B (VENTURA FREEWAY)","COLDWATER CANYON AVE",1584.00,N,N,A,-,Y,,,101,,,,,,S,Y,4,0,2,2,A,-,01,23152,A,N,C,C,A,A,H,-,C,D,0,,,,,Y,Y,A,01,0,0,2,0,0,0,0,0,0,"- ","- ",34.156898498535156,-118.41889953613281,"LOS ANGELES","LOS ANGELES",-118.41889953613281,34.156661987304688
91129740,2019,2019-11-26,9575,2019-11-17,0310,021784,,7,3,7,1942,0,1,3,,2,070,"W/B I-210 FROM E/B SR-118","DRONFIELD AVE.",475.00,W,N,A,-,Y,,,,,,,,,,Y,4,0,2,2,A,-,01,23152,A,N,C,C,A,A,H,-,C,D,0,,,,,Y,Y,A,01,0,0,2,0,0,0,0,0,0,"- ","- ",34.284038543701172,-118.41322326660156,"LOS ANGELES","LOS ANGELES",,
91131631,2019,2019-11-28,9590,2019-11-13,2315,021823,,3,3,7,1942,0,1,1,,2,053,"I-110 S/B (HAF) TO I-10 W/B (SMF)","VENICE BLVD",450.00,N,N,A,-,Y,,,110,,,,R,,S,Y,3,0,1,2,A,-,01,23152,A,N,E,I,A,A,H,-,C,D,0,,,,,Y,Y,D,22,0,1,0,0,0,0,0,0,0,"- ","- ",34.040699005126953,-118.27400207519531,"LOS ANGELES","LOS ANGELES",-118.27400207519531,34.040699005126953
91133253,2019,2020-01-20,9580,2019-07-19,0321,019876,,5,3,7,1942,0,1,1,,2,407,"I-405 S/B (SDF) FROM ROSCOE BOULEVARD","ROSCOE BLVD",800.00,S,N,B,-,Y,,,405,,,,R,,S,Y,1,1,1,1,A,-,01,23152,G,N,E,I,A,A,H,-,D,D,0,,,,,Y,Y,A,07,0,1,0,0,0,0,0,0,0,"- ","- ",34.21942138671875,-118.47348785400391,"LOS ANGELES","LOS ANGELES",-118.47348785400391,34.21942138671875
9113465,2020,2020-11-14,1900,2020-06-08,1740,480768,0635,1,5,6,1985,0,0,0,,0,61T1,"SOLEDAD CANYON RD","RT 14",0.00,,Y,A,-,Y,LA,7,14,-,-,35.875,R,4,S,Y,2,0,2,2,A,-,01,23152,A,N,D,C,A,A,H,-,A,A,0,,,,,Y,Y,A,01,1,1,0,0,0,0,0,0,0,"- ",SF,,,"LOS ANGELES","SANTA CLARITA",-118.38356018066406,34.434177398681641
91134872,2019,2019-12-03,9540,2019-11-24,0400,021869,,7,3,9,1900,0,1,1,,2,508,"INTERSTATE 5 (N/B)","I-5 S/B CROSSOVER",287.00,N,N,A,-,Y,,,5,,,,,,,Y,2,0,1,2,A,-,01,23152,A,F,C,C,A,A,H,-,D,A,0,,,,,Y,Y,D,22,1,0,0,0,0,0,0,0,0,"- ","- ",34.502410888671875,-118.62772369384766,"LOS ANGELES",UNINCORPORATED,-118.62770843505859,34.502418518066406
91136300,2019,2019-12-05,9550,2019-11-22,2330,020795,,5,3,9,1900,0,3,5,,2,002,"LAMBERT ROAD EB","FIRESIDE DRIVE",300.00,E,N,A,-,N,,,,,,,,,,Y,3,0,1,1,A,-,01,23152,A,N,E,I,A,A,H,-,C,D,0,,,,,Y,Y,A,01,0,1,0,0,0,0,0,0,0,"- ","- ",33.925849914550781,-117.98139190673828,"LOS ANGELES",UNINCORPORATED,-117.98056030273438,33.925392150878906
91136727,2019,2019-12-05,9565,2019-11-10,0040,022437,,7,3,9,1900,0,3,5,,2,003,"LA CIENEGA BLVD","SLAUSON AVE.",383.00,N,N,A,-,N,,,,,,,,,,Y,3,0,1,1,A,-,01,23152,A,N,E,I,A,A,H,-,E,D,0,,,,,Y,Y,A,01,0,1,0,0,0,0,0,0,0,"- ","- ",33.988899230957031,-118.37004089355469,"LOS ANGELES",UNINCORPORATED,-118.37041473388672,33.988727569580078
91136910,2019,2019-12-05,9545,2019-11-29,2240,021569,,5,3,9,1900,0,3,5,,2,004,"EAST AVENUE R-10","102ND STREET EAST",1351.00,E,N,B,-,N,,,,,,,,,,Y,3,0,1,1,A,-,01,23152,A,N,E,I,A,B,H,-,C,D,0,,,,,Y,Y,D,22,0,1,0,0,0,0,0,0,0,"- ","- ",34.563491821289062,-117.94631958007812,"LOS ANGELES",UNINCORPORATED,-117.94308471679688,34.563400268554688
91137769,2019,2019-12-06,9580,2019-11-27,2338,022036,,3,3,9,1900,0,3,5,,2,013,"LAKE MANOR DR","HAZEL ST",100.00,S,N,C,-,N,,,,,,,,,,Y,4,0,1,1,A,-,01,23152,A,N,E,J,A,B,H,-,C,D,0,,,,,Y,Y,A,01,0,0,1,0,0,0,0,0,0,"- ","- ",34.237800598144531,-118.63359832763672,"LOS ANGELES",UNINCORPORATED,,