CASE_ID,ACCIDENT_YEAR,PROC_DATE,JURIS,COLLISION_DATE,COLLISION_TIME,OFFICER_ID,REPORTING_DISTRICT,DAY_OF_WEEK,CHP_SHIFT,POPULATION,CNTY_CITY_LOC,SPECIAL_COND,BEAT_TYPE,CHP_BEAT_TYPE,CITY_DIVISION_LAPD,CHP_BEAT_CLASS,BEAT_NUMBER,PRIMARY_RD,SECONDARY_RD,DISTANCE,DIRECTION,INTERSECTION,WEATHER_1,WEATHER_2,STATE_HWY_IND,CALTRANS_COUNTY,CALTRANS_DISTRICT,STATE_ROUTE,ROUTE_SUFFIX,POSTMILE_PREFIX,POSTMILE,LOCATION_TYPE,RAMP_INTERSECTION,SIDE_OF_HWY,TOW_AWAY,COLLISION_SEVERITY,NUMBER_KILLED,NUMBER_INJURED,PARTY_COUNT,PRIMARY_COLL_FACTOR,PCF_CODE_OF_VIOL,PCF_VIOL_CATEGORY,PCF_VIOLATION,PCF_VIOL_SUBSECTION,HIT_AND_RUN,TYPE_OF_COLLISION,MVIW,PED_ACTION,ROAD_SURFACE,ROAD_COND_1,ROAD_COND_2,LIGHTING,CONTROL_DEVICE,CHP_ROAD_TYPE,PEDESTRIAN_ACCIDENT,BICYCLE_ACCIDENT,MOTORCYCLE_ACCIDENT,TRUCK_ACCIDENT,NOT_PRIVATE_PROPERTY,ALCOHOL_INVOLVED,STWD_VEHTYPE_AT_FAULT,CHP_VEHTYPE_AT_FAULT,COUNT_SEVERE_INJ,COUNT_VISIBLE_INJ,COUNT_COMPLAINT_PAIN,COUNT_PED_KILLED,COUNT_PED_INJURED,COUNT_BICYCLIST_KILLED,COUNT_BICYCLIST_INJURED,COUNT_MC_KILLED,COUNT_MC_INJURED,PRIMARY_RAMP,SECONDARY_RAMP,LATITUDE,LONGITUDE,COUNTY,CITY,POINT_X,POINT_Y
91610665,2021,2021-10-29,9540,2021-10-25,1230,018037,,1,1,7,1942,0,1,1,,2,505,"I-5 S/B TRUCK ROUTE (GOLDEN STATE FREEWAY)","SIERRA HIGHWAY U/C",250.00,S,N,C,-,Y,,,,,,,,,,Y,4,0,1,2,A,-,03,22350,,N,B,2,A,B,H,-,A,D,0,,,,Y,Y,Y,G,25,0,0,1,0,0,0,0,0,0,"- ","- ",34.333019256591797,-118.50499725341797,"LOS ANGELES","LOS ANGELES",,
91611000,2021,2022-03-16,9590,2021-10-29,0430,022683,,5,3,7,1942,0,1,1,,2,040,"I-5 N/B (SAF)","CALZONA STREET",50.00,S,N,A,-,Y,,,5,,,,,,N,Y,4,0,1,3,A,-,01,23153,A,N,B,2,A,A,H,-,C,D,0,,,,,Y,Y,A,01,0,0,1,0,0,0,0,0,0,"- ","- ",34.021289825439453,-118.19628143310547,"LOS ANGELES","LOS ANGELES",-118.19620513916016,34.021465301513672
9161144,2020,2021-02-01,1942,2020-09-16,0700,40440,1806,3,5,7,1942,0,0,0,R,0,25T29,"CENTRAL AV","90TH ST",150.00,N,N,A,-,N,,,,,,,,,,Y,3,0,1,1,A,-,01,23152,A,N,E,I,A,A,H,-,A,D,0,,,,,Y,Y,D,22,0,1,0,0,0,0,0,0,0,"- ","- ",,,"LOS ANGELES","LOS ANGELES",-118.25643157958984,33.955131530761719
91611755,2021,2021-11-01,9545,2021-10-30,0420,022679,,6,3,6,1950,0,1,3,,2,021,"SR-14 N/B","AVENUE N",1960.00,N,N,A,-,Y,,,14,,,,,,N,Y,3,0,1,1,A,-,01,23152,A,N,E,I,A,A,H,-,C,D,0,,,,,Y,Y,A,01,0,1,0,0,0,0,0,0,0,"- ","- ",34.636581420898438,-118.15293121337891,"LOS ANGELES",PALMDALE,-118.15304565429688,34.636577606201172
91612794,2021,2022-01-13,9530,2021-10-05,0420,022669,,2,3,9,1900,0,3,5,,2,002,"REDONDO BEACH BLVD.","SAN PEDRO ST.",0.00,,Y,C,-,N,,,,,,,,,,Y,3,0,2,3,A,-,12,21453,A,N,D,A,A,B,H,-,D,A,0,,,,,Y,Y,A,01,0,1,1,0,0,0,0,0,0,"- ","- ",33.893180847167969,-118.26699066162109,"LOS ANGELES",UNINCORPORATED,-118.26702117919922,33.893180847167969
91613431,2021,2021-11-02,9535,2021-10-24,0005,022286,,7,3,9,1900,0,3,5,,2,001,"GAGE AVE (700 BLOCK)","FLORAL DR.",157.00,N,N,A,-,N,,,,,,,,,,N,3,0,1,4,A,-,01,23152,A,M,B,E,A,A,H,-,C,D,0,,,,,Y,Y,D,22,0,1,0,0,0,0,0,0,0,"- ","- ",34.044181823730469,-118.18473052978516,"LOS ANGELES",UNINCORPORATED,-118.18467712402344,34.044120788574219
9161440,2020,2021-01-22,1931,2020-09-22,1909,5314,1931,2,5,5,1931,0,0,0,,0,004,"FLORENCE AV","SALT LAKE AV",0.00,,Y,A,-,N,,,,,,,,,,N,2,0,2,3,A,-,01,23153,A,N,G,B,B,A,H,-,C,A,0,Y,,,,Y,Y,A,08,1,1,0,0,2,0,0,0,0,"- ","- ",,,"LOS ANGELES","HUNTINGTON PARK",-118.20343780517578,33.971939086914062
91616479,2021,2021-11-04,9530,2021-10-24,2130,022676,,7,2,9,1900,0,3,5,,2,001,"ZAMORA AVE (8600 BLOCK)","FILESTONE BLVD",118.00,S,N,A,-,N,,,,,,,,,,Y,3,0,2,3,A,-,09,21804,A,N,D,C,A,A,H,-,C,D,0,,,,,Y,Y,A,07,0,2,0,0,0,0,0,0,0,"- ","- ",33.959709167480469,-118.25138092041016,"LOS ANGELES",UNINCORPORATED,-118.25138092041016,33.959796905517578
91616731,2021,2021-11-05,9550,2021-10-23,0230,022426,,6,3,9,1900,0,1,1,,2,650,"I-605 S/B TO SLAUSON AVENUE","SLAUSON AVENUE",10.00,N,N,B,-,Y,,,605,,,,R,,S,Y,4,0,1,1,A,-,08,22107,,N,E,I,A,A,H,-,D,A,0,,,,,Y,Y,A,07,0,0,1,0,0,0,0,0,0,"- ","- ",33.967411041259766,-118.08399963378906,"LOS ANGELES",UNINCORPORATED,-118.08399963378906,33.967411041259766
91618422,2021,2021-11-08,9550,2021-10-28,2300,022426,,4,3,9,1900,0,3,5,,2,001,BROADWAY,"BEXLEY DR",70.00,S,N,A,-,N,,,,,,,,,,Y,3,0,1,2,A,-,01,23152,A,N,C,E,A,A,H,-,D,D,0,,,,,Y,Y,A,01,0,1,0,0,0,0,0,0,0,"- ","- ",33.980789184570312,-118.06195068359375,"LOS ANGELES",UNINCORPORATED,-118.06169128417969,33.980701446533203
9161984,2020,2020-10-27,1900,2020-08-29,2345,673736,1015,6,5,3,1995,0,0,0,,0,101,"MALIBU CANYON RD","MALIBU KNOLLS RD",40.00,S,N,A,-,N,,,,,,,,,,Y,3,0,4,1,A,-,01,23153,A,N,A,I,A,A,H,-,C,D,0,,,,,Y,Y,A,01,0,2,2,0,0,0,0,0,0,"- ","- ",34.040641784667969,-118.69721221923828,"LOS ANGELES",MALIBU,-118.69723510742188,34.040637969970703
91621307,2021,2021-11-10,9530,2021-10-29,1925,022674,,5,2,9,1900,0,3,5,,2,001,"ALAMEDA ST. (1800 BLOCK)","88TH ST.",210.00,S,N,A,-,N,,,,,,,,,,Y,4,0,1,2,A,-,01,23152,A,M,E,I,A,A,H,-,C,D,0,,,,,Y,Y,A,01,0,0,1,0,0,0,0,0,0,"- ","- ",33.954730987548828,-118.23033142089844,"LOS ANGELES",UNINCORPORATED,-118.23078155517578,33.956436157226562
91621548,2021,2021-11-10,9525,2021-11-01,0840,022607,,1,1,4,1905,0,1,1,,2,214,"I-210 E/B (FOOTHILL FWY)","VERNON AVE.",2160.00,W,N,A,-,Y,,,210,,,,,,E,Y,3,0,3,3,A,-,03,22350,,N,C,C,A,A,D,-,A,D,0,,,,,Y,Y,D,22,0,2,1,0,0,0,0,0,0,"- ","- ",34.128799438476562,-117.92246246337891,"LOS ANGELES",AZUSA,-117.9224853515625,34.128719329833984
91621701,2021,2021-11-10,9550,2021-10-30,2210,021533,,6,3,9,1900,0,3,5,,2,002,"LEFFINGWELL ROAD","BURGESS AVENUE",0.00,,Y,A,-,N,,,,,,,,,,Y,4,0,2,3,A,-,03,22350,,N,D,C,A,A,H,-,C,D,0,,,,,Y,Y,A,01,0,0,2,0,0,0,0,0,0,"- ","- ",33.923988342285156,-118.02397155761719,"LOS ANGELES",UNINCORPORATED,-118.02397918701172,33.923961639404297
91623017,2021,2021-11-12,9565,2021-10-30,0345,022219,,6,3,5,1928,0,1,1,,2,012,"I-105 W/B TO CRENSHAW BLVD (CENTURY FREEWAY)","CRENSHAW BLVD",86.00,E,N,B,-,Y,,,105,,,,R,,W,Y,3,0,1,1,A,-,01,23152,A,N,E,8,A,A,H,-,C,D,0,,,,,Y,Y,A,07,0,1,0,0,0,0,0,0,0,"- ","- ",33.926620483398438,-118.32610321044922,"LOS ANGELES",HAWTHORNE,-118.32610321044922,33.926620483398438
9162305,2020,2020-10-03,1942,2020-06-17,1600,43968,0355,3,5,7,1942,0,0,0,C,0,3A18,"36TH ST","GRAMERCY PL",50.00,E,N,A,-,N,,,,,,,,,,N,4,0,1,3,A,-,00,23103,,N,A,E,A,A,H,-,A,D,0,,,,,Y,Y,A,01,0,0,1,0,0,0,0,0,0,"- ","- ",,,"LOS ANGELES","LOS ANGELES",-118.31368255615234,34.022811889648438
9162321,2020,2020-11-20,1942,2020-09-21,0940,41158,1911,1,5,7,1942,0,0,0,,0,19A1,"ROXFORD ST","ENCINITAS AV",0.00,,Y,A,-,N,,,,,,,,,,Y,4,0,1,2,A,-,01,23152,A,F,D,C,A,A,H,-,A,A,0,,,,,Y,Y,A,08,0,0,1,0,0,0,0,0,0,"- ","- ",,,"LOS ANGELES","LOS ANGELES",-118.47885894775391,34.303829193115234
91623381,2021,2021-11-12,9545,2021-10-30,1845,022093,,6,2,9,1900,0,2,4,,1,024,"ELIZABETH LAKE RD","FIRTREE ROAD",300.00,S,N,A,-,N,,,,,,,,,,Y,2,0,1,1,A,-,01,23152,A,N,F,A,A,A,H,-,D,A,0,,,Y,,Y,Y,C,02,1,0,0,0,0,0,0,0,1,"- ","- ",34.654209136962891,-118.37660980224609,"LOS ANGELES",UNINCORPORATED,-118.37669372558594,34.654109954833984
9162339,2020,2020-11-20,1942,2020-09-07,1755,43133,1245,1,5,7,1942,0,0,0,L,0,25Q68,"RAYMOND AV","64TH ST",0.00,,Y,A,-,N,,,,,,,,,,Y,3,0,1,2,A,-,01,23152,A,N,D,C,A,A,H,-,A,A,0,,,,,Y,Y,A,08,0,1,0,0,0,0,0,0,0,"- ","- ",,,"LOS ANGELES","LOS ANGELES",-118.29805755615234,33.981410980224609
91625292,2021,2021-11-16,9565,2021-10-17,1520,022671,,7,2,5,1965,0,1,1,,2,081,"I-10 E/B (SANTA MONICA FWY)","CENTINELA AVE",400.00,W,N,A,-,Y,,,10,,,,,,E,Y,3,0,1,2,A,-,01,23152,A,N,B,2,A,A,H,-,A,D,0,,,,,Y,Y,A,01,0,1,0,0,0,0,0,0,0,"- ","- ",34.027618408203125,-118.45400238037109,"LOS ANGELES","SANTA MONICA",-118.45399475097656,34.027660369873047
91630242,2021,2021-11-19,9580,2021-11-07,1610,022566,,7,2,7,1942,0,1,2,,2,103,"US-101 S/B (VENTURA FREEWAY)","VAN NUYS BLVD",2110.00,N,N,A,-,Y,,,101,,,,,,S,N,4,0,1,1,A,-,01,23152,A,N,E,I,A,A,H,-,A,D,0,,,,,Y,Y,A,07,0,0,1,0,0,0,0,0,0,"- ","- ",34.157871246337891,-118.45574188232422,"LOS ANGELES","LOS ANGELES",-118.45573425292969,34.157905578613281
9163033,2020,2020-11-25,1924,2020-09-21,1803,80450,19,1,5,5,1924,0,0,0,,0,8T5,"ROSECRANS AV","BERENDO AV",52.00,W,N,A,-,,,,,,,,,,,Y,4,0,2,2,A,-,01,23152,A,N,C,C,A,A,H,-,B,A,0,,,,,Y,Y,A,01,0,0,2,0,0,0,0,0,0,"- ","- ",33.901889801025391,-118.29396820068359,"LOS ANGELES",GARDENA,-118.2940673828125,33.901840209960938
9163159,2020,2020-11-23,1969,2020-09-08,2130,10215,PATRO,2,5,5,1969,0,0,0,,0,003,"CALIFORNIA AV","TENAYA AV",80.00,N,N,A,-,N,,,,,,,,,,N,4,0,1,2,A,-,11,21954,A,N,G,B,E,A,H,-,C,B,0,Y,,,,Y,Y,N,60,0,0,1,0,1,0,0,0,0,"- ","- ",,,"LOS ANGELES","SOUTH GATE",-118.20813751220703,33.939308166503906
91632161,2021,2021-11-22,9535,2021-11-09,2130,022176,,2,2,9,1900,0,2,4,,2,025,"ATLANTIC BLVD (1000 BLOCK)","VERONA ST",15.00,S,N,A,-,N,,,,,,,,,,N,4,0,1,4,A,-,01,23152,A,M,G,B,F,A,H,-,C,D,0,Y,,,Y,Y,Y,A,07,0,0,1,0,1,0,0,0,0,"- ","- ",34.018131256103516,-118.15805816650391,"LOS ANGELES",UNINCORPORATED,-118.157958984375,34.018199920654297
9163227,2020,2020-11-25,1942,2020-09-26,1920,40388,1008,6,5,7,1942,0,0,0,J,0,10A39,"SATICOY ST","WOODLEY AV",0.00,,Y,A,-,N,,,,,,,,,,Y,4,0,1,2,A,-,09,21801,A,N,A,C,A,A,H,-,C,A,0,,,,,Y,Y,A,01,0,0,1,0,0,0,0,0,0,"- ","- ",,,"LOS ANGELES","LOS ANGELES",-118.48368072509766,34.208450317382812
91633680,2021,2021-11-23,9590,2021-11-11,1825,022456,,4,2,7,1942,0,1,1,,2,053,"I-110 S/B (HARBOR FREEWAY)","FLOWER STREET",200.00,N,N,A,-,Y,,,110,,,,,,S,N,4,0,1,2,A,-,03,22350,,F,C,C,A,A,H,-,C,D,0,,,,,Y,Y,-,99,0,0,1,0,0,0,0,0,0,"- ","- ",34.028579711914062,-118.27449035644531,"LOS ANGELES","LOS ANGELES",-118.27449035644531,34.028579711914062
91633768,2021,2021-11-24,9590,2021-11-12,0210,021122,,5,3,7,1942,0,1,1,,2,041,"I-5 S/B (SAF)","LORENA STREET",150.00,S,N,A,-,Y,,,5,,,,,,S,Y,2,0,1,2,A,-,07,21658,A,F,B,C,A,A,H,-,C,D,0,,,,,Y,Y,-,99,1,0,0,0,0,0,0,0,0,"- ","- ",34.024089813232422,-118.20262908935547,"LOS ANGELES","LOS ANGELES",-118.20264434814453,34.024063110351562
91634649,2021,2021-11-24,9525,2021-11-15,1440,021809,,1,2,6,1975,0,1,1,,2,115,"I-10 W/B (SAN BERNARDINO FWY)","HOLT AVE",800.00,E,N,A,-,Y,,,10,,,,,,W,Y,4,0,1,1,A,-,01,23152,A,N,E,I,A,A,H,-,A,D,0,,,,,Y,Y,A,01,0,0,1,0,0,0,0,0,0,"- ","- ",34.068359375,-117.85915374755859,"LOS ANGELES","WEST COVINA",-117.85916900634766,34.068214416503906
9163562,2020,2020-11-12,1941,2020-09-19,2000,11349,,6,5,7,1941,0,0,0,,0,,"JUNIPERO AV","OCEAN BL",0.00,S,N,A,-,N,,,,,,,,,,N,4,0,1,4,A,-,03,22350,,F,C,C,A,-,-,-,-,D,0,,,,,Y,Y,A,,0,0,1,0,0,0,0,0,0,"- ","- ",,,"LOS ANGELES","LONG BEACH",-118.16663360595703,33.764190673828125
9163563,2020,2020-11-12,1941,2020-09-19,2224,11121,,6,5,7,1941,0,0,0,,0,,"LAKEWOOD BL","N STEARNS ST",180.00,N,N,A,-,N,,,,,,,,,,Y,4,0,1,2,A,-,01,23152,B,N,C,C,A,A,H,-,C,D,0,,,,,Y,Y,A,,0,0,1,0,0,0,0,0,0,"- ","- ",,,"LOS ANGELES","LONG BEACH",-118.14315795898438,33.796463012695312
91636121,2021,2021-11-29,9545,2021-11-20,0310,021819,,6,3,9,1900,0,1,3,,2,031,"SR-14 NORTHBOUND (ANTELOPE VALLEY FREEWAY)","SIERRA HIGHWAY",3000.00,N,N,A,-,Y,,,14,,,,,,N,Y,2,0,1,1,A,-,01,23152,A,N,E,I,A,A,H,-,C,D,0,,,,,Y,Y,A,01,1,0,0,0,0,0,0,0,0,"- ","- ",34.493358612060547,-118.12641143798828,"LOS ANGELES",UNINCORPORATED,-118.12648010253906,34.493423461914062
91636737,2021,2021-11-29,9590,2021-11-28,0224,022456,,7,3,7,1942,0,1,1,,2,051,"I-110 S/B (HARBOR FREEWAY)","67TH STREET",50.00,S,N,A,-,Y,,,110,,,,,,S,Y,3,0,2,2,A,-,01,23152,A,N,D,C,A,A,H,-,C,D,0,,,,,Y,Y,A,01,0,2,0,0,0,0,0,0,0,"- ","- ",33.978759765625,-118.28099822998047,"LOS ANGELES","LOS ANGELES",-118.28092956542969,33.978759765625
91637199,2021,2021-11-29,9590,2021-10-20,0202,021673,,3,3,7,1942,0,1,1,,2,051,"US-101 S/B (HOF)","ALVARADO STREET",380.00,N,N,A,-,Y,,,101,,,,,,S,N,4,0,1,1,A,-,01,23152,A,N,E,I,A,A,H,-,C,D,0,,,,,Y,Y,A,01,0,0,1,0,0,0,0,0,0,"- ","- ",34.072399139404297,-118.26811981201172,"LOS ANGELES","LOS ANGELES",-118.26809692382812,34.07244873046875
91638075,2021,2021-11-30,9590,2021-09-29,0255,021835,,3,3,7,1942,0,1,1,,2,060,"I-10 E/B (SMF)","HAUSER BLVD",300.00,E,N,A,-,Y,,,10,,,,,,E,Y,3,0,1,1,A,-,01,23152,A,M,E,I,A,A,H,-,C,D,0,,,,,Y,Y,A,01,0,1,0,0,0,0,0,0,0,"- ","- ",34.033718109130859,-118.36060333251953,"LOS ANGELES","LOS ANGELES",-118.36060333251953,34.033744812011719
91638603,2021,2021-11-30,9525,2021-10-10,0238,021545,,7,3,9,1900,0,3,5,,2,004,"VAN WIG AVE (600 BLOCK)","LASSALETTE STREET",3.00,S,N,A,-,N,,,,,,,,,,Y,2,0,1,5,A,-,01,23152,A,F,G,B,F,A,H,-,C,D,0,Y,,,,Y,Y,A,01,1,0,0,0,1,0,0,0,0,"- ","- ",34.052158355712891,-117.98255920410156,"LOS ANGELES",UNINCORPORATED,-117.98258972167969,34.052162170410156
91640792,2021,2021-12-02,9575,2021-11-15,1728,022651,,1,2,6,1925,0,1,1,,2,050,"I-5 N/B (GOLDEN STATE FREEWAY)","SONORA AVE",210.00,S,N,A,-,Y,,,5,,,,,,N,Y,4,0,1,2,A,-,03,22350,,N,C,C,A,A,H,-,C,D,0,,,,,Y,Y,A,01,0,0,1,0,0,0,0,0,0,"- ","- ",34.160831451416016,-118.29283905029297,"LOS ANGELES",GLENDALE,-118.29286956787109,34.160812377929688
9164195,2020,2020-10-13,1900,2020-08-08,2228,552721,2851,6,5,5,1915,0,0,0,,0,281T1,"COMPTON BL","ATLANTIC AV",0.00,,Y,A,-,N,,,,,,,,,,Y,4,0,1,2,A,-,01,23153,A,N,D,C,A,A,H,-,C,A,0,,,,,Y,Y,A,07,0,0,1,0,0,0,0,0,0,"- ","- ",,,"LOS ANGELES",COMPTON,-118.19344329833984,33.896160125732422
9164322,2020,2021-01-15,1910,2020-09-01,2324,05142,,2,5,4,1910,0,0,0,,0,009,"N LA CIENEGA BL","WILSHIRE BL",530.00,N,N,A,-,N,,,,,,,,,,Y,3,0,1,2,A,-,01,23152,A,N,B,E,A,A,H,-,C,D,0,,,,,Y,Y,A,07,0,1,0,0,0,0,0,0,0,"- ","- ",34.066738128662109,-118.37625885009766,"LOS ANGELES","BEVERLY HILLS",-118.37626647949219,34.066635131835938
91644238,2021,2021-12-06,9525,2021-11-27,0145,022398,,6,3,9,1900,0,1,3,,1,024,"SR-39 (SAN GABRIEL CANYON RD.)","EAST FORK ROAD",898.00,N,N,A,-,Y,,,39,,,,,,,Y,2,0,3,1,A,-,08,22107,,N,E,I,A,A,H,-,D,D,0,,,,,Y,Y,D,22,2,1,0,0,0,0,0,0,0,"- ","- ",34.240089416503906,-117.85398864746094,"LOS ANGELES",UNINCORPORATED,-117.85398101806641,34.240180969238281
91644504,2021,2021-12-06,9550,2021-11-29,1600,022450,,1,2,6,1949,0,1,1,,2,150,"I-105 EB","STUDEBAKER ROAD",100.00,W,N,A,-,Y,,,105,,,,,,E,Y,4,0,1,3,A,-,01,23152,A,N,C,C,A,A,H,-,A,D,0,,,,,Y,Y,A,01,0,0,1,0,0,0,0,0,0,"- ","- ",33.914279937744141,-118.09967803955078,"LOS ANGELES",NORWALK,-118.09967803955078,33.914264678955078
91646056,2021,2021-12-08,9540,2021-11-22,0555,015093,,1,3,9,1900,0,3,5,,2,200,"VASQUEZ CANYON ROAD","LOST CREEK ROAD",2112.00,E,N,B,-,N,,,,,,,,,,Y,2,0,2,3,A,-,01,23152,A,N,A,C,A,A,H,-,B,D,0,,,,,Y,Y,A,01,2,0,0,0,0,0,0,0,0,"- ","- ",34.474788665771484,-118.44795227050781,"LOS ANGELES",UNINCORPORATED,-118.44856262207031,34.474826812744141
91646157,2021,2021-12-08,9590,2021-11-15,2340,022417,,1,3,7,1942,0,1,1,,2,011,"SR-110 S/B (ARROYO SECO PARKWAY)","YALE STREET PEDESTRIAN OVERCROSSING",250.00,N,N,A,-,Y,,,110,,,,,,S,N,3,0,1,1,A,-,01,23152,A,N,E,8,A,A,H,-,C,D,0,,,,,Y,Y,A,01,0,1,0,0,0,0,0,0,0,"- ","- ",34.067729949951172,-118.23857879638672,"LOS ANGELES","LOS ANGELES",-118.23857879638672,34.067729949951172
91646282,2021,2021-12-08,9565,2021-11-24,1806,019696,,3,2,7,1942,0,1,1,,2,083,"I-10 E/B","WESTWOOD BLVD.",170.00,E,N,A,-,Y,,,10,,,,,,E,Y,4,0,1,2,A,-,03,22350,,M,C,C,A,A,H,-,C,D,0,,,,,Y,Y,A,01,0,0,1,0,0,0,0,0,0,"- ","- ",34.031688690185547,-118.42105102539062,"LOS ANGELES","LOS ANGELES",-118.42105102539062,34.031661987304688
9164631,2020,2020-11-30,1900,2020-09-17,2100,653410,0628,4,5,6,1985,0,0,0,,0,64T1,"NEWHALL AV","RACE ST",221.00,E,N,A,-,N,,,,,,,,,,Y,3,0,2,2,A,-,01,23152,A,N,D,C,A,A,H,-,C,D,0,,,,,Y,Y,D,22,0,1,1,0,0,0,0,0,0,"- ","- ",34.373680114746094,-118.51949310302734,"LOS ANGELES","SANTA CLARITA",-118.51956176757812,34.373546600341797
91646388,2021,2021-12-08,9545,2021-11-25,1610,015589,,4,2,9,1900,0,3,5,,2,004,"90TH ST  E","AVENUE P-8",215.00,N,N,A,-,N,,,,,,,,,,Y,3,0,1,1,A,-,01,23152,A,N,F,I,A,A,H,-,A,D,0,,,,,Y,Y,A,07,0,1,0,0,0,0,0,0,0,"- ","- ",34.594730377197266,-117.96943664550781,"LOS ANGELES",UNINCORPORATED,-117.96950531005859,34.602516174316406
9164652,2020,2020-11-17,1955,2020-09-24,1936,42226,48,4,5,6,1955,0,0,0,,0,001,"ORANGE GROVE AV","GORDON ST",0.00,,Y,A,-,N,,,,,,,,,,Y,3,0,1,2,A,-,01,23152,A,N,D,C,A,A,H,-,B,A,0,,,,,Y,Y,D,22,0,1,0,0,0,0,0,0,0,"- ","- ",,,"LOS ANGELES",POMONA,-117.75382995605469,34.071971893310547
91646553,2021,2021-12-08,9525,2021-12-04,0150,021967,,6,3,3,1921,0,1,1,,2,202,"I-210 E/B (FOOTHILL FWY)","DUNCANNON AVE",50.00,W,N,A,-,Y,,,210,,,,,,E,Y,3,0,1,3,A,-,01,23152,A,N,C,C,A,A,H,-,D,D,0,,,,,Y,Y,A,01,0,1,0,0,0,0,0,0,0,"- ","- ",34.135288238525391,-117.97303009033203,"LOS ANGELES",DUARTE,-117.97303771972656,34.135360717773438
91647984,2021,2021-12-09,9535,2021-11-27,2250,022336,,6,3,4,1907,0,1,1,,2,075,"I-710 (LONG BEACH FREEWAY) S/B","CLARA ST",2300.00,S,N,A,-,Y,,,,,,,,,,Y,2,0,4,4,A,-,07,21658,A,M,B,C,A,A,H,-,D,D,0,,,,,Y,Y,A,07,1,2,1,0,0,0,0,0,0,"- ","- ",33.957298278808594,-118.17057800292969,"LOS ANGELES",BELL,-118.16963958740234,33.963470458984375
91650088,2021,2021-12-13,9535,2021-08-01,0305,022330,,7,3,9,1900,0,3,5,,2,002,"MEDNIK AVENUE","4TH STREET",0.00,,Y,A,-,N,,,,,,,,,,N,3,0,1,2,A,-,01,23152,A,F,D,C,A,A,H,-,C,A,0,,,,,Y,Y,A,01,0,1,0,0,0,0,0,0,0,"- ","- ",34.03131103515625,-118.16355895996094,"LOS ANGELES",UNINCORPORATED,-118.16365051269531,34.031349182128906
91650402,2021,2021-12-13,9545,2021-11-28,0057,022130,,7,3,6,1950,0,1,3,,2,021,"SR-14 N/B FROM PALMDALE BLVD. W/B","PALMDALE BLVD",538.00,N,N,A,-,Y,,,14,,,,R,,N,Y,4,0,1,1,A,-,01,23152,A,M,E,I,A,A,H,-,C,D,0,,,,,Y,Y,A,01,0,0,1,0,0,0,0,0,0,"- ","- ",34.582859039306641,-118.13349914550781,"LOS ANGELES",PALMDALE,-118.13349914550781,34.582859039306641
91650938,2021,2021-12-13,9525,2021-12-11,0512,021545,,6,3,5,1906,0,1,1,,2,103,"I-10 W/B (SAN BERNARDINO FWY)","PUENTE AVE",900.00,E,N,A,-,Y,,,10,,,,,,W,Y,3,0,1,2,A,-,01,23152,A,N,C,C,A,A,H,-,C,D,0,,,,,Y,Y,A,01,0,1,0,0,0,0,0,0,0,"- ","- ",34.071178436279297,-117.95382690429688,"LOS ANGELES","BALDWIN PARK",-117.95382690429688,34.071144104003906
91651464,2021,2021-12-14,9530,2021-12-12,1845,022714,,7,2,9,1900,0,3,5,,2,001,"COMPTON AVE. (6900 BLOCK)","70TH ST.",40.00,N,N,A,-,N,,,,,,,,,,N,3,0,3,3,A,-,01,23152,A,N,A,C,A,A,H,-,C,D,0,,,,,Y,Y,A,07,0,3,0,0,0,0,0,0,0,"- ","- ",33.976520538330078,-118.2476806640625,"LOS ANGELES",UNINCORPORATED,-118.24768829345703,33.97650146484375
91651866,2021,2021-12-14,9565,2021-12-03,0300,022715,,5,3,5,1928,0,1,1,,2,012,"I-105 E/B FROM 120TH STREET","CRENSHAW BOULEVARD",200.00,W,N,A,-,Y,,,105,,,,R,,E,Y,3,0,2,2,A,-,01,23152,A,N,C,2,A,A,H,-,D,D,0,,,,,Y,Y,A,01,0,2,0,0,0,0,0,0,0,"- ","- ",33.924839019775391,-118.32749176025391,"LOS ANGELES",HAWTHORNE,-118.32749176025391,33.924839019775391
91652611,2021,2021-12-15,9580,2021-12-07,2200,022717,,2,3,7,1942,0,1,2,,2,105,"US-101 S/B (VENTURA FREEWAY)","SR-27 (TOPANGA CANYON BLVD)",650.00,S,N,A,-,Y,,,101,,,,,,S,Y,3,0,1,2,A,-,01,23152,A,N,B,C,A,A,H,-,C,D,0,,,,,Y,Y,D,22,0,1,0,0,0,0,0,0,0,"- ","- ",34.170188903808594,-118.60311126708984,"LOS ANGELES","LOS ANGELES",-118.60310363769531,34.17022705078125