CASE_ID,ACCIDENT_YEAR,PROC_DATE,JURIS,COLLISION_DATE,COLLISION_TIME,OFFICER_ID,REPORTING_DISTRICT,DAY_OF_WEEK,CHP_SHIFT,POPULATION,CNTY_CITY_LOC,SPECIAL_COND,BEAT_TYPE,CHP_BEAT_TYPE,CITY_DIVISION_LAPD,CHP_BEAT_CLASS,BEAT_NUMBER,PRIMARY_RD,SECONDARY_RD,DISTANCE,DIRECTION,INTERSECTION,WEATHER_1,WEATHER_2,STATE_HWY_IND,CALTRANS_COUNTY,CALTRANS_DISTRICT,STATE_ROUTE,ROUTE_SUFFIX,POSTMILE_PREFIX,POSTMILE,LOCATION_TYPE,RAMP_INTERSECTION,SIDE_OF_HWY,TOW_AWAY,COLLISION_SEVERITY,NUMBER_KILLED,NUMBER_INJURED,PARTY_COUNT,PRIMARY_COLL_FACTOR,PCF_CODE_OF_VIOL,PCF_VIOL_CATEGORY,PCF_VIOLATION,PCF_VIOL_SUBSECTION,HIT_AND_RUN,TYPE_OF_COLLISION,MVIW,PED_ACTION,ROAD_SURFACE,ROAD_COND_1,ROAD_COND_2,LIGHTING,CONTROL_DEVICE,CHP_ROAD_TYPE,PEDESTRIAN_ACCIDENT,BICYCLE_ACCIDENT,MOTORCYCLE_ACCIDENT,TRUCK_ACCIDENT,NOT_PRIVATE_PROPERTY,ALCOHOL_INVOLVED,STWD_VEHTYPE_AT_FAULT,CHP_VEHTYPE_AT_FAULT,COUNT_SEVERE_INJ,COUNT_VISIBLE_INJ,COUNT_COMPLAINT_PAIN,COUNT_PED_KILLED,COUNT_PED_INJURED,COUNT_BICYCLIST_KILLED,COUNT_BICYCLIST_INJURED,COUNT_MC_KILLED,COUNT_MC_INJURED,PRIMARY_RAMP,SECONDARY_RAMP,LATITUDE,LONGITUDE,COUNTY,CITY,POINT_X,POINT_Y
9240757,2021,2021-04-01,1955,2021-02-07,1946,42685,21,7,5,6,1955,0,0,0,,0,002,"LA VERNE AV","SAN ANTONIO AV",0.00,,Y,A,-,N,,,,,,,,,,Y,2,0,4,2,A,-,01,23152,A,N,A,C,A,A,H,-,C,A,0,,,,,Y,Y,A,01,1,3,0,0,0,0,0,0,0,"- ","- ",,,"LOS ANGELES",POMONA,-117.73674011230469,34.081092834472656
9240942,2021,2021-04-13,1942,2021-02-15,0600,08906,1494,1,5,7,1942,0,0,0,N,0,5M37,"IMPERIAL HWY","IMPERIAL TERMINAL RD",98.00,E,N,A,-,N,,,,,,,,,,Y,4,0,1,2,A,-,01,23152,,N,C,C,A,A,H,-,B,A,0,,,,Y,Y,Y,A,07,0,0,1,0,0,0,0,0,0,"- ","- ",,,"LOS ANGELES","LOS ANGELES",-118.38347625732422,33.933750152587891
9241237,2021,2021-03-30,1953,2021-01-23,1550,1185,PASAD,6,5,6,1953,0,0,0,,0,001,"AVE 64","BURLEIGH DR",150.00,N,N,B,C,N,,,,,,,,,,Y,3,0,2,1,A,-,03,22350,,M,H,I,A,B,F,-,A,D,0,,,,,Y,Y,D,22,0,1,1,0,0,0,0,0,0,"- ","- ",,,"LOS ANGELES",PASADENA,-118.17646026611328,34.12750244140625
9241334,2021,2021-03-25,1946,2021-01-03,1335,P12,1946,7,5,4,1946,0,0,0,,0,003,MOUTAIN,OLIVE,34.00,S,N,A,-,N,,,,,,,,,,Y,4,0,1,1,A,-,01,23152,A,N,E,I,A,A,H,-,A,D,0,,,,,Y,Y,-,,0,0,1,0,0,0,0,0,0,"- ","- ",,,"LOS ANGELES",MONROVIA,-117.98628997802734,34.144268035888672
9241986,2021,2021-04-13,1920,2021-03-19,2105,13373,,5,5,6,1920,0,0,0,,0,005,"FIRESTONE BL","BROOKSHIRE AV",80.00,E,N,A,-,N,,,,,,,,,,N,4,0,1,2,A,-,03,22350,,N,C,C,A,A,H,-,C,A,0,,,,,Y,Y,A,07,0,0,1,0,0,0,0,0,0,"- ","- ",,,"LOS ANGELES",DOWNEY,-118.12943267822266,33.938114166259766
9242575,2021,2021-04-13,1920,2021-03-03,1512,13022,,3,5,6,1920,0,0,0,,0,006,"PARAMOUNT BL","PHLOX ST S",130.00,E,N,A,-,N,,,,,,,,,,Y,4,0,1,2,A,-,08,22107,,N,C,E,A,A,H,-,A,A,0,,,,,Y,Y,A,01,0,0,1,0,0,0,0,0,0,"- ","- ",,,"LOS ANGELES",DOWNEY,-118.13937377929688,33.940780639648438
9243369,2021,2021-04-14,1961,2021-03-15,0325,10465,1961,1,5,3,1961,0,0,0,,0,001,"MACLAY AV","MOUNTAIN VIEW ST",196.00,N,N,B,-,N,,,,,,,,,,N,4,0,2,1,A,-,01,23152,A,N,E,I,A,A,H,-,C,D,0,,,,,Y,Y,A,01,0,0,2,0,0,0,0,0,0,"- ","- ",,,"LOS ANGELES","SAN FERNANDO",-118.42557525634766,34.294815063476562
9244032,2019,2021-05-20,1913,2019-07-10,0533,3852,64,3,5,4,1913,0,0,0,,0,004,"MONTE VISTA AV","CLAREMONT BL",4.00,S,N,A,-,N,,,,,,,,,,Y,3,0,1,1,A,-,01,23152,A,N,E,C,A,A,H,-,B,A,0,,,,,Y,Y,A,01,0,1,0,0,0,0,0,0,0,"- ","- ",,,"LOS ANGELES",CLAREMONT,-117.69850921630859,34.113040924072266
9244594,2021,2021-04-19,1951,2021-03-03,2212,749,713,3,5,3,1951,0,0,0,,0,002,"PALOS VERDES DR N","VIA NIVEL",130.00,W,N,A,-,N,,,,,,,,,,Y,3,0,2,2,D,-,00,,,N,C,C,A,A,H,-,D,D,0,,,,,Y,Y,-,"- ",0,1,1,0,0,0,0,0,0,"- ","- ",,,"LOS ANGELES","PALOS VERDES EST",-118.36595153808594,33.799930572509766
9245710,2021,2021-04-08,1942,2021-03-17,2310,43822,1539,3,5,7,1942,0,0,0,O,0,15A39,"VINELAND AV","BURBANK BL",15.00,S,N,A,-,N,,,,,,,,,,Y,4,0,1,2,A,-,01,23152,A,F,C,C,A,A,H,-,C,A,0,,,,,Y,Y,A,01,0,0,1,0,0,0,0,0,0,"- ","- ",,,"LOS ANGELES","LOS ANGELES",-118.37030029296875,34.172119140625
9246440,2021,2021-04-12,1955,2021-02-23,0004,42305,086,2,5,6,1955,0,0,0,,0,004,"SAN ANTONIO AV","TELAMON LN",60.00,N,N,A,-,N,,,,,,,,,,Y,3,0,1,5,A,-,01,23152,A,N,C,E,A,A,H,-,C,A,0,,,,,Y,Y,A,07,0,1,0,0,0,0,0,0,0,"- ","- ",,,"LOS ANGELES",POMONA,-117.73635101318359,34.038692474365234
9248757,2021,2021-04-20,1910,2021-03-15,2353,04924,,1,5,4,1910,0,0,0,,0,004,"N CANON DR","PARK WY",0.00,,Y,A,-,N,,,,,,,,,,N,4,0,1,1,A,-,01,23152,A,N,E,I,A,A,H,-,C,D,0,,,,,Y,Y,A,01,0,0,1,0,0,0,0,0,0,"- ","- ",34.070301055908203,-118.40328979492188,"LOS ANGELES","BEVERLY HILLS",-118.40327453613281,34.073009490966797
9250572,2021,2021-04-29,1941,2021-03-28,1555,BLINCOE,,7,5,7,1941,0,0,0,,0,,"E WILLOW ST",CLARK,0.00,,Y,A,-,N,,,,,,,,,,Y,4,0,1,3,A,-,01,23153,A,F,A,-,A,A,H,-,A,A,0,,,,,Y,Y,D,,0,0,1,0,0,0,0,0,0,"- ","- ",,,"LOS ANGELES","LONG BEACH",-118.13394927978516,33.803207397460938
9250853,2021,2021-05-07,1942,2021-04-15,2045,41844,1218,4,5,7,1942,0,0,0,L,0,12A49,"W SLAUSON AV","S VERMONT AV",490.00,W,N,A,-,N,,,,,,,,,,Y,4,0,3,3,A,-,01,23152,A,F,D,C,A,A,H,-,C,A,0,,,,,Y,Y,A,01,0,0,3,0,0,0,0,0,0,"- ","- ",,,"LOS ANGELES","LOS ANGELES",-118.29308319091797,33.989128112792969
9251435,2021,2021-04-17,1942,2021-03-25,1021,41553,1687,4,5,7,1942,0,0,0,P,0,16A81,"VINELAND AV","STRATHERN ST",0.00,,Y,B,-,N,,,,,,,,,,Y,3,0,4,4,A,-,12,21453,A,N,A,D,A,A,H,-,A,A,0,,,,,Y,Y,A,01,0,1,3,0,0,0,0,0,0,"- ","- ",,,"LOS ANGELES","LOS ANGELES",-118.37034606933594,34.215721130371094
9252739,2021,2021-04-24,1942,2021-03-24,0725,43133,0341,3,5,7,1942,0,0,0,C,0,3A41,"COLISEUM ST","LA BREA AV",164.00,S,N,A,-,N,,,,,,,,,,Y,4,0,1,2,A,-,03,22350,,F,C,C,A,A,H,-,A,A,0,,,,,Y,Y,A,01,0,0,1,0,0,0,0,0,0,"- ","- ",,,"LOS ANGELES","LOS ANGELES",-118.3555908203125,34.018310546875
9253806,2021,2021-04-30,1942,2021-04-07,2000,42579,0929,3,5,7,1942,0,0,0,I,0,9A19,"VICTORY BL","FULTON AV",0.00,,Y,A,-,N,,,,,,,,,,Y,4,0,3,3,A,-,01,23153,A,N,C,C,A,A,H,-,C,A,0,,,,,Y,Y,A,07,0,0,3,0,0,0,0,0,0,"- ","- ",,,"LOS ANGELES","LOS ANGELES",-118.42250061035156,34.186679840087891
9254012,2021,2021-05-07,1942,2021-04-10,1715,40690,0326,6,5,7,1942,0,0,0,C,0,3A15,"S LA SALLE AV","S LA SALLE AV 2727",0.00,,Y,A,-,N,,,,,,,,,,N,3,0,1,3,A,-,01,23152,A,N,C,C,A,A,H,-,A,D,0,,,,,Y,Y,A,01,0,1,0,0,0,0,0,0,0,"- ","- ",,,"LOS ANGELES","LOS ANGELES",-118.30537414550781,34.018306732177734
9254277,2021,2021-05-20,1925,2021-04-11,2230,28380,119,7,5,6,1925,0,0,0,,0,005,"HONOLULU AV","PENNSYLVANIA AV",0.00,,Y,A,-,N,,,,,,,,,,Y,4,0,1,1,A,-,01,23152,A,N,E,I,A,A,H,-,C,A,0,,,,,Y,Y,A,07,0,0,1,0,0,0,0,0,0,"- ","- ",,,"LOS ANGELES",GLENDALE,-118.24875640869141,34.220493316650391
9255059,2020,2021-05-04,1942,2020-08-21,2055,40047,0279,5,5,7,1942,0,0,0,B,0,2A91,"OLYMPIC BL","VALENCIA AV",0.00,,Y,A,-,N,,,,,,,,,,Y,4,0,1,2,A,-,01,23152,A,N,D,C,A,A,H,-,C,A,0,,,,,Y,Y,A,01,0,0,1,0,0,0,0,0,0,"- ","- ",,,"LOS ANGELES","LOS ANGELES",-118.27242279052734,34.048408508300781
9255120,2020,2021-05-10,1942,2020-07-27,1845,44102,1142,1,5,7,1942,0,0,0,K,0,11X26,"LOS FELIZ BL","HILLHURST AV",0.00,,Y,A,-,N,,,,,,,,,,Y,3,0,2,3,A,-,01,23152,A,N,D,C,A,A,H,-,A,A,0,,,,,Y,Y,D,22,0,2,0,0,0,0,0,0,0,"- ","- ",,,"LOS ANGELES","LOS ANGELES",-118.28743743896484,34.111888885498047
9256049,2021,2021-07-16,1942,2021-06-06,1415,38687,1643,7,5,7,1942,0,0,0,P,0,16A23,"SAN FERNANDO RD","GLAMIS ST",100.00,S,N,A,-,N,,,,,,,,,,N,3,0,1,3,A,-,01,23152,A,N,C,E,A,A,H,-,A,D,0,,,,,Y,Y,D,22,0,1,0,0,0,0,0,0,0,"- ","- ",,,"LOS ANGELES","LOS ANGELES",-118.41397094726562,34.258434295654297
9256139,2021,2021-06-03,1901,2021-03-24,2143,287,16,3,5,5,1901,0,0,0,,0,004,"W VALLEY BL","CABRILLO AV",187.00,W,N,A,-,N,,,,,,,,,,Y,1,1,1,2,A,-,01,23153,A,N,E,I,A,A,H,-,C,A,0,,,,,Y,Y,A,01,0,0,1,0,0,0,0,0,0,"- ","- ",34.076400756835938,-118.15831756591797,"LOS ANGELES",ALHAMBRA,-118.15884399414062,34.076080322265625
9256277,2021,2021-06-29,1942,2021-05-13,0820,35393,1218,4,5,7,1942,0,0,0,L,0,25TL11,"S VERMONT AV","W 54TH ST",38.00,N,N,B,-,N,,,,,,,,,,Y,1,1,4,6,A,-,01,23152,A,F,B,C,F,A,H,-,A,A,0,Y,,,,Y,Y,A,01,1,0,3,1,1,0,0,0,0,"- ","- ",,,"LOS ANGELES","LOS ANGELES",-118.29150390625,33.993312835693359
9256382,2020,2022-06-11,1928,2020-10-08,2256,50416,520,4,5,5,1928,0,0,0,,0,503,"ROSECRANS AV","CHADRON AV",65.00,W,N,A,-,N,,,,,,,,,,Y,1,1,1,4,A,-,11,21954,A,N,H,G,A,A,H,-,C,D,0,,Y,,,Y,Y,L,04,0,0,1,0,0,1,0,0,0,"- ","- ",33.901889801025391,-118.32859802246094,"LOS ANGELES",HAWTHORNE,-118.32891082763672,33.901931762695312
9256499,2021,2021-08-19,1941,2021-07-07,0341,7580,,3,5,7,1941,0,0,0,,0,,"ARTESIA BL","BUTLER AV",940.00,E,N,A,-,N,,,,,,,,,,Y,1,1,1,3,A,-,03,22350,,F,C,B,E,A,H,-,C,D,0,Y,,,,Y,Y,-,,0,0,1,1,0,0,0,0,0,"- ","- ",,,"LOS ANGELES","LONG BEACH",-118.19389343261719,33.874355316162109
9257636,2021,2021-05-07,1942,2021-04-24,1915,42768,1966,6,5,7,1942,0,0,0,,0,19A85,"NORDHOFF ST","TERRA BELLA ST",30.00,W,N,A,-,N,,,,,,,,,,Y,4,0,4,3,A,-,01,23152,A,F,B,C,A,A,H,-,C,D,0,,,,,Y,Y,A,01,0,0,4,0,0,0,0,0,0,"- ","- ",,,"LOS ANGELES","LOS ANGELES",-118.44957733154297,34.235408782958984
9259018,2021,2021-05-13,1900,2021-04-02,1357,649535,0628,5,5,6,1985,0,0,0,,0,61T1,"RAILROAD AV","NEWHALL AV",0.00,,Y,A,-,N,,,,,,,,,,Y,4,0,1,3,A,-,01,23152,A,N,B,C,A,A,H,-,A,A,0,,,,,Y,Y,A,01,0,0,1,0,0,0,0,0,0,"- ","- ",34.375808715820312,-118.52445220947266,"LOS ANGELES","SANTA CLARITA",-118.52418518066406,34.375564575195312
9259365,2021,2021-05-13,1909,2021-05-01,2211,479,,6,5,4,1909,0,0,0,,0,,"LUDELL ST","AJAX AV",245.00,E,N,A,-,N,,,,,,,,,,Y,3,0,1,3,A,-,01,23152,A,N,A,E,A,A,H,-,C,D,0,,,,,Y,Y,A,01,0,1,0,0,0,0,0,0,0,"- ","- ",33.968978881835938,-118.16307830810547,"LOS ANGELES","BELL GARDENS",-118.162353515625,33.968898773193359
9259564,2021,2021-05-26,1942,2021-04-29,1930,40388,1672,4,5,7,1942,0,0,0,P,0,16A77,"LANDERSHIM BL","NEENACH ST",255.00,S,N,A,-,N,,,,,,,,,,Y,3,0,1,2,A,-,07,21658,A,N,C,E,A,A,H,-,B,A,0,,,,,Y,Y,A,01,0,1,0,0,0,0,0,0,0,"- ","- ",,,"LOS ANGELES","LOS ANGELES",-118.38777160644531,34.230171203613281
9259995,2021,2021-06-09,1942,2021-05-07,1920,40690,0565,5,5,7,1942,0,0,0,E,0,5A55,"S PACIFIC AV","W 9TH ST",30.00,S,N,A,-,N,,,,,,,,,,Y,4,0,4,3,A,-,01,23152,A,F,C,C,A,A,H,-,C,A,0,,,,,Y,Y,A,07,0,0,4,0,0,0,0,0,0,"- ","- ",,,"LOS ANGELES","LOS ANGELES",-118.28793334960938,33.735958099365234
9260894,2021,2021-06-24,1942,2021-05-29,0300,43233,0941,6,5,7,1942,0,0,0,I,0,9A63W3,"VAN NUYS BL","BURBANK BL",0.00,,Y,A,-,N,,,,,,,,,,N,4,0,2,2,A,-,01,23152,A,N,C,C,A,A,H,-,C,A,0,,,,,Y,Y,A,01,0,0,2,0,0,0,0,0,0,"- ","- ",,,"LOS ANGELES","LOS ANGELES",-118.44873809814453,34.172107696533203
9260994,2021,2021-06-30,1955,2021-05-22,0122,42254,60,6,5,6,1955,0,0,0,,0,001,"VALLEY BL","POMONA BL",700.00,W,N,A,-,N,,,,,,,,,,N,3,0,1,2,A,-,11,21954,A,N,G,B,E,A,H,-,C,D,0,Y,,,,Y,Y,N,60,0,1,0,0,1,0,0,0,0,"- ","- ",34.043449401855469,-117.81635284423828,"LOS ANGELES",POMONA,-117.81798553466797,34.042125701904297
9264717,2021,2021-06-07,1942,2021-03-06,2020,44452,1117,6,5,7,1942,0,0,0,K,0,11X58,"YOSEMITE DR","DELROSA WALK",50.00,E,N,A,-,N,,,,,,,,,,Y,4,0,1,2,C,-,18,,,N,H,E,A,A,H,-,C,D,0,,,,,Y,Y,-,"- ",0,0,1,0,0,0,0,0,0,"- ","- ",,,"LOS ANGELES","LOS ANGELES",-118.21244812011719,34.134567260742188
9265380,2021,2021-05-25,1942,2021-05-05,1725,42539,1862,3,5,7,1942,0,0,0,R,0,25TL52,"W 120TH ST","S BROADWAY",115.00,E,N,A,-,N,,,,,,,,,,Y,4,0,1,2,A,-,01,23152,A,F,C,C,A,A,H,-,A,D,0,,,,,Y,Y,-,99,0,0,1,0,0,0,0,0,0,"- ","- ",,,"LOS ANGELES","LOS ANGELES",-118.27787017822266,33.923740386962891
9266802,2021,2021-06-16,1900,2021-05-05,1152,623588,0641,3,5,6,1985,0,0,0,,0,62T1,"SECO CANYON RD","PAMPLICO DR",0.00,,Y,A,-,N,,,,,,,,,,Y,4,0,1,2,A,-,01,23152,A,N,D,C,A,A,H,-,A,A,0,,,,,Y,Y,A,01,0,0,1,0,0,0,0,0,0,"- ","- ",34.450901031494141,-118.53502655029297,"LOS ANGELES","SANTA CLARITA",-118.53518676757812,34.450839996337891
9266823,2021,2021-06-03,1900,2021-03-28,1501,603000,1135,7,5,6,1992,0,0,0,,0,112T2,"20TH ST E","LANCASTER BL",59.00,S,N,A,-,N,,,,,,,,,,Y,4,0,1,2,A,-,01,23152,A,N,C,C,A,A,H,-,A,A,0,,,,,Y,Y,A,01,0,0,1,0,0,0,0,0,0,"- ","- ",,,"LOS ANGELES",LANCASTER,-118.09481811523438,34.696739196777344
9269777,2021,2021-06-01,1900,2021-03-10,2045,616635,1626,3,5,5,1977,0,0,0,,0,160T1,"SEPULVEDA BL","H AV",258.00,E,N,C,-,N,,,,,,,,,,Y,3,0,1,1,A,-,01,23152,A,N,E,I,A,B,H,-,C,D,0,,,,,Y,Y,A,01,0,1,0,0,0,0,0,0,0,"- ","- ",33.808269500732422,-118.24461364746094,"LOS ANGELES",CARSON,-118.37229156494141,33.827033996582031
9269906,2021,2021-06-07,1961,2021-04-27,2005,10465,1961,2,5,3,1961,0,0,0,,0,001,"EIGHTH ST","LEACH ST",150.00,W,N,A,-,N,,,,,,,,,,N,3,0,1,2,A,-,01,23152,A,M,C,E,A,A,H,-,D,D,0,,,,,Y,Y,D,22,0,1,0,0,0,0,0,0,0,"- ","- ",,,"LOS ANGELES","SAN FERNANDO",-118.43208312988281,34.303730010986328
9270360,2021,2021-06-08,1926,2021-05-17,0347,0142,,1,5,5,1926,0,0,0,,0,001,"CITRUS AV","FOOTHILL RD",0.00,,Y,A,-,N,,,,,,,,,,Y,4,0,1,1,A,-,01,23152,A,N,A,I,A,A,H,-,C,A,0,,,,,Y,Y,A,07,0,0,1,0,0,0,0,0,0,"- ","- ",,,"LOS ANGELES",GLENDORA,-117.88973999023438,34.135974884033203
9270737,2021,2021-06-04,1961,2021-04-18,1745,10465,1961,7,5,3,1961,0,0,0,,0,002,"FIFTH ST","ORANGE GROVE AV",0.00,,Y,A,-,N,,,,,,,,,,Y,4,0,2,2,A,-,12,22450,A,N,D,C,A,A,H,-,A,A,0,,,,,Y,Y,A,07,0,0,2,0,0,0,0,0,0,"- ","- ",,,"LOS ANGELES","SAN FERNANDO",-118.43942260742188,34.294330596923828
9270886,2021,2021-06-03,1900,2021-04-10,2306,631573,1614,6,5,5,1977,0,0,0,,0,160T,"VICTORIA ST","WALL ST",177.00,W,N,A,-,N,,,,,,,,,,Y,3,0,1,1,A,-,01,23152,A,N,E,I,A,A,H,-,C,D,0,,,,,Y,Y,A,01,0,1,0,0,0,0,0,0,0,"- ","- ",33.866630554199219,-118.27201080322266,"LOS ANGELES",CARSON,-118.27201843261719,33.866615295410156
9271239,2021,2021-06-08,1955,2021-04-29,2117,42270,2,4,5,6,1955,0,0,0,,0,002,"FOOTHILL BL","LYNOAK DR",255.00,W,N,A,-,N,,,,,,,,,,,3,0,1,2,A,-,10,21950,A,F,G,B,D,A,H,-,C,A,0,Y,,,,Y,Y,-,,0,1,0,0,1,0,0,0,0,"- ","- ",34.107261657714844,-117.73988342285156,"LOS ANGELES",POMONA,-117.74064636230469,34.107093811035156
9271327,2021,2021-06-16,1942,2021-05-21,1830,32263,1979,5,5,7,1942,0,0,0,,0,19A79,"BRANFORD ST","RT 10",10.00,W,N,A,-,N,,,,,,,,,,Y,3,0,2,2,A,-,01,23152,A,F,C,C,A,A,H,-,A,D,0,,,,,Y,Y,D,22,0,2,0,0,0,0,0,0,0,"- ",SF,,,"LOS ANGELES","LOS ANGELES",,
9271676,2021,2021-06-17,1942,2021-05-10,0030,40656,1239,1,5,7,1942,0,0,0,L,0,12A39,"FIGUEROA ST","62ND ST",0.00,,Y,A,-,N,,,,,,,,,,Y,3,0,3,2,A,-,03,22350,,N,B,C,A,A,H,-,C,D,0,,,,,Y,Y,A,07,0,1,2,0,0,0,0,0,0,"- ","- ",,,"LOS ANGELES","LOS ANGELES",-118.28266906738281,33.983253479003906
9272038,2021,2021-06-07,1956,2021-05-19,2232,1372,,3,5,5,1956,0,0,0,,0,002,"EMERALD ST","HELBERTA AV",0.00,,Y,A,-,N,,,,,,,,,,Y,4,0,1,4,A,-,01,23152,A,N,B,E,A,A,H,-,C,D,0,,,,,Y,Y,A,07,0,0,1,0,0,0,0,0,0,"- ","- ",33.842281341552734,-118.38182067871094,"LOS ANGELES","REDONDO BEACH",-118.38178253173828,33.84228515625
9272250,2021,2021-06-10,1976,2021-05-09,0217,501,,7,5,3,1964,0,0,0,,0,,"FLORENCE AV","CARMENITA RD",480.00,W,N,A,-,N,,,,,,,,,,Y,3,0,1,1,A,-,01,23152,A,N,E,I,A,A,H,-,C,D,0,,,,,Y,Y,A,01,0,1,0,0,0,0,0,0,0,"- ","- ",,,"LOS ANGELES","SANTA FE SPRINGS",-118.048095703125,33.935958862304688
9272649,2021,2021-06-11,1900,2021-05-15,2205,639633,2611,6,5,6,1950,0,0,0,,0,263T1,"PALMDALE BL","2ND ST E",0.00,,Y,A,-,N,,,138,,,,,,,Y,4,0,2,2,A,-,01,23152,A,N,D,C,A,A,H,-,C,A,0,,,,,Y,Y,A,01,0,0,2,0,0,0,0,0,0,"- ","- ",34.579799652099609,-118.12734985351562,"LOS ANGELES",PALMDALE,-118.12734985351562,34.579841613769531
9273715,2021,2021-06-24,1942,2021-05-31,0320,43319,RAMPA,1,5,7,1942,0,0,0,,0,2XL11,"RAMPART BL","3RD ST",2.00,S,N,A,-,N,,,,,,,,,,Y,4,0,1,2,A,-,01,23152,A,N,C,C,A,A,H,-,C,A,0,,,,,Y,Y,A,01,0,0,1,0,0,0,0,0,0,"- ","- ",,,"LOS ANGELES","LOS ANGELES",-118.27888488769531,34.066246032714844
9274455,2021,2021-08-09,1942,2021-06-10,1520,38687,1523,4,5,7,1942,0,0,0,O,0,15A43,"OXNARD ST","GOODLAND AV",250.00,E,N,A,-,N,,,,,,,,,,N,3,0,1,3,A,-,01,23152,A,N,C,E,A,A,H,-,A,D,0,,,,,Y,Y,A,01,0,1,0,0,0,0,0,0,0,"- ","- ",,,"LOS ANGELES","LOS ANGELES",-118.41077423095703,34.179409027099609
9276195,2021,2021-09-01,1942,2021-07-18,2235,37618,0532,7,5,7,1942,0,0,0,E,0,25T33,"W PACIFIC COAST HWY","NEPTUNE AV",123.00,W,N,A,-,Y,LA,7,1,-,-,10.920,H,-,S,Y,2,0,1,3,A,-,03,22350,,N,G,B,E,A,H,-,C,D,0,Y,,,,Y,Y,A,01,1,0,0,0,1,0,0,0,0,"- ","- ",,,"LOS ANGELES","LOS ANGELES",-118.27005004882812,33.790752410888672
9277098,2021,2021-06-18,1942,2021-05-12,2205,41198,2158,3,5,7,1942,0,0,0,,0,21A97,"VICTORY BL","WINNETKA AV",0.00,,Y,A,-,N,,,,,,,,,,Y,4,0,1,1,A,-,01,23152,A,N,E,I,A,A,H,-,C,A,0,,,,,Y,Y,A,01,0,0,1,0,0,0,0,0,0,"- ","- ",,,"LOS ANGELES","LOS ANGELES",-118.57096862792969,34.185726165771484
9277759,2021,2021-06-15,1900,2021-05-19,2028,550672,1337,3,5,5,1908,0,0,0,,0,133T1,"SOMERSET BL","WOODRUFF AV",0.00,,Y,A,-,N,,,,,,,,,,N,3,0,1,2,A,-,10,21950,A,N,G,B,B,A,H,-,C,A,0,Y,,,,Y,Y,A,01,0,1,0,0,1,0,0,0,0,"- ","- ",33.889999389648438,-118.11000061035156,"LOS ANGELES",BELLFLOWER,-118.11660003662109,33.896636962890625
9277792,2021,2021-06-10,1942,2021-05-22,1040,39397,1243,6,5,7,1942,0,0,0,L,0,12A45,"W 65TH PL","S WESTERN AV",0.00,,Y,A,-,N,,,,,,,,,,Y,4,0,2,2,A,-,01,23152,A,N,D,C,A,A,H,-,A,A,0,,,,,Y,Y,A,07,0,0,2,0,0,0,0,0,0,"- ","- ",,,"LOS ANGELES","LOS ANGELES",-118.30896759033203,33.97979736328125
9277993,2021,2021-07-19,1942,2021-06-01,1850,41844,0567,2,5,7,1942,0,0,0,E,0,5A59,"W 17TH ST","MESA ST",185.00,W,N,A,-,N,,,,,,,,,,Y,2,0,1,3,A,-,01,23152,A,N,D,E,A,A,H,-,A,D,0,,,,,Y,Y,A,01,1,0,0,0,0,0,0,0,0,"- ","- ",,,"LOS ANGELES","LOS ANGELES",-118.28641510009766,33.728763580322266
9278135,2021,2021-06-23,1942,2021-05-30,1050,42282,0395,7,5,7,1942,0,0,0,C,0,25TL27,"W VERNON AV","S GRAMERCY PL",0.00,,Y,A,-,N,,,,,,,,,,Y,2,0,3,2,A,-,09,21801,A,N,D,C,A,A,H,-,A,A,0,,,,,Y,Y,A,01,1,2,0,0,0,0,0,0,0,"- ","- ",,,"LOS ANGELES","LOS ANGELES",-118.31383514404297,34.003711700439453
9278180,2021,2021-06-24,1942,2021-05-30,0130,43582,1267,7,5,7,1942,0,0,0,L,0,12A67W,"FIGUEROA ST",MANCHESTER,6.00,N,N,A,-,N,,,,,,,,,,,4,0,1,3,A,-,01,23152,A,N,A,C,A,A,H,-,C,A,0,,,,,Y,Y,A,07,0,0,1,0,0,0,0,0,0,"- ","- ",,,"LOS ANGELES","LOS ANGELES",-118.28273010253906,33.960075378417969
9278712,2021,2021-07-15,1941,2021-06-03,1549,10652,,4,5,7,1941,0,0,0,,0,901T,SPRING,STUDEBAKER,0.00,,Y,A,-,N,,,,,,,,,,Y,4,0,2,4,A,-,12,21453,A,N,A,C,A,A,H,-,A,A,0,,,,,Y,Y,A,,0,0,2,0,0,0,0,0,0,"- ","- ",,,"LOS ANGELES","LONG BEACH",-118.09943389892578,33.810245513916016
9279254,2021,2021-06-22,1925,2021-05-19,2208,27629,1,3,5,6,1925,0,0,0,,0,192,"WINCHESTER AV","WESTERN AV",150.00,N,N,A,-,N,,,,,,,,,,N,4,0,1,2,A,-,09,21804,A,N,D,C,A,A,H,-,C,D,0,,,,,Y,Y,A,07,0,0,1,0,0,0,0,0,0,"- ","- ",,,"LOS ANGELES",GLENDALE,-118.30841827392578,33.809234619140625
9279798,2021,2021-07-06,1942,2021-06-04,2110,44373,1134,5,5,7,1942,0,0,0,K,0,11A89,"CYPRESS AV","CAZADOR ST",0.00,,Y,A,-,N,,,,,,,,,,Y,4,0,2,2,A,-,01,23153,A,F,D,C,A,A,H,-,C,A,0,,,,,Y,Y,D,22,0,0,2,0,0,0,0,0,0,"- ","- ",,,"LOS ANGELES","LOS ANGELES",-118.23706817626953,34.103591918945312
9280048,2021,2021-07-01,1941,2021-06-13,1921,11560,,7,5,7,1941,0,0,0,,0,,"WILLOW ST","GRAND AV",0.00,,Y,A,-,N,,,,,,,,,,Y,4,0,1,2,A,-,01,23153,B,N,C,C,A,A,H,-,A,A,0,,,,,Y,Y,E,,0,0,1,0,0,0,0,0,0,"- ","- ",,,"LOS ANGELES","LONG BEACH",-118.14794158935547,33.804008483886719