CASE_ID,ACCIDENT_YEAR,PROC_DATE,JURIS,COLLISION_DATE,COLLISION_TIME,OFFICER_ID,REPORTING_DISTRICT,DAY_OF_WEEK,CHP_SHIFT,POPULATION,CNTY_CITY_LOC,SPECIAL_COND,BEAT_TYPE,CHP_BEAT_TYPE,CITY_DIVISION_LAPD,CHP_BEAT_CLASS,BEAT_NUMBER,PRIMARY_RD,SECONDARY_RD,DISTANCE,DIRECTION,INTERSECTION,WEATHER_1,WEATHER_2,STATE_HWY_IND,CALTRANS_COUNTY,CALTRANS_DISTRICT,STATE_ROUTE,ROUTE_SUFFIX,POSTMILE_PREFIX,POSTMILE,LOCATION_TYPE,RAMP_INTERSECTION,SIDE_OF_HWY,TOW_AWAY,COLLISION_SEVERITY,NUMBER_KILLED,NUMBER_INJURED,PARTY_COUNT,PRIMARY_COLL_FACTOR,PCF_CODE_OF_VIOL,PCF_VIOL_CATEGORY,PCF_VIOLATION,PCF_VIOL_SUBSECTION,HIT_AND_RUN,TYPE_OF_COLLISION,MVIW,PED_ACTION,ROAD_SURFACE,ROAD_COND_1,ROAD_COND_2,LIGHTING,CONTROL_DEVICE,CHP_ROAD_TYPE,PEDESTRIAN_ACCIDENT,BICYCLE_ACCIDENT,MOTORCYCLE_ACCIDENT,TRUCK_ACCIDENT,NOT_PRIVATE_PROPERTY,ALCOHOL_INVOLVED,STWD_VEHTYPE_AT_FAULT,CHP_VEHTYPE_AT_FAULT,COUNT_SEVERE_INJ,COUNT_VISIBLE_INJ,COUNT_COMPLAINT_PAIN,COUNT_PED_KILLED,COUNT_PED_INJURED,COUNT_BICYCLIST_KILLED,COUNT_BICYCLIST_INJURED,COUNT_MC_KILLED,COUNT_MC_INJURED,PRIMARY_RAMP,SECONDARY_RAMP,LATITUDE,LONGITUDE,COUNTY,CITY,POINT_X,POINT_Y
9348243,2021,2021-11-01,1900,2021-09-16,2255,652853,0647,4,5,6,1985,0,0,0,,0,61T1,"SOLEDAD CANYON RD","VALEO WY",425.00,W,N,A,-,N,,,,,,,,,,Y,2,0,2,1,A,-,01,23152,A,N,E,I,A,A,H,-,C,D,0,,,,,Y,Y,D,22,1,0,1,0,0,0,0,0,0,"- ","- ",34.414531707763672,-118.52216339111328,"LOS ANGELES","SANTA CLARITA",,
9348360,2021,2021-11-02,1942,2021-10-17,2335,39217,1035,7,5,7,1942,0,0,0,J,0,26T32,"LINDLEY AV","VICTORY BL",250.00,N,N,A,-,N,,,,,,,,,,Y,4,0,1,3,A,-,01,23152,A,N,C,E,A,A,H,-,C,D,0,,,,,Y,Y,A,01,0,0,1,0,0,0,0,0,0,"- ","- ",,,"LOS ANGELES","LOS ANGELES",-118.52728271484375,34.187294006347656
9349600,2021,2021-10-26,1942,2021-09-23,1845,35273,1342,4,5,7,1942,0,0,0,M,0,24M052,"TRINITY ST","36TH ST",0.00,N,N,A,-,N,,,,,,,,,,Y,3,0,1,3,A,-,01,23152,A,N,C,E,A,A,H,-,A,D,0,,,,,Y,Y,A,01,0,1,0,0,0,0,0,0,0,"- ","- ",,,"LOS ANGELES","LOS ANGELES",-118.26826477050781,34.014636993408203
9349717,2021,2021-11-23,1942,2021-10-04,0210,38357,1352,1,5,7,1942,0,0,0,M,0,24T32,"VERNON AV","SAN PEDRO ST",0.00,,Y,A,-,N,,,,,,,,,,Y,2,0,3,2,A,-,09,21801,A,N,A,C,A,A,H,-,C,D,0,,,,,Y,Y,A,01,1,2,0,0,0,0,0,0,0,"- ","- ",,,"LOS ANGELES","LOS ANGELES",-118.26963806152344,34.003852844238281
9350001,2021,2021-11-05,1922,2021-09-02,0345,635,,4,5,6,1922,0,0,0,,0,,"MCGIRK AV","COGSWELL RD",200.00,W,N,A,-,N,,,,,,,,,,Y,3,0,1,2,A,-,01,23152,A,N,C,E,A,A,H,-,C,D,0,,,,,Y,Y,A,01,0,1,0,0,0,0,0,0,0,"- ","- ",,,"LOS ANGELES","EL MONTE",-118.01045227050781,34.081363677978516
9350100,2021,2021-11-08,1942,2021-10-03,0430,34959,0723,7,5,7,1942,0,0,0,G,0,27TL29,"3RD ST","EDINBURGH AV",0.00,,Y,A,-,N,,,,,,,,,,Y,2,0,2,2,A,-,01,23152,A,N,D,C,A,A,H,-,C,A,0,,,,,Y,Y,A,01,1,0,1,0,0,0,0,0,0,"- ","- ",,,"LOS ANGELES","LOS ANGELES",-118.36373138427734,34.07183837890625
9351210,2021,2021-11-17,1900,2021-10-13,2220,527381,2608,3,5,6,1950,0,0,0,,0,263T1,"AVENUE Q","32ND ST E",77.00,W,N,A,-,N,,,,,,,,,,Y,4,0,1,2,A,-,03,22350,,N,C,C,A,A,H,-,D,D,0,,,,,Y,Y,A,07,0,0,1,0,0,0,0,0,0,"- ","- ",34.587490081787109,-118.07167816162109,"LOS ANGELES",PALMDALE,-118.07163238525391,34.587299346923828
9351389,2021,2021-11-17,1942,2021-10-25,2200,41239,1676,1,5,7,1942,0,0,0,P,0,26Q45,"PENROSE ST","HELEN AV",0.00,,Y,A,-,N,,,,,,,,,,Y,3,0,3,2,A,-,12,22450,,F,D,C,A,B,H,-,C,A,0,,,,,Y,Y,A,07,0,1,2,0,0,0,0,0,0,"- ","- ",,,"LOS ANGELES","LOS ANGELES",-118.36513519287109,34.232318878173828
9352479,2021,2021-11-23,1975,2021-10-27,0734,353,,3,5,6,1975,0,0,0,,0,001,"FOXDALE AV","PUENTE AV",25.00,N,N,A,-,N,,,,,,,,,,,4,0,1,2,A,-,21,22106,,M,G,B,D,A,H,-,A,A,0,Y,,,,Y,Y,A,01,0,0,1,0,1,0,0,0,0,"- ","- ",34.079170227050781,-117.90299224853516,"LOS ANGELES","WEST COVINA",-117.93746185302734,34.082988739013672
9353009,2021,2021-11-16,1942,2021-10-17,1810,41125,1513,7,5,7,1942,0,0,0,O,0,26M68,"SHERMAN WAY","WHITSETT AV",50.00,E,N,-,-,N,,,,,,,,,,N,4,0,3,2,A,-,03,22350,,F,C,C,A,A,H,-,A,D,0,,,,,Y,Y,-,99,0,0,3,0,0,0,0,0,0,"- ","- ",,,"LOS ANGELES","LOS ANGELES",-118.405029296875,34.201248168945312
9353345,2021,2021-12-14,1931,2021-10-22,0152,5326,1931,5,5,5,1931,0,0,0,,0,001,"ALAMEDA ST","RANDOLPH ST",40.00,S,N,A,-,N,,,,,,,,,,Y,4,0,1,2,A,-,01,23152,A,N,C,C,A,A,H,-,C,A,0,,,,,Y,Y,A,01,0,0,1,0,0,0,0,0,0,"- ","- ",,,"LOS ANGELES","HUNTINGTON PARK",-118.23698425292969,33.98663330078125
9353475,2021,2021-11-12,1928,2021-10-16,0215,50416,502,6,5,5,1928,0,0,0,,0,501,"TRURO AV","120TH ST",610.00,N,N,A,-,N,,,,,,,,,,Y,4,0,1,3,A,-,01,23152,A,N,C,E,A,A,H,-,C,D,0,,,,,Y,Y,A,01,0,0,1,0,0,0,0,0,0,"- ","- ",33.923629760742188,-118.35820770263672,"LOS ANGELES",HAWTHORNE,-118.35810852050781,33.925323486328125
9353786,2021,2021-11-16,1942,2021-10-21,1900,44046,4218,4,5,7,1942,0,0,0,,0,1844,"IMPERIAL HWY","SAN PEDRO",25.00,E,N,A,-,N,,,,,,,,,,Y,4,0,1,2,A,-,01,23152,A,N,C,C,A,A,H,-,C,A,0,,,,,Y,Y,-,"- ",0,0,1,0,0,0,0,0,0,"- ","- ",,,"LOS ANGELES","LOS ANGELES",-118.26947021484375,33.931198120117188
9353925,2021,2021-11-13,1910,2021-09-03,0816,05309,,5,5,4,1910,0,0,0,,0,009,"N LE DOUX DR","CLIFTON WY",0.00,,N,A,-,N,,,,,,,,,,N,4,0,1,2,A,-,11,21956,,F,G,B,E,A,H,-,A,-,0,Y,,,,Y,Y,N,60,0,0,1,0,1,0,0,0,0,"- ","- ",34.068401336669922,-118.37740325927734,"LOS ANGELES","BEVERLY HILLS",-118.37741088867188,34.069309234619141
9354590,2021,2021-10-26,1922,2021-04-12,2338,677,1,1,5,6,1922,0,0,0,,0,,"BALDWIN AV","VALLEY BL",300.00,S,N,A,-,N,,,,,,,,,,N,3,0,1,2,A,-,11,21956,A,F,G,B,D,A,H,-,C,D,0,Y,,,,Y,Y,N,60,0,1,0,0,1,0,0,0,0,"- ","- ",37.078361511230469,-118.05422973632812,"LOS ANGELES","EL MONTE",-118.05312347412109,34.078235626220703
9355044,2021,2021-11-22,1941,2021-10-21,0156,10537,,4,5,7,1941,0,0,0,,0,,"EAST OCEAN BL","S 19TH PL",50.00,W,N,A,-,N,,,,,,,,,,N,4,0,2,4,-,-,"- ",,,F,C,C,A,A,H,-,C,D,0,,,,,Y,Y,-,"- ",0,0,2,0,0,0,0,0,0,"- ","- ",,,"LOS ANGELES","LONG BEACH",-118.16549682617188,33.763954162597656
9356510,2021,2021-10-28,1906,2021-07-12,2143,2878,,1,5,5,1906,0,0,0,,0,001,"ATHOL ST","EARL AV",150.00,N,N,A,-,N,,,,,,,,,,Y,4,0,1,3,A,-,05,21651,B,N,A,C,A,A,H,-,C,D,0,,,,,Y,Y,A,01,0,0,1,0,0,0,0,0,0,"- ","- ",,,"LOS ANGELES","BALDWIN PARK",-117.98265075683594,34.078742980957031
9357051,2021,2021-11-23,1942,2021-10-13,1055,42926,0237,3,5,7,1942,0,0,0,B,0,24T31,"2ND ST","EDGEWARE RD",136.00,E,N,A,-,N,,,,,,,,,,Y,2,0,1,1,A,-,01,23152,A,N,E,I,A,A,H,-,C,D,0,,,,,Y,Y,A,07,1,0,0,0,0,0,0,0,0,"- ","- ",,,"LOS ANGELES","LOS ANGELES",-118.25791168212891,34.060146331787109
9359087,2021,2021-12-13,1900,2021-10-09,2205,628829,1015,6,5,3,1995,0,0,0,,0,101,"MALIBU CANYON RD","MALIBU CANYON RD 3224",0.00,N,N,A,-,N,,,,,,,,,,Y,4,0,1,1,A,-,03,22350,,N,E,I,A,A,H,-,C,D,0,,,,,Y,Y,-,"- ",0,0,1,0,0,0,0,0,0,"- ","- ",34.022998809814453,-118.4136962890625,"LOS ANGELES",MALIBU,-118.69353485107422,34.041751861572266
9359713,2021,2021-11-16,1942,2021-10-28,2345,30083,0269,4,5,7,1942,0,0,0,B,0,24TL32,"8TH ST","GARLAND AV",60.00,W,N,A,-,Y,LA,7,110,-,-,22.344,R,4,S,Y,3,0,1,4,A,-,01,23152,A,N,A,I,A,A,H,-,C,D,0,,,,,Y,Y,A,01,0,1,0,0,0,0,0,0,0,"- ","- ",,,"LOS ANGELES","LOS ANGELES",-118.26568603515625,34.048572540283203
9361112,2021,2021-12-06,1900,2021-10-23,0012,538684,2607,6,5,6,1950,0,0,0,,0,264T1,"110TH ST EAST","AVE O",578.00,S,N,A,-,N,,,,,,,,,,Y,3,0,1,1,A,-,01,23152,A,N,F,I,A,A,H,-,C,A,0,,,,,Y,Y,-,,0,1,0,0,0,0,0,0,0,"- ","- ",34.615840911865234,-117.93396759033203,"LOS ANGELES",PALMDALE,-117.93405151367188,34.615104675292969
9361254,2021,2021-12-21,1900,2021-11-07,2135,622429,26008,7,5,6,1950,0,0,0,,0,263T1,"AVENUE R-12","25TH ST E",80.00,W,N,A,-,N,,,,,,,,,,Y,4,0,1,1,A,-,01,23152,A,N,E,I,A,A,H,-,C,D,0,,,,,Y,Y,A,01,0,0,1,0,0,0,0,0,0,"- ","- ",34.561859130859375,-118.08522796630859,"LOS ANGELES",PALMDALE,-118.08489227294922,34.561851501464844
9361811,2021,2021-11-29,1942,2021-10-09,1815,75567,1654,6,5,7,1942,0,0,0,P,0,16X12,MONTAGUE,"GLENOAKS BL",1000.00,E,N,A,-,N,,,,,,,,,,Y,4,0,1,1,A,-,01,23152,A,N,E,I,A,A,H,-,B,D,0,,,,,Y,Y,A,01,0,0,1,0,0,0,0,0,0,"- ","- ",,,"LOS ANGELES","LOS ANGELES",-118.39290618896484,34.258003234863281
9361911,2020,2021-11-30,1972,2020-07-25,2134,20987,,6,5,6,1972,0,0,0,,0,,"DEL AMO BL","PERKINS AV",0.00,,Y,A,-,N,,,,,,,,,,Y,2,0,1,2,A,-,01,23153,B,N,D,C,A,A,H,-,C,A,0,,,Y,,Y,Y,-,,1,0,0,0,0,0,0,0,1,"- ","- ",,,"LOS ANGELES",TORRANCE,-118.35214996337891,33.848590850830078
9362649,2021,2021-12-14,1900,2021-10-17,2117,652853,0628,7,5,6,1985,0,0,0,,0,62T1,"WILEY CANYON RD","FOURL RD",100.00,N,N,A,-,N,,,,,,,,,,Y,2,0,1,1,A,-,01,23152,A,N,E,I,A,A,H,-,C,D,0,,,,,Y,Y,A,01,1,0,0,0,0,0,0,0,0,"- ","- ",34.369209289550781,-118.55590057373047,"LOS ANGELES","SANTA CLARITA",-118.55680084228516,34.372718811035156
9362715,2021,2021-12-15,1900,2021-11-04,1642,647475,1137,4,5,6,1992,0,0,0,,0,111T2,"20TH ST EAST","AVENUE J-8",310.00,S,N,A,G,N,,,,,,,,,,Y,4,0,3,3,A,-,01,23152,A,M,C,C,A,A,H,-,A,D,0,,,,,Y,Y,D,22,0,0,3,0,0,0,0,0,0,"- ","- ",,,"LOS ANGELES",LANCASTER,-118.09470367431641,34.681480407714844
9362757,2020,2021-11-23,1972,2020-08-22,1855,21877,,6,5,6,1972,0,0,0,,0,,ARTESIA,"CRENSHAW BL",10.00,E,N,A,-,N,,,,,,,,,,Y,3,0,1,3,A,-,01,23152,A,N,B,C,A,A,H,-,B,A,0,,,Y,,Y,Y,C,,0,1,0,0,0,0,0,0,1,"- ","- ",,,"LOS ANGELES",TORRANCE,-118.32645416259766,33.872920989990234
9363049,2021,2021-12-22,1925,2021-11-05,2042,29120,261,5,5,6,1925,0,0,0,,0,002,"BRAND BL","BROADWAY ST",0.00,,Y,A,-,N,,,,,,,,,,Y,3,0,2,2,A,-,01,23152,A,N,A,C,A,A,H,-,C,A,0,,,,,Y,Y,A,01,0,1,1,0,0,0,0,0,0,"- ","- ",34.146270751953125,-118.25502014160156,"LOS ANGELES",GLENDALE,-118.25508880615234,34.146251678466797
9363501,2021,2021-11-23,1920,2021-11-04,0004,13645,1920,4,5,6,1920,0,0,0,,0,001,"LAKEWOOD BL","STEWART AND GRAY RD",571.00,N,N,A,-,N,,,,,,,,,,Y,4,0,1,1,A,-,01,23152,A,N,E,I,A,A,H,-,C,A,0,,,,,Y,Y,A,07,0,0,1,0,0,0,0,0,0,"- ","- ",,,"LOS ANGELES",DOWNEY,-118.12838745117188,33.929416656494141
9365073,2021,2021-12-14,1942,2021-10-17,0600,35393,1215,7,5,7,1942,0,0,0,L,0,25TL21,"54TH ST","DENKER AV",440.00,E,N,A,-,N,,,,,,,,,,Y,2,0,1,1,A,-,01,23152,A,N,E,I,A,A,-,-,B,D,0,,,,,Y,Y,A,01,1,0,0,0,0,0,0,0,0,"- ","- ",,,"LOS ANGELES","LOS ANGELES",-118.30313110351562,33.993244171142578
9365372,2021,2021-12-09,1920,2021-10-23,1846,13742,DOWNE,6,5,6,1920,0,0,0,,0,005,"GALLATIN RD","DOWNEY AV",0.00,,Y,A,-,N,,,,,,,,,,Y,3,0,2,2,A,-,01,23152,A,N,D,C,A,A,H,-,C,D,0,,,,,Y,Y,A,01,0,2,0,0,0,0,0,0,0,"- ","- ",,,"LOS ANGELES",DOWNEY,-118.11968231201172,33.959098815917969
9365624,2021,2021-11-29,1942,2021-10-03,1945,36023,0333,7,5,7,1942,0,0,0,C,0,24Q22,"JEFFERSON BL","VIRGINIA RD",62.00,E,N,A,-,N,,,,,,,,,,Y,2,0,4,3,A,-,08,22107,,N,D,C,A,A,H,-,C,A,0,,,,,Y,Y,A,01,1,1,2,0,0,0,0,0,0,"- ","- ",,,"LOS ANGELES","LOS ANGELES",-118.33927917480469,34.025569915771484
9365630,2021,2021-11-29,1942,2021-10-29,0140,43795,0329,5,5,7,1942,0,0,0,C,0,3A19,"FIGUEROA ST","28TH ST",0.00,,Y,A,-,N,,,,,,,,,,N,3,0,1,2,A,-,11,21453,D,N,G,B,B,A,H,-,C,A,0,Y,,,,Y,Y,N,60,0,1,0,0,1,0,0,0,0,"- ","- ",,,"LOS ANGELES","LOS ANGELES",-118.27735900878906,34.026092529296875
9366453,2021,2021-12-06,1942,2021-10-27,0435,44196,,3,5,7,1942,0,0,0,,0,16A81,SHELDON,"SHARP AV",50.00,E,N,A,-,N,,,,,,,,,,N,4,0,1,3,A,-,07,21658,,F,C,C,A,A,-,-,C,D,0,,,Y,,Y,Y,C,02,0,0,1,0,0,0,0,0,0,"- ","- ",,,"LOS ANGELES","LOS ANGELES",-118.40696716308594,34.229648590087891
9366773,2021,2021-12-24,1942,2021-11-24,1645,40315,0642,3,5,7,1942,0,0,0,F,0,27TL46,"FAIRFAX AV","FOUNTAIN AV",195.00,N,N,A,-,N,,,,,,,,,,Y,3,0,1,6,A,-,03,22350,,F,C,C,A,A,H,-,A,A,0,,,,,Y,Y,-,99,0,1,0,0,0,0,0,0,0,"- ","- ",,,"LOS ANGELES","LOS ANGELES",-118.36154174804688,34.094993591308594
9366776,2021,2022-02-03,1942,2021-11-12,0345,42839,0737,5,5,7,1942,0,0,0,G,0,7A47,"LA BREA AV","8TH ST",0.00,,Y,A,-,N,,,,,,,,,,Y,2,0,1,2,A,-,00,23103,,N,A,C,A,A,H,-,C,D,0,,,,,Y,Y,A,01,1,0,0,0,0,0,0,0,0,"- ","- ",,,"LOS ANGELES","LOS ANGELES",-118.34468078613281,34.060501098632812
9366896,2021,2022-01-07,1942,2021-12-05,2340,33504,1622,7,5,7,1942,0,0,0,P,0,26T55W,"SAN FERNANDO BL","PAXTON ST",125.00,S,N,A,-,N,,,,,,,,,,Y,3,0,2,2,A,-,01,23152,A,N,D,C,A,A,H,-,C,D,0,,,,,Y,Y,A,01,0,2,0,0,0,0,0,0,0,"- ","- ",,,"LOS ANGELES","LOS ANGELES",-118.42817687988281,34.271774291992188
9367309,2021,2021-12-17,1942,2021-10-04,2315,43454,1486,1,5,7,1942,0,0,0,N,0,27T31,"SEPULVEDA BL","SEPULVEDA EASTWAY",0.00,,Y,B,-,Y,LA,7,1,-,-,27.439,I,5,N,Y,3,0,2,2,A,-,01,23152,A,N,C,C,A,B,H,-,C,D,0,,,,,Y,Y,A,07,0,1,1,0,0,0,0,0,0,"- ","- ",,,"LOS ANGELES","LOS ANGELES",-118.39691162109375,33.952640533447266
9367580,2021,2021-12-17,1942,2021-11-18,0605,38503,0517,4,5,7,1942,0,0,0,E,0,25T21,"L ST","BROAD AV",0.00,,Y,B,-,N,,,,,,,,,,Y,4,0,1,3,A,-,09,21801,A,F,D,C,A,A,H,-,A,D,0,,,,,Y,Y,A,01,0,0,1,0,0,0,0,0,0,"- ","- ",,,"LOS ANGELES","LOS ANGELES",-118.2613525390625,33.786811828613281
9368653,2021,2021-12-15,1900,2021-10-10,2130,634170,0241,7,5,3,1914,0,0,0,,0,28H,"TELEGRAPH RD","ARIZONA AV",55.00,E,N,A,-,N,,,,,,,,,,Y,2,0,2,2,A,-,03,22350,,N,C,E,A,A,-,-,C,A,0,,,,,Y,Y,-,"- ",1,1,0,0,0,0,0,0,0,"- ","- ",,,"LOS ANGELES",COMMERCE,-118.16905212402344,34.015201568603516
9368966,2021,2022-01-04,1942,2021-11-21,2015,41158,1985,7,5,7,1942,0,0,0,,0,26T56,"ROSCOE BL","LENNOX AV",65.00,E,N,A,-,N,,,,,,,,,,N,4,0,1,3,A,-,11,21950,B,F,C,C,B,A,H,-,C,A,0,Y,,,,Y,Y,N,60,0,0,1,0,0,0,0,0,0,"- ","- ",,,"LOS ANGELES","LOS ANGELES",-118.44574737548828,34.221584320068359
9368985,2021,2021-12-24,1942,2021-11-15,1220,38227,2118,1,5,7,1942,0,0,0,,0,21A43,"ROSCOE BL",WINNETKA,0.00,,Y,A,-,N,,,,,,,,,,Y,3,0,1,2,A,-,01,23153,A,N,D,C,A,A,H,-,C,A,0,,,,,Y,Y,-,,0,1,0,0,0,0,0,0,0,"- ","- ",,,"LOS ANGELES","LOS ANGELES",-118.57105255126953,34.220249176025391
9369186,2021,2021-12-15,1956,2021-11-22,1938,1262,638,1,5,5,1956,0,0,0,,0,003,"AVIATION BL","GRANT AV",500.00,N,N,A,-,N,,,,,,,,,,N,4,0,1,2,A,-,05,21650,,N,D,B,A,A,H,-,C,D,0,,Y,,,Y,Y,L,04,0,0,1,0,0,0,1,0,0,"- ","- ",,,"LOS ANGELES","REDONDO BEACH",-118.38246917724609,33.870491027832031
9369365,2021,2022-02-02,1900,2021-11-09,1621,629500,0621,2,5,6,1985,0,0,0,,0,62T2,"ORCHARD VILLAGE RD","16TH ST",0.00,,Y,A,-,N,,,,,,,,,,Y,4,0,1,2,A,-,09,21801,A,N,A,C,A,A,H,-,A,A,0,,,,,Y,Y,D,22,0,0,1,0,0,0,0,0,0,"- ","- ",34.387660980224609,-118.54569244384766,"LOS ANGELES","SANTA CLARITA",-118.54566955566406,34.387668609619141
9369446,2021,2022-01-03,1976,2021-11-20,0530,275,,6,5,3,1964,0,0,0,,0,002,"EAST FLORENCE AV","ORR AND DAY RD",291.00,E,N,A,-,N,,,,,,,,,,Y,4,0,1,2,A,-,01,23152,A,N,B,C,A,A,H,-,C,A,0,,,,,Y,Y,A,01,0,0,1,0,0,0,0,0,0,"- ","- ",,,"LOS ANGELES","SANTA FE SPRINGS",-118.08967590332031,33.935371398925781
9369814,2021,2022-01-04,1976,2021-12-01,1816,501,,3,5,3,1964,0,0,0,,0,,"ROSECRANS AV","MARQUARDT AV",211.00,E,N,A,-,N,,,,,,,,,,Y,4,0,2,4,A,-,01,23152,A,N,C,C,A,A,H,-,C,A,0,,,,,Y,Y,A,01,0,0,2,0,0,0,0,0,0,"- ","- ",,,"LOS ANGELES","SANTA FE SPRINGS",-118.03714752197266,33.902488708496094
9370622,2021,2021-12-28,1900,2021-11-13,0102,641950,0974,6,5,4,1979,0,0,0,,0,93T3,"FOUNTAIN AV","ORANGEGROVE AV",0.00,,Y,A,-,N,,,,,,,,,,Y,4,0,2,2,A,-,01,23152,A,N,D,C,A,A,H,-,C,D,0,,,,,Y,Y,A,01,0,0,2,0,0,0,0,0,0,"- ","- ",34.094429016113281,-118.36038970947266,"LOS ANGELES","WEST HOLLYWOOD",-118.36036682128906,34.094440460205078
9370718,2021,2021-12-23,1953,2021-11-28,1801,9505,1953,7,5,6,1953,0,0,0,,0,005,"COLORADO BL","OAK KNOLL AV",0.00,,Y,A,-,N,,,,,,,,,,Y,3,0,2,3,A,-,01,23152,A,M,A,C,A,A,H,-,C,A,0,,,,,Y,Y,A,01,0,1,1,0,0,0,0,0,0,"- ","- ",,,"LOS ANGELES",PASADENA,-118.13523101806641,34.145893096923828
9371187,2021,2021-12-13,1942,2021-11-14,0203,39876,0236,7,5,7,1942,0,0,0,B,0,24T32,"BONNIE BRAE ST","3RD ST",0.00,,Y,A,-,N,,,,,,,,,,Y,4,0,4,2,A,-,01,23152,A,N,D,C,A,A,H,-,C,A,0,,,,,Y,Y,A,01,0,0,4,0,0,0,0,0,0,"- ","- ",,,"LOS ANGELES","LOS ANGELES",-118.27021026611328,34.061866760253906
9371652,2021,2022-03-28,1942,2021-12-17,2115,42069,0354,5,5,7,1942,0,0,0,C,0,25T35,"ARLINGTON AV","JEFFERSON BL",216.00,S,N,A,-,N,,,,,,,,,,Y,3,0,1,4,A,-,01,23152,A,N,A,E,E,A,H,-,C,D,0,Y,,,,Y,Y,A,01,0,1,0,0,1,0,0,0,0,"- ","- ",,,"LOS ANGELES","LOS ANGELES",-118.31765747070312,34.024936676025391
9373302,2021,2021-12-17,1942,2021-11-18,1817,42469,1936,4,5,7,1942,0,0,0,,0,26T51W,"RINALDI ST","LAUREL CANYON BL",40.00,W,N,A,-,N,,,,,,,,,,Y,4,0,1,2,A,-,01,23152,A,N,C,C,A,A,H,-,C,A,0,,,,,Y,Y,A,01,0,0,1,0,0,0,0,0,0,"- ","- ",,,"LOS ANGELES","LOS ANGELES",-118.45463562011719,34.279781341552734
9373719,2021,2021-12-17,1900,2021-11-25,2156,629508,1132,4,5,6,1992,0,0,0,,0,112T2,"15TH ST EAST","LANCASTER BL",0.00,,Y,A,-,N,,,,,,,,,,Y,3,0,1,1,A,-,01,23152,A,N,A,I,A,A,H,-,C,D,0,,,,,Y,Y,A,07,0,1,0,0,0,0,0,0,0,"- ","- ",,,"LOS ANGELES",LANCASTER,-118.10382080078125,34.696933746337891
9374442,2021,2021-12-29,1916,2021-11-28,2137,2788,,7,5,4,1916,0,0,0,,0,WEST,"SAN BERNARDINO RD","LARKIN DR",24.00,E,N,A,-,N,,,,,,,,,,Y,2,0,1,2,A,-,01,23152,A,N,C,E,A,A,H,-,C,D,0,,,,,Y,Y,A,01,1,0,0,0,0,0,0,0,0,"- ","- ",34.089168548583984,-117.89940643310547,"LOS ANGELES",COVINA,-117.90023803710938,34.089389801025391
9374486,2021,2022-01-07,1942,2021-12-01,1945,39397,0529,3,5,7,1942,0,0,0,E,0,25T37,"ANAHEIM ST","WATSON AV",0.00,,Y,E,-,N,,,,,,,,,,Y,4,0,1,2,A,-,09,21802,A,F,A,C,A,A,H,-,C,D,0,,,,,Y,Y,-,99,0,0,1,0,0,0,0,0,0,"- ","- ",,,"LOS ANGELES","LOS ANGELES",-118.24747467041016,33.780780792236328
9374961,2021,2021-12-15,1942,2021-11-21,0245,38590,1152,7,5,7,1942,0,0,0,K,0,24T32,"SUNSET BL","FOUNTAIN AV",0.00,,Y,A,-,N,,,,,,,,,,N,2,0,1,2,A,-,10,21950,A,F,G,B,B,A,H,-,C,A,0,Y,,,,Y,Y,-,99,1,0,0,0,1,0,0,0,0,"- ","- ",,,"LOS ANGELES","LOS ANGELES",-118.28411865234375,34.095817565917969
9375440,2021,2021-12-29,1942,2021-11-28,1215,39048,2187,7,5,7,1942,0,0,0,,0,26TL44,"VENTURA BL","DON PIO DR",270.00,W,N,A,-,N,,,,,,,,,,Y,4,0,1,2,A,-,01,23152,A,N,E,E,A,A,H,-,A,D,0,,,,,Y,Y,D,22,0,0,1,0,0,0,0,0,0,"- ","- ",,,"LOS ANGELES","LOS ANGELES",-118.60472106933594,34.168476104736328
9375563,2021,2022-01-12,1942,2021-11-28,2305,42322,-040,7,5,7,1942,0,0,0,,0,9A5W3,"VICTORY BL","MORSE AV",200.00,E,N,A,-,N,,,,,,,,,,Y,4,0,1,2,A,-,01,23152,D,N,A,C,A,A,H,-,C,D,0,,,,,Y,Y,-,,0,0,1,0,0,0,0,0,0,"- ","- ",,,"LOS ANGELES","LOS ANGELES",-118.415283203125,34.186679840087891
9375588,2021,2022-01-10,1941,2021-11-13,1748,10052,,6,5,7,1941,0,0,0,,0,,"SPRING ST","GREENBRIER RD",75.00,E,N,A,-,N,,,,,,,,,,Y,4,0,1,1,A,-,01,23152,B,N,A,I,A,A,H,-,C,D,0,,,,,Y,Y,A,,0,0,1,0,0,0,0,0,0,"- ","- ",,,"LOS ANGELES","LONG BEACH",-118.13274383544922,33.810745239257812
9375592,2021,2022-01-10,1941,2021-11-18,0046,6282,,4,5,7,1941,0,0,0,,0,,PCH,"SANTA FE",0.00,,Y,A,-,N,,,,,,,,,,,2,0,1,2,A,-,11,21954,A,N,G,B,D,A,H,-,C,A,0,Y,,,,Y,Y,N,,1,0,0,0,1,0,0,0,0,"- ","- ",,,"LOS ANGELES","LONG BEACH",-118.21546936035156,33.789859771728516
9376381,2021,2022-01-06,1942,2021-12-02,1915,37505,1373,4,5,7,1942,0,0,0,M,0,24T32,"SLAUSON AV","MCKINLEY AV",0.00,,Y,A,-,N,,,,,,,,,,Y,4,0,1,2,A,-,01,23153,A,F,C,C,A,A,H,-,C,A,0,,,,,Y,Y,A,01,0,0,1,0,0,0,0,0,0,"- ","- ",,,"LOS ANGELES","LOS ANGELES",-118.26085662841797,33.989284515380859