CASE_ID,ACCIDENT_YEAR,PROC_DATE,JURIS,COLLISION_DATE,COLLISION_TIME,OFFICER_ID,REPORTING_DISTRICT,DAY_OF_WEEK,CHP_SHIFT,POPULATION,CNTY_CITY_LOC,SPECIAL_COND,BEAT_TYPE,CHP_BEAT_TYPE,CITY_DIVISION_LAPD,CHP_BEAT_CLASS,BEAT_NUMBER,PRIMARY_RD,SECONDARY_RD,DISTANCE,DIRECTION,INTERSECTION,WEATHER_1,WEATHER_2,STATE_HWY_IND,CALTRANS_COUNTY,CALTRANS_DISTRICT,STATE_ROUTE,ROUTE_SUFFIX,POSTMILE_PREFIX,POSTMILE,LOCATION_TYPE,RAMP_INTERSECTION,SIDE_OF_HWY,TOW_AWAY,COLLISION_SEVERITY,NUMBER_KILLED,NUMBER_INJURED,PARTY_COUNT,PRIMARY_COLL_FACTOR,PCF_CODE_OF_VIOL,PCF_VIOL_CATEGORY,PCF_VIOLATION,PCF_VIOL_SUBSECTION,HIT_AND_RUN,TYPE_OF_COLLISION,MVIW,PED_ACTION,ROAD_SURFACE,ROAD_COND_1,ROAD_COND_2,LIGHTING,CONTROL_DEVICE,CHP_ROAD_TYPE,PEDESTRIAN_ACCIDENT,BICYCLE_ACCIDENT,MOTORCYCLE_ACCIDENT,TRUCK_ACCIDENT,NOT_PRIVATE_PROPERTY,ALCOHOL_INVOLVED,STWD_VEHTYPE_AT_FAULT,CHP_VEHTYPE_AT_FAULT,COUNT_SEVERE_INJ,COUNT_VISIBLE_INJ,COUNT_COMPLAINT_PAIN,COUNT_PED_KILLED,COUNT_PED_INJURED,COUNT_BICYCLIST_KILLED,COUNT_BICYCLIST_INJURED,COUNT_MC_KILLED,COUNT_MC_INJURED,PRIMARY_RAMP,SECONDARY_RAMP,LATITUDE,LONGITUDE,COUNTY,CITY,POINT_X,POINT_Y
9376697,2021,2021-12-31,1900,2021-11-29,1532,510509,1137,1,5,6,1992,0,0,0,,0,112T4,"17TH ST EAST","LAUTERBACH ST",196.00,N,N,A,-,N,,,,,,,,,,N,3,0,1,3,A,-,01,23152,A,M,E,C,A,A,H,-,A,D,0,,,,,Y,Y,A,01,0,1,0,0,0,0,0,0,0,"- ","- ",,,"LOS ANGELES",LANCASTER,-118.09907531738281,34.676498413085938
9378764,2021,2021-12-21,1900,2021-11-25,0110,652863,1016,4,5,3,1995,0,0,0,,0,101A,"PACIFIC COAST HWY","RAMBLA VISTA RD",0.00,,Y,A,G,Y,LA,7,1,-,-,44.220,H,-,S,Y,2,0,1,2,A,-,01,23152,A,N,C,E,A,A,H,-,C,D,0,,,,,Y,Y,D,22,1,0,0,0,0,0,0,0,0,"- ","- ",34.038429260253906,-118.64717102050781,"LOS ANGELES",MALIBU,-118.6375732421875,34.037036895751953
9379195,2021,2022-01-12,1929,2021-12-27,2327,239,,1,5,3,1929,0,0,0,,0,003,"PACIFIC COAST HWY","PIER AV",16.00,W,N,A,-,Y,LA,7,1,-,-,21.350,H,-,S,Y,4,0,1,2,A,-,01,23153,A,N,C,C,A,A,H,-,C,A,0,,,,,Y,Y,A,07,0,0,1,0,0,0,0,0,0,"- ","- ",,,"LOS ANGELES","HERMOSA BEACH",-118.39317321777344,33.864952087402344
9379782,2021,2022-02-04,1942,2021-12-28,0035,34332,0161,2,5,7,1942,0,0,0,A,0,24T32,"JAMES M WOOD BL","GEORGIA ST",0.00,,N,A,-,Y,LA,7,110,-,-,22.394,R,4,N,Y,3,0,1,2,A,-,08,22107,,F,D,C,A,B,H,-,C,A,0,,,,,Y,Y,A,01,0,1,0,0,0,0,0,0,0,"- ","- ",,,"LOS ANGELES","LOS ANGELES",-118.26481628417969,34.048915863037109
9380406,2021,2022-01-19,1942,2021-12-14,2300,36553,1235,2,5,7,1942,0,0,0,L,0,25T45W,"SLAUSON AV","BUDLONG AV",6.00,W,N,A,-,N,,,,,,,,,,N,2,0,1,2,A,-,10,21950,A,F,G,B,B,A,H,-,C,A,0,Y,,,,Y,Y,-,99,1,0,0,0,1,0,0,0,0,"- ","- ",,,"LOS ANGELES","LOS ANGELES",-118.29586791992188,33.989128112792969
9382214,2021,2021-12-31,1942,2021-11-24,2230,38590,1347,3,5,7,1942,0,0,0,M,0,24TL31,"41ST ST","MORGAN AV",100.00,W,N,A,-,N,,,,,,,,,,Y,3,0,1,2,A,-,01,23152,A,M,C,E,A,A,H,-,C,D,0,,,,,Y,Y,A,01,0,1,0,0,0,0,0,0,0,"- ","- ",,,"LOS ANGELES","LOS ANGELES",-118.24583435058594,34.008403778076172
9382497,2021,2022-01-11,1906,2021-12-10,1908,4406,ELMON,5,5,5,1906,0,0,0,,0,002,"OLIVE ST","BOGART AV",49.00,W,N,A,-,N,,,,,,,,,,N,3,0,1,2,A,-,03,22350,A,F,C,C,A,A,H,-,C,D,0,,,Y,Y,Y,Y,F,26,0,1,0,0,0,0,0,0,1,"- ","- ",,,"LOS ANGELES","BALDWIN PARK",-117.95848083496094,34.099571228027344
9383164,2021,2021-12-31,1953,2021-11-22,2350,0979,1953,1,5,6,1953,0,0,0,,0,002,"ORANGE GROVE BL","SUMMIT AV",50.00,E,N,A,-,N,,,,,,,,,,N,4,0,1,2,A,-,05,21650,,F,D,G,A,A,H,-,C,D,0,,Y,,,Y,Y,L,04,0,0,1,0,0,0,1,0,0,"- ","- ",,,"LOS ANGELES",PASADENA,-118.14765167236328,34.157848358154297
9383297,2021,2021-12-28,1900,2021-11-30,1736,654611,2114,2,5,5,1943,0,0,0,,0,212T2,"BEECHWOOD AV","PINE AV",0.00,,Y,A,-,N,,,,,,,,,,N,2,0,1,2,A,-,10,21950,A,F,G,B,B,A,H,-,C,A,0,Y,,,,Y,Y,A,01,1,0,0,0,1,0,0,0,0,"- ","- ",,,"LOS ANGELES",LYNWOOD,-118.18859100341797,33.926372528076172
9383308,2021,2022-01-13,1942,2021-12-12,2335,38590,0112,7,5,7,1942,0,0,0,A,0,24TL34,"TEMPLE ST","SPRING ST",89.00,W,N,A,-,N,,,,,,,,,,N,2,0,1,1,A,-,03,22350,,N,E,I,A,A,H,-,C,D,0,,,,,Y,Y,-,,1,0,0,0,0,0,0,0,0,"- ","- ",,,"LOS ANGELES","LOS ANGELES",-118.24282836914062,34.055057525634766
9383804,2021,2022-01-19,1925,2021-12-26,0039,28123,2,7,5,6,1925,0,0,0,,0,266,"SAN FERNANDO RD","ELK AV",98.00,S,N,C,-,N,,,,,,,,,,N,3,0,1,2,A,-,11,21954,A,N,G,B,D,B,H,-,C,D,0,Y,,,,Y,Y,N,60,0,1,0,0,1,0,0,0,0,"- ","- ",,,"LOS ANGELES",GLENDALE,-118.26905059814453,34.141422271728516
9384408,2021,2022-02-07,1910,2021-12-12,1142,04616,,7,5,4,1910,0,0,0,,0,006,"DOHENY DR","CARMELITA AV",100.00,S,N,A,-,N,,,,,,,,,,Y,3,0,2,3,A,-,01,23153,A,N,C,C,A,A,H,-,A,A,0,,,,,Y,Y,A,01,0,1,1,0,0,0,0,0,0,"- ","- ",,,"LOS ANGELES","BEVERLY HILLS",-118.38976287841797,34.081394195556641
9384412,2021,2022-01-13,1910,2021-12-14,1921,04711,,2,5,4,1910,0,0,0,,0,004,"NORTH SANTA MONICA BL","N CRESCENT DR",0.00,,Y,A,-,N,,,,,,,,,,N,4,0,1,2,A,-,10,21950,A,N,G,B,B,-,H,-,C,A,0,Y,,,,Y,Y,A,01,0,0,1,0,1,0,0,0,0,"- ","- ",,,"LOS ANGELES","BEVERLY HILLS",-118.401611328125,34.073074340820312
9385061,2021,2022-01-12,1900,2021-12-03,1506,609230,2320,5,5,5,1919,0,0,0,,0,232,"183RD ST","GRIDLEY RD",0.00,,Y,A,-,N,,,,,,,,,,N,3,0,1,2,A,-,08,22107,,N,G,B,B,A,H,-,A,A,0,Y,,,,Y,Y,A,01,0,1,0,0,1,0,0,0,0,"- ","- ",,,"LOS ANGELES",CERRITOS,-118.09101867675781,33.865741729736328
9385260,2021,2022-01-12,1942,2021-12-22,1600,40099,1263,3,5,7,1942,0,0,0,L,0,25MX82,"84TH PL","SAINT ANDREWS PL",0.00,,Y,A,-,N,,,,,,,,,,N,4,0,2,2,A,-,12,22450,A,F,D,C,A,A,H,-,A,A,0,,,,,Y,Y,-,99,0,0,2,0,0,0,0,0,0,"- ","- ",,,"LOS ANGELES","LOS ANGELES",-118.31120300292969,33.961788177490234
9385971,2021,2022-01-21,1942,2021-12-13,1500,38947,1641,1,5,7,1942,0,0,0,P,0,26TL73,"RINCON AV","PIERCE ST",0.00,S,N,A,-,N,,,,,,,,,,Y,3,0,1,3,A,-,08,22107,,F,A,E,A,A,H,-,A,D,0,,,,,Y,Y,A,01,0,1,0,0,0,0,0,0,0,"- ","- ",,,"LOS ANGELES","LOS ANGELES",-118.42816162109375,34.256404876708984
9386158,2021,2021-12-29,1907,2021-10-30,0343,251,1,6,5,4,1907,0,0,0,,0,,"FISHBURN AV","BELL AV",61.00,S,N,A,-,N,,,,,,,,,,Y,3,0,1,1,A,-,01,23152,A,N,E,I,A,A,H,-,C,D,0,,,,,Y,Y,A,01,0,1,0,0,0,0,0,0,0,"- ","- ",33.97454833984375,-118.19232177734375,"LOS ANGELES",BELL,-118.19215393066406,33.974742889404297
9386773,2021,2022-01-26,1913,2021-10-30,1128,4286,73,6,5,4,1913,0,0,0,,0,,"BASELINE RD","RT 210",0.00,,Y,A,-,N,,,,,,,,,,N,3,0,1,2,A,-,09,21804,A,N,C,G,A,A,H,-,A,D,0,,Y,,,Y,Y,D,22,0,1,0,0,0,0,1,0,0,"- ","- ",,,"LOS ANGELES",CLAREMONT,-117.69607543945312,34.121593475341797
9388574,2021,2022-01-20,1942,2021-12-26,0120,39410,1684,7,5,7,1942,0,0,0,P,0,26T54,"ROSCOE BL","LANKERSHIM BL",300.00,W,N,C,-,N,,,,,,,,,,Y,3,0,6,2,A,-,01,23152,A,N,A,B,A,B,H,-,C,A,0,,,,,Y,Y,A,07,0,6,0,0,0,0,0,0,0,"- ","- ",,,"LOS ANGELES","LOS ANGELES",,
9388764,2021,2022-01-14,1956,2021-12-21,0343,1359,13,2,5,5,1956,0,0,0,,0,001,"S PROSPECT AV","RUBY ST",42.00,S,N,A,-,N,,,,,,,,,,N,3,0,1,3,A,-,00,23151,A,N,C,E,A,A,H,-,C,D,0,,,,,Y,Y,A,01,0,1,0,0,0,0,0,0,0,"- ","- ",,,"LOS ANGELES","REDONDO BEACH",-118.37593841552734,33.833084106445312
9388874,2021,2022-01-26,1976,2021-12-26,0230,474,,7,5,5,1976,0,0,0,,0,001,"BEVERLY BL","MESAGROVE AV",21.00,E,N,A,-,N,,,,,,,,,,Y,3,0,1,1,A,-,01,23152,A,N,E,I,A,B,H,-,C,D,0,,,,,Y,Y,A,01,0,1,0,0,0,0,0,0,0,"- ","- ",,,"LOS ANGELES",WHITTIER,-118.0609130859375,34.002403259277344
9391075,2021,2022-02-15,1942,2021-10-17,0125,43425,2033,7,5,7,1942,0,0,0,,0,20A45,"HARVARD BL","8TH ST",0.00,,Y,A,-,N,,,,,,,,,,Y,3,0,2,2,A,-,01,23153,A,N,D,C,A,A,H,-,C,A,0,,,,,Y,Y,A,07,0,1,1,0,0,0,0,0,0,"- ","- ",,,"LOS ANGELES","LOS ANGELES",-118.30416870117188,34.057693481445312
9391176,2021,2022-01-19,1942,2021-12-26,2055,40099,1801,7,5,7,1942,0,0,0,R,0,25MX85,"VERMONT AV","88TH ST",80.00,N,N,A,-,N,,,,,,,,,,Y,3,0,2,2,A,-,01,23152,A,N,D,C,A,A,H,-,C,A,0,,,,,Y,Y,A,07,0,2,0,0,0,0,0,0,0,"- ","- ",,,"LOS ANGELES","LOS ANGELES",-118.29152679443359,33.958160400390625
9393320,2021,2022-02-08,1905,2021-12-31,2346,1176,814,5,5,4,1905,0,0,0,,0,003,"N MACNRESA DR","MANRESA DR",90.00,N,N,A,-,N,,,,,,,,,,Y,3,0,2,1,A,-,01,23152,A,N,E,I,A,A,H,-,C,A,0,,,,,Y,Y,A,01,0,2,0,0,0,0,0,0,0,"- ","- ",,,"LOS ANGELES",AZUSA,,
9396173,2021,2022-02-02,1942,2021-12-18,1930,37505,0295,6,5,7,1942,0,0,0,B,0,24T33W,"17TH ST","TOBERMAN ST",0.00,,Y,A,-,N,,,,,,,,,,Y,3,0,1,2,A,-,09,21802,A,F,D,C,A,A,H,-,C,A,0,,,,,Y,Y,A,08,0,1,0,0,0,0,0,0,0,"- ","- ",,,"LOS ANGELES","LOS ANGELES",-118.27803039550781,34.039745330810547
9396583,2021,2022-02-04,1942,2021-12-01,1400,41629,0148,3,5,7,1942,0,0,0,A,0,24TL22,"STANFORD ST","5TH ST",0.00,,Y,A,-,N,,,,,,,,,,N,4,0,1,2,A,-,00,20015,A,F,D,C,A,A,H,-,A,D,0,,,,,Y,Y,-,"- ",0,0,1,0,0,0,0,0,0,"- ","- ",,,"LOS ANGELES","LOS ANGELES",-118.2412109375,34.042552947998047
9400378,2021,2022-02-07,1905,2021-09-08,2109,2019,241,3,5,4,1905,0,0,0,,0,001,"AZUSA AV","ROLAND ST",0.00,,Y,A,-,N,,,,,,,,,,N,3,0,1,2,A,-,10,21950,A,N,A,B,B,A,H,-,C,A,0,Y,,,,Y,Y,A,07,0,1,0,0,1,0,0,0,0,"- ","- ",,,"LOS ANGELES",AZUSA,-117.90756988525391,34.116058349609375
9404193,2021,2022-02-09,1942,2021-12-07,1715,39655,1495,2,5,7,1942,0,0,0,N,0,27Q14-,"WESTCHESTER PKWY","SEPULVEDA BL",82.00,E,N,A,-,N,,,,,,,,,,N,4,0,1,2,A,-,03,22350,,F,C,C,A,A,H,-,C,A,0,,,,,Y,Y,-,99,0,0,1,0,0,0,0,0,0,"- ","- ",,,"LOS ANGELES","LOS ANGELES",-118.39594268798828,33.954608917236328
9405385,2021,2022-02-11,1900,2021-12-29,2105,629500,0629,3,5,6,1985,0,0,0,,0,64T1,"LYONS AV","ORCHARD VILLAGE RD",120.00,W,N,C,-,N,,,,,,,,,,N,4,0,1,2,A,-,01,23152,A,N,D,C,A,B,H,-,C,D,0,,,,,Y,Y,A,01,0,0,1,0,0,0,0,0,0,"- ","- ",34.379768371582031,-118.54132080078125,"LOS ANGELES","SANTA CLARITA",-118.54127502441406,34.379806518554688
9409863,2021,2022-03-07,1942,2021-12-01,2305,44196,1525,3,5,7,1942,0,0,0,O,0,15A27,"RADFORD AV","HAMLIN ST",50.00,S,N,A,-,N,,,,,,,,,,Y,4,0,4,2,A,-,05,21651,,F,B,C,A,-,H,-,C,D,0,,,,,Y,Y,-,,0,0,4,0,0,0,0,0,0,"- ","- ",,,"LOS ANGELES","LOS ANGELES",-118.39217376708984,34.188602447509766
9410170,2021,2022-03-15,1963,2021-12-07,0217,372,127,2,5,3,1963,0,0,0,,0,001,"HUNTINGTON DR","WESTHAVEN RD",15.00,W,N,B,-,N,,,,,,,,,,Y,4,0,1,1,A,-,08,22107,,N,E,I,A,A,H,-,C,D,0,,,,,Y,Y,A,01,0,0,1,0,0,0,0,0,0,"- ","- ",,,"LOS ANGELES","SAN MARINO",-118.10894775390625,34.1209716796875
9411371,2021,2022-02-22,1942,2021-11-27,2220,39980,0245,6,5,7,1942,0,0,0,B,0,2491,ALVARADO,"6TH ST",25.00,N,N,A,-,N,,,,,,,,,,N,4,0,1,2,A,-,01,23152,A,N,C,C,A,A,H,-,C,-,0,,,,,Y,Y,A,07,0,0,1,0,0,0,0,0,0,"- ","- ",,,"LOS ANGELES","LOS ANGELES",-118.27483367919922,34.059600830078125
9412101,2021,2022-03-15,1944,2021-09-24,1730,353,,5,5,4,1944,0,0,0,,0,,"2ND ST","DIANTHUS ST",180.00,E,N,A,-,N,,,,,,,,,,,3,0,1,2,A,-,08,22107,,N,B,G,A,A,H,-,A,A,0,,Y,,,Y,Y,L,04,0,1,0,0,0,0,1,0,0,"- ","- ",33.880149841308594,-118.39823150634766,"LOS ANGELES","MANHATTAN BEACH",-118.39765930175781,33.880119323730469
9412102,2021,2022-03-15,1944,2021-09-10,2221,364,M3,5,5,4,1944,0,0,0,,0,0M3,"HIGHLAND AV","31ST ST",0.00,,Y,A,-,N,,,,,,,,,,Y,4,0,1,3,A,-,01,23152,A,N,C,E,A,A,H,-,C,D,0,,,,,Y,Y,A,01,0,0,1,0,0,0,0,0,0,"- ","- ",33.897190093994141,-118.41619110107422,"LOS ANGELES","MANHATTAN BEACH",-118.41619110107422,33.897220611572266
9412929,2021,2022-03-07,1900,2021-12-30,1440,618671,1336,4,5,5,1908,0,0,0,,0,133T1,"WOODRUFF AV","PLUNKETT ST",129.00,S,N,C,-,N,,,,,,,,,,Y,4,0,3,3,A,-,01,23152,F,N,C,C,A,B,H,-,A,A,0,,,,,Y,Y,A,01,0,0,3,0,0,0,0,0,0,"- ","- ",33.871829986572266,-118.11721801757812,"LOS ANGELES",BELLFLOWER,-118.11727905273438,33.871776580810547
9413096,2021,2022-03-15,1900,2021-09-17,1800,643940,0243,5,5,3,1914,0,0,0,,0,27T,"ATLANTIC BL","HARBOR ST",0.00,,Y,A,-,N,,,,,,,,,,Y,4,0,1,2,A,-,01,23152,A,N,B,C,A,A,H,-,A,A,0,,,,,Y,Y,A,01,0,0,1,0,0,0,0,0,0,"- ","- ",,,"LOS ANGELES",COMMERCE,-118.16365814208984,34.005790710449219
9426584,2021,2022-04-01,1942,2021-12-21,1530,42157,1488,2,5,7,1942,0,0,0,N,0,27Q13,"BELLANCA AV","98TH ST",30.00,N,N,A,-,N,,,,,,,,,,Y,3,0,1,1,A,-,01,23152,A,N,E,J,A,A,H,-,A,A,0,,,,,Y,Y,A,01,0,1,0,0,0,0,0,0,0,"- ","- ",,,"LOS ANGELES","LOS ANGELES",-118.3800048828125,33.947441101074219
9426646,2021,2022-04-05,1942,2021-11-28,1935,42664,1409,7,5,7,1942,0,0,0,N,0,27TL35,"DURANGO AV","EXPOSITION BL",9.00,N,N,A,-,N,,,,,,,,,,Y,3,0,1,1,A,-,01,23152,A,N,E,I,A,A,H,-,C,D,0,,,,,Y,Y,A,01,0,1,0,0,0,0,0,0,0,"- ","- ",,,"LOS ANGELES","LOS ANGELES",-118.39404296875,34.027458190917969
9433826,2021,2022-10-12,1972,2021-07-30,0113,20866,,5,5,6,1972,0,0,0,,0,,"HAWTHORNE BL","190TH ST",60.00,N,N,A,-,Y,LA,7,107,-,-,3.700,H,-,S,Y,4,0,4,3,A,-,01,23152,A,N,C,C,A,A,H,-,C,A,0,,,,,Y,Y,A,,0,0,4,0,0,0,0,0,0,"- ","- ",,,"LOS ANGELES",TORRANCE,-118.35345458984375,33.858596801757812
9434466,2021,2022-04-12,1942,2021-10-29,1710,36705,RD088,5,5,7,1942,0,0,0,,0,27MQ73,"PREUSS RD","18TH ST",400.00,S,N,A,-,N,,,,,,,,,,Y,3,0,1,2,A,-,01,23152,A,N,C,E,A,A,H,-,A,D,0,,,,,Y,Y,A,01,0,1,0,0,0,0,0,0,0,"- ","- ",,,"LOS ANGELES","LOS ANGELES",-118.38536834716797,34.045387268066406
9450320,2021,2022-06-18,1942,2021-10-24,0120,42286,0636,7,5,7,1942,0,0,0,F,0,27T31W,"VINE ST","HOLLYWOOD BL",184.00,S,N,A,-,N,,,,,,,,,,Y,4,0,2,2,A,-,01,23152,A,N,C,C,A,A,H,-,C,A,0,,,,,Y,Y,A,01,0,0,2,0,0,0,0,0,0,"- ","- ",,,"LOS ANGELES","LOS ANGELES",-118.32672119140625,34.101097106933594
9483847,2021,2022-08-09,1972,2021-06-09,1621,21239,,3,5,6,1972,0,0,0,,0,,"CALLE MIRAMAR","CAMINO DE LAS COLINAS",0.00,,Y,A,-,N,,,,,,,,,,Y,3,0,1,2,A,-,01,23153,,N,F,C,A,A,H,-,A,A,0,,,,,Y,Y,A,,0,1,0,0,0,0,0,0,0,"- ","- ",,,"LOS ANGELES",TORRANCE,-118.38556671142578,33.811363220214844
9521363,2021,2022-11-10,1972,2021-08-27,2131,21151,,5,5,6,1972,0,0,0,,0,,SEPULVEDA,"PALOS VERDES",0.00,,Y,A,-,N,,,,,,,,,,Y,3,0,4,2,A,-,01,23153,A,N,D,-,A,A,H,-,C,A,0,,,,,Y,Y,-,"- ",0,1,3,0,0,0,0,0,0,"- ","- ",,,"LOS ANGELES",TORRANCE,-118.3692626953125,33.827140808105469
5403126,2012,2014-04-03,1900,2012-01-10,2250,506937,0630,2,5,6,1985,0,0,0,,0,62T1,"SAND CANYON RD","ALAMO CANYON DR",66.00,S,N,A,-,N,,,,,,,,,,Y,1,1,1,1,A,-,03,22350,,N,E,I,A,A,H,-,D,D,0,,,,,Y,Y,A,01,1,0,0,0,0,0,0,0,0,"- ","- ",,,"LOS ANGELES","SANTA CLARITA",-118.420153,34.406022
5403178,2012,2014-04-11,1942,2012-01-24,2200,36399,1881,2,5,7,1942,0,0,0,R,0,18T23,"REDONDO BEACH BL","AINSWORTH AV",273.00,E,N,A,-,N,,,,,,,,,,Y,1,1,0,1,A,-,03,22350,,N,E,I,A,A,H,-,C,D,0,,,,,Y,Y,D,22,0,0,0,0,0,0,0,0,0,"- ","- ",,,"LOS ANGELES","LOS ANGELES",-118.2897451,33.892535250000002
5403302,2012,2014-04-07,1942,2012-02-05,0205,30575,,7,5,7,1942,0,0,0,,0,6D251,"LEIMERT BL","43RD ST",57.00,S,N,A,-,N,,,,,,,,,,Y,1,1,1,3,A,-,03,22350,,N,E,I,A,A,H,-,C,D,0,,,,,Y,Y,A,01,0,0,1,0,0,0,0,0,0,"- ","- ",,,"LOS ANGELES","LOS ANGELES",-118.32988872999999,34.005328319999997
5403451,2012,2014-04-11,1942,2012-01-23,2220,35925,1803,1,5,7,1942,0,0,0,R,0,12T41,"SAN PEDRO ST","87TH PL",164.00,N,N,A,-,N,,,,,,,,,,Y,1,1,0,1,A,-,03,22350,,N,E,I,A,B,H,-,C,D,0,,,,,Y,Y,A,01,0,0,0,0,0,0,0,0,0,"- ","- ",,,"LOS ANGELES","LOS ANGELES",-118.26952659,33.958514600000001
5455600,2012,2013-06-22,1928,2012-01-04,1759,324,520,3,5,5,1928,0,0,0,,0,503,"PRAIRIE AV","ROSECRANS AV",150.00,S,N,A,-,N,,,,,,,,,,N,3,0,1,2,A,-,11,21955,,N,G,B,D,A,H,-,C,A,0,Y,,,,Y,Y,N,60,0,1,0,0,1,0,0,0,0,"- ","- ",,,"LOS ANGELES",HAWTHORNE,-118.34387753999999,33.901493440000003
5456203,2012,2013-06-08,1976,2012-01-04,1541,491,1976,3,5,5,1976,0,0,0,,0,003,"PAINTER AV","PENN ST",0.00,,Y,A,-,N,,,,,,,,,,N,3,0,1,2,A,-,09,21801,A,F,F,A,A,A,H,-,A,A,0,,,Y,,Y,Y,A,01,0,1,0,0,0,0,0,0,1,"- ","- ",,,"LOS ANGELES",WHITTIER,-118.03269226,33.9754249
5457637,2012,2013-06-15,9550,2012-01-15,0350,020151,,7,3,9,1900,0,3,5,,2,004,"MARCHMONT AV","GALE AV",85.00,S,N,A,-,N,,,,,,,,,,N,4,0,1,4,A,-,01,23152,A,N,A,E,A,A,H,-,C,D,0,,,,,Y,Y,A,01,0,0,1,0,0,0,0,0,0,"- ","- ",34.009300000000003,-117.95911,"LOS ANGELES",UNINCORPORATED,-117.95907792,34.009420540000001
5457919,2012,2013-06-29,1973,2012-01-27,1920,560,1973,5,5,1,1973,0,0,0,,0,001,"55TH ST","ALAMEDA ST",247.00,E,N,A,-,N,,,,,,,,,,Y,4,0,3,2,A,-,01,23153,A,F,C,E,A,A,H,-,C,D,0,,,,,Y,Y,A,08,0,0,3,0,0,0,0,0,0,"- ","- ",,,"LOS ANGELES",VERNON,-118.23747089,33.992987650000003
5458849,2012,2013-07-18,1942,2012-02-06,1815,35975,1527,1,5,7,1942,0,0,0,O,0,15A38,"VINEYARD AV","CALVERT ST",0.00,,Y,A,-,N,,,,,,,,,,Y,3,0,3,2,A,-,01,23152,A,F,A,C,A,A,H,-,C,D,0,,,,,Y,Y,D,22,0,3,0,0,0,0,0,0,0,"- ","- ",,,"LOS ANGELES","LOS ANGELES",,
5460200,2012,2013-07-13,9540,2012-01-14,1750,019772,,6,2,9,1900,0,2,4,,2,010,"THE OLD RD","MAGIC MOUNTAIN PKWY",50.00,N,N,A,-,N,,,,,,,,,,Y,3,0,1,3,A,-,01,23152,A,N,C,C,A,A,H,-,C,A,0,,,,,Y,Y,A,01,0,1,0,0,0,0,0,0,0,"- ","- ",34.422280000000001,-118.58452,"LOS ANGELES",UNINCORPORATED,-118.58473727000001,34.422352570000001
5461718,2012,2013-06-12,1942,2012-01-19,2340,38314,1555,4,5,7,1942,0,0,0,O,0,15T45,"TUJUNGA AV","RIVERSIDE DR",0.00,,Y,A,-,N,,,,,,,,,,Y,3,0,2,2,A,-,01,23152,A,N,D,C,A,A,H,-,C,A,0,,,,,Y,Y,A,01,0,2,0,0,0,0,0,0,0,"- ","- ",,,"LOS ANGELES","LOS ANGELES",-118.37905223999999,34.157634870000003
5466798,2012,2013-09-11,1941,2012-01-08,2100,10319,,7,5,7,1941,0,0,0,,0,,WILLOW,PASADENA,0.00,,Y,A,-,N,,,,,,,,,,N,3,0,1,2,-,-,"- ",,,N,G,B,E,A,H,-,C,A,0,Y,,,Y,Y,Y,-,"- ",0,1,0,0,1,0,0,0,0,"- ","- ",,,"LOS ANGELES","LONG BEACH",-118.18723217,33.804364939999999
5467167,2012,2013-10-08,9590,2012-01-05,2225,14452,,4,3,7,1942,0,1,1,,2,040,"RT 5","EUCLID AV",1000.00,S,N,A,-,Y,LA,7,60,-,R,0.763,R,1,W,Y,4,0,2,2,A,-,01,23152,A,N,C,C,A,A,H,-,C,D,1,,,,,Y,Y,A,07,0,0,2,0,0,0,0,0,0,"- ","- ",,,"LOS ANGELES","LOS ANGELES",-118.21399212,34.029724889999997
5467782,2012,2013-09-25,9590,2012-01-16,0027,19944,,1,3,7,1942,0,1,1,,2,021,"RT 10","STATE ST",6200.00,W,N,A,-,Y,LA,7,10,-,-,18.543,R,2,W,Y,3,0,1,2,A,-,03,22350,,F,C,C,A,A,H,-,C,D,1,,,,,Y,Y,A,01,0,1,0,0,0,0,0,0,0,TO,"- ",34.056130000000003,-118.21348,"LOS ANGELES","LOS ANGELES",-118.20940211999999,34.054524890000003
5468101,2012,2013-06-22,1900,2012-01-01,0147,15401,243,7,5,3,1914,0,0,0,,0,027,"ATLANTIC BL","FAIR ST",50.00,N,N,A,-,N,,,,,,,,,,Y,4,0,1,2,A,-,01,23152,A,F,C,C,A,A,H,-,C,A,0,,,,,Y,Y,A,01,0,0,1,0,0,0,0,0,0,"- ","- ",,,"LOS ANGELES",COMMERCE,-118.16223591000001,34.006762850000001
5468278,2012,2013-06-12,1942,2012-01-04,1910,38408,2016,3,5,7,1942,0,0,0,,0,34E08,"PACIFIC AV","WESTMINSTER AV",40.00,N,N,A,-,N,,,,,,,,,,Y,3,0,1,2,A,-,01,23152,A,N,C,E,A,A,H,-,C,D,0,,,,,Y,Y,A,01,0,1,0,0,0,0,0,0,0,"- ","- ",,,"LOS ANGELES","LOS ANGELES",-118.47369811,33.989494520000001
5468698,2012,2013-10-07,9550,2012-01-18,2204,019844,,3,3,9,1900,0,1,3,,2,602,"RT 60","FULLERTON RD",1200.00,W,N,A,-,Y,LA,7,60,-,-,19.230,H,-,E,Y,3,0,1,2,A,-,01,23152,A,N,E,I,A,A,H,-,D,D,1,,,,,Y,Y,A,01,0,1,0,0,0,0,0,0,0,"- ","- ",33.994199999999999,-117.90572,"LOS ANGELES",UNINCORPORATED,-117.91109421,33.994311920000001
5469248,2012,2013-08-05,1942,2012-01-12,0220,34056,0218,4,5,7,1942,0,0,0,B,0,2A17,"GLENDALE BL","SUNSET BL",30.00,S,N,A,-,N,,,,,,,,,,Y,4,0,1,2,A,-,01,23152,A,F,-,C,A,A,-,-,C,-,0,,,,,Y,Y,D,22,0,0,1,0,0,0,0,0,0,"- ","- ",,,"LOS ANGELES","LOS ANGELES",-118.26062165,34.078057540000003