CASE_ID,ACCIDENT_YEAR,PROC_DATE,JURIS,COLLISION_DATE,COLLISION_TIME,OFFICER_ID,REPORTING_DISTRICT,DAY_OF_WEEK,CHP_SHIFT,POPULATION,CNTY_CITY_LOC,SPECIAL_COND,BEAT_TYPE,CHP_BEAT_TYPE,CITY_DIVISION_LAPD,CHP_BEAT_CLASS,BEAT_NUMBER,PRIMARY_RD,SECONDARY_RD,DISTANCE,DIRECTION,INTERSECTION,WEATHER_1,WEATHER_2,STATE_HWY_IND,CALTRANS_COUNTY,CALTRANS_DISTRICT,STATE_ROUTE,ROUTE_SUFFIX,POSTMILE_PREFIX,POSTMILE,LOCATION_TYPE,RAMP_INTERSECTION,SIDE_OF_HWY,TOW_AWAY,COLLISION_SEVERITY,NUMBER_KILLED,NUMBER_INJURED,PARTY_COUNT,PRIMARY_COLL_FACTOR,PCF_CODE_OF_VIOL,PCF_VIOL_CATEGORY,PCF_VIOLATION,PCF_VIOL_SUBSECTION,HIT_AND_RUN,TYPE_OF_COLLISION,MVIW,PED_ACTION,ROAD_SURFACE,ROAD_COND_1,ROAD_COND_2,LIGHTING,CONTROL_DEVICE,CHP_ROAD_TYPE,PEDESTRIAN_ACCIDENT,BICYCLE_ACCIDENT,MOTORCYCLE_ACCIDENT,TRUCK_ACCIDENT,NOT_PRIVATE_PROPERTY,ALCOHOL_INVOLVED,STWD_VEHTYPE_AT_FAULT,CHP_VEHTYPE_AT_FAULT,COUNT_SEVERE_INJ,COUNT_VISIBLE_INJ,COUNT_COMPLAINT_PAIN,COUNT_PED_KILLED,COUNT_PED_INJURED,COUNT_BICYCLIST_KILLED,COUNT_BICYCLIST_INJURED,COUNT_MC_KILLED,COUNT_MC_INJURED,PRIMARY_RAMP,SECONDARY_RAMP,LATITUDE,LONGITUDE,COUNTY,CITY,POINT_X,POINT_Y
5472361,2012,2013-06-08,1920,2012-01-02,0306,11241,1920,1,5,6,1920,0,0,0,,0,006,"BROOKSHIRE AV","BYERS ST",5.00,S,N,A,-,N,,,,,,,,,,Y,3,0,2,6,A,-,01,23152,A,M,E,I,A,A,H,-,C,A,0,,,,,Y,Y,D,,0,2,0,0,0,0,0,0,0,"- ","- ",,,"LOS ANGELES",DOWNEY,-118.13677053000001,33.928853050000001
5475357,2012,2013-06-08,1942,2012-01-01,2005,36399,1235,7,5,7,1942,0,0,0,L,0,3TL5,"SLAUSON AV","NORMANDIE AV",0.00,,Y,A,-,N,,,,,,,,,,Y,4,0,2,2,A,-,01,23152,,F,A,C,A,A,H,-,C,D,0,,,,,Y,Y,D,22,0,0,2,0,0,0,0,0,0,"- ","- ",,,"LOS ANGELES","LOS ANGELES",-118.30021219,33.98910489
5480425,2012,2013-06-15,1900,2012-01-05,2048,507740,0453,4,5,6,1949,0,0,0,,0,43T1/P,"FLATBUSH AV","LEFFINGWELL RD",22.00,S,N,A,-,N,,,,,,,,,,Y,3,0,1,2,A,-,08,22100,A,N,B,C,A,A,H,-,C,A,0,,,,,Y,Y,A,01,0,1,0,0,0,0,0,0,0,"- ","- ",,,"LOS ANGELES",NORWALK,-118.10615278,33.904936720000002
5480797,2012,2013-09-13,9580,2012-01-15,1955,18852,,7,2,7,1942,0,1,3,,2,170,"RT 101","MOORPARK ST",333.00,,N,B,-,Y,LA,7,101,-,-,11.510,H,-,N,Y,3,0,2,1,A,-,01,23152,A,N,F,A,A,A,H,-,C,D,1,,,,,Y,Y,D,22,0,2,0,0,0,0,0,0,0,"- ","- ",34.156820000000003,-118.37611,"LOS ANGELES","LOS ANGELES",-118.37482731999999,34.15162136
5481308,2012,2013-06-17,1931,2012-01-29,0140,5283,1931,7,5,5,1931,0,0,0,,0,004,"FLORENCE AV","MOUNTAIN VIEW AV",165.00,W,N,A,-,N,,,,,,,,,,N,4,0,1,2,A,-,03,22350,,F,C,C,A,A,H,-,C,A,0,,,,,Y,Y,D,22,0,0,1,0,0,0,0,0,0,"- ","- ",,,"LOS ANGELES","HUNTINGTON PARK",-118.21816059,33.973484229999997
5482873,2012,2013-06-18,1942,2012-01-29,0205,35471,0952,7,5,7,1942,0,0,0,I,0,16T23,"KESTER AV","BURBANK BL",208.00,S,N,A,-,N,,,,,,,,,,Y,2,0,2,4,A,-,01,23152,A,F,E,E,A,A,H,-,C,A,0,,,,,Y,Y,A,01,1,1,0,0,0,0,0,0,0,"- ","- ",,,"LOS ANGELES","LOS ANGELES",-118.4574554,34.171524329999997
5482884,2012,2013-06-13,1942,2012-01-29,0220,38996,1902,7,5,7,1942,0,0,0,,0,16T25,"FOOTHILL BL","DRONFIELD PL",439.00,N,N,A,G,N,,,,,,,,,,Y,4,0,1,1,A,-,01,23152,A,N,E,I,A,A,H,-,C,D,0,,,,,Y,Y,D,22,0,0,1,0,0,0,0,0,0,"- ","- ",,,"LOS ANGELES","LOS ANGELES",-118.45590060000001,34.323023210000002
5483103,2012,2013-06-10,1942,2012-01-13,2130,37903,1425,5,5,7,1942,0,0,0,N,0,7T23,"SAWTELLE BL","CLOVER AV",155.00,S,N,A,-,N,,,,,,,,,,Y,4,0,1,4,A,-,01,23152,A,N,B,E,A,A,H,-,C,D,0,,,,,Y,Y,A,01,0,0,1,0,0,0,0,0,0,"- ","- ",,,"LOS ANGELES","LOS ANGELES",-118.43055794999999,34.02511166
5483805,2012,2013-06-10,1942,2012-01-04,1920,36676,0777,3,5,7,1942,0,0,0,G,0,7A85,"CRENSHAW BL","VENICE BL",465.00,S,N,A,-,N,,,,,,,,,,Y,3,0,2,3,A,-,01,23152,A,N,C,C,A,A,H,-,C,D,0,,,,,Y,Y,A,01,0,1,1,0,0,0,0,0,0,"- ","- ",,,"LOS ANGELES","LOS ANGELES",-118.32906758999999,34.043517370000004
5485240,2012,2013-06-15,1942,2012-01-10,2350,38477,1035,2,5,7,1942,0,0,0,J,0,10T37,"VICTORY BL","LINDLEY AV",0.00,,Y,A,-,N,,,,,,,,,,Y,4,0,1,2,A,-,01,23152,A,N,D,C,A,A,H,-,C,A,0,,,,,Y,Y,A,01,0,0,1,0,0,0,0,0,0,"- ","- ",,,"LOS ANGELES","LOS ANGELES",-118.52732228000001,34.186604950000003
5485891,2012,2013-06-12,1942,2012-01-22,0805,38753,1834,7,5,7,1942,0,0,0,R,0,18A49,"AVALON BL","108TH ST",45.00,N,N,A,-,N,,,,,,,,,,Y,4,0,2,2,A,-,01,23152,A,N,C,C,A,A,H,-,A,D,0,,,,,Y,Y,A,01,0,0,2,0,0,0,0,0,0,"- ","- ",,,"LOS ANGELES","LOS ANGELES",-118.26519141,33.938408250000002
5485899,2012,2013-06-12,1942,2012-01-21,1940,36737,1824,6,5,7,1942,0,0,0,R,0,18XL4,"CENTRAL AV","CENTURY BL",200.00,S,N,A,-,N,,,,,,,,,,Y,4,0,1,2,A,-,01,23152,A,F,A,C,A,A,H,-,C,D,0,,,,,Y,Y,A,08,0,0,1,0,0,0,0,0,0,"- ","- ",,,"LOS ANGELES","LOS ANGELES",-118.25418218,33.945086349999997
5486028,2012,2013-09-16,9575,2012-02-10,0125,19211,,5,3,5,1902,0,1,1,,2,065,"RT 210","5TH AV",930.00,W,N,A,-,Y,LA,7,210,-,R,32.430,H,-,E,Y,3,0,2,2,A,-,01,23152,A,N,C,C,A,A,D,-,C,A,1,,,,,Y,Y,A,01,0,2,0,0,0,0,0,0,0,"- ","- ",34.143889999999999,-118.02345,"LOS ANGELES",ARCADIA,-118.02349307999999,34.144040910000001
5488042,2012,2013-06-29,1942,2012-02-19,1900,39565,0665,7,5,7,1942,0,0,0,F,0,,"SANTA MONICA BL","HIGHLAND ALY",40.00,W,N,A,-,N,,,,,,,,,,Y,4,0,2,2,A,-,01,23152,A,N,C,C,A,A,H,-,C,D,0,,,,,Y,Y,D,22,0,0,2,0,0,0,0,0,0,"- ","- ",,,"LOS ANGELES","LOS ANGELES",-118.33874406,34.090703419999997
5488695,2012,2013-06-13,1928,2012-01-23,0846,371,H506,1,5,5,1928,0,0,0,,0,0H1,"INGLEWOOD AV","117TH ST",0.00,,Y,C,-,N,,,,,,,,,,Y,4,0,1,2,A,-,01,23152,A,N,C,C,A,B,H,-,A,D,0,,,,,Y,Y,A,01,0,0,1,0,0,0,0,0,0,"- ","- ",,,"LOS ANGELES",HAWTHORNE,-118.36129227000001,33.928234949999997
5491908,2012,2013-09-18,9540,2012-01-15,0250,19598,,7,3,7,1942,0,1,1,,1,405,"RT 405","RINALDI ST",1397.00,N,N,A,-,Y,LA,7,405,-,-,48.070,H,-,S,Y,3,0,1,1,A,-,01,23152,A,N,E,I,A,A,H,-,D,D,1,,,,,Y,Y,A,01,0,1,0,0,0,0,0,0,0,"- ","- ",34.28284,-118.46906,"LOS ANGELES","LOS ANGELES",-118.46859790000001,34.28404038
5492263,2012,2013-06-22,9535,2012-01-28,2300,020003,,6,3,9,1900,0,2,4,,2,018,"BEVERLY BL","GERHART AVE",100.00,W,N,A,-,N,,,,,,,,,,Y,3,0,1,1,A,-,01,23152,A,N,A,I,A,A,H,-,C,D,0,,,,,Y,Y,A,01,0,1,0,0,0,0,0,0,0,"- ","- ",34.027160000000002,-118.14577,"LOS ANGELES",UNINCORPORATED,-118.14441581,34.026679209999998
5492969,2012,2013-06-22,1942,2012-01-28,2240,38204,1177,6,5,7,1942,0,0,0,K,0,2T15,"SAN FERNANDO RD","CARLETON AV",25.00,E,N,A,-,N,,,,,,,,,,Y,2,0,3,2,A,-,01,23152,A,N,A,C,A,A,H,-,C,D,0,,,,,Y,Y,A,01,1,1,1,0,0,0,0,0,0,"- ","- ",,,"LOS ANGELES","LOS ANGELES",-118.22717197,34.090335019999998
5493451,2012,2013-09-17,9590,2012-01-22,0255,20159,,7,3,7,1942,0,1,1,,2,012,"RT 110","PASADENA AV",150.00,S,N,A,-,Y,LA,7,110,-,-,26.450,H,-,N,Y,3,0,2,2,A,-,01,23152,A,N,B,C,A,A,H,-,C,D,1,,,,,Y,Y,A,07,0,1,1,0,0,0,0,0,0,"- ","- ",34.085839999999997,-118.21252,"LOS ANGELES","LOS ANGELES",-118.21258371,34.086427139999998
5493453,2012,2013-09-16,9590,2012-01-14,0125,20206,,6,3,7,1942,0,1,2,,2,070,"RT 101","VERMONT AV",100.00,S,N,A,-,Y,LA,7,101,-,-,4.300,H,-,N,Y,3,0,1,1,A,-,08,22107,,N,E,I,A,A,H,-,C,D,1,,,,,Y,Y,A,01,0,1,0,0,0,0,0,0,0,TO,"- ",34.07976,-118.29058999999999,"LOS ANGELES","LOS ANGELES",-118.2895518,34.079135489999999
5493454,2012,2013-09-16,9590,2012-01-22,0204,20122,,7,3,7,1942,0,1,2,,2,073,"RT 101","BARHAM BL",550.00,S,N,A,-,Y,LA,7,101,-,-,9.120,H,-,S,Y,4,0,1,3,A,-,01,23152,A,F,C,C,A,A,H,-,C,D,1,,,,,Y,Y,A,07,0,0,1,0,0,0,0,0,0,"- ","- ",34.128120000000003,-118.34621,"LOS ANGELES","LOS ANGELES",-118.34499577,34.126574570000002
5494296,2012,2013-06-10,1900,2012-01-04,1725,281365,,3,5,5,1977,0,0,0,,0,167T1,"TURMONT ST","DUNBROOKE AV",55.00,E,N,A,-,N,,,,,,,,,,Y,3,0,1,2,A,-,01,23152,A,F,G,B,E,A,H,-,C,D,0,Y,,,,Y,Y,A,01,0,1,0,0,1,0,0,0,0,"- ","- ",,,"LOS ANGELES",CARSON,-118.26408329,33.849487809999999
5494721,2012,2013-09-18,9550,2012-01-15,0025,20226,,7,3,5,1919,0,1,1,,2,652,"RT 605","SOUTH ST",700.00,N,N,A,-,Y,LA,7,605,-,R,3.923,R,2,S,Y,3,0,1,1,A,-,01,23152,A,N,E,I,A,A,H,-,C,D,1,,,,,Y,Y,A,01,0,1,0,0,0,0,0,0,0,TO,"- ",33.860349999999997,-118.09689,"LOS ANGELES",CERRITOS,-118.09752209,33.862244879999999
5495110,2012,2013-09-12,9580,2012-01-22,2207,19975,,7,3,7,1942,0,1,3,,2,115,"RT 118","CHATSWORTH DR",200.00,W,N,A,-,Y,LA,7,118,-,R,10.470,H,-,W,Y,3,0,1,1,A,-,01,23152,A,N,F,I,A,A,H,-,D,D,1,,,,,Y,Y,A,01,0,1,0,0,0,0,0,0,0,"- ","- ",34.426600000000001,-118.45851,"LOS ANGELES","LOS ANGELES",-118.45859532999999,34.266022749999998
5495232,2012,2013-09-17,1944,2012-01-08,0215,329,,7,5,4,1944,0,0,0,,0,,"SEPULVEDA BL","ARTESIA BL",88.00,N,N,A,-,Y,LA,7,1,-,-,21.930,H,-,N,Y,4,0,1,1,A,-,01,23152,A,N,E,I,A,A,H,-,C,D,0,,,,,Y,Y,A,01,0,0,1,0,0,0,0,0,0,"- ","- ",,,"LOS ANGELES","MANHATTAN BEACH",-118.39545723000001,33.872814429999998
5495701,2012,2013-06-06,1975,2012-01-07,0253,337,,6,5,6,1975,0,0,0,,0,003,"WILLOW AV","MERCED AV",498.00,S,N,A,-,N,,,,,,,,,,Y,3,0,1,3,A,-,01,23152,A,N,C,E,A,A,H,-,C,D,0,,,,,Y,Y,A,01,0,1,0,0,0,0,0,0,0,"- ","- ",,,"LOS ANGELES","WEST COVINA",-117.95671648,34.067306940000002
5496207,2012,2013-06-07,1953,2012-01-02,1554,1495,1953,1,5,6,1953,0,0,0,,0,003,"COLORADO BL","BERKELEY AV",100.00,W,N,A,-,N,,,,,,,,,,N,3,0,1,2,A,-,11,21954,A,N,G,B,D,A,H,-,A,D,0,Y,,,,Y,Y,N,60,0,1,0,0,1,0,0,0,0,"- ","- ",,,"LOS ANGELES",PASADENA,-118.11007194,34.146021400000002
5496344,2012,2013-07-09,1900,2012-01-21,0205,520682,0628,6,5,6,1985,0,0,0,,0,62T1,"WILEY CANYON RD","LA GLORITA CIR",155.00,S,N,C,-,N,,,,,,,,,,Y,3,0,1,1,A,-,01,23152,A,N,E,I,A,B,H,-,C,D,0,,,,,Y,Y,A,07,0,1,0,0,0,0,0,0,0,"- ","- ",,,"LOS ANGELES","SANTA CLARITA",-118.55763818,34.375968540000002
5498126,2012,2013-06-05,1900,2012-01-29,1135,499652,1132,7,5,6,1992,0,0,0,,0,112T1,"AVENUE I","DIVISION ST",0.00,,Y,A,-,N,,,,,,,,,,N,4,0,1,2,A,-,01,23153,A,F,C,C,A,A,H,-,A,A,0,,,,,Y,Y,A,01,0,0,1,0,0,0,0,0,0,"- ","- ",,,"LOS ANGELES",LANCASTER,-118.13048232,34.704044949999997
5498915,2012,2013-06-25,1942,2012-01-24,2200,38037,,2,5,7,1942,0,0,0,,0,18A3,"107TH ST","MAIN ST",30.00,E,N,A,-,N,,,,,,,,,,N,4,0,1,1,A,-,01,23152,A,N,E,I,A,A,H,-,C,D,0,,,,,Y,Y,A,07,0,0,1,0,0,0,0,0,0,"- ","- ",,,"LOS ANGELES","LOS ANGELES",-118.27380347,33.939314840000002
5499665,2012,2013-07-11,1912,2012-01-30,1100,13345,1912,1,5,6,1912,0,0,0,,0,00E,"W MAGNOLIA BL","LAKE ST",390.00,E,N,A,-,N,,,,,,,,,,N,4,0,1,2,B,-,22,,,F,G,B,F,A,H,-,A,D,0,Y,,,,Y,Y,-,"- ",0,0,1,0,1,0,0,0,0,"- ","- ",34.178330000000003,-118.31610999999999,"LOS ANGELES",BURBANK,-118.31650716999999,34.178546730000001
5500326,2012,2013-07-13,1900,2012-02-03,1650,480772,1264,5,5,3,1991,0,0,0,,0,121T1/,"OAK GROVE DR","FOOTHILL BL",845.00,S,N,A,-,N,,,,,,,,,,N,4,0,1,2,A,-,08,22107,,N,H,G,A,A,H,-,A,D,0,,Y,,,Y,Y,A,01,0,0,1,0,0,0,1,0,0,"- ","- ",,,"LOS ANGELES","LA CANADA-FLINTRIDGE",-118.17833464,34.191890919999999
5500381,2012,2013-07-13,1948,2012-02-05,2125,357,1948,7,5,5,1948,0,0,0,,0,001,"DELL DR","WANDERING DR",40.00,S,N,A,-,N,,,,,,,,,,Y,3,0,1,1,A,-,01,23152,A,N,E,I,A,A,H,-,D,D,0,,,,,Y,Y,-,"- ",0,1,0,0,0,0,0,0,0,"- ","- ",,,"LOS ANGELES","MONTEREY PARK",-118.14367323,34.047287660000002
5500576,2012,2013-06-08,1926,2012-01-08,1201,3114,,7,5,5,1926,0,0,0,,0,002,GLADSTONE,DELAY,220.00,E,N,A,-,N,,,,,,,,,,N,3,0,1,3,A,-,01,23153,A,N,G,B,F,A,H,-,A,A,0,Y,,,,Y,Y,A,01,0,1,0,0,1,0,0,0,0,"- ","- ",,,"LOS ANGELES",GLENDORA,-117.87450704,34.113954329999999
5502448,2012,2013-10-07,1941,2012-02-01,1405,5808,,3,5,7,1941,0,0,0,,0,,"GERALD DESMOND BR","PICO AV",2640.00,W,N,A,-,Y,LA,7,710,-,-,5.320,H,-,S,Y,3,0,1,2,A,-,03,22350,,N,C,C,A,A,H,-,A,D,0,,,Y,,Y,Y,C,,0,1,0,0,0,0,0,0,1,"- ","- ",,,"LOS ANGELES","LONG BEACH",-118.21200474,33.76682117
5502979,2012,2013-08-27,1942,2012-02-09,2030,38771,1735,4,5,7,1942,0,0,0,Q,0,9T55,"TRIBUNE ST","SHOSHONE AV",85.00,W,N,A,-,N,,,,,,,,,,Y,4,0,1,3,A,-,01,23152,A,N,D,E,A,A,H,-,D,A,0,,,,,Y,Y,A,01,0,0,1,0,0,0,0,0,0,"- ","- ",,,"LOS ANGELES","LOS ANGELES",-118.51783308,34.267297429999999
5502995,2012,2013-09-13,1942,2012-02-08,2025,37304,1703,3,5,7,1942,0,0,0,Q,0,15T43,"TAMPA AV","BRAEMORE RD",653.00,S,N,A,-,N,,,,,,,,,,Y,3,0,1,1,A,-,01,23152,A,N,E,I,A,A,H,-,C,D,0,,,,,Y,Y,A,07,0,1,0,0,0,0,0,0,0,"- ","- ",,,"LOS ANGELES","LOS ANGELES",-118.55608241,34.291811119999998
5504056,2012,2013-07-10,1956,2012-02-04,0058,1262,642,6,5,5,1956,0,0,0,,0,004,"ARTESIA BL","RINDGE LN",0.00,,Y,A,-,N,,,,,,,,,,Y,4,0,1,2,A,-,01,23152,A,N,D,D,A,A,H,-,C,A,0,,,,,Y,Y,A,01,0,0,1,0,0,0,0,0,0,"- ","- ",,,"LOS ANGELES","REDONDO BEACH",-118.37279232,33.872904910000003
5505914,2012,2013-06-15,1955,2012-01-29,1829,40590,91,7,5,6,1955,0,0,0,,0,004,"RESERVOIR ST","GRAND AV",0.00,,Y,A,-,N,,,,,,,,,,N,3,0,1,2,A,-,10,21950,A,F,G,B,B,A,H,-,C,A,0,Y,,,,Y,Y,A,01,0,1,0,0,1,0,0,0,0,"- ","- ",,,"LOS ANGELES",POMONA,-117.73235218000001,34.048254960000001
5506022,2012,2013-06-22,1900,2012-01-21,0400,510494,0628,6,5,6,1985,0,0,0,,0,62/E,"WILEY CANYON RD","WABUSKA ST",410.00,S,N,C,-,N,,,,,,,,,,Y,2,0,3,1,A,-,01,23152,A,N,E,I,A,B,H,-,C,D,0,,,,,Y,Y,A,01,3,0,0,0,0,0,0,0,0,"- ","- ",,,"LOS ANGELES","SANTA CLARITA",-118.55753956,34.371708069999997
5506847,2012,2013-06-29,1942,2012-02-04,0135,37575,0643,6,5,7,1942,0,0,0,F,0,6T7,"LA BREA AV","HAWTHORN AV",0.00,,Y,A,-,N,,,,,,,,,,N,3,0,1,2,A,-,10,21950,A,F,G,B,B,A,H,-,C,A,0,Y,,,,Y,Y,-,99,0,1,0,0,1,0,0,0,0,"- ","- ",,,"LOS ANGELES","LOS ANGELES",-118.34484223,34.100314930000003
5507599,2012,2013-06-26,1942,2012-01-27,0545,39835,2049,5,5,7,1942,0,0,0,,0,20T59,"JAMES M WOOD BL","HOOVER ST",35.00,W,N,B,-,N,,,,,,,,,,Y,4,0,1,2,A,-,01,23152,A,N,C,C,A,A,H,-,C,D,0,,,,,Y,Y,D,22,0,0,1,0,0,0,0,0,0,"- ","- ",,,"LOS ANGELES","LOS ANGELES",-118.28435786999999,34.055893279999999
5507918,2012,2013-07-13,9525,2012-02-23,0159,018232,,4,3,9,1900,0,3,5,,2,003,"RENAULT ST","VIDALIA AV",542.00,E,N,A,-,N,,,,,,,,,,Y,3,0,1,3,A,-,01,23152,A,M,C,E,A,A,H,-,C,D,0,,,,,Y,Y,D,22,0,1,0,0,0,0,0,0,0,"- ","- ",34.013339999999999,-117.90518,"LOS ANGELES",UNINCORPORATED,-117.90512113,34.013384870000003
5510632,2012,2013-09-20,9590,2012-02-21,2230,18065,,2,3,7,1942,0,1,1,,2,060,"RT 10","NORMANDIE AV",30.00,W,N,A,-,Y,LA,7,10,-,R,13.196,R,1,E,Y,4,0,1,2,A,-,01,23152,A,N,C,C,A,A,H,-,C,D,1,,,,,Y,Y,A,01,0,0,1,0,0,0,0,0,0,TO,"- ",34.037460000000003,-118.30108,"LOS ANGELES","LOS ANGELES",-118.30072989999999,34.03687489
5513077,2012,2013-07-13,1900,2012-02-17,2235,482517,1430,5,5,4,1937,0,0,0,,0,143K3,"TEMPLE AV","LEAGUE AV",155.00,W,N,A,-,N,,,,,,,,,,Y,4,0,1,3,A,-,01,23152,A,N,C,E,A,A,H,-,C,D,0,,,,,Y,Y,A,08,0,0,1,0,0,0,0,0,0,"- ","- ",,,"LOS ANGELES","LA PUENTE",-117.97203368,34.043597210000001
5513085,2012,2013-07-12,1900,2012-02-18,0300,482517,1432,6,5,4,1937,0,0,0,,0,143K3,"GLENDORA AV","MONTANA AV",5.00,N,N,A,-,N,,,,,,,,,,Y,3,0,1,1,A,-,01,23152,A,N,A,I,A,A,H,-,C,D,0,,,,,Y,Y,D,22,0,1,0,0,0,0,0,0,0,"- ","- ",,,"LOS ANGELES","LA PUENTE",-117.95074099999999,34.029578549999997
5513586,2012,2013-07-12,1942,2012-02-01,1715,32973,0421,3,5,7,1942,0,0,0,D,0,13TL22,"MAIN ST","AVENUE 17",0.00,,Y,A,-,N,,,,,,,,,,Y,4,0,1,2,A,-,01,23152,A,N,A,C,A,A,H,-,B,D,0,,,,,Y,Y,A,01,0,0,1,0,0,0,0,0,0,"- ","- ",,,"LOS ANGELES","LOS ANGELES",-118.22136221,34.066744890000002
5513834,2012,2013-06-22,1942,2012-01-24,2000,36698,0182,2,5,7,1942,0,0,0,A,0,11T21,"LA LIVE WY","PICO BL",25.00,S,N,A,-,N,,,,,,,,,,N,3,0,1,2,A,-,11,21954,A,N,G,B,D,A,H,-,C,A,0,Y,,,,Y,Y,N,60,0,1,0,0,1,0,0,0,0,"- ","- ",,,"LOS ANGELES","LOS ANGELES",-118.271832,34.042211999999999
5515586,2012,2013-07-09,1942,2012-02-28,1800,36160,0497,2,5,7,1942,0,0,0,D,0,11TL32,"ALVARADO ST","WILSHIRE BL",150.00,S,N,A,-,N,,,,,,,,,,N,3,0,1,2,A,-,11,21955,,N,G,B,D,A,H,-,C,D,0,Y,,,,Y,Y,N,60,0,1,0,0,1,0,0,0,0,"- ","- ",,,"LOS ANGELES","LOS ANGELES",-118.2761189,34.057579320000002
5517979,2012,2013-06-15,1947,2012-01-31,0230,1383,,2,5,5,1947,0,0,0,,0,00B,"VIA CAMPO","VAIL AV",33.00,W,N,A,-,N,,,,,,,,,,Y,4,0,1,3,A,-,01,23152,A,N,C,C,A,A,H,-,C,A,0,,,,,Y,Y,A,01,0,0,1,0,0,0,0,0,0,"- ","- ",,,"LOS ANGELES",MONTEBELLO,-118.11815074,34.032908880000001
5518486,2012,2013-06-29,1931,2012-02-23,0054,5294,1931,4,5,5,1931,0,0,0,,0,003,"ALAMEDA ST","FLORENCE AV",60.00,N,N,A,-,N,,,,,,,,,,Y,4,0,1,3,A,-,03,22350,,N,C,C,A,A,H,-,C,A,0,,,,,Y,Y,A,01,0,0,1,0,0,0,0,0,0,"- ","- ",,,"LOS ANGELES","HUNTINGTON PARK",-118.23480639,33.974936909999997
5518675,2012,2013-06-26,1920,2012-02-26,2132,11241,1920,7,5,6,1920,0,0,0,,0,002,"OLD RIVER SCHOOL RD","QUILL DR",15.00,S,N,A,-,N,,,,,,,,,,Y,3,0,2,1,A,-,08,22107,,N,E,I,A,A,H,-,C,A,0,,,,,Y,Y,A,,0,2,0,0,0,0,0,0,0,"- ","- ",,,"LOS ANGELES",DOWNEY,-118.16010199,33.93198718
5519248,2012,2013-07-13,1942,2012-02-17,0945,39701,1792,5,5,7,1942,0,0,0,Q,0,17TL15,"CORBIN AV","ROSCOE BL",15.00,S,N,A,-,N,,,,,,,,,,N,4,0,1,2,A,-,04,21703,,F,C,C,A,A,H,-,A,A,0,,,,,Y,Y,-,99,0,0,1,0,0,0,0,0,0,"- ","- ",,,"LOS ANGELES","LOS ANGELES",-118.56232224999999,34.220283709999997
5519700,2012,2013-07-08,1942,2012-02-25,2315,37686,0835,6,5,7,1942,0,0,0,H,0,8T35,"GREENFIELD AV","OLYMPIC BL",0.00,,Y,A,-,N,,,,,,,,,,Y,3,0,3,2,A,-,01,23152,A,N,D,C,A,A,H,-,C,A,0,,,,,Y,Y,A,07,0,2,1,0,0,0,0,0,0,"- ","- ",,,"LOS ANGELES","LOS ANGELES",-118.43533222000001,34.041744870000002
5520642,2012,2013-07-22,1942,2012-03-18,1910,40712,334,7,5,7,1942,0,0,0,,0,3A99,"CRENSHAW BL","30TH ST",15.00,N,N,A,-,N,,,,,,,,,,Y,4,0,1,2,A,-,01,23152,A,N,C,C,A,A,H,-,C,A,0,,,,,Y,Y,A,01,0,0,1,0,0,0,0,0,0,"- ","- ",,,"LOS ANGELES","LOS ANGELES",-118.3351522,34.02765599
5520820,2012,2013-08-03,1920,2012-03-18,0200,12323,,7,5,6,1920,0,0,0,,0,005,"PARAMOUNT BL","5TH ST",1.00,N,N,C,-,N,,,,,,,,,,N,3,0,3,2,A,-,09,21801,A,N,D,C,A,B,H,-,C,A,0,,,,,Y,Y,A,,0,1,2,0,0,0,0,0,0,"- ","- ",,,"LOS ANGELES",DOWNEY,-118.13536031,33.946387119999997
5520982,2012,2013-07-26,1925,2012-03-19,1540,15408,223,1,5,6,1925,0,0,0,,0,002,"CENTRAL AV","PIONEER AV",5.00,N,N,A,-,N,,,,,,,,,,N,4,0,1,2,A,-,03,22350,,F,C,C,A,A,H,-,A,A,0,,,,,Y,Y,A,,0,0,1,0,0,0,0,0,0,"- ","- ",,,"LOS ANGELES",GLENDALE,-118.2579722,34.155258580000002
5521709,2012,2013-07-05,1942,2012-02-13,0110,38204,1383,1,5,7,1942,0,0,0,M,0,4TL43,"MAIN ST","GAGE AV",20.00,S,N,A,-,N,,,,,,,,,,Y,3,0,1,2,A,-,05,21650,,N,A,C,A,A,H,-,C,A,0,,,,,Y,Y,A,01,0,1,0,0,0,0,0,0,0,"- ","- ",,,"LOS ANGELES","LOS ANGELES",-118.27395219,33.98236
5522279,2012,2013-07-13,1901,2012-02-03,2005,248,17,5,5,5,1901,0,0,0,,0,004,"SHORB ST",CAMPBELL,95.00,W,N,A,-,N,,,,,,,,,,Y,3,0,1,1,A,-,01,23152,A,N,H,I,A,A,H,-,C,D,0,,,,,Y,Y,A,01,0,1,0,0,0,0,0,0,0,"- ","- ",,,"LOS ANGELES",ALHAMBRA,-118.14353524000001,34.079374860000001
5523006,2012,2013-10-04,9550,2012-03-10,1730,020227,,6,2,9,1900,0,3,5,,2,001,"WASHINGTON BL","RT 605",200.00,W,N,A,-,Y,LA,7,605,-,R,11.961,R,4,S,N,4,0,1,2,A,-,11,21950,B,N,G,B,E,A,H,-,B,D,1,Y,,,,Y,Y,N,60,0,0,1,0,1,0,0,0,0,"- ","- ",33.591000000000001,-117.5321,"LOS ANGELES",UNINCORPORATED,-118.08058588,33.972855090000003
5523093,2012,2013-09-18,1942,2012-03-14,2200,37911,,3,5,7,1942,0,0,0,,0,089837,"ROBERTSON BL","KINCARDINE AV",20.00,N,N,B,-,N,,,,,,,,,,Y,4,0,2,2,A,-,01,23153,A,N,C,C,A,A,H,-,C,D,0,,,,,Y,Y,D,22,0,0,2,0,0,0,0,0,0,"- ","- ",,,"LOS ANGELES","LOS ANGELES",-118.38993007000001,34.032976509999997
5524903,2012,2013-10-07,9550,2012-02-14,2125,15040,,2,2,5,1908,0,1,3,,2,091,"RT 91","DOWNEY AV",500.00,E,N,A,-,Y,LA,7,91,-,R,14.220,H,-,W,Y,3,0,1,2,A,-,01,23152,,N,C,C,A,A,H,-,D,D,1,,,Y,,Y,Y,C,02,0,1,0,0,0,0,0,0,1,"- ","- ",33.877110000000002,-118.14788,"LOS ANGELES",BELLFLOWER,-118.14766727999999,33.877118969999998