CASE_ID,ACCIDENT_YEAR,PROC_DATE,JURIS,COLLISION_DATE,COLLISION_TIME,OFFICER_ID,REPORTING_DISTRICT,DAY_OF_WEEK,CHP_SHIFT,POPULATION,CNTY_CITY_LOC,SPECIAL_COND,BEAT_TYPE,CHP_BEAT_TYPE,CITY_DIVISION_LAPD,CHP_BEAT_CLASS,BEAT_NUMBER,PRIMARY_RD,SECONDARY_RD,DISTANCE,DIRECTION,INTERSECTION,WEATHER_1,WEATHER_2,STATE_HWY_IND,CALTRANS_COUNTY,CALTRANS_DISTRICT,STATE_ROUTE,ROUTE_SUFFIX,POSTMILE_PREFIX,POSTMILE,LOCATION_TYPE,RAMP_INTERSECTION,SIDE_OF_HWY,TOW_AWAY,COLLISION_SEVERITY,NUMBER_KILLED,NUMBER_INJURED,PARTY_COUNT,PRIMARY_COLL_FACTOR,PCF_CODE_OF_VIOL,PCF_VIOL_CATEGORY,PCF_VIOLATION,PCF_VIOL_SUBSECTION,HIT_AND_RUN,TYPE_OF_COLLISION,MVIW,PED_ACTION,ROAD_SURFACE,ROAD_COND_1,ROAD_COND_2,LIGHTING,CONTROL_DEVICE,CHP_ROAD_TYPE,PEDESTRIAN_ACCIDENT,BICYCLE_ACCIDENT,MOTORCYCLE_ACCIDENT,TRUCK_ACCIDENT,NOT_PRIVATE_PROPERTY,ALCOHOL_INVOLVED,STWD_VEHTYPE_AT_FAULT,CHP_VEHTYPE_AT_FAULT,COUNT_SEVERE_INJ,COUNT_VISIBLE_INJ,COUNT_COMPLAINT_PAIN,COUNT_PED_KILLED,COUNT_PED_INJURED,COUNT_BICYCLIST_KILLED,COUNT_BICYCLIST_INJURED,COUNT_MC_KILLED,COUNT_MC_INJURED,PRIMARY_RAMP,SECONDARY_RAMP,LATITUDE,LONGITUDE,COUNTY,CITY,POINT_X,POINT_Y
5788215,2012,2013-11-25,9575,2012-08-12,0325,19920,,7,3,7,1942,0,1,1,,2,052,"RT 5","SHELDON ST",2500.00,N,N,A,-,Y,LA,7,5,-,-,36.470,H,-,N,Y,3,0,1,1,A,-,01,23152,A,N,E,I,A,A,H,-,C,D,1,,,,,Y,Y,A,01,0,1,0,0,0,0,0,0,0,"- ","- ",34.232239999999997,-118.40812,"LOS ANGELES","LOS ANGELES",-118.410937,34.23436573
5789072,2012,2013-12-02,1942,2012-08-31,2310,31745,338,5,5,7,1942,0,0,0,,0,3T5,"JEFFERSON BL","WALTON AV",8.00,E,N,A,-,N,,,,,,,,,,Y,3,0,2,1,A,-,03,22350,,N,D,I,A,A,H,-,C,A,0,,,,,Y,Y,A,01,0,1,1,0,0,0,0,0,0,"- ","- ",,,"LOS ANGELES","LOS ANGELES",-118.29483584,34.025504849999997
5789087,2012,2013-12-03,1942,2012-08-01,2330,37849,667,3,5,7,1942,0,0,0,,0,14T47,"SUNSET BL","EL CENTRO AV",7.00,W,N,A,-,N,,,,,,,,,,N,4,0,1,2,A,-,11,21456,B,N,G,B,B,A,H,-,C,A,0,Y,,,,Y,Y,N,60,0,0,1,0,1,0,0,0,0,"- ","- ",,,"LOS ANGELES","LOS ANGELES",-118.32376528,34.098014540000001
5789615,2012,2013-11-27,1942,2012-08-09,2200,39262,2064,4,5,7,1942,0,0,0,,0,7T23,"PICO BL","KINGSLEY DR",85.00,W,N,A,-,N,,,,,,,,,,N,4,0,3,3,A,-,01,23152,A,N,C,C,A,A,H,-,C,D,0,,,,,Y,Y,A,08,0,0,3,0,0,0,0,0,0,"- ","- ",,,"LOS ANGELES","LOS ANGELES",-118.30341224999999,34.04720485
5789623,2012,2013-11-27,1942,2012-08-04,0615,31000,642,6,5,7,1942,0,0,0,,0,7TL23,"SUNSET BL","FAIRFAX AV",40.00,W,N,A,-,N,,,,,,,,,,Y,3,0,2,3,A,-,01,23152,A,N,C,C,A,A,H,-,B,D,0,,,,,Y,Y,A,07,0,1,1,0,0,0,0,0,0,"- ","- ",,,"LOS ANGELES","LOS ANGELES",-118.36168409,34.098044680000001
5789651,2012,2013-11-27,1942,2012-08-09,1235,39096,1521,4,5,7,1942,0,0,0,O,0,9T54,"SHERMAN WY","VARNA AV",0.00,,Y,A,-,N,,,,,,,,,,N,3,0,1,2,A,-,09,21801,A,F,D,G,A,A,H,-,A,A,0,,Y,,,Y,Y,-,99,0,1,0,0,0,0,1,0,0,"- ","- ",,,"LOS ANGELES","LOS ANGELES",-118.42472227,34.201184949999998
5789730,2012,2013-11-21,1942,2012-08-04,0115,38477,1981,6,5,7,1942,0,0,0,,0,15T45,"ROSCOE BL","SEPULVEDA BL",100.00,E,N,A,-,N,,,,,,,,,,Y,4,0,2,1,A,-,01,23152,A,N,E,I,A,A,H,-,C,A,0,,,,,Y,Y,A,01,0,0,2,0,0,0,0,0,0,"- ","- ",,,"LOS ANGELES","LOS ANGELES",-118.46741203000001,34.22140486
5790052,2012,2013-11-23,1962,2012-08-16,2214,054,1962,4,5,4,1962,0,0,0,,0,015,"SAN GABRIEL BL","MARSHALL ST",0.00,,Y,A,-,N,,,,,,,,,,Y,4,0,1,2,A,-,01,23152,A,N,C,C,A,A,H,-,C,A,0,,,,,Y,Y,A,01,0,0,1,0,0,0,0,0,0,"- ","- ",,,"LOS ANGELES","SAN GABRIEL",-118.09075224999999,34.075184980000003
5790660,2012,2014-04-15,1942,2012-08-16,0615,35817,1444/,4,5,7,1942,0,0,0,N,0,14A45,"LINCOLN BL",WASHINGTON,0.00,,Y,A,-,Y,LA,7,1,-,-,31.780,I,5,N,N,4,0,1,2,A,-,11,21456,B,N,G,B,B,A,H,-,A,A,0,Y,,,,Y,Y,N,60,0,0,1,0,1,0,0,0,0,"- ","- ",,,"LOS ANGELES","LOS ANGELES",-118.44773035,33.99039381
5790796,2012,2013-11-23,1901,2012-08-20,2308,117,3,1,5,5,1901,0,0,0,,0,022,"HAMPDEN TER",GLENRIDGE,200.00,W,N,A,-,N,,,,,,,,,,Y,2,0,2,1,A,-,01,23152,A,N,E,I,A,A,H,-,D,D,0,,,,,Y,Y,A,01,1,0,1,0,0,0,0,0,0,"- ","- ",,,"LOS ANGELES",ALHAMBRA,-118.15607352000001,34.09062995
5790988,2012,2013-11-20,9540,2012-08-08,1700,13644,,3,2,9,1900,0,1,1,,2,506,"RT 5","CALGROVE BL",2112.00,N,N,A,-,Y,LA,7,5,-,R,49.460,H,-,S,N,4,0,1,3,A,-,03,22350,,M,C,C,A,A,D,H,A,D,1,,,,,Y,Y,A,08,0,0,1,0,0,0,0,0,0,"- ","- ",,,"LOS ANGELES",UNINCORPORATED,-118.55880669,34.368043749999998
5791209,2012,2013-12-23,1928,2012-10-14,2205,368,514,7,5,5,1928,0,0,0,,0,0H4,"HAWTHORN BL","ROSECRANS AV",158.00,N,N,A,-,N,,,,,,,,,,N,3,0,1,2,A,-,11,21954,A,N,G,B,E,A,H,-,C,D,0,Y,,,,Y,Y,N,60,0,1,0,0,1,0,0,0,0,"- ","- ",,,"LOS ANGELES",HAWTHORNE,-118.352422,33.902346000000001
5791625,2012,2013-11-16,1941,2012-08-18,2219,10027,,6,5,7,1941,0,0,0,,0,,"CHERRY AV","68TH ST",0.00,,Y,A,-,N,,,,,,,,,,Y,4,0,1,2,A,-,"- ",,,F,C,C,A,A,H,-,C,A,0,,,,,Y,Y,A,,0,0,1,0,0,0,0,0,0,"- ","- ",,,"LOS ANGELES","LONG BEACH",-118.16878226999999,33.878274869999998
5792595,2012,2013-11-16,9580,2012-08-26,1845,19903,,7,2,7,1942,0,1,3,,2,170,"RT 170","VICTORY BL",300.00,N,N,A,-,Y,LA,7,170,-,R,17.418,R,2,N,Y,3,0,1,1,A,-,08,22107,,N,E,I,A,A,H,-,A,D,1,,,,,Y,Y,A,07,0,1,0,0,0,0,0,0,0,FR,"- ",34.187309999999997,-118.40076999999999,"LOS ANGELES","LOS ANGELES",-118.40192217000001,34.190594900000001
5793440,2012,2013-11-12,1942,2012-07-09,0245,39927,643,1,5,7,1942,0,0,0,,0,6Z1,"FRANKLIN AV","LA BREA AV",0.00,,Y,A,-,N,,,,,,,,,,N,4,0,1,2,A,-,12,21453,A,N,D,C,A,A,H,-,C,A,0,,,,,Y,Y,-,"- ",0,0,1,0,0,0,0,0,0,"- ","- ",,,"LOS ANGELES","LOS ANGELES",-118.34587227999999,34.10369489
5794898,2012,2013-10-18,1900,2012-07-04,2230,177805,0974,3,5,4,1979,0,0,0,,0,92T2,"FOUNTAIN AV","CURSON AV",0.00,,Y,A,-,N,,,,,,,,,,N,4,0,2,2,A,-,03,22350,,M,C,C,A,A,H,-,C,D,0,,,Y,,Y,Y,A,07,0,0,2,0,0,0,0,0,2,"- ","- ",,,"LOS ANGELES","WEST HOLLYWOOD",-118.35502228999999,34.094394880000003
5795722,2012,2013-11-09,1905,2012-08-26,1409,1141,311,7,5,4,1905,0,0,0,,0,062,"SAN GABRIEL AV","6TH ST",71.00,N,N,A,-,N,,,,,,,,,,Y,3,0,1,1,A,-,08,22107,,N,E,I,A,A,H,-,A,A,0,,Y,,,Y,Y,L,04,0,1,0,0,0,0,1,0,0,"- ","- ",,,"LOS ANGELES",AZUSA,-117.90883106,34.131869520000002
5796096,2012,2013-12-14,1942,2012-08-09,0200,35471,1615,4,5,7,1942,0,0,0,P,0,21T63,"OSBORNE ST","FOOTHILL BL",30.00,E,N,A,-,N,,,,,,,,,,Y,3,0,1,1,A,-,03,22350,,N,E,I,A,A,H,-,C,A,0,,,,,Y,Y,A,01,0,1,0,0,0,0,0,0,0,"- ","- ",,,"LOS ANGELES","LOS ANGELES",,
5796117,2012,2013-11-20,1941,2012-08-14,0225,5234,,2,5,7,1941,0,0,0,,0,,ALAMITOS,"7TH ST",0.00,,Y,A,-,N,,,,,,,,,,Y,3,0,3,2,A,-,01,23153,A,N,D,C,A,A,H,-,C,A,0,,,,,Y,Y,A,,0,3,0,0,0,0,0,0,0,"- ","- ",,,"LOS ANGELES","LONG BEACH",-118.18026226000001,33.77531484
5796187,2012,2014-02-10,1931,2012-07-17,1549,5603,1931,2,5,5,1931,0,0,0,,0,001,"ALAMEDA ST","GAGE AV",350.00,N,N,A,-,N,,,,,,,,,,Y,4,0,1,6,A,-,03,22350,,N,C,C,A,A,H,-,A,D,0,,,,,Y,Y,A,01,0,0,1,0,0,0,0,0,0,"- ","- ",,,"LOS ANGELES","HUNTINGTON PARK",-118.23646336,33.982642060000003
5796267,2012,2014-03-28,1900,2012-07-07,0019,487233,1516,6,5,5,1954,0,0,0,,0,151T3,"TELEGRAPH RD","PARAMOUNT BL",0.00,,N,A,-,N,,,,,,,,,,N,4,0,1,2,A,-,03,22350,,N,D,C,A,A,H,-,C,A,0,,,,,Y,Y,A,01,0,0,1,0,0,0,0,0,0,"- ","- ",,,"LOS ANGELES","PICO RIVERA",-118.11575222,33.967074920000002
5797348,2012,2013-11-16,9545,2012-08-06,1542,015021,,1,2,9,1900,0,1,3,,2,011,"RT 14","AV B",1584.00,S,N,A,-,Y,LA,7,14,-,R,75.710,H,-,S,Y,3,0,2,2,A,-,01,23152,A,F,B,C,A,A,H,-,A,D,1,,,,,Y,Y,A,01,0,1,1,0,0,0,0,0,0,"- ","- ",34.799979999999998,-118.17074,"LOS ANGELES",UNINCORPORATED,-118.17110544000001,34.801609769999999
5797704,2012,2013-11-16,1900,2012-08-06,2210,510494,0631,1,5,6,1985,0,0,0,,0,61T1E,"SIERRA HWY","LINDA VISTA ST",450.00,S,N,A,-,N,,,,,,,,,,Y,3,0,2,1,A,-,01,23152,A,N,E,I,A,A,H,-,C,D,0,,,,,Y,Y,A,01,0,1,1,0,0,0,0,0,0,"- ","- ",,,"LOS ANGELES","SANTA CLARITA",-118.43952,34.432991999999999
5800998,2012,2013-12-02,1942,2012-09-07,1300,36190,0166,5,5,7,1942,0,0,0,A,0,1X32,"SAN JULIAN ST","6TH ST",250.00,S,N,A,-,N,,,,,,,,,,N,3,0,1,2,A,-,21,22106,,N,G,B,E,A,H,-,A,D,0,Y,,,,Y,Y,A,01,0,1,0,0,1,0,0,0,0,"- ","- ",,,"LOS ANGELES","LOS ANGELES",-118.24664443,34.042272019999999
5801471,2012,2013-12-12,1900,2012-09-24,0632,252340,2821,1,5,5,1915,0,0,0,,0,285DAY,"ALAMEDA ST","MEALY ST",98.00,N,N,A,-,N,,,,,,,,,,Y,2,0,1,2,A,-,01,23153,B,F,A,C,A,A,H,-,A,D,0,,,,,Y,Y,A,07,1,0,0,0,0,0,0,0,0,"- ","- ",,,"LOS ANGELES",COMPTON,-118.22196169,33.90584157
5801658,2012,2013-12-12,9525,2012-09-09,0119,19970,,7,3,4,1974,0,1,1,,2,105,"RT 10","HOLT AV",500.00,E,N,B,-,Y,LA,7,10,-,-,39.100,H,-,W,Y,4,0,1,1,A,-,08,22107,,N,E,I,A,A,H,-,D,D,1,,,,,Y,Y,A,07,0,0,1,0,0,0,0,0,0,"- ","- ",34.068339999999999,-117.85571,"LOS ANGELES",WALNUT,-117.86291120999999,34.069558440000002
5804694,2012,2013-12-19,1942,2012-10-07,2120,38273,1651,7,5,7,1942,0,0,0,P,0,15T45,"LAUREL CANYON BL","BRANFORD ST",0.00,,Y,A,-,N,,,,,,,,,,Y,4,0,1,2,A,-,01,23152,A,N,D,C,A,A,H,-,C,A,0,,,,,Y,Y,A,01,0,0,1,0,0,0,0,0,0,"- ","- ",,,"LOS ANGELES","LOS ANGELES",-118.4132223,34.24089498
5806113,2012,2013-12-19,1942,2012-10-22,1245,37740,1827,1,5,7,1942,0,0,0,R,0,18T23,"103RD ST","GRAPE ST",100.00,W,N,A,-,N,,,,,,,,,,N,3,0,1,2,A,-,05,21202,A,N,B,G,A,A,H,-,A,D,0,,Y,,,Y,Y,L,04,0,1,0,0,0,0,1,0,0,"- ","- ",,,"LOS ANGELES","LOS ANGELES",-118.23727123,33.943124840000003
5807089,2012,2014-03-19,1942,2012-09-08,2230,40852,0182,6,5,7,1942,0,0,0,A,0,1A61,"PICO BL","GRAND AV",0.00,,Y,A,-,N,,,,,,,,,,N,4,0,1,2,A,-,11,21456,B,F,G,B,B,A,H,-,C,A,0,Y,,,,Y,Y,N,60,0,0,1,0,1,0,0,0,0,"- ","- ",,,"LOS ANGELES","LOS ANGELES",-118.26433228,34.038884930000002
5807297,2012,2013-12-23,1953,2012-10-26,2500,7720,1953,5,5,6,1953,0,0,0,,0,002,"GARFIELD AV","ATCHISON ST",50.00,N,N,A,-,N,,,,,,,,,,Y,2,0,1,2,A,-,01,23152,A,N,C,E,A,A,H,-,C,D,0,,,,,Y,Y,A,01,1,0,0,0,0,0,0,0,0,"- ","- ",,,"LOS ANGELES",PASADENA,-118.14389217999999,34.175801980000003
5807416,2012,2013-12-21,1912,2012-10-05,2133,11832,,5,5,6,1912,0,0,0,,0,,"BUENA VISTA ST","MAGNOLIA BL",230.00,S,N,A,-,N,,,,,,,,,,Y,3,0,1,2,A,-,01,23152,A,N,C,E,A,A,H,-,C,D,0,,,,,Y,Y,A,01,0,1,0,0,0,0,0,0,0,"- ","- ",34.171340000000001,-118.33447,"LOS ANGELES",BURBANK,-118.33453869,34.171399729999997
5807457,2012,2013-12-21,1905,2012-10-13,1115,1138,131,6,5,4,1905,0,0,0,,0,061,"AZUSA AV","PARAMOUNT ST",0.00,,Y,A,-,N,,,,,,,,,,Y,4,0,1,3,A,-,01,23152,A,F,C,C,A,A,H,-,A,D,0,,,,,Y,Y,A,01,0,0,1,0,0,0,0,0,0,"- ","- ",,,"LOS ANGELES",AZUSA,-117.90772215,34.118024939999998
5807485,2012,2013-12-21,9590,2012-10-09,2135,20351,,2,2,7,1942,0,1,1,,2,013,"RT 110","AVE 43",700.00,N,N,A,-,Y,LA,7,110,-,-,27.250,H,-,S,Y,3,0,1,1,A,-,01,23152,A,N,E,I,A,A,G,-,C,D,1,,,Y,,Y,Y,C,02,0,1,0,0,0,0,0,0,1,"- ","- ",34.098309999999998,-118.20363999999999,"LOS ANGELES","LOS ANGELES",-118.20556992,34.095415610000003
5808312,2012,2013-11-21,1942,2012-08-17,0300,34619,0952,5,5,7,1942,0,0,0,I,0,9A63,"KESTER AV","ALBERS ST",108.00,N,N,A,-,N,,,,,,,,,,Y,4,0,1,3,A,-,01,23152,A,N,B,E,A,A,H,-,C,A,0,,,,,Y,Y,A,01,0,0,1,0,0,0,0,0,0,"- ","- ",,,"LOS ANGELES","LOS ANGELES",-118.45746059,34.170591090000002
5808314,2012,2013-12-20,1976,2012-10-05,2121,203,,5,5,5,1976,0,0,0,,0,,"PAINTER AV","OVAL DR",0.00,,Y,A,-,N,,,,,,,,,,Y,4,0,1,3,A,-,01,23152,A,N,D,C,A,A,H,-,C,A,0,,,,,Y,Y,A,01,0,0,1,0,0,0,0,0,0,"- ","- ",,,"LOS ANGELES",WHITTIER,-118.04073227000001,33.955504869999999
5809901,2012,2013-11-21,1942,2012-08-25,2205,32896,2136,6,5,7,1942,0,0,0,,0,21T63,"TOPANGA CANYON BL","CANTLAY ST",104.00,N,N,A,-,N,,,,,,,,,,N,2,0,1,2,A,-,11,21956,A,N,G,B,D,A,H,-,C,A,0,Y,,,,Y,Y,N,60,1,0,0,0,1,0,0,0,0,"- ","- ",,,"LOS ANGELES","LOS ANGELES",-118.60595902,34.202240140000001
5810141,2012,2013-11-09,1942,2012-08-27,1940,40638,1823,1,5,7,1942,0,0,0,R,0,18T23,"CENTURY BL","SAN PEDRO ST",200.00,W,N,A,-,N,,,,,,,,,,N,4,0,1,2,A,-,09,21804,A,F,D,C,A,A,H,-,C,D,0,,,,,Y,Y,-,99,0,0,1,0,0,0,0,0,0,"- ","- ",,,"LOS ANGELES","LOS ANGELES",-118.27021032,33.945584840000002
5810149,2012,2013-11-09,1942,2012-08-11,2330,40638,1823,6,5,7,1942,0,0,0,R,0,12T41,"CENTURY BL","SAN PEDRO",10.00,W,N,A,-,N,,,,,,,,,,Y,4,0,3,2,A,-,"- ",,,N,C,C,A,A,H,-,C,A,0,,,,,Y,Y,A,01,0,0,3,0,0,0,0,0,0,"- ","- ",,,"LOS ANGELES","LOS ANGELES",-118.26958509000001,33.945584840000002
5810154,2012,2013-11-09,1900,2012-08-19,2330,533024,2834,7,5,5,1915,0,0,0,,0,286B,"CENTRAL AV","ARTESIA BL",0.00,,Y,A,-,N,,,,,,,,,,Y,4,0,1,3,-,-,"- ",,,F,C,C,A,A,H,-,C,A,0,,,,,Y,Y,-,"- ",0,0,1,0,0,0,0,0,0,"- ","- ",,,"LOS ANGELES",COMPTON,-118.24880220999999,33.873984880000002
5810214,2012,2013-11-27,1976,2012-08-10,0128,851,,5,5,3,1964,0,0,0,,0,,"LOS NIETOS RD","NORWALK BL",402.00,E,N,B,-,N,,,,,,,,,,Y,3,0,1,1,A,-,01,23152,A,N,E,I,A,A,H,-,C,D,0,,,,,Y,Y,A,01,0,1,0,0,0,0,0,0,0,"- ","- ",,,"LOS ANGELES","SANTA FE SPRINGS",-118.07019903,33.957037909999997
5810567,2012,2013-11-15,1942,2012-08-17,0900,40975,646,5,5,7,1942,0,0,0,,0,6A45,"SUNSET BL","MCCADDEN PL",0.00,,Y,A,-,N,,,,,,,,,,Y,3,0,1,2,A,-,09,21802,A,N,D,C,A,A,H,-,A,A,0,,,,,Y,Y,A,01,0,1,0,0,0,0,0,0,0,"- ","- ",,,"LOS ANGELES","LOS ANGELES",-118.3380823,34.097974960000002
5811931,2012,2013-11-27,9580,2012-08-18,0023,19326,,6,3,9,1900,0,3,5,,2,013,"MUREAU RD","MOUNTAIN VIEW AV",2974.00,W,N,A,-,N,,,,,,,,,,Y,2,0,1,1,A,-,01,23152,A,N,E,I,A,A,H,-,D,D,0,,,,,Y,Y,A,01,1,0,0,0,0,0,0,0,0,"- ","- ",34.152329999999999,-118.68995,"LOS ANGELES",UNINCORPORATED,,
5812638,2012,2013-12-04,9590,2012-09-30,0512,19780,,7,3,7,1942,0,1,1,,2,062,"RT 10","VERMONT AV",87.00,W,N,A,-,Y,LA,7,10,-,R,13.780,H,-,E,Y,3,0,1,1,A,-,01,23152,A,N,E,I,A,A,H,-,C,D,1,,,,,Y,Y,A,01,0,1,0,0,0,0,0,0,0,"- ","- ",34.036900000000003,-118.29292,"LOS ANGELES","LOS ANGELES",-118.29034715,34.036805319999999
5813247,2012,2013-11-15,1942,2012-08-12,1840,39096,1792,7,5,7,1942,0,0,0,Q,0,9TL54,"ROSCOE BL","PENFIELD AV",56.00,W,N,A,-,N,,,,,,,,,,Y,2,0,2,2,A,-,05,21650,1,N,D,G,A,A,H,-,A,D,0,,Y,,,Y,Y,L,04,1,1,0,0,0,0,1,0,0,"- ","- ",,,"LOS ANGELES","LOS ANGELES",-118.56906707,34.220229420000003
5813466,2012,2013-11-15,1969,2012-08-04,1525,10097,PATRO,6,5,5,1969,0,0,0,,0,0A3,"SAN JUAN AV","TWEEDY BL",501.00,S,N,A,-,N,,,,,,,,,,N,3,0,2,3,A,-,21,22106,,F,D,C,A,A,H,-,A,D,0,,,,,Y,Y,-,"- ",0,1,1,0,0,0,0,0,0,"- ","- ",,,"LOS ANGELES","SOUTH GATE",-118.20330592000001,33.942567769999997
5813718,2012,2013-11-19,9580,2012-08-17,0225,019351,,5,3,7,1942,0,1,2,,2,104,"RT 101","VALLEY CIRCLE BL",2640.00,S,N,A,-,Y,LA,7,101,-,-,26.840,H,-,N,N,4,0,1,1,A,-,01,23152,A,N,E,I,A,A,H,-,C,D,1,,,,,Y,Y,A,01,0,0,1,0,0,0,0,0,0,"- ","- ",34.158470000000001,-118.63714,"LOS ANGELES","LOS ANGELES",-118.62892537,34.162670079999998
5815285,2012,2013-03-21,9565,2012-08-20,0330,20343,,1,3,7,1942,0,1,1,,2,083,"RT 10","CATTARAUGUS AV",465.00,E,N,A,-,Y,LA,7,10,-,R,8.390,H,-,E,Y,3,0,2,2,A,-,01,23152,A,N,B,C,A,A,G,H,D,D,1,,,,,Y,Y,A,01,0,1,1,0,0,0,0,0,0,"- ","- ",34.03434,-118.38549999999999,"LOS ANGELES","LOS ANGELES",-118.38292182000001,34.035474790000002
5815801,2013,2013-04-16,1942,2013-03-06,2328,40440,1802,3,5,7,1942,0,0,0,R,0,12T41,"FIGUEROA ST","92ND ST",44.00,N,N,C,-,N,,,,,,,,,,Y,3,0,3,2,A,-,01,23152,A,N,C,C,A,B,H,-,C,D,0,,,,,Y,Y,A,01,0,1,2,0,0,0,0,0,0,"- ","- ",,,"LOS ANGELES","LOS ANGELES",-118.28271220000001,33.952925499999999
5816564,2012,2013-05-15,1942,2012-09-02,0033,20346,,7,5,7,1942,0,0,0,,0,,"REDONDO BEACH BL","RT 110",0.00,,Y,A,-,Y,LA,7,110,-,-,11.050,R,4,S,Y,3,0,2,2,A,-,01,23152,A,N,D,C,A,A,H,-,C,A,0,,,,,Y,Y,D,22,0,1,1,0,0,0,0,0,0,"- ","- ",33.89264,-118.28607,"LOS ANGELES","LOS ANGELES",-118.28574211999999,33.88723487
5819426,2012,2013-11-22,1942,2012-05-10,1400,37806,1125,4,5,7,1942,0,0,0,K,0,11A95,"YORK BL","AVENUE 50",0.00,,Y,A,-,N,,,,,,,,,,N,4,0,1,2,A,-,17,21200,,N,H,G,A,A,H,-,A,D,0,,Y,,,Y,Y,L,04,0,0,1,0,0,0,1,0,0,"- ","- ",,,"LOS ANGELES","LOS ANGELES",-118.2069023,34.12147495
5819485,2012,2013-11-23,1942,2012-08-18,2120,35021,,6,5,7,1942,0,0,0,,0,,"GUIRADO ST","CAMULOS AV",160.00,E,N,A,-,N,,,,,,,,,,Y,3,0,1,4,A,-,01,23152,A,N,B,E,A,A,H,-,C,D,0,,,,,Y,Y,A,,0,1,0,0,0,0,0,0,0,"- ","- ",,,"LOS ANGELES","LOS ANGELES",-118.208626,34.033357000000002
5819985,2012,2013-11-30,1941,2012-08-19,1228,6188,,7,5,7,1941,0,0,0,,0,,"EAST 7TH ST","RAYMOND AV",70.00,W,N,-,-,N,,,,,,,,,,N,4,0,1,2,A,-,03,22350,,N,C,C,A,A,H,-,A,D,0,,,,,Y,Y,A,,0,0,1,0,0,0,0,0,0,"- ","- ",,,"LOS ANGELES","LONG BEACH",-118.164642,33.775316859999997
5821251,2012,2013-12-05,1928,2012-09-28,2050,376,507,5,5,5,1928,0,0,0,,0,0H2,"CRENSHAW BL","120TH ST",15.00,N,N,A,-,N,,,,,,,,,,Y,4,0,1,2,A,-,01,23152,A,M,C,C,A,A,B,H,C,A,0,,,,,Y,Y,A,08,0,0,1,0,0,0,0,0,0,"- ","- ",,,"LOS ANGELES",HAWTHORNE,-118.32656061,33.923785959999996
5821562,2012,2013-12-26,1976,2012-10-28,0824,597,,7,5,5,1976,0,0,0,,0,,"WHITTIER BL","HADLEY ST",10.00,E,N,A,-,Y,LA,7,72,-,-,5.501,I,5,N,N,4,0,2,2,A,-,03,22350,,N,C,C,A,A,H,-,A,A,0,,,,,Y,Y,A,07,0,0,2,0,0,0,0,0,0,"- ","- ",,,"LOS ANGELES",WHITTIER,-118.05345714000001,33.982720479999998
5823336,2012,2013-12-20,1942,2012-10-19,0135,39970,511,5,5,7,1942,0,0,0,,0,5011,"PACIFIC COAST HWY","WESTERN AV",196.00,E,N,A,-,Y,LA,7,1,-,-,13.060,H,-,S,Y,4,0,1,1,A,-,01,23152,A,N,E,I,A,A,H,-,C,A,0,,,,,Y,Y,A,07,0,0,1,0,0,0,0,0,0,"- ","- ",,,"LOS ANGELES","LOS ANGELES",-118.30690606,33.789460609999999
5823557,2012,2013-12-23,1942,2012-10-24,2030,38273,1526,3,5,7,1942,0,0,0,O,0,15T45,"TROOST AV","VICTORY BL",150.00,N,N,A,-,N,,,,,,,,,,Y,3,0,1,2,A,-,01,23152,A,N,C,E,A,A,H,-,C,D,0,,,,,Y,Y,D,22,0,1,0,0,0,0,0,0,0,"- ","- ",,,"LOS ANGELES","LOS ANGELES",-118.38647668999999,34.187086260000001
5824083,2012,2013-12-03,1942,2012-09-03,2150,37724,0395,1,5,7,1942,0,0,0,C,0,3TL57,"43RD PL","GRAMERCY PL",70.00,E,N,A,-,N,,,,,,,,,,Y,3,0,1,5,A,-,01,23152,A,M,B,E,A,A,H,-,C,D,0,,,,,Y,Y,A,07,0,1,0,0,0,0,0,0,0,"- ","- ",,,"LOS ANGELES","LOS ANGELES",-118.31361167999999,34.004595780000002
5824476,2012,2013-12-03,1909,2012-09-01,0005,518,1909,6,5,4,1909,0,0,0,,0,00N,"EASTERN AV","FLORENCE AV",0.00,,Y,A,-,N,,,,,,,,,,Y,4,0,1,3,A,-,01,23152,A,N,D,C,A,A,H,-,C,A,0,,,,,Y,Y,A,,0,0,1,0,0,0,0,0,0,"- ","- ",,,"LOS ANGELES","BELL GARDENS",-118.1648622,33.967794949999998
5827348,2012,2013-12-05,1942,2012-09-09,0300,39397,1346,7,5,7,1942,0,0,0,M,0,4T43,"43RD ST","HOOPER AV",0.00,,N,A,-,N,,,,,,,,,,Y,2,0,3,2,A,-,09,21802,A,F,D,C,A,A,H,-,C,A,0,,,,,Y,Y,A,01,1,2,0,0,0,0,0,0,0,"- ","- ",,,"LOS ANGELES","LOS ANGELES",-118.25214218000001,34.005724909999998
5828551,2012,2014-03-17,1942,2012-09-16,0200,36733,1743,7,5,7,1942,0,0,0,Q,0,17A81,"RESEDA BL","CHATSWORTH ST",30.00,N,N,A,-,N,,,,,,,,,,Y,3,0,1,2,A,-,01,23152,A,N,C,C,A,A,H,-,C,A,0,,,,,Y,Y,A,01,0,1,0,0,0,0,0,0,0,"- ","- ",,,"LOS ANGELES","LOS ANGELES",-118.53612216000001,34.264607159999997
5829279,2012,2013-12-02,1942,2012-09-10,1940,36698,1136,1,5,7,1942,0,0,0,K,0,11T21W,"EL PASO DR","TERRACE 49",350.00,W,N,A,-,N,,,,,,,,,,Y,3,0,1,2,A,-,01,23152,A,N,B,E,A,A,H,-,C,D,0,,,,,Y,Y,A,01,0,1,0,0,0,0,0,0,0,"- ","- ",,,"LOS ANGELES","LOS ANGELES",,
5829480,2012,2013-12-04,1900,2012-09-04,1510,411388,2116,2,5,5,1943,0,0,0,,0,212T,"STATE ST","JOSEPHINE ST",0.00,,Y,A,-,N,,,,,,,,,,N,4,0,1,2,A,-,06,21750,,M,C,C,A,A,H,-,A,D,0,,,,,Y,Y,A,07,0,0,1,0,0,0,0,0,0,"- ","- ",,,"LOS ANGELES",LYNWOOD,-118.21818225,33.923464879999997