CASE_ID,ACCIDENT_YEAR,PROC_DATE,JURIS,COLLISION_DATE,COLLISION_TIME,OFFICER_ID,REPORTING_DISTRICT,DAY_OF_WEEK,CHP_SHIFT,POPULATION,CNTY_CITY_LOC,SPECIAL_COND,BEAT_TYPE,CHP_BEAT_TYPE,CITY_DIVISION_LAPD,CHP_BEAT_CLASS,BEAT_NUMBER,PRIMARY_RD,SECONDARY_RD,DISTANCE,DIRECTION,INTERSECTION,WEATHER_1,WEATHER_2,STATE_HWY_IND,CALTRANS_COUNTY,CALTRANS_DISTRICT,STATE_ROUTE,ROUTE_SUFFIX,POSTMILE_PREFIX,POSTMILE,LOCATION_TYPE,RAMP_INTERSECTION,SIDE_OF_HWY,TOW_AWAY,COLLISION_SEVERITY,NUMBER_KILLED,NUMBER_INJURED,PARTY_COUNT,PRIMARY_COLL_FACTOR,PCF_CODE_OF_VIOL,PCF_VIOL_CATEGORY,PCF_VIOLATION,PCF_VIOL_SUBSECTION,HIT_AND_RUN,TYPE_OF_COLLISION,MVIW,PED_ACTION,ROAD_SURFACE,ROAD_COND_1,ROAD_COND_2,LIGHTING,CONTROL_DEVICE,CHP_ROAD_TYPE,PEDESTRIAN_ACCIDENT,BICYCLE_ACCIDENT,MOTORCYCLE_ACCIDENT,TRUCK_ACCIDENT,NOT_PRIVATE_PROPERTY,ALCOHOL_INVOLVED,STWD_VEHTYPE_AT_FAULT,CHP_VEHTYPE_AT_FAULT,COUNT_SEVERE_INJ,COUNT_VISIBLE_INJ,COUNT_COMPLAINT_PAIN,COUNT_PED_KILLED,COUNT_PED_INJURED,COUNT_BICYCLIST_KILLED,COUNT_BICYCLIST_INJURED,COUNT_MC_KILLED,COUNT_MC_INJURED,PRIMARY_RAMP,SECONDARY_RAMP,LATITUDE,LONGITUDE,COUNTY,CITY,POINT_X,POINT_Y
5903786,2013,2014-06-19,1941,2013-01-24,0049,6068,,4,5,7,1941,0,0,0,,0,,"PARAMOUNT BL","THOMPSON ST",76.00,S,N,C,-,N,,,,,,,,,,Y,4,0,1,2,A,-,01,23152,A,N,C,E,A,B,H,-,C,D,0,,,,Y,Y,Y,A,,0,0,1,0,0,0,0,0,0,"- ","- ",,,"LOS ANGELES","LONG BEACH",-118.1600397,33.880806399999997
5904651,2012,2014-04-24,1900,2012-11-12,0224,503737,0977,1,5,4,1979,0,0,0,,0,092,"SANTA MONICA BL","PALM AV",28.00,W,N,A,-,N,,,,,,,,,,Y,2,0,1,3,A,-,01,23153,A,N,G,B,C,A,H,-,C,A,0,Y,,,,Y,Y,A,07,1,0,0,0,1,0,0,0,0,"- ","- ",,,"LOS ANGELES","WEST HOLLYWOOD",-118.3830126,34.085725170000003
5907047,2012,2014-01-03,1965,2012-11-28,2315,3457,5E1,3,5,5,1965,0,0,0,,0,006,"WILSHIRE BL","YALE ST",213.00,W,N,C,-,N,,,,,,,,,,Y,4,0,1,2,A,-,03,22350,,F,C,C,A,B,H,-,C,D,0,,,,,Y,Y,A,01,0,0,1,0,0,0,0,0,0,"- ","- ",,,"LOS ANGELES","SANTA MONICA",-118.47515507999999,34.037887259999998
5907943,2013,2014-01-17,1942,2013-01-28,0110,40063,0239,1,5,7,1942,0,0,0,B,0,1T11,"BEAUDRY AV","TEMPLE ST",185.00,N,N,A,-,N,,,,,,,,,,Y,3,0,1,1,A,-,01,23152,A,N,E,I,A,A,H,-,C,D,0,,,,,Y,Y,D,22,0,1,0,0,0,0,0,0,0,"- ","- ",,,"LOS ANGELES","LOS ANGELES",-118.2509683,34.063552100000003
5908551,2012,2014-01-16,1942,2012-12-05,2010,38356,1993,3,5,7,1942,0,0,0,,0,17TL14,"SEPULVEDA BL","LANARK ST",24.00,S,N,A,-,N,,,,,,,,,,Y,3,0,1,1,A,-,01,23152,A,N,E,I,A,A,H,-,C,A,0,,,,,Y,Y,A,01,0,1,0,0,0,0,0,0,0,"- ","- ",,,"LOS ANGELES","LOS ANGELES",-118.46645716,34.21800021
5908753,2013,2014-01-21,1942,2013-01-25,0135,39281,1526,5,5,7,1942,0,0,0,O,0,15T45,"HAZELHURST PL","COLFAX AV",335.00,S,N,B,-,N,,,,,,,,,,Y,3,0,2,3,A,-,01,23152,A,N,C,E,A,B,H,-,C,D,0,,,,,Y,Y,A,01,0,2,0,0,0,0,0,0,0,"- ","- ",,,"LOS ANGELES","LOS ANGELES",-118.38723469999999,34.1820819
5909362,2012,2014-01-02,1941,2012-11-30,0539,6319,,5,5,7,1941,0,0,0,,0,,"OCEAN BL","PINE AV",0.00,,Y,C,-,N,,,,,,,,,,N,3,0,1,2,A,-,09,21801,A,F,G,B,B,B,H,-,C,A,0,Y,,,,Y,Y,A,,0,1,0,0,1,0,0,0,0,"- ","- ",,,"LOS ANGELES","LONG BEACH",-118.19240225999999,33.76709494
5909373,2012,2014-01-02,9545,2012-11-22,0145,018540,,4,3,9,1900,0,3,5,,2,001,"AVE A","SIERRA HWY",51.00,E,N,A,-,N,,,,,,,,,,Y,3,0,1,1,A,-,01,23152,A,N,E,I,A,A,H,-,D,A,0,,,,,Y,Y,A,01,0,1,0,0,0,0,0,0,0,"- ","- ",34.820590000000003,-118.15584,"LOS ANGELES",UNINCORPORATED,-118.15589900000001,34.820642999999997
5909677,2013,2014-01-22,1942,2013-01-27,0139,39308,1015,7,5,7,1942,0,0,0,J,0,10T37,"LINDLEY AV","SHERMAN WY",400.00,N,N,C,-,N,,,,,,,,,,Y,4,0,1,2,A,-,01,23152,A,N,C,E,A,B,H,-,C,D,0,,,,,Y,Y,A,01,0,0,1,0,0,0,0,0,0,"- ","- ",,,"LOS ANGELES","LOS ANGELES",-118.5273361,34.202292100000001
5909869,2012,2014-01-15,1942,2012-12-09,1900,40398,0948,7,5,7,1942,0,0,0,I,0,9T53,"BURBANK BL","FULTON AV",37.00,E,N,A,-,N,,,,,,,,,,N,2,0,1,2,A,-,10,21950,A,N,G,B,B,A,H,-,D,A,0,Y,,,,Y,Y,A,01,1,0,0,0,1,0,0,0,0,"- ","- ",,,"LOS ANGELES","LOS ANGELES",-118.42240013,34.172124859999997
5910187,2012,2013-04-25,1941,2012-12-12,2242,5356,,3,5,7,1941,0,0,0,,0,,"ATLANTIC AV",BURLINGHALL,0.00,,Y,C,-,N,,,,,,,,,,N,1,1,0,2,-,-,"- ",,,N,G,B,B,B,H,-,C,A,0,Y,,,,Y,Y,-,"- ",0,0,0,1,0,0,0,0,0,"- ","- ",,,"LOS ANGELES","LONG BEACH",-118.18512222,33.834314910000003
5910200,2013,2015-01-16,1942,2013-03-17,0250,38688,1241,7,5,7,1942,0,0,0,L,0,12T41,"WEST BL","HYDE PARK BL",0.00,,Y,A,-,N,,,,,,,,,,Y,1,1,2,2,A,-,12,21453,A,N,D,C,A,A,H,-,C,A,0,,,,,Y,Y,A,07,2,0,0,0,0,0,0,0,0,"- ","- ",,,"LOS ANGELES","LOS ANGELES",-118.33521229999999,33.980574900000001
5910221,2013,2013-05-03,1901,2013-03-17,2125,249,14,7,5,5,1901,0,0,0,,0,002,"GARFIELD AV","HELLMAN AV",512.00,N,N,A,-,N,,,,,,,,,,Y,1,1,2,2,A,-,03,22350,,N,B,C,A,A,H,-,C,A,0,,,,,Y,Y,A,01,1,0,1,0,0,0,0,0,0,"- ","- ",,,"LOS ANGELES",ALHAMBRA,-118.1229371,34.071198699999997
5910334,2013,2015-01-12,1900,2013-05-03,0440,529699,1120,5,5,6,1992,0,0,0,,0,111T1,"AVENUE F","30TH ST WEST",0.00,,Y,A,-,N,,,,,,,,,,Y,1,1,3,2,A,-,09,21802,A,N,D,C,A,A,H,-,D,A,0,,,,,Y,Y,A,01,2,0,1,0,0,0,0,0,0,"- ","- ",,,"LOS ANGELES",LANCASTER,-118.18435220000001,34.747774999999997
5910376,2013,2015-01-12,1942,2013-05-09,0125,37304,2129,4,5,7,1942,0,0,0,,0,15T45,"ROSCOE BL","WINNETKA AV",351.00,E,N,A,-,N,,,,,,,,,,Y,1,1,4,5,A,-,08,22102,,N,B,C,A,A,A,-,C,D,0,,,,,Y,Y,A,01,3,1,0,0,0,0,0,0,0,"- ","- ",,,"LOS ANGELES","LOS ANGELES",-118.56988320000001,34.2202184
5910427,2013,2013-06-06,9545,2013-04-13,2013,18862,,6,2,6,1950,0,1,3,,2,021,"RT 14","AVENUE O",71.00,S,N,A,-,Y,LA,7,14,-,R,62.660,H,-,N,Y,1,1,3,1,A,-,01,23152,A,N,E,J,A,A,H,-,D,D,1,,,,,Y,Y,A,01,0,3,0,0,0,0,0,0,0,"- ","- ",34.617260000000002,-118.15304999999999,"LOS ANGELES",PALMDALE,-118.1530255,34.6170276
5910474,2013,2015-01-12,1900,2013-05-04,0140,504706,0972,6,5,4,1979,0,0,0,,0,93T2,"SANTA MONICA BL","HANCOCK AV",114.00,E,N,A,-,N,,,,,,,,,,Y,1,1,0,2,A,-,10,21950,A,N,G,B,C,A,H,-,C,D,0,Y,,,,Y,Y,A,01,0,0,0,1,0,0,0,0,0,"- ","- ",,,"LOS ANGELES","WEST HOLLYWOOD",-118.3812174,34.086927699999997
5910535,2012,2013-06-21,9525,2012-12-19,0240,19264,,3,3,4,1913,0,1,1,,2,210,"RT 210","MOUNTAIN AV",365.00,W,N,A,-,Y,LA,7,210,-,R,49.890,H,-,E,Y,3,0,1,2,A,-,01,23152,A,N,C,C,A,A,H,-,D,D,1,,,,,Y,Y,A,01,0,1,0,0,0,0,0,0,0,"- ","- ",34.120089999999998,-117.72964,"LOS ANGELES",CLAREMONT,-117.73203949000001,34.12034482
5910601,2013,2015-01-13,1942,2013-06-19,1410,38017,1555,3,5,7,1942,0,0,0,O,0,19TL72,"LANKERSHIM BL","CAMARILLO ST",0.00,,Y,A,-,N,,,,,,,,,,Y,1,1,4,3,A,-,12,21453,A,N,B,C,A,A,H,-,A,A,0,,,,,Y,Y,A,07,1,0,3,0,0,0,0,0,0,"- ","- ",,,"LOS ANGELES","LOS ANGELES",-118.37030230000001,34.157644900000001
5910769,2013,2015-01-15,1942,2013-07-21,0420,30596,2118,7,5,7,1942,0,0,0,,0,15TL45,"ROSCOE BL","MASON AV",129.00,E,N,B,-,N,,,,,,,,,,Y,1,1,2,1,A,-,03,22350,,N,E,I,A,A,H,-,C,A,0,,,,,Y,Y,A,01,2,0,0,0,0,0,0,0,0,"- ","- ",,,"LOS ANGELES","LOS ANGELES",-118.57937630000001,34.220070300000003
5910948,2013,2015-01-14,1900,2013-07-06,0056,516534,2824,6,5,5,1915,0,0,0,,0,283T1,"LONG BEACH BL","ELM ST",39.00,N,N,A,-,N,,,,,,,,,,Y,1,1,0,1,A,-,03,22350,,N,E,I,A,A,H,-,C,D,0,,,,,Y,Y,A,07,0,0,0,0,0,0,0,0,0,"- ","- ",,,"LOS ANGELES",COMPTON,-118.2083078,33.900921699999998
5911319,2013,2015-01-12,1942,2013-10-05,1315,37952,1124,6,5,7,1942,0,0,0,K,0,13TL53,"FLETCHER DR","LA CLEDE AV",617.00,S,N,A,-,N,,,,,,,,,,N,1,1,0,2,A,-,11,21954,A,N,G,B,D,A,H,-,A,D,0,Y,,,,Y,Y,N,60,0,0,0,1,0,0,0,0,0,"- ","- ",,,"LOS ANGELES","LOS ANGELES",-118.2505148,34.111137300000003
5911426,2013,2015-01-14,1900,2013-04-25,2210,525744,1136,4,5,6,1992,0,0,0,,0,112T2,"AVENUE I","33RD ST EAST",0.00,,Y,A,-,N,,,,,,,,,,Y,1,1,0,2,A,-,11,21954,A,N,G,B,E,A,H,-,D,D,0,Y,,,,Y,Y,N,,0,0,0,1,0,0,0,0,0,"- ","- ",,,"LOS ANGELES",LANCASTER,-118.0709123,34.704484999999998
5911544,2013,2015-01-09,1953,2013-05-17,2140,7724,LACOU,5,5,6,1953,0,0,0,,0,003,"COLORADO BL","BERKELEY AV",0.00,,Y,A,-,N,,,,,,,,,,Y,1,1,0,2,A,-,11,21453,D,N,G,B,D,A,H,-,C,A,0,Y,,,,Y,Y,N,60,0,0,0,1,0,0,0,0,0,"- ","- ",,,"LOS ANGELES",PASADENA,-118.10974229999999,34.1460249
5911637,2013,2013-12-12,1942,2013-10-22,0720,36399,1841,2,5,7,1942,0,0,0,R,0,3T5,"IMPERIAL HWY","HOOVER ST",0.00,,Y,-,-,N,,,,,,,,,,Y,1,1,2,2,A,-,09,21801,A,N,A,C,A,A,H,-,A,A,0,,,,,Y,Y,A,08,1,0,1,0,0,0,0,0,0,"- ","- ",,,"LOS ANGELES","LOS ANGELES",-118.2869623,33.930964899999999
5911663,2013,2013-12-18,1941,2013-11-22,2005,10116,,5,5,7,1941,0,0,0,,0,,"HARBOR SCENIC DR","QUEENS HWY",0.00,,Y,B,-,N,,,,,,,,,,Y,1,1,0,1,A,-,03,22350,,N,E,I,A,A,H,-,C,D,0,,,,Y,Y,Y,G,,0,0,0,0,0,0,0,0,0,"- ","- ",,,"LOS ANGELES","LONG BEACH",-118.1954523,33.753754800000003
5911723,2013,2013-12-19,1942,2013-12-06,1550,38285,1693,5,5,7,1942,0,0,0,P,0,15TL46,"SAN FERNANDO RD","VAN NUYS BL",10.00,S,N,A,-,N,,,,,,,,,,N,1,1,0,2,A,-,12,22451,A,N,H,G,A,A,H,-,A,A,0,,Y,,,Y,Y,L,04,0,0,0,0,0,1,0,0,0,"- ","- ",,,"LOS ANGELES","LOS ANGELES",-118.42209029999999,34.266074400000001
5911750,2013,2015-01-14,1942,2013-12-12,1330,31816,1135,4,5,7,1942,0,0,0,K,0,4TL45,"VERDUGO RD","YORK BL",0.00,,Y,A,-,N,,,,,,,,,,Y,1,1,2,2,A,-,12,21453,A,N,A,C,A,A,H,-,A,A,0,,,,,Y,Y,-,"- ",1,1,0,0,0,0,0,0,0,"- ","- ",,,"LOS ANGELES","LOS ANGELES",-118.2317523,34.124994899999997
5911785,2013,2015-01-09,9545,2013-07-07,2245,17305,,7,3,9,1900,0,1,3,,1,012,"RT 138","170TH ST WEST",275.00,E,N,A,-,Y,LA,7,138,-,-,22.690,H,-,E,Y,1,1,0,1,A,-,08,22107,,N,E,I,A,A,H,-,D,D,0,,,,,Y,Y,A,01,0,0,0,0,0,0,0,0,0,"- ","- ",34.775109999999998,-118.42797,"LOS ANGELES",UNINCORPORATED,-118.42006600000001,34.7751631
5911909,2013,2014-01-16,9580,2013-01-17,2340,19896,,4,3,7,1942,0,1,3,,2,115,"RT 118","SEPULVEDA BL",1115.00,E,N,A,-,Y,LA,7,118,-,R,10.310,H,-,W,Y,1,1,3,4,A,-,01,23152,A,N,E,I,A,A,H,-,E,D,1,,,,,Y,Y,A,07,1,0,2,0,0,0,0,0,0,"- ","- ",34.265999999999998,-118.46223999999999,"LOS ANGELES","LOS ANGELES",-118.4603963,34.266034900000001
5912033,2014,2014-01-23,1942,2014-01-07,2115,39586,0497,2,5,7,1942,0,0,0,D,0,2TL15,"WASHINGTON BL","SOTO ST",1395.00,E,N,A,-,N,,,,,,,,,,Y,1,1,2,1,A,-,01,23152,A,N,E,I,A,A,H,-,C,A,0,,,,,Y,Y,A,01,1,1,0,0,0,0,0,0,0,"- ","- ",,,"LOS ANGELES","LOS ANGELES",-118.21550756000001,34.016986170000003
5912191,2013,2015-01-09,9590,2013-12-05,2305,19379,,4,3,7,1942,0,1,1,,2,051,"RT 110","COLDEN AV",970.00,N,N,A,-,Y,LA,7,110,-,-,15.420,H,-,S,Y,1,1,0,2,A,-,08,22107,,N,E,I,A,A,H,-,D,D,1,,,Y,,Y,Y,C,02,0,0,0,0,0,0,0,1,0,"- ","- ",33.945529999999998,-118.27991,"LOS ANGELES","LOS ANGELES",-118.2804699,33.952041700000002
5912209,2013,2014-04-07,9580,2013-12-01,0252,20345,,7,3,7,1942,0,1,3,,2,117,"RT 118","RT 405",338.00,W,N,A,-,Y,LA,7,118,-,R,9.750,H,-,W,Y,1,1,1,3,A,-,03,22350,,N,C,C,A,A,H,-,D,D,1,,,,,Y,Y,A,01,0,1,0,0,0,0,0,0,0,"- ","- ",34.266129999999997,-118.47277,"LOS ANGELES","LOS ANGELES",-118.4757817,34.266134899999997
5913083,2013,2014-07-30,9580,2013-01-26,1810,19689,,6,2,9,1900,0,3,5,,1,040,"ENCINAL CANYON RD","LECHUSA RD",3168.00,E,N,B,-,N,,,,,,,,,,Y,3,0,1,1,A,-,01,23152,A,N,E,I,A,A,H,-,C,D,0,,,,,Y,Y,D,22,0,1,0,0,0,0,0,0,0,"- ","- ",34.08202,-118.87126000000001,"LOS ANGELES",UNINCORPORATED,-118.86960379999999,34.082315600000001
5913817,2012,2014-01-23,9530,2012-04-15,1935,20236,,7,2,7,1941,0,1,1,,2,420,"RT 405","ATLANTIC AV",168.00,N,N,A,-,Y,LA,7,405,-,-,6.110,H,-,S,Y,4,0,2,2,A,-,01,23152,A,N,C,C,A,A,H,-,C,D,1,,,,,Y,Y,A,01,0,0,2,0,0,0,0,0,0,"- ","- ",33.81606,-118.18662999999999,"LOS ANGELES","LONG BEACH",-118.18746152999999,33.816149860000003
5914677,2012,2014-01-03,9575,2012-11-07,1645,16021,,3,2,9,1900,0,2,4,,2,020,"ALTADENA DR","LINCOLN AV",510.00,E,N,A,-,N,,,,,,,,,,N,3,0,1,2,A,-,01,23152,A,N,B,C,A,A,H,-,A,D,0,,,,,Y,Y,M,94,0,1,0,0,0,0,0,0,0,"- ","- ",34.197749999999999,-118.15725,"LOS ANGELES",UNINCORPORATED,-118.15744031,34.197773570000003
5915175,2013,2014-01-16,1900,2013-01-20,0338,511316,1332,7,5,5,1908,0,0,0,,0,133,"ROSECRANS AV","ARDIS AV",500.00,E,N,A,-,N,,,,,,,,,,Y,2,0,1,2,A,-,08,22107,,F,C,C,A,A,H,-,C,D,0,,,,,Y,Y,D,22,1,0,0,0,0,0,0,0,0,"- ","- ",,,"LOS ANGELES",BELLFLOWER,-118.127685,33.902449799999999
5915217,2012,2014-05-08,9530,2012-07-01,1550,019921,,7,2,5,1977,0,1,1,,2,410,"RT 405","DEL AMO BL",1792.00,S,N,A,-,Y,LA,7,405,-,-,11.530,H,-,S,Y,2,0,2,1,A,-,01,23152,A,N,E,I,A,A,H,-,A,D,1,,,,,Y,Y,D,22,1,0,1,0,0,0,0,0,0,"- ","- ",33.842689999999997,-118.267,"LOS ANGELES",CARSON,-118.26774275,33.843575149999999
5915845,2013,2014-10-24,9525,2013-02-04,2310,019865,,1,3,6,1975,0,1,1,,2,103,"RT 10","PACIFIC AV",300.00,W,N,B,-,Y,LA,7,10,-,-,34.400,H,-,W,Y,3,0,1,2,A,-,01,23152,A,N,C,C,A,A,D,-,C,D,1,,,,Y,Y,Y,A,01,0,1,0,0,0,0,0,0,0,"- ","- ",34.07217,-117.94463,"LOS ANGELES","WEST COVINA",-117.94194160000001,34.072369399999999
5916164,2013,2014-10-24,9590,2013-01-20,0220,20081,,7,3,7,1942,0,1,1,,2,052,"RT 110","ADAMS BL",112.00,S,N,A,-,Y,LA,7,110,-,-,20.500,H,-,N,Y,2,0,3,2,A,-,01,23152,A,N,E,I,A,A,H,-,C,D,1,,,,,Y,Y,A,01,1,1,1,0,0,0,0,0,0,"- ","- ",34.02704,-118.27473000000001,"LOS ANGELES","LOS ANGELES",-118.2765011,34.023551900000001
5917808,2012,2013-09-21,9530,2012-05-13,0050,020293,,7,3,9,1900,0,3,5,,2,002,"120TH ST","COMPTON AV",136.00,E,N,A,-,N,,,,,,,,,,N,3,0,1,2,A,-,01,23152,A,F,B,C,A,A,H,-,C,D,0,,,,,Y,Y,A,01,0,1,0,0,0,0,0,0,0,"- ","- ",33.923810000000003,-118.24544,"LOS ANGELES",UNINCORPORATED,-118.24592512,33.923871730000002
5918610,2013,2014-01-17,1922,2013-01-27,2143,576,,7,5,6,1922,0,0,0,,0,,"MAGNOLIA AV","PECK RD",200.00,E,N,B,-,N,,,,,,,,,,Y,3,0,1,2,A,-,01,23152,A,M,C,E,A,A,H,-,C,A,0,,,,,Y,Y,A,01,0,1,0,0,0,0,0,0,0,"- ","- ",,,"LOS ANGELES","EL MONTE",-118.0298659,34.061219999999999
5919332,2012,2013-11-07,9530,2012-07-12,0200,020096,,4,3,7,1941,0,1,1,,2,420,"RT 405","WALNUT ST",250.00,N,N,A,-,Y,LA,7,405,-,-,5.309,R,2,S,Y,3,0,1,1,A,-,01,23152,A,N,E,I,A,A,H,-,C,D,1,,,,,Y,Y,A,01,0,1,0,0,0,0,0,0,0,TO,"- ",33.814230000000002,-118.17234000000001,"LOS ANGELES","LONG BEACH",-118.1771121,33.814194870000001
5920498,2012,2014-01-21,9590,2012-12-08,0140,19780,,6,3,7,1942,0,1,1,,2,050,"RT 110","51ST ST",75.00,N,N,A,-,Y,LA,7,110,-,-,18.647,R,4,N,Y,3,0,1,2,A,-,"- ",,,N,E,I,A,A,H,-,C,D,1,,,,,Y,Y,A,01,0,1,0,0,0,0,0,0,0,"- ","- ",33.99747,-118.27997000000001,"LOS ANGELES","LOS ANGELES",-118.28071213,33.999714879999999
5920554,2012,2014-01-21,9590,2012-12-16,2110,19660,,7,2,7,1942,0,1,3,,2,031,"RT 60","SOTO ST",50.00,S,N,B,-,Y,LA,7,60,-,R,0.634,R,2,W,Y,3,0,1,1,A,-,03,22350,,N,E,I,A,A,H,-,C,D,1,,,,,Y,Y,A,01,0,1,0,0,0,0,0,0,0,"- ","- ",34.213450000000002,-118.16258000000001,"LOS ANGELES","LOS ANGELES",-118.21962422,34.029458159999997
5922534,2013,2014-02-01,1942,2013-02-13,1540,26319,1667,3,5,7,1942,0,0,0,P,0,19TL74,"SUNLAND BL","WHEATLAND AV",568.00,E,N,A,-,N,,,,,,,,,,Y,3,0,1,2,A,-,01,23152,A,N,B,C,A,A,H,-,A,A,0,,,,,Y,Y,D,22,0,1,0,0,0,0,0,0,0,"- ","- ",,,"LOS ANGELES","LOS ANGELES",-118.3556166,34.247007199999999
5924783,2013,2014-10-21,9580,2013-02-17,0245,19776,,7,3,7,1942,0,1,2,,2,101,"RT 101","VINELAND AV",100.00,N,N,A,-,Y,LA,7,101,-,-,11.160,H,-,S,Y,4,0,1,2,A,-,01,23152,A,N,E,I,A,A,H,-,C,D,1,,,,,Y,Y,A,01,0,0,1,0,0,0,0,0,0,"- ","- ",34.146979999999999,-118.37050000000001,"LOS ANGELES","LOS ANGELES",-118.3693993,34.146079299999997
5927130,2013,2014-01-27,1942,2013-02-26,1900,25907,1506,2,5,7,1942,0,0,0,O,0,15T43,"VINELAND AV","COHASSET ST",135.00,S,N,A,-,N,,,,,,,,,,Y,2,0,1,2,A,-,01,23152,A,N,D,C,A,A,H,-,C,D,0,,,Y,,Y,Y,C,02,1,0,0,0,0,0,0,0,1,"- ","- ",,,"LOS ANGELES","LOS ANGELES",-118.3703622,34.206254600000001
5928849,2012,2014-03-27,1931,2012-12-21,0158,5294,1931,5,5,5,1931,0,0,0,,0,0158,"RANDOLPH ST","STATE ST",0.00,,Y,A,-,N,,,,,,,,,,Y,4,0,1,1,A,-,08,22107,,N,A,I,A,A,H,-,C,A,0,,,,,Y,Y,A,07,0,0,1,0,0,0,0,0,0,"- ","- ",,,"LOS ANGELES","HUNTINGTON PARK",-118.2127022,33.984374940000002
5932693,2012,2014-01-16,1955,2012-12-20,2152,29981,54,4,5,6,1955,0,0,0,,0,001,"HOLT BL","NEW YORK DR",27.00,E,N,A,-,N,,,,,,,,,,N,4,0,1,1,A,-,08,22107,,N,B,I,A,A,H,-,C,A,0,,,,,Y,Y,A,01,0,0,1,0,0,0,0,0,0,"- ","- ",,,"LOS ANGELES",POMONA,-117.78178318000001,34.061654879999999
5933362,2013,2014-02-05,1920,2013-03-10,1833,11859,1920,7,5,6,1920,0,0,0,,0,006,"LAKEWOOD BL","STEWART AND GRAY RD",15.00,S,N,A,-,N,,,,,,,,,,N,4,0,1,2,A,-,01,23153,B,N,G,B,B,A,H,-,A,A,0,Y,,,,Y,Y,D,,0,0,1,0,1,0,0,0,0,"- ","- ",,,"LOS ANGELES",DOWNEY,-118.12957780000001,33.928089700000001
5934428,2012,2014-01-10,1942,2012-12-09,0135,39395,1331,7,5,7,1942,0,0,0,M,0,1A85,"JEFFERSON BL",MAIN,200.00,E,N,A,-,N,,,,,,,,,,Y,3,0,1,2,A,-,11,21954,A,F,G,B,D,A,H,-,C,D,0,Y,,,,Y,Y,N,60,0,1,0,0,1,0,0,0,0,"- ","- ",,,"LOS ANGELES","LOS ANGELES",-118.27208494999999,34.018381720000001
5934625,2012,2014-01-14,9590,2012-12-20,0150,20470,,4,3,7,1942,0,1,2,,2,070,"RT 101","VERMONT AV",150.00,S,N,A,-,Y,LA,7,101,-,-,4.291,R,2,N,Y,3,0,1,1,A,-,01,23152,A,N,F,A,A,A,H,-,C,D,1,,,,,Y,Y,A,07,0,1,0,0,0,0,0,0,0,NF,"- ",34.081220000000002,-118.29161000000001,"LOS ANGELES","LOS ANGELES",-118.28936213999999,34.079064889999998
5934670,2012,2014-01-14,1942,2012-12-15,0020,40726,233,6,5,7,1942,0,0,0,,0,2T15,"RAMPART BL","2ND ST",0.00,,Y,B,-,N,,,,,,,,,,N,3,0,1,2,A,-,01,23152,A,F,D,C,A,B,H,-,C,D,0,,,,,Y,Y,A,01,0,1,0,0,0,0,0,0,0,"- ","- ",,,"LOS ANGELES","LOS ANGELES",-118.27748231,34.068464890000001
5935096,2012,2013-11-16,1924,2012-08-04,1432,56421,,6,5,5,1924,0,0,0,,0,8L2D,"ROSECRANS AV","WADKINS AV",131.00,E,N,A,-,N,,,,,,,,,,Y,4,0,1,3,A,-,03,22350,,M,B,C,A,A,H,-,A,D,0,,,,,Y,Y,A,07,0,0,1,0,0,0,0,0,0,"- ","- ",,,"LOS ANGELES",GARDENA,-118.32473133000001,33.90192115
5935100,2012,2013-11-16,1924,2012-08-06,2057,871285,,1,5,5,1924,0,0,0,,0,8L11M,"BERENDO AV","132ND ST",90.00,N,N,A,-,N,,,,,,,,,,Y,4,0,1,3,A,-,01,23152,A,N,A,E,A,A,H,-,C,D,0,,,,,Y,Y,A,01,0,0,1,0,0,0,0,0,0,"- ","- ",,,"LOS ANGELES",GARDENA,-118.29463675,33.912839900000002
5935492,2012,2014-01-15,9575,2012-12-15,0045,19782,,6,3,7,1942,0,1,1,,2,050,"RT 5","COLORADO ST",425.00,N,N,B,-,Y,LA,7,5,-,-,25.969,R,2,S,Y,3,0,1,1,A,-,01,23152,A,N,E,I,A,B,H,-,D,D,1,,,,,Y,Y,A,01,0,1,0,0,0,0,0,0,0,"- ","- ",34.142699999999998,-118.27869,"LOS ANGELES","LOS ANGELES",-118.27870213999999,34.1445249
5935825,2012,2013-12-26,1941,2012-11-18,0157,10246,,7,5,7,1941,0,0,0,,0,,"7TH ST","TERMINO AV",0.00,,Y,B,-,N,,,,,,,,,,N,2,0,1,2,A,-,12,21453,A,F,D,B,B,A,H,-,C,A,0,Y,,,,Y,Y,A,,1,0,0,0,1,0,0,0,0,"- ","- ",,,"LOS ANGELES","LONG BEACH",-118.14591227,33.775314940000001
5936059,2012,2013-12-27,9540,2012-11-27,1245,019098,,2,1,7,1942,0,1,1,,2,500,"RT 5","SAN FERNANDO MISSION BL",321.00,S,N,A,-,Y,LA,7,5,-,-,30.690,H,-,N,Y,2,0,1,1,A,-,01,23152,A,N,E,I,A,A,H,-,A,D,3,,,,,Y,Y,A,01,1,0,0,0,0,0,0,0,0,"- ","- ",34.276580000000003,-118.45269,"LOS ANGELES","LOS ANGELES",-118.33008488,34.193928970000002
5936259,2012,2014-02-20,9530,2012-05-14,0050,20240,,1,3,7,1941,0,1,3,,2,220,"RT 22","STUDEBAKER RD",200.00,E,N,A,-,Y,LA,7,22,-,-,1.223,R,2,E,Y,3,0,1,1,A,-,01,23152,A,N,E,J,A,A,H,-,D,D,1,,,,,Y,Y,A,01,0,1,0,0,0,0,0,0,0,FR,"- ",33.771850000000001,-118.10221,"LOS ANGELES","LONG BEACH",-118.10182001,33.774170550000001