CASE_ID,ACCIDENT_YEAR,PROC_DATE,JURIS,COLLISION_DATE,COLLISION_TIME,OFFICER_ID,REPORTING_DISTRICT,DAY_OF_WEEK,CHP_SHIFT,POPULATION,CNTY_CITY_LOC,SPECIAL_COND,BEAT_TYPE,CHP_BEAT_TYPE,CITY_DIVISION_LAPD,CHP_BEAT_CLASS,BEAT_NUMBER,PRIMARY_RD,SECONDARY_RD,DISTANCE,DIRECTION,INTERSECTION,WEATHER_1,WEATHER_2,STATE_HWY_IND,CALTRANS_COUNTY,CALTRANS_DISTRICT,STATE_ROUTE,ROUTE_SUFFIX,POSTMILE_PREFIX,POSTMILE,LOCATION_TYPE,RAMP_INTERSECTION,SIDE_OF_HWY,TOW_AWAY,COLLISION_SEVERITY,NUMBER_KILLED,NUMBER_INJURED,PARTY_COUNT,PRIMARY_COLL_FACTOR,PCF_CODE_OF_VIOL,PCF_VIOL_CATEGORY,PCF_VIOLATION,PCF_VIOL_SUBSECTION,HIT_AND_RUN,TYPE_OF_COLLISION,MVIW,PED_ACTION,ROAD_SURFACE,ROAD_COND_1,ROAD_COND_2,LIGHTING,CONTROL_DEVICE,CHP_ROAD_TYPE,PEDESTRIAN_ACCIDENT,BICYCLE_ACCIDENT,MOTORCYCLE_ACCIDENT,TRUCK_ACCIDENT,NOT_PRIVATE_PROPERTY,ALCOHOL_INVOLVED,STWD_VEHTYPE_AT_FAULT,CHP_VEHTYPE_AT_FAULT,COUNT_SEVERE_INJ,COUNT_VISIBLE_INJ,COUNT_COMPLAINT_PAIN,COUNT_PED_KILLED,COUNT_PED_INJURED,COUNT_BICYCLIST_KILLED,COUNT_BICYCLIST_INJURED,COUNT_MC_KILLED,COUNT_MC_INJURED,PRIMARY_RAMP,SECONDARY_RAMP,LATITUDE,LONGITUDE,COUNTY,CITY,POINT_X,POINT_Y
6291407,2014,2014-10-27,1942,2014-09-28,0015,39639,1364,7,5,7,1942,0,0,0,M,0,2T15,"VERNON AV","HOOPER AV",566.00,E,N,A,-,N,,,,,,,,,,Y,1,1,0,3,A,-,11,21955,,N,G,B,D,A,H,-,C,D,0,Y,,,,Y,Y,N,60,0,0,0,1,0,0,0,0,0,"- ","- ",,,"LOS ANGELES","LOS ANGELES",-118.25027622,34.003889999999998
6291665,2014,2015-12-31,1947,2014-10-24,1647,1381,,5,5,5,1947,0,0,0,,0,TRAFFI,"WASHINGTON BL","4TH ST",100.00,W,N,A,-,N,,,,,,,,,,Y,1,1,0,3,A,-,03,22350,,F,C,C,A,A,H,-,A,D,0,,,Y,,Y,Y,A,01,0,0,0,0,0,0,0,1,0,"- ","- ",,,"LOS ANGELES",MONTEBELLO,-118.11303316,33.992554749999996
6291854,2014,2015-12-29,9535,2014-08-03,2040,20852,,7,2,9,1900,0,3,5,,2,004,BROADWAY,"LA PRESA AV",127.00,W,N,A,-,N,,,,,,,,,,Y,1,1,0,2,A,-,01,23152,F,F,E,I,A,A,H,-,C,D,0,,,,,Y,Y,A,01,0,0,0,0,0,0,0,0,0,"- ","- ",34.099060000000001,-118.08096999999999,"LOS ANGELES",UNINCORPORATED,-118.08086858999999,34.099069999999998
6292069,2014,2016-01-12,9590,2014-11-13,0119,20095,,4,3,7,1942,0,1,1,,2,053,"RT 110","8TH ST",97.00,N,N,A,-,Y,LA,7,110,-,-,22.480,H,-,S,Y,1,2,0,2,A,-,05,21651,C,N,A,C,A,A,H,-,C,A,1,,,,,Y,Y,A,01,0,0,0,0,0,0,0,0,0,"- ","- ",34.049630000000001,-118.26391,"LOS ANGELES","LOS ANGELES",-118.26382019,34.049725209999998
6292415,2015,2017-05-09,1942,2015-05-01,2040,25495,0774,5,5,7,1942,0,0,0,G,0,7T23,"WASHINGTON BL","MANSFIELD AV",0.00,E,N,A,-,N,,,,,,,,,,N,1,1,0,2,A,-,11,21954,A,N,-,B,D,A,H,-,C,D,0,Y,,,,Y,Y,N,60,0,0,0,1,0,0,0,0,0,"- ","- ",,,"LOS ANGELES","LOS ANGELES",-118.34862006,34.04061007
6292500,2015,2017-04-06,9575,2015-06-20,0035,20784,,6,3,7,1942,0,1,3,,2,070,"RT 118","GLENOAKS BL",151.00,W,N,A,-,Y,LA,7,118,-,R,13.075,R,2,W,N,1,1,0,2,A,-,11,21954,A,F,G,B,E,A,H,-,D,D,1,Y,,,,Y,Y,N,60,0,0,0,1,0,0,0,0,0,FR,"- ",34.280299999999997,-118.41930000000001,"LOS ANGELES","LOS ANGELES",-118.42042705999999,34.279261959999999
6292616,2015,2015-09-10,1942,2015-08-08,0215,38380,1664,6,5,7,1942,0,0,0,P,0,16T25,"GLENOAKS BL","PEORIA ST",482.00,S,N,A,-,N,,,,,,,,,,Y,1,1,0,3,A,-,06,21750,,N,G,B,E,A,H,-,C,A,0,Y,,,,Y,Y,D,22,0,0,0,1,0,0,0,0,0,"- ","- ",,,"LOS ANGELES","LOS ANGELES",-118.3766135,34.239446729999997
6292659,2015,2017-03-30,1900,2015-08-13,0245,450416,0612,4,5,6,1985,0,0,0,,0,61T1,"WHITES CANYON RD","NADAL ST",84.00,N,N,A,-,N,,,,,,,,,,Y,1,1,0,1,A,-,01,23152,A,N,E,I,A,A,H,-,C,A,0,,,Y,,Y,Y,C,02,0,0,0,0,0,0,0,1,0,"- ","- ",,,"LOS ANGELES","SANTA CLARITA",-118.46793615999999,34.427955570000002
6292831,2015,2017-04-03,9590,2015-09-05,0215,20934,,6,3,7,1942,0,1,1,,2,051,"RT 110","49TH ST",25.00,S,N,A,-,Y,LA,7,110,-,-,18.620,H,-,S,Y,1,1,1,2,A,-,07,21658,A,F,B,C,A,A,H,-,C,D,1,,,,,Y,Y,A,01,1,0,0,0,0,0,0,0,0,"- ","- ",34.59854,-118.1686,"LOS ANGELES","LOS ANGELES",-118.28089337999999,33.99858321
6292866,2015,2017-03-29,1941,2015-12-31,2247,10363,,4,5,7,1941,0,0,0,,0,,"PACIFIC COAST HWY","DAISY AV",15.00,E,N,A,-,Y,LA,7,1,-,-,6.830,H,-,S,Y,1,2,2,1,A,-,03,22350,,N,E,I,A,A,H,-,C,A,0,,,,,Y,Y,A,,1,1,0,0,0,0,0,0,0,"- ","- ",,,"LOS ANGELES","LONG BEACH",-118.19910951,33.789812159999997
6292900,2017,2019-04-05,1942,2017-09-02,0400,41629,1307,6,5,7,1942,0,0,0,M,0,24T31,"PRODUCE ROW","CENTRAL AV",190.00,W,N,A,-,N,,,,,,,,,,N,1,1,0,2,A,-,11,21956,A,N,G,B,E,A,H,-,C,D,0,Y,,,,Y,Y,N,60,0,0,0,1,0,0,0,0,0,"- ","- ",,,"LOS ANGELES","LOS ANGELES",-118.24407093000001,34.03335345
6292924,2017,2019-04-05,1942,2017-09-05,0450,41923,1821,2,5,7,1942,0,0,0,R,0,18A17,"W CENTURY BL","HOOVER ST",130.00,E,N,A,-,N,,,,,,,,,,Y,1,1,0,2,A,-,09,21804,A,N,D,G,A,A,H,-,C,D,0,,Y,,,Y,Y,L,04,0,0,0,0,0,1,0,0,0,"- ","- ",,,"LOS ANGELES","LOS ANGELES",-118.2865422,33.945509999999999
6292974,2017,2019-04-05,1955,2017-08-13,1416,030354,25,7,5,6,1955,0,0,0,,0,002,"MCKINLEY AV","WHITE AV",235.00,W,N,A,-,N,,,,,,,,,,Y,1,1,0,1,A,-,01,23152,A,N,E,I,A,A,H,-,A,A,0,,,Y,,Y,Y,C,02,0,0,0,0,0,0,0,1,0,"- ","- ",,,"LOS ANGELES",POMONA,-117.76060284,34.077785669999997
6293057,2013,2014-05-09,1900,2013-11-05,2215,484625,1126,2,5,6,1992,0,0,0,,0,112T2E,"AVENUE K","17TH ST WEST",0.00,,Y,A,-,N,,,,,,,,,,Y,3,0,2,2,A,-,01,23152,A,M,D,C,A,A,H,-,C,A,0,,,,,Y,Y,A,01,0,1,1,0,0,0,0,0,0,"- ","- ",,,"LOS ANGELES",LANCASTER,-118.1612823,34.675015000000002
6293108,2013,2014-05-09,1956,2013-11-16,0209,1239,37,6,5,5,1956,0,0,0,,0,003,"AVIATION BL","ORMOND LN",84.00,S,N,A,-,N,,,,,,,,,,Y,4,0,1,2,A,-,01,23153,A,N,B,C,A,A,H,-,C,A,0,,,,,Y,Y,A,01,0,0,1,0,0,0,0,0,0,"- ","- ",,,"LOS ANGELES","REDONDO BEACH",-118.3827422,33.868955999999997
6293159,2013,2014-05-10,1942,2013-11-09,0650,40560,0829,6,5,7,1942,0,0,0,H,0,20TL55,"WILSHIRE BL","COMSTOCK AV",164.00,E,N,A,-,N,,,,,,,,,,Y,3,0,4,1,A,-,01,23152,A,N,F,I,A,A,H,-,A,D,0,,,,,Y,Y,A,01,0,2,2,0,0,0,0,0,0,"- ","- ",,,"LOS ANGELES","LOS ANGELES",-118.4249537,34.068073900000002
6293815,2013,2014-04-25,9535,2013-10-25,0150,019725,,5,3,9,1900,0,1,1,,2,420,"RT 10","HERBERT AV",250.00,W,N,A,-,Y,LA,7,10,-,-,20.170,H,-,E,N,4,0,1,2,A,-,01,23152,A,N,C,C,A,A,H,-,C,D,1,,,,,Y,Y,A,01,0,0,1,0,0,0,0,0,0,"- ","- ",34.055669999999999,-118.18467,"LOS ANGELES",UNINCORPORATED,-118.1853663,34.055328600000003
6296386,2013,2014-05-13,1975,2013-11-12,1003,344,,2,5,6,1975,0,0,0,,0,001,"PUENTE AV","SUNSET AV",0.00,,Y,B,-,N,,,,,,,,,,Y,4,0,2,2,A,-,01,23153,A,N,C,C,A,A,H,-,A,A,0,,,,,Y,Y,-,"- ",0,0,2,0,0,0,0,0,0,"- ","- ",,,"LOS ANGELES","WEST COVINA",-117.9346522,34.082834900000002
6301549,2013,2014-05-02,1942,2013-11-28,1900,38606,1863,4,5,7,1942,0,0,0,R,0,18A44,"SAN PEDRO ST","IMPERIAL HWY",60.00,N,N,A,-,Y,,,,,,,,,,Y,4,0,1,2,A,-,01,23152,A,N,A,C,A,A,H,-,C,A,0,,,,,Y,Y,A,07,0,0,1,0,0,0,0,0,0,"- ","- ",,,"LOS ANGELES","LOS ANGELES",-118.26954069999999,33.931399399999997
6302786,2013,2014-05-19,9590,2013-11-17,0329,20081,,7,3,7,1942,0,1,1,,2,040,"RT 5","CALZONA ST",1.00,N,N,B,-,Y,LA,7,5,-,-,15.118,R,1,N,Y,4,0,1,1,A,-,01,23152,A,N,E,I,A,A,H,-,C,D,1,,,,,Y,Y,A,01,0,0,1,0,0,0,0,0,0,"- ","- ",34.021320000000003,-118.19511,"LOS ANGELES","LOS ANGELES",-118.1954276,34.021114500000003
6302850,2013,2014-05-24,1956,2013-12-14,2101,1272,09,6,5,5,1956,0,0,0,,0,002,"KNOB HILL","RT 1",0.00,,Y,A,-,Y,LA,7,1,-,-,18.871,I,6,N,Y,3,0,1,2,A,-,01,23152,A,M,C,C,A,A,H,-,C,A,0,,,,,Y,Y,A,01,0,1,0,0,0,0,0,0,0,"- ","- ",,,"LOS ANGELES","REDONDO BEACH",-118.3854791,33.8289337
6303139,2013,2014-06-24,9580,2013-12-10,2110,16695,,2,2,9,1900,0,1,3,,1,271,"RT 27","2 MILE BRIDGE",1320.00,N,N,A,-,Y,LA,7,27,-,-,0.540,H,-,N,Y,4,0,1,1,A,-,01,23152,A,N,E,I,A,A,H,-,D,D,0,,,,,Y,Y,D,22,0,0,1,0,0,0,0,0,0,"- ","- ",34.049529999999997,-118.58011999999999,"LOS ANGELES",UNINCORPORATED,-118.57715279999999,34.046449000000003
6305088,2013,2014-05-22,1965,2013-12-22,0141,3740,02C1,7,5,5,1965,0,0,0,,0,A002,"3RD ST","ASHLAND AV",63.00,S,N,A,-,N,,,,,,,,,,Y,3,0,2,3,A,-,01,23152,A,N,B,E,E,A,H,-,C,D,0,Y,,Y,,Y,Y,C,02,0,2,0,0,1,0,0,0,1,"- ","- ",,,"LOS ANGELES","SANTA MONICA",-118.4795094,34.000422
6306361,2013,2014-05-07,1956,2013-11-08,1925,1224,24,5,5,5,1956,0,0,0,,0,002,"N CATALINA AV","N GERTRUDA AV",0.00,,Y,A,-,N,,,,,,,,,,Y,2,0,1,2,A,-,09,21801,A,N,A,C,A,A,H,-,C,A,0,,,Y,,Y,Y,A,07,1,0,0,0,0,0,0,0,1,"- ","- ",,,"LOS ANGELES","REDONDO BEACH",-118.3912523,33.851024799999998
6306502,2013,2014-05-28,9580,2013-12-16,1800,20345,,1,2,9,1900,0,3,5,,2,013,"BOX CANYON RD","LEOTA LN",528.00,N,N,A,-,N,,,,,,,,,,Y,4,0,1,1,A,-,08,22107,,M,F,I,A,A,H,-,D,D,0,,,,,Y,Y,D,22,0,0,1,0,0,0,0,0,0,"- ","- ",34.239660000000001,-118.6498,"LOS ANGELES",UNINCORPORATED,-118.6473313,34.2397195
6307449,2013,2014-01-31,9530,2013-02-24,2300,020417,,7,3,5,1915,0,3,5,,2,002,"ALONDRA BL","MAIN ST",317.00,E,N,A,-,N,,,,,,,,,,Y,3,0,3,1,A,-,01,23152,A,N,E,I,A,A,H,-,C,D,0,,,,,Y,Y,A,01,0,1,2,0,0,0,0,0,0,"- ","- ",33.8857,-118.27472,"LOS ANGELES",COMPTON,-118.2748915,33.885739999999998
6310000,2013,2014-05-15,1928,2013-12-15,0136,381,525,7,5,5,1928,0,0,0,,0,0H2,"IMPERIAL HWY","MENLO AV",36.00,E,N,A,-,N,,,,,,,,,,N,4,0,1,2,A,-,01,23152,A,N,C,C,A,A,H,-,C,D,0,,,,,Y,Y,D,22,0,0,1,0,0,0,0,0,0,"- ","- ",,,"LOS ANGELES",HAWTHORNE,-118.3470138,33.930902600000003
6310052,2013,2014-04-01,1900,2013-08-05,1637,525758,1334,1,5,5,1908,0,0,0,,0,133TI,"CLARK AVE","HARVARD ST",0.00,,Y,A,-,N,,,,,,,,,,N,4,0,1,2,A,-,09,21802,A,N,D,C,A,A,H,-,A,A,0,,,,,Y,Y,A,07,0,0,1,0,0,0,0,0,0,"- ","- ",,,"LOS ANGELES",BELLFLOWER,-118.13398220000001,33.8881449
6310547,2013,2014-05-22,1942,2013-12-22,0050,37893,1963,7,5,7,1942,0,0,0,,0,19A75,"VESPER AV","KINZIE ST",180.00,N,N,A,-,Y,,,,,,,,,,Y,2,0,1,2,A,-,01,23152,A,N,C,E,A,A,H,-,C,D,0,,,,,Y,Y,A,01,1,0,0,0,0,0,0,0,0,"- ","- ",,,"LOS ANGELES","LOS ANGELES",-118.45024220000001,34.248948599999999
6311176,2013,2014-05-05,1941,2013-11-20,1920,6183,,3,5,7,1941,0,0,0,,0,,"CEDAR AV","ANAHEIM ST",73.00,S,N,C,-,Y,,,,,,,,,,N,4,0,1,2,A,-,11,21954,A,N,G,B,D,B,H,-,C,A,0,Y,,,,Y,Y,N,,0,0,1,0,1,0,0,0,0,"- ","- ",,,"LOS ANGELES","LONG BEACH",-118.19508380000001,33.7823846
6311519,2013,2014-03-26,1900,2013-11-24,2017,499036,0464,7,5,4,1936,0,0,0,,0,46KL,"ROSECRANS AV","JALON RD",0.00,,Y,A,-,N,,,,,,,,,,N,4,0,2,2,A,-,01,23152,A,N,D,C,A,A,H,-,C,A,0,,,,,Y,Y,A,01,0,0,2,0,0,0,0,0,0,"- ","- ",,,"LOS ANGELES","LA MIRADA",-118.0072122,33.898764900000003
6312020,2013,2014-05-21,1942,2013-11-30,1340,39262,665,6,5,7,1942,0,0,0,,0,6TL2,"MANSFIELD AV","WILLOUGHBY AV",200.00,S,N,A,-,N,,,,,,,,,,N,3,0,1,2,A,-,01,23152,A,N,C,E,A,A,H,-,A,D,0,,,,,Y,Y,A,01,0,1,0,0,0,0,0,0,0,"- ","- ",,,"LOS ANGELES","LOS ANGELES",-118.34065219999999,34.086546300000002
6312085,2013,2014-05-20,9545,2013-12-15,1815,019006,,7,2,9,1900,0,3,5,,2,004,"AVE J","140TH ST E",1584.00,E,N,A,-,N,,,,,,,,,,Y,3,0,2,1,A,-,01,23152,A,N,F,A,A,A,H,-,D,D,0,,,,,Y,Y,A,07,0,1,1,0,0,0,0,0,0,"- ","- ",34.690130000000003,-117.87412999999999,"LOS ANGELES",UNINCORPORATED,-117.8754754,34.690134899999997
6312350,2013,2014-05-28,9540,2013-12-18,2245,019433,,3,3,9,1900,0,1,1,,2,508,"RT 5","HASLEY CANYON RD",5808.00,N,N,B,-,Y,LA,7,5,-,R,57.700,H,-,N,Y,3,0,1,2,A,-,01,23152,A,N,C,C,A,A,H,-,D,D,1,,,,Y,Y,Y,D,22,0,1,0,0,0,0,0,0,0,"- ","- ",34.472050000000003,-118.61532,"LOS ANGELES",UNINCORPORATED,-118.6157742,34.4719494
6312651,2013,2014-04-28,1942,2013-10-21,0855,38365,0265,1,5,7,1942,0,0,0,B,0,2TL15,"8TH ST","WESTLAKE ST",48.00,W,N,A,-,N,,,,,,,,,,N,3,0,1,2,A,-,11,21954,A,F,G,B,D,A,H,-,A,A,0,Y,,,,Y,Y,N,60,0,1,0,0,1,0,0,0,0,"- ","- ",,,"LOS ANGELES","LOS ANGELES",-118.2768306,34.054398599999999
6312665,2013,2014-04-28,1942,2013-10-22,1150,33820,1028,2,5,7,1942,0,0,0,J,0,10TL32,"ARCHWOOD ST","BALBOA BL",250.00,E,N,A,-,N,,,,,,,,,,N,4,0,1,2,A,-,11,21954,A,N,G,B,D,A,H,-,A,D,0,Y,,,,Y,Y,N,60,0,0,1,0,1,0,0,0,0,"- ","- ",,,"LOS ANGELES","LOS ANGELES",-118.5002971,34.192994900000002
6313123,2013,2014-04-29,9535,2013-10-13,2355,19983,,7,3,9,1900,0,1,3,,2,600,"RT 60","EASTERN AV",10.00,W,N,A,-,Y,LA,7,60,-,R,2.974,R,2,E,Y,4,0,1,1,A,-,01,23152,A,N,E,I,A,A,H,-,C,D,1,,,,,Y,Y,A,01,0,0,1,0,0,0,0,0,0,TO,"- ",34.034799999999997,-118.17316,"LOS ANGELES",UNINCORPORATED,-118.17766210000001,34.0343649
6313260,2013,2014-05-13,9535,2013-11-18,0205,19125,,1,3,5,1952,0,1,1,,2,104,"RT 105","LOS ANGELES RV",410.00,E,N,A,-,Y,LA,7,105,-,R,13.740,H,-,E,Y,3,0,2,3,A,-,01,23152,A,F,C,C,A,A,H,-,C,D,7,,,,,Y,Y,A,07,0,2,0,0,0,0,0,0,0,"- ","- ",33.910960000000003,-118.16329,"LOS ANGELES",PARAMOUNT,-118.1749021,33.911138999999999
6313458,2013,2014-11-13,9530,2013-03-01,0020,020359,,5,3,5,1915,0,1,3,,2,310,"RT 91","ALAMEDA ST",858.00,W,N,A,-,Y,LA,7,91,-,R,10.110,H,-,E,Y,3,0,1,2,A,-,01,23152,A,N,C,C,A,A,H,-,C,D,1,,,,Y,Y,Y,A,01,0,1,0,0,0,0,0,0,0,"- ","- ",33.873480000000001,-118.21922000000001,"LOS ANGELES",COMPTON,-118.2216172,33.873781700000002
6313909,2013,2014-05-17,1942,2013-11-26,2150,40063,1177,2,5,7,1942,0,0,0,K,0,4TL43,"AVENUE 26","FIGUEROA ST",180.00,E,N,A,-,N,,,,,,,,,,Y,4,0,2,2,A,-,01,23152,A,N,A,C,A,A,H,-,C,A,0,,,,,Y,Y,A,01,0,0,2,0,0,0,0,0,0,"- ","- ",,,"LOS ANGELES","LOS ANGELES",-118.2219831,34.083512499999998
6314707,2013,2014-10-30,9565,2013-03-09,0220,19355,,6,3,7,1942,0,1,1,,2,083,"RT 10","MOTOR AV",300.00,W,N,B,-,Y,LA,7,10,-,R,6.690,H,-,W,Y,3,0,1,2,A,-,01,23152,A,N,B,C,A,A,H,-,C,D,1,,,,,Y,Y,A,01,0,1,0,0,0,0,0,0,0,"- ","- ",34.031579999999998,-118.41361000000001,"LOS ANGELES","LOS ANGELES",-118.4158077,34.031883100000002
6314937,2013,2014-05-29,1941,2013-12-08,1900,5183,,7,5,7,1941,0,0,0,,0,,"ARBOR RD","MONTAIR AV",0.00,,Y,A,-,N,,,,,,,,,,N,3,0,1,2,A,-,08,22107,,M,G,B,B,A,H,-,C,D,0,Y,,,,Y,Y,A,,0,1,0,0,1,0,0,0,0,"- ","- ",,,"LOS ANGELES","LONG BEACH",-118.1263622,33.843024999999997
6318334,2013,2014-05-23,1942,2013-12-31,1700,35481,1506,2,5,7,1942,0,0,0,O,0,21T62,"SHERMAN WY","TUJUNGA AV",40.00,W,N,A,-,N,,,,,,,,,,Y,3,0,1,4,A,-,01,23152,A,N,C,E,A,A,H,-,C,D,0,,,,,Y,Y,D,22,0,1,0,0,0,0,0,0,0,"- ","- ",,,"LOS ANGELES","LOS ANGELES",-118.37919429999999,34.201184900000001
6319126,2013,2014-05-31,9525,2013-12-10,0025,019854,,2,3,5,1906,0,1,1,,2,103,"RT 10","PUENTE AV",100.00,E,N,A,-,Y,LA,7,10,-,-,33.561,R,2,W,Y,4,0,1,1,A,-,01,23152,A,M,E,I,A,A,H,-,D,D,1,,,,,Y,Y,A,01,0,0,1,0,0,0,0,0,0,TO,"- ",34.07179,-117.96153,"LOS ANGELES","BALDWIN PARK",-117.9564421,34.070894899999999
6319361,2013,2014-05-29,1942,2013-12-11,1930,36698,0218,3,5,7,1942,0,0,0,B,0,1T11-W,"LOGAN ST","SUNSET BL",200.00,S,N,A,-,N,,,,,,,,,,Y,3,0,1,2,A,-,01,23152,A,N,D,C,A,A,H,-,C,D,0,,,,,Y,Y,A,07,0,1,0,0,0,0,0,0,0,"- ","- ",,,"LOS ANGELES","LOS ANGELES",-118.2587298,34.076725400000001
6320197,2013,2014-06-02,1942,2013-12-20,2235,31652,2113,5,5,7,1942,0,0,0,,0,19T73,"ROSCOE BL","LENA AV",260.00,E,N,A,-,N,,,,,,,,,,Y,3,0,1,2,A,-,01,23152,A,N,C,E,A,A,H,-,C,D,0,,,,,Y,Y,A,01,0,1,0,0,0,0,0,0,0,"- ","- ",,,"LOS ANGELES","LOS ANGELES",-118.6269638,34.2193386
6320237,2013,2014-06-02,1942,2013-12-20,2220,39971,1021,5,5,7,1942,0,0,0,J,0,16T23,"CORBIN AV","HART ST",200.00,S,N,A,-,N,,,,,,,,,,Y,4,0,1,4,A,-,01,23152,A,N,B,C,A,A,H,-,C,D,0,,,,,Y,Y,A,07,0,0,1,0,0,0,0,0,0,"- ","- ",,,"LOS ANGELES","LOS ANGELES",-118.5622552,34.196896600000002
6321153,2013,2014-07-24,1912,2013-12-15,2240,8119,,7,5,6,1912,0,0,0,,0,,"HOLLYWOOD WY","VALHALLA DR",40.00,N,N,A,-,N,,,,,,,,,,N,4,0,1,2,A,-,06,21754,,M,B,C,A,A,H,-,C,D,0,,,,,Y,Y,-,"- ",0,0,1,0,0,0,0,0,0,"- ","- ",34.190399999999997,-118.3488,"LOS ANGELES",BURBANK,-118.3490451,34.190304300000001
6321338,2013,2014-05-30,1900,2013-12-09,0115,506936,0250,1,5,4,1945,0,0,0,,0,28T,"SLAUSON AV","DOWNEY RD",13.00,E,N,A,-,N,,,,,,,,,,Y,2,0,1,1,A,-,01,23152,A,N,E,I,A,A,H,-,C,A,0,,,,,Y,Y,A,01,1,0,0,0,0,0,0,0,0,"- ","- ",,,"LOS ANGELES",MAYWOOD,-118.20452040000001,33.989097200000003
6322239,2013,2014-06-10,9545,2013-12-10,2300,020228,,2,3,9,1900,0,3,5,,2,003,"SIERRA HWY","MCENNERY CANYON RD",2429.00,S,N,A,-,N,,,,,,,,,,Y,4,0,1,1,A,-,01,23152,A,N,E,I,A,A,H,-,D,D,0,,,,,Y,Y,A,01,0,0,1,0,0,0,0,0,0,"- ","- ",34.493940000000002,-118.17483,"LOS ANGELES",UNINCORPORATED,-118.16035189999999,34.489086
6323030,2013,2014-12-02,9525,2013-11-24,0206,20532,,7,3,5,1990,0,1,3,,2,574,"RT 57","PATHFINDER RD",100.00,S,N,A,-,Y,LA,7,57,-,R,3.150,H,-,N,Y,3,0,2,2,A,-,01,23152,A,M,C,C,A,A,H,-,D,D,1,,,,,Y,Y,A,01,0,1,1,0,0,0,0,0,0,"- ","- ",33.981940000000002,-117.84198000000001,"LOS ANGELES","DIAMOND BAR",-117.8424612,33.983561799999997
6325541,2013,2014-05-31,1942,2013-12-12,1330,38471,1591,4,5,7,1942,0,0,0,O,0,9TL52W,"COLDWATER CANYON AV","DICKENS ST",24.00,N,N,A,-,N,,,,,,,,,,Y,3,0,4,4,A,-,03,22350,,N,C,C,A,A,H,-,A,A,0,,,,,Y,Y,A,01,0,1,3,0,0,0,0,0,0,"- ","- ",,,"LOS ANGELES","LOS ANGELES",-118.41371220000001,34.144060699999997
6325565,2013,2014-05-30,1942,2013-12-06,2350,39635,1754,5,5,7,1942,0,0,0,Q,0,10T37,"DEVONSHIRE ST","RESEDA BL",800.00,W,N,A,-,N,,,,,,,,,,N,3,0,1,1,A,-,01,23152,A,N,E,I,A,A,H,-,C,D,0,,,,,Y,Y,A,07,0,1,0,0,0,0,0,0,0,"- ","- ",,,"LOS ANGELES","LOS ANGELES",-118.5387652,34.257249700000003
6326227,2013,2014-05-23,1948,2013-12-27,0318,438,1948,5,5,5,1948,0,0,0,,0,003,"SOUTH GARFIELD AV","GARFIELD PL",40.00,S,N,A,-,N,,,,,,,,,,Y,3,0,1,4,A,-,01,23152,A,N,C,E,A,A,H,-,D,D,0,,,,,Y,Y,-,"- ",0,1,0,0,0,0,0,0,0,"- ","- ",,,"LOS ANGELES","MONTEREY PARK",-118.1305722,34.0365763
6326753,2013,2014-05-23,1900,2013-12-01,0300,527056,2603,7,5,6,1950,0,0,0,,0,264T1,"40TH ST EAST","AVENUE S-11",0.00,,Y,A,-,N,,,,,,,,,,Y,4,0,1,1,A,-,01,23152,A,N,E,I,A,A,H,-,C,D,0,,,,,Y,Y,A,01,0,0,1,0,0,0,0,0,0,"- ","- ",,,"LOS ANGELES",PALMDALE,-118.05853,34.547289999999997
6326866,2013,2014-05-28,1942,2013-12-08,1450,37080,1008,7,5,7,1942,0,0,0,J,0,19TL75,"SATICOY ST","HAYVENHURST AV",70.00,W,N,B,-,N,,,,,,,,,,Y,3,0,1,1,A,-,01,23152,A,N,E,I,A,A,H,-,A,A,0,,,,,Y,Y,A,01,0,1,0,0,0,0,0,0,0,"- ","- ",,,"LOS ANGELES","LOS ANGELES",-118.49462339999999,34.2084239
6326970,2013,2014-05-27,9540,2013-12-21,2350,019332,,6,3,9,1900,0,1,3,,2,146,"SAND CANYON RD","RT 14",51.00,W,N,A,-,Y,LA,7,14,-,-,33.228,R,4,N,Y,4,0,1,2,A,-,01,23152,A,N,E,I,A,A,H,-,B,D,1,,,,,Y,Y,A,01,0,0,1,0,0,0,0,0,0,TO,FR,34.42503,-118.42407,"LOS ANGELES",UNINCORPORATED,-118.4279722,34.423114900000002
6328124,2014,2014-06-02,1942,2014-01-01,0015,39021,2125,3,5,7,1942,0,0,0,,0,9T55,"JORDAN AV","ELKWOOD ST",4.00,N,N,A,-,N,,,,,,,,,,Y,3,0,2,1,A,-,01,23152,A,N,E,I,A,A,H,-,C,D,0,,,,,Y,Y,A,01,0,2,0,0,0,0,0,0,0,"- ","- ",,,"LOS ANGELES","LOS ANGELES",-118.60290000000001,34.212850000000003
6328633,2013,2014-04-24,1907,2013-10-26,1939,225,,6,5,4,1907,0,0,0,,0,,"FLORENCE AV","SHERMAN WAY",66.00,E,N,A,-,N,,,,,,,,,,Y,4,0,6,4,A,-,03,22350,,N,C,C,A,-,H,-,C,D,0,,,,,Y,Y,A,07,0,0,6,0,0,0,0,0,0,"- ","- ",33.969029999999997,-118.17585,"LOS ANGELES",BELL,-118.17593720000001,33.9689786
6330022,2014,2014-05-16,1942,2014-01-14,0150,36602,0758,2,5,7,1942,0,0,0,G,0,7T23,"OLYMPIC BL","QUEEN ANNE PL",33.00,E,N,A,-,N,,,,,,,,,,Y,4,0,2,2,A,-,01,23152,A,N,C,C,A,A,H,-,C,D,0,,,,,Y,Y,A,01,0,0,2,0,0,0,0,0,0,"- ","- ",,,"LOS ANGELES","LOS ANGELES",-118.32973667,34.05578182