CASE_ID,ACCIDENT_YEAR,PROC_DATE,JURIS,COLLISION_DATE,COLLISION_TIME,OFFICER_ID,REPORTING_DISTRICT,DAY_OF_WEEK,CHP_SHIFT,POPULATION,CNTY_CITY_LOC,SPECIAL_COND,BEAT_TYPE,CHP_BEAT_TYPE,CITY_DIVISION_LAPD,CHP_BEAT_CLASS,BEAT_NUMBER,PRIMARY_RD,SECONDARY_RD,DISTANCE,DIRECTION,INTERSECTION,WEATHER_1,WEATHER_2,STATE_HWY_IND,CALTRANS_COUNTY,CALTRANS_DISTRICT,STATE_ROUTE,ROUTE_SUFFIX,POSTMILE_PREFIX,POSTMILE,LOCATION_TYPE,RAMP_INTERSECTION,SIDE_OF_HWY,TOW_AWAY,COLLISION_SEVERITY,NUMBER_KILLED,NUMBER_INJURED,PARTY_COUNT,PRIMARY_COLL_FACTOR,PCF_CODE_OF_VIOL,PCF_VIOL_CATEGORY,PCF_VIOLATION,PCF_VIOL_SUBSECTION,HIT_AND_RUN,TYPE_OF_COLLISION,MVIW,PED_ACTION,ROAD_SURFACE,ROAD_COND_1,ROAD_COND_2,LIGHTING,CONTROL_DEVICE,CHP_ROAD_TYPE,PEDESTRIAN_ACCIDENT,BICYCLE_ACCIDENT,MOTORCYCLE_ACCIDENT,TRUCK_ACCIDENT,NOT_PRIVATE_PROPERTY,ALCOHOL_INVOLVED,STWD_VEHTYPE_AT_FAULT,CHP_VEHTYPE_AT_FAULT,COUNT_SEVERE_INJ,COUNT_VISIBLE_INJ,COUNT_COMPLAINT_PAIN,COUNT_PED_KILLED,COUNT_PED_INJURED,COUNT_BICYCLIST_KILLED,COUNT_BICYCLIST_INJURED,COUNT_MC_KILLED,COUNT_MC_INJURED,PRIMARY_RAMP,SECONDARY_RAMP,LATITUDE,LONGITUDE,COUNTY,CITY,POINT_X,POINT_Y
6368938,2013,2014-04-25,1909,2013-10-28,0041,497,,1,5,4,1909,0,0,0,,0,NORTH,"GAGE AV","CHALET DR",358.00,E,N,A,-,N,,,,,,,,,,Y,4,0,1,3,A,-,01,23152,,N,C,C,A,A,H,-,C,D,0,,,,,Y,Y,-,"- ",0,0,1,0,0,0,0,0,0,"- ","- ",,,"LOS ANGELES","BELL GARDENS",-118.13585399999999,33.972566800000003
6369077,2013,2014-03-07,9530,2013-06-13,1410,20315,,4,2,4,1939,0,1,1,,2,400,"RT 405","CRENSHAW BL",150.00,S,N,A,-,Y,LA,7,405,-,-,15.420,H,-,N,Y,4,0,1,3,A,-,03,22350,,N,C,C,A,A,H,-,A,D,1,,,,,Y,Y,A,01,0,0,1,0,0,0,0,0,0,"- ","- ",33.86289,-118.32165999999999,"LOS ANGELES",LAWNDALE,-118.32727079999999,33.864928300000003
6370269,2014,2015-12-28,9580,2014-01-20,0440,020619,,1,3,9,1900,0,1,3,,1,120,"RT 1","RT 27",1056.00,S,N,A,-,Y,LA,7,1,-,-,40.570,H,-,N,Y,3,0,2,1,A,-,03,22350,,N,E,I,A,A,H,-,D,D,0,,,,,Y,Y,A,01,0,2,0,0,0,0,0,0,0,"- ","- ",34.040010000000002,-118.57603,"LOS ANGELES",UNINCORPORATED,-118.57584842999999,34.04008803
6370286,2014,2016-01-11,9580,2014-01-16,0156,020076,,4,3,7,1942,0,1,1,,2,406,"RT 405","CHATSWORTH ST",100.00,S,N,A,-,Y,LA,7,405,-,-,46.720,H,-,N,Y,2,0,1,1,A,-,01,23152,A,N,E,I,A,A,H,-,D,D,1,,,,,Y,Y,A,07,1,0,0,0,0,0,0,0,0,"- ","- ",34.263640000000002,-118.47203,"LOS ANGELES","LOS ANGELES",-118.47207208,34.26411349
6370670,2013,2014-04-14,1900,2013-09-26,0740,527719,1182,4,5,6,1992,0,0,0,,0,111T1,"59TH ST WEST","AVENUE K-12",0.00,,Y,A,-,N,,,,,,,,,,N,4,0,6,2,A,-,09,21800,B,N,D,C,A,A,H,-,A,D,0,,,,,Y,Y,A,08,0,0,6,0,0,0,0,0,0,"- ","- ",,,"LOS ANGELES",LANCASTER,-118.23572,34.66386
6370709,2013,2014-03-29,9530,2013-04-23,2155,20547,,2,2,6,1972,0,1,1,,2,400,"RT 405","CRENSHAW BL",640.00,S,N,A,-,Y,LA,7,405,-,-,15.330,H,-,N,Y,4,0,3,6,A,-,03,22350,,N,B,C,A,A,H,-,C,D,1,,,,,Y,Y,-,99,0,0,3,0,0,0,0,0,0,"- ","- ",33.863329999999998,-118.32201999999999,"LOS ANGELES",TORRANCE,-118.3231171,33.863670900000002
6371646,2014,2014-06-03,1942,2014-01-22,1950,36698,0159,3,5,7,1942,0,0,0,A,0,1T11W3,"MATEO ST","INDUSTRIAL ST",40.00,S,N,B,-,N,,,,,,,,,,Y,3,0,1,3,A,-,01,23152,A,M,C,E,A,A,H,-,C,D,0,,,,,Y,Y,A,08,0,1,0,0,0,0,0,0,0,"- ","- ",,,"LOS ANGELES","LOS ANGELES",-118.23240829,34.035610740000003
6372601,2013,2014-05-02,9535,2013-11-03,0304,18188,,7,3,9,1900,0,1,1,,2,071,"RT 710","EASTERN AV",180.00,E,N,B,-,Y,LA,7,60,-,R,3.000,R,2,W,Y,4,0,3,1,A,-,01,23152,A,N,E,I,A,A,H,-,C,D,1,,,,,Y,Y,A,01,0,0,3,0,0,0,0,0,0,"- ","- ",34.053629999999998,-118.17268,"LOS ANGELES",UNINCORPORATED,-118.1747321,34.035004899999997
6372841,2014,2014-05-07,1942,2014-01-21,2320,33373,1256,2,5,7,1942,0,0,0,L,0,5T21,"VERMONT AV","74TH ST",173.00,S,N,A,-,N,,,,,,,,,,Y,3,0,2,2,A,-,01,23152,A,F,C,C,A,A,H,-,C,A,0,,,,,Y,Y,A,01,0,1,1,0,0,0,0,0,0,"- ","- ",,,"LOS ANGELES","LOS ANGELES",,
6373348,2014,2014-06-10,1942,2014-01-30,1645,39624,1467,4,5,7,1942,0,0,0,N,0,6T7W3,"SEPULVEDA BL","CENTINELA AV",22.00,S,N,A,-,N,,,,,,,,,,Y,4,0,1,2,A,-,01,23152,A,F,C,C,A,A,H,-,C,A,0,,,,,Y,Y,A,01,0,0,1,0,0,0,0,0,0,"- ","- ",,,"LOS ANGELES","LOS ANGELES",-118.39480494,33.980980979999998
6374421,2013,2014-04-19,9530,2013-09-07,0230,20457,,6,3,7,1941,0,1,1,,2,073,"RT 710","ANAHEIM ST",400.00,S,N,A,-,Y,LA,7,710,-,-,6.300,H,-,N,N,4,0,1,1,A,-,08,22107,,N,E,J,A,A,H,-,D,D,1,,,,,Y,Y,A,01,0,0,1,0,0,0,0,0,0,"- ","- ",33.780430000000003,-118.20762000000001,"LOS ANGELES","LONG BEACH",-118.2075621,33.782634899999998
6374639,2013,2014-06-13,9530,2013-09-15,2050,020467,,7,2,9,1900,0,3,5,,2,005,"REDONDO BEACH BL","YUKON AV",0.00,,Y,A,-,N,,,,,,,,,,N,4,0,1,2,A,-,09,21801,A,N,A,C,A,A,H,-,C,A,0,,,,,Y,Y,A,01,0,0,1,0,0,0,0,0,0,"- ","- ",33.880090000000003,-118.35518,"LOS ANGELES",UNINCORPORATED,-118.3351823,33.880084799999999
6375322,2014,2014-06-10,1942,2014-01-25,1100,36399,1218,6,5,7,1942,0,0,0,L,0,3TL5,"54TH ST","HOOVER ST",150.00,W,N,A,-,N,,,,,,,,,,N,2,0,1,2,A,-,"- ",,,N,G,B,E,A,H,-,A,D,0,Y,,,,Y,Y,N,60,1,0,0,0,1,0,0,0,0,"- ","- ",,,"LOS ANGELES","LOS ANGELES",-118.28764389,33.993250000000003
6376719,2014,2014-06-19,1900,2014-02-02,0408,461784,2920,7,5,5,1990,0,0,0,,0,292,"GOLDEN SPRINGS DR","RANCHERIA RD",149.00,E,N,A,-,N,,,,,,,,,,Y,4,0,1,1,A,-,01,23153,A,N,E,I,A,A,H,-,C,D,0,,,,,Y,Y,A,01,0,0,1,0,0,0,0,0,0,"- ","- ",,,"LOS ANGELES","DIAMOND BAR",-117.80652091,34.021119460000001
6376860,2014,2014-06-19,1965,2014-02-23,0520,3804,,7,5,5,1965,0,0,0,,0,,"OCEAN AV",BROADWAY,41.00,N,N,A,-,N,,,,,,,,,,N,4,0,1,2,A,-,03,22350,,F,C,C,A,A,H,-,C,A,0,,,,,Y,Y,A,01,0,0,1,0,0,0,0,0,0,"- ","- ",,,"LOS ANGELES","SANTA MONICA",-118.49658463999999,34.012800239999997
6376923,2014,2014-06-18,1953,2014-02-11,2357,3398,1953,2,5,6,1953,0,0,0,,0,002,"ORANGE GROVE BL","OAKLAND AV",0.00,,Y,A,-,N,,,,,,,,,,N,3,0,1,1,A,-,03,22350,,N,H,A,A,A,H,-,C,D,0,,Y,,,Y,Y,L,04,0,1,0,0,0,0,1,0,0,"- ","- ",,,"LOS ANGELES",PASADENA,-118.14001005,34.157760080000003
6376956,2014,2014-06-18,1953,2014-02-20,1340,1263,1953,4,5,6,1953,0,0,0,,0,001,"ROSEMONT AV","WASHINGTON BL",200.00,S,N,A,-,N,,,,,,,,,,Y,4,0,1,2,A,-,01,23152,A,M,G,B,E,A,H,-,A,D,0,Y,,Y,,Y,Y,C,02,0,0,1,0,1,0,0,0,0,"- ","- ",,,"LOS ANGELES",PASADENA,-118.16861251,34.174280809999999
6377575,2014,2014-06-20,1955,2014-02-01,0212,30497,0030,6,5,6,1955,0,0,0,,0,002,"GROVE ST","MERRIFIELD AV",400.00,W,N,A,-,N,,,,,,,,,,,3,0,1,2,A,-,01,23152,A,N,C,E,A,A,H,-,C,D,0,,,,,Y,Y,A,01,0,1,0,0,0,0,0,0,0,"- ","- ",,,"LOS ANGELES",POMONA,-117.74378561,34.103059999999999
6377713,2014,2015-08-12,1913,2014-01-05,1813,3851,49,7,5,4,1913,0,0,0,,0,003,"BASELINE RD","INDIAN HILL BL",30.00,E,N,A,-,N,,,,,,,,,,Y,4,0,1,2,A,-,03,22350,,N,C,C,A,A,H,-,C,A,0,,,,,Y,Y,A,08,0,0,1,0,0,0,0,0,0,"- ","- ",,,"LOS ANGELES",CLAREMONT,-117.72015114,34.121608729999998
6378300,2014,2014-06-16,1942,2014-02-02,0235,40157,2038,7,5,7,1942,0,0,0,,0,20T59,"7TH ST","VERMONT AV",0.00,,Y,A,-,N,,,,,,,,,,Y,3,0,5,2,A,-,01,23152,A,F,D,C,A,A,H,-,C,A,0,,,,,Y,Y,A,07,0,1,4,0,0,0,0,0,0,"- ","- ",,,"LOS ANGELES","LOS ANGELES",-118.29163004999999,34.059780000000003
6379127,2013,2014-03-24,9565,2013-06-02,0250,19031,,7,3,7,1942,0,3,5,,2,006,SEPULVEDA,WILSHIRE,15.00,S,N,A,-,N,,,,,,,,,,N,4,0,2,2,A,-,03,22350,,N,C,C,A,A,D,-,C,D,0,,,,,Y,Y,D,22,0,0,2,0,0,0,0,0,0,"- ","- ",,,"LOS ANGELES","LOS ANGELES",-118.45158309999999,34.056141599999997
6380372,2014,2014-06-24,1965,2014-02-16,1823,3339,OBID,7,5,5,1965,0,0,0,,0,001,"SANTA MONICA PIER","WEST END PIER RAMP",45.00,E,N,A,-,N,,,,,,,,,,N,2,0,1,3,A,-,01,23152,A,F,A,G,A,A,E,-,B,D,0,,Y,,,Y,Y,D,22,1,0,0,0,0,0,1,0,0,"- ","- ",,,"LOS ANGELES","SANTA MONICA",,
6380694,2014,2015-11-13,9535,2014-01-14,0320,019857,,2,3,5,1943,0,1,1,,2,074,"RT 710","MARTIN LUTHER KING JR BL",180.00,N,N,A,-,Y,LA,7,710,-,R,16.150,H,-,N,Y,4,0,1,2,A,-,01,23152,A,N,C,C,A,A,H,-,D,D,1,,,,Y,Y,Y,A,01,0,0,1,0,0,0,0,0,0,"- ","- ",33.559550000000002,-118.10420000000001,"LOS ANGELES",LYNWOOD,-118.1785666,33.919346230000002
6380764,2014,2015-11-13,9535,2014-01-19,2230,20683,,7,3,4,1907,0,1,1,,2,072,"RT 710","SLAUSON AV",200.00,S,N,A,-,Y,LA,7,710,-,-,20.990,H,-,N,Y,4,0,1,2,A,-,01,23152,A,N,C,C,A,A,H,-,D,D,1,,,,,Y,Y,A,01,0,0,1,0,0,0,0,0,0,"- ","- ",33.98612,-118.16941,"LOS ANGELES",BELL,-118.16933674000001,33.986140329999998
6381070,2013,2014-04-01,9530,2013-08-10,0230,20417,,6,3,9,1900,0,3,5,,2,002,"126TH ST","WILLOWBROOK AV",168.00,W,N,A,-,N,,,,,,,,,,Y,3,0,1,1,A,-,01,23152,A,N,E,I,A,A,H,-,C,D,0,,,,,Y,Y,A,07,0,1,0,0,0,0,0,0,0,"- ","- ",33.917969999999997,-118.23323000000001,"LOS ANGELES",UNINCORPORATED,-118.2332244,33.918053200000003
6381133,2013,2014-04-14,9530,2013-09-06,1743,017755,,5,2,5,1977,0,1,3,,2,310,"RT 91",BROADWAY,28.00,W,N,A,-,Y,LA,7,91,-,R,6.690,H,-,W,Y,4,0,3,3,A,-,03,22350,,N,C,C,A,A,H,-,A,D,1,,,,,Y,Y,A,01,0,0,3,0,0,0,0,0,0,"- ","- ",33.873139999999999,-118.27873,"LOS ANGELES",CARSON,-118.2778871,33.872791900000003
6381642,2013,2014-04-15,9530,2013-10-12,1025,19338,,6,1,7,1942,0,1,3,,2,310,"RT 110","182ND ST",120.00,N,N,A,-,Y,LA,7,110,-,-,9.391,R,2,S,Y,4,0,1,2,A,-,01,23152,A,N,B,C,A,A,H,-,A,D,1,,,,,Y,Y,A,01,0,0,1,0,0,0,0,0,0,"- ","- ",33.871699999999997,-118.28515,"LOS ANGELES","LOS ANGELES",-118.2851821,33.864084900000002
6382496,2014,2015-08-14,9545,2014-02-03,2325,019414,,1,3,9,1900,0,3,5,,2,001,"SIERRA HWY","AVENUE E",2112.00,S,N,B,-,N,,,,,,,,,,Y,2,0,3,2,A,-,03,22350,,N,C,C,E,A,H,-,D,D,0,Y,,,,Y,Y,A,01,1,1,1,0,1,0,0,0,0,"- ","- ",34.75647,-118.14581,"LOS ANGELES",UNINCORPORATED,-118.14591377000001,34.756687530000001
6383376,2013,2014-04-17,9530,2013-10-24,2210,20427,,4,3,9,1900,0,3,5,,2,002,"WILMINGTON AV","123RD ST",0.00,,Y,A,-,N,,,,,,,,,,Y,4,0,1,2,A,-,01,23152,A,N,D,C,A,A,H,-,C,D,0,,,,,Y,Y,D,22,0,0,1,0,0,0,0,0,0,"- ","- ",33.920580000000001,-118.23922,"LOS ANGELES",UNINCORPORATED,-118.2392122,33.920884899999997
6383473,2013,2014-05-15,9530,2013-11-04,1400,20608,,1,2,7,1942,0,1,1,,2,120,"RT 110","CHANNEL ST",1056.00,N,N,A,-,Y,LA,7,110,-,R,1.440,H,-,N,Y,3,0,1,1,A,-,01,23152,A,N,E,I,A,A,H,-,A,D,1,,,,,Y,Y,D,22,0,1,0,0,0,0,0,0,0,TO,"- ",33.756700000000002,-118.2898,"LOS ANGELES","LOS ANGELES",-118.2910365,33.755144000000001
6383584,2014,2014-06-17,1942,2014-02-10,1925,40869,1255,1,5,7,1942,0,0,0,L,0,18T23,"76TH ST",BUDLONG,235.00,W,N,A,-,N,,,,,,,,,,Y,3,0,1,3,A,-,03,22350,,N,C,E,A,A,H,-,C,D,0,,,,,Y,Y,A,01,0,1,0,0,0,0,0,0,0,"- ","- ",,,"LOS ANGELES","LOS ANGELES",-118.29699357,33.971029999999999
6383737,2013,2014-04-16,9530,2013-10-24,0020,19980,,4,3,7,1941,0,1,1,,2,072,"RT 710","WILLOW ST",50.00,N,N,A,-,Y,LA,7,710,-,-,7.900,H,-,N,Y,3,0,1,2,A,-,07,21658,A,F,B,C,A,A,H,-,C,D,1,,,,,Y,Y,-,99,0,1,0,0,0,0,0,0,0,"- ","- ",33.804740000000002,-118.2073,"LOS ANGELES","LONG BEACH",-118.20734210000001,33.804400399999999
6384148,2013,2014-05-28,9530,2013-12-10,0150,020236,,2,3,7,1942,0,1,1,,2,110,"RT 110","IMPERIAL HWY",264.00,S,N,A,-,Y,LA,7,105,-,R,7.519,R,2,E,Y,3,0,1,1,A,-,01,23152,A,N,E,I,A,A,H,-,C,D,1,,,,,Y,Y,A,01,0,1,0,0,0,0,0,0,0,"- ","- ",33.92989,-118.28126,"LOS ANGELES","LOS ANGELES",-118.2778599,33.928423299999999
6384406,2013,2014-05-24,9530,2013-12-26,0110,20080,,4,3,7,1941,0,1,1,,2,430,"RT 405","STUDEBAKER RD",279.00,S,N,A,-,Y,LA,12,405,-,-,0.180,H,-,S,Y,3,0,1,1,A,-,01,23152,A,N,E,I,A,A,H,-,C,D,1,,,,,Y,Y,A,07,0,1,0,0,0,0,0,0,0,"- ","- ",,,"LOS ANGELES","LONG BEACH",-118.0969187,33.788564899999997
6384457,2013,2014-05-24,9530,2013-12-08,0050,20521,,7,3,9,1900,0,1,1,,2,210,"RT 105","WILMINGTON AV",300.00,W,N,A,-,Y,LA,7,105,-,R,9.720,H,-,E,Y,3,0,7,4,A,-,01,23152,A,N,C,C,A,A,H,-,C,D,0,,,,,Y,Y,A,08,0,1,6,0,0,0,0,0,0,"- ","- ",33.928260000000002,-118.24030999999999,"LOS ANGELES",UNINCORPORATED,-118.241507,33.928302600000002
6384901,2013,2014-03-19,9565,2013-06-29,1550,20573,,6,2,9,1900,0,2,4,,2,043,"INGLEWOOD AV","111TH ST",195.00,N,N,A,-,N,,,,,,,,,,Y,2,0,2,2,A,-,01,23152,A,N,D,C,A,A,H,-,A,D,0,,,,,Y,Y,A,01,1,0,1,0,0,0,0,0,0,"- ","- ",33.934829999999998,-118.36133,"LOS ANGELES",UNINCORPORATED,-118.36132720000001,33.9350697
6385197,2014,2014-06-09,1972,2014-01-15,1827,17860,,3,5,6,1972,0,0,0,,0,,"BORDER AV","PLAZA DEL AMO",0.00,,Y,A,-,N,,,,,,,,,,Y,4,0,1,2,A,-,03,22350,,F,D,G,A,A,H,-,C,A,0,,Y,,,Y,Y,L,,0,0,1,0,0,0,1,0,0,"- ","- ",,,"LOS ANGELES",TORRANCE,-118.31316008,33.823720059999999
6386596,2014,2014-06-16,1942,2014-02-05,0315,38406,625,3,5,7,1942,0,0,0,,0,6T7,HIGHLAND,"PAT MOORE WY",5.00,N,N,A,-,N,,,,,,,,,,Y,3,0,1,1,A,-,01,23152,A,N,E,I,A,A,H,-,C,D,0,,,,,Y,Y,A,01,0,1,0,0,0,0,0,0,0,"- ","- ",,,"LOS ANGELES","LOS ANGELES",-118.33623,34.11139
6386694,2014,2016-05-20,1956,2014-02-14,1630,1242,24,5,5,5,1956,0,0,0,,0,002,"BERYL ST","RT 1",0.00,,Y,A,-,Y,LA,7,1,-,-,20.231,I,5,S,N,3,0,1,2,A,-,01,23152,A,N,G,B,D,A,H,-,A,A,0,Y,,,,Y,Y,A,01,0,1,0,0,1,0,0,0,0,"- ","- ",,,"LOS ANGELES","REDONDO BEACH",-118.38852703000001,33.849039179999998
6388734,2014,2014-06-04,1900,2014-01-17,1808,519516,1624,5,5,5,1977,0,0,0,,0,167T1,"SEPULVEDA BL","DOLORES ST",300.00,E,N,A,-,N,,,,,,,,,,Y,4,0,3,2,A,-,01,23152,A,N,C,C,A,A,H,-,C,A,0,,,,,Y,Y,A,01,0,0,3,0,0,0,0,0,0,"- ","- ",,,"LOS ANGELES",CARSON,-118.27141509,33.808121309999997
6391021,2013,2014-03-13,9530,2013-03-30,2357,020359,,6,3,9,1900,0,3,5,,2,001,"MIRAMONTE AV","GAGE AV",13.00,N,N,A,-,N,,,,,,,,,,Y,3,0,1,1,A,-,01,23152,A,N,E,I,A,A,H,-,C,D,0,,,,,Y,Y,A,01,0,1,0,0,0,0,0,0,0,"- ","- ",33.982120000000002,-118.2453,"LOS ANGELES",UNINCORPORATED,-118.24538219999999,33.982160499999999
6391058,2013,2014-03-14,9530,2013-05-03,2230,20405,,5,3,7,1941,0,1,1,,2,071,"RT 710","RT 91",348.00,N,N,A,-,Y,LA,7,710,-,-,13.339,R,2,S,Y,3,0,3,1,A,-,01,23152,A,F,F,I,A,A,H,-,C,D,1,,,,,Y,Y,A,01,0,1,2,0,0,0,0,0,0,TO,"- ",33.875810000000001,-118.19235,"LOS ANGELES","LONG BEACH",-118.1913821,33.883394899999999
6391063,2013,2014-03-13,9575,2013-07-02,0001,20006,,2,3,6,1953,0,1,1,,2,064,"RT 210","WALNUT ST",400.00,N,N,A,-,Y,LA,7,210,-,R,25.253,R,2,W,Y,3,0,1,1,A,-,01,23152,A,M,E,I,A,A,H,-,C,D,1,,,,,Y,Y,A,01,0,1,0,0,0,0,0,0,0,TO,"- ",34.149540000000002,-118.15563,"LOS ANGELES",PASADENA,-118.14693750000001,34.152216799999998
6391492,2013,2014-03-17,9530,2013-04-21,2238,20369,,7,3,9,1900,0,1,3,,2,310,"RT 91","ALAMEDA ST",400.00,W,N,A,-,Y,LA,7,91,-,R,10.190,H,-,W,Y,4,0,1,1,A,-,01,23152,A,N,B,I,A,A,H,-,C,D,1,,,,,Y,Y,A,01,0,0,1,0,0,0,0,0,0,"- ","- ",33.873600000000003,-118.21854999999999,"LOS ANGELES",UNINCORPORATED,-118.2178097,33.873507500000002
6391768,2013,2014-05-15,9575,2013-11-24,1250,19976,,7,1,9,1900,0,3,5,,2,008,"MADRE ST","HUNTINGTON DR",22.00,N,N,A,-,N,,,,,,,,,,Y,4,0,1,1,A,-,01,23152,A,N,E,I,A,A,H,-,A,D,0,,,,,Y,Y,A,01,0,0,1,0,0,0,0,0,0,"- ","- ",34.12997,-118.07938,"LOS ANGELES",UNINCORPORATED,-118.0794262,34.129804999999998
6392364,2014,2014-06-09,1942,2014-01-27,0140,39349,159,1,5,7,1942,0,0,0,O,0,4T43,"S ALAMEDA ST","EAST 6TH ST",0.00,,Y,C,-,N,,,,,,,,,,Y,4,0,1,2,A,-,01,23152,A,N,D,C,A,B,H,-,C,A,0,,,,,Y,Y,A,01,0,0,1,0,0,0,0,0,0,"- ","- ",,,"LOS ANGELES","LOS ANGELES",-118.23842003999999,34.038190090000001
6392723,2014,2014-06-20,1942,2014-02-26,1955,36153,2128,3,5,7,1942,0,0,0,,0,15T43,"MASON AV","SATICOY ST",325.00,N,N,-,-,N,,,,,,,,,,Y,4,0,1,3,A,-,01,23152,A,M,C,E,A,-,-,-,-,D,0,,,,,Y,Y,A,01,0,0,1,0,0,0,0,0,0,"- ","- ",,,"LOS ANGELES","LOS ANGELES",-118.57971999999999,34.209231559999999
6393204,2014,2014-06-13,1900,2014-01-25,1955,263565,1132,6,5,6,1992,0,0,0,,0,111T2,"FOXTON AV","AVENUE J",11.00,N,N,A,-,N,,,,,,,,,,N,4,0,1,2,A,-,12,22450,A,M,H,G,A,A,H,-,C,A,0,,Y,,,Y,Y,A,01,0,0,1,0,0,0,1,0,0,"- ","- ",,,"LOS ANGELES",LANCASTER,-118.12551000000001,34.689300000000003
6393389,2014,2016-06-07,9530,2014-01-03,2230,20483,,5,3,5,1977,0,1,3,,2,310,"RT 91","MAIN ST",850.00,E,N,A,-,Y,LA,7,91,-,R,6.960,R,2,E,Y,3,0,1,1,A,-,01,23152,A,N,E,I,A,A,H,-,C,D,1,,,,,Y,Y,A,01,0,1,0,0,0,0,0,0,0,"- ","- ",33.873100000000001,-118.2754,"LOS ANGELES",CARSON,-118.27429908000001,33.872587080000002
6393433,2014,2014-06-10,9530,2014-01-03,2324,20676,,5,3,9,1900,0,3,5,,2,002,"148TH ST","CAIRN AV",38.00,S,N,A,-,N,,,,,,,,,,Y,3,0,3,2,A,-,01,23152,A,N,E,I,A,A,H,-,C,A,0,,,,,Y,Y,A,07,0,1,2,0,0,0,0,0,0,"- ","- ",33.898350000000001,-118.25733,"LOS ANGELES",UNINCORPORATED,-118.25753,33.898440000000001
6393750,2014,2014-06-18,1942,2014-02-20,1825,37611,0415,4,5,7,1942,0,0,0,D,0,13TL22,"GRIFFIN AV","AVENUE 28",3.00,N,N,A,-,N,,,,,,,,,,Y,3,0,1,2,A,-,01,23152,A,F,C,C,A,A,H,-,C,A,0,,,,,Y,Y,A,01,0,1,0,0,0,0,0,0,0,"- ","- ",,,"LOS ANGELES","LOS ANGELES",-118.21187999999999,34.079258230000001
6394304,2014,2014-06-12,9545,2014-02-17,2052,018090,,1,2,9,1900,0,3,5,,2,001,"50TH ST EAST","AVE L",100.00,N,N,A,-,N,,,,,,,,,,Y,4,0,1,3,C,-,18,,,N,B,C,E,A,H,-,D,D,0,Y,,,,Y,Y,-,"- ",0,0,1,0,1,0,0,0,0,"- ","- ",34.66131,-118.04101,"LOS ANGELES",UNINCORPORATED,-118.04101149,34.660864170000004
6394345,2014,2014-06-11,9530,2014-02-27,2300,020448,,4,3,9,1900,0,3,5,,2,001,"SANTA FE AV","PALM PL",20.00,N,N,C,-,N,,,,,,,,,,Y,4,0,3,2,A,-,01,23152,A,F,C,C,A,B,H,-,C,D,0,,,,,Y,Y,A,07,0,0,3,0,0,0,0,0,0,"- ","- ",33.964910000000003,-118.2302,"LOS ANGELES",UNINCORPORATED,-118.23023868999999,33.964754839999998
6394974,2013,2014-07-03,1946,2013-12-07,1721,P10,,6,5,4,1946,0,0,0,,0,002,PARKER,MONTEREY,120.00,E,N,A,-,N,,,,,,,,,,Y,3,0,1,1,A,-,01,23152,A,N,C,I,A,A,H,-,C,D,0,,,,,Y,Y,A,01,0,1,0,0,0,0,0,0,0,"- ","- ",,,"LOS ANGELES",MONROVIA,-118.0138766,34.142952299999997
6395267,2014,2016-03-05,9535,2014-02-08,0340,18188,,6,3,4,1907,0,1,1,,2,072,"RT 710","FLORENCE AV",275.00,N,N,B,-,Y,LA,7,710,-,-,19.620,R,3,N,Y,3,0,1,1,A,-,01,23152,A,N,E,I,A,A,H,-,C,A,1,,,,,Y,Y,D,22,0,1,0,0,0,0,0,0,0,"- ","- ",33.969160000000002,-118.16707,"LOS ANGELES",BELL,-118.1680626,33.966582959999997
6395868,2014,2015-11-10,9590,2014-01-19,0130,20662,,7,3,7,1942,0,1,1,,2,051,"RT 110","47TH ST",100.00,N,N,A,-,Y,LA,7,110,-,-,18.830,H,-,S,Y,2,0,1,1,A,-,01,23152,A,N,E,I,A,A,H,-,C,D,1,,,,,Y,Y,A,01,1,0,0,0,0,0,0,0,0,"- ","- ",34.000109999999999,-118.28104,"LOS ANGELES","LOS ANGELES",-118.28115228,34.00162529
6395987,2014,2014-06-19,1942,2014-02-16,1810,39119,1205,7,5,7,1942,0,0,0,L,0,12X550,NORMANDIE,"51ST ST",80.00,N,N,A,-,N,,,,,,,,,,Y,4,0,1,2,A,-,01,23152,A,N,C,C,A,A,H,-,C,D,0,,,,,Y,Y,A,01,0,0,1,0,0,0,0,0,0,"- ","- ",,,"LOS ANGELES","LOS ANGELES",-118.30016999999999,33.997079409999998
6396005,2014,2015-12-30,9590,2014-02-09,2325,20409,,7,3,7,1942,0,1,3,,2,094,"RT 2","VERDUGO RD",279.00,W,N,A,-,Y,LA,7,2,-,R,16.950,H,-,E,Y,4,0,1,1,A,-,08,22107,,N,E,I,A,A,H,-,D,D,1,,,,,Y,Y,A,07,0,0,1,0,0,0,0,0,0,"- ","- ",34.120959999999997,-118.22989,"LOS ANGELES","LOS ANGELES",-118.23047674,34.12045208
6396030,2014,2015-11-13,9590,2014-02-03,0200,20436,,1,3,7,1942,0,1,1,,2,084,"RT 5","GLENDALE BL",500.00,S,N,A,-,Y,LA,7,5,-,-,23.570,H,-,N,Y,3,0,1,1,A,-,01,23152,A,N,E,I,A,A,H,-,C,D,1,,,,,Y,Y,A,01,0,1,0,0,0,0,0,0,0,"- ","- ",34.11553,-118.26317,"LOS ANGELES","LOS ANGELES",-118.26442873000001,34.111472630000002