CASE_ID,ACCIDENT_YEAR,PROC_DATE,JURIS,COLLISION_DATE,COLLISION_TIME,OFFICER_ID,REPORTING_DISTRICT,DAY_OF_WEEK,CHP_SHIFT,POPULATION,CNTY_CITY_LOC,SPECIAL_COND,BEAT_TYPE,CHP_BEAT_TYPE,CITY_DIVISION_LAPD,CHP_BEAT_CLASS,BEAT_NUMBER,PRIMARY_RD,SECONDARY_RD,DISTANCE,DIRECTION,INTERSECTION,WEATHER_1,WEATHER_2,STATE_HWY_IND,CALTRANS_COUNTY,CALTRANS_DISTRICT,STATE_ROUTE,ROUTE_SUFFIX,POSTMILE_PREFIX,POSTMILE,LOCATION_TYPE,RAMP_INTERSECTION,SIDE_OF_HWY,TOW_AWAY,COLLISION_SEVERITY,NUMBER_KILLED,NUMBER_INJURED,PARTY_COUNT,PRIMARY_COLL_FACTOR,PCF_CODE_OF_VIOL,PCF_VIOL_CATEGORY,PCF_VIOLATION,PCF_VIOL_SUBSECTION,HIT_AND_RUN,TYPE_OF_COLLISION,MVIW,PED_ACTION,ROAD_SURFACE,ROAD_COND_1,ROAD_COND_2,LIGHTING,CONTROL_DEVICE,CHP_ROAD_TYPE,PEDESTRIAN_ACCIDENT,BICYCLE_ACCIDENT,MOTORCYCLE_ACCIDENT,TRUCK_ACCIDENT,NOT_PRIVATE_PROPERTY,ALCOHOL_INVOLVED,STWD_VEHTYPE_AT_FAULT,CHP_VEHTYPE_AT_FAULT,COUNT_SEVERE_INJ,COUNT_VISIBLE_INJ,COUNT_COMPLAINT_PAIN,COUNT_PED_KILLED,COUNT_PED_INJURED,COUNT_BICYCLIST_KILLED,COUNT_BICYCLIST_INJURED,COUNT_MC_KILLED,COUNT_MC_INJURED,PRIMARY_RAMP,SECONDARY_RAMP,LATITUDE,LONGITUDE,COUNTY,CITY,POINT_X,POINT_Y
6649601,2013,2014-10-20,9550,2013-08-01,2131,019120,,4,2,9,1900,0,1,1,,2,650,"RT 605","ROSE HILLS RD",200.00,S,N,A,-,Y,LA,7,605,-,R,15.436,R,1,N,Y,3,0,1,1,A,-,03,22350,,M,E,I,A,A,H,-,C,D,1,,,Y,,Y,Y,C,02,0,1,0,0,0,0,0,0,1,"- ","- ",34.017130000000002,-118.0528,"LOS ANGELES",UNINCORPORATED,-118.0551021,34.015704900000003
6649846,2013,2014-10-14,9550,2013-09-14,0200,19808,,6,3,6,1920,0,1,1,,2,151,"RT 105","DOWNEY AV",100.00,E,N,A,-,Y,LA,7,105,-,R,15.110,H,-,E,Y,4,0,2,2,A,-,01,23152,A,N,C,C,A,A,H,-,C,D,1,,,,,Y,Y,A,07,0,0,2,0,0,0,0,0,0,"- ","- ",33.91245,-118.15125999999999,"LOS ANGELES",DOWNEY,-118.151098,33.912531899999998
6649960,2013,2014-10-14,9550,2013-11-17,0020,19707,,7,3,9,1900,0,3,5,,2,002,"TELEGRAPH RD","GUNN AV",150.00,E,N,A,-,N,,,,,,,,,,Y,2,0,1,2,A,-,01,23152,A,N,C,E,A,A,H,-,C,D,0,,,,,Y,Y,A,01,1,0,0,0,0,0,0,0,0,"- ","- ",33.938569999999999,-118.04419,"LOS ANGELES",UNINCORPORATED,-118.04414610000001,33.938588500000002
6649979,2013,2014-10-14,9550,2013-11-20,0155,20479,,3,3,6,1920,0,1,1,,2,151,"RT 105","LAKEWOOD BL",1100.00,E,N,A,-,Y,LA,7,105,-,R,15.970,H,-,W,Y,2,0,1,1,A,-,01,23152,A,N,E,I,A,A,H,-,D,D,1,,,,,Y,Y,A,01,1,0,0,0,0,0,0,0,0,"- ","- ",33.913220000000003,-118.12976999999999,"LOS ANGELES",DOWNEY,-118.1349214,33.913204999999998
6650095,2013,2014-10-13,9550,2013-12-06,0240,19017,,5,3,6,1949,0,1,1,,2,501,"RT 5","ROSECRANS AV",20.00,S,N,A,-,Y,LA,7,5,-,-,3.440,H,-,N,Y,3,0,1,1,A,-,01,23152,A,N,E,I,A,A,H,-,C,D,1,,,,,Y,Y,A,07,0,1,0,0,0,0,0,0,0,"- ","- ",33.902419999999999,-118.06076,"LOS ANGELES",NORWALK,-118.05992689999999,33.901249700000001
6650103,2013,2014-10-13,9550,2013-12-06,1720,020531,,5,2,9,1900,0,3,5,,2,003,"HACIENDA BL","THREE PALMS ST",100.00,S,N,A,-,N,,,,,,,,,,Y,3,0,1,2,A,-,01,23152,A,M,C,C,A,A,H,-,C,A,0,,,,,Y,Y,A,01,0,1,0,0,0,0,0,0,0,"- ","- ",34.004179999999998,-117.96527,"LOS ANGELES",UNINCORPORATED,-117.9651243,34.005081699999998
6650168,2013,2014-10-13,9550,2013-12-21,1430,20392,,6,2,5,1919,0,1,1,,2,652,"RT 605","RT 91",2200.00,S,N,A,-,Y,LA,7,605,-,R,4.570,H,-,N,Y,3,0,1,1,A,-,01,23152,A,N,F,A,A,A,H,-,A,D,1,,,Y,,Y,Y,C,02,0,1,0,0,0,0,0,0,1,"- ","- ",33.870220000000003,-118.10014,"LOS ANGELES",CERRITOS,-118.09959480000001,33.868651
6650722,2014,2014-10-20,1942,2014-09-28,2050,38050,1383,7,5,7,1942,0,0,0,M,0,1TL11,"SLAUSON AV","BRENTWOOD ST",0.00,,Y,A,-,N,,,,,,,,,,Y,4,0,3,2,A,-,01,23153,A,N,A,C,A,A,H,-,C,D,0,,,,,Y,Y,A,01,0,0,3,0,0,0,0,0,0,"- ","- ",,,"LOS ANGELES","LOS ANGELES",-118.27721007,33.989190100000002
6651355,2014,2014-10-14,1942,2014-06-23,0205,37854,656,1,5,7,1942,0,0,0,,0,6PB38,"SANTA MONICA",CAHUENGA,60.00,W,N,A,-,N,,,,,,,,,,Y,3,0,1,2,A,-,01,23152,A,F,A,C,A,A,H,-,C,A,0,,,,,Y,Y,A,01,0,1,0,0,0,0,0,0,0,"- ","- ",,,"LOS ANGELES","LOS ANGELES",-118.32906779,34.090739999999997
6652396,2014,2016-06-11,9575,2014-09-25,0100,17414,,4,3,7,1942,0,1,3,,2,044,"RT 134","CAHUENGA BL",100.00,W,N,A,-,Y,LA,7,134,-,-,0.840,H,-,W,Y,4,0,1,2,A,-,07,21658,A,F,H,C,A,A,H,-,D,D,1,,,,,Y,Y,-,99,0,0,1,0,0,0,0,0,0,"- ","- ",34.153300000000002,-118.36373,"LOS ANGELES","LOS ANGELES",-118.36224244,34.153347590000003
6652443,2013,2015-01-08,9550,2013-01-27,1935,020321,,7,2,9,1900,0,1,3,,2,600,"RT 60","CROSSROADS PARKWAY",75.00,W,N,A,-,Y,LA,7,60,-,-,12.620,H,-,W,Y,4,0,1,1,A,-,01,23152,A,N,E,I,A,A,H,-,C,D,1,,,,,Y,Y,A,01,0,0,1,0,0,0,0,0,0,"- ","- ",34.029710000000001,-118.01392,"LOS ANGELES",UNINCORPORATED,-118.0143044,34.029231799999998
6652658,2014,2016-05-23,9525,2014-07-20,0425,020341,,7,3,6,1955,0,1,3,,2,606,"RT 60","RESERVOIR ST",400.00,W,N,A,-,Y,LA,7,60,-,R,30.030,H,-,E,Y,3,0,1,2,A,-,01,23152,A,N,B,C,A,A,H,-,C,D,1,,,,Y,Y,Y,A,01,0,1,0,0,0,0,0,0,0,"- ","- ",34.024430000000002,-117.73899,"LOS ANGELES",POMONA,-117.73690430000001,34.024810870000003
6652661,2014,2016-06-06,9525,2014-07-31,0300,019264,,4,3,4,1946,0,1,1,,2,201,"RT 210","MONTEREY AV",450.00,E,N,A,-,Y,LA,7,210,-,R,33.220,H,-,W,Y,3,0,1,2,A,-,01,23152,A,N,C,C,A,A,H,-,D,D,1,,,,Y,Y,Y,A,01,0,1,0,0,0,0,0,0,0,"- ","- ",34.138060000000003,-118.01384,"LOS ANGELES",MONROVIA,-118.0126429,34.13740954
6654103,2013,2014-10-21,9550,2013-03-08,2105,020151,,5,2,9,1900,0,3,5,,2,001,"TURNBULL CANYON RD","SKYLINE DR",1200.00,S,N,C,-,N,,,,,,,,,,Y,4,0,1,1,A,-,01,23152,A,M,E,J,A,B,H,-,D,D,0,,,,,Y,Y,D,22,0,0,1,0,0,0,0,0,0,"- ","- ",33.994540000000001,-118.00342999999999,"LOS ANGELES",UNINCORPORATED,-118.00434079999999,33.994297199999998
6654175,2013,2015-01-21,9550,2013-03-20,1820,14385,,3,2,6,1920,0,1,1,,2,651,"RT 605","FLORENCE AV",528.00,S,N,B,-,Y,LA,7,605,-,R,9.130,H,-,S,Y,4,0,1,4,A,-,07,21658,A,N,B,C,A,A,H,-,B,D,1,,,,Y,Y,Y,G,25,0,0,1,0,0,0,0,0,0,"- ","- ",33.937170000000002,-118.09893,"LOS ANGELES",DOWNEY,-118.1007961,33.933511699999997
6654573,2013,2014-10-16,9550,2013-09-22,0345,19844,,7,3,5,1908,0,1,3,,2,091,"RT 91","SAN GABRIEL RIVER UC",600.00,W,N,A,-,Y,LA,7,91,-,R,16.510,H,-,W,Y,2,0,2,3,A,-,03,22350,,N,C,C,E,A,H,-,D,D,1,Y,,,,Y,Y,A,01,1,1,0,0,1,0,0,0,0,"- ","- ",33.87697,-118.10957999999999,"LOS ANGELES",BELLFLOWER,-118.1106508,33.877074899999997
6654713,2013,2014-10-16,9550,2013-12-14,2345,19518,,6,3,9,1900,0,3,5,,2,004,"TETLEY ST","HACIENDA BL",100.00,W,N,A,-,N,,,,,,,,,,Y,3,0,1,1,A,-,01,23152,A,N,E,I,A,A,H,-,C,A,0,,,,,Y,Y,A,01,0,1,0,0,0,0,0,0,0,"- ","- ",33.993229999999997,-117.96953000000001,"LOS ANGELES",UNINCORPORATED,-117.9691141,33.993112400000001
6654825,2013,2014-10-21,9550,2013-07-16,0645,20282,,2,1,6,1949,0,1,1,,2,501,"RT 5","BLOOMFIELD AV",150.00,N,N,A,-,Y,LA,7,5,-,-,3.840,H,-,N,Y,3,0,1,3,A,-,08,22107,,N,B,C,A,A,H,-,A,D,1,,,,Y,Y,Y,F,26,0,1,0,0,0,0,0,0,0,"- ","- ",33.906950000000002,-118.06679,"LOS ANGELES",NORWALK,-118.0650892,33.905184599999998
6654961,2013,2014-10-16,9550,2013-10-09,0555,20073,,3,3,9,1900,0,1,1,,2,650,"RT 605","SARAGOSA RD",500.00,N,N,B,-,Y,LA,7,605,-,R,12.520,H,-,S,Y,4,0,2,4,A,-,03,22350,,N,C,C,A,A,H,-,C,D,1,,,,,Y,Y,A,01,0,0,2,0,0,0,0,0,0,"- ","- ",33.981059999999999,-118.07581,"LOS ANGELES",UNINCORPORATED,-118.0760063,33.980770100000001
6654963,2013,2014-10-16,9550,2013-10-13,2145,020551,,7,2,9,1900,0,1,3,,2,600,"RT 60","CROSSROADS PKWY",500.00,W,N,A,-,Y,LA,7,60,-,-,12.540,H,-,W,Y,4,0,1,2,A,-,01,23152,A,F,C,C,A,A,H,-,C,D,1,,,,,Y,Y,A,01,0,0,1,0,0,0,0,0,0,"- ","- ",34.029350000000001,-118.01449,"LOS ANGELES",UNINCORPORATED,-118.0151559,34.029247400000003
6655115,2013,2014-10-21,9550,2013-07-27,0038,20073,,6,3,9,1900,0,3,5,,2,002,"AEOLIAN ST","BOER AV",108.00,E,N,A,-,N,,,,,,,,,,Y,3,0,1,3,A,-,01,23152,A,N,C,E,A,A,H,-,C,D,0,,,,,Y,Y,A,07,0,1,0,0,0,0,0,0,0,"- ","- ",33.966389999999997,-118.07263,"LOS ANGELES",UNINCORPORATED,-118.0727212,33.966401300000001
6655138,2013,2014-10-15,9550,2013-07-08,1810,015045,,1,2,9,1900,0,2,4,,1,062,"FAIRWAY DR","WALNUT DR S",0.00,,Y,A,-,N,,,,,,,,,,Y,3,0,2,2,A,-,01,23152,A,N,D,C,A,A,H,-,A,A,0,,,,,Y,Y,A,01,0,1,1,0,0,0,0,0,0,"- ","- ",33.992939999999997,-117.87000999999999,"LOS ANGELES",UNINCORPORATED,-117.8699522,33.992954900000001
6655189,2013,2014-10-15,9550,2013-07-09,2105,18952,,2,2,9,1900,0,1,1,,2,650,"RT 605","WHITTIER BL",200.00,S,N,A,-,Y,LA,7,605,-,R,13.510,H,-,S,Y,4,0,3,5,A,-,03,22350,,M,C,C,A,A,H,-,D,D,1,,,,,Y,Y,A,01,0,0,3,0,0,0,0,0,0,"- ","- ",33.991869999999999,-118.06985,"LOS ANGELES",UNINCORPORATED,-118.06986070000001,33.991342099999997
6656786,2014,2014-12-15,9535,2014-09-14,1155,20794,,7,1,9,1900,0,3,5,,2,001,"POMEROY ST","EASTMAN AV",100.00,W,N,A,-,N,,,,,,,,,,Y,3,0,1,5,A,-,01,23152,A,M,C,E,A,A,H,-,A,D,0,,,,,Y,Y,D,22,0,1,0,0,0,0,0,0,0,"- ","- ",34.051380000000002,-118.18563,"LOS ANGELES",UNINCORPORATED,-118.18560515999999,34.051340969999998
6657958,2014,2016-01-12,1942,2014-10-04,1920,35471,1505,6,5,7,1942,0,0,0,O,0,19T75,"SHERMAN WY","IRVINE AV",0.00,,Y,A,-,N,,,,,,,,,,N,1,1,0,2,A,-,10,21950,A,N,G,B,B,A,H,-,C,A,0,Y,,,,Y,Y,A,01,0,0,0,1,0,0,0,0,0,"- ","- ",,,"LOS ANGELES","LOS ANGELES",-118.38554006,34.201190109999999
6659175,2014,2016-05-09,9580,2014-09-26,0145,16695,,5,3,7,1942,0,1,2,,2,104,"RT 101","DE SOTO AV",1320.00,S,N,A,-,Y,LA,7,10,-,-,24.060,H,-,E,Y,4,0,1,1,A,-,01,23152,A,N,E,I,A,A,H,-,C,D,0,,,,,Y,Y,A,01,0,0,1,0,0,0,0,0,0,"- ","- ",34.168570000000003,-118.58171,"LOS ANGELES","LOS ANGELES",-118.12178345,34.071471879999997
6660178,2014,2016-05-28,9540,2014-09-26,2202,019950,,5,3,9,1900,0,1,1,,2,513,"RT 5","RT 138",2640.00,S,N,A,-,Y,LA,7,5,-,R,80.960,H,-,S,Y,4,0,1,2,A,-,01,23152,A,N,C,C,A,A,H,-,C,D,1,,,,,Y,Y,A,01,0,0,1,0,0,0,0,0,0,"- ","- ",34.756219999999999,-118.79594,"LOS ANGELES",UNINCORPORATED,-118.79587916,34.750736719999999
6661708,2014,2014-12-12,9530,2014-10-07,0155,20675,,2,3,9,1900,0,1,1,,2,120,"RT 110","LOMITA BL",50.00,N,N,A,-,Y,,,110,,,,,,,Y,3,0,1,2,A,-,01,23152,A,N,B,C,A,A,H,-,C,D,0,,,,,Y,Y,A,01,0,1,0,0,0,0,0,0,0,"- ","- ",33.797849999999997,-118.28697,"LOS ANGELES",UNINCORPORATED,-118.28701594,33.79780444
6661783,2014,2015-01-07,1962,2014-10-10,2349,120,1962,5,5,4,1962,0,0,0,,0,023,"NORWOOD PL","DEL MAR AV",689.00,W,N,A,-,N,,,,,,,,,,N,3,0,1,2,A,-,01,23152,A,N,B,E,A,A,H,-,C,D,0,,,,,Y,Y,A,01,0,1,0,0,0,0,0,0,0,"- ","- ",,,"LOS ANGELES","SAN GABRIEL",-118.10184039000001,34.076435349999997
6663240,2013,2014-10-21,9550,2013-12-01,0155,19527,,7,3,3,1964,0,1,1,,2,500,"RT 5","FLORENCE AV",800.00,S,N,A,-,Y,LA,7,5,-,-,6.150,H,-,N,Y,3,0,1,1,A,-,01,23152,A,N,E,I,A,A,H,-,C,D,1,,,,,Y,Y,A,01,0,1,0,0,0,0,0,0,0,"- ","- ",33.933340000000001,-118.09115,"LOS ANGELES","SANTA FE SPRINGS",-118.0902973,33.932081799999999
6665692,2014,2015-05-22,1900,2014-09-04,0150,516545,1323,4,5,5,1935,0,0,0,,0,132T1E,"CARSON ST","LAKEWOOD DR",10.00,W,N,A,-,N,,,,,,,,,,Y,3,0,1,1,A,-,01,23152,A,N,E,I,A,A,H,-,C,D,0,,,,,Y,Y,A,,0,1,0,0,0,0,0,0,0,"- ","- ",,,"LOS ANGELES",LAKEWOOD,-118.14772286,33.832440200000001
6665809,2014,2014-11-12,1934,2014-08-31,1859,742,1934,7,5,1,1934,0,0,0,,0,,"ARROW HWY","LIVE OAK AV",0.00,,Y,A,-,N,,,,,,,,,,Y,4,0,10,2,A,-,01,23153,A,N,D,C,A,A,H,-,B,A,0,,,,,Y,Y,A,01,0,0,10,0,0,0,0,0,0,"- ","- ",,,"LOS ANGELES",IRWINDALE,-117.99107011,34.113040089999998
6666280,2014,2014-12-12,1942,2014-10-11,1315,34959,2054,6,5,7,1942,0,0,0,,0,20T56,"NORMANDIE AV","OLYMPIC BL",46.00,S,N,A,-,N,,,,,,,,,,Y,4,0,1,2,A,-,01,23152,A,N,C,C,A,A,H,-,A,D,0,,,,,Y,Y,A,01,0,0,1,0,0,0,0,0,0,"- ","- ",,,"LOS ANGELES","LOS ANGELES",-118.30002671,34.052513920000003
6666292,2014,2014-12-12,1942,2014-10-10,0150,37511,2053,5,5,7,1942,0,0,0,,0,0LA,WESTERN,OLYMPIC,200.00,N,N,A,-,N,,,,,,,,,,Y,4,0,7,4,A,-,01,23152,A,N,C,C,A,A,H,-,C,A,0,,,,,Y,Y,A,01,0,0,7,0,0,0,0,0,0,"- ","- ",,,"LOS ANGELES","LOS ANGELES",-118.30907361,34.053188499999997
6666862,2014,2014-11-14,1941,2014-10-03,1630,10542,,5,5,7,1941,0,0,0,,0,,"LONG BEACH BL","HILL ST",175.00,S,N,A,-,N,,,,,,,,,,N,4,0,1,2,A,-,09,21804,A,N,D,G,A,A,H,-,A,D,0,,Y,,,Y,Y,-,,0,0,1,0,0,0,1,0,0,"- ","- ",,,"LOS ANGELES","LONG BEACH",-118.18947738,33.796650100000001
6667935,2014,2015-01-29,1972,2014-09-09,0910,14197,,2,5,6,1972,0,0,0,,0,,"CRENSHAW BL",SEPULVEDA,120.00,N,N,A,-,N,,,,,,,,,,Y,4,0,1,2,A,-,04,21703,,N,C,C,A,A,H,-,A,A,0,,,,,Y,Y,A,,0,0,1,0,0,0,0,0,0,"- ","- ",,,"LOS ANGELES",TORRANCE,-118.32847061,33.822189010000002
6668112,2014,2014-10-27,1900,2014-07-30,0050,503650,1625,3,5,5,1977,0,0,0,,0,160T,"WILMINGTON AV","LINCOLN ST",0.00,,Y,B,-,N,,,,,,,,,,Y,4,0,1,6,A,-,01,23152,A,N,B,E,A,A,H,-,C,D,0,,,,,Y,Y,A,01,0,0,1,0,0,0,0,0,0,"- ","- ",,,"LOS ANGELES",CARSON,-118.25561003999999,33.807690090000001
6668269,2014,2014-10-23,1922,2014-09-17,2301,505,,3,5,6,1922,0,0,0,,0,,"SANTA ANITA AV","ASHER ST",0.00,,Y,A,-,N,,,,,,,,,,Y,3,0,1,2,A,-,01,23152,A,N,D,C,A,A,H,-,C,A,0,,,,,Y,Y,A,01,0,1,0,0,0,0,0,0,0,"- ","- ",,,"LOS ANGELES","EL MONTE",-118.04230002,34.067990049999999
6668667,2014,2014-12-12,1942,2014-10-10,1750,31652,1775,5,5,7,1942,0,0,0,Q,0,19T73,"RESEDA BL","PRAIRIE ST",70.00,S,N,A,-,N,,,,,,,,,,Y,4,0,1,3,A,-,03,22350,,M,C,C,A,A,H,-,C,A,0,,,,,Y,Y,D,22,0,0,1,0,0,0,0,0,0,"- ","- ",,,"LOS ANGELES","LOS ANGELES",-118.53608554,34.238938019999999
6668862,2014,2014-11-21,1942,2014-10-02,2340,40899,0717,4,5,7,1942,0,0,0,G,0,7T23,"BEVERLY BL","JUNE ST",0.00,,Y,A,-,N,,,,,,,,,,Y,4,0,1,2,A,-,12,21453,A,F,D,C,A,A,H,-,C,A,0,,,,,Y,Y,A,01,0,0,1,0,0,0,0,0,0,"- ","- ",,,"LOS ANGELES","LOS ANGELES",-118.33471006000001,34.076200100000001
6668867,2014,2014-11-21,1942,2014-10-09,0450,39746,0646,4,5,7,1942,0,0,0,F,0,6T7,"CAHUENGA BL","SUNSET BL",300.00,N,N,A,-,N,,,,,,,,,,Y,3,0,2,2,A,-,01,23152,A,N,C,E,A,A,H,-,C,D,0,,,,,Y,Y,A,01,0,2,0,0,0,0,0,0,0,"- ","- ",,,"LOS ANGELES","LOS ANGELES",-118.32950870000001,34.098832639999998
6669215,2014,2014-12-22,9540,2014-10-11,1935,019772,,6,2,7,1942,0,1,1,,2,210,"RT 120","HUBBARD ST",178.00,E,N,A,-,Y,,,,,,,,,,Y,4,0,3,3,A,-,01,23152,A,N,C,C,A,A,H,-,D,B,0,,,,,Y,Y,A,01,0,0,3,0,0,0,0,0,0,TO,"- ",34.308320000000002,-118.4286,"LOS ANGELES","LOS ANGELES",,
6669481,2014,2014-12-26,9540,2014-10-11,0315,19868,,6,3,7,1942,0,1,1,,2,500,"RT 5","RT 118",500.00,N,N,A,-,Y,,,5,,,,,,,Y,3,0,1,2,A,-,01,23152,A,N,C,C,A,A,H,-,D,D,0,,,,,Y,Y,A,01,0,1,0,0,0,0,0,0,0,"- ","- ",34.270429999999998,-118.4474,"LOS ANGELES","LOS ANGELES",-118.44743742999999,34.270394420000002
6670657,2014,2014-12-23,1941,2014-10-18,2252,6161,,6,5,7,1941,0,0,0,,0,,"PINE AV","15TH ST",273.00,N,N,A,-,N,,,,,,,,,,Y,4,0,1,2,A,-,04,21703,,N,C,C,A,A,H,-,C,D,0,,,,,Y,Y,A,,0,0,1,0,0,0,0,0,0,"- ","- ",,,"LOS ANGELES","LONG BEACH",-118.19237,33.786078660000001
6672502,2014,2014-11-03,9550,2014-03-31,0224,20226,,1,3,9,1900,0,2,4,,2,0015,"PIONEER BL","RIVERA RD",180.00,N,N,A,-,N,,,,,,,,,,Y,3,0,1,3,A,-,01,23152,A,N,C,E,A,A,H,-,C,D,0,,,,,Y,Y,A,01,0,1,0,0,0,0,0,0,0,"- ","- ",33.965690000000002,-118.08292,"LOS ANGELES",UNINCORPORATED,-118.08278869999999,33.965600049999999
6672577,2014,2014-11-13,1928,2014-10-06,2137,388,1928,1,5,5,1928,0,0,0,,0,,"IMPERIAL HWY","MENLO AV",0.00,,Y,A,-,N,,,,,,,,,,Y,4,0,1,2,A,-,09,21806,A,N,A,I,A,A,H,-,C,A,0,,,,,Y,Y,-,,0,0,1,0,0,0,0,0,0,"- ","- ",,,"LOS ANGELES",HAWTHORNE,-118.34717012,33.930960059999997
6672641,2014,2016-02-04,9550,2014-01-15,1320,18412,,3,1,9,1900,0,1,1,,2,650,"RT 605","BEVERLY BL",50.00,S,N,A,-,Y,LA,7,605,-,R,14.400,H,-,S,Y,3,0,1,1,A,-,08,22107,,N,E,I,A,A,H,-,A,D,1,,,Y,,Y,Y,C,02,0,1,0,0,0,0,0,0,1,"- ","- ",34.004420000000003,-118.63084000000001,"LOS ANGELES",UNINCORPORATED,-118.06398047,34.004389250000003
6672670,2014,2014-10-29,9550,2014-01-17,1210,19293,,5,1,9,1900,0,2,4,,1,013,"NORWALK BL","SARAGOSA ST",200.00,S,N,A,-,N,,,,,,,,,,Y,3,0,1,2,A,-,01,23152,A,N,C,C,A,A,H,-,A,D,0,,,,,Y,Y,A,01,0,1,0,0,0,0,0,0,0,"- ","- ",33.977440000000001,-118.07592,"LOS ANGELES",UNINCORPORATED,-118.0758591,33.977174320000003
6672681,2014,2014-10-29,9550,2014-04-24,2305,18854,,4,3,9,1900,0,3,5,,2,003,"HACIENDA BL","RICHVIEW DR",72.00,N,N,A,-,N,,,,,,,,,,Y,3,0,1,2,A,-,01,23152,A,F,C,C,A,A,H,-,C,D,0,,,,,Y,Y,A,01,0,1,0,0,0,0,0,0,0,"- ","- ",33.97869,-117.9114,"LOS ANGELES",UNINCORPORATED,-117.97086078,33.978367609999999
6672732,2014,2014-10-30,9550,2014-02-06,1750,019707,,4,2,9,1900,0,2,4,,1,013,"NORWALK BL","ROCKNE AV",0.00,,Y,C,-,N,,,,,,,,,,Y,4,0,1,3,A,-,01,23152,A,N,D,C,A,B,H,-,C,D,0,,,,,Y,Y,A,08,0,0,1,0,0,0,0,0,0,"- ","- ",33.582929999999998,-118.04300000000001,"LOS ANGELES",UNINCORPORATED,-118.07495000999999,33.97480006
6672987,2013,2014-10-31,9550,2013-05-05,1524,20419,,7,2,9,1900,0,3,5,,2,001,"BRADWELL AV","SARAGOSA ST",369.00,S,N,A,-,N,,,,,,,,,,Y,3,0,1,2,A,-,01,23152,A,N,C,E,A,A,H,-,A,D,0,,,,,Y,Y,A,01,0,1,0,0,0,0,0,0,0,"- ","- ",33.97833,-118.07926999999999,"LOS ANGELES",UNINCORPORATED,-118.07916419999999,33.978536300000002
6673025,2013,2014-11-06,9550,2013-05-08,2130,17398,,3,2,6,1920,0,1,1,,2,651,"RT 605","FLORENCE AV",2500.00,S,N,B,-,Y,LA,7,605,-,R,9.080,H,-,N,Y,3,0,4,2,A,-,01,23152,A,N,C,C,A,A,H,-,D,D,1,,,,,Y,Y,A,01,0,2,2,0,0,0,0,0,0,"- ","- ",33.933219999999999,-118.10055,"LOS ANGELES",DOWNEY,-118.1009506,33.932762400000001
6673121,2014,2016-02-04,9550,2014-03-14,0404,18949,,5,3,3,1964,0,1,1,,2,651,"RT 605","RT 5",110.00,S,N,A,-,Y,LA,7,5,-,-,6.914,R,2,N,Y,3,0,1,1,A,-,01,23152,A,N,F,A,A,A,H,-,D,D,1,,,,,Y,Y,A,01,0,1,0,0,0,0,0,0,0,TR,"- ",33.939230000000002,-118.09636,"LOS ANGELES","SANTA FE SPRINGS",-118.09716826,33.942130970000001
6673143,2014,2014-11-04,9550,2014-03-16,0250,19017,,7,3,9,1900,0,2,4,,1,042,"COLIMA RD","DAWN HAVEN RD",520.00,E,N,A,-,N,,,,,,,,,,Y,2,0,1,1,A,-,01,23152,A,N,E,I,A,A,H,-,C,D,0,,,,,Y,Y,A,01,1,0,0,0,0,0,0,0,0,"- ","- ",33.990569999999998,-117.94410000000001,"LOS ANGELES",UNINCORPORATED,-117.94382736999999,33.99075929
6673875,2014,2015-01-22,1942,2014-12-17,2300,39317,1249,3,5,7,1942,0,0,0,L,0,18T23,"DENVER AV","68TH ST",31.00,N,N,A,-,N,,,,,,,,,,Y,4,0,1,2,A,-,01,23152,A,N,C,E,A,A,H,-,C,A,0,,,,,Y,Y,A,01,0,0,1,0,0,0,0,0,0,"- ","- ",,,"LOS ANGELES","LOS ANGELES",-118.28379,33.978385019999997
6674430,2014,2014-12-16,1955,2014-10-17,2232,41149,04,5,5,6,1955,0,0,0,,0,096,"TOWNE AV","3RD ST",0.00,,Y,A,-,N,,,,,,,,,,Y,3,0,1,1,A,-,01,23152,A,N,A,J,A,A,H,-,C,D,0,,,,,Y,Y,A,01,0,1,0,0,0,0,0,0,0,"- ","- ",,,"LOS ANGELES",POMONA,-117.74139013,34.057120099999999
6675706,2013,2014-10-28,9550,2013-04-15,0235,18949,,1,3,9,1900,0,1,3,,2,601,"RT 60","AZUSA AV",450.00,W,N,A,-,Y,LA,7,60,-,-,17.811,R,2,E,Y,3,0,1,1,A,-,01,23152,A,N,E,I,A,A,H,-,C,D,1,,,,,Y,Y,A,01,0,1,0,0,0,0,0,0,0,EF,"- ",33.996340000000004,-117.93268999999999,"LOS ANGELES",UNINCORPORATED,-117.9360021,33.998074899999999
6676230,2014,2014-11-07,1942,2014-09-29,2030,34561,0985,1,5,7,1942,0,0,0,I,0,16T23,"VENTURA BL","HAZELTINE AV",145.00,E,N,A,-,N,,,,,,,,,,N,3,0,1,3,A,-,03,22350,,N,B,E,A,A,H,-,C,D,0,,Y,Y,,Y,Y,L,04,0,1,0,0,0,0,1,0,0,"- ","- ",,,"LOS ANGELES","LOS ANGELES",-118.43951159,34.149399240000001
6676570,2014,2014-12-18,1942,2014-10-08,2150,40545,0247,3,5,7,1942,0,0,0,B,0,13T53,"3RD ST","BURLINGTON AV",130.00,E,N,A,-,N,,,,,,,,,,Y,3,0,1,4,A,-,01,23152,A,N,B,E,A,A,H,-,C,D,0,,,,,Y,Y,A,07,0,1,0,0,0,0,0,0,0,"- ","- ",,,"LOS ANGELES","LOS ANGELES",-118.26855642,34.061151279999997