CASE_ID,ACCIDENT_YEAR,PROC_DATE,JURIS,COLLISION_DATE,COLLISION_TIME,OFFICER_ID,REPORTING_DISTRICT,DAY_OF_WEEK,CHP_SHIFT,POPULATION,CNTY_CITY_LOC,SPECIAL_COND,BEAT_TYPE,CHP_BEAT_TYPE,CITY_DIVISION_LAPD,CHP_BEAT_CLASS,BEAT_NUMBER,PRIMARY_RD,SECONDARY_RD,DISTANCE,DIRECTION,INTERSECTION,WEATHER_1,WEATHER_2,STATE_HWY_IND,CALTRANS_COUNTY,CALTRANS_DISTRICT,STATE_ROUTE,ROUTE_SUFFIX,POSTMILE_PREFIX,POSTMILE,LOCATION_TYPE,RAMP_INTERSECTION,SIDE_OF_HWY,TOW_AWAY,COLLISION_SEVERITY,NUMBER_KILLED,NUMBER_INJURED,PARTY_COUNT,PRIMARY_COLL_FACTOR,PCF_CODE_OF_VIOL,PCF_VIOL_CATEGORY,PCF_VIOLATION,PCF_VIOL_SUBSECTION,HIT_AND_RUN,TYPE_OF_COLLISION,MVIW,PED_ACTION,ROAD_SURFACE,ROAD_COND_1,ROAD_COND_2,LIGHTING,CONTROL_DEVICE,CHP_ROAD_TYPE,PEDESTRIAN_ACCIDENT,BICYCLE_ACCIDENT,MOTORCYCLE_ACCIDENT,TRUCK_ACCIDENT,NOT_PRIVATE_PROPERTY,ALCOHOL_INVOLVED,STWD_VEHTYPE_AT_FAULT,CHP_VEHTYPE_AT_FAULT,COUNT_SEVERE_INJ,COUNT_VISIBLE_INJ,COUNT_COMPLAINT_PAIN,COUNT_PED_KILLED,COUNT_PED_INJURED,COUNT_BICYCLIST_KILLED,COUNT_BICYCLIST_INJURED,COUNT_MC_KILLED,COUNT_MC_INJURED,PRIMARY_RAMP,SECONDARY_RAMP,LATITUDE,LONGITUDE,COUNTY,CITY,POINT_X,POINT_Y
6676716,2014,2014-12-17,1942,2014-10-03,2000,39876,0439,5,5,7,1942,0,0,0,D,0,13TL53,"VALLEY BL","BEATIE PL",359.00,W,N,A,-,N,,,,,,,,,,Y,3,0,2,2,A,-,03,22350,,N,C,C,A,A,H,-,C,D,0,,,,,Y,Y,A,07,0,1,1,0,0,0,0,0,0,"- ","- ",,,"LOS ANGELES","LOS ANGELES",-118.17354933999999,34.070904900000002
6676779,2014,2014-12-16,1942,2014-10-03,0230,39639,0404,5,5,7,1942,0,0,0,D,0,4T43,"MONTEREY RD","LOMITAS RD",178.00,E,N,A,-,N,,,,,,,,,,Y,3,0,1,3,A,-,01,23152,A,N,C,C,A,A,H,-,C,D,0,,,,,Y,Y,A,01,0,1,0,0,0,0,0,0,0,"- ","- ",,,"LOS ANGELES","LOS ANGELES",-118.1875115,34.088117590000003
6677933,2014,2014-12-29,1929,2014-10-16,1402,197,1929,4,5,3,1929,0,0,0,,0,003,"PACIFIC COAST HWY","16TH ST",100.00,N,N,A,-,Y,,,,,,,,,,Y,4,0,2,3,A,-,03,22350,,N,C,C,A,A,H,-,A,A,0,,,,,Y,Y,A,01,0,0,2,0,0,0,0,0,0,"- ","- ",,,"LOS ANGELES","HERMOSA BEACH",-118.39360531,33.866816999999998
6677938,2014,2014-12-15,1972,2014-10-04,0118,19767,,6,5,6,1972,0,0,0,,0,,"CRENSHAW BL","171ST ST",78.00,S,N,A,-,N,,,,,,,,,,Y,4,0,1,3,A,-,01,23152,A,N,C,E,A,A,H,-,C,D,0,,,,,Y,Y,A,,0,0,1,0,0,0,0,0,0,"- ","- ",,,"LOS ANGELES",TORRANCE,-118.3265,33.874976070000002
6678085,2015,2016-02-17,1933,2015-04-17,0124,812,33,5,5,6,1933,0,0,0,,0,003,"CENTURY BL","3RD ST",0.00,,Y,A,-,N,,,,,,,,,,Y,1,1,1,2,A,-,01,23152,A,N,E,I,A,A,H,-,C,D,0,,,,,Y,Y,A,01,0,0,1,0,0,0,0,0,0,"- ","- ",,,"LOS ANGELES",INGLEWOOD,-118.31994002,33.945460099999998
6678179,2017,2019-04-05,1900,2017-05-16,0250,,,2,5,4,1974,0,0,0,,0,,"VALLEY BL","PASEO TESORO",267.00,E,N,B,-,N,,,,,,,,,,Y,1,1,0,1,A,-,08,22107,,N,E,I,A,A,H,-,C,D,0,,,,,Y,Y,A,01,0,0,0,0,0,0,0,0,0,"- ","- ",34.01211,-117.85511,"LOS ANGELES",WALNUT,-117.85494846,34.012197219999997
6678216,2017,2019-04-05,1976,2017-11-18,0158,337,CA019,6,5,3,1964,0,0,0,,0,003,"CARMENITA RD","RT 5",0.00,,Y,A,-,Y,LA,7,5,-,-,2.339,R,4,S,Y,1,2,4,2,A,-,12,21453,A,N,D,C,A,A,H,-,C,A,0,,,Y,,Y,Y,C,02,1,1,2,0,0,0,0,1,1,"- ","- ",,,"LOS ANGELES","SANTA FE SPRINGS",-118.04555925,33.893016799999998
6678246,2014,2015-12-29,1942,2014-08-25,0330,38477,1684,1,5,7,1942,0,0,0,P,0,15T43,"MORELLA AV","BLYTHE ST",70.00,N,N,A,-,N,,,,,,,,,,N,1,1,0,2,A,-,11,21954,A,F,G,B,E,A,H,-,D,D,0,Y,,,,Y,Y,N,60,0,0,0,1,0,0,0,0,0,"- ","- ",,,"LOS ANGELES","LOS ANGELES",-118.38995586999999,34.214991959999999
6678333,2017,2019-04-05,1942,2017-10-13,2340,25495,2079,5,5,7,1942,0,0,0,,0,7T23,"W PICO BL","WESTMORELAND AV",122.00,E,N,A,-,N,,,,,,,,,,Y,1,1,0,2,A,-,01,23152,A,F,G,B,D,A,H,-,C,A,0,Y,,,,Y,Y,A,01,0,0,0,1,0,0,0,0,0,"- ","- ",,,"LOS ANGELES","LOS ANGELES",-118.28876812,34.047286589999999
6678676,2014,2014-12-30,1942,2014-10-21,2105,40730,0185,2,5,7,1942,0,0,0,A,0,2T15,BROADWAY,"OLYMPIC BL",0.00,,Y,A,-,N,,,,,,,,,,N,3,0,1,2,A,-,10,21950,A,N,B,B,B,A,H,-,C,A,0,Y,,,,Y,Y,D,22,0,1,0,0,1,0,0,0,0,"- ","- ",,,"LOS ANGELES","LOS ANGELES",-118.25740014,34.040930019999998
6678695,2014,2014-12-29,1942,2014-10-20,1749,31324,1184,1,5,7,1942,0,0,0,K,0,2T15,"SUNSET BL","LA VETA TER",0.00,,Y,A,-,N,,,,,,,,,,N,4,0,1,3,A,-,01,23152,A,F,C,C,A,A,H,-,B,A,0,,,,,Y,Y,D,22,0,0,1,0,0,0,0,0,0,"- ","- ",,,"LOS ANGELES","LOS ANGELES",-118.25628003,34.076290049999997
6678699,2014,2014-12-30,1942,2014-10-20,1755,31324,1181,1,5,7,1942,0,0,0,K,0,2T15,"ALVARADO ST","RESERVOIR ST",43.00,S,N,A,-,N,,,,,,,,,,Y,4,0,1,5,A,-,01,23152,A,F,C,C,A,A,H,-,B,A,0,,,,,Y,Y,D,22,0,0,1,0,0,0,0,0,0,"- ","- ",,,"LOS ANGELES","LOS ANGELES",-118.26266368,34.078944649999997
6679052,2014,2014-12-19,1942,2014-10-18,1955,39359,0497,6,5,7,1942,0,0,0,D,0,11T21,"EAST WASHINGTON BL","S SOTO ST",1200.00,E,N,A,-,N,,,,,,,,,,Y,3,0,1,1,A,-,01,23152,A,N,E,I,A,A,H,-,-,D,0,,,,,Y,Y,A,01,0,1,0,0,0,0,0,0,0,"- ","- ",,,"LOS ANGELES","LOS ANGELES",-118.21610896999999,34.017170819999997
6680078,2014,2014-12-23,1953,2014-10-09,0757,3775,,4,5,6,1953,0,0,0,,0,,"WEST DR","WASHINGTON BL",30.00,S,N,B,-,N,,,,,,,,,,N,3,0,2,2,A,-,11,21950,B,N,G,B,E,A,H,-,A,A,0,Y,Y,,,Y,Y,N,60,0,2,0,0,1,0,1,0,0,"- ","- ",,,"LOS ANGELES",PASADENA,-118.1740391,34.173638080000003
6680460,2014,2014-12-12,1942,2014-10-09,1842,38326,1008,4,5,7,1942,0,0,0,J,0,9T55,"HAYVENHURST AV","SHERMAN WY",100.00,N,N,A,-,N,,,,,,,,,,Y,4,0,2,2,A,-,01,23152,A,N,D,C,A,A,H,-,A,D,0,,,,,Y,Y,A,01,0,0,2,0,0,0,0,0,0,"- ","- ",,,"LOS ANGELES","LOS ANGELES",-118.49241000000001,34.201504300000003
6681298,2014,2014-12-11,1942,2014-10-19,0010,35471,2169,7,5,7,1942,0,0,0,,0,19T25,"VICTORY BL","TOPHAM ST",0.00,,Y,A,-,N,,,,,,,,,,Y,4,0,1,2,A,-,01,23152,A,N,A,C,A,A,H,-,C,A,0,,,,,Y,Y,A,08,0,0,1,0,0,0,0,0,0,"- ","- ",,,"LOS ANGELES","LOS ANGELES",-118.56778004,34.185900050000001
6682458,2014,2014-11-07,9535,2014-09-28,2035,20814,,7,2,9,1900,0,3,5,,2,001,"ROWAN AV","MEISNER ST",164.00,S,N,A,-,N,,,,,,,,,,N,4,0,1,2,A,-,01,23152,A,N,B,E,A,A,H,-,C,D,0,,,,,Y,Y,A,01,0,0,1,0,0,0,0,0,0,"- ","- ",34.049999999999997,-118.18796,"LOS ANGELES",UNINCORPORATED,-118.18801920999999,34.049946030000001
6682727,2014,2016-06-07,9535,2014-09-13,0320,20387,,6,3,6,1922,0,1,1,,2,401,"RT 10","SAN GABRIEL RIVER",50.00,W,N,A,-,Y,LA,7,10,-,-,30.830,H,-,W,Y,4,0,1,2,A,-,07,21658,A,M,B,C,A,A,H,-,C,D,1,,,,,Y,Y,-,99,0,0,1,0,0,0,0,0,0,"- ","- ",34.064,-118.00842,"LOS ANGELES","EL MONTE",-118.00561095,34.06443548
6683039,2014,2014-12-23,1942,2014-10-19,0245,25495,1454,7,5,7,1942,0,0,0,N,0,7TL23,"LINCOLN BL","CULVER LOOP",95.00,S,N,A,-,Y,,,,,,,,,,Y,4,0,1,2,A,-,01,23152,A,N,D,C,A,A,H,-,C,D,0,,,,,Y,Y,A,01,0,0,1,0,0,0,0,0,0,"- ","- ",,,"LOS ANGELES","LOS ANGELES",-118.43288707000001,33.975798079999997
6685561,2014,2016-02-04,9550,2014-01-05,0545,15449,,7,3,6,1949,0,1,1,,2,651,"RT 605","ROSECRANS AV",2640.00,N,N,A,-,Y,LA,7,605,-,R,7.350,H,-,S,Y,4,0,1,2,A,-,08,22107,,N,E,I,A,A,H,-,C,D,1,,,,,Y,Y,A,01,0,0,1,0,0,0,0,0,0,"- ","- ",33.909480000000002,-118.10543,"LOS ANGELES",NORWALK,-118.10514354,33.90989527
6686660,2014,2015-01-12,1942,2014-09-27,0110,31114,0313,6,5,7,1942,0,0,0,C,0,12X59,"CRENSHAW BL","ADAMS BL",0.00,,Y,A,-,N,,,,,,,,,,Y,4,0,1,2,A,-,12,21453,A,F,D,C,A,A,H,-,C,A,0,,,,,Y,Y,-,"- ",0,0,1,0,0,0,0,0,0,"- ","- ",,,"LOS ANGELES","LOS ANGELES",-118.33501013,34.032580119999999
6687108,2014,2014-12-24,9535,2014-10-05,0010,20816,,7,3,9,1900,0,2,4,,2,024,"WHITTIER BL","INDIANA ST",124.00,E,N,A,-,N,,,,,,,,,,Y,3,0,2,2,A,-,17,22517,,M,B,C,A,A,H,-,C,D,0,,,,,Y,Y,A,08,0,1,1,0,0,0,0,0,0,"- ","- ",34.023870000000002,-118.19188,"LOS ANGELES",UNINCORPORATED,-118.19228597999999,34.023966180000002
6687115,2014,2014-12-24,9535,2014-10-06,0010,20683,,1,3,6,1922,0,1,1,,2,400,"RT 10","ROSEMEAD BL",134.00,E,N,A,-,Y,,,10,,,,,,,Y,3,0,1,2,A,-,01,23152,A,N,B,C,A,A,H,-,C,D,0,,,,,Y,Y,A,07,0,1,0,0,0,0,0,0,0,"- ","- ",34.072009999999999,-118.07259999999999,"LOS ANGELES","EL MONTE",-118.07260094,34.07207374
6688151,2014,2016-02-04,9550,2014-01-03,0130,020705,,5,3,6,1920,0,1,1,,2,150,"RT 105","COLUMBIA WY",10.00,W,N,E,-,Y,LA,7,105,-,R,16.140,H,-,W,Y,4,0,1,3,A,-,03,22350,,N,C,C,A,A,H,-,C,D,1,,,,,Y,Y,A,01,0,0,1,0,0,0,0,0,0,"- ","- ",33.913350000000001,-118.13460000000001,"LOS ANGELES",DOWNEY,-118.13407868,33.913247949999999
6688588,2014,2015-03-09,9550,2014-01-03,2238,20700,,5,3,9,1900,0,3,5,,2,002,"TELEGRAPH RD","COLIMA AV",0.00,,Y,A,-,N,,,,,,,,,,Y,4,0,1,2,A,-,12,21453,A,N,D,C,A,A,H,-,C,A,0,,,,,Y,Y,A,01,0,0,1,0,0,0,0,0,0,"- ","- ",33.924990000000001,-118.0245,"LOS ANGELES",UNINCORPORATED,-118.02450011000001,33.925020070000002
6688824,2014,2014-12-24,9590,2014-10-09,0355,19805,,4,3,7,1942,0,1,1,,2,013,"RT 110","SAN FERNANDO RD",540.00,N,N,A,-,Y,,,110,,,,,,,Y,3,0,1,1,A,-,01,23152,A,N,E,I,A,A,H,-,C,D,0,,,,,Y,Y,A,01,0,1,0,0,0,0,0,0,0,"- ","- ",34.08211,-118.22383000000001,"LOS ANGELES","LOS ANGELES",-118.22383050000001,34.082110810000003
6688860,2014,2014-12-24,9590,2014-10-04,0329,20697,,6,3,7,1942,0,1,1,,2,013,"RT 110","AVENUE 64",150.00,N,N,A,-,Y,,,110,,,,,,,Y,3,0,1,1,A,-,01,23152,A,N,E,I,A,A,H,-,C,D,0,,,,,Y,Y,A,01,0,1,0,0,0,0,0,0,0,"- ","- ",34.104039999999998,-118.19149,"LOS ANGELES","LOS ANGELES",-118.19137187,34.103871779999999
6689432,2014,2014-12-03,1942,2014-10-17,1830,35023,0506,5,5,7,1942,0,0,0,E,0,5A11,"NORMANDIE AV","CARSON ST",27.00,E,N,A,-,N,,,,,,,,,,N,3,0,2,2,A,-,01,23152,A,F,A,C,A,A,H,-,C,A,0,,,,,Y,Y,A,01,0,1,1,0,0,0,0,0,0,"- ","- ",,,"LOS ANGELES","LOS ANGELES",-118.29958000000001,33.83155
6689446,2014,2014-12-05,1942,2014-10-22,1845,40463,0334,3,5,7,1942,0,0,0,C,0,18T23,"EDGEHILL DR","MONTCLAIR ST",30.00,S,N,A,-,N,,,,,,,,,,Y,4,0,1,5,A,-,01,23152,A,M,B,E,A,A,H,-,C,D,0,,,,Y,Y,Y,D,22,0,0,1,0,0,0,0,0,0,"- ","- ",,,"LOS ANGELES","LOS ANGELES",-118.33005609999999,34.030237219999997
6689450,2014,2014-12-08,1942,2014-10-22,1815,40700,0334,3,5,7,1942,0,0,0,C,0,18T23,"30TH ST","CRENSHAW BL",75.00,E,N,A,-,N,,,,,,,,,,Y,4,0,1,2,A,-,01,23152,A,M,B,E,A,A,H,-,B,D,0,,,,,Y,Y,D,22,0,0,1,0,0,0,0,0,0,"- ","- ",,,"LOS ANGELES","LOS ANGELES",-118.33485294,34.027619999999999
6689469,2014,2014-12-08,1942,2014-10-23,0130,39062,0218,4,5,7,1942,0,0,0,B,0,1T11,"KENSINGTON RD","CROSBY LN",450.00,S,N,A,-,N,,,,,,,,,,Y,4,0,1,3,A,-,01,23152,A,N,A,E,A,A,H,-,C,D,0,,,,,Y,Y,A,01,0,0,1,0,0,0,0,0,0,"- ","- ",,,"LOS ANGELES","LOS ANGELES",-118.25815299999999,34.072251000000001
6689850,2014,2016-06-09,9580,2014-09-27,0003,20451,,6,3,7,1942,0,1,1,,2,404,"RT 405","SEPULVEDA BL",250.00,S,N,A,-,Y,LA,7,405,-,-,38.540,H,-,N,Y,3,0,3,3,A,-,01,23152,A,N,C,C,A,A,H,-,D,D,1,,,,,Y,Y,A,01,0,1,2,0,0,0,0,0,0,"- ","- ",34.146749999999997,-118.47011999999999,"LOS ANGELES","LOS ANGELES",-118.46974294,34.147495509999999
6689879,2014,2014-11-12,1942,2014-09-29,2210,36079,0359,1,5,7,1942,0,0,0,C,0,3A58,"FLOWER ST","28TH ST",60.00,S,N,A,-,N,,,,,,,,,,N,4,0,1,2,A,-,07,21658,A,F,B,C,A,A,H,-,C,D,0,,,,,Y,Y,-,99,0,0,1,0,0,0,0,0,0,"- ","- ",,,"LOS ANGELES","LOS ANGELES",-118.27583595999999,34.025818090000001
6691175,2014,2015-01-06,1942,2014-10-24,2315,38405,0678,5,5,7,1942,0,0,0,F,0,6E6,"MELROSE AV","SERRANO AV",25.00,W,N,A,-,N,,,,,,,,,,Y,3,0,2,2,A,-,01,23152,A,N,B,E,A,A,H,-,C,D,0,,,,,Y,Y,A,08,0,2,0,0,0,0,0,0,0,"- ","- ",,,"LOS ANGELES","LOS ANGELES",-118.30702239999999,34.083518980000001
6691420,2014,2015-01-06,1942,2014-10-26,0515,37386,2049,7,5,7,1942,0,0,0,,0,20A69,"VERMONT AV","WILSHIRE BL",10.00,N,N,A,-,N,,,,,,,,,,Y,3,0,1,2,A,-,01,23152,A,N,C,C,A,A,H,-,C,A,0,,,,,Y,Y,A,01,0,1,0,0,0,0,0,0,0,"- ","- ",,,"LOS ANGELES","LOS ANGELES",-118.29167922000001,34.06182742
6691759,2014,2016-03-01,1942,2014-09-21,0055,35472,1781,7,5,7,1942,0,0,0,Q,0,17A81,"MASON AV","NORDHOFF ST",12.00,N,N,A,-,N,,,,,,,,,,N,4,0,1,2,A,-,03,22350,,F,C,C,A,A,H,-,C,A,0,,,,,Y,Y,A,01,0,0,1,0,0,0,0,0,0,"- ","- ",,,"LOS ANGELES","LOS ANGELES",-118.57974036,34.231852920000001
6691983,2014,2014-11-19,1942,2014-01-22,0330,35330,0657,3,5,7,1942,0,0,0,F,0,6A79,"VAN NESS AV","SANTA MONICA BL",300.00,S,N,A,-,N,,,,,,,,,,Y,3,0,1,7,A,-,01,23152,A,M,B,E,A,A,H,-,C,D,0,,,,,Y,Y,A,07,0,1,0,0,0,0,0,0,0,"- ","- ",,,"LOS ANGELES","LOS ANGELES",-118.31574581,34.089917229999998
6694297,2014,2014-12-30,1942,2014-10-25,1820,41258,1313,6,5,7,1942,0,0,0,M,0,1A2,MAPLE,"16TH ST",0.00,,Y,A,-,N,,,,,,,,,,Y,3,0,2,2,A,-,12,21453,A,F,D,C,A,A,H,-,C,A,0,,,,,Y,Y,A,01,0,1,1,0,0,0,0,0,0,"- ","- ",,,"LOS ANGELES","LOS ANGELES",-118.25942009000001,34.031830110000001
6694385,2014,2015-01-02,1942,2014-10-26,1945,40730,0218,7,5,7,1942,0,0,0,B,0,4T43,"BELLEVUE AV","EAST EDGEWARE RD",120.00,E,N,A,-,N,,,,,,,,,,Y,3,0,1,3,A,-,01,23152,A,N,C,E,A,A,H,-,C,D,0,,,,,Y,Y,A,01,0,1,0,0,0,0,0,0,0,"- ","- ",,,"LOS ANGELES","LOS ANGELES",-118.25414000000001,34.067419999999998
6698098,2014,2014-11-20,1942,2014-09-27,0100,36493,2023,6,5,7,1942,0,0,0,,0,20X46,"3RD ST","WESTERN AV",0.00,,Y,A,-,N,,,,,,,,,,N,4,0,1,2,A,-,08,22107,,F,G,B,B,A,H,-,C,A,0,Y,,,,Y,Y,-,99,0,0,1,0,1,0,0,0,0,"- ","- ",,,"LOS ANGELES","LOS ANGELES",-118.30912001,34.068970030000003
6698288,2014,2014-11-19,1942,2014-10-18,2050,36101,0521,6,5,7,1942,0,0,0,E,0,5A55,"GAFFEY ST","WESTMONT DR",0.00,,Y,A,-,N,,,,,,,,,,Y,4,0,2,2,A,-,09,21801,A,N,A,C,A,A,H,-,C,A,0,,,,,Y,Y,A,01,0,0,2,0,0,0,0,0,0,"- ","- ",,,"LOS ANGELES","LOS ANGELES",-118.29342010000001,33.763920120000002
6699353,2014,2014-11-21,1942,2014-10-31,0515,36083,2049,5,5,7,1942,0,0,0,,0,7T23,"8TH ST","HOOVER ST",28.00,W,N,A,-,N,,,,,,,,,,Y,4,0,1,2,A,-,01,23152,A,N,C,C,A,A,H,-,C,D,0,,,,,Y,Y,A,01,0,0,1,0,0,0,0,0,0,"- ","- ",,,"LOS ANGELES","LOS ANGELES",-118.28430224,34.057711769999997
6699363,2014,2014-11-18,1900,2014-10-26,0445,527056,2612,7,5,6,1950,0,0,0,,0,264T1,"PARKWOOD DR","THE GROVES",0.00,,Y,A,-,N,,,,,,,,,,Y,4,0,1,1,A,-,01,23152,A,N,E,I,A,A,H,-,C,D,0,,,,,Y,Y,A,07,0,0,1,0,0,0,0,0,0,"- ","- ",,,"LOS ANGELES",PALMDALE,-118.17393007,34.56858003
6699839,2014,2015-06-06,1900,2014-10-07,0510,527062,2603,2,5,6,1950,0,0,0,,0,263T1,"25TH ST EAST","SPANISH BROOM DR",150.00,S,N,A,-,N,,,,,,,,,,Y,4,0,1,1,A,-,00,2818,,N,E,I,A,A,D,E,C,A,0,,,,,Y,Y,A,01,0,0,1,0,0,0,0,0,0,"- ","- ",,,"LOS ANGELES",PALMDALE,-118.08624017,34.55399594
6700458,2014,2015-01-07,1942,2014-11-09,0155,32316,0648,7,5,7,1942,0,0,0,F,0,6A77,"WESTERN AV","SUNSET BL",0.00,,Y,A,-,N,,,,,,,,,,Y,4,0,5,3,A,-,01,23152,A,F,D,C,A,A,H,-,C,A,0,,,,,Y,Y,-,99,0,0,5,0,0,0,0,0,0,"- ","- ",,,"LOS ANGELES","LOS ANGELES",-118.30922006999999,34.098100100000003
6700885,2014,2014-12-04,1942,2014-10-24,1130,38707,1268,5,5,7,1942,0,0,0,L,0,3T5,"83RD ST",BROADWAY,150.00,E,N,A,-,N,,,,,,,,,,N,4,0,1,2,A,-,10,21952,,F,G,B,F,A,H,-,A,D,0,Y,,,,Y,Y,-,99,0,0,1,0,1,0,0,0,0,"- ","- ",,,"LOS ANGELES","LOS ANGELES",-118.27780629,33.964167770000003
6701534,2014,2014-12-04,1942,2014-10-28,1910,39062,0139,2,5,7,1942,0,0,0,A,0,1T11,"ALAMEDA ST","3RD ST",55.00,S,N,A,-,N,,,,,,,,,,Y,4,0,1,2,A,-,01,23152,A,N,B,C,A,A,H,-,C,D,0,,,,,Y,Y,A,01,0,0,1,0,0,0,0,0,0,"- ","- ",,,"LOS ANGELES","LOS ANGELES",-118.238089,34.045487000000001
6703765,2014,2014-11-26,1942,2014-10-11,0200,30744,1759,6,5,7,1942,0,0,0,Q,0,17A49,"LASSEN ST","MONTGOMERY AV",213.00,W,N,A,-,N,,,,,,,,,,N,4,0,1,2,C,-,18,,,F,G,B,E,A,H,-,C,D,0,Y,,,,Y,Y,-,"- ",0,0,1,0,1,0,0,0,0,"- ","- ",,,"LOS ANGELES","LOS ANGELES",-118.48243358000001,34.250122380000001
6703807,2014,2016-06-04,9580,2014-09-21,1410,20003,,7,2,7,1942,0,1,1,,2,404,"RT 405","VICTORY BL",100.00,S,N,A,-,Y,LA,7,405,-,-,41.340,H,-,N,Y,3,0,2,3,A,-,01,23152,A,F,B,C,A,A,H,-,A,D,1,,,,,Y,Y,A,08,0,2,0,0,0,0,0,0,0,"- ","- ",34.186190000000003,-118.47395,"LOS ANGELES","LOS ANGELES",-118.47394887999999,34.186119300000001
6704876,2014,2014-12-30,9530,2014-10-05,0550,20744,,7,3,7,1942,0,1,1,,2,110,"RT 110","IMPERIAL HWY",190.00,S,N,A,-,Y,,,,,,,,,,Y,2,0,1,1,A,-,01,23152,A,N,A,I,A,A,H,-,B,D,0,,,,,Y,Y,A,01,1,0,0,0,0,0,0,0,0,"- ","- ",33.553899999999999,-118.1652,"LOS ANGELES","LOS ANGELES",-118.28098753,33.930479120000001
6705359,2014,2015-06-09,9530,2014-10-20,0120,20546,,1,3,7,1942,0,1,1,,2,120,"RT 110","CHANNEL ST",662.00,N,N,A,-,Y,,,110,,,,,,,Y,3,0,1,1,A,-,01,23152,A,N,E,I,A,A,H,-,C,D,0,,,,,Y,Y,A,01,0,1,0,0,0,0,0,0,0,"- ","- ",33.755690000000001,-118.29119,"LOS ANGELES","LOS ANGELES",-118.29109640999999,33.755670309999999
6705615,2014,2016-06-20,9530,2014-10-24,0520,020624,,5,3,7,1941,0,1,1,,2,071,"RT 710","LOS ANGELES RIVER",310.00,E,N,A,-,Y,LA,7,91,-,R,11.994,R,2,E,Y,2,0,1,2,A,-,01,23152,A,M,B,C,A,A,H,-,C,A,1,,,,,Y,Y,A,01,1,0,0,0,0,0,0,0,0,TO,"- ",33.876710000000003,-118.18875,"LOS ANGELES","LONG BEACH",-118.18781258,33.876823889999997
6705617,2014,2014-11-24,9530,2014-10-25,2150,020448,,6,2,9,1900,0,3,5,,2,003,"ATLANTIC AV","SAN VINCENTE ST",527.00,S,N,A,-,N,,,,,,,,,,Y,4,0,1,2,A,-,01,23152,A,N,C,C,A,A,H,-,C,D,0,,,,,Y,Y,A,08,0,0,1,0,0,0,0,0,0,"- ","- ",33.89846,-118.19351,"LOS ANGELES",UNINCORPORATED,-118.19355913,33.898017780000004
6705675,2014,2014-12-01,9580,2014-10-04,2138,19061,,6,2,7,1942,0,1,3,,2,116,"RT 118","TAMPA AV",26.00,E,N,A,-,Y,,,118,,,,,,,Y,3,0,1,2,A,-,03,22350,,F,C,C,A,A,H,-,C,A,0,,,,,Y,Y,A,07,0,1,0,0,0,0,0,0,0,TO,"- ",34.271970000000003,-118.55634999999999,"LOS ANGELES","LOS ANGELES",-118.55631799,34.272279519999998
6705896,2014,2015-01-12,1942,2014-11-03,1915,RAMIREZ,0585,1,5,7,1942,0,0,0,E,0,18TL39,"GAFFEY ST","18TH ST",0.00,,Y,A,-,N,,,,,,,,,,N,3,0,1,2,A,-,09,21801,A,N,B,C,A,A,H,-,C,D,0,,,Y,,Y,Y,A,01,0,1,0,0,0,0,0,0,1,"- ","- ",,,"LOS ANGELES","LOS ANGELES",-118.29239006,33.727920019999999
6706253,2014,2014-12-24,9535,2014-10-13,2040,19056,,1,2,5,1947,0,1,3,,2,600,"RT 60","GARFIELD AV",600.00,W,N,A,-,Y,,,60,,,,,,,N,3,0,1,2,A,-,01,23152,A,N,C,C,A,A,H,-,A,D,0,,,,Y,Y,Y,A,01,0,1,0,0,0,0,0,0,0,"- ","- ",34.032940000000004,-118.1371,"LOS ANGELES",MONTEBELLO,-118.13710046999999,34.032984810000002
6708478,2014,2016-02-24,1941,2014-11-01,0329,5508,,6,5,7,1941,0,0,0,,0,,"RT 710","6TH ST",0.00,,Y,B,-,N,,,,,,,,,,Y,4,0,1,1,A,-,03,22350,,N,A,I,A,B,H,-,C,A,0,,,,,Y,Y,D,,0,0,1,0,0,0,0,0,0,"- ","- ",,,"LOS ANGELES","LONG BEACH",,
6708609,2014,2014-11-20,1942,2014-09-29,0420,37961,1248,1,5,7,1942,0,0,0,L,0,12A58,"FIGUEROA ST","70TH ST",40.00,N,N,A,-,N,,,,,,,,,,Y,4,0,1,3,A,-,01,23152,A,N,A,E,A,A,H,-,C,D,0,,,,,Y,Y,A,07,0,0,1,0,0,0,0,0,0,"- ","- ",,,"LOS ANGELES","LOS ANGELES",-118.28270000000001,33.976569699999999
6708856,2014,2014-12-09,1942,2014-10-12,1715,31814,0395,7,5,7,1942,0,0,0,C,0,3T57,"FIGUEROA AV","28TH ST",0.00,,Y,A,-,N,,,,,,,,,,Y,4,0,1,2,A,-,01,23152,A,N,A,C,A,A,H,-,A,A,0,,,,,Y,Y,A,01,0,0,1,0,0,0,0,0,0,"- ","- ",,,"LOS ANGELES","LOS ANGELES",-118.27736011,34.026090050000001
6708868,2014,2014-12-08,1942,2014-10-01,1220,41579,0361,3,5,7,1942,0,0,0,C,0,3A41,"LA BREA","RODEO RD",0.00,,Y,A,-,N,,,,,,,,,,N,4,0,1,2,A,-,11,21456,A,N,G,B,B,A,H,-,A,A,0,Y,,,,Y,Y,N,60,0,0,1,0,1,0,0,0,0,"- ","- ",,,"LOS ANGELES","LOS ANGELES",-118.35561006,34.021530030000001