CASE_ID,ACCIDENT_YEAR,PROC_DATE,JURIS,COLLISION_DATE,COLLISION_TIME,OFFICER_ID,REPORTING_DISTRICT,DAY_OF_WEEK,CHP_SHIFT,POPULATION,CNTY_CITY_LOC,SPECIAL_COND,BEAT_TYPE,CHP_BEAT_TYPE,CITY_DIVISION_LAPD,CHP_BEAT_CLASS,BEAT_NUMBER,PRIMARY_RD,SECONDARY_RD,DISTANCE,DIRECTION,INTERSECTION,WEATHER_1,WEATHER_2,STATE_HWY_IND,CALTRANS_COUNTY,CALTRANS_DISTRICT,STATE_ROUTE,ROUTE_SUFFIX,POSTMILE_PREFIX,POSTMILE,LOCATION_TYPE,RAMP_INTERSECTION,SIDE_OF_HWY,TOW_AWAY,COLLISION_SEVERITY,NUMBER_KILLED,NUMBER_INJURED,PARTY_COUNT,PRIMARY_COLL_FACTOR,PCF_CODE_OF_VIOL,PCF_VIOL_CATEGORY,PCF_VIOLATION,PCF_VIOL_SUBSECTION,HIT_AND_RUN,TYPE_OF_COLLISION,MVIW,PED_ACTION,ROAD_SURFACE,ROAD_COND_1,ROAD_COND_2,LIGHTING,CONTROL_DEVICE,CHP_ROAD_TYPE,PEDESTRIAN_ACCIDENT,BICYCLE_ACCIDENT,MOTORCYCLE_ACCIDENT,TRUCK_ACCIDENT,NOT_PRIVATE_PROPERTY,ALCOHOL_INVOLVED,STWD_VEHTYPE_AT_FAULT,CHP_VEHTYPE_AT_FAULT,COUNT_SEVERE_INJ,COUNT_VISIBLE_INJ,COUNT_COMPLAINT_PAIN,COUNT_PED_KILLED,COUNT_PED_INJURED,COUNT_BICYCLIST_KILLED,COUNT_BICYCLIST_INJURED,COUNT_MC_KILLED,COUNT_MC_INJURED,PRIMARY_RAMP,SECONDARY_RAMP,LATITUDE,LONGITUDE,COUNTY,CITY,POINT_X,POINT_Y
6749938,2014,2015-01-27,1900,2014-11-08,0800,476816,1327,6,5,5,1935,0,0,0,,0,132T1,"DEL AMO BL","PIONEER BL",135.00,W,N,A,-,N,,,,,,,,,,Y,4,0,1,1,A,-,08,22107,,N,E,I,A,A,H,-,A,A,0,,,,,Y,Y,A,,0,0,1,0,0,0,0,0,0,"- ","- ",,,"LOS ANGELES",LAKEWOOD,-118.08250357,33.846063569999998
6751418,2014,2016-06-20,9535,2014-10-31,0115,20828,,5,3,5,1948,0,1,1,,2,070,"RT 710","CAMPUS RD",500.00,E,N,A,-,Y,LA,7,710,-,-,26.527,R,2,N,Y,4,0,1,1,A,-,01,23152,A,N,E,I,A,A,H,-,D,D,1,,,,,Y,Y,A,01,0,0,1,0,0,0,0,0,0,TO,"- ",34.061750000000004,-118.16727,"LOS ANGELES","MONTEREY PARK",-118.16494951,34.061634159999997
6751616,2014,2015-01-12,1918,2014-10-26,1643,833,,7,5,4,1918,0,0,0,,0,2M8,"S SEPULVEDA BL","RT 405",125.00,S,N,A,-,Y,,,,,,,,,,N,4,0,1,2,A,-,01,23152,A,N,C,C,A,A,H,-,A,A,0,,,,,Y,Y,D,22,0,0,1,0,0,0,0,0,0,"- ","- ",34.010779999999997,-118.41544,"LOS ANGELES","CULVER CITY",-118.39480138,33.981596500000002
6752146,2014,2015-02-05,1942,2014-12-14,0145,40874,0246,7,5,7,1942,0,0,0,B,0,4T43,"ALVARADO ST","WILSHIRE BL",0.00,,Y,A,-,N,,,,,,,,,,N,4,0,3,2,A,-,01,23152,A,N,C,C,A,A,H,-,C,D,0,,,,,Y,Y,D,22,0,0,3,0,0,0,0,0,0,"- ","- ",,,"LOS ANGELES","LOS ANGELES",-118.27587004999999,34.057940019999997
6752273,2014,2015-01-08,1942,2014-12-24,2255,40325,0265,3,5,7,1942,0,0,0,B,0,11T21,"8TH ST","ALVARADO ST",0.00,,Y,A,-,N,,,,,,,,,,Y,3,0,1,2,A,-,01,23152,A,F,D,C,A,A,H,-,C,A,0,,,Y,,Y,Y,A,01,0,1,0,0,0,0,0,0,1,"- ","- ",,,"LOS ANGELES","LOS ANGELES",-118.27784001000001,34.054890110000002
6752430,2014,2015-02-05,1900,2014-12-11,1620,531273,1626,4,5,5,1977,0,0,0,,0,167T1,"WILMINGTON AV","230TH ST",0.00,,Y,B,-,N,,,,,,,,,,Y,4,0,2,2,A,-,09,21802,A,N,D,C,A,A,H,-,A,D,0,,,,,Y,Y,A,07,0,0,2,0,0,0,0,0,0,"- ","- ",,,"LOS ANGELES",CARSON,-118.24876999999999,33.81662
6754822,2015,2015-02-24,1942,2015-01-12,1830,40735,1617,1,5,7,1942,0,0,0,P,0,21TL62,"FENWICK ST","FOOTHILL BL",150.00,W,N,A,-,N,,,,,,,,,,Y,4,0,1,2,A,-,01,23152,A,N,B,C,A,A,H,-,C,D,0,,,,,Y,Y,D,22,0,0,1,0,0,0,0,0,0,"- ","- ",,,"LOS ANGELES","LOS ANGELES",-118.32616668999999,34.261206780000002
6754910,2014,2015-02-04,1900,2014-12-18,2324,519547,0973,4,5,4,1979,0,0,0,,0,93T3,"LA BREA AV","SANTA MONICA BL",0.00,,Y,A,-,N,,,,,,,,,,Y,4,0,1,3,D,-,00,,,N,A,C,A,A,H,-,C,A,0,,,,,Y,Y,-,"- ",0,0,1,0,0,0,0,0,0,"- ","- ",,,"LOS ANGELES","WEST HOLLYWOOD",-118.34408007,34.090700040000002
6754916,2014,2015-02-04,1953,2014-12-19,0508,4728,PASAD,5,5,6,1953,0,0,0,,0,005,"FAIR OAKS AV","DEL MAR BL",0.00,,Y,A,-,N,,,,,,,,,,Y,3,0,1,2,A,-,12,21453,A,N,D,C,A,A,H,-,C,A,0,,,,,Y,Y,A,01,0,1,0,0,0,0,0,0,0,"- ","- ",,,"LOS ANGELES",PASADENA,-118.15043000999999,34.1406201
6755815,2014,2015-02-05,1965,2014-12-21,0050,3804,0B3A,7,5,5,1965,0,0,0,,0,B003,"WILSHIRE BL","STANFORD ST",120.00,W,N,A,-,N,,,,,,,,,,Y,3,0,2,1,A,-,01,23152,A,N,E,I,A,A,H,-,C,A,0,,,,,Y,Y,A,01,0,2,0,0,0,0,0,0,0,"- ","- ",,,"LOS ANGELES","SANTA MONICA",-118.47398142999999,34.038828789999997
6755922,2014,2015-02-18,1965,2014-12-26,1700,3830,OB1F,5,5,5,1965,0,0,0,,0,B001,"MAIN ST","OCEAN PARK BL",0.00,,Y,A,-,N,,,,,,,,,,N,4,0,1,2,A,-,03,22350,,N,C,C,A,A,H,-,C,A,0,,,,,Y,Y,A,08,0,0,1,0,0,0,0,0,0,"- ","- ",,,"LOS ANGELES","SANTA MONICA",-118.48393013,34.002300050000002
6755997,2014,2015-07-20,1965,2014-12-22,2005,3158,0B3B,1,5,5,1965,0,0,0,,0,B003,"16TH ST","SANTA MONICA BL",145.00,S,N,A,-,N,,,,,,,,,,Y,4,0,1,3,A,-,08,22107,,F,C,E,A,A,H,-,C,A,0,,,,,Y,Y,A,01,0,0,1,0,0,0,0,0,0,"- ","- ",,,"LOS ANGELES","SANTA MONICA",-118.48348314,34.025329939999999
6758024,2014,2015-01-29,1900,2014-11-27,1914,522141,2835,4,5,5,1915,0,0,0,,0,283T3,"ALONDRA BL","CENTER AV",0.00,,Y,A,-,N,,,,,,,,,,N,4,0,2,2,A,-,01,23140,A,N,A,C,A,A,H,-,C,A,0,,,,,Y,Y,A,07,0,0,2,0,0,0,0,0,0,"- ","- ",,,"LOS ANGELES",COMPTON,-118.23283001999999,33.888530019999997
6758111,2014,2015-01-22,9535,2014-11-01,0042,20825,,6,3,9,1900,0,3,5,,2,001,"WHITE SIDE ST","DITMAN AV",107.00,E,N,C,-,N,,,,,,,,,,Y,3,0,1,1,A,-,01,23152,A,N,E,I,A,B,H,-,C,D,0,,,,,Y,Y,A,01,0,1,0,0,0,0,0,0,0,"- ","- ",34.056310000000003,-118.1884,"LOS ANGELES",UNINCORPORATED,-118.18826798000001,34.05633418
6759297,2014,2015-01-26,1934,2014-11-29,2344,744,1934,6,5,1,1934,0,0,0,,0,001,"ARROW HWY","LIVE OAK AV",50.00,E,N,A,-,N,,,,,,,,,,Y,4,0,1,1,A,-,07,21658,A,N,H,A,A,A,H,-,C,D,0,,,,,Y,Y,-,,0,0,1,0,0,0,0,0,0,"- ","- ",,,"LOS ANGELES",IRWINDALE,-117.99090812999999,34.113065800000001
6759664,2014,2015-01-26,1942,2014-11-03,2000,41548,1413,1,5,7,1942,0,0,0,N,0,14A67,"HAMPTON DR","ROSE AV",300.00,S,N,A,-,N,,,,,,,,,,N,3,0,1,2,A,-,04,21703,,F,C,G,A,A,H,-,C,D,0,,Y,,,Y,Y,-,99,0,1,0,0,0,0,1,0,0,"- ","- ",,,"LOS ANGELES","LOS ANGELES",-118.47636412,33.995893340000002
6761979,2014,2015-01-26,9530,2014-11-26,1710,18200,,3,2,9,1900,0,1,1,,2,120,"RT 110","190TH ST",50.00,S,N,A,-,Y,,,110,,,,,,,N,4,0,1,3,A,-,01,23152,A,N,C,C,A,A,H,-,C,D,0,,,,,Y,Y,D,22,0,0,1,0,0,0,0,0,0,"- ","- ",33.856999999999999,-118.285,"LOS ANGELES",UNINCORPORATED,-118.28477445999999,33.856989210000002
6764141,2014,2015-02-03,1972,2014-12-13,2159,19767,,6,5,6,1972,0,0,0,,0,,"VILLAGE LN","TORRANCE BL",85.00,S,N,A,-,N,,,,,,,,,,,4,0,1,2,A,-,"- ",,,F,A,C,A,A,H,-,C,A,0,,,,,Y,Y,A,,0,0,1,0,0,0,0,0,0,"- ","- ",,,"LOS ANGELES",TORRANCE,-118.35577622,33.837339100000001
6765173,2014,2016-06-20,9540,2014-12-07,0435,19716,,7,3,6,1985,0,1,1,,2,506,"RT 5","RT 126",200.00,S,N,A,-,Y,LA,7,5,-,R,55.531,R,2,N,Y,4,0,1,1,A,-,01,23152,A,N,F,A,A,A,H,-,C,D,1,,,,,Y,Y,A,07,0,0,1,0,0,0,0,0,0,FR,"- ",34.44265,-118.60738000000001,"LOS ANGELES","SANTA CLARITA",-118.6080355,34.444679559999997
6765192,2014,2015-02-02,1942,2014-12-11,2120,37511,0775,4,5,7,1942,0,0,0,G,0,7T23,"18TH ST","RIMPAU BL",0.00,,Y,C,-,N,,,,,,,,,,Y,4,0,1,2,A,-,01,23152,A,F,D,C,A,B,H,-,C,A,0,,,,,Y,Y,A,07,0,0,1,0,0,0,0,0,0,"- ","- ",,,"LOS ANGELES","LOS ANGELES",-118.34248008,34.042290090000002
6765302,2014,2016-02-18,1928,2014-12-08,0823,271,501,1,5,5,1928,0,0,0,,0,530,"IMPERIAL HWY","HAWTHORNE BL",0.00,,Y,A,-,N,,,,,,,,,,N,4,0,1,2,A,-,08,22107,,M,B,C,A,A,H,-,A,A,0,,,,,Y,Y,A,01,0,0,1,0,0,0,0,0,0,"- ","- ",,,"LOS ANGELES",HAWTHORNE,-118.35271001,33.930960059999997
6766031,2015,2015-01-30,1922,2015-01-11,0402,649,,7,5,6,1922,0,0,0,,0,,"GARVEY AV","SANTA ANITA AV",0.00,,Y,C,-,N,,,,,,,,,,N,4,0,2,2,A,-,12,21453,A,N,D,C,A,B,D,-,C,A,0,,,,,Y,Y,-,"- ",0,0,2,0,0,0,0,0,0,"- ","- ",,,"LOS ANGELES","EL MONTE",-118.04250003999999,34.062750039999997
6767320,2014,2015-02-03,1942,2014-12-19,1820,41444,453,5,5,7,1942,0,0,0,,0,4A98,"CESAR CHAVEZ AV","BRIDGE ST",40.00,W,N,A,-,N,,,,,,,,,,Y,3,0,1,4,A,-,05,21650,,N,C,E,A,A,G,-,C,D,0,,,,,Y,Y,A,01,0,1,0,0,0,0,0,0,0,"- ","- ",,,"LOS ANGELES","LOS ANGELES",-118.22135,34.052773000000002
6767549,2014,2015-02-10,1942,2014-12-14,0045,39313,0702,7,5,7,1942,0,0,0,G,0,7A1,"MELROSE AV","VISTA ST",0.00,,Y,A,-,N,,,,,,,,,,Y,3,0,1,2,A,-,09,21802,A,N,B,-,A,A,H,-,C,D,0,,,,,Y,Y,-,,0,1,0,0,0,0,0,0,0,"- ","- ",,,"LOS ANGELES","LOS ANGELES",-118.35227011000001,34.083620019999998
6767650,2014,2015-02-06,1942,2014-12-11,2225,36814,154,4,5,7,1942,0,0,0,O,0,1T11,"SPRING ST","6TH ST",100.00,N,N,B,-,N,,,,,,,,,,Y,4,0,2,2,A,-,01,23152,A,N,C,C,A,A,H,-,C,D,0,,,,,Y,Y,A,01,0,0,2,0,0,0,0,0,0,"- ","- ",,,"LOS ANGELES","LOS ANGELES",-118.25079001,34.04617794
6768129,2014,2015-01-29,9530,2014-11-25,0220,020584,,2,3,7,1941,0,1,1,,2,072,"RT 710","RT 405",650.00,N,N,A,-,Y,,,710,,,,,,,Y,3,0,1,1,A,-,01,23152,A,N,E,I,A,A,H,-,C,D,0,,,,,Y,Y,A,01,0,1,0,0,0,0,0,0,0,TO,"- ",33.82864,-118.20838000000001,"LOS ANGELES","LONG BEACH",-118.20822484,33.828684119999998
6768229,2014,2015-01-28,1942,2014-11-30,2345,38357,0153,7,5,7,1942,0,0,0,A,0,13TL53,"7TH ST","HILL ST",62.00,W,N,A,-,N,,,,,,,,,,N,3,0,1,2,A,-,11,21955,,N,G,B,D,A,H,-,C,A,0,Y,,,,Y,Y,N,60,0,1,0,0,1,0,0,0,0,"- ","- ",,,"LOS ANGELES","LOS ANGELES",-118.25465006,34.046035639999999
6768630,2014,2015-01-30,9580,2014-10-07,2255,20837,,2,3,7,1942,0,1,2,,2,103,"RT 101","VAN NUYS BL",2112.00,S,N,A,-,Y,,,,,,,,,,Y,3,0,1,1,A,-,01,23152,A,N,E,I,A,A,H,-,D,D,0,,,,,Y,Y,D,22,0,1,0,0,0,0,0,0,0,"- ","- ",34.115549999999999,-118.4404,"LOS ANGELES","LOS ANGELES",-118.44219472,34.155314609999998
6770039,2014,2015-02-05,9535,2014-12-07,0100,017308,,7,3,9,1900,0,1,3,,2,601,"RT 60",BELEVEDERE,400.00,E,N,A,-,Y,,,60,,,,,,,Y,3,0,1,2,A,-,01,23152,A,N,B,C,A,A,H,-,C,D,0,,,,,Y,Y,A,07,0,1,0,0,0,0,0,0,0,"- ","- ",34.036960000000001,-118.15913999999999,"LOS ANGELES",UNINCORPORATED,-118.15913813,34.036698919999999
6772008,2015,2015-08-05,1956,2015-01-07,0334,1206,28,3,5,5,1956,0,0,0,,0,002,"BERYL ST","FLAGLER LN",250.00,W,N,A,-,N,,,,,,,,,,Y,3,0,1,3,A,-,01,23152,A,N,D,E,A,A,H,-,C,D,0,,,,,Y,Y,A,01,0,1,0,0,0,0,0,0,0,"- ","- ",,,"LOS ANGELES","REDONDO BEACH",-118.3790363,33.854869119999996
6774048,2014,2015-01-28,9580,2014-11-25,2010,16003,,2,2,9,1900,0,1,3,,1,271,"RT 27","HILLSIDE DR",528.00,S,N,A,-,Y,,,27,,,,,,,Y,4,0,1,2,A,-,01,23152,A,N,B,C,A,A,H,-,D,D,0,,,,,Y,Y,D,22,0,0,1,0,0,0,0,0,0,"- ","- ",34.103630000000003,-118.59267,"LOS ANGELES",UNINCORPORATED,-118.59267850000001,34.103629130000002
6774516,2015,2015-02-20,1942,2015-01-01,0320,40731,2158,4,5,7,1942,0,0,0,,0,9T57,"VICTORY BL","MASON AV",17.00,W,N,A,-,N,,,,,,,,,,Y,3,0,3,2,A,-,01,23152,A,N,A,C,A,A,H,-,C,A,0,,,,,Y,Y,A,01,0,1,2,0,0,0,0,0,0,"- ","- ",,,"LOS ANGELES","LOS ANGELES",-118.57973611,34.188399320000002
6775074,2014,2015-01-20,1900,2014-09-20,0209,515585,1335,6,5,5,1908,0,0,0,,0,133B,"DOWNEY AV","ARTESIA BL",0.00,,Y,A,-,N,,,,,,,,,,Y,2,0,1,2,A,-,01,23152,A,F,-,C,A,A,H,-,C,A,0,,,Y,,Y,Y,A,07,1,0,0,0,0,0,0,0,0,"- ","- ",,,"LOS ANGELES",BELLFLOWER,-118.1512901,33.874780110000003
6775260,2014,2015-02-17,1942,2014-12-25,1305,40207,1969,4,5,7,1942,0,0,0,,0,9T52,"VENA AV","GARBER ST",30.00,N,N,A,-,N,,,,,,,,,,Y,3,0,1,2,A,-,01,23152,A,N,D,E,A,A,H,-,A,D,0,,,,,Y,Y,A,01,0,1,0,0,0,0,0,0,0,"- ","- ",,,"LOS ANGELES","LOS ANGELES",,
6775399,2014,2015-02-11,9590,2014-12-07,0210,19780,,7,3,7,1942,0,1,1,,2,063,"RT 10","VERMONT AV",125.00,E,N,A,-,Y,,,10,,,,,,,Y,2,0,2,5,A,-,01,23152,A,N,C,C,A,A,H,-,C,D,0,,,,,Y,Y,A,01,1,1,0,0,0,0,0,0,0,"- ","- ",34.037039999999998,-118.29052,"LOS ANGELES","LOS ANGELES",-118.29051986,34.037051239999997
6777026,2014,2015-01-28,1955,2014-11-28,1810,41149,14,5,5,6,1955,0,0,0,,0,008,"SAN ANTONIO AV","COLUMBIA AV",0.00,,Y,A,-,N,,,,,,,,,,N,3,0,1,2,A,-,05,21650,1,N,A,G,A,A,H,-,C,D,0,,Y,,,Y,Y,L,04,0,1,0,0,0,0,1,0,0,"- ","- ",,,"LOS ANGELES",POMONA,-117.73667009,34.068680110000003
6777766,2014,2015-02-12,1976,2014-12-31,1420,314,,3,5,5,1976,0,0,0,,0,003,"LAMBERT RD","LAUREL AV",42.00,E,N,A,-,N,,,,,,,,,,N,4,0,1,2,A,-,03,22350,,N,C,C,A,A,H,-,A,A,0,,,,,Y,Y,A,01,0,0,1,0,0,0,0,0,0,"- ","- ",,,"LOS ANGELES",WHITTIER,-118.03440335000001,33.955646770000001
6778251,2015,2015-02-17,1900,2015-01-16,0540,462141,2113,5,5,5,1943,0,0,0,,0,212T4,"ATLANTIC AV","ELMWOOD AV",0.00,,Y,A,-,N,,,,,,,,,,Y,3,0,1,2,A,-,12,21453,A,F,D,C,A,A,H,-,C,A,0,,,,,Y,Y,D,22,0,1,0,0,0,0,0,0,0,"- ","- ",,,"LOS ANGELES",LYNWOOD,-118.18483007,33.927690060000003
6778695,2014,2016-02-19,9580,2014-11-12,0355,020153,,3,3,9,1900,0,2,4,,1,127,"MALIBU CANYON RD","PIUMA RD",10560.00,S,N,A,-,N,,,,,,,,,,Y,3,0,4,1,A,-,01,23152,A,N,E,I,A,A,H,-,D,D,0,,,,,Y,Y,D,22,0,3,1,0,0,0,0,0,0,"- ","- ",34.063020000000002,-118.69983999999999,"LOS ANGELES",UNINCORPORATED,-118.69725823,34.063589999999998
6779108,2014,2015-01-27,1942,2014-11-25,0020,35580,2074,2,5,7,1942,0,0,0,,0,20A1,"WASHINGTON BL","NORMANDIE AV",0.00,,Y,A,-,N,,,,,,,,,,N,4,0,3,2,A,-,09,21801,A,N,D,C,A,A,H,-,C,D,0,,,,,Y,Y,-,,0,0,3,0,0,0,0,0,0,"- ","- ",,,"LOS ANGELES","LOS ANGELES",-118.30084004,34.039990119999999
6779337,2014,2015-02-11,1942,2014-12-26,2310,41376,0642,5,5,7,1942,0,0,0,F,0,6X32,"HOLLYWOOD BL","STANLEY AV",30.00,E,N,A,-,N,,,,,,,,,,Y,4,0,2,2,A,-,01,23152,A,F,C,C,A,A,H,-,C,D,0,,,,,Y,Y,A,01,0,0,2,0,0,0,0,0,0,"- ","- ",,,"LOS ANGELES","LOS ANGELES",-118.3561011,34.101669489999999
6779576,2014,2015-03-02,1912,2014-12-26,1728,8188,,5,5,6,1912,0,0,0,,0,,"GLENOAKS BL","GRISMER AV",0.00,,Y,A,-,N,,,,,,,,,,Y,4,0,1,2,A,-,01,23152,A,F,A,C,A,A,H,-,C,A,0,,,,,Y,Y,A,01,0,0,1,0,0,0,0,0,0,"- ","- ",,,"LOS ANGELES",BURBANK,-118.32601002,34.197620069999999
6780437,2014,2015-01-21,9580,2014-10-31,2324,20334,,5,3,7,1942,0,1,2,,2,106,"RT 101","LINDERO CANYON",500.00,S,N,C,-,Y,,,,,,,,,,Y,4,0,1,1,A,-,08,22107,,N,E,I,A,B,H,-,D,D,0,,,,,Y,Y,A,07,0,0,1,0,0,0,0,0,0,"- ","- ",34.145479999999999,-118.7814,"LOS ANGELES","LOS ANGELES",-118.80267296,34.148503329999997
6780856,2014,2016-05-28,1900,2014-07-06,0350,292808,,7,5,6,1950,0,0,0,,0,,"AVENUE S","47TH ST EAST",0.00,,Y,A,-,Y,LA,7,138,-,-,49.971,I,5,W,Y,2,0,4,2,A,-,01,23153,A,N,D,C,A,A,H,-,C,A,0,,,,,Y,Y,A,07,2,0,2,0,0,0,0,0,0,"- ","- ",,,"LOS ANGELES",PALMDALE,-118.0452652,34.558066920000002
6780912,2014,2015-07-16,1942,2014-12-20,1650,41396,RD101,6,5,7,1942,0,0,0,,0,10X8,"HASKELL AV","LEADWELL ST",0.00,,Y,B,-,N,,,,,,,,,,N,4,0,1,2,A,-,10,21950,A,F,G,B,C,A,H,-,C,D,0,Y,,,,Y,Y,-,99,0,0,1,0,1,0,0,0,0,"- ","- ",,,"LOS ANGELES","LOS ANGELES",-118.47493012,34.203900079999997
6781105,2014,2015-02-19,1942,2014-12-21,1730,39795,1555,7,5,7,1942,0,0,0,O,0,15A28,"MAGNOLIA BL","BLAKESLEE AV",0.00,,Y,A,-,N,,,,,,,,,,N,4,0,5,3,A,-,04,21703,,F,C,C,A,A,H,-,C,A,0,,,,,Y,Y,-,99,0,0,5,0,0,0,0,0,0,"- ","- ",,,"LOS ANGELES","LOS ANGELES",-118.37248006999999,34.164890030000002
6781466,2014,2015-02-11,1925,2014-12-15,0119,21606,173,1,5,6,1925,0,0,0,,0,002,BRAND,"CHEVY CHASE",167.00,S,N,A,C,N,,,,,,,,,,Y,2,0,1,1,A,-,01,23152,,N,A,I,A,A,H,-,C,D,0,,,,,Y,Y,A,,1,0,0,0,0,0,0,0,0,"- ","- ",,,"LOS ANGELES",GLENDALE,-118.25498435,34.133052040000003
6781480,2014,2015-02-11,1905,2014-12-25,1853,1142,443,4,5,4,1905,0,0,0,,0,052,"CERRITOS AV","NEWBURGH ST",589.00,N,N,A,-,N,,,,,,,,,,Y,3,0,1,1,A,-,01,23152,A,N,-,I,A,A,H,-,C,A,0,,,,,Y,Y,A,01,0,1,0,0,0,0,0,0,0,"- ","- ",,,"LOS ANGELES",AZUSA,-117.89894412,34.111734650000002
6781582,2014,2015-03-02,1946,2014-12-05,0007,P7,1946,5,5,4,1946,0,0,0,,0,001,MAGNOLIA,"LIME AV",175.00,S,N,A,-,N,,,,,,,,,,Y,3,0,1,2,A,-,01,23152,A,M,C,E,A,A,H,-,C,D,0,,,,,Y,Y,A,01,0,1,0,0,0,0,0,0,0,"- ","- ",,,"LOS ANGELES",MONROVIA,-118.00535112,34.14754026
6781944,2014,2015-02-12,1942,2014-12-05,1800,41491,0852,5,5,7,1942,0,0,0,H,0,8X98,"SANTA MONICA BL","ARMACOST AV",5.00,E,N,A,-,N,,,,,,,,,,N,4,0,1,2,A,-,10,21950,A,N,G,B,B,A,H,-,C,D,0,Y,,,,Y,Y,-,"- ",0,0,1,0,1,0,0,0,0,"- ","- ",,,"LOS ANGELES","LOS ANGELES",-118.46025538000001,34.041906320000002
6782324,2015,2015-02-18,1942,2015-01-04,2320,39876,0467,7,5,7,1942,0,0,0,D,0,2T15,"4TH ST","SOTO ST",0.00,,Y,A,-,N,,,,,,,,,,Y,3,0,3,2,A,-,01,23152,A,F,D,C,A,A,H,-,C,A,0,,,,,Y,Y,A,01,0,3,0,0,0,0,0,0,0,"- ","- ",,,"LOS ANGELES","LOS ANGELES",-118.2117701,34.04062004
6782346,2015,2015-02-18,1965,2015-01-10,1937,3820,0B1G,6,5,5,1965,0,0,0,,0,A001,"5TH ST","SANTA MONICA BL",0.00,,Y,C,-,N,,,,,,,,,,N,4,0,1,2,A,-,10,21950,A,N,G,B,B,B,H,-,C,A,0,Y,,,,Y,Y,A,01,0,0,1,0,1,0,0,0,0,"- ","- ",,,"LOS ANGELES","SANTA MONICA",-118.49422009,34.017190069999998
6783798,2015,2016-09-12,9530,2015-02-27,1530,020446,,5,2,7,1942,0,1,1,,2,110,"RT 110","168TH ST",195.00,S,N,B,-,Y,LA,7,110,-,-,10.260,H,-,S,Y,3,0,2,3,A,-,07,21658,A,N,B,C,A,A,H,-,A,D,1,,,,,Y,Y,A,07,0,2,0,0,0,0,0,0,0,TO,"- ",33.878549999999997,-118.28524,"LOS ANGELES","LOS ANGELES",-118.28513897000001,33.878434059999996
6785996,2014,2015-02-17,1942,2014-12-31,2220,39876,0216,3,5,7,1942,0,0,0,B,0,2T15,"ALVARADO ST","CLINTON AV",48.00,S,N,A,-,N,,,,,,,,,,Y,4,0,1,2,A,-,01,23152,A,N,C,E,A,A,G,-,C,D,0,,,,,Y,Y,A,01,0,0,1,0,0,0,0,0,0,"- ","- ",,,"LOS ANGELES","LOS ANGELES",-118.26595141999999,34.073552579999998
6786243,2014,2015-02-13,1942,2014-12-09,1150,33340,1606,2,5,7,1942,0,0,0,P,0,16T24,"OSBORNE ST","GARRICK AV",890.00,E,N,A,-,N,,,,,,,,,,Y,3,0,1,1,A,-,03,22350,,N,E,I,A,A,H,-,A,D,0,,,,,Y,Y,A,01,0,1,0,0,0,0,0,0,0,"- ","- ",,,"LOS ANGELES","LOS ANGELES",-118.37445364,34.279743910000001
6786777,2014,2015-02-12,1942,2014-12-09,2355,37736,1942,2,5,7,1942,0,0,0,,0,8A14,"SANTA MONICA BL","SEPULVEDA BL",200.00,W,N,A,-,N,,,,,,,,,,N,4,0,1,2,A,-,08,22107,,N,B,C,A,A,H,-,C,A,0,,,,,Y,Y,A,01,0,0,1,0,0,0,0,0,0,"- ","- ",,,"LOS ANGELES","LOS ANGELES",-118.44491515,34.047466350000001
6786980,2014,2015-02-18,1942,2014-12-28,1700,38510,0398,7,5,7,1942,0,0,0,C,0,3A55,"43RD PL","HOOVER ST",0.00,,Y,A,-,N,,,,,,,,,,N,3,0,1,2,A,-,10,21950,A,N,G,B,B,A,H,-,C,A,0,Y,,,,Y,Y,A,07,0,1,0,0,1,0,0,0,0,"- ","- ",,,"LOS ANGELES","LOS ANGELES",-118.28717,34.00461009
6786989,2014,2015-02-18,1942,2014-12-23,1855,39291,0326,2,5,7,1942,0,0,0,C,0,18T39,"ADAMS BL","BRIGHTON AV",0.00,,Y,A,-,N,,,,,,,,,,N,3,0,1,2,A,-,09,21802,A,N,H,G,A,A,H,-,C,A,0,,Y,,,Y,Y,L,04,0,1,0,0,0,0,1,0,0,"- ","- ",,,"LOS ANGELES","LOS ANGELES",-118.30150009,34.032720079999997
6787272,2015,2015-02-19,1942,2015-01-11,0130,37786,0315,7,5,7,1942,0,0,0,C,0,315,ADAMS,ARLINGTON,300.00,E,N,C,-,N,,,,,,,,,,N,4,0,2,6,A,-,01,23152,A,N,B,E,A,B,H,-,C,D,0,,,,,Y,Y,A,01,0,0,2,0,0,0,0,0,0,"- ","- ",,,"LOS ANGELES","LOS ANGELES",-118.31669173,34.032640000000001
6788101,2015,2015-02-24,1942,2015-01-11,0015,35330,1426,7,5,7,1942,0,0,0,N,0,14A49,"SAWTELLE BL","STANWOOD DR",250.00,N,N,C,-,N,,,,,,,,,,Y,3,0,1,2,A,-,03,22350,,N,C,E,A,B,H,-,C,D,0,,,,,Y,Y,A,01,0,1,0,0,0,0,0,0,0,"- ","- ",,,"LOS ANGELES","LOS ANGELES",-118.4298299,34.02423434
6788529,2014,2015-02-02,1900,2014-11-29,2035,532457,1323,6,5,5,1935,0,0,0,,0,132T2P,"ARBOR RD","OBISPO AV",75.00,W,N,A,-,N,,,,,,,,,,Y,3,0,1,2,A,-,01,23152,A,N,B,C,A,A,H,-,C,D,0,,,,,Y,Y,A,07,0,1,0,0,0,0,0,0,0,"- ","- ",,,"LOS ANGELES",LAKEWOOD,-118.15627648,33.843400000000003
6789083,2015,2015-03-02,1942,2015-01-02,1710,35991,2162,5,5,7,1942,0,0,0,,0,21A2,FALLBROOK,"OXNARD ST",0.00,,Y,A,-,N,,,,,,,,,,Y,3,0,2,2,A,-,01,23152,A,N,A,C,A,A,H,-,C,A,0,,,,,Y,Y,A,07,0,1,1,0,0,0,0,0,0,"- ","- ",,,"LOS ANGELES","LOS ANGELES",-118.62335001,34.17921003