CASE_ID,ACCIDENT_YEAR,PROC_DATE,JURIS,COLLISION_DATE,COLLISION_TIME,OFFICER_ID,REPORTING_DISTRICT,DAY_OF_WEEK,CHP_SHIFT,POPULATION,CNTY_CITY_LOC,SPECIAL_COND,BEAT_TYPE,CHP_BEAT_TYPE,CITY_DIVISION_LAPD,CHP_BEAT_CLASS,BEAT_NUMBER,PRIMARY_RD,SECONDARY_RD,DISTANCE,DIRECTION,INTERSECTION,WEATHER_1,WEATHER_2,STATE_HWY_IND,CALTRANS_COUNTY,CALTRANS_DISTRICT,STATE_ROUTE,ROUTE_SUFFIX,POSTMILE_PREFIX,POSTMILE,LOCATION_TYPE,RAMP_INTERSECTION,SIDE_OF_HWY,TOW_AWAY,COLLISION_SEVERITY,NUMBER_KILLED,NUMBER_INJURED,PARTY_COUNT,PRIMARY_COLL_FACTOR,PCF_CODE_OF_VIOL,PCF_VIOL_CATEGORY,PCF_VIOLATION,PCF_VIOL_SUBSECTION,HIT_AND_RUN,TYPE_OF_COLLISION,MVIW,PED_ACTION,ROAD_SURFACE,ROAD_COND_1,ROAD_COND_2,LIGHTING,CONTROL_DEVICE,CHP_ROAD_TYPE,PEDESTRIAN_ACCIDENT,BICYCLE_ACCIDENT,MOTORCYCLE_ACCIDENT,TRUCK_ACCIDENT,NOT_PRIVATE_PROPERTY,ALCOHOL_INVOLVED,STWD_VEHTYPE_AT_FAULT,CHP_VEHTYPE_AT_FAULT,COUNT_SEVERE_INJ,COUNT_VISIBLE_INJ,COUNT_COMPLAINT_PAIN,COUNT_PED_KILLED,COUNT_PED_INJURED,COUNT_BICYCLIST_KILLED,COUNT_BICYCLIST_INJURED,COUNT_MC_KILLED,COUNT_MC_INJURED,PRIMARY_RAMP,SECONDARY_RAMP,LATITUDE,LONGITUDE,COUNTY,CITY,POINT_X,POINT_Y
7190580,2016,2018-09-27,1900,2016-08-29,2115,527057,2603,1,5,6,1950,0,0,0,,0,263T1,"PEARBLOSSOM HWY","FORT TEJON RD",180.00,W,N,A,-,N,,,,,,,,,,Y,1,1,1,2,A,-,11,21954,A,N,G,B,D,A,H,-,C,D,0,Y,,,,Y,Y,N,60,0,1,0,1,0,0,0,0,0,"- ","- ",,,"LOS ANGELES",PALMDALE,-118.03096633,34.542727450000001
7190636,2016,2018-09-27,1953,2016-05-18,2148,1001,1953,3,5,6,1953,0,0,0,,0,002,"WASHINGTON BL","PRIME CT",200.00,W,N,A,-,N,,,,,,,,,,Y,1,1,0,2,A,-,11,21954,A,N,G,B,D,A,H,-,C,D,0,Y,,,,Y,Y,N,60,0,0,0,1,0,0,0,0,0,"- ","- ",,,"LOS ANGELES",PASADENA,-118.13353961,34.168980249999997
7190681,2016,2018-09-27,1942,2016-11-07,2110,40157,2039,1,5,7,1942,0,0,0,,0,20T59,"HOOVER ST","SUNSET PL",66.00,S,N,A,-,N,,,,,,,,,,N,1,1,0,2,A,-,11,21954,A,N,G,B,D,A,H,-,C,D,0,Y,,,,Y,Y,N,60,0,0,0,1,0,0,0,0,0,"- ","- ",,,"LOS ANGELES","LOS ANGELES",-118.28420362,34.060609020000001
7190716,2016,2018-09-27,1900,2016-11-26,0058,500161,0454,6,5,6,1949,0,0,0,,0,43T1,"FUNSTON AV","FRONT ST",241.00,S,N,A,-,N,,,,,,,,,,Y,1,1,1,1,A,-,03,22350,,N,E,I,A,A,H,-,C,D,0,,,,,Y,Y,A,01,1,0,0,0,0,0,0,0,0,"- ","- ",,,"LOS ANGELES",NORWALK,-118.07384764,33.906483299999998
7190791,2015,2016-02-23,1942,2015-11-29,0555,40911,0379,7,5,7,1942,0,0,0,C,0,3A15,"VERMONT AV","EXPOSITION BL",0.00,,Y,A,-,N,,,,,,,,,,N,3,0,1,2,A,-,01,23152,A,N,D,D,A,A,H,-,C,A,0,,,,,Y,Y,A,01,0,1,0,0,0,0,0,0,0,"- ","- ",,,"LOS ANGELES","LOS ANGELES",-118.29153003,34.018350050000002
7192354,2016,2016-03-11,1923,2016-02-10,0105,463,232,3,5,3,1923,0,0,0,,0,316M,"DOUGLAS ST","CORAL CIR",41.00,N,N,A,-,N,,,,,,,,,,Y,3,0,1,2,A,-,01,23152,A,N,D,E,A,A,H,-,C,D,0,,,,Y,Y,Y,A,01,0,1,0,0,0,0,0,0,0,"- ","- ",,,"LOS ANGELES","EL SEGUNDO",-118.38321999999999,33.913212459999997
7192581,2016,2016-02-23,1942,2016-01-24,1730,39844,1243,7,5,7,1942,0,0,0,L,0,12A53,"VAN NESS AV","67TH ST",100.00,S,N,A,-,N,,,,,,,,,,N,3,0,1,2,A,-,06,21750,,F,B,G,A,A,H,-,C,D,0,,Y,,,Y,Y,-,99,0,1,0,0,0,0,1,0,0,"- ","- ",,,"LOS ANGELES","LOS ANGELES",-118.31774,33.97791574
7193062,2015,2016-03-05,1910,2015-10-12,2100,04555,,1,5,4,1910,0,0,0,,0,004,"N WHITTIER DR","N ELEVADO AV",0.00,,Y,A,-,N,,,,,,,,,,Y,4,0,3,1,A,-,03,22350,,N,F,I,A,A,H,-,C,D,0,,,,,Y,Y,A,07,0,0,3,0,0,0,0,0,0,"- ","- ",34.069769999999998,-118.41607999999999,"LOS ANGELES","BEVERLY HILLS",-118.41529004,34.068350109999997
7193126,2015,2016-03-03,1910,2015-09-13,0307,4266,,7,5,4,1910,0,0,0,,0,006,"COLDWATER CANYON DR","LINDACREST DR",1098.00,S,N,A,-,N,,,,,,,,,,Y,3,0,1,1,A,-,01,23152,A,N,F,I,A,A,H,-,C,D,0,,,,,Y,Y,A,07,0,1,0,0,0,0,0,0,0,"- ","- ",,,"LOS ANGELES","BEVERLY HILLS",-118.40717143000001,34.093948879999999
7194575,2016,2016-03-03,1942,2016-02-03,1140,39321,1186,3,5,7,1942,0,0,0,K,0,11A89,"ANGELS POINT RD","ACADEMY RD",0.00,,Y,A,-,N,,,,,,,,,,N,3,0,1,2,A,-,21,22106,,F,G,B,E,A,H,-,A,D,0,Y,,,,Y,Y,-,99,0,1,0,0,1,0,0,0,0,"- ","- ",,,"LOS ANGELES","LOS ANGELES",-118.24364002999999,34.082510110000001
7194707,2016,2016-03-04,1942,2016-01-24,0014,25495,0706,7,5,7,1942,0,0,0,G,0,7T23,"SYCAMORE AV","MELROSE AV",239.00,S,N,A,-,N,,,,,,,,,,Y,2,0,1,2,C,-,18,,,N,G,B,-,A,H,-,C,D,0,Y,,,,Y,Y,-,"- ",1,0,0,0,1,0,0,0,0,"- ","- ",,,"LOS ANGELES","LOS ANGELES",-118.34278408,34.08280456
7195190,2016,2016-03-03,1942,2016-02-06,0145,41868,1265,6,5,7,1942,0,0,0,L,0,12A49,"NORMANDIE AV","81ST ST",50.00,N,N,A,-,N,,,,,,,,,,Y,2,0,1,1,A,-,03,22350,,N,E,I,A,A,H,-,C,D,0,,,,,Y,Y,A,01,1,0,0,0,0,0,0,0,0,"- ","- ",,,"LOS ANGELES","LOS ANGELES",-118.30025848,33.965627120000001
7195563,2016,2016-02-29,1931,2016-02-11,1423,5195,1931,4,5,5,1931,0,0,0,,0,003,"ZOE AV","SANTA FE AV EAST ALLEY",2.00,E,N,A,-,N,,,,,,,,,,N,3,0,1,3,A,-,11,21954,A,N,D,B,D,A,H,-,A,D,0,Y,Y,,,Y,Y,N,60,0,1,0,0,1,0,0,0,0,"- ","- ",,,"LOS ANGELES","HUNTINGTON PARK",-118.2303,33.979266000000003
7195950,2016,2016-08-15,1900,2016-02-13,0056,537857,1159,6,5,6,1992,0,0,0,,0,111T1,"AVENUE L","90TH ST WEST",1336.00,E,N,A,-,N,,,,,,,,,,N,3,0,2,1,A,-,01,23152,A,N,F,A,A,A,H,-,D,D,0,,,,,Y,Y,A,01,0,2,0,0,0,0,0,0,0,"- ","- ",,,"LOS ANGELES",LANCASTER,-118.28457598,34.660159999999998
7196724,2016,2016-02-29,1922,2016-02-01,1603,566,,1,5,6,1922,0,0,0,,0,,PECK,KLINGERMAN,0.00,,Y,A,-,N,,,,,,,,,,Y,4,0,1,2,A,-,04,21703,,F,C,C,A,A,H,-,A,A,0,,,,,Y,Y,-,,0,0,1,0,0,0,0,0,0,"- ","- ",,,"LOS ANGELES","EL MONTE",-118.03058,34.055990010000002
7196888,2016,2016-03-08,1942,2016-02-06,0105,37639,0285,6,5,7,1942,0,0,0,B,0,2A47,"12TH ST","BURLINGTON AV",12.00,E,N,A,-,N,,,,,,,,,,Y,3,0,3,2,A,-,01,23152,A,N,E,I,-,A,H,-,D,D,0,Y,,,,Y,Y,D,22,0,3,0,0,1,0,0,0,0,"- ","- ",,,"LOS ANGELES","LOS ANGELES",-118.27840537,34.047294129999997
7196953,2016,2016-03-02,1942,2016-02-06,2000,40728,0457,6,5,7,1942,0,0,0,D,0,4T43,"EVERGREEN AV","CESAR CHAVEZ AV",25.00,S,N,A,-,N,,,,,,,,,,N,4,0,2,2,A,-,01,23152,A,F,C,C,A,A,H,-,C,A,0,,,,,Y,Y,A,01,0,0,2,0,0,0,0,0,0,"- ","- ",,,"LOS ANGELES","LOS ANGELES",-118.200456,34.043489999999998
7197037,2016,2016-03-02,1942,2016-02-19,2250,41210,0834,5,5,7,1942,0,0,0,H,0,6T7,"WILSHIRE BL","WESTHOLME AV",200.00,E,N,A,-,N,,,,,,,,,,Y,4,0,1,2,A,-,01,23152,A,N,B,E,A,A,H,-,C,A,0,,,,,Y,Y,A,01,0,0,1,0,0,0,0,0,0,"- ","- ",,,"LOS ANGELES","LOS ANGELES",-118.43323567,34.061903579999999
7197220,2016,2016-03-02,1923,2016-02-11,1432,495,320,4,5,3,1923,0,0,0,,0,003,"DOUGLAS ST","TRANSIT CENTER DR",388.00,S,N,A,-,N,,,,,,,,,,Y,3,0,1,1,A,-,01,23152,A,N,B,I,A,A,H,-,A,A,0,,,,,Y,Y,A,07,0,1,0,0,0,0,0,0,0,"- ","- ",,,"LOS ANGELES","EL SEGUNDO",,
7197586,2015,2016-03-02,1910,2015-02-16,2207,3841,,1,5,4,1910,0,0,0,,0,005,"S REXFORD DR","OLYMPIC BL",168.00,N,N,A,-,N,,,,,,,,,,,4,0,1,2,A,-,01,23152,A,N,C,C,A,A,H,-,C,D,0,,,,,Y,Y,A,01,0,0,1,0,0,0,0,0,0,"- ","- ",34.059910000000002,-118.39389,"LOS ANGELES","BEVERLY HILLS",-118.39389,34.05981079
7198252,2016,2016-03-05,1942,2016-02-13,2320,37724,1239,6,5,7,1942,0,0,0,L,0,18T23,"SLAUSON AV","BONSALLO AV",40.00,E,N,A,-,N,,,,,,,,,,Y,4,0,2,2,A,-,00,21351,A,N,A,C,A,A,H,-,C,A,0,,,,,Y,Y,A,01,0,0,2,0,0,0,0,0,0,"- ","- ",,,"LOS ANGELES","LOS ANGELES",-118.28582830000001,33.989159999999998
7198442,2016,2016-03-09,1942,2016-02-17,1815,34822,1969,3,5,7,1942,0,0,0,,0,19A75,"ARLETA AV","GARBER ST",40.00,S,N,C,-,N,,,,,,,,,,Y,4,0,1,2,A,-,07,21658,A,F,B,C,A,B,H,-,C,D,0,,,,,Y,Y,-,99,0,0,1,0,0,0,0,0,0,"- ","- ",,,"LOS ANGELES","LOS ANGELES",-118.43150233999999,34.247167910000002
7198991,2016,2016-03-08,1900,2016-02-29,1904,510509,1134,1,5,6,1992,0,0,0,,0,112T1,"BUSINESS CENTER PKWY","AVENUE K-8",152.00,N,N,A,-,N,,,,,,,,,,Y,4,0,1,2,A,-,01,23152,A,N,B,C,A,A,H,-,C,D,0,,,,,Y,Y,D,22,0,0,1,0,0,0,0,0,0,"- ","- ",,,"LOS ANGELES",LANCASTER,-118.12987,34.667569999999998
7199148,2016,2016-03-09,1900,2016-02-16,1810,520084,0627,2,5,6,1985,0,0,0,,0,64T1,"NEWHALL AV","ARCH ST",110.00,E,N,A,-,N,,,,,,,,,,Y,4,0,2,4,A,-,01,23152,A,M,C,C,A,A,H,-,C,A,0,,,,,Y,Y,D,22,0,0,2,0,0,0,0,0,0,"- ","- ",,,"LOS ANGELES","SANTA CLARITA",-118.52163464,34.374444850000003
7199591,2016,2018-09-24,1924,2016-06-25,1020,113166,32,6,5,5,1924,0,0,0,,0,0G3,"REDONDO BEACH BL","MANHATTAN PL",14.00,E,N,A,-,N,,,,,,,,,,Y,1,1,4,3,A,-,05,21650,,N,A,C,A,A,H,-,A,D,0,,,,,Y,Y,A,01,0,0,4,0,0,0,0,0,0,"- ","- ",33.888039999999997,-118.31062,"LOS ANGELES",GARDENA,-118.31059696,33.888053650000003
7199635,2016,2018-09-25,1900,2016-04-26,0105,506937,0628,2,5,6,1985,0,0,0,,0,62T1E,"SIERRA HWY","NEWHALL AV",2112.00,S,N,A,-,N,,,,,,,,,,Y,1,2,1,1,A,-,01,23152,A,N,E,I,A,A,H,-,D,D,0,,,,,Y,Y,A,01,1,0,0,0,0,0,0,0,0,"- ","- ",,,"LOS ANGELES","SANTA CLARITA",-118.50725,34.364170000000001
7199674,2016,2016-06-23,1925,2016-04-16,2000,24681,238,6,5,6,1925,0,0,0,,0,004,"E BROADWAY","BELMONT ST",0.00,,Y,A,-,N,,,,,,,,,,N,1,1,0,2,A,-,10,21950,A,F,A,B,B,A,H,-,C,D,0,Y,,,,Y,Y,A,01,0,0,0,1,0,0,0,0,0,"- ","- ",,,"LOS ANGELES",GLENDALE,-118.24309003,34.146260079999998
7199919,2017,2017-02-15,1942,2017-01-27,1905,31652,1975,5,5,7,1942,0,0,0,,0,19T73,"NORDHOFF ST","MOONBEAM AV",26.00,E,N,A,G,N,,,,,,,,,,Y,1,1,1,2,A,-,01,23152,A,F,A,C,A,A,H,-,C,D,0,,,,,Y,Y,A,01,1,0,0,0,0,0,0,0,0,"- ","- ",,,"LOS ANGELES","LOS ANGELES",-118.44301414,34.235359279999997
7199956,2017,2017-03-09,1942,2017-02-19,1435,39410,1962,7,5,7,1942,0,0,0,,0,9T53,"SEPULVEDA BL","LASSEN ST",700.00,S,N,A,-,N,,,,,,,,,,Y,4,0,2,2,A,-,01,23152,A,F,C,C,A,A,H,-,A,D,0,,,,,Y,Y,A,07,0,0,2,0,0,0,0,0,0,"- ","- ",,,"LOS ANGELES","LOS ANGELES",-118.46759145,34.248120819999997
7200141,2017,2017-06-20,1925,2017-04-15,2010,24967,199,6,5,6,1925,0,0,0,,0,001,"SONORA AV","FLOWER ST",0.00,,Y,A,-,N,,,,,,,,,,N,1,1,1,2,A,-,12,21453,A,N,D,C,A,A,H,-,C,A,0,,,Y,,Y,Y,C,02,0,1,0,0,0,0,0,1,0,"- ","- ",,,"LOS ANGELES",GLENDALE,-118.29147001,34.162960030000001
7200192,2017,2019-04-08,1942,2017-04-28,2325,40237,1245,5,5,7,1942,0,0,0,L,0,5T21,"NORMANDIE AV","67TH ST",64.00,S,N,A,G,N,,,,,,,,,,N,1,1,0,2,A,-,11,21954,A,F,G,B,D,A,H,-,C,A,0,Y,,,,Y,Y,N,60,0,0,0,1,0,0,0,0,0,"- ","- ",,,"LOS ANGELES","LOS ANGELES",-118.30027753,33.978334490000002
7200199,2017,2017-06-14,1900,2017-05-18,2200,602401,1192,4,5,6,1992,0,0,0,,0,112T2,"AVENUE L","32ND ST WEST",234.00,W,N,A,-,N,,,,,,,,,,Y,1,1,1,2,A,-,01,23153,B,N,G,B,E,A,H,-,C,D,0,Y,,,,Y,Y,A,01,1,0,0,1,0,0,0,0,0,"- ","- ",,,"LOS ANGELES",LANCASTER,-118.18867654,34.660240000000002
7200228,2017,2019-04-08,1955,2017-05-26,0332,30381,94,5,5,6,1955,0,0,0,,0,004,"TOWNE AV","9TH ST",111.00,S,N,B,-,N,,,,,,,,,,Y,1,1,0,3,A,-,08,22107,,N,B,E,A,A,H,-,C,D,0,,,,,Y,Y,A,07,0,0,0,0,0,0,0,0,0,"- ","- ",,,"LOS ANGELES",POMONA,-117.74117808,34.051365910000001
7200774,2016,2016-03-11,1942,2016-02-28,1618,39762,1801,7,5,7,1942,0,0,0,R,0,12TL73,"HOOVER ST","92ND ST",0.00,,Y,A,-,N,,,,,,,,,,Y,4,0,2,3,A,-,01,23152,A,N,D,C,A,A,H,-,A,A,0,,,,,Y,Y,D,22,0,0,2,0,0,0,0,0,0,"- ","- ",,,"LOS ANGELES","LOS ANGELES",-118.28698005,33.952810059999997
7200936,2016,2016-03-10,1931,2016-02-28,0203,5302,1931,7,5,5,1931,0,0,0,,0,003,"ALAMEDA ST","ZOE AV",16.00,S,N,A,-,N,,,,,,,,,,Y,3,0,4,2,A,-,05,21650,1,N,A,C,A,A,H,-,C,A,0,,,,,Y,Y,A,01,0,2,2,0,0,0,0,0,0,"- ","- ",,,"LOS ANGELES","HUNTINGTON PARK",-118.2354002,33.979446889999998
7200940,2016,2016-12-17,1942,2016-02-21,1430,42182,1255,7,5,7,1942,0,0,0,L,0,12A57,"FLORENCE AV","RAYMOND AV",0.00,,Y,A,-,N,,,,,,,,,,N,3,0,2,2,A,-,09,21802,A,F,D,C,A,A,H,-,A,A,0,,,,,Y,Y,-,99,0,1,1,0,0,0,0,0,0,"- ","- ",,,"LOS ANGELES","LOS ANGELES",-118.29812013,33.974590069999998
7200944,2016,2016-03-10,1942,2016-02-21,1100,42182,1207,7,5,7,1942,0,0,0,L,0,12A57,"47TH ST",VERMONT,150.00,E,N,A,-,N,,,,,,,,,,N,4,0,1,2,A,-,09,21804,,F,D,C,A,A,H,-,A,D,0,,,,,Y,Y,-,99,0,0,1,0,0,0,0,0,0,"- ","- ",,,"LOS ANGELES","LOS ANGELES",-118.29154,34.000610000000002
7201264,2016,2016-06-03,1942,2016-02-17,1945,34997,1322,3,5,7,1942,0,0,0,M,0,13A85,"MAPLE AV","22ND ST",30.00,S,N,C,-,N,,,,,,,,,,N,4,0,1,2,B,-,22,,,M,G,B,E,-,H,-,C,D,0,Y,,,,Y,Y,-,99,0,0,1,0,1,0,0,0,0,"- ","- ",,,"LOS ANGELES","LOS ANGELES",-118.26307703000001,34.027177639999998
7201280,2016,2016-03-14,1942,2016-02-11,2228,38233,1362,4,5,7,1942,0,0,0,M,0,2T15W3,"E 49TH ST","AVALON BL",482.00,W,N,A,-,N,,,,,,,,,,N,4,0,2,2,A,-,01,23153,A,N,A,C,A,-,H,-,C,D,0,,,,,Y,Y,A,01,0,0,2,0,0,0,0,0,0,"- ","- ",,,"LOS ANGELES","LOS ANGELES",-118.26682694,33.998792139999999
7201814,2016,2016-03-09,1942,2016-02-12,1430,40099,0295,5,5,7,1942,0,0,0,B,0,4T4,"PICO BL","BURLINGTON AV",55.00,W,N,-,-,N,,,,,,,,,,Y,4,0,3,3,A,-,01,23152,,N,C,C,A,A,H,-,A,D,0,,,,,Y,Y,A,08,0,0,3,0,0,0,0,0,0,"- ","- ",,,"LOS ANGELES","LOS ANGELES",-118.2791002,34.045620489999997
7201839,2016,2016-03-09,1975,2016-02-05,2353,417,,5,5,6,1975,0,0,0,,0,001,"ORANGE AV",BADILLO,0.00,,Y,A,-,N,,,,,,,,,,N,4,0,1,2,A,-,12,21453,A,N,D,C,A,A,H,-,C,A,0,,,,,Y,Y,-,,0,0,1,0,0,0,0,0,0,"- ","- ",,,"LOS ANGELES","WEST COVINA",-117.94188001000001,34.087040039999998
7201895,2016,2016-03-10,1942,2016-02-05,2030,41072,1801,5,5,7,1942,0,0,0,R,0,3T5,"VERMONT AV","92ND ST",0.00,,Y,A,-,N,,,,,,,,,,Y,4,0,3,4,A,-,01,23152,A,N,D,C,A,A,H,-,A,A,0,,,Y,,Y,Y,A,01,0,0,3,0,0,0,0,0,1,"- ","- ",,,"LOS ANGELES","LOS ANGELES",,
7201898,2016,2016-03-10,1942,2016-02-16,1545,39693,RD027,2,5,7,1942,0,0,0,,0,11A71W,"JAMES M WOOD","WESTLAKE AV",0.00,,Y,A,-,N,,,,,,,,,,Y,4,0,3,2,A,-,09,21800,C,N,D,C,A,A,H,-,A,A,0,,,,,Y,Y,A,01,0,0,3,0,0,0,0,0,0,"- ","- ",,,"LOS ANGELES","LOS ANGELES",-118.27764000000001,34.052880000000002
7202760,2015,2016-07-19,1910,2015-07-30,0131,03680,,4,5,4,1910,0,0,0,,0,004,"NORTH SANTA MONICA BL","N ROXBURY DR",0.00,,Y,A,-,N,,,,,,,,,,Y,4,0,2,2,A,-,00,23153,F,N,D,C,A,A,H,-,C,A,0,,,,,Y,Y,A,01,0,0,2,0,0,0,0,0,0,"- ","- ",,,"LOS ANGELES","BEVERLY HILLS",-118.40772002,34.068890089999996
7203467,2016,2016-03-14,1976,2016-02-08,0050,328,,1,5,5,1976,0,0,0,,0,003,"OCEANVIEW AV","2ND ST",30.00,S,N,A,-,N,,,,,,,,,,Y,4,0,1,2,A,-,01,23152,A,N,B,E,A,A,H,-,C,D,0,,,,,Y,Y,A,01,0,0,1,0,0,0,0,0,0,"- ","- ",,,"LOS ANGELES",WHITTIER,-118.01737279,33.958600500000003
7204082,2015,2016-03-14,1910,2015-05-15,0641,3209,,5,5,4,1910,0,0,0,,0,004,"SUNSET BL","GREENWAY DR",52.00,W,N,B,C,N,,,,,,,,,,Y,4,0,1,1,A,-,01,23152,A,N,E,I,A,B,H,-,A,A,0,,,,,Y,Y,D,23,0,0,1,0,0,0,0,0,0,"- ","- ",34.076979999999999,-118.42143,"LOS ANGELES","BEVERLY HILLS",-118.42142027,34.077047829999998
7205026,2016,2016-03-21,1942,2016-03-09,2035,37575,1488,3,5,7,1942,0,0,0,N,0,7T23,"ARBOR VITAE","AIRPORT BL",43.00,W,N,A,-,N,,,,,,,,,,N,3,0,2,2,A,-,01,23152,A,N,B,C,A,A,H,-,C,A,0,,,,,Y,Y,A,01,0,1,1,0,0,0,0,0,0,"- ","- ",,,"LOS ANGELES","LOS ANGELES",-118.38587,33.952660000000002
7206274,2016,2016-03-22,1913,2016-02-29,2146,3679,67,1,5,4,1913,0,0,0,,0,004,"MONTE VISTA AV","SHENANDOAH DR",948.00,N,N,A,-,N,,,,,,,,,,Y,4,0,2,2,A,-,01,23153,A,N,-,C,A,A,H,-,C,D,0,,,,,Y,Y,A,01,0,0,2,0,0,0,0,0,0,"- ","- ",,,"LOS ANGELES",CLAREMONT,-117.69837305999999,34.120329490000003
7206917,2016,2016-03-23,1942,2016-02-21,1540,40440,0558,7,5,7,1942,0,0,0,E,0,12TL73,"HARBOR BL","6TH ST",213.00,N,N,A,-,N,,,,,,,,,,Y,2,0,3,1,A,-,01,23152,A,N,E,I,A,A,H,-,A,D,0,,,,,Y,Y,A,01,1,2,0,0,0,0,0,0,0,"- ","- ",,,"LOS ANGELES","LOS ANGELES",-118.27990581,33.739364039999998
7207070,2016,2016-03-23,1942,2016-03-09,1820,41941,1863,3,5,7,1942,0,0,0,R,0,18A26,"AVALON BL","118TH ST",280.00,N,N,A,-,N,,,,,,,,,,N,2,0,1,2,A,-,11,21954,A,F,G,B,D,A,H,-,C,D,0,Y,,,,Y,Y,N,60,1,0,0,0,1,0,0,0,0,"- ","- ",,,"LOS ANGELES","LOS ANGELES",-118.26519999999999,33.927227899999998
7207118,2016,2016-03-24,1942,2016-03-03,2030,39991,585,4,5,7,1942,0,0,0,,0,5G62,"ALMA AV","25TH ST",0.00,,Y,A,-,N,,,,,,,,,,Y,3,0,2,2,A,-,12,21453,A,F,D,C,A,A,H,-,C,A,0,,,,,Y,Y,A,01,0,1,1,0,0,0,0,0,0,"- ","- ",,,"LOS ANGELES","LOS ANGELES",-118.29906010000001,33.721570059999998
7208956,2016,2016-03-16,1942,2016-02-21,2045,41945,0721,7,5,7,1942,0,0,0,G,0,7A53,"SAN VICENTE","BURTON WY",0.00,,Y,A,-,N,,,,,,,,,,N,3,0,1,2,A,-,12,21453,A,N,H,G,A,A,H,-,C,A,0,,Y,,,Y,Y,L,04,0,1,0,0,0,0,1,0,0,"- ","- ",,,"LOS ANGELES","LOS ANGELES",-118.37724003,34.072020080000001
7209858,2016,2016-03-23,1942,2016-02-20,0455,38687,1987,6,5,7,1942,0,0,0,,0,19TL77,"PARTHENIA ST","STANSBURY AV",80.00,W,N,A,-,N,,,,,,,,,,Y,3,0,3,3,A,-,01,23152,A,N,A,E,A,A,H,-,C,D,0,,,,,Y,Y,A,07,0,3,0,0,0,0,0,0,0,"- ","- ",,,"LOS ANGELES","LOS ANGELES",-118.44483701999999,34.229519230000001
7209906,2016,2016-03-23,1900,2016-02-29,0715,531094,0975,1,5,4,1979,0,0,0,,0,92T1,"SANTA MONICA BL","LA JOLLA AV",10.00,W,N,B,-,N,,,,,,,,,,Y,4,0,1,1,A,-,01,23152,E,N,E,I,A,A,H,-,A,D,0,,,,,Y,Y,A,01,0,0,1,0,0,0,0,0,0,"- ","- ",,,"LOS ANGELES","WEST HOLLYWOOD",-118.36814291,34.090748429999998
8000365,2016,2016-03-30,1942,2016-03-19,0310,35330,1494,6,5,7,1942,0,0,0,N,0,14A13,"100TH AV","IMPERIAL HWY",0.00,,Y,A,-,N,,,,,,,,,,Y,3,0,2,2,A,-,01,23152,A,N,A,D,A,A,H,-,C,A,0,,,,,Y,Y,A,07,0,1,1,0,0,0,0,0,0,"- ","- ",,,"LOS ANGELES","LOS ANGELES",,
8000710,2016,2016-04-05,1928,2016-02-22,0939,310,515,1,5,5,1928,0,0,0,,0,0H3,"HAWTHORN BL","130TH ST",45.00,S,N,A,-,N,,,,,,,,,,N,4,0,1,3,A,-,03,22350,,N,C,C,A,A,H,-,A,D,0,,,,,Y,Y,D,22,0,0,1,0,0,0,0,0,0,"- ","- ",33.914560000000002,-118.35256,"LOS ANGELES",HAWTHORNE,-118.352512,33.914425000000001
8001581,2016,2016-04-04,1942,2016-03-24,2140,36602,0721,4,5,7,1942,0,0,0,G,0,7T23,"LA CIENEGA BL","SAN VICENTE BL",0.00,,Y,A,-,N,,,,,,,,,,Y,3,0,3,3,A,-,01,23152,A,N,C,C,A,A,H,-,C,A,0,,,,,Y,Y,A,07,0,1,2,0,0,0,0,0,0,"- ","- ",,,"LOS ANGELES","LOS ANGELES",-118.37639,34.071270069999997
8001608,2016,2016-04-05,1942,2016-02-21,1310,39321,1189,7,5,7,1942,0,0,0,K,0,11L90,"FIGUEROA BL","AVENUE 26",0.00,,Y,A,-,N,,,,,,,,,,N,4,0,1,2,-,-,"- ",,,M,C,C,A,A,H,-,A,A,0,,,,,Y,Y,-,"- ",0,0,1,0,0,0,0,0,0,"- ","- ",,,"LOS ANGELES","LOS ANGELES",-118.2224501,34.083850030000001
8002379,2016,2016-03-30,1942,2016-03-14,0130,41938,0256,1,5,7,1942,0,0,0,B,0,2A47,"WILSHIRE BL","WESTLAKE AV",0.00,,Y,A,-,N,,,,,,,,,,Y,4,0,1,2,A,-,12,21453,A,F,D,C,A,A,H,-,A,A,0,,,,,Y,Y,-,"- ",0,0,1,0,0,0,0,0,0,"- ","- ",,,"LOS ANGELES","LOS ANGELES",-118.27472,34.057380070000001
8002944,2016,2016-04-01,1900,2016-03-13,0050,506937,0647,7,5,6,1985,0,0,0,,0,62TIE,"SOLEDAD CANYON RD","BOUQUET CANYON RD",400.00,E,N,A,-,N,,,,,,,,,,Y,2,0,1,1,A,-,01,23152,A,N,E,I,A,A,H,-,C,D,0,,,,,Y,Y,A,01,1,0,0,0,0,0,0,0,0,"- ","- ",,,"LOS ANGELES","SANTA CLARITA",-118.53980697999999,34.422345559999997
8003139,2016,2016-03-28,1942,2016-03-14,0610,41858,397,1,5,7,1942,0,0,0,,0,3A73,"MARTIN LUTHER KING BL","NORMANDIE AV",0.00,,Y,A,B,N,,,,,,,,,,N,3,0,1,2,A,-,11,21456,A,N,A,B,B,D,H,-,C,A,0,Y,,,,Y,Y,N,60,0,1,0,0,1,0,0,0,0,"- ","- ",,,"LOS ANGELES","LOS ANGELES",-118.30018003000001,34.010870089999997
8003683,2016,2016-03-30,1902,2016-03-17,0817,640,21,4,5,5,1902,0,0,0,,0,004,"HUNTINGTON DR","SUNSET BL",40.00,W,N,A,-,N,,,,,,,,,,N,4,0,1,3,A,-,03,22350,,N,C,C,A,A,H,-,A,A,0,,,,,Y,Y,-,,0,0,1,0,0,0,0,0,0,"- ","- ",,,"LOS ANGELES",ARCADIA,-118.06528123,34.131069060000002