CASE_ID,ACCIDENT_YEAR,PROC_DATE,JURIS,COLLISION_DATE,COLLISION_TIME,OFFICER_ID,REPORTING_DISTRICT,DAY_OF_WEEK,CHP_SHIFT,POPULATION,CNTY_CITY_LOC,SPECIAL_COND,BEAT_TYPE,CHP_BEAT_TYPE,CITY_DIVISION_LAPD,CHP_BEAT_CLASS,BEAT_NUMBER,PRIMARY_RD,SECONDARY_RD,DISTANCE,DIRECTION,INTERSECTION,WEATHER_1,WEATHER_2,STATE_HWY_IND,CALTRANS_COUNTY,CALTRANS_DISTRICT,STATE_ROUTE,ROUTE_SUFFIX,POSTMILE_PREFIX,POSTMILE,LOCATION_TYPE,RAMP_INTERSECTION,SIDE_OF_HWY,TOW_AWAY,COLLISION_SEVERITY,NUMBER_KILLED,NUMBER_INJURED,PARTY_COUNT,PRIMARY_COLL_FACTOR,PCF_CODE_OF_VIOL,PCF_VIOL_CATEGORY,PCF_VIOLATION,PCF_VIOL_SUBSECTION,HIT_AND_RUN,TYPE_OF_COLLISION,MVIW,PED_ACTION,ROAD_SURFACE,ROAD_COND_1,ROAD_COND_2,LIGHTING,CONTROL_DEVICE,CHP_ROAD_TYPE,PEDESTRIAN_ACCIDENT,BICYCLE_ACCIDENT,MOTORCYCLE_ACCIDENT,TRUCK_ACCIDENT,NOT_PRIVATE_PROPERTY,ALCOHOL_INVOLVED,STWD_VEHTYPE_AT_FAULT,CHP_VEHTYPE_AT_FAULT,COUNT_SEVERE_INJ,COUNT_VISIBLE_INJ,COUNT_COMPLAINT_PAIN,COUNT_PED_KILLED,COUNT_PED_INJURED,COUNT_BICYCLIST_KILLED,COUNT_BICYCLIST_INJURED,COUNT_MC_KILLED,COUNT_MC_INJURED,PRIMARY_RAMP,SECONDARY_RAMP,LATITUDE,LONGITUDE,COUNTY,CITY,POINT_X,POINT_Y
8003751,2016,2016-03-29,1942,2016-03-19,2330,35024,0134,6,5,7,1942,0,0,0,A,0,1A29,BROADWAY,"4TH ST",18.00,S,N,A,-,N,,,,,,,,,,N,4,0,1,3,A,-,01,23153,A,F,C,C,A,A,H,-,C,A,0,,,,,Y,Y,A,01,0,0,1,0,0,0,0,0,0,"- ","- ",,,"LOS ANGELES","LOS ANGELES",-118.24942,34.049464
8004036,2016,2016-03-29,1942,2016-03-11,0230,37686,0914,5,5,7,1942,0,0,0,I,0,19T76,"VAN NUYS BL","VOSE ST",0.00,,Y,C,-,N,,,,,,,,,,N,4,0,1,2,A,-,12,21453,A,N,D,C,A,B,H,-,A,A,0,,,,,Y,Y,A,07,0,0,1,0,0,0,0,0,0,"- ","- ",,,"LOS ANGELES","LOS ANGELES",-118.44879011,34.198450080000001
8004110,2016,2016-03-29,1942,2016-03-16,1550,39600,2118,3,5,7,1942,0,0,0,,0,21X39,"SATICOY ST","MASON AV",30.00,E,N,A,-,N,,,,,,,,,,N,3,0,1,2,A,-,11,21955,,F,B,B,D,A,H,-,A,A,0,Y,,,,Y,Y,N,60,0,1,0,0,1,0,0,0,0,"- ","- ",,,"LOS ANGELES","LOS ANGELES",-118.57962098,34.20834215
8004995,2016,2016-03-30,1918,2016-01-07,1814,804,,4,5,4,1918,0,0,0,,0,2M7,"WASHINGTON PL","CENTINELLA AV",360.00,E,N,A,-,N,,,,,,,,,,N,4,0,1,2,A,-,01,23153,B,N,C,C,A,A,H,-,C,D,0,,,,,Y,Y,A,01,0,0,1,0,0,0,0,0,0,"- ","- ",33.99944,-118.43031999999999,"LOS ANGELES","CULVER CITY",-118.42930885,33.999935569999998
8005227,2016,2016-03-30,1942,2016-03-12,0155,39058,2022,6,5,7,1942,0,0,0,,0,20T59,"WESTERN AV","5TH ST",124.00,N,N,A,-,N,,,,,,,,,,Y,2,0,1,2,A,-,11,21950,B,N,G,B,D,A,H,-,C,D,0,Y,,,,Y,Y,N,60,1,0,0,0,1,0,0,0,0,"- ","- ",,,"LOS ANGELES","LOS ANGELES",-118.30911,34.065648000000003
8005997,2016,2016-03-24,1942,2016-02-27,1415,27194,0909,6,5,7,1942,0,0,0,I,0,9A1,"SHERMAN WY","WOODMAN AV",150.00,E,N,A,-,N,,,,,,,,,,Y,3,0,1,3,A,-,05,21650,,N,B,E,A,A,H,-,A,D,0,,,,,Y,Y,A,07,0,1,0,0,0,0,0,0,0,"- ","- ",,,"LOS ANGELES","LOS ANGELES",-118.43074482999999,34.201189999999997
8007081,2014,2016-04-01,1920,2014-08-03,0300,10186,,7,5,6,1920,0,0,0,,0,,"LAKEWOOD BL","FIRESTONE BL",30.00,S,N,B,-,N,,,,,,,,,,Y,4,0,1,2,A,-,01,23152,A,N,D,C,A,B,H,-,C,A,0,,,,,Y,Y,A,01,0,0,1,0,0,0,0,0,0,"- ","- ",,,"LOS ANGELES",DOWNEY,-118.12406586,33.935457159999999
8007368,2015,2016-04-07,1924,2015-12-31,1847,115237,11,4,5,5,1924,0,0,0,,0,002,"VERMONT AV","133RD ST",5.00,S,N,A,-,N,,,,,,,,,,N,2,0,1,2,A,-,11,21950,B,N,G,B,B,A,H,-,C,D,0,Y,,,,Y,Y,N,60,1,0,0,0,1,0,0,0,0,"- ","- ",,,"LOS ANGELES",GARDENA,-118.29189,33.911836289999997
8008449,2016,2016-05-24,1942,2016-03-16,1950,37672,0261,3,5,7,1942,0,0,0,B,0,2A2,"HOOVER BL","8TH ST",42.00,S,N,A,-,N,,,,,,,,,,N,4,0,1,2,A,-,05,21650,,N,A,G,A,A,H,-,C,A,0,,Y,,,Y,Y,L,04,0,0,1,0,0,0,1,0,0,"- ","- ",,,"LOS ANGELES","LOS ANGELES",-118.28421410999999,34.057594860000002
8009033,2015,2016-06-03,1926,2015-06-20,1557,3836,,6,5,5,1926,0,0,0,,0,002,"RT 66",VECINO,21.00,E,N,A,-,N,,,,,,,,,,Y,4,0,2,2,A,-,01,23153,A,N,C,C,A,A,H,-,A,A,0,,,,,Y,Y,D,22,0,0,2,0,0,0,0,0,0,"- ","- ",,,"LOS ANGELES",GLENDORA,-117.87694078,34.128790950000003
8009426,2016,2016-04-12,1942,2016-03-13,2259,40065,1967,7,5,7,1942,0,0,0,,0,35Q42,"NORDHOFF ST","OSBORNE ST",670.00,W,N,A,-,N,,,,,,,,,,Y,4,0,1,2,A,-,01,23152,A,N,C,E,A,A,H,-,C,D,0,,,,Y,Y,Y,A,01,0,0,1,0,0,0,0,0,0,"- ","- ",,,"LOS ANGELES","LOS ANGELES",-118.43765078,34.235320000000002
8010872,2016,2016-04-06,1942,2016-03-28,2015,39546,2027,1,5,7,1942,0,0,0,,0,6T7-W3,"NORMANDIE AV","6TH ST",15.00,S,N,A,-,N,,,,,,,,,,Y,4,0,1,2,A,-,01,23152,A,N,C,C,A,A,H,-,C,A,0,,,,,Y,Y,A,07,0,0,1,0,0,0,0,0,0,"- ","- ",,,"LOS ANGELES","LOS ANGELES",-118.30037,34.063558860000001
8011303,2016,2016-04-08,1975,2016-03-02,1904,390,,3,5,6,1975,0,0,0,,0,001,"AZUSA AV","ROWLAND AV",130.00,N,N,A,-,N,,,,,,,,,,N,4,0,5,3,A,-,03,22350,A,N,C,C,A,A,H,-,C,A,0,,,,,Y,Y,-,,0,0,5,0,0,0,0,0,0,"- ","- ",,,"LOS ANGELES","WEST COVINA",-117.90779999999999,34.079546389999997
8011841,2016,2016-04-12,1900,2016-03-20,2355,525203,1517,7,5,5,1954,0,0,0,,0,15173,"PASSONS BL","RIVERA RD",9.00,N,N,A,-,N,,,,,,,,,,Y,4,0,1,1,A,-,01,23152,A,N,A,I,A,A,H,-,C,A,0,,,,,Y,Y,A,07,0,0,1,0,0,0,0,0,0,"- ","- ",,,"LOS ANGELES","PICO RIVERA",-118.09552861,33.970112780000001
8012136,2016,2016-04-05,1956,2016-03-24,1958,1234,65,4,5,5,1956,0,0,0,,0,005,"INGLEWOOD AV","MANHATTAN BEACH BL",0.00,,Y,A,-,N,,,,,,,,,,Y,3,0,1,1,A,-,01,23152,A,N,E,I,A,A,H,-,C,A,0,,,,,Y,Y,A,01,0,1,0,0,0,0,0,0,0,"- ","- ",,,"LOS ANGELES","REDONDO BEACH",-118.36134013,33.887430019999996
8012436,2016,2016-04-08,1900,2016-03-15,0300,288366,2310,2,5,5,1919,0,0,0,,0,,"ROSE ST","MAPES AV",25.00,E,N,A,-,N,,,,,,,,,,Y,3,0,1,1,A,-,01,23152,A,N,E,I,A,A,H,-,C,D,0,,,,,Y,Y,A,01,0,1,0,0,0,0,0,0,0,"- ","- ",,,"LOS ANGELES",CERRITOS,-118.09229128,33.869679679999997
8013163,2016,2016-04-12,1942,2016-04-03,0215,42268,0702,7,5,7,1942,0,0,0,G,0,7A21,"MELROSE AV","FULLER AV",9.00,E,N,A,-,N,,,,,,,,,,Y,4,0,2,2,A,-,01,23152,A,N,C,C,A,A,H,-,C,D,0,,,,,Y,Y,A,01,0,0,2,0,0,0,0,0,0,"- ","- ",,,"LOS ANGELES","LOS ANGELES",-118.34982033999999,34.083569490000002
8013791,2016,2016-04-15,1942,2016-03-23,0340,37618,1266,3,5,7,1942,0,0,0,L,0,3TL5,"80TH ST","GRAND AV",200.00,E,N,A,-,N,,,,,,,,,,N,3,0,1,2,A,-,11,21956,A,F,G,B,E,A,H,-,C,D,0,Y,,,,Y,Y,N,60,0,1,0,0,1,0,0,0,0,"- ","- ",,,"LOS ANGELES","LOS ANGELES",-118.27966169,33.966909999999999
8014508,2016,2016-04-25,1942,2016-04-17,0230,41198,1961,7,5,7,1942,0,0,0,,0,16T23,"SEPULVEDA BL","PLUMMER ST",613.00,N,N,A,-,N,,,,,,,,,,Y,3,0,3,6,A,-,01,23152,A,N,D,C,A,A,H,-,C,A,0,,,,,Y,Y,A,07,0,3,0,0,0,0,0,0,0,"- ","- ",,,"LOS ANGELES","LOS ANGELES",-118.46762094,34.244471349999998
8014640,2016,2016-04-28,1942,2016-03-27,2320,40237,0376,7,5,7,1942,0,0,0,C,0,18T23,"WESTERN AV","W MARTIN LUTHER KING JR BL",41.00,N,N,A,-,N,,,,,,,,,,N,3,0,1,2,A,-,11,21954,A,F,G,B,E,A,H,-,C,D,0,Y,,,,Y,Y,N,60,0,1,0,0,1,0,0,0,0,"- ","- ",,,"LOS ANGELES","LOS ANGELES",-118.30892796000001,34.010962429999999
8014805,2016,2016-04-06,1942,2016-03-03,2300,36565,1695,4,5,7,1942,0,0,0,P,0,16A99,"VINELAND AV","KESWICK ST",0.00,,Y,A,-,N,,,,,,,,,,Y,4,0,1,3,A,-,08,22107,,N,B,E,A,A,H,-,C,D,0,,,,,Y,Y,A,01,0,0,1,0,0,0,0,0,0,"- ","- ",,,"LOS ANGELES","LOS ANGELES",-118.37033,34.210190040000001
8015727,2016,2016-04-07,1922,2016-03-15,2037,604,,2,5,6,1922,0,0,0,,0,,"SANTA ANITA",VALLEY,0.00,,Y,A,-,N,,,,,,,,,,N,3,0,1,2,A,-,05,21650,1,F,D,G,A,A,H,-,B,D,0,,Y,,,Y,Y,L,04,0,1,0,0,0,0,1,0,0,"- ","- ",,,"LOS ANGELES","EL MONTE",-118.04132004,34.075840100000001
8015735,2016,2016-04-07,1922,2016-03-19,0756,655,,6,5,6,1922,0,0,0,,0,,"FOREST GROVE",PECK,0.00,E,-,A,-,N,,,,,,,,,,N,3,0,1,2,A,-,21,22106,,N,C,B,E,A,H,-,A,D,0,Y,,,,Y,Y,A,01,0,1,0,0,1,0,0,0,0,"- ","- ",,,"LOS ANGELES","EL MONTE",-118.02196006,34.075980049999998
8016251,2016,2016-04-15,1955,2016-03-29,2154,42045,0030,2,5,6,1955,0,0,0,,0,002,"GAREY AV","GROVE ST",0.00,,Y,A,-,N,,,,,,,,,,Y,3,0,1,2,A,-,01,23152,A,M,D,C,A,A,H,-,A,A,0,,,,,Y,Y,A,07,0,1,0,0,0,0,0,0,0,"- ","- ",,,"LOS ANGELES",POMONA,-117.74860013999999,34.10319002
8016378,2016,2016-04-14,1942,2016-04-05,0255,37304,1596,2,5,7,1942,0,0,0,O,0,9T53,"VENTURA BL","VINELAND AV",50.00,E,N,A,-,N,,,,,,,,,,Y,3,0,1,1,A,-,01,23152,A,N,E,I,A,A,H,-,C,D,0,,,Y,,Y,Y,C,02,0,1,0,0,0,0,0,0,1,"- ","- ",,,"LOS ANGELES","LOS ANGELES",-118.37006052,34.140392040000002
8016788,2016,2016-04-12,1942,2016-03-24,2015,36801,1596,4,5,7,1942,0,0,0,O,0,10T35,"VENTURA BL","VINELAND AV",20.00,E,N,A,-,N,,,,,,,,,,N,3,0,1,2,A,-,10,21950,,N,G,B,B,A,H,-,C,A,0,Y,,,,Y,Y,A,01,0,1,0,0,1,0,0,0,0,"- ","- ",,,"LOS ANGELES","LOS ANGELES",-118.37015021000001,34.140426820000002
8017498,2016,2016-04-19,1942,2016-04-08,1340,39355,1902,5,5,7,1942,0,0,0,,0,21TL62,"FOOTHILL BL","POLK ST",20.00,N,N,C,-,N,,,,,,,,,,N,4,0,1,3,A,-,03,22350,,F,C,C,A,B,H,-,A,A,0,,,,,Y,Y,-,99,0,0,1,0,0,0,0,0,0,"- ","- ",,,"LOS ANGELES","LOS ANGELES",-118.44083759,34.315588079999998
8017885,2016,2016-04-26,1942,2016-03-24,1800,39889,0469,4,5,7,1942,0,0,0,D,0,2T28,"LORENA ST","CESAR E CHAVEZ AV",900.00,S,N,A,-,N,,,,,,,,,,N,4,0,1,2,A,-,01,23152,A,N,B,C,A,A,H,-,A,D,0,,,,,Y,Y,D,23,0,0,1,0,0,0,0,0,0,"- ","- ",,,"LOS ANGELES","LOS ANGELES",-118.19442711000001,34.038118779999998
8018581,2016,2016-05-02,1942,2016-03-27,0150,40643,1385,7,5,7,1942,0,0,0,M,0,13T53,"AVALON BL","GAGE AV",0.00,,Y,A,-,N,,,,,,,,,,Y,4,0,4,2,A,-,01,23152,A,N,D,C,A,A,H,-,C,A,0,,,,,Y,Y,A,01,0,0,4,0,0,0,0,0,0,"- ","- ",,,"LOS ANGELES","LOS ANGELES",-118.26519011000001,33.982480119999998
8018632,2016,2016-04-27,1942,2016-04-08,2120,25495,0743,5,5,7,1942,0,0,0,G,0,7T23,"OLYMPIC BL","BURNSIDE AV",95.00,W,N,A,-,N,,,,,,,,,,Y,4,0,1,2,A,-,01,23152,A,N,C,E,A,A,H,-,C,D,0,,,,,Y,Y,A,01,0,0,1,0,0,0,0,0,0,"- ","- ",,,"LOS ANGELES","LOS ANGELES",-118.35172295,34.05736666
8018671,2016,2016-07-26,1900,2016-04-16,0236,453085,2111,6,5,5,1943,0,0,0,,0,212T4,"ALAMEDA ST","103RD ST",600.00,S,N,A,-,N,,,,,,,,,,Y,4,0,1,2,A,-,03,22350,,M,C,E,A,A,H,-,C,D,0,,,,,Y,Y,A,,0,0,1,0,0,0,0,0,0,"- ","- ",,,"LOS ANGELES",LYNWOOD,-118.22755689,33.941465379999997
8019625,2016,2016-04-19,1942,2016-04-05,1330,40185,1457,2,5,7,1942,0,0,0,N,0,14A27,"CENTINELLA AV","BRADDOCK DR",0.00,,Y,A,-,N,,,,,,,,,,Y,3,0,1,2,A,-,12,21453,A,N,D,C,A,A,H,-,A,A,0,,,,,Y,Y,A,01,0,1,0,0,0,0,0,0,0,"- ","- ",,,"LOS ANGELES","LOS ANGELES",-118.41913002,33.989600029999998
8020621,2016,2016-04-13,1928,2016-03-31,1818,371,503,4,5,5,1928,0,0,0,,0,502,"YORK AV",BROADWAY,80.00,N,N,A,-,N,,,,,,,,,,N,4,0,1,2,A,-,01,23152,A,N,B,E,A,A,H,-,A,D,0,,,Y,,Y,Y,A,01,0,0,1,0,0,0,0,0,1,"- ","- ",33.920059999999999,-118.34501,"LOS ANGELES",HAWTHORNE,-118.34501118999999,33.92027942
8021988,2016,2016-04-18,1942,2016-03-20,2030,41927,1999,7,5,7,1942,0,0,0,,0,16A23,"ROSCOE BL","WOODMAN AV",0.00,,Y,A,-,N,,,,,,,,,,N,3,0,3,3,A,-,12,21453,A,M,C,C,A,A,H,-,C,A,0,,Y,,,Y,Y,L,04,0,1,2,0,0,0,0,0,0,"- ","- ",,,"LOS ANGELES","LOS ANGELES",-118.43275010000001,34.221680020000001
8022480,2016,2016-04-22,1976,2016-03-31,1950,495,,4,5,3,1964,0,0,0,,0,,"CARMENITA RD","TELEGRAPH RD",100.00,N,N,A,-,N,,,,,,,,,,Y,4,0,1,2,A,-,01,23152,A,N,C,C,A,A,H,-,C,D,0,,,,,Y,Y,D,22,0,0,1,0,0,0,0,0,0,"- ","- ",,,"LOS ANGELES","SANTA FE SPRINGS",-118.04658000000001,33.940714190000001
8025034,2016,2016-05-20,1900,2016-04-06,0946,515401,0251,3,5,4,1945,0,0,0,,0,28T,"SLAUSON AV","WOODLAWN AV",125.00,E,N,A,-,N,,,,,,,,,,Y,4,0,1,1,A,-,07,21658,A,N,C,E,A,A,H,-,A,D,0,,,,,Y,Y,D,22,0,0,1,0,0,0,0,0,0,"- ","- ",,,"LOS ANGELES",MAYWOOD,-118.17614168999999,33.986207469999997
8026209,2015,2017-02-02,1918,2015-11-25,0128,30575,9999,3,5,4,1918,0,0,0,,0,6D251,"VENICE BL","GIRARD AV",93.00,W,N,B,-,Y,LA,7,187,-,-,6.330,H,-,E,N,2,0,1,1,A,-,01,21200,5,N,H,J,A,B,D,G,C,D,0,,Y,,,Y,Y,L,04,1,0,0,0,0,0,1,0,0,"- ","- ",,,"LOS ANGELES","CULVER CITY",-118.41116765,34.016177509999999
8027860,2016,2016-04-26,1942,2016-04-19,2030,38687,2125,2,5,7,1942,0,0,0,,0,19TL73,"CANOGA AV","SATICOY ST",40.00,N,N,A,-,N,,,,,,,,,,Y,3,0,3,2,A,-,01,23152,A,N,C,C,A,A,H,-,C,D,0,,,,,Y,Y,A,01,0,2,1,0,0,0,0,0,0,"- ","- ",,,"LOS ANGELES","LOS ANGELES",-118.59751,34.208429729999999
8028428,2016,2016-05-20,1942,2016-05-11,0430,38687,1905,3,5,7,1942,0,0,0,,0,15T45,"GLADSTONE AV","ASTORIA ST",22.00,N,N,A,-,N,,,,,,,,,,N,3,0,1,1,A,-,01,23152,A,M,E,I,A,A,H,-,C,D,0,,,,,Y,Y,A,01,0,1,0,0,0,0,0,0,0,"- ","- ",,,"LOS ANGELES","LOS ANGELES",-118.43435322000001,34.315511119999996
8028615,2016,2016-05-24,1947,2016-04-02,0410,1393,,6,5,5,1947,0,0,0,,0,00C,"AVENIDA DE LA MERCED","3RD ST",120.00,E,N,A,-,N,,,,,,,,,,Y,3,0,1,1,A,-,01,23152,,N,E,I,A,A,H,-,D,D,0,,,,,Y,Y,-,"- ",0,1,0,0,0,0,0,0,0,"- ","- ",34.023229999999998,-118.09799,"LOS ANGELES",MONTEBELLO,-118.09850530999999,34.023084570000002
8028703,2016,2016-05-24,1956,2016-05-15,0400,1262,664,7,5,5,1956,0,0,0,,0,005,"ROBINSON ST","ROBINSON ST 2701",20.00,N,N,A,-,N,,,,,,,,,,Y,3,0,1,1,A,-,01,23152,A,M,A,I,A,A,H,-,C,D,0,,,,,Y,Y,A,01,0,1,0,0,0,0,0,0,0,"- ","- ",,,"LOS ANGELES","REDONDO BEACH",,
8029533,2016,2016-05-12,1955,2016-04-21,1923,42081,0094,4,5,6,1955,0,0,0,,0,004,"TOWNE AV","PHILLIPS BL",36.00,N,N,A,-,N,,,,,,,,,,N,3,0,1,2,A,-,11,21954,A,N,B,B,D,A,H,-,B,A,0,Y,,,,Y,Y,N,60,0,1,0,0,1,0,0,0,0,"- ","- ",,,"LOS ANGELES",POMONA,-117.74094346,34.044518629999999
8033164,2016,2016-09-26,1942,2016-03-16,1235,40393,1846,3,5,7,1942,0,0,0,R,0,18T23,"CENTRAL AV","112TH ST",0.00,,Y,A,-,N,,,,,,,,,,N,3,0,1,2,A,-,12,21453,A,F,G,B,B,A,H,-,A,A,0,Y,,,,Y,Y,-,99,0,1,0,0,1,0,0,0,0,"- ","- ",,,"LOS ANGELES","LOS ANGELES",-118.25424012000001,33.933120039999999
8033440,2016,2016-05-09,1942,2016-04-27,0020,41198,1024,3,5,7,1942,0,0,0,J,0,16T23,"RESEDA BL","HART ST",2.00,S,N,A,-,N,,,,,,,,,,Y,4,0,1,2,A,-,01,23152,A,N,B,C,A,A,-,-,C,A,0,,,,,Y,Y,A,01,0,0,1,0,0,0,0,0,0,"- ","- ",,,"LOS ANGELES","LOS ANGELES",-118.53605,34.197644510000003
8034016,2016,2016-05-11,1942,2016-04-22,2120,32820,0429,5,5,7,1942,0,0,0,D,0,4A9,"NAVARRO ST","LINDA VISTA TER",50.00,W,N,A,-,N,,,,,,,,,,Y,4,0,1,3,A,-,01,23152,A,N,B,E,A,A,H,-,C,D,0,,,,,Y,Y,A,01,0,0,1,0,0,0,0,0,0,"- ","- ",,,"LOS ANGELES","LOS ANGELES",-118.17060404,34.087416879999999
8034124,2016,2016-05-11,1942,2016-04-27,1930,37304,1028,3,5,7,1942,0,0,0,J,0,9T53,"BALBOA AV","SHERMAN WY",675.00,S,N,A,-,N,,,,,,,,,,Y,4,0,1,2,A,-,01,23152,A,N,B,E,A,A,H,-,B,D,0,,,,,Y,Y,A,01,0,0,1,0,0,0,0,0,0,"- ","- ",,,"LOS ANGELES","LOS ANGELES",-118.50110539000001,34.199378600000003
8034128,2016,2016-06-21,1942,2016-04-30,2015,38124,1321,6,5,7,1942,0,0,0,M,0,13T55,"MAPLE AV","E 24TH ST",0.00,S,N,A,-,N,,,,,,,,,,N,4,0,1,2,A,-,01,23152,A,F,C,C,A,A,H,-,C,D,0,,,,,Y,Y,A,01,0,0,1,0,0,0,0,0,0,"- ","- ",,,"LOS ANGELES","LOS ANGELES",-118.26440012,34.025100029999997
8034926,2016,2017-02-11,1942,2016-04-23,0400,41799,0514,6,5,7,1942,0,0,0,E,0,5A85,"PACIFIC COAST HWY","WILMINGTON BL",0.00,,Y,A,-,Y,LA,7,1,-,-,11.208,I,5,N,Y,4,0,1,2,A,-,12,21453,A,F,D,C,A,A,H,-,C,A,0,,,,,Y,Y,A,01,0,0,1,0,0,0,0,0,0,"- ","- ",,,"LOS ANGELES","LOS ANGELES",-118.27509505,33.790592719999999
8035831,2016,2016-05-05,1941,2016-04-24,2045,10761,,7,5,7,1941,0,0,0,,0,,"MARTIN LUTHER KING JR AV",17TH,135.00,N,N,A,-,N,,,,,,,,,,N,2,0,1,2,A,-,"- ",,,F,G,G,A,A,H,-,C,A,0,,Y,,,Y,Y,A,,1,0,0,0,0,0,1,0,0,"- ","- ",,,"LOS ANGELES","LONG BEACH",-118.18066158000001,33.788440139999999
8036096,2016,2016-05-03,1900,2016-04-22,2010,600125,1133,5,5,6,1992,0,0,0,,0,112T2,"AVENUE J","3RD ST EAST",0.00,,Y,A,G,N,,,,,,,,,,N,4,0,1,2,A,-,09,21802,A,N,D,G,A,A,H,-,C,A,0,,Y,,,Y,Y,L,04,0,0,1,0,0,0,1,0,0,"- ","- ",,,"LOS ANGELES",LANCASTER,-118.12640008,34.68947009
8036104,2016,2016-05-03,1900,2016-04-18,2227,546182,1192,1,5,6,1992,0,0,0,,0,111T1,"AVENUE L","22ND ST W",322.00,W,N,A,-,N,,,,,,,,,,Y,3,0,2,2,A,-,01,23152,A,N,C,C,A,A,H,-,C,A,0,,,,,Y,Y,A,01,0,2,0,0,0,0,0,0,0,"- ","- ",,,"LOS ANGELES",LANCASTER,-118.17119852,34.660345620000001
8036451,2016,2016-05-05,1942,2016-04-03,0300,41092,0311,7,5,7,1942,0,0,0,C,0,18T23,"SMILEY DR","HAUSER BL",550.00,E,N,A,-,N,,,,,,,,,,N,3,0,1,4,A,-,01,23152,A,N,C,E,A,A,H,-,C,D,0,,,,,Y,Y,A,01,0,1,0,0,0,0,0,0,0,"- ","- ",,,"LOS ANGELES","LOS ANGELES",-118.36213078,34.028949820000001
8036620,2016,2016-05-09,1942,2016-04-20,2500,38996,1989,3,5,7,1942,0,0,0,,0,16TL25,"SHELDON ST","ARLETA AV",5.00,E,N,A,-,N,,,,,,,,,,N,3,0,1,2,D,-,00,,,N,B,G,A,A,H,-,A,A,0,,Y,,,Y,Y,-,"- ",0,1,0,0,0,0,1,0,0,"- ","- ",,,"LOS ANGELES","LOS ANGELES",-118.41117585000001,34.227497069999998
8036955,2016,2016-05-10,1900,2016-04-16,2211,510899,2612,6,5,6,1950,0,0,0,,0,264T1,"10TH ST W","BEECHDALE DR",780.00,N,N,A,-,N,,,,,,,,,,N,3,0,1,2,A,-,11,21954,A,N,G,B,D,A,H,-,C,A,0,Y,,,,Y,Y,N,60,0,1,0,0,1,0,0,0,0,"- ","- ",,,"LOS ANGELES",PALMDALE,-118.14763000000001,34.597498700000003
8036960,2016,2016-05-10,1900,2016-04-20,2222,524226,2313,3,5,5,1919,0,0,0,,0,230B,"195TH ST","GRIDLEY RD",0.00,,Y,A,-,N,,,,,,,,,,Y,4,0,1,2,A,-,12,21453,A,N,D,C,A,A,H,-,C,A,0,,,,,Y,Y,A,01,0,0,1,0,0,0,0,0,0,"- ","- ",,,"LOS ANGELES",CERRITOS,-118.0908201,33.853350020000001
8037120,2016,2016-05-11,1975,2016-04-28,2103,434,,4,5,6,1975,0,0,0,,0,002,"CITRUS AV","CAMERON AV",0.00,,Y,A,-,N,,,,,,,,,,Y,4,0,1,2,A,-,01,23153,A,F,C,C,A,A,H,-,C,A,0,,,,,Y,Y,A,01,0,0,1,0,0,0,0,0,0,"- ","- ",,,"LOS ANGELES","WEST COVINA",-117.89022007,34.060930050000003
8037568,2016,2016-05-11,1941,2016-04-30,0100,5145,,6,5,7,1941,0,0,0,,0,,"PINE AV","1ST ST",0.00,,Y,A,-,N,,,,,,,,,,Y,4,0,1,2,A,-,01,23152,B,N,C,C,A,A,H,-,C,A,0,,,,,Y,Y,A,,0,0,1,0,0,0,0,0,0,"- ","- ",,,"LOS ANGELES","LONG BEACH",-118.1924101,33.768080019999999
8038545,2016,2016-05-11,1975,2016-03-16,2040,353,,3,5,6,1975,0,0,0,,0,003,"WEST COVINA PKWY","TOLUCA AV",0.00,,Y,A,-,N,,,,,,,,,,N,3,0,1,2,A,-,11,21456,B,N,G,B,B,A,H,-,C,A,0,Y,,,,Y,Y,N,60,0,1,0,0,1,0,0,0,0,"- ","- ",,,"LOS ANGELES","WEST COVINA",-117.94053006999999,34.070570009999997
8039452,2016,2016-05-25,1942,2016-05-15,1255,40928,1654,7,5,7,1942,0,0,0,P,0,16T23,"OSBORNE ST","NORRIS AV",80.00,W,N,A,-,N,,,,,,,,,,Y,2,0,1,1,A,-,01,23152,A,N,E,I,A,A,H,-,A,D,0,,,,,Y,Y,A,01,1,0,0,0,0,0,0,0,0,"- ","- ",,,"LOS ANGELES","LOS ANGELES",-118.40423925,34.258045860000003
8039472,2016,2016-05-25,1942,2016-05-12,2105,33504,1612,4,5,7,1942,0,0,0,P,0,9TL57,"BRADLEY AV","PAXTON ST",65.00,S,N,A,-,N,,,,,,,,,,N,4,0,2,2,A,-,01,23152,A,N,C,C,A,A,H,-,C,A,0,,,,,Y,Y,A,01,0,0,2,0,0,0,0,0,0,"- ","- ",,,"LOS ANGELES","LOS ANGELES",-118.42443727,34.274726790000003
8040901,2016,2017-02-11,1942,2016-05-01,1715,37613,2091,7,5,7,1942,0,0,0,,0,20T56,"RT 10","CRENSHAW BL",0.00,E,N,A,-,Y,LA,7,10,-,R,11.561,R,1,W,N,3,0,1,2,A,-,03,22350,,F,G,B,E,A,H,-,A,A,0,Y,,,,Y,Y,-,99,0,1,0,0,1,0,0,0,0,WF,"- ",,,"LOS ANGELES","LOS ANGELES",-118.33077873000001,34.03531109
8041209,2016,2016-05-26,1942,2016-04-13,2215,40971,1836,3,5,7,1942,0,0,0,R,0,12T41,"COMPTON AV","105TH ST",140.00,S,N,A,-,N,,,,,,,,,,Y,3,0,2,4,A,-,03,22350,,N,A,C,A,A,H,-,C,D,0,,,,,Y,Y,D,22,0,2,0,0,0,0,0,0,0,"- ","- ",,,"LOS ANGELES","LOS ANGELES",-118.24625936,33.940156139999999
8041257,2016,2017-02-07,1942,2016-05-06,2030,40440,0308,5,5,7,1942,0,0,0,C,0,3T57,"HOOVER ST","22ND ST",180.00,N,N,A,-,Y,LA,7,10,-,-,14.370,R,4,E,Y,4,0,3,2,A,-,01,23152,A,N,D,C,A,A,H,-,C,A,0,,,,,Y,Y,A,08,0,0,3,0,0,0,0,0,0,"- ","- ",,,"LOS ANGELES","LOS ANGELES",-118.28193348000001,34.037465509999997