CASE_ID,ACCIDENT_YEAR,PROC_DATE,JURIS,COLLISION_DATE,COLLISION_TIME,OFFICER_ID,REPORTING_DISTRICT,DAY_OF_WEEK,CHP_SHIFT,POPULATION,CNTY_CITY_LOC,SPECIAL_COND,BEAT_TYPE,CHP_BEAT_TYPE,CITY_DIVISION_LAPD,CHP_BEAT_CLASS,BEAT_NUMBER,PRIMARY_RD,SECONDARY_RD,DISTANCE,DIRECTION,INTERSECTION,WEATHER_1,WEATHER_2,STATE_HWY_IND,CALTRANS_COUNTY,CALTRANS_DISTRICT,STATE_ROUTE,ROUTE_SUFFIX,POSTMILE_PREFIX,POSTMILE,LOCATION_TYPE,RAMP_INTERSECTION,SIDE_OF_HWY,TOW_AWAY,COLLISION_SEVERITY,NUMBER_KILLED,NUMBER_INJURED,PARTY_COUNT,PRIMARY_COLL_FACTOR,PCF_CODE_OF_VIOL,PCF_VIOL_CATEGORY,PCF_VIOLATION,PCF_VIOL_SUBSECTION,HIT_AND_RUN,TYPE_OF_COLLISION,MVIW,PED_ACTION,ROAD_SURFACE,ROAD_COND_1,ROAD_COND_2,LIGHTING,CONTROL_DEVICE,CHP_ROAD_TYPE,PEDESTRIAN_ACCIDENT,BICYCLE_ACCIDENT,MOTORCYCLE_ACCIDENT,TRUCK_ACCIDENT,NOT_PRIVATE_PROPERTY,ALCOHOL_INVOLVED,STWD_VEHTYPE_AT_FAULT,CHP_VEHTYPE_AT_FAULT,COUNT_SEVERE_INJ,COUNT_VISIBLE_INJ,COUNT_COMPLAINT_PAIN,COUNT_PED_KILLED,COUNT_PED_INJURED,COUNT_BICYCLIST_KILLED,COUNT_BICYCLIST_INJURED,COUNT_MC_KILLED,COUNT_MC_INJURED,PRIMARY_RAMP,SECONDARY_RAMP,LATITUDE,LONGITUDE,COUNTY,CITY,POINT_X,POINT_Y
8949679,2019,2019-10-04,1942,2019-09-21,2140,36599,1794,6,5,7,1942,0,0,0,Q,0,17A67,"LINDLEY AV","PARTHENIA ST",635.00,E,N,A,-,N,,,,,,,,,,Y,3,0,2,2,A,-,01,23152,A,F,C,C,A,A,H,-,C,A,0,,,,,Y,Y,A,01,0,1,1,0,0,0,0,0,0,"- ","- ",,,"LOS ANGELES","LOS ANGELES",-118.52735137939453,34.228668212890625
8950319,2019,2019-10-09,1969,2019-07-24,1549,10050,42,3,5,5,1969,0,0,0,,0,004,"ALEXANDER AV","SOUTHERN AV",0.00,,Y,A,-,N,,,,,,,,,,Y,4,0,1,2,A,-,01,23152,A,N,B,E,A,A,H,-,A,D,0,,,,,Y,Y,A,01,0,0,1,0,0,0,0,0,0,"- ","- ",,,"LOS ANGELES","SOUTH GATE",-118.19355773925781,33.949710845947266
8952804,2019,2019-10-28,1942,2019-08-18,2220,39478,0182,7,5,7,1942,0,0,0,A,0,,"FIGUEROA ST","9TH ST",0.00,,Y,A,-,N,,,,,,,,,,N,4,0,2,2,A,-,04,21703,,N,C,D,A,A,H,-,C,A,0,,,,,Y,Y,A,01,0,0,2,0,0,0,0,0,0,"- ","- ",,,"LOS ANGELES","LOS ANGELES",-118.26283264160156,34.046241760253906
8954165,2019,2019-10-09,1942,2019-08-31,0100,42272,1255,6,5,7,1942,0,0,0,L,0,12A53,"FLORENCE AV","BUDLONG AV",0.00,,Y,A,-,N,,,,,,,,,,N,4,0,1,2,A,-,04,21703,,F,C,C,A,A,H,-,C,A,0,,,,,Y,Y,-,99,0,0,1,0,0,0,0,0,0,"- ","- ",,,"LOS ANGELES","LOS ANGELES",-118.29620361328125,33.974609375
8954316,2019,2019-10-10,1913,2019-07-04,2342,3679,04,4,5,4,1913,0,0,0,,0,001,"INDIAN HILL BL","SAN JOSE AV",0.00,,Y,A,-,N,,,,,,,,,,Y,3,0,1,2,A,-,12,21453,A,N,D,C,A,A,H,-,C,A,0,,,,,Y,Y,A,01,0,1,0,0,0,0,0,0,0,"- ","- ",,,"LOS ANGELES",CLAREMONT,-117.7193603515625,34.083209991455078
8956167,2019,2019-10-22,1942,2019-10-02,2335,38090,2074,3,5,7,1942,0,0,0,,0,20A71,"ROOSEVELT AV","WEST WASHINGTON BL",220.00,N,N,A,-,N,,,,,,,,,,Y,3,0,1,2,A,-,01,23152,A,N,B,C,A,A,H,-,C,D,0,,,,,Y,Y,A,01,0,1,0,0,0,0,0,0,0,"- ","- ",,,"LOS ANGELES","LOS ANGELES",-118.30180358886719,34.040584564208984
8956317,2019,2019-10-18,1942,2019-09-21,1325,38662,1821,6,5,7,1942,0,0,0,R,0,18A41,"101ST ST","DENVER AV",0.00,,Y,A,-,N,,,,,,,,,,N,3,0,1,2,A,-,11,21956,A,F,G,B,E,A,H,-,A,D,0,Y,,,,Y,Y,N,60,0,1,0,0,1,0,0,0,0,"- ","- ",,,"LOS ANGELES","LOS ANGELES",-118.28478240966797,33.944629669189453
8956587,2019,2019-10-31,1955,2019-10-08,1903,40791,22,2,5,6,1955,0,0,0,,0,002,"ARROW HWY","MERRYWOOD ST",0.00,,Y,A,-,N,,,,,,,,,,Y,3,0,3,2,A,-,01,23152,A,N,D,C,A,A,H,-,B,A,0,,,,,Y,Y,D,22,0,3,0,0,0,0,0,0,0,"- ","- ",,,"LOS ANGELES",POMONA,-117.7340087890625,34.090309143066406
8957110,2019,2019-10-18,1900,2019-08-10,1200,570667,0251,6,5,4,1945,0,0,0,,0,28T,"SLAUSON AV","MAYFLOWER AV",180.00,E,N,A,-,N,,,,,,,,,,N,4,0,1,2,A,-,08,22107,,N,C,E,A,A,H,-,A,D,0,,,,,Y,Y,A,01,0,0,1,0,0,0,0,0,0,"- ","- ",,,"LOS ANGELES",MAYWOOD,-118.1805419921875,33.986648559570312
8957491,2019,2019-10-29,1941,2019-10-06,2132,11255,,7,5,7,1941,0,0,0,,0,,"STUDEBAKER RD","SPRING ST",0.00,,Y,A,-,N,,,,,,,,,,Y,4,0,1,2,A,-,12,21453,A,M,D,C,A,A,H,-,C,A,0,,,,,Y,Y,A,,0,0,1,0,0,0,0,0,0,"- ","- ",,,"LOS ANGELES","LONG BEACH",-118.09941101074219,33.810661315917969
8958190,2019,2019-10-21,1942,2019-09-07,1600,43836,1239,6,5,7,1942,0,0,0,L,0,12A73,"59TH PL","GRAND AV",0.00,,Y,A,-,N,,,,,,,,,,Y,3,0,1,2,A,-,12,22450,A,F,B,C,A,A,H,-,A,-,0,,,,,Y,Y,-,99,0,1,0,0,0,0,0,0,0,"- ","- ",,,"LOS ANGELES","LOS ANGELES",-118.28012084960938,33.986000061035156
8958814,2019,2019-11-04,1948,2019-06-19,1139,398,1948,3,5,5,1948,0,0,0,,0,,"AVENIDA CESAR CHAVEZ","SCHOOLSIDE AV",86.00,E,N,A,-,N,,,,,,,,,,,3,0,2,3,A,-,03,22350,,N,C,C,A,A,H,-,A,A,0,,,,,Y,Y,D,22,0,1,1,0,0,0,0,0,0,"- ","- ",34.0401611328125,-118.15042114257812,"LOS ANGELES","MONTEREY PARK",-118.15023040771484,34.039909362792969
8959041,2019,2019-10-29,1934,2019-09-18,1607,745,1934,3,5,1,1934,0,0,0,,0,,"IRWINDALE AV","GATEWAY BUSINESS CENTER DR",114.00,S,N,A,-,N,,,,,,,,,,Y,4,0,1,2,A,-,01,23153,A,N,C,C,A,A,H,-,A,A,0,,,,,Y,Y,A,01,0,0,1,0,0,0,0,0,0,"- ","- ",,,"LOS ANGELES",IRWINDALE,-117.93409729003906,34.111526489257812
8959254,2019,2019-11-05,1947,2019-09-06,1632,1351,,5,5,5,1947,0,0,0,,0,00E,"S VAIL AV","OLYMPIC BL",0.00,,Y,A,-,N,,,,,,,,,,Y,3,0,2,2,A,-,01,23152,,N,D,C,A,A,-,-,A,B,0,,,,,Y,Y,-,"- ",0,2,0,0,0,0,0,0,0,"- ","- ",34.009819030761719,-118.12003326416016,"LOS ANGELES",MONTEBELLO,-118.12001037597656,34.009849548339844
8961696,2019,2019-11-06,1942,2019-09-21,0530,34959,2063,6,5,7,1942,0,0,0,,0,20A53,"PICO BL","WESTERN AV",213.00,E,N,A,-,N,,,,,,,,,,N,4,0,1,2,A,-,01,23152,A,M,C,E,A,A,H,-,C,D,0,,,,,Y,Y,A,01,0,0,1,0,0,0,0,0,0,"- ","- ",,,"LOS ANGELES","LOS ANGELES",-118.30834197998047,34.047199249267578
8961769,2019,2019-11-07,1941,2019-09-20,2238,11380,,5,5,7,1941,0,0,0,,0,,"ARTESIA BL","CERRITOS AV",7.00,,N,A,-,N,,,,,,,,,,Y,3,0,1,2,A,-,03,22349,A,N,C,C,A,A,H,-,C,D,0,,,,,Y,Y,A,,0,1,0,0,0,0,0,0,0,"- ","- ",,,"LOS ANGELES","LONG BEACH",-118.17835235595703,33.874668121337891
8961911,2019,2019-10-23,1942,2019-10-05,1855,43432,1832,6,5,7,1942,0,0,0,R,0,18A41,"W 108TH ST","S BROADWAY",0.00,,Y,A,-,N,,,,,,,,,,N,2,0,1,2,A,-,11,21456,B,N,G,B,B,A,H,-,C,A,0,Y,,,,Y,Y,N,60,1,0,0,0,1,0,0,0,0,"- ","- ",,,"LOS ANGELES","LOS ANGELES",-118.27838134765625,33.938282012939453
8961915,2019,2019-10-23,1942,2019-10-13,0200,32372,1043,7,5,7,1942,0,0,0,J,0,10A83,"RESEDA BL","HATTERAS ST",0.00,,Y,A,-,N,,,,,,,,,,N,4,0,1,2,A,-,01,23152,A,F,D,C,A,A,H,-,C,A,0,,,,,Y,Y,A,01,0,0,1,0,0,0,0,0,0,"- ","- ",,,"LOS ANGELES","LOS ANGELES",-118.53601837158203,34.177448272705078
8962091,2019,2019-10-31,1942,2019-10-06,0205,37724,1268,7,5,7,1942,0,0,0,L,0,25T23,"MAIN ST","85TH ST",52.00,N,N,A,-,N,,,,,,,,,,Y,3,0,1,2,A,-,01,23152,A,N,C,E,A,A,H,-,C,D,0,,,,,Y,Y,A,01,0,1,0,0,0,0,0,0,0,"- ","- ",,,"LOS ANGELES","LOS ANGELES",-118.27388763427734,33.961673736572266
8962116,2019,2019-10-31,1900,2019-10-03,1435,626575,0640,4,5,6,1985,0,0,0,,0,61T1,"JAY CARROLL DR","RODGERS DR",400.00,E,N,A,-,N,,,,,,,,,,Y,4,0,1,3,A,-,01,23152,A,M,C,E,A,A,H,-,A,D,0,,,,,Y,Y,A,01,0,0,1,0,0,0,0,0,0,"- ","- ",34.447959899902344,-118.49440002441406,"LOS ANGELES","SANTA CLARITA",-118.49235534667969,34.44775390625
8963214,2019,2019-11-19,1929,2019-10-17,2343,204,SOUTH,4,5,3,1929,0,0,0,,0,002,"MANHATTAN AV","25TH ST",117.00,S,-,A,-,N,,,,,,,,,,Y,3,0,1,3,A,-,01,23152,A,N,B,E,A,A,H,-,C,A,0,,,,,Y,Y,A,01,0,1,0,0,0,0,0,0,0,"- ","- ",,,"LOS ANGELES","HERMOSA BEACH",-118.40394592285156,33.871463775634766
8966001,2019,2019-10-31,1942,2019-09-10,2020,34599,1785,2,5,7,1942,0,0,0,Q,0,17A67,"NORDHOFF ST","RESEDA BL",270.00,W,N,A,-,N,,,,,,,,,,N,4,0,3,2,A,-,09,21804,,N,D,C,A,A,H,-,C,A,0,,,,,Y,Y,A,01,0,0,3,0,0,0,0,0,0,"- ","- ",,,"LOS ANGELES","LOS ANGELES",-118.53697967529297,34.235462188720703
8966113,2019,2019-11-20,1900,2019-10-06,1450,618858,1622,7,5,5,1977,0,0,0,,0,164T1,"220TH PL","EVONDA AV",400.00,E,N,A,-,N,,,,,,,,,,N,4,0,1,2,A,-,09,21804,A,N,G,G,A,A,H,-,A,D,0,,Y,,,Y,Y,L,04,0,0,1,0,0,0,1,0,0,"- ","- ",33.827400207519531,-118.21880340576172,"LOS ANGELES",CARSON,-118.21918487548828,33.827362060546875
8966171,2019,2019-11-04,1910,2019-04-30,1725,04962,,2,5,4,1910,0,0,0,,0,005,"W OLYMPIC BL N","N MCCARTHY DR N",0.00,,Y,A,-,N,,,,,,,,,,Y,4,0,1,2,A,-,00,22107,I,N,D,C,A,A,H,-,A,D,0,,,,,Y,Y,A,01,0,0,1,0,0,0,0,0,0,"- ","- ",,,"LOS ANGELES","BEVERLY HILLS",-118.40674,34.059699999999999
8967514,2019,2019-11-01,1941,2019-10-10,1351,5771,,4,5,7,1941,0,0,0,,0,,PCH,"PCH 2200",0.00,,Y,A,-,N,,,,,,,,,,N,4,0,1,2,D,-,00,,,N,G,B,F,A,H,-,A,D,0,Y,,,,Y,Y,-,"- ",0,0,1,0,1,0,0,0,0,"- ","- ",,,"LOS ANGELES","LONG BEACH",,
8967657,2019,2019-12-16,1942,2019-10-26,1900,40876,1979,6,5,7,1942,0,0,0,,0,26T13-,"ARLETA AV","BRANFORD ST",235.00,S,N,A,-,N,,,,,,,,,,Y,4,0,4,3,A,-,01,23152,A,N,C,C,A,A,H,-,C,D,0,,,,,Y,Y,D,22,0,0,4,0,0,0,0,0,0,"- ","- ",,,"LOS ANGELES","LOS ANGELES",-118.41928100585938,34.235645294189453
8968067,2019,2019-11-15,1942,2019-10-24,0730,42296,1739,4,5,7,1942,0,0,0,Q,0,17A49,"CHATSWORTH ST","HASKELL AV",60.00,W,N,A,-,N,,,,,,,,,,Y,3,0,2,3,A,-,01,23152,A,N,C,C,A,A,H,-,A,A,0,,,,,Y,Y,A,01,0,1,1,0,0,0,0,0,0,"- ","- ",,,"LOS ANGELES","LOS ANGELES",-118.47621154785156,34.264602661132812
8970644,2019,2019-11-08,1956,2019-10-19,2100,1352,,6,5,5,1956,0,0,0,,0,,"N GERTRUDA AV","N CATALINA AV",36.00,N,N,A,-,N,,,,,,,,,,Y,3,0,1,2,A,-,01,23152,A,N,C,C,A,A,H,-,C,A,0,,,,,Y,Y,A,01,0,1,0,0,0,0,0,0,0,"- ","- ",,,"LOS ANGELES","REDONDO BEACH",-118.39132690429688,33.851062774658203
8971322,2019,2019-12-17,1972,2019-04-06,0100,14197,,6,5,6,1972,0,0,0,,0,,"235TH ST","NADINE CIR",525.00,E,N,A,-,N,,,,,,,,,,Y,3,0,1,3,A,-,01,23152,A,N,C,E,A,A,H,-,C,A,0,,,Y,,Y,Y,C,,0,1,0,0,0,0,0,0,1,"- ","- ",,,"LOS ANGELES",TORRANCE,-118.339603,33.818829000000001
8971594,2019,2019-11-21,1942,2019-09-24,2312,43574,0374,2,5,7,1942,0,0,0,C,0,3A1,"ARLINGTON AV","39TH ST",50.00,N,N,A,-,N,,,,,,,,,,Y,4,0,1,2,A,-,03,22350,,N,B,C,A,A,H,-,C,D,0,,,,,Y,Y,A,01,0,0,1,0,0,0,0,0,0,"- ","- ",,,"LOS ANGELES","LOS ANGELES",-118.31824493408203,34.014732360839844
8973952,2019,2019-11-19,1900,2019-10-14,1938,448685,1518,1,5,5,1954,0,0,0,,0,151T2,"SERAPIS AV","TERRADELL AV",0.00,,N,A,-,N,,,,,,,,,,Y,3,0,2,3,A,-,01,23153,A,N,E,B,F,A,H,-,C,D,0,Y,,,,Y,Y,A,01,0,2,0,0,2,0,0,0,0,"- ","- ",33.972999572753906,-118.11299896240234,"LOS ANGELES","PICO RIVERA",-118.1044921875,33.96221923828125
8974024,2019,2019-11-19,1942,2019-09-11,1930,40151,1862,3,5,7,1942,0,0,0,R,0,18A97,"MAIN ST","117TH ST",15.00,N,N,A,-,N,,,,,,,,,,Y,4,0,1,2,A,-,22,23123,,N,C,C,A,A,H,-,B,D,0,,,,,Y,Y,D,22,0,0,1,0,0,0,0,0,0,"- ","- ",,,"LOS ANGELES","LOS ANGELES",-118.27390289306641,33.927440643310547
8974186,2019,2020-01-27,1900,2019-09-26,2304,614591,1018,4,5,3,1995,0,0,0,,0,101,"RT 1","TUNA CANYON RD",450.00,S,N,A,-,Y,LA,7,1,-,-,41.270,H,-,N,Y,4,0,1,1,A,-,01,23152,B,N,E,I,A,A,H,-,C,D,0,,,,,Y,Y,A,01,0,0,1,0,0,0,0,0,0,"- ","- ",34.03948974609375,-118.58820343017578,"LOS ANGELES",MALIBU,-118.58785247802734,34.039390563964844
8975552,2019,2020-01-29,1928,2019-10-31,1337,50324,514,4,5,5,1928,0,0,0,,0,504,"HAWTHORNE BL","N 138TH ST",0.00,,Y,A,-,N,,,,,,,,,,Y,4,0,2,2,A,-,12,21453,A,N,D,C,A,A,H,-,A,A,0,,,,,Y,Y,-,"- ",0,0,2,0,0,0,0,0,0,"- ","- ",33.906360626220703,-118.35259246826172,"LOS ANGELES",HAWTHORNE,-118.35276031494141,33.906349182128906
8976208,2019,2020-01-17,1942,2019-11-04,2230,42296,0923,1,5,7,1942,0,0,0,I,0,9A23,"SEPULVEDA BL","HAYNES ST",0.00,,Y,A,-,N,,,,,,,,,,Y,4,0,1,2,A,-,01,23152,A,N,C,C,A,A,H,-,C,D,0,,,,,Y,Y,A,01,0,0,1,0,0,0,0,0,0,"- ","- ",,,"LOS ANGELES","LOS ANGELES",-118.46646118164062,34.188461303710938
8976634,2019,2019-12-05,1928,2019-10-14,1839,384,518,1,5,5,1928,0,0,0,,0,503,"PRAIRIE AV","135TH ST",0.00,,Y,A,-,N,,,,,,,,,,N,4,0,1,2,A,-,11,21954,A,N,G,B,D,A,H,-,C,A,0,Y,,,,Y,Y,N,60,0,0,1,0,1,0,0,0,0,"- ","- ",33.909778594970703,-118.34300231933594,"LOS ANGELES",HAWTHORNE,-118.3438720703125,33.909721374511719
8977440,2019,2020-01-29,1900,2019-10-24,1916,610425,2814,4,5,5,1915,0,0,0,,0,283T1,"COMPTON BL","OLEANDER AV",0.00,,Y,A,-,N,,,,,,,,,,Y,4,0,2,2,A,-,12,21453,A,N,D,C,A,A,H,-,C,A,0,,,,,Y,Y,A,01,0,0,2,0,0,0,0,0,0,"- ","- ",,,"LOS ANGELES",COMPTON,-118.22875213623047,33.895931243896484
8978581,2019,2019-12-02,1942,2019-10-15,1830,43256,145B,2,5,7,1942,0,0,0,N,0,14X16,"SLAUSON AV","BRADSON PL",0.00,,Y,A,-,N,,,,,,,,,,Y,4,0,3,2,A,-,03,22350,,F,D,D,A,A,H,-,C,D,0,,,,,Y,Y,A,07,0,0,3,0,0,0,0,0,0,"- ","- ",,,"LOS ANGELES","LOS ANGELES",-118.40727233886719,33.993820190429688
8978702,2019,2019-12-20,1928,2019-10-20,2245,50416,526,7,5,5,1928,0,0,0,,0,501,"GREVILLEA AV","118TH ST",75.00,S,N,A,-,N,,,,,,,,,,N,4,0,1,2,A,-,08,22107,,N,G,B,E,A,H,-,C,D,0,Y,,,,Y,Y,A,01,0,0,1,0,1,0,0,0,0,"- ","- ",33.927360534667969,-118.354736328125,"LOS ANGELES",HAWTHORNE,-118.35481262207031,33.9271240234375
8978791,2019,2019-12-04,1942,2019-09-28,0330,43572,1139,6,5,7,1942,0,0,0,K,0,11A17,"HAYES AV","AVENUE 60",0.00,,Y,A,-,N,,,,,,,,,,Y,4,0,1,1,A,-,03,22350,,N,A,I,A,A,H,-,C,D,0,,,,,Y,Y,D,22,0,0,1,0,0,0,0,0,0,"- ","- ",,,"LOS ANGELES","LOS ANGELES",-118.18759918212891,34.109291076660156
8980043,2019,2020-01-23,1942,2019-11-02,1525,38857,1653,6,5,7,1942,0,0,0,P,0,16A23,"HADDON AV","OSBORNE ST",147.00,N,N,A,-,N,,,,,,,,,,N,4,0,1,2,A,-,01,23152,A,N,D,C,A,A,H,-,A,D,0,,,,,Y,Y,A,01,0,0,1,0,0,0,0,0,0,"- ","- ",,,"LOS ANGELES","LOS ANGELES",-118.41658020019531,34.249565124511719
8980340,2019,2019-11-25,1942,2019-09-07,1440,43084,1591,6,5,7,1942,0,0,0,O,0,15A44,"LAUREL CANYON","CANTON DR",528.00,N,N,A,-,N,,,,,,,,,,Y,4,0,2,2,A,-,01,23152,A,N,C,C,A,A,H,-,A,D,0,,,,,Y,Y,A,01,0,0,2,0,0,0,0,0,0,"- ","- ",,,"LOS ANGELES","LOS ANGELES",-118.3865966796875,34.132259368896484
8981336,2019,2020-02-18,1900,2019-11-15,2200,627961,2224,5,5,3,1994,0,0,0,,0,225E,"CORNELL RD","AGOURA RD",20.00,N,N,A,-,N,,,,,,,,,,N,4,0,1,2,A,-,02,21654,A,F,G,B,E,A,H,-,C,D,0,Y,,,,Y,Y,N,60,0,0,1,0,1,0,0,0,0,"- ","- ",34.143589019775391,-118.75617980957031,"LOS ANGELES","AGOURA HILLS",-118.75619506835938,34.143474578857422
8982287,2019,2019-11-23,1942,2019-10-27,0920,43133,0376,7,5,7,1942,0,0,0,C,0,25T21,"NORMANDIE AV","MARTIN LUTHER KING BL",0.00,,Y,A,-,N,,,,,,,,,,Y,3,0,2,2,A,-,01,23152,A,N,D,C,A,A,H,-,A,A,0,,,,,Y,Y,A,01,0,1,1,0,0,0,0,0,0,"- ","- ",,,"LOS ANGELES","LOS ANGELES",-118.30017852783203,34.010871887207031
8982306,2019,2019-12-13,1900,2019-09-02,1958,621316,1432,1,5,4,1937,0,0,0,,0,143T1,"TEMPLE AV","STIMSON AV",190.00,E,N,A,-,N,,,,,,,,,,N,4,0,1,2,A,-,01,23152,A,N,C,E,A,A,H,-,C,D,0,,,,,Y,Y,A,01,0,0,1,0,0,0,0,0,0,"- ","- ",34.028160095214844,-117.94843292236328,"LOS ANGELES","LA PUENTE",-117.948486328125,34.028060913085938
8983582,2019,2019-12-10,1920,2019-10-21,1923,13022,,1,5,6,1920,0,0,0,,0,005,"LAKEWOOD BL","VISTA DEL ROSA ST",0.00,,Y,A,-,N,,,,,,,,,,N,4,0,1,2,A,-,05,21650,1,N,D,G,A,A,H,-,C,A,0,,Y,,,Y,Y,L,04,0,0,1,0,0,0,1,0,0,"- ","- ",,,"LOS ANGELES",DOWNEY,-118.11121368408203,33.959060668945312
8986084,2019,2020-01-23,1942,2019-11-03,0109,43454,2049,7,5,7,1942,0,0,0,,0,20A69,"S HOOVER ST","JAMES M WOOD BL",0.00,,Y,A,-,N,,,,,,,,,,Y,4,0,1,2,A,-,03,22350,,F,C,C,A,A,H,-,C,A,0,,,,,Y,Y,A,01,0,0,1,0,0,0,0,0,0,"- ","- ",,,"LOS ANGELES","LOS ANGELES",-118.28425,34.055860000000003
8986342,2019,2019-12-02,1942,2019-10-29,1045,27356,2036,2,5,7,1942,0,0,0,,0,20A45,"S BERENDO ST","W 7TH ST",0.00,,Y,A,-,N,,,,,,,,,,Y,4,0,1,2,A,-,01,23152,A,N,C,C,A,A,H,-,A,A,0,,,,,Y,Y,A,01,0,0,1,0,0,0,0,0,0,"- ","- ",,,"LOS ANGELES","LOS ANGELES",-118.29415130615234,34.059768676757812
8986385,2019,2019-12-02,1942,2019-10-18,2048,43615,13652,5,5,7,1942,0,0,0,M,0,13A63,"52ND ST","SAN PEDRO",15.00,W,N,A,-,N,,,,,,,,,,N,3,0,1,2,A,-,09,21801,A,F,G,B,A,A,H,-,C,D,0,,Y,,,Y,Y,-,99,0,1,0,0,0,0,1,0,0,"- ","- ",,,"LOS ANGELES","LOS ANGELES",-118.27021026611328,33.9952392578125
8986412,2019,2020-01-27,1901,2019-11-02,0239,295,13,6,5,5,1901,0,0,0,,0,002,"ATLANTIC BL","NORWOOD PL",124.00,S,N,A,-,N,,,,,,,,,,Y,4,0,1,1,A,-,01,23152,A,N,E,I,A,A,H,-,C,D,0,,,,,Y,Y,A,01,0,0,1,0,0,0,0,0,0,"- ","- ",,,"LOS ANGELES",ALHAMBRA,-118.13449096679688,34.075538635253906
8986658,2019,2020-01-29,1900,2019-11-11,0145,602967,16,1,5,5,1977,0,0,0,,0,160T,"DEL AMO BL","AVALON BL",600.00,E,N,A,-,N,,,,,,,,,,Y,4,0,1,1,A,-,01,23152,A,N,A,I,A,A,H,-,C,D,0,,,,,Y,Y,A,01,0,0,1,0,0,0,0,0,0,"- ","- ",33.847579956054688,-118.26284027099609,"LOS ANGELES",CARSON,-118.26295471191406,33.847515106201172
8986835,2019,2019-12-04,1942,2019-09-04,1620,43439,"LOS A",3,5,7,1942,0,0,0,,0,17A23,"SAN FERNANDO RD","SUNSHINE CANYON RD",0.00,,Y,A,-,N,,,,,,,,,,N,4,0,1,2,A,-,01,23153,,N,C,C,A,A,H,-,A,A,0,,,,,Y,Y,A,01,0,0,1,0,0,0,0,0,0,"- ","- ",,,"LOS ANGELES","LOS ANGELES",-118.50299072265625,34.323600769042969
8987032,2019,2019-12-23,1942,2019-10-04,2350,42722,0239,5,5,7,1942,0,0,0,B,0,2A91,"TEMPLE ST","BEAUDRY AV",50.00,E,N,A,-,N,,,,,,,,,,N,2,0,1,2,A,-,11,21954,A,N,G,B,D,A,H,-,C,A,0,Y,,,,Y,Y,N,60,1,0,0,0,1,0,0,0,0,"- ","- ",,,"LOS ANGELES","LOS ANGELES",-118.25126647949219,34.063087463378906
8987110,2019,2020-03-02,1941,2019-11-15,1547,11001,,5,5,7,1941,0,0,0,,0,,"SOUTH ST","CHERRY AV",338.00,E,N,A,-,N,,,,,,,,,,Y,3,0,3,2,A,-,03,22350,,N,C,C,A,A,H,-,A,A,0,,,,,Y,Y,A,,0,1,2,0,0,0,0,0,0,"- ","- ",,,"LOS ANGELES","LONG BEACH",-118.16744995117188,33.860149383544922
8987446,2019,2019-11-26,1942,2019-10-14,0245,41473,0331,1,5,7,1942,0,0,0,C,0,3A57,"LA BREA","EXPOSITION BL",11.00,,N,A,-,N,,,,,,,,,,Y,2,0,2,1,A,-,01,23152,A,N,A,J,A,A,H,-,C,D,0,,,,,Y,Y,A,01,1,1,0,0,0,0,0,0,0,"- ","- ",,,"LOS ANGELES","LOS ANGELES",-118.35521697998047,34.024662017822266
8987454,2019,2019-11-26,1942,2019-10-19,2220,43587,0361,6,5,7,1942,0,0,0,C,0,3A64,"S LA BREA AV","OBAMA BL",0.00,,Y,A,-,N,,,,,,,,,,N,4,0,1,2,A,-,03,22350,,F,B,C,A,A,H,-,C,A,0,,,,,Y,Y,-,99,0,0,1,0,0,0,0,0,0,"- ","- ",,,"LOS ANGELES","LOS ANGELES",,
8987597,2019,2019-11-22,1942,2019-09-29,0059,43755,0923,7,5,7,1942,0,0,0,I,0,9A5,"VANOWEN ST","CEDROS AV",0.00,,-,A,-,N,,,,,,,,,,Y,2,0,1,2,A,-,11,21456,B,N,B,B,B,A,H,-,C,A,0,Y,,,,Y,Y,N,60,1,0,0,0,1,0,0,0,0,"- ","- ",,,"LOS ANGELES","LOS ANGELES",-118.45311737060547,34.193950653076172
8987742,2019,2020-01-22,1900,2019-11-03,1600,612130,0466,7,5,4,1936,0,0,0,,0,46T1/P,"ALONDRA BL","TROJAN WY",206.00,W,N,A,-,N,,,,,,,,,,Y,4,0,4,2,A,-,01,23152,A,N,C,C,A,A,H,-,A,D,0,,,,,Y,Y,A,01,0,0,4,0,0,0,0,0,0,"- ","- ",,,"LOS ANGELES","LA MIRADA",-118.01657867431641,33.8880615234375
8987985,2019,2019-12-02,1942,2019-07-15,2225,40325,1317,1,5,7,1942,0,0,0,M,0,24T31,"LONG BEACH AV","15TH ST",43.00,N,N,A,-,N,,,,,,,,,,N,3,0,1,2,A,-,01,21200,5,N,B,G,A,A,H,-,C,A,0,,Y,,,Y,Y,L,04,0,1,0,0,0,0,1,0,0,"- ","- ",,,"LOS ANGELES","LOS ANGELES",-118.24185180664062,34.024349212646484
8988117,2019,2019-12-09,1920,2019-10-23,1504,13022,,3,5,6,1920,0,0,0,,0,004,"STUDEBAKER RD","FLORENCE AV",120.00,S,N,A,-,N,,,,,,,,,,N,4,0,1,2,A,-,03,22350,,N,C,C,A,A,H,-,A,A,0,,,,,Y,Y,A,01,0,0,1,0,0,0,0,0,0,"- ","- ",,,"LOS ANGELES",DOWNEY,-118.09693908691406,33.936782836914062