CASE_ID,ACCIDENT_YEAR,PROC_DATE,JURIS,COLLISION_DATE,COLLISION_TIME,OFFICER_ID,REPORTING_DISTRICT,DAY_OF_WEEK,CHP_SHIFT,POPULATION,CNTY_CITY_LOC,SPECIAL_COND,BEAT_TYPE,CHP_BEAT_TYPE,CITY_DIVISION_LAPD,CHP_BEAT_CLASS,BEAT_NUMBER,PRIMARY_RD,SECONDARY_RD,DISTANCE,DIRECTION,INTERSECTION,WEATHER_1,WEATHER_2,STATE_HWY_IND,CALTRANS_COUNTY,CALTRANS_DISTRICT,STATE_ROUTE,ROUTE_SUFFIX,POSTMILE_PREFIX,POSTMILE,LOCATION_TYPE,RAMP_INTERSECTION,SIDE_OF_HWY,TOW_AWAY,COLLISION_SEVERITY,NUMBER_KILLED,NUMBER_INJURED,PARTY_COUNT,PRIMARY_COLL_FACTOR,PCF_CODE_OF_VIOL,PCF_VIOL_CATEGORY,PCF_VIOLATION,PCF_VIOL_SUBSECTION,HIT_AND_RUN,TYPE_OF_COLLISION,MVIW,PED_ACTION,ROAD_SURFACE,ROAD_COND_1,ROAD_COND_2,LIGHTING,CONTROL_DEVICE,CHP_ROAD_TYPE,PEDESTRIAN_ACCIDENT,BICYCLE_ACCIDENT,MOTORCYCLE_ACCIDENT,TRUCK_ACCIDENT,NOT_PRIVATE_PROPERTY,ALCOHOL_INVOLVED,STWD_VEHTYPE_AT_FAULT,CHP_VEHTYPE_AT_FAULT,COUNT_SEVERE_INJ,COUNT_VISIBLE_INJ,COUNT_COMPLAINT_PAIN,COUNT_PED_KILLED,COUNT_PED_INJURED,COUNT_BICYCLIST_KILLED,COUNT_BICYCLIST_INJURED,COUNT_MC_KILLED,COUNT_MC_INJURED,PRIMARY_RAMP,SECONDARY_RAMP,LATITUDE,LONGITUDE,COUNTY,CITY,POINT_X,POINT_Y
90261130,2016,2016-11-21,9525,2016-08-21,0350,020693,,7,3,5,1926,0,1,1,,2,208,"I-210 E/B (FOOTHILL FREEWAY)","LONE HILL AVE",200.00,E,N,A,-,Y,,,210,,,,,,E,Y,3,0,1,1,A,-,01,23152,A,N,E,I,A,A,H,-,C,D,0,,,,,Y,Y,A,01,0,1,0,0,0,0,0,0,0,"- ","- ",34.120539999999998,-117.82693,"LOS ANGELES",GLENDORA,-117.82691395000001,34.120693850000002
90261154,2016,2016-12-13,9525,2016-07-31,0135,021156,,7,3,6,1975,0,1,1,,2,103,"I-10 W/B (SAN BERNARDINO FREEWAY)","SUNSET AVE",250.00,W,N,A,-,Y,,,,,,,,,,Y,4,0,1,3,A,-,01,23152,A,F,C,C,A,A,H,-,C,D,0,,,,,Y,Y,A,01,0,0,1,0,0,0,0,0,0,"- ","- ",34.42109,-117.56175,"LOS ANGELES","WEST COVINA",-117.93697358999999,34.072526269999997
90261864,2016,2016-09-06,9580,2016-08-21,0220,021077,,7,3,7,1942,0,1,1,,2,405,"I-405 S/B (SAN DIEGO FWY)","LOS ANGELES RIVER",750.00,N,N,A,-,Y,,,405,,,,,,S,Y,3,0,1,2,A,-,08,22107,,N,B,C,A,A,C,-,C,D,0,,,,,Y,Y,A,07,0,1,0,0,0,0,0,0,0,"- ","- ",34.165660000000003,-118.46971000000001,"LOS ANGELES","LOS ANGELES",-118.46971182999999,34.165660010000003
90262578,2016,2016-09-07,9545,2016-09-03,0410,020996,,6,3,9,1900,0,1,3,,1,042,"SR-138 E/B","126TH ST  E",692.00,E,N,A,-,Y,,,138,,,,,,E,Y,4,0,1,2,A,-,01,23152,A,N,C,C,A,A,H,-,D,D,0,,,,,Y,Y,A,01,0,0,1,0,0,0,0,0,0,"- ","- ",34.506509999999999,-117.90306,"LOS ANGELES",UNINCORPORATED,-117.90305977,34.506451609999999
9026442,2020,2020-03-12,1967,2020-01-24,2315,159,,5,5,2,1967,0,0,0,,0,NORTH,"ORANGE AV",WILLOW,103.00,N,N,A,-,N,,,,,,,,,,Y,3,0,2,3,A,-,01,23152,A,N,C,C,A,A,H,-,C,A,0,,,,,Y,Y,A,01,0,1,1,0,0,0,0,0,0,"- ","- ",,,"LOS ANGELES","SIGNAL HILL",-118.17633056640625,33.804683685302734
90264445,2016,2016-09-09,9575,2016-09-02,0040,020526,,5,3,7,1942,0,1,1,,2,050,"I-5 S/B (GOLDEN STATE FREEWAY)","COLORADO ST EXT",200.00,N,N,A,-,Y,,,5,,,,,,S,Y,3,0,1,1,A,-,01,23152,A,N,E,I,A,A,H,-,C,D,0,,,,,Y,Y,A,01,0,1,0,0,0,0,0,0,0,"- ","- ",34.14181,-118.27786999999999,"LOS ANGELES","LOS ANGELES",-118.27805357,34.141773069999999
90265670,2016,2016-09-12,9565,2016-08-29,0015,020752,,1,3,9,1900,0,3,5,,2,005,"ADMIRALTY WAY (E/B)","PALAWAN WAY",400.00,E,N,A,-,N,,,,,,,,,,Y,4,0,1,1,A,-,01,23152,A,N,E,I,A,A,H,-,C,D,0,,,,,Y,Y,A,01,0,0,1,0,0,0,0,0,0,"- ","- ",33.983879999999999,-118.45646000000001,"LOS ANGELES",UNINCORPORATED,-118.4567644,33.983896190000003
90266329,2016,2016-09-13,9580,2016-09-11,1745,020396,,7,2,9,1900,0,1,2,,2,109,"US-101 S/B (VENTURA FREEWAY)","LIBERTY CANYON RD",800.00,N,N,A,-,Y,,,101,,,,,,S,Y,4,0,1,1,A,-,01,23152,A,N,E,I,A,A,H,-,A,D,0,,,,,Y,Y,A,01,0,0,1,0,0,0,0,0,0,"- ","- ",34.138759999999998,-118.73042,"LOS ANGELES",UNINCORPORATED,-118.7303649,34.13884599
90267285,2016,2016-09-14,9575,2016-08-27,1618,021283,,6,2,9,1900,0,1,3,,2,300,"SR-2 (ANGELES CREST HIGHWAY)","CCC RIDGE ROAD",264.00,E,N,A,-,Y,,,2,,,,,,,Y,3,0,1,1,A,-,01,23152,A,N,F,A,A,A,H,-,A,D,0,,,Y,,Y,Y,C,02,0,1,0,0,0,0,0,0,1,"- ","- ",34.26052,-118.18827,"LOS ANGELES",UNINCORPORATED,-118.18832437,34.260561600000003
90268114,2016,2016-09-15,9590,2016-08-21,0250,021291,,7,3,7,1942,0,1,1,,2,062,"I-10 E/B (SANTA MONICA FREEWAY)","HOOVER STREET",150.00,E,N,A,-,Y,,,10,,,,,,E,N,4,0,1,2,A,-,03,22350,,F,C,C,A,A,H,-,D,D,0,,,,,Y,Y,-,99,0,0,1,0,0,0,0,0,0,"- ","- ",34.037170000000003,-118.28349,"LOS ANGELES","LOS ANGELES",-118.28348624,34.037151510000001
90268831,2016,2016-09-15,9550,2016-07-30,2340,021107,,6,3,9,1900,0,2,4,,1,022,"LEFFINGWELL ROAD","COLIMA ROAD",25.00,W,N,A,-,N,,,,,,,,,,Y,2,0,3,2,A,-,01,23152,A,N,E,I,A,A,H,-,C,A,0,,,,,Y,Y,A,07,3,0,0,0,0,0,0,0,0,"- ","- ",33.923679999999997,-118.02564,"LOS ANGELES",UNINCORPORATED,-118.02558935,33.923712019999996
90268890,2016,2016-09-16,9580,2016-09-03,2109,020451,,6,2,7,1942,0,1,1,,2,405,"I-405 S/B (SAN DIEGO FWY)","VICTORY BLVD",350.00,S,N,A,-,Y,,,405,,,,,,S,Y,3,0,1,1,A,-,01,23152,A,N,E,I,A,A,H,-,D,D,0,,,,,Y,Y,A,01,0,1,0,0,0,0,0,0,0,"- ","- ",34.184379999999997,-118.47341,"LOS ANGELES","LOS ANGELES",-118.47349834000001,34.184327320000001
90269151,2016,2016-09-16,9545,2016-09-04,1904,020521,,7,2,9,1900,0,3,5,,2,004,"BARREL SPRINGS RD","37TH ST  E",2120.00,W,N,A,-,N,,,,,,,,,,Y,2,0,1,1,A,-,01,23152,A,N,E,I,A,A,H,-,A,D,0,,,,,Y,Y,A,01,1,0,0,0,0,0,0,0,0,"- ","- ",34.52863,-118.0707,"LOS ANGELES",UNINCORPORATED,-118.06975660000001,34.528346419999998
90269453,2016,2016-09-16,9565,2016-09-02,1525,020442,,5,2,7,1942,0,1,1,,2,063,"I-405 N/B (SAN DIEGO FWY)","OLYMPIC BLVD.",500.00,N,N,A,-,Y,,,405,,,,,,N,Y,3,0,2,3,A,-,01,23152,A,N,C,C,A,A,H,-,A,D,0,,,Y,,Y,Y,C,02,0,1,1,0,0,0,0,0,2,"- ","- ",34.040500000000002,-118.4408,"LOS ANGELES","LOS ANGELES",-118.44088536,34.040419749999998
90270061,2016,2016-09-19,9540,2016-09-04,1825,021260,,7,2,9,1900,0,2,4,,2,010,"THE OLD RD","SILVER ASPEN WAY",225.00,N,N,A,-,N,,,,,,,,,,Y,2,0,1,1,A,-,08,22107,,N,E,J,A,A,H,-,A,D,0,,,,,Y,Y,A,08,1,0,0,0,0,0,0,0,0,"- ","- ",34.410499999999999,-118.57952,"LOS ANGELES",UNINCORPORATED,-118.57938089,34.410434719999998
90271017,2016,2016-09-19,9565,2016-08-16,0110,021134,,2,3,9,1900,0,1,1,,2,012,"I-105 E/B (CENTURY FWY)","BUDLONG AVE",500.00,W,N,A,-,Y,,,105,,,,,,E,Y,3,0,1,1,A,-,01,23152,A,N,E,I,A,A,H,-,C,D,0,,,,,Y,Y,A,01,0,1,0,0,0,0,0,0,0,"- ","- ",33.92783,-118.29772,"LOS ANGELES",UNINCORPORATED,-118.29772425,33.927848609999998
9027215,2020,2020-05-29,1900,2020-02-02,1752,629461,1134,7,5,6,1992,0,0,0,,0,112T1,"AVENUE K","CHALLENGER WY",0.00,,Y,A,-,N,,,,,,,,,,N,4,0,1,2,A,-,01,23152,A,M,C,C,A,A,H,-,C,A,0,,,,,Y,Y,A,01,0,0,1,0,0,0,0,0,0,"- ","- ",,,"LOS ANGELES",LANCASTER,-118.11239,34.674999999999997
9027471,2020,2020-02-25,1955,2020-01-12,1806,41149,97,7,5,6,1955,0,0,0,,0,004,"MISSION BL","LA MESA ST",405.00,E,N,A,-,N,,,,,,,,,,Y,4,0,1,3,A,-,01,23152,A,N,B,C,A,A,H,-,B,D,0,,,,,Y,Y,A,01,0,0,1,0,0,0,0,0,0,"- ","- ",,,"LOS ANGELES",POMONA,-117.73346710205078,34.055522918701172
90275658,2016,2016-09-26,9545,2016-09-18,0208,020655,,7,3,9,1900,0,3,5,,2,004,"87TH ST  E","FORT TEJON RD",60.00,S,N,A,-,N,,,,,,,,,,Y,3,0,1,1,A,-,01,23152,A,N,E,I,A,A,H,-,D,D,0,,,,,Y,Y,A,01,0,1,0,0,0,0,0,0,0,"- ","- ",34.510219999999997,-117.97504000000001,"LOS ANGELES",UNINCORPORATED,-117.97495016000001,34.510236329999998
90275826,2016,2016-09-26,9540,2016-09-23,1335,020255,,5,1,9,1900,0,1,1,,2,509,"I-5 S/B (GOLDEN STATE FWY)","LAKE HUGHES RD",12672.00,N,N,A,-,Y,,,5,,,,,,S,Y,3,0,1,2,A,-,01,23152,A,N,C,C,A,A,H,-,A,D,0,,,,Y,Y,Y,A,01,0,1,0,0,0,0,0,0,0,"- ","- ",34.528100000000002,-118.64362,"LOS ANGELES",UNINCORPORATED,-118.64348834,34.52812737
90276834,2016,2016-09-27,9550,2016-09-18,2110,021129,,7,2,9,1900,0,3,5,,2,002,"CALMADA AVENUE","LANNING DRIVE",0.00,,Y,A,-,N,,,,,,,,,,N,3,0,1,2,A,-,17,21200,,F,D,G,A,A,H,-,C,A,0,,Y,,,Y,Y,L,04,0,1,0,0,0,0,1,0,0,"- ","- ",33.950879999999998,-118.03107,"LOS ANGELES",UNINCORPORATED,-118.03099001,33.950820030000003
9027690,2020,2020-05-29,1925,2020-02-14,1810,27423,4,5,5,6,1925,0,0,0,,0,164,"LOUISE ST","E FAIRVIEW AV",11.00,N,N,A,-,N,,,,,,,,,,Y,2,0,1,2,A,-,10,21950,A,F,G,B,B,A,H,-,C,D,0,Y,,,,Y,Y,A,01,1,0,0,0,1,0,0,0,0,"- ","- ",,,"LOS ANGELES",GLENDALE,-118.25269317626953,34.160289764404297
90277942,2016,2016-09-28,9545,2016-09-18,1840,018550,,7,2,9,1900,0,3,5,,2,004,"AVENUE S","95TH ST  E",46.00,W,N,A,-,N,,,,,,,,,,Y,3,0,1,2,A,-,01,23152,A,N,C,C,A,A,H,-,B,D,0,,,Y,,Y,Y,C,02,0,1,0,0,0,0,0,0,1,"- ","- ",34.557870000000001,-117.9609,"LOS ANGELES",UNINCORPORATED,-117.96088242,34.557868859999999
9027908,2019,2020-02-04,1942,2019-12-10,2100,42657,0669,2,5,7,1942,0,0,0,F,0,6A79,"WESTERN AV","VIRGINIA AV",5.00,S,N,A,-,N,,,,,,,,,,N,4,0,1,2,A,-,03,22350,,N,G,G,A,A,H,-,C,D,0,,Y,,,Y,Y,A,01,0,0,1,0,0,0,1,0,0,"- ","- ",,,"LOS ANGELES","LOS ANGELES",-118.30918884277344,34.091884613037109
90281066,2016,2016-09-30,9525,2016-09-26,2040,015988,,1,2,4,1960,0,1,3,,2,572,"SR-57 N/B (ORANGE FREEWAY)",I-10,2851.00,N,N,A,-,Y,,,,,,,,,,Y,3,0,1,1,A,-,01,23152,A,N,E,I,A,A,H,-,D,D,0,,,,,Y,Y,A,01,0,1,0,0,0,0,0,0,0,"- ","- ",34.42362,-117.48327999999999,"LOS ANGELES","SAN DIMAS",-117.80952006,34.072563469999999
90281739,2016,2016-12-02,9530,2016-09-26,2214,020699,,1,3,9,1900,0,3,5,,2,002,"SAN PEDRO ST.","REDONDO BEACH BLVD.",0.00,,Y,A,-,N,,,,,,,,,,Y,2,0,2,2,A,-,01,23152,A,F,D,C,A,A,H,-,C,A,0,,,,,Y,Y,A,01,1,1,0,0,0,0,0,0,0,"- ","- ",33.893320000000003,-118.26666,"LOS ANGELES",UNINCORPORATED,-118.26702014,33.893180039999997
9028185,2020,2020-01-21,1931,2020-01-04,1857,5328,1931,6,5,5,1931,0,0,0,,0,002,"60TH ST","MAYWOOD AV",200.00,E,N,A,-,N,,,,,,,,,,N,2,0,1,2,A,-,11,21956,,N,G,B,E,A,H,-,C,A,0,Y,,,,Y,Y,N,60,1,0,0,0,1,0,0,0,0,"- ","- ",,,"LOS ANGELES","HUNTINGTON PARK",-118.20197296142578,33.986949920654297
90282917,2016,2016-10-04,9540,2016-10-02,0045,020790,,7,3,9,1900,0,1,1,,1,502,"I-5 N/B TO SR-14 N/B","THE OLD RD",475.00,N,N,A,-,Y,,,5,,,,R,,N,Y,3,0,2,2,A,-,01,23152,A,N,C,C,A,A,H,-,D,D,0,,,,Y,Y,Y,D,22,0,2,0,0,0,0,0,0,0,"- ","- ",34.335459999999998,-118.5078,"LOS ANGELES",UNINCORPORATED,-118.5078,34.335459999999998
90283031,2016,2016-10-04,9550,2016-09-25,0415,017398,,7,3,9,1900,0,1,1,,2,650,"I-605 S/B (SAN GABRIEL RIVER FWY)","OBREGON STREET",250.00,S,N,A,-,Y,,,605,,,,,,S,Y,3,0,1,2,A,-,01,23152,A,N,C,C,A,A,A,-,D,D,0,,,,Y,Y,Y,A,01,0,1,0,0,0,0,0,0,0,"- ","- ",33.998600000000003,-118.06813,"LOS ANGELES",UNINCORPORATED,-118.06809153,33.99858983
90283309,2016,2016-10-04,9535,2016-09-01,2250,021148,,4,3,9,1900,0,1,1,,2,071,"I-710 (LONG BEACH FREEWAY) S/B","HUMPHREYS AVE",800.00,N,N,B,-,Y,,,710,,,,,,S,Y,4,0,1,1,A,-,01,23152,A,N,E,I,A,A,D,H,D,D,0,,,,,Y,Y,A,01,0,0,1,0,0,0,0,0,0,"- ","- ",34.032220000000002,-118.17046999999999,"LOS ANGELES",UNINCORPORATED,-118.17058351,34.032271919999999
90283657,2016,2016-10-04,9580,2016-09-30,0120,021015,,5,3,7,1942,0,1,1,,2,406,"I-405 N/B (SAN DIEGO FWY)","NORDHOFF ST",1100.00,S,N,A,-,Y,,,405,,,,,,N,Y,3,0,2,2,A,-,01,23152,A,N,C,C,A,A,H,-,D,D,0,,,,,Y,Y,A,01,0,1,1,0,0,0,0,0,0,"- ","- ",34.232500000000002,-118.47302000000001,"LOS ANGELES","LOS ANGELES",-118.47297604000001,34.232499580000002
9028485,2020,2020-05-22,1941,2020-01-01,1146,10775,,3,5,7,1941,0,0,0,,0,,ATLANTIC,"45TH ST",23.00,N,N,A,-,N,,,,,,,,,,Y,4,0,3,2,A,-,01,23152,A,N,C,C,A,A,H,-,A,A,0,,,,,Y,Y,-,,0,0,3,0,0,0,0,0,0,"- ","- ",,,"LOS ANGELES","LONG BEACH",-118.18399047851562,33.839923858642578
90285130,2016,2016-10-06,9530,2016-09-22,1538,021191,,4,2,9,1900,0,3,5,,2,002,"126TH STREET (1800 BLOCK)","WILMINGTON AVE.",400.00,W,N,A,-,N,,,,,,,,,,Y,3,0,1,1,A,-,01,23152,A,M,E,I,A,A,H,-,A,D,0,,,,,Y,Y,A,01,0,1,0,0,0,0,0,0,0,"- ","- ",33.918469999999999,-118.24261,"LOS ANGELES",UNINCORPORATED,-118.24047459000001,33.918467210000003
90286255,2016,2016-10-07,9545,2016-09-22,1255,013963,,4,1,9,1900,0,1,3,,2,011,"SR14 SB","AVENUE M",1080.00,N,N,A,-,Y,,,,,,,,,,Y,3,0,1,1,A,-,01,23152,A,N,E,I,A,A,H,-,A,D,0,,,,,Y,Y,D,22,0,1,0,0,0,0,0,0,0,"- ","- ",,,"LOS ANGELES",UNINCORPORATED,,
90289158,2016,2016-10-11,9575,2016-09-25,0235,020681,,7,3,7,1942,0,1,3,,2,044,"SR-134 W/B (VENTURA FREEWAY)","LANKERSHIM BLVD.",293.00,E,N,A,-,Y,,,134,,,,,,W,Y,3,0,2,1,A,-,01,23152,A,N,E,I,A,A,H,-,C,D,0,,,,,Y,Y,A,01,0,2,0,0,0,0,0,0,0,"- ","- ",34.153379999999999,-118.36481999999999,"LOS ANGELES","LOS ANGELES",-118.3648195,34.15336156
90289368,2016,2016-10-12,9550,2016-10-09,0030,021100,,7,3,5,1919,0,1,3,,2,091,"STATE ROUTE 91 EASTBOUND","INTERSTATE 605",1353.00,W,N,A,-,Y,,,91,,,,,,E,Y,2,0,3,2,A,-,01,23152,A,N,C,E,A,A,H,-,C,D,0,,,,Y,Y,Y,A,01,2,1,0,0,0,0,0,0,0,"- ","- ",33.876289999999997,-118.10256,"LOS ANGELES",CERRITOS,-118.10256029999999,33.876374589999998
90290147,2016,2016-10-12,9590,2016-10-05,1255,016641,,3,1,7,1942,0,1,1,,2,052,"I-110 N/B (HARBOR FREEWAY)","3RD ST",150.00,S,N,A,-,Y,,,110,,,,,,N,N,4,0,1,3,A,-,03,22350,,N,C,C,A,A,H,-,A,D,0,,,,,Y,Y,A,01,0,0,1,0,0,0,0,0,0,"- ","- ",34.055639999999997,-118.25633000000001,"LOS ANGELES","LOS ANGELES",-118.25634899000001,34.055659859999999
90291341,2016,2016-10-13,9535,2016-09-25,1920,019135,,7,2,5,1901,0,1,1,,2,070,"I-710 (LONG BEACH FREEWAY) N/B","VALLEY BLVD",30.00,S,N,A,-,Y,,,710,,,,,,N,Y,4,0,1,2,A,-,01,23152,A,N,C,C,A,A,H,-,C,A,0,,,,,Y,Y,M,47,0,0,1,0,0,0,0,0,0,"- ","- ",34.074959999999997,-118.16073,"LOS ANGELES",ALHAMBRA,-118.16073187000001,34.074959990000004
90292457,2016,2017-03-01,9535,2016-10-03,2330,021143,,1,3,9,1900,0,1,1,,2,651,"I-605 S/B (SAN GABRIEL RIVER FREEWAY)",SR-60,3650.00,N,N,A,-,Y,,,,,,,,,,Y,4,0,1,2,A,-,01,23152,A,N,B,E,A,A,H,-,D,D,0,,,,,Y,Y,A,01,0,0,1,0,0,0,0,0,0,"- ","- ",34.022440000000003,-118.01031999999999,"LOS ANGELES",UNINCORPORATED,-118.01786004,34.039931899999999
90292861,2016,2016-10-17,9590,2016-10-16,0545,021291,,7,3,7,1942,0,1,1,,2,060,"I-10 E/B (SANTA MONICA FREEWAY)","WESTERN AVENUE",750.00,E,N,A,-,Y,,,,,,,,,,Y,4,0,1,1,A,-,01,23152,A,N,E,I,A,A,H,-,C,D,0,,,,,Y,Y,A,07,0,0,1,0,0,0,0,0,0,"- ","- ",34.030709999999999,-118.30632,"LOS ANGELES","LOS ANGELES",-118.30661924,34.037057109999999
90293418,2016,2016-10-17,9550,2016-10-10,1230,020969,,1,1,6,1920,0,1,1,,2,500,"INTERSTATE 5 N/B (SANTA ANA FREEWAY)","FLORENCE AVENUE",815.00,S,N,A,-,Y,,,5,,,,,,N,Y,4,0,1,3,A,-,01,23152,A,N,C,C,A,A,H,-,A,D,0,,,,,Y,Y,A,01,0,0,1,0,0,0,0,0,0,"- ","- ",33.93515,-118.09223,"LOS ANGELES",DOWNEY,-118.09239859,33.935030920000003
90293862,2016,2016-10-17,9580,2016-10-10,1805,018322,,1,2,9,1900,0,2,4,,1,127,"MALIBU CANYON RD","POTTER RD",1584.00,N,N,A,-,N,,,,,,,,,,Y,3,0,1,1,A,-,01,23152,A,M,E,I,A,A,H,-,B,D,0,,,,,Y,Y,A,01,0,1,0,0,0,0,0,0,0,"- ","- ",34.047350000000002,-118.69201,"LOS ANGELES",UNINCORPORATED,-118.69231477,34.047916239999999
90294809,2016,2017-04-19,9525,2016-08-04,1604,017506,,4,2,6,1955,0,1,3,,2,571,"SR-57 SOUTHBOUND TO I-10 EASTBOUND","INTERSTATE 10",312.00,N,N,A,-,Y,,,57,,,,R,,S,Y,1,1,0,1,A,-,00,23152,G,N,E,I,A,A,H,-,A,D,0,,,,,Y,Y,D,22,0,0,0,0,0,0,0,0,0,"- ","- ",34.066389999999998,-117.80767,"LOS ANGELES",POMONA,-117.80767,34.066389999999998
90294955,2016,2016-10-24,9575,2016-08-17,0408,020918,,3,3,7,1942,0,1,1,,2,053,"I-5 N/B TO SR-118 E/B","SR-118 (RONALD REGAN FWY)",1320.00,S,N,A,-,Y,,,5,,,,R,,N,Y,1,1,0,1,A,-,08,22107,,N,E,I,A,A,H,-,C,D,0,,,,,Y,Y,A,01,0,0,0,0,0,0,0,0,0,"- ","- ",34.264429999999997,-118.441,"LOS ANGELES","LOS ANGELES",-118.441,34.264429999999997
9029700,2019,2020-02-04,1942,2019-12-23,0315,38771,1505,1,5,7,1942,0,0,0,O,0,26T38,"LANKERSHIM BL","SHERMAN WY",12.00,N,N,C,-,N,,,,,,,,,,Y,2,0,1,2,A,-,01,23152,A,N,D,C,A,B,H,-,C,A,0,,,,Y,Y,Y,A,01,1,0,0,0,0,0,0,0,0,"- ","- ",,,"LOS ANGELES","LOS ANGELES",-118.38777923583984,34.201221466064453
90301195,2016,2016-10-25,9550,2016-10-24,1600,021261,,1,2,9,1900,0,3,5,,2,001,"WASHINGTON BLVD W/B","SORENSON AVE",70.00,E,N,A,-,N,,,,,,,,,,Y,4,0,1,3,A,-,01,23152,A,N,C,C,A,A,H,-,A,A,0,,,,,Y,Y,A,01,0,0,1,0,0,0,0,0,0,"- ","- ",33.969349999999999,-118.05970000000001,"LOS ANGELES",UNINCORPORATED,-118.0597985,33.969317259999997
90305512,2016,2016-12-07,9550,2016-08-14,0223,021110,,7,3,5,1919,0,1,3,,2,091,"STATE ROUTE 91 W/B (ARTESIA FREEWAY)","INTERSTATE 605 N/B",340.00,W,N,A,-,Y,,,91,,,,,,W,Y,1,1,3,2,A,-,07,21658,A,N,C,C,A,A,H,-,C,D,0,,,,,Y,Y,A,07,0,2,1,0,0,0,0,0,0,"- ","- ",33.876460000000002,-118.10381,"LOS ANGELES",CERRITOS,-118.10380968,33.876370139999999
90307431,2016,2016-10-31,9550,2016-10-22,0215,020948,,6,3,9,1900,0,3,5,,2,005,"HARBOR BOULEVARD","DUBLIN WAY",0.00,,N,A,-,N,,,,,,,,,,Y,3,0,2,2,A,-,08,22107,,F,B,C,A,A,H,-,C,D,0,,,,,Y,Y,-,99,0,2,0,0,0,0,0,0,0,"- ","- ",33.963859999999997,-117.91446000000001,"LOS ANGELES",UNINCORPORATED,-117.9149001,33.964600070000003
90307930,2016,2016-11-01,9540,2016-10-29,1925,020837,,6,2,9,1900,0,1,1,,2,507,"I-5 S/B (GOLDEN STATE FWY)","MCBEAN PKY",500.00,N,N,B,-,Y,,,5,,,,,,S,Y,4,0,2,2,A,-,01,23152,A,N,B,C,A,A,H,-,C,D,0,,,,,Y,Y,D,22,0,0,2,0,0,0,0,0,0,"- ","- ",34.395589999999999,-118.57183999999999,"LOS ANGELES",UNINCORPORATED,-118.57178801000001,34.395602689999997
90308943,2016,2016-11-01,9580,2016-10-23,0123,020451,,7,3,7,1942,0,1,3,,2,114,"SR-118 E/B (RRF) TO I-5 S/B (SDF)","SHARP AVE",450.00,E,N,A,-,Y,,,118,,,,R,,E,Y,3,0,1,1,A,-,01,23152,A,N,E,I,A,A,H,-,D,D,0,,,,,Y,Y,A,01,0,1,0,0,0,0,0,0,0,"- ","- ",34.265050000000002,-118.44349,"LOS ANGELES","LOS ANGELES",-118.44349,34.265050000000002
90309291,2016,2016-11-02,9580,2016-10-22,0024,020828,,6,3,7,1942,0,1,3,,1,271,"SR-27 S/B (TOPANGA CYN. BLVD.)","OLD TOPANGA CANYON RD",300.00,S,N,A,-,Y,,,,,,,,,,Y,4,0,1,1,A,-,01,23152,A,N,F,A,A,A,H,-,D,D,0,,,Y,,Y,Y,C,02,0,0,1,0,0,0,0,0,1,"- ","- ",34.088819999999998,-118.60303999999999,"LOS ANGELES","LOS ANGELES",,
90309388,2016,2016-11-02,9545,2016-10-29,0304,020244,,6,3,9,1900,0,3,5,,2,004,"AVENUE M","50TH ST  E",30.00,E,N,A,-,N,,,,,,,,,,Y,3,0,1,1,A,-,01,23152,A,N,E,I,A,A,H,-,D,A,0,,,,,Y,Y,A,01,0,1,0,0,0,0,0,0,0,"- ","- ",34.645989999999998,-118.04073,"LOS ANGELES",UNINCORPORATED,-118.04089,34.64602
90309471,2016,2016-11-02,9565,2016-10-30,0440,021011,,7,3,9,1900,0,3,5,,2,004,"LENNOX BLVD.","DALEROSE AVE.",146.00,W,N,A,-,N,,,,,,,,,,Y,3,0,1,2,A,-,01,23152,A,N,B,E,A,A,H,-,C,D,0,,,,,Y,Y,A,01,0,1,0,0,0,0,0,0,0,"- ","- ",33.938229999999997,-118.36085,"LOS ANGELES",UNINCORPORATED,-118.36072043999999,33.938160000000003
90310152,2016,2016-12-13,9575,2016-10-22,1730,021144,,6,2,7,1942,0,1,1,,2,052,"I-5 N/B (GOLDEN STATE FREEWAY)","LANKERSHIM BLVD.",320.00,N,N,A,-,Y,,,5,,,,,,N,Y,4,0,2,3,C,-,18,,,N,E,J,A,A,H,-,B,D,0,,,,,Y,Y,-,"- ",0,0,2,0,0,0,0,0,0,"- ","- ",34.226619999999997,-118.38352999999999,"LOS ANGELES","LOS ANGELES",-118.38353060999999,34.226634070000003
90311532,2016,2016-11-04,9575,2016-10-07,0305,021342,,5,3,7,1942,0,1,3,,2,043,"SR-134 E/B TO I-5 S/B","ZOO DRIVE",560.00,N,N,A,-,Y,,,134,,,,R,,E,Y,3,0,1,2,A,-,01,23152,A,N,B,C,A,A,H,-,C,D,0,,,,,Y,Y,A,01,0,1,0,0,0,0,0,0,0,"- ","- ",34.151319999999998,-118.28100999999999,"LOS ANGELES","LOS ANGELES",-118.28100999999999,34.151319999999998