CASE_ID,ACCIDENT_YEAR,PROC_DATE,JURIS,COLLISION_DATE,COLLISION_TIME,OFFICER_ID,REPORTING_DISTRICT,DAY_OF_WEEK,CHP_SHIFT,POPULATION,CNTY_CITY_LOC,SPECIAL_COND,BEAT_TYPE,CHP_BEAT_TYPE,CITY_DIVISION_LAPD,CHP_BEAT_CLASS,BEAT_NUMBER,PRIMARY_RD,SECONDARY_RD,DISTANCE,DIRECTION,INTERSECTION,WEATHER_1,WEATHER_2,STATE_HWY_IND,CALTRANS_COUNTY,CALTRANS_DISTRICT,STATE_ROUTE,ROUTE_SUFFIX,POSTMILE_PREFIX,POSTMILE,LOCATION_TYPE,RAMP_INTERSECTION,SIDE_OF_HWY,TOW_AWAY,COLLISION_SEVERITY,NUMBER_KILLED,NUMBER_INJURED,PARTY_COUNT,PRIMARY_COLL_FACTOR,PCF_CODE_OF_VIOL,PCF_VIOL_CATEGORY,PCF_VIOLATION,PCF_VIOL_SUBSECTION,HIT_AND_RUN,TYPE_OF_COLLISION,MVIW,PED_ACTION,ROAD_SURFACE,ROAD_COND_1,ROAD_COND_2,LIGHTING,CONTROL_DEVICE,CHP_ROAD_TYPE,PEDESTRIAN_ACCIDENT,BICYCLE_ACCIDENT,MOTORCYCLE_ACCIDENT,TRUCK_ACCIDENT,NOT_PRIVATE_PROPERTY,ALCOHOL_INVOLVED,STWD_VEHTYPE_AT_FAULT,CHP_VEHTYPE_AT_FAULT,COUNT_SEVERE_INJ,COUNT_VISIBLE_INJ,COUNT_COMPLAINT_PAIN,COUNT_PED_KILLED,COUNT_PED_INJURED,COUNT_BICYCLIST_KILLED,COUNT_BICYCLIST_INJURED,COUNT_MC_KILLED,COUNT_MC_INJURED,PRIMARY_RAMP,SECONDARY_RAMP,LATITUDE,LONGITUDE,COUNTY,CITY,POINT_X,POINT_Y
90435349,2017,2017-04-17,9590,2017-04-16,0330,021291,,7,3,7,1942,0,1,1,,2,013,"SR-110 S/B (ARROYO SECO PARKWAY)","MARMION WAY",200.00,S,N,A,-,Y,,,110,,,,,,S,Y,3,0,4,2,A,-,01,23152,A,N,C,C,A,A,H,-,C,D,0,,,,,Y,Y,A,01,0,1,3,0,0,0,0,0,0,"- ","- ",34.1113,-118.18137,"LOS ANGELES","LOS ANGELES",-118.18137849,34.11125878
90435674,2017,2017-04-17,9530,2017-04-15,1938,020726,,6,2,9,1900,0,3,5,,2,001,"SANTA FE AVE. (7600 BLOCK)","FLOWER ST.",20.00,S,N,A,-,N,,,,,,,,,,Y,3,0,2,2,A,-,01,23152,A,F,B,C,A,A,H,-,C,D,0,,,,,Y,Y,A,07,0,1,1,0,0,0,0,0,0,"- ","- ",33.971440000000001,-118.2302,"LOS ANGELES",UNINCORPORATED,-118.23026,33.971315150000002
90436090,2017,2017-04-17,9530,2017-04-09,0135,021059,,7,3,7,1941,0,1,1,,2,430,"I-405 N/B (SAN DIEGO FREEWAY)","WARDLOW AVE.",550.00,N,N,B,-,Y,,,405,,,,,,N,Y,3,0,1,1,A,-,01,23152,A,N,E,I,A,A,H,-,C,D,0,,,,,Y,Y,A,01,0,1,0,0,0,0,0,0,0,"- ","- ",33.802709999999998,-118.11655,"LOS ANGELES","LONG BEACH",-118.11657400999999,33.802589930000003
90436847,2016,2017-04-18,9590,2016-12-19,0136,021086,,1,3,7,1942,0,1,1,,2,080,"I-5 N/B (GSF) TO I-10 (SBF)","STATE STREET",159.00,N,N,A,-,Y,,,5,,,,R,,N,Y,1,1,1,1,A,-,01,23152,A,N,E,I,A,A,H,-,D,A,0,,,,,Y,Y,A,01,1,0,0,0,0,0,0,0,0,"- ","- ",34.053190000000001,-118.21381,"LOS ANGELES","LOS ANGELES",-118.21381,34.053190000000001
90439252,2017,2017-04-21,9525,2017-04-01,0137,020544,,6,3,6,1955,0,1,3,,2,072,"SR-71 N/B (CHINO VALLEY FWY)","POMONA BLVD",302.00,S,N,A,-,Y,,,71,,,,,,N,Y,2,0,2,3,A,-,08,22107,,N,E,I,A,A,H,-,D,D,0,,,,,Y,Y,A,01,1,1,0,0,0,0,0,0,0,"- ","- ",34.057400000000001,-117.78493,"LOS ANGELES",POMONA,-117.78495737,34.057372479999998
90439995,2017,2017-04-24,9550,2017-04-16,0325,021150,,7,3,3,1964,0,1,1,,2,501,"I-5 S/B","VALLEY VIEW AVENUE",150.00,N,N,A,-,Y,,,5,,,,,,S,Y,4,0,1,1,A,-,01,23152,A,N,F,J,A,A,H,-,C,D,0,,,,,Y,Y,A,01,0,0,1,0,0,0,0,0,0,"- ","- ",33.88429,-118.02951,"LOS ANGELES","SANTA FE SPRINGS",-118.02948736,33.884332020000002
90440286,2017,2017-04-24,9550,2017-04-20,0420,020709,,4,3,5,1919,0,1,3,,2,091,"STATE ROUTE-91 E/B","INTERSTATE 605",25.00,E,N,A,-,Y,,,91,,,,,,E,Y,3,0,1,3,A,-,01,23152,A,N,C,C,A,A,H,-,C,D,0,,,,,Y,Y,A,01,0,1,0,0,0,0,0,0,0,"- ","- ",33.87621,-118.10216,"LOS ANGELES",CERRITOS,-118.10216085,33.876376530000002
90440841,2017,2017-04-24,9535,2017-04-01,0545,017302,,6,3,5,1915,0,1,1,,2,075,"I-710 (LONG BEACH FREEWAY) S/B","ALONDRA BLVD",950.00,N,N,A,-,Y,,,710,,,,,,S,Y,4,0,1,4,A,-,01,23152,A,N,C,C,A,A,H,-,C,D,0,,,,,Y,Y,A,01,0,0,1,0,0,0,0,0,0,"- ","- ",33.891710000000003,-118.18843,"LOS ANGELES",COMPTON,-118.18839453,33.891704330000003
90440875,2017,2017-04-24,9535,2017-04-08,0200,018527,,6,3,9,1900,0,3,5,,2,002,"WOODS AVE (300 BLOCK)","REPETTO AVE",70.00,N,N,B,C,N,,,,,,,,,,Y,3,0,1,4,A,-,01,23152,A,N,C,E,A,B,H,-,C,D,0,,,,,Y,Y,A,01,0,1,0,0,0,0,0,0,0,"- ","- ",34.031170000000003,-118.15521,"LOS ANGELES",UNINCORPORATED,-118.15525922,34.031201799999998
90441121,2017,2017-04-25,9550,2017-04-17,0245,020959,,1,3,9,1900,0,2,4,,1,042,"COLIMA ROAD","PUNTA DEL ESTE DR.",938.00,W,N,A,-,N,,,,,,,,,,Y,3,0,1,1,A,-,01,23152,A,N,E,I,A,A,H,-,C,D,0,,,,,Y,Y,A,01,0,1,0,0,0,0,0,0,0,"- ","- ",33.984470000000002,-117.95666,"LOS ANGELES",UNINCORPORATED,-117.95673024,33.984602330000001
90447359,2017,2017-05-02,9580,2017-04-28,2250,021187,,5,3,7,1942,0,1,2,,2,105,"US-101 S/B (VENTURA FREEWAY)","WHITE OAK AVE",300.00,N,N,A,-,Y,,,101,,,,,,S,N,4,0,1,2,A,-,01,23152,A,N,C,C,A,A,D,-,D,D,0,,,,,Y,Y,A,01,0,0,1,0,0,0,0,0,0,"- ","- ",34.17107,-118.52269,"LOS ANGELES","LOS ANGELES",-118.52268999,34.17109224
9044785,2019,2020-02-21,1942,2019-12-18,1155,43789,1375,3,5,7,1942,0,0,0,M,0,13X31,"COMPTON AV","53RD ST",0.00,,Y,A,-,N,,,,,,,,,,N,3,0,1,2,A,-,00,21760,2,F,H,G,A,A,H,-,A,D,0,,Y,,,Y,Y,-,99,0,1,0,0,0,0,1,0,0,"- ","- ",,,"LOS ANGELES","LOS ANGELES",-118.24777221679688,33.994819641113281
90447909,2017,2017-05-03,9530,2017-05-01,1425,018745,,1,2,9,1900,0,3,5,,2,002,"AVALON BLVD. (13100 BLOCK)","132ND ST.",35.00,N,N,A,-,N,,,,,,,,,,Y,4,0,1,2,A,-,01,23152,A,N,C,C,A,A,H,-,A,A,0,,,,,Y,Y,A,01,0,0,1,0,0,0,0,0,0,"- ","- ",33.912959999999998,-118.26533000000001,"LOS ANGELES",UNINCORPORATED,-118.26528896000001,33.912865979999999
90448622,2017,2017-05-03,9590,2017-05-01,1800,018529,,1,2,7,1942,0,1,1,,2,062,"I-10 E/B","GRAND AVE.",200.00,W,N,A,-,Y,,,10,,,,,,E,Y,4,0,1,2,A,-,01,23152,A,N,C,C,A,A,H,-,A,D,0,,,,,Y,Y,D,22,0,0,1,0,0,0,0,0,0,"- ","- ",34.034790000000001,-118.26772,"LOS ANGELES","LOS ANGELES",-118.2677187,34.03479231
90450112,2017,2017-05-05,9590,2017-03-11,0640,017878,,6,1,7,1942,0,1,1,,2,052,"I-110 N/B (HAF) TO ADAMS BLV","ADAMS BLVD",115.00,S,N,A,-,Y,,,110,,,,R,,N,Y,4,0,2,6,A,-,01,23152,A,F,C,C,A,A,H,-,A,D,0,,,,,Y,Y,D,22,0,0,2,0,0,0,0,0,0,"- ","- ",34.026969999999999,-118.27423,"LOS ANGELES","LOS ANGELES",-118.27423,34.026969999999999
90450333,2017,2017-05-08,9575,2017-04-18,2110,017414,,2,2,7,1942,0,1,1,,2,061,"I-210 E/B (FOOTHILL FREEWAY)","ORCAS AVE.",200.00,W,N,A,-,Y,,,210,,,,,,E,Y,4,0,2,2,A,-,01,23152,A,N,C,C,A,A,H,-,D,D,0,,,,,Y,Y,A,01,0,0,2,0,0,0,0,0,0,"- ","- ",34.273679999999999,-118.36968,"LOS ANGELES","LOS ANGELES",-118.36967867,34.273701639999999
90452634,2017,2017-05-10,9550,2017-04-30,1735,021121,,7,2,9,1900,0,3,5,,2,002,"LAUREL AVENUE","FLORENCE AVENUE",165.00,S,N,A,-,N,,,,,,,,,,Y,4,0,1,3,A,-,01,23152,A,N,B,E,A,A,H,-,A,D,0,,,,,Y,Y,A,01,0,0,1,0,0,0,0,0,0,"- ","- ",33.935169999999999,-118.04881,"LOS ANGELES",UNINCORPORATED,-118.04880208,33.935367589999998
90454148,2017,2017-05-11,9535,2017-04-30,0110,021381,,7,3,9,1900,0,3,5,,2,002,"UNION PACIFIC AVE. (4300 BLOCK)","SUNOL DR.",42.00,E,N,A,-,N,,,,,,,,,,Y,4,0,1,2,A,-,11,21954,A,N,G,B,D,A,H,-,C,D,0,Y,,,,Y,Y,N,60,0,0,1,0,1,0,0,0,0,"- ","- ",34.016370000000002,-118.17871,"LOS ANGELES",UNINCORPORATED,-118.1788517,34.016561359999997
90455357,2017,2017-05-15,9575,2017-05-06,0250,020729,,6,3,6,1925,0,1,3,,2,090,"SR-2 E/B (GLENDALE FREEWAY)","VERDUGO BLVD.",500.00,W,N,A,-,Y,,,2,,,,,,E,Y,3,0,1,1,A,-,01,23152,A,N,E,I,A,A,H,-,C,D,0,,,,,Y,Y,A,01,0,1,0,0,0,0,0,0,0,"- ","- ",34.204129999999999,-118.2184,"LOS ANGELES",GLENDALE,-118.21833889,34.20411593
90456311,2017,2017-05-16,9525,2017-05-14,1633,021393,,7,2,5,1906,0,1,1,,2,103,"I-10 W/B (SAN BERNARDINO FWY)","FRAZIER ST.",1300.00,E,N,A,-,Y,,,10,,,,,,W,Y,2,0,3,5,A,-,01,23152,A,N,C,E,E,A,H,-,A,D,0,Y,,,,Y,Y,A,01,2,0,1,0,2,0,0,0,0,"- ","- ",34.067019999999999,-117.98650000000001,"LOS ANGELES","BALDWIN PARK",-117.98649516,34.066983710000002
90456844,2017,2017-05-16,9590,2017-05-14,1705,021291,,7,2,7,1942,0,1,1,,2,052,"I-110 N/B (HAF) FROM I-10 (SMF)","PICO BLVD",200.00,S,N,A,-,Y,,,110,,,,R,,N,N,3,0,1,1,A,-,01,23152,A,N,F,A,A,A,H,-,A,D,0,,,Y,,Y,Y,C,02,0,1,0,0,0,0,0,0,1,"- ","- ",34.041440000000001,-118.27329,"LOS ANGELES","LOS ANGELES",-118.27329,34.041440000000001
9045894,2019,2020-02-20,1942,2019-12-12,2130,43865,0457,4,5,7,1942,0,0,0,D,0,4A97,"MOTT ST","CINCINNATI ST",60.00,S,N,A,-,N,,,,,,,,,,N,2,0,1,3,A,-,03,22350,,N,G,B,E,A,H,-,C,D,0,Y,,,,Y,Y,A,01,1,0,0,0,1,0,0,0,0,"- ","- ",,,"LOS ANGELES","LOS ANGELES",-118.20367431640625,34.045822143554688
90459174,2017,2017-05-19,9545,2017-05-06,0040,020244,,6,3,9,1900,0,3,5,,2,004,"50TH ST  E","AVENUE P",3960.00,N,N,A,-,N,,,,,,,,,,Y,3,0,3,2,A,-,01,23152,A,N,B,C,A,A,H,-,D,D,0,,,,,Y,Y,A,01,0,2,1,0,0,0,0,0,0,"- ","- ",34.604649999999999,-118.0408,"LOS ANGELES",UNINCORPORATED,-118.04097152,34.61283684
90459475,2017,2017-05-30,9580,2017-05-15,0156,021187,,1,3,7,1942,0,1,3,,2,170,"SR-170 N/B (HOLLYWOOD FWY.)","ROSCOE BLVD",200.00,N,N,A,-,Y,,,170,,,,,,N,Y,3,0,1,1,A,-,01,23152,A,N,B,I,A,A,H,-,D,D,0,,,,,Y,Y,A,01,0,1,0,0,0,0,0,0,0,"- ","- ",34.227249999999998,-118.41067,"LOS ANGELES","LOS ANGELES",-118.41066635999999,34.22724899
90460138,2017,2017-05-22,9530,2017-05-12,2035,020548,,5,2,9,1900,0,3,5,,2,001,"COMPTON AVE.","58TH DR.",0.00,,Y,A,-,N,,,,,,,,,,Y,3,0,1,3,A,-,01,23152,A,N,B,E,A,A,H,-,C,D,0,,,,,Y,Y,A,01,0,1,0,0,0,0,0,0,0,"- ","- ",33.987560000000002,-118.24777,"LOS ANGELES",UNINCORPORATED,-118.24776011,33.987860050000002
90460232,2017,2017-05-22,9575,2017-04-29,2200,021283,,6,3,9,1900,0,3,5,,2,003,"LITTLE TUJUNGA CANYON ROAD","FOOTHILL BLVD.",12672.00,N,N,A,-,Y,,,,,,,,,,Y,3,0,1,1,A,-,01,23152,A,N,E,I,A,A,H,-,D,D,0,,,,,Y,Y,A,01,0,1,0,0,0,0,0,0,0,"- ","- ",34.17597,-118.21646,"LOS ANGELES",UNINCORPORATED,,
9046171,2019,2020-02-20,1942,2019-12-31,2345,39041,1341,2,5,7,1942,0,0,0,M,0,13A41,"MARTIN LUTHER KING BL","BROADWAY BL",15.00,W,N,A,-,N,,,,,,,,,,N,4,0,2,2,A,-,01,23152,A,N,C,C,A,A,H,-,C,A,0,,,,,Y,Y,A,01,0,0,2,0,0,0,0,0,0,"- ","- ",,,"LOS ANGELES","LOS ANGELES",-118.27745819091797,34.011127471923828
9046300,2020,2021-04-22,1922,2020-01-22,1425,696,,3,5,6,1922,0,0,0,,0,,"VALLEY BL","PECK RD",300.00,E,N,A,-,N,,,,,,,,,,N,1,1,0,2,A,-,11,21954,A,N,A,B,D,A,H,-,A,D,0,Y,,,,Y,Y,N,60,0,0,0,1,0,0,0,0,0,"- ","- ",,,"LOS ANGELES","EL MONTE",-118.02738189697266,34.068386077880859
90466126,2017,2017-05-29,9550,2017-05-27,1535,020932,,6,2,9,1900,0,2,4,,1,051,"FULLERTON ROAD NORTHBOUND","LOS PALACIOS DRIVE",350.00,N,N,A,-,N,,,,,,,,,,Y,4,0,1,4,A,-,01,23152,A,N,B,C,A,A,H,-,A,D,0,,,,,Y,Y,A,01,0,0,1,0,0,0,0,0,0,"- ","- ",33.991900000000001,-117.9053,"LOS ANGELES",UNINCORPORATED,-117.90536776,33.991896400000002
90466379,2017,2017-05-29,9565,2017-05-12,2230,021640,,5,3,7,1942,0,1,1,,2,082,"I-10 W/B (SANTA MONICA FWY)","WESTWOOD BLVD.",100.00,E,N,A,-,Y,,,,,,,,,,Y,3,0,1,3,A,-,01,23152,A,N,C,C,A,A,H,-,D,D,0,,,,,Y,Y,A,01,0,1,0,0,0,0,0,0,0,"- ","- ",34.154960000000003,-118.25178,"LOS ANGELES","LOS ANGELES",-118.42166055,34.031880000000001
90467517,2017,2017-05-30,9580,2017-05-21,0610,021475,,7,1,7,1942,0,1,2,,2,105,"US-101 S/B FROM WINNETKA AVE","WINNETKA AVE",30.00,S,N,A,-,Y,,,101,,,,R,,S,Y,3,0,1,1,A,-,01,23152,A,N,E,I,A,A,H,-,B,D,0,,,,,Y,Y,A,01,0,1,0,0,0,0,0,0,0,"- ","- ",34.171909999999997,-118.57065,"LOS ANGELES","LOS ANGELES",-118.57065,34.171909999999997
90467620,2017,2017-05-31,9550,2017-05-28,0040,021150,,7,3,6,1949,0,1,1,,2,652,"INTERSTATE 605 S/B","ALONDRA BOULEVARD",550.00,S,N,A,-,Y,,,605,,,,,,S,Y,3,0,6,2,A,-,07,21658,A,F,B,C,A,A,H,-,C,D,0,,,,,Y,Y,-,99,0,4,2,0,0,0,0,0,0,"- ","- ",33.885350000000003,-118.10449,"LOS ANGELES",NORWALK,-118.10448475,33.885350350000003
90467904,2017,2017-09-11,9530,2017-05-29,0037,021174,,1,3,5,1915,0,3,5,,2,004,"ARTESIA BLVD.","ACACIA AVE.",0.00,,Y,A,-,N,,,,,,,,,,Y,2,0,2,3,A,-,01,23152,A,N,E,I,A,A,H,-,C,D,0,,,,,Y,Y,A,01,2,0,0,0,0,0,0,0,0,"- ","- ",33.87359,-118.22466,"LOS ANGELES",COMPTON,-118.22483004,33.873600029999999
90469046,2017,2017-06-01,9545,2017-05-20,2020,018862,,6,2,9,1900,0,3,5,,2,004,"90TH ST E","AVENUE R8",400.00,N,N,A,-,N,,,,,,,,,,N,3,0,1,2,A,-,11,21954,A,N,G,B,E,A,H,-,D,D,0,Y,,,,Y,Y,N,60,0,1,0,0,1,0,0,0,0,"- ","- ",34.566139999999997,-117.96969,"LOS ANGELES",UNINCORPORATED,-117.96965464,34.566126410000003
90470420,2017,2017-06-05,9530,2017-05-26,0145,020935,,5,3,7,1942,0,1,1,,2,110,"I-110 N/B (HARBOR FREEWAY)","IMPERIAL HWY.",50.00,N,N,A,-,Y,,,110,,,,,,N,Y,3,0,1,2,A,-,01,23152,A,N,C,C,A,A,H,-,C,D,0,,,,,Y,Y,A,07,0,1,0,0,0,0,0,0,0,"- ","- ",33.931399999999996,-118.28019999999999,"LOS ANGELES","LOS ANGELES",-118.27999875,33.931385859999999
90470537,2017,2017-06-05,9550,2017-05-24,0330,021150,,3,3,9,1900,0,1,1,,2,650,"I-605 (SAN GABRIEL RIVER FREEWAY) N/B","WASHINGTON BOULEVARD",100.00,S,N,A,-,Y,,,605,,,,,,N,Y,3,0,1,2,A,-,01,23152,A,N,C,C,A,A,H,-,C,D,0,,,,Y,Y,Y,A,01,0,1,0,0,0,0,0,0,0,"- ","- ",33.973790000000001,-118.07997,"LOS ANGELES",UNINCORPORATED,-118.07998429,33.973794929999997
90471678,2017,2017-06-06,9590,2017-05-18,0137,021678,,4,3,7,1942,0,1,2,,2,071,"US-101 S/B (HOF) FROM RAMPART BLVD.","BENTON WAY",267.00,S,N,A,-,Y,,,101,,,,R,,S,Y,3,0,2,3,A,-,01,23152,A,N,B,C,A,A,H,-,C,D,0,,,,,Y,Y,A,01,0,2,0,0,0,0,0,0,0,"- ","- ",34.074710000000003,-118.27341,"LOS ANGELES","LOS ANGELES",-118.27341,34.074710000000003
90473379,2017,2017-06-08,9550,2017-05-27,0010,021261,,6,3,6,1920,0,1,1,,2,651,"I-605 S/B (SAN GABRIEL RIVER FREEWAY)","FLORENCE AVE",300.00,N,N,A,-,Y,,,605,,,,,,S,Y,2,0,1,1,A,-,01,23152,A,N,F,I,A,A,H,-,C,D,0,,,Y,,Y,Y,C,02,1,0,0,0,0,0,0,0,1,"- ","- ",33.938960000000002,-118.09786,"LOS ANGELES",DOWNEY,-118.09788008,33.938970570000002
90473456,2017,2017-06-08,9590,2017-05-30,0130,020409,,2,3,7,1942,0,1,2,,2,071,"US-101 S/B TO I-110 S/B","TEMPLE STREET",400.00,N,N,A,-,Y,,,101,,,,R,,S,Y,3,0,1,1,A,-,01,23152,A,N,E,I,A,A,H,-,C,D,0,,,,,Y,Y,A,01,0,1,0,0,0,0,0,0,0,"- ","- ",34.062849999999997,-118.24961,"LOS ANGELES","LOS ANGELES",-118.24961,34.062849999999997
90473640,2017,2017-06-08,9580,2017-05-30,2300,018297,,2,3,7,1942,0,1,2,,2,105,"US-101 S/B (VENTURA FREEWAY)","BURBANK BLVD",50.00,S,N,A,-,Y,,,101,,,,,,S,Y,3,0,1,1,A,-,01,23152,A,N,E,I,A,A,H,-,D,D,0,,,,,Y,Y,A,07,0,1,0,0,0,0,0,0,0,"- ","- ",34.172080000000001,-118.53259,"LOS ANGELES","LOS ANGELES",-118.5325866,34.172088049999999
90474463,2017,2017-06-09,9565,2017-05-18,1220,021572,,4,1,5,1928,0,1,1,,2,010,"I-105 W/B TO HAWTHORNE BLVD","HAWTHORNE BLVD",40.00,E,N,A,-,Y,,,105,,,,R,,W,Y,3,0,1,3,A,-,01,23152,A,N,C,C,A,A,H,-,A,A,0,,,,Y,Y,Y,A,01,0,1,0,0,0,0,0,0,0,"- ","- ",33.934100000000001,-118.35232999999999,"LOS ANGELES",HAWTHORNE,-118.35232999999999,33.934100000000001
90474843,2017,2017-06-09,9530,2017-06-02,0118,021235,,5,3,5,1977,0,1,3,,2,310,"SR-91 E/B (ARTESIA FREEWAY)","MAIN ST.",400.00,W,N,A,-,Y,,,91,,,,,,E,Y,3,0,1,2,A,-,07,21658,A,F,E,I,A,A,H,-,B,D,0,,,,,Y,Y,-,99,0,1,0,0,0,0,0,0,0,"- ","- ",33.872590000000002,-118.2765,"LOS ANGELES",CARSON,-118.27650002999999,33.872609249999996
90475080,2017,2017-06-12,9575,2017-05-09,0028,021669,,2,3,9,1900,0,2,4,,2,022,"LINCOLN AVENUE (3500 BLOCK)","LA VINA LANE",444.00,S,N,A,-,N,,,,,,,,,,Y,3,0,1,1,A,-,08,22107,,N,E,I,A,A,H,-,C,D,0,,,,,Y,Y,A,01,0,1,0,0,0,0,0,0,0,"- ","- ",34.207050000000002,-118.15925,"LOS ANGELES",UNINCORPORATED,-118.15944057,34.206518699999997
90475166,2017,2017-06-26,9590,2017-05-27,0323,021643,,6,3,7,1942,0,1,2,,2,071,"US-101 S/B (SANTA ANA FREEWAY)","ALAMEDA ST.",800.00,S,N,A,-,Y,,,101,,,,,,S,Y,3,0,2,2,A,-,01,23152,A,N,C,C,A,A,H,-,C,D,0,,,,,Y,Y,A,01,0,1,1,0,0,0,0,0,0,"- ","- ",34.053660000000001,-118.23609999999999,"LOS ANGELES","LOS ANGELES",-118.23609926,34.053712300000001
90476173,2017,2017-06-12,9590,2017-05-09,2046,021622,,2,2,7,1942,0,1,2,,2,073,"US-101 S/B (HOF) TO UNION AENUE","GLENDALE BOULEVARD",500.00,N,N,A,-,Y,,,101,,,,R,,S,Y,3,0,2,2,A,-,01,23152,A,N,E,I,A,A,H,-,C,D,0,,,,Y,Y,Y,A,01,0,2,0,0,0,0,0,0,0,"- ","- ",34.070120000000003,-118.26300000000001,"LOS ANGELES","LOS ANGELES",-118.26300000000001,34.070120000000003
90476455,2017,2017-06-13,9535,2017-06-02,2330,021353,,5,3,9,1900,0,2,4,,2,018,"3RD ST (5000 BLOCK)","WOODS AVE",400.00,W,N,A,-,N,,,,,,,,,,Y,3,0,1,1,A,-,01,23152,A,N,E,I,A,A,H,-,C,D,0,,,,,Y,Y,A,01,0,1,0,0,0,0,0,0,0,"- ","- ",34.033430000000003,-118.15703000000001,"LOS ANGELES",UNINCORPORATED,-118.15707716999999,34.03349
90476474,2017,2017-06-13,9540,2017-05-23,2135,020079,,2,2,9,1900,0,2,4,,2,010,"THE OLD ROAD (25500 BLOCK)","MARKET DRIVE NORTH",380.00,S,N,A,-,N,,,,,,,,,,Y,3,0,1,2,A,-,01,23152,A,N,C,C,A,A,H,-,C,D,0,,,,,Y,Y,A,01,0,1,0,0,0,0,0,0,0,"- ","- ",34.385309999999997,-118.57163,"LOS ANGELES",UNINCORPORATED,-118.57097625999999,34.381735839999997
9047688,2020,2020-06-09,1942,2020-02-15,2040,43708,1984,6,5,7,1942,0,0,0,,0,19A85,"CHASE ST","TOBIAS AV",160.00,W,N,A,-,N,,,,,,,,,,Y,4,0,1,3,A,-,01,23152,A,F,A,D,A,A,H,-,C,A,0,,,,,Y,Y,-,,0,0,1,0,0,0,0,0,0,"- ","- ",,,"LOS ANGELES","LOS ANGELES",-118.45220947265625,34.224746704101562
90477210,2017,2017-06-13,9565,2017-06-12,2120,021524,,1,2,9,1900,0,2,4,,2,022,"NORMANDIE AVENUE","EL SEGUNDO BOULEVARD",0.00,,Y,A,-,N,,,,,,,,,,Y,2,0,1,2,A,-,01,23152,A,N,A,C,A,A,H,-,C,A,0,,,Y,,Y,Y,A,01,1,0,0,0,0,0,0,0,1,"- ","- ",33.916420000000002,-118.30038,"LOS ANGELES",UNINCORPORATED,-118.30039008999999,33.916430060000003
90477244,2017,2017-06-26,9530,2017-06-12,0200,020726,,1,3,9,1900,0,3,5,,2,002,"REDONDO BEACH BLVD.","AVALON BLVD.",0.00,,Y,A,-,N,,,,,,,,,,Y,3,0,3,2,A,-,01,23152,,F,D,C,A,A,H,-,C,A,0,,,,,Y,Y,A,01,0,1,2,0,0,0,0,0,0,"- ","- ",33.893210000000003,-118.26546999999999,"LOS ANGELES",UNINCORPORATED,-118.26540004,33.893220079999999
90478927,2017,2017-06-15,9550,2017-06-08,0710,020755,,4,1,7,1941,0,1,3,,2,090,"STATE ROUTE 91 (ARTESIA FREEWAY) W/B","OBISPO AVE.",40.00,E,N,A,-,Y,,,91,,,,,,W,N,4,0,1,2,A,-,03,22350,,F,C,C,A,A,H,-,A,D,0,,,,,Y,Y,-,99,0,0,1,0,0,0,0,0,0,"- ","- ",33.87715,-118.15548,"LOS ANGELES","LONG BEACH",-118.15546239,33.876960019999999
90480203,2017,2017-06-19,9575,2017-06-11,0050,021669,,7,3,7,1942,0,1,1,,2,053,"I-5 N/B TO TERRA BELLA STREET","TERRA BELLA STREET",300.00,N,N,B,-,Y,,,5,,,,R,,N,Y,2,0,1,1,A,-,01,23152,A,N,E,I,A,A,H,-,C,D,0,,,,,Y,Y,A,01,1,0,0,0,0,0,0,0,0,"- ","- ",34.251609999999999,-118.42895,"LOS ANGELES","LOS ANGELES",-118.42895,34.251609999999999
90480454,2017,2017-06-19,9540,2017-06-10,1745,019337,,6,2,9,1900,0,2,4,,1,204,"BOUQUET CANYON ROAD","TEXAS CANYON RD",6336.00,N,N,A,-,N,,,,,,,,,,Y,2,0,1,1,A,-,08,22107,,N,F,A,A,A,H,-,A,D,0,,,Y,,Y,Y,C,02,1,0,0,0,0,0,0,0,1,"- ","- ",34.516889999999997,-118.44762,"LOS ANGELES",UNINCORPORATED,-118.45164496,34.505772299999997
90480570,2017,2017-06-19,9530,2017-06-18,1825,021310,,7,2,9,1900,0,3,5,,2,002,"EL SEGUNDO BLVD. (2300 BLOCK)","WILLOWBROOK AVE. EAST",0.00,,Y,A,-,N,,,,,,,,,,Y,4,0,3,2,A,-,01,23152,A,N,D,C,A,A,H,-,A,A,0,,,,,Y,Y,A,01,0,0,3,0,0,0,0,0,0,"- ","- ",33.916200000000003,-118.23090000000001,"LOS ANGELES",UNINCORPORATED,-118.23168010000001,33.916200029999999
90481519,2017,2017-06-20,9550,2017-06-08,2208,021261,,4,3,5,1919,0,1,1,,2,652,"I-605 (SAN GADRIEL RIVER FREEWAY)","SOUTH ST",1000.00,N,N,A,-,Y,,,605,,,,,,,Y,3,0,1,3,A,-,08,22107,,N,E,I,A,A,H,-,C,D,0,,,,,Y,Y,A,07,0,1,0,0,0,0,0,0,0,"- ","- ",33.861060000000002,-118.09690999999999,"LOS ANGELES",CERRITOS,-118.09679310999999,33.861100989999997