CASE_ID,ACCIDENT_YEAR,PROC_DATE,JURIS,COLLISION_DATE,COLLISION_TIME,OFFICER_ID,REPORTING_DISTRICT,DAY_OF_WEEK,CHP_SHIFT,POPULATION,CNTY_CITY_LOC,SPECIAL_COND,BEAT_TYPE,CHP_BEAT_TYPE,CITY_DIVISION_LAPD,CHP_BEAT_CLASS,BEAT_NUMBER,PRIMARY_RD,SECONDARY_RD,DISTANCE,DIRECTION,INTERSECTION,WEATHER_1,WEATHER_2,STATE_HWY_IND,CALTRANS_COUNTY,CALTRANS_DISTRICT,STATE_ROUTE,ROUTE_SUFFIX,POSTMILE_PREFIX,POSTMILE,LOCATION_TYPE,RAMP_INTERSECTION,SIDE_OF_HWY,TOW_AWAY,COLLISION_SEVERITY,NUMBER_KILLED,NUMBER_INJURED,PARTY_COUNT,PRIMARY_COLL_FACTOR,PCF_CODE_OF_VIOL,PCF_VIOL_CATEGORY,PCF_VIOLATION,PCF_VIOL_SUBSECTION,HIT_AND_RUN,TYPE_OF_COLLISION,MVIW,PED_ACTION,ROAD_SURFACE,ROAD_COND_1,ROAD_COND_2,LIGHTING,CONTROL_DEVICE,CHP_ROAD_TYPE,PEDESTRIAN_ACCIDENT,BICYCLE_ACCIDENT,MOTORCYCLE_ACCIDENT,TRUCK_ACCIDENT,NOT_PRIVATE_PROPERTY,ALCOHOL_INVOLVED,STWD_VEHTYPE_AT_FAULT,CHP_VEHTYPE_AT_FAULT,COUNT_SEVERE_INJ,COUNT_VISIBLE_INJ,COUNT_COMPLAINT_PAIN,COUNT_PED_KILLED,COUNT_PED_INJURED,COUNT_BICYCLIST_KILLED,COUNT_BICYCLIST_INJURED,COUNT_MC_KILLED,COUNT_MC_INJURED,PRIMARY_RAMP,SECONDARY_RAMP,LATITUDE,LONGITUDE,COUNTY,CITY,POINT_X,POINT_Y
90816375,2018,2018-09-19,9530,2018-09-07,2113,021094,,5,2,7,1941,0,1,1,,2,420,"I-405 S/B (SAN DIEGO FREEWAY)","TEMPLE AVE.",385.00,N,N,A,-,Y,,,405,,,,,,S,Y,4,0,1,1,A,-,01,23152,A,N,E,I,A,A,H,-,D,D,0,,,,,Y,Y,A,01,0,0,1,0,0,0,0,0,0,"- ","- ",33.810798645019531,-118.16020202636719,"LOS ANGELES","LONG BEACH",-118.16022491455078,33.810749053955078
90816735,2018,2018-09-19,9525,2018-09-07,2352,020719,,5,3,5,1990,0,1,3,,2,603,"SR-60 W/B (POMONA FWY)","GRAND AVE",2112.00,E,N,A,-,Y,,,60,,,,,,W,Y,4,0,2,3,A,-,01,23152,A,N,C,C,A,A,D,-,C,D,0,,,,,Y,Y,A,01,0,0,2,0,0,0,0,0,0,"- ","- ",34.015129089355469,-117.8189697265625,"LOS ANGELES","DIAMOND BAR",-117.81891632080078,34.015087127685547
90816871,2018,2019-04-08,9575,2018-05-25,1710,021879,,5,2,9,1900,0,1,3,,2,303,"SR-2 (ANGELES CREST HIGHWAY)","MT. MOONEY RD.",4131.00,E,N,B,-,Y,,,2,,,,,,,Y,1,1,0,1,A,-,03,22350,,N,F,A,A,A,H,-,A,D,0,,,Y,,Y,Y,C,02,0,0,0,0,0,0,0,1,0,"- ","- ",34.319110870361328,-118.00279998779297,"LOS ANGELES",UNINCORPORATED,-118.00279998779297,34.319110870361328
90817251,2018,2018-09-21,9535,2018-09-10,0450,021599,,1,3,9,1900,0,2,4,,2,012,"CITY TERRACE DRIVE (3600 BLOCK)","HERBERT AVENUE",935.00,W,N,A,-,N,,,,,,,,,,Y,4,0,2,2,A,-,01,23152,A,N,C,E,A,A,H,-,C,D,0,,,,,Y,Y,A,07,0,0,2,0,0,0,0,0,0,"- ","- ",34.054859161376953,-118.18614959716797,"LOS ANGELES",UNINCORPORATED,-118.18682098388672,34.05487060546875
90817452,2018,2018-09-20,9565,2018-09-01,0200,022093,,6,3,7,1942,0,1,1,,2,062,"I-405 S/B TO I-10 EB","EXPOSITION BLVD",1300.00,S,N,A,-,Y,,,405,,,,R,,S,Y,3,0,1,1,A,-,01,23152,A,N,E,J,A,A,H,-,C,D,0,,,,,Y,Y,A,01,0,1,0,0,0,0,0,0,0,"- ","- ",34.031978607177734,-118.43511962890625,"LOS ANGELES","LOS ANGELES",-118.43511962890625,34.031978607177734
90819451,2018,2018-09-24,9530,2018-09-13,0435,020548,,4,3,9,1900,0,3,5,,2,001,"HOOPER AVE. (8800 BLOCK)","88TH PL.",80.00,N,N,A,-,N,,,,,,,,,,Y,3,0,1,3,A,-,01,23152,A,M,B,C,A,A,H,-,C,D,0,,,,,Y,Y,A,01,0,1,0,0,0,0,0,0,0,"- ","- ",33.956748962402344,-118.25393676757812,"LOS ANGELES",UNINCORPORATED,-118.25404357910156,33.956729888916016
90820356,2018,2018-09-25,9550,2018-09-15,0250,021100,,6,3,3,1964,0,1,1,,2,500,"I-5 NB","FLORENCE AVENUE",1650.00,S,N,A,-,Y,,,5,,,,,,N,Y,3,0,1,1,A,-,01,23152,A,N,E,I,A,A,H,-,C,D,0,,,,,Y,Y,A,01,0,1,0,0,0,0,0,0,0,"- ","- ",33.933330535888672,-118.09095764160156,"LOS ANGELES","SANTA FE SPRINGS",-118.09111785888672,33.933219909667969
9082385,2020,2020-05-19,1900,2020-02-05,1355,281372,1811,3,5,2,1904,0,0,0,,0,180C,"WRIGLEY RD","MIDDLE TERRACE RD",0.00,,Y,A,-,N,,,,,,,,,,N,3,0,1,1,A,-,01,23152,A,N,F,A,A,A,H,-,A,D,0,,,,,Y,Y,-,,0,1,0,0,0,0,0,0,0,"- ","- ",33.340110778808594,-118.32234954833984,"LOS ANGELES",AVALON,-118.32232666015625,33.34014892578125
90825092,2018,2018-10-02,9535,2018-09-16,1905,020347,,7,2,9,1900,0,3,5,,2,001,"MEDFORD ST (3200 BLOCK)","FISHBURN AVE",220.00,W,N,A,-,N,,,,,,,,,,Y,3,0,1,1,A,-,01,23152,A,N,E,I,A,A,H,-,C,D,0,,,,,Y,Y,D,22,0,1,0,0,0,0,0,0,0,"- ","- ",34.061100006103516,-118.19159698486328,"LOS ANGELES",UNINCORPORATED,-118.19135284423828,34.060966491699219
90825172,2018,2018-10-01,9525,2018-09-21,1922,020505,,5,2,6,1955,0,1,3,,2,571,"SR-57 S/B (ORANGE FWY)","TEMPLE AVE",200.00,N,N,A,-,Y,,,,,,,,,,Y,4,0,2,3,A,-,01,23152,A,N,C,C,A,A,H,-,C,D,0,,,,,Y,Y,D,22,0,0,2,0,0,0,0,0,0,"- ","- ",34.045719146728516,-117.8018798828125,"LOS ANGELES",POMONA,-117.80088043212891,34.044059753417969
90825579,2018,2018-10-01,9580,2018-09-24,0116,021461,,1,3,7,1942,0,1,1,,2,406,"I-405 N/B (SAN DIEGO FWY)","ROSCOE BLVD",400.00,S,N,A,-,Y,,,405,,,,,,N,Y,3,0,3,2,A,-,01,23152,A,N,C,C,A,A,H,-,C,D,0,,,,,Y,Y,A,01,0,3,0,0,0,0,0,0,0,"- ","- ",34.22100830078125,-118.47322082519531,"LOS ANGELES","LOS ANGELES",-118.47309112548828,34.22100830078125
9082592,2020,2020-06-25,1928,2020-03-08,0125,50416,507,7,5,5,1928,0,0,0,,0,502,"CRENSHAW BL","120TH ST",250.00,N,N,A,-,N,,,,,,,,,,Y,4,0,1,2,A,-,08,22107,,F,B,C,A,A,H,-,C,A,0,,,,,Y,Y,D,22,0,0,1,0,0,0,0,0,0,"- ","- ",33.923709869384766,-118.32646942138672,"LOS ANGELES",HAWTHORNE,-118.32642364501953,33.924404144287109
90826401,2018,2018-10-02,9530,2018-09-22,1050,021623,,6,1,5,1977,0,1,3,,2,310,"SR-91 W/B TO AVALON BLVD.","AVALON BLVD.",500.00,E,N,A,-,Y,,,91,,,,R,,W,Y,3,0,2,1,A,-,01,23152,A,N,E,I,A,A,H,-,A,D,0,,,,,Y,Y,A,01,0,2,0,0,0,0,0,0,0,"- ","- ",33.873931884765625,-118.26209259033203,"LOS ANGELES",CARSON,-118.26209259033203,33.873931884765625
90826646,2018,2018-10-02,9545,2018-09-27,1945,020849,,4,2,9,1900,0,3,5,,2,004,"170TH ST  E","AVENUE Q",1056.00,N,N,A,-,N,,,,,,,,,,Y,3,0,1,1,A,-,01,23152,A,N,F,A,A,A,H,-,D,D,0,,,,,Y,Y,D,22,0,1,0,0,0,0,0,0,0,"- ","- ",34.590141296386719,-117.82669830322266,"LOS ANGELES",UNINCORPORATED,-117.82676696777344,34.590095520019531
90827257,2018,2018-10-03,9580,2018-09-23,0540,020334,,7,3,9,1900,0,1,3,,2,119,"SR-118 W/B (RONALD REAGAN FWY.)","ROCKY PEAK RD.",1800.00,E,N,B,-,Y,,,118,,,,,,W,Y,2,0,2,2,A,-,01,23152,A,N,C,C,A,A,H,-,D,D,0,,,,,Y,Y,A,01,1,0,1,0,0,0,0,0,0,"- ","- ",34.273120880126953,-118.62931060791016,"LOS ANGELES",UNINCORPORATED,-118.62937164306641,34.273200988769531
90830949,2018,2018-10-08,9545,2018-09-30,0045,021695,,7,3,6,1950,0,1,3,,2,021,"SR-14 S/B","RAYBURN RD",241.00,N,N,A,-,Y,,,14,,,,,,S,Y,4,0,1,1,A,-,01,23152,A,N,E,I,A,A,H,-,D,D,0,,,,,Y,Y,A,07,0,0,1,0,0,0,0,0,0,"- ","- ",34.5726318359375,-118.13369750976562,"LOS ANGELES",PALMDALE,-118.13375854492188,34.572628021240234
90831556,2018,2018-10-09,9590,2018-09-30,1945,021667,,7,2,7,1942,0,1,3,,2,030,"SR-60 E/B (POMONA FREEWAY) FROM SOTO ST","S. SOTO STREET",5.00,E,N,A,-,Y,,,60,,,,R,,E,Y,4,0,1,1,A,-,08,22107,,N,E,I,A,A,H,-,C,D,0,,,,,Y,Y,A,01,0,0,1,0,0,0,0,0,0,"- ","- ",34.029281616210938,-118.21868133544922,"LOS ANGELES","LOS ANGELES",-118.21868133544922,34.029281616210938
90832423,2018,2018-10-10,9550,2018-09-29,0320,021532,,6,3,9,1900,0,3,5,,2,002,"TELEGRAPH ROAD","MILLS AVENUE",0.00,,Y,A,-,N,,,,,,,,,,Y,3,0,3,2,A,-,12,21453,A,N,D,C,A,A,H,-,C,A,0,,,,,Y,Y,A,07,0,3,0,0,0,0,0,0,0,"- ","- ",33.936958312988281,-118.04145812988281,"LOS ANGELES",UNINCORPORATED,-118.04161071777344,33.936939239501953
9083272,2020,2020-07-16,1942,2020-03-11,1130,40936,1824,3,5,7,1942,0,0,0,R,0,18X36,"CENTURY BL","AVALON BL",100.00,E,N,A,-,N,,,,,,,,,,N,4,0,1,2,A,-,03,22350,,N,B,E,A,A,H,-,A,D,0,,,,,Y,Y,A,01,0,0,1,0,0,0,0,0,0,"- ","- ",,,"LOS ANGELES","LOS ANGELES",-118.26485443115234,33.945610046386719
90838163,2018,2018-10-17,9580,2018-10-05,0009,021492,,5,3,7,1942,0,1,2,,2,102,"US-101 N/B TO WHITE OAK AVE.","WHITE OAK AVE",90.00,S,N,A,-,Y,,,101,,,,R,,N,Y,4,0,1,4,A,-,01,23152,A,N,E,I,A,A,H,-,C,A,0,,,,,Y,Y,A,01,0,0,1,0,0,0,0,0,0,"- ","- ",34.171489715576172,-118.51828765869141,"LOS ANGELES","LOS ANGELES",-118.51828765869141,34.171489715576172
90838425,2018,2018-10-17,9545,2018-10-05,1540,021851,,5,2,9,1900,0,1,3,,2,031,"SR-14 N/B","SIERRA HIGHWAY OC",3696.00,N,N,A,-,Y,,,14,,,,,,N,Y,4,0,1,2,A,-,03,22350,,N,C,C,A,A,H,-,A,D,0,,,,,Y,Y,D,22,0,0,1,0,0,0,0,0,0,"- ","- ",34.491531372070312,-118.12937927246094,"LOS ANGELES",UNINCORPORATED,-118.12940216064453,34.491592407226562
90838541,2018,2018-10-18,9535,2018-09-09,0315,021119,,7,3,9,1900,0,2,4,,2,021,"EASTERN AVENUE (400 BLOCK)","EAGLE STREET",180.00,S,N,A,-,N,,,,,,,,,,Y,4,0,1,3,A,-,01,23152,A,N,D,C,A,A,H,-,C,D,0,,,,,Y,Y,A,08,0,0,1,0,0,0,0,0,0,"- ","- ",34.029590606689453,-118.17401123046875,"LOS ANGELES",UNINCORPORATED,-118.17401123046875,34.029697418212891
90838981,2018,2018-10-18,9580,2018-10-08,0230,021475,,1,3,7,1942,0,1,2,,2,105,"US-101 S/B (VENTURA FREEWAY)","TAMPA AVE",528.00,S,N,A,-,Y,,,101,,,,,,S,Y,3,0,2,2,A,-,01,23152,A,N,C,C,A,A,H,-,A,D,0,,,,,Y,Y,A,01,0,1,1,0,0,0,0,0,0,"- ","- ",34.173439025878906,-118.55071258544922,"LOS ANGELES","LOS ANGELES",-118.55071258544922,34.173419952392578
90839909,2018,2018-12-26,9590,2018-10-17,0010,021673,,3,3,7,1942,0,1,1,,2,013,"SR-110 S/B (ASP)","PASADENA AVE",450.00,S,N,A,-,Y,,,110,,,,,,S,Y,3,0,5,4,A,-,01,23152,A,N,B,C,A,A,H,-,C,D,0,,,,,Y,Y,A,01,0,5,0,0,0,0,0,0,0,"- ","- ",34.086380004882812,-118.21401977539062,"LOS ANGELES","LOS ANGELES",-118.21402740478516,34.086421966552734
90840727,2018,2018-10-22,9550,2018-10-21,0105,021532,,7,3,5,1976,0,1,1,,2,650,"INTERSTATE 605 S/B","BEVERLY BOULEVARD",85.00,S,N,A,-,Y,,,605,,,,,,S,Y,4,0,1,3,A,-,01,23152,A,N,C,C,A,A,D,-,C,D,0,,,,,Y,Y,A,01,0,0,1,0,0,0,0,0,0,"- ","- ",34.00421142578125,-118.06423187255859,"LOS ANGELES",WHITTIER,-118.064208984375,34.004188537597656
90841214,2018,2018-10-23,9535,2018-10-19,2320,021551,,5,3,5,1952,0,1,1,,2,104,"I-105 E/B TO GARFIELD AVE","LOS ANGELES RIVER",475.00,E,N,A,-,Y,,,105,,,,R,,E,Y,3,0,3,1,A,-,01,23152,A,N,E,I,A,A,H,-,D,D,0,,,,,Y,Y,A,01,0,3,0,0,0,0,0,0,0,"- ","- ",33.911128997802734,-118.17594909667969,"LOS ANGELES",PARAMOUNT,-118.17594909667969,33.911128997802734
90843012,2018,2018-10-24,9580,2018-10-11,2140,018718,,4,2,7,1942,0,1,3,,2,170,"SR-170 N/B (HOLLYWOOD FWY.)","RIDRERSIDE DR.",500.00,N,N,A,-,Y,,,170,,,,,,N,Y,3,0,2,4,A,-,08,22107,,F,B,C,A,A,H,-,D,D,0,,,,,Y,Y,-,99,0,2,0,0,0,0,0,0,0,"- ","- ",34.159259796142578,-118.38052368164062,"LOS ANGELES","LOS ANGELES",-118.38017272949219,34.159412384033203
9084314,2020,2020-06-30,1942,2020-03-15,1840,40289,0491,7,5,7,1942,0,0,0,D,0,4A97,"S SOTO ST","EAST WASHINGTON BL",0.00,,Y,A,-,N,,,,,,,,,,Y,4,0,3,2,A,-,01,23152,A,N,D,C,A,A,H,-,A,A,0,,,,,Y,Y,A,01,0,0,3,0,0,0,0,0,0,"- ","- ",,,"LOS ANGELES","LOS ANGELES",-118.22004699707031,34.017288208007812
90846122,2018,2018-10-26,9540,2018-10-21,0005,021370,,7,3,6,1985,0,1,1,,2,506,"I-5 N/B (GOLDEN STATE FREEWAY)","MAGIC MOUNTAIN PKY",318.00,S,N,A,-,Y,,,5,,,,,,N,Y,3,0,1,4,A,-,01,23152,A,N,C,C,A,A,D,E,D,A,0,,,,,Y,Y,A,01,0,1,0,0,0,0,0,0,0,"- ","- ",34.422630310058594,-118.58293914794922,"LOS ANGELES","SANTA CLARITA",-118.58290100097656,34.422653198242188
90847613,2018,2018-10-29,9590,2018-10-20,2040,021906,,6,2,7,1942,0,1,2,,2,071,"US-101 S/B (SANTA ANA FREEWAY)","CENTER STREET",90.00,N,N,A,-,Y,,,101,,,,,,S,N,4,0,1,2,A,-,01,23152,A,N,C,C,A,A,H,-,C,D,0,,,,,Y,Y,A,07,0,0,1,0,0,0,0,0,0,"- ","- ",34.053249359130859,-118.23104858398438,"LOS ANGELES","LOS ANGELES",-118.23104095458984,34.053340911865234
90850488,2018,2018-11-01,9580,2018-10-24,0030,021236,,3,3,7,1942,0,1,3,,2,170,"SR-170 N/B (HOLLYWOOD FWY.)","MOORPARK ST",300.00,N,N,A,-,Y,,,,,,,,,,Y,3,0,1,1,A,-,01,23152,A,N,E,I,A,A,H,-,C,D,0,,,,,Y,Y,A,01,0,1,0,0,0,0,0,0,0,"- ","- ",34.15093994140625,-118.37445068359375,"LOS ANGELES","LOS ANGELES",-118.37471771240234,34.151042938232422
90850695,2018,2018-11-01,9545,2018-10-25,2005,016124,,4,2,9,1900,0,1,3,,1,042,SR-138,SR-18,1584.00,E,N,A,-,Y,,,138,,,,,,,Y,2,0,1,1,A,-,01,23152,A,N,E,I,A,A,H,-,D,D,0,,,,,Y,Y,A,01,1,0,0,0,0,0,0,0,0,"- ","- ",34.494331359863281,-117.73181915283203,"LOS ANGELES",UNINCORPORATED,-117.7318115234375,34.494346618652344
90852495,2018,2018-11-05,9550,2018-10-24,1545,022144,,3,2,9,1900,0,2,4,,1,051,"FULLERTON ROAD","HARBOR BOULEVARD",0.00,,Y,A,-,N,,,,,,,,,,Y,4,0,1,2,A,-,09,21802,A,N,D,C,A,A,H,-,A,A,0,,,,,Y,Y,D,22,0,0,1,0,0,0,0,0,0,"- ","- ",33.966621398925781,-117.91548156738281,"LOS ANGELES",UNINCORPORATED,-117.92487335205078,33.953849792480469
90852635,2018,2018-11-05,9590,2018-10-21,0125,021831,,7,3,7,1942,0,1,2,,2,073,"US-101 SB (HOLLYWOOD FREEWAY)","UNIVERSAL STUDIOS BLVD",1000.00,N,N,A,-,Y,,,101,,,,,,S,Y,3,0,1,2,A,-,01,23152,A,N,B,C,A,A,H,-,C,D,0,,,,,Y,Y,A,01,0,1,0,0,0,0,0,0,0,"- ","- ",34.134529113769531,-118.35769653320312,"LOS ANGELES","LOS ANGELES",-118.35769653320312,34.134544372558594
90852737,2018,2018-11-05,9530,2018-10-07,0900,022083,,7,1,7,1942,0,1,1,,2,110,"I-110 S/B (HARBOR FREEWAY)",SR-91,600.00,S,N,A,-,Y,,,110,,,,,,S,N,4,0,1,2,A,-,03,22350,,N,C,C,A,A,H,-,A,D,0,,,,,Y,Y,A,07,0,0,1,0,0,0,0,0,0,"- ","- ",33.870460510253906,-118.28507232666016,"LOS ANGELES","LOS ANGELES",-118.28507232666016,33.870460510253906
90853305,2018,2018-11-05,9530,2018-11-05,0131,021212,,1,3,9,1900,0,1,1,,2,120,"I-110 N/B (HARBOR FREEWAY)","SEPULVEDA BLVD.",100.00,S,N,A,-,Y,,,110,,,,,,N,Y,3,0,2,2,A,-,01,23152,A,F,C,C,A,A,H,-,D,D,0,,,,Y,Y,Y,A,07,0,1,1,0,0,0,0,0,0,"- ","- ",33.806121826171875,-118.28836822509766,"LOS ANGELES",UNINCORPORATED,-118.28816223144531,33.806072235107422
90853439,2018,2018-11-05,9580,2018-10-31,2310,021236,,3,3,7,1942,0,1,3,,2,170,"SR-170 N/B (HOLLYWOOD FWY.)","STRATHERN ST",500.00,S,N,A,-,Y,,,170,,,,,,N,N,3,0,1,1,C,-,18,,,N,E,I,A,A,H,-,C,D,0,,,,,Y,Y,-,"- ",0,1,0,0,0,0,0,0,0,"- ","- ",34.217769622802734,-118.40885925292969,"LOS ANGELES","LOS ANGELES",-118.40897369384766,34.217739105224609
90854053,2018,2018-11-06,9565,2018-10-20,0410,021658,,6,3,9,1900,0,1,1,,2,060,"I-405 N/B FROM CENTURY BLVD.","ARBOR VITAE ST",200.00,S,N,A,-,Y,,,,,,,,,,Y,3,0,1,1,A,-,01,23152,A,N,E,I,A,A,H,-,D,D,0,,,,,Y,Y,A,01,0,1,0,0,0,0,0,0,0,"- ","- ",33.951381683349609,-118.36863708496094,"LOS ANGELES",UNINCORPORATED,-118.36910247802734,33.952136993408203
90854452,2018,2018-11-06,9580,2018-10-28,2329,021461,,7,3,7,1942,0,1,2,,2,102,"US-101 N/B (VENTURA FREEWAY)","VAN NUYS BLVD",1500.00,S,N,A,-,Y,,,101,,,,,,N,Y,2,0,2,2,A,-,01,23152,A,N,E,I,A,A,H,-,C,D,0,,,,,Y,Y,D,22,1,0,1,0,0,0,0,0,0,"- ","- ",34.155399322509766,-118.44444274902344,"LOS ANGELES","LOS ANGELES",-118.44443511962891,34.155433654785156
90855450,2018,2018-11-07,9535,2018-10-27,0356,021976,,6,3,1,1973,0,1,1,,2,072,"I-710 (LONG BEACH FREEWAY) N/B","BANDINI BLVD.",425.00,S,N,A,-,Y,,,,,,,,,,Y,4,0,1,1,A,-,01,23152,A,N,E,I,A,A,H,-,C,D,0,,,,,Y,Y,A,01,0,0,1,0,0,0,0,0,0,"- ","- ",33.594779968261719,-118.10368347167969,"LOS ANGELES",VERNON,-118.17665863037109,33.997535705566406
90856800,2018,2018-11-09,9525,2018-11-01,0140,015988,,4,3,4,1960,0,1,3,,2,572,"SR-57 N/B TO SR-210 E/B","AMELIA AVE",900.00,W,N,A,-,Y,,,57,,,,R,,N,Y,2,0,2,1,A,-,01,23152,A,N,E,I,A,A,H,-,D,D,0,,,,,Y,Y,A,01,2,0,0,0,0,0,0,0,0,"- ","- ",34.119300842285156,-117.82318115234375,"LOS ANGELES","SAN DIMAS",-117.82318115234375,34.119300842285156
90859420,2018,2019-01-16,9530,2018-06-23,0205,021642,,6,3,7,1941,0,1,1,,2,071,"INTERSTATE 710 N/B (LONG BEACH FREEWAY)","DEL AMO BLVD.",847.00,N,N,B,-,Y,,,710,,,,,,N,Y,1,1,3,3,A,-,11,21954,A,N,G,B,E,B,H,-,D,D,0,Y,,,,Y,Y,N,60,1,2,0,1,1,0,0,0,0,"- ","- ",33.848838806152344,-118.20526885986328,"LOS ANGELES","LONG BEACH",-118.20523834228516,33.848838806152344
90861025,2018,2018-11-16,9535,2018-11-04,1755,021131,,7,2,9,1900,0,2,4,,2,022,"OLYMPIC BLVD. (4000 BLOCK)","DOWNEY RD.",91.00,W,N,A,-,Y,,,,,,,,,,Y,3,0,1,2,A,-,01,23152,F,N,A,C,A,A,H,-,C,D,0,,,,Y,Y,Y,A,01,0,1,0,0,0,0,0,0,0,"- ","- ",34.018951416015625,-118.18012237548828,"LOS ANGELES",UNINCORPORATED,-118.18038177490234,34.018909454345703
90863135,2018,2018-11-19,9550,2018-11-10,1750,021100,,6,2,9,1900,0,1,3,,2,601,"SR-60 WB","FULLERTON RD.",2750.00,W,N,A,-,Y,,,60,,,,,,W,Y,3,0,3,4,A,-,01,23152,A,N,C,C,A,A,H,-,C,D,0,,,,,Y,Y,A,07,0,1,2,0,0,0,0,0,0,"- ","- ",33.994369506835938,-117.90976715087891,"LOS ANGELES",UNINCORPORATED,-117.90976715087891,33.994377136230469
90864738,2018,2018-11-26,9535,2018-11-10,0116,022017,,6,3,6,1922,0,1,1,,2,401,"I-10 (SAN BERNARDINO FREEWAY) W/B","SANTA ANITA AVENUE",1000.00,W,N,A,-,Y,,,10,,,,,,W,Y,4,0,1,2,A,-,01,23152,A,N,B,C,A,A,H,-,D,D,0,,,,,Y,Y,D,22,0,0,1,0,0,0,0,0,0,"- ","- ",34.070171356201172,-118.04709625244141,"LOS ANGELES","EL MONTE",-118.04704284667969,34.070293426513672
90866107,2018,2018-11-26,9590,2018-11-17,0540,021917,,6,3,7,1942,0,1,1,,2,041,"I-5 SB (SANTA ANA FREEWAY)","ESPERANZA STREET",540.00,S,N,A,-,Y,,,5,,,,,,S,Y,4,0,1,1,A,-,01,23152,A,N,E,J,A,A,H,-,C,D,0,,,,,Y,Y,A,01,0,0,1,0,0,0,0,0,0,"- ","- ",34.021438598632812,-118.19670867919922,"LOS ANGELES","LOS ANGELES",-118.19669342041016,34.021484375
90866196,2018,2018-11-26,9550,2018-11-22,2120,022023,,4,2,5,1935,0,1,3,,2,091,"SR-91 (W/B)",I-605,260.00,E,N,A,-,Y,,,,,,,,,,Y,4,0,3,3,A,-,01,23152,A,N,C,C,A,A,H,-,C,D,0,,,,,Y,Y,A,01,0,0,3,0,0,0,0,0,0,"- ","- ",33.876529693603516,-118.088623046875,"LOS ANGELES",LAKEWOOD,,
90866491,2018,2018-11-26,9530,2018-11-12,0045,020714,,1,3,9,1900,0,3,5,,2,001,"PACIFIC BLVD.","BROADWAY AVE.",0.00,,Y,A,-,N,,,,,,,,,,Y,3,0,3,2,A,-,01,23152,A,M,D,C,A,A,H,-,C,A,0,,,,,Y,Y,A,01,0,1,2,0,0,0,0,0,0,"- ","- ",33.966670989990234,-118.22521209716797,"LOS ANGELES",UNINCORPORATED,-118.2252197265625,33.966629028320312
90869507,2018,2018-11-28,9565,2018-11-18,0425,021915,,7,3,6,1933,0,1,1,,2,060,"I-405 S/B (SAN DIEGO FWY)","CENTURY BLVD",500.00,N,N,A,-,Y,,,405,,,,,,S,Y,4,0,1,1,A,-,01,23152,A,N,E,I,A,A,H,-,D,D,0,,,,,Y,Y,A,01,0,0,1,0,0,0,0,0,0,"- ","- ",33.946811676025391,-118.368408203125,"LOS ANGELES",INGLEWOOD,-118.36848449707031,33.946807861328125
90869853,2018,2018-11-29,9580,2018-11-27,1810,021780,,2,2,7,1942,0,1,3,,2,117,"SR-118 W/B (RONALD REAGAN FWY.)","ZELZAH AVE",708.00,W,N,A,-,Y,,,118,,,,,,W,Y,3,0,1,1,A,-,01,23152,A,N,E,I,A,A,H,-,C,D,0,,,,,Y,Y,D,22,0,1,0,0,0,0,0,0,0,"- ","- ",34.278251647949219,-118.52606201171875,"LOS ANGELES","LOS ANGELES",-118.52606201171875,34.278373718261719
90870416,2018,2018-11-29,9525,2018-11-21,0205,021451,,3,3,3,1921,0,1,1,,2,203,"I-210 EASTBOUND TO I-605 SOUTHBOUND","HIGHLAND AVE",1500.00,E,N,B,C,Y,,,,,,,,,,Y,3,0,1,2,A,-,01,23152,A,N,C,C,A,B,H,-,D,D,0,,,,,Y,Y,A,01,0,1,0,0,0,0,0,0,0,"- ","- ",34.131778717041016,-117.95980834960938,"LOS ANGELES",DUARTE,-117.96170806884766,34.135215759277344
90871917,2018,2018-11-30,9590,2018-11-17,0253,021835,,6,3,7,1942,0,1,1,,2,082,"I-5 N/B (GSF)","RIVERSIDE DRIVE",200.00,N,N,A,-,Y,,,5,,,,,,N,Y,4,0,1,3,A,-,01,23152,A,N,C,C,A,A,H,-,C,D,0,,,,,Y,Y,A,07,0,0,1,0,0,0,0,0,0,"- ","- ",34.095951080322266,-118.24407958984375,"LOS ANGELES","LOS ANGELES",-118.24412536621094,34.095905303955078