CASE_ID,ACCIDENT_YEAR,PROC_DATE,JURIS,COLLISION_DATE,COLLISION_TIME,OFFICER_ID,REPORTING_DISTRICT,DAY_OF_WEEK,CHP_SHIFT,POPULATION,CNTY_CITY_LOC,SPECIAL_COND,BEAT_TYPE,CHP_BEAT_TYPE,CITY_DIVISION_LAPD,CHP_BEAT_CLASS,BEAT_NUMBER,PRIMARY_RD,SECONDARY_RD,DISTANCE,DIRECTION,INTERSECTION,WEATHER_1,WEATHER_2,STATE_HWY_IND,CALTRANS_COUNTY,CALTRANS_DISTRICT,STATE_ROUTE,ROUTE_SUFFIX,POSTMILE_PREFIX,POSTMILE,LOCATION_TYPE,RAMP_INTERSECTION,SIDE_OF_HWY,TOW_AWAY,COLLISION_SEVERITY,NUMBER_KILLED,NUMBER_INJURED,PARTY_COUNT,PRIMARY_COLL_FACTOR,PCF_CODE_OF_VIOL,PCF_VIOL_CATEGORY,PCF_VIOLATION,PCF_VIOL_SUBSECTION,HIT_AND_RUN,TYPE_OF_COLLISION,MVIW,PED_ACTION,ROAD_SURFACE,ROAD_COND_1,ROAD_COND_2,LIGHTING,CONTROL_DEVICE,CHP_ROAD_TYPE,PEDESTRIAN_ACCIDENT,BICYCLE_ACCIDENT,MOTORCYCLE_ACCIDENT,TRUCK_ACCIDENT,NOT_PRIVATE_PROPERTY,ALCOHOL_INVOLVED,STWD_VEHTYPE_AT_FAULT,CHP_VEHTYPE_AT_FAULT,COUNT_SEVERE_INJ,COUNT_VISIBLE_INJ,COUNT_COMPLAINT_PAIN,COUNT_PED_KILLED,COUNT_PED_INJURED,COUNT_BICYCLIST_KILLED,COUNT_BICYCLIST_INJURED,COUNT_MC_KILLED,COUNT_MC_INJURED,PRIMARY_RAMP,SECONDARY_RAMP,LATITUDE,LONGITUDE,COUNTY,CITY,POINT_X,POINT_Y
90967374,2019,2019-04-15,9530,2019-04-13,0258,020714,,6,3,9,1900,0,3,5,,2,001,"FIRESTONE BLVD.","HOOPER AVE.",0.00,,Y,A,-,N,,,,,,,,,,Y,4,0,3,2,A,-,01,23152,A,N,D,C,A,A,H,-,C,A,0,,,,,Y,Y,A,01,0,0,3,0,0,0,0,0,0,"- ","- ",33.960739135742188,-118.25401306152344,"LOS ANGELES",UNINCORPORATED,-118.2540283203125,33.960151672363281
90968212,2019,2019-04-17,9535,2019-04-03,0245,022253,,3,3,5,1952,0,1,1,,2,075,"I-710 S/B TO I-105 E/B","GARFIELD AVE.",2212.00,W,N,A,-,Y,,,,,,,,,,Y,3,0,1,1,A,-,01,23152,A,N,E,I,A,A,H,-,D,D,0,,,,,Y,Y,A,07,0,1,0,0,0,0,0,0,0,"- ","- ",33.910839080810547,-118.17587280273438,"LOS ANGELES",PARAMOUNT,,
90969845,2019,2019-05-03,9535,2019-04-08,0230,022248,,1,3,5,1947,0,1,3,,2,601,"SR-60 (POMONA FREEWAY) W/B","GARFIELD AVE",280.00,W,N,A,-,Y,,,,,,,,,,Y,3,0,1,2,A,-,01,23152,A,N,C,C,A,A,H,-,D,D,0,,,,Y,Y,Y,A,07,0,1,0,0,0,0,0,0,0,"- ","- ",34.159778594970703,-118.75177764892578,"LOS ANGELES",MONTEBELLO,-118.13098907470703,34.033252716064453
90971596,2019,2019-04-22,9525,2019-04-13,1730,021542,,6,2,3,1921,0,1,1,,2,201,"I-210 W/B (FOOTHILL FWY)","DUNCANNON AVENUE",100.00,W,N,A,-,Y,,,210,,,,,,W,Y,2,0,2,2,A,-,01,23152,A,N,C,C,A,A,H,-,A,D,0,,,Y,,Y,Y,C,02,1,1,0,0,0,0,0,0,2,"- ","- ",34.135711669921875,-117.97261047363281,"LOS ANGELES",DUARTE,-117.97261047363281,34.135593414306641
9097177,2020,2020-11-03,1942,2020-05-02,2015,42894,0256,6,5,7,1942,0,0,0,B,0,2E12,"S BONNIE BRAE ST","6TH ST",215.00,S,N,A,-,N,,,,,,,,,,N,4,0,1,2,A,-,09,21804,A,F,B,G,A,A,H,-,C,D,0,,Y,,,Y,Y,-,"- ",0,0,1,0,0,0,1,0,0,"- ","- ",,,"LOS ANGELES","LOS ANGELES",-118.27289581298828,34.058013916015625
90971947,2019,2019-04-22,9530,2019-04-10,0140,021290,,3,3,9,1900,0,3,5,,2,001,"SANTA FE AVE.","CASS PL.",10.00,N,N,A,-,N,,,,,,,,,,Y,3,0,1,2,A,-,01,23152,A,N,A,E,A,A,H,-,C,D,0,,,,,Y,Y,A,01,0,1,0,0,0,0,0,0,0,"- ","- ",33.962211608886719,-118.22960662841797,"LOS ANGELES",UNINCORPORATED,-118.22964477539062,33.962150573730469
90972061,2019,2019-04-22,9590,2019-04-09,1812,022252,,2,2,7,1942,0,1,2,,2,070,"US-101 N/B (HOLLYWOOD FREEWAY)","SILVER LAKE BLVD.",800.00,S,N,A,-,Y,,,101,,,,,,N,Y,2,0,1,1,A,-,01,23152,A,N,E,I,A,A,H,-,A,D,0,,,,,Y,Y,A,07,1,0,0,0,0,0,0,0,0,"- ","- ",34.076099395751953,-118.27731323242188,"LOS ANGELES","LOS ANGELES",-118.27730560302734,34.076122283935547
90973094,2019,2019-09-23,9535,2019-03-17,0430,021795,,7,3,5,1906,0,1,1,,2,650,"I-605 N/B TO I-10 W/B","I-10 (SAN BERNARDINO FREEWAY) E/B",20.00,N,N,A,-,Y,,,605,,,,R,,N,Y,2,0,1,1,A,-,01,23152,A,N,E,I,A,A,H,-,C,D,0,,,,,Y,Y,A,01,1,0,0,0,0,0,0,0,0,"- ","- ",34.065158843994141,-117.99990844726562,"LOS ANGELES","BALDWIN PARK",-117.99990844726562,34.065158843994141
9097385,2020,2020-10-29,1976,2020-05-06,0017,490,,3,5,5,1976,0,0,0,,0,003,"LA CUARTA ST","CALMADA AV",90.00,W,N,A,-,N,,,,,,,,,,Y,3,0,1,2,A,-,01,23152,A,N,C,E,A,A,H,-,C,D,0,,,,,Y,Y,A,01,0,1,0,0,0,0,0,0,0,"- ","- ",,,"LOS ANGELES",WHITTIER,-118.01717376708984,33.962947845458984
90975223,2019,2019-05-07,9535,2019-04-15,1752,022256,,1,2,5,1947,0,1,3,,2,601,"SR-60 (POMONA FREEWAY) W/B","WILCOX AVE. UNDERCROSSING",300.00,W,N,A,-,Y,,,60,,,,,,W,Y,4,0,2,2,A,-,01,23152,A,N,C,C,A,A,H,-,A,D,0,,,,,Y,Y,A,01,0,0,2,0,0,0,0,0,0,"- ","- ",34.033271789550781,-118.1260986328125,"LOS ANGELES",MONTEBELLO,-118.1260986328125,34.033294677734375
90975245,2018,2019-04-25,9580,2018-10-02,1014,017228,,2,1,7,1942,0,1,3,,2,171,"SR-170 S/B (HOLLYWOOD FWY.)","WHITSETT AVENUE",729.00,N,N,A,-,Y,,,170,,,,,,S,Y,1,1,0,2,A,-,11,21954,A,N,G,B,E,A,H,-,A,D,0,Y,,,,Y,Y,N,60,0,0,0,1,0,0,0,0,0,"- ","- ",34.208141326904297,-118.4066162109375,"LOS ANGELES","LOS ANGELES",-118.40660858154297,34.208141326904297
9097558,2020,2020-10-31,1942,2020-05-05,1655,42283,1265,2,5,7,1942,0,0,0,L,0,1231,"MANCHESTER AV","KANSAS AV",200.00,E,N,A,-,N,,,,,,,,,,Y,4,0,1,2,A,-,03,22350,,F,D,C,A,A,H,-,A,D,0,,,,,Y,Y,-,99,0,0,1,0,0,0,0,0,0,"- ","- ",,,"LOS ANGELES","LOS ANGELES",-118.29336547851562,33.960018157958984
90977177,2019,2019-04-29,9580,2019-04-19,0425,021963,,5,3,7,1942,0,1,2,,2,103,"US-101 S/B (VENTURA FREEWAY)",I-405,1100.00,N,N,A,-,Y,,,101,,,,,,S,Y,2,0,1,2,A,-,01,23152,G,N,B,C,A,A,H,-,C,D,0,,,,Y,Y,Y,A,01,1,0,0,0,0,0,0,0,0,"- ","- ",34.163608551025391,-118.47270965576172,"LOS ANGELES","LOS ANGELES",-118.47264099121094,34.163669586181641
90977318,2019,2019-04-29,9550,2019-04-27,2250,021533,,6,3,5,1976,0,3,5,,2,001,"BROADWAY AVENUE","WASHINGTON BOULEVARD",0.00,,Y,B,-,N,,,,,,,,,,Y,3,0,3,2,A,-,01,23152,A,N,D,C,A,A,H,-,C,A,0,,,,,Y,Y,A,01,0,3,0,0,0,0,0,0,0,"- ","- ",33.971439361572266,-118.06886291503906,"LOS ANGELES",WHITTIER,-118.03498840332031,33.986289978027344
90977522,2019,2019-04-29,9590,2019-04-21,2339,021848,,7,3,7,1942,0,1,1,,2,064,"I-10 E/B (SMF) TO I-5 N/B (GSF)","LOS ANGLES RIVER",500.00,E,N,A,-,Y,,,10,,,,R,,E,Y,4,0,1,2,A,-,01,23152,A,N,C,C,A,A,H,-,C,D,0,,,,,Y,Y,A,01,0,0,1,0,0,0,0,0,0,"- ","- ",34.029609680175781,-118.22421264648438,"LOS ANGELES","LOS ANGELES",-118.22421264648438,34.029609680175781
90978531,2019,2019-04-30,9545,2019-04-20,2103,020547,,6,2,9,1900,0,3,5,,2,001,"SIERRA HIGHWAY","AVENUE A",2640.00,S,N,A,-,N,,,,,,,,,,Y,4,0,3,3,A,-,06,21751,,N,B,C,A,A,H,-,D,D,0,,,,,Y,Y,A,01,0,0,3,0,0,0,0,0,0,"- ","- ",34.482200622558594,-118.09130096435547,"LOS ANGELES",UNINCORPORATED,-118.15494537353516,34.813503265380859
90978688,2019,2019-04-30,9535,2019-04-20,1425,022256,,6,2,5,1906,0,1,1,,2,651,"I-605 S/B (SAN GABRIEL FWY)","VALLEY BLVD",300.00,S,N,A,-,Y,,,,,,,,,,N,4,0,1,3,A,-,03,22350,,F,C,C,A,A,H,-,A,D,0,,,,,Y,Y,A,01,0,0,1,0,0,0,0,0,0,"- ","- ",34.045101165771484,-118.01029968261719,"LOS ANGELES","BALDWIN PARK",-118.00476837158203,34.053695678710938
9097965,2020,2020-08-03,1931,2020-03-14,1330,5603,1931,6,5,5,1931,0,0,0,,0,004,"SANTA ANA","SAN JUAN AV",0.00,,Y,C,-,N,,,,,,,,,,Y,4,0,1,2,A,-,03,22350,,N,C,C,A,B,H,-,A,D,0,,,,,Y,Y,A,01,0,0,1,0,0,0,0,0,0,"- ","- ",,,"LOS ANGELES","HUNTINGTON PARK",-118.20014953613281,33.96234130859375
90986685,2019,2019-05-13,9575,2019-05-03,1610,021006,,5,2,9,1900,0,1,3,,2,300,"SR-2 (ANGELES CREST HIGHWAY)","WOODWARDIA BRIDGE",792.00,E,N,A,-,Y,,,2,,,,,,,Y,2,0,3,2,A,-,01,23152,A,N,D,C,A,A,H,-,A,D,0,,,,,Y,Y,A,01,2,1,0,0,0,0,0,0,0,"- ","- ",34.254009246826172,-118.19831085205078,"LOS ANGELES",UNINCORPORATED,-118.19831085205078,34.254032135009766
90986790,2019,2019-05-13,9575,2019-04-28,1215,022110,,7,1,9,1900,0,3,5,,2,002,"ELIZABETH STREET (1700 BLOCK)","SINALOA AVENUE (1600 BLOCK)",440.00,E,N,A,-,N,,,,,,,,,,Y,4,0,1,2,A,-,01,23152,A,M,B,E,A,A,H,-,A,D,0,,,,,Y,Y,A,01,0,0,1,0,0,0,0,0,0,"- ","- ",34.173351287841797,-118.11370849609375,"LOS ANGELES",UNINCORPORATED,-118.11377716064453,34.173297882080078
90986801,2019,2019-05-13,9565,2019-05-05,2340,021819,,7,3,9,1900,0,2,4,,2,022,"NORMANDIE AVE.","99TH ST",50.00,N,N,A,-,N,,,,,,,,,,Y,4,0,1,3,A,-,01,23152,A,N,B,E,A,B,H,-,C,D,0,,,,,Y,Y,A,01,0,0,1,0,0,0,0,0,0,"- ","- ",33.946460723876953,-118.30032348632812,"LOS ANGELES",UNINCORPORATED,-118.30027008056641,33.946086883544922
90987822,2019,2019-05-14,9545,2019-05-04,0300,020655,,6,3,9,1900,0,1,3,,2,031,"SR-14 N/B","SANTIAGO RD.",4382.00,S,N,A,-,Y,,,14,,,,,,N,Y,4,0,1,1,A,-,08,22107,,N,E,I,A,A,H,-,D,D,0,,,,,Y,Y,A,01,0,0,1,0,0,0,0,0,0,"- ","- ",34.492988586425781,-118.17569732666016,"LOS ANGELES",UNINCORPORATED,-118.17567443847656,34.492900848388672
90987991,2019,2019-05-14,9530,2019-05-12,1830,022130,,7,2,9,1900,0,3,5,,2,003,"ATLANTIC AVE. (1500 BLOCK)","ALONDRA BLVD.",82.00,N,N,A,-,N,,,,,,,,,,Y,4,0,1,2,A,-,01,23152,A,N,D,C,A,A,H,-,A,D,0,,,,,Y,Y,A,01,0,0,1,0,0,0,0,0,0,"- ","- ",33.889171600341797,-118.19287872314453,"LOS ANGELES",UNINCORPORATED,-118.18495941162109,33.889404296875
9098822,2020,2020-11-16,1941,2020-05-03,0349,10846,,7,5,7,1941,0,0,0,,0,,"7TH ST","PACIFIC COAST HWY",0.00,,Y,A,-,N,,,,,,,,,,Y,2,0,2,2,A,-,22,23123,A,F,C,C,A,A,H,-,C,A,0,,,,,Y,Y,-,,1,0,1,0,0,0,0,0,0,"- ","- ",,,"LOS ANGELES","LONG BEACH",-118.12270355224609,33.775310516357422
90988773,2019,2019-05-15,9565,2019-05-05,2050,022251,,7,2,9,1900,0,3,5,,2,003,"CHARITON AVE.","SLAUSON AVE.",1300.00,S,N,A,-,N,,,,,,,,,,Y,3,0,1,3,A,-,01,23152,A,N,C,E,A,A,H,-,C,D,0,,,,,Y,Y,A,01,0,1,0,0,0,0,0,0,0,"- ","- ",33.984348297119141,-118.37265777587891,"LOS ANGELES",UNINCORPORATED,-118.37158203125,33.988079071044922
90989385,2019,2019-05-15,9580,2019-05-04,0240,022046,,6,3,7,1942,0,1,3,,2,170,"SR-170 N/B (HOLLYWOOD FWY.)","VICTORY BLVD",800.00,N,N,A,-,Y,,,170,,,,,,N,Y,4,0,1,2,A,-,01,23152,A,N,B,C,A,A,H,-,C,D,0,,,,,Y,Y,A,01,0,0,1,0,0,0,0,0,0,"- ","- ",34.189979553222656,-118.40187072753906,"LOS ANGELES","LOS ANGELES",-118.40180206298828,34.189990997314453
90989406,2019,2019-05-15,9580,2019-05-04,0025,022080,,6,3,7,1942,0,1,2,,2,102,"US-101 N/B (VENTURA FREEWAY)","AMESTOY AVE POC",550.00,S,N,A,-,Y,,,101,,,,,,N,Y,4,0,1,2,A,-,01,23152,A,N,C,C,A,A,H,-,D,D,0,,,,,Y,Y,A,01,0,0,1,0,0,0,0,0,0,"- ","- ",34.171188354492188,-118.50418853759766,"LOS ANGELES","LOS ANGELES",-118.50418853759766,34.171253204345703
9098967,2020,2020-07-29,1941,2020-04-25,1911,11273,,6,5,7,1941,0,0,0,,0,,"CHESTNUT AV","3RD ST",4.00,S,N,A,-,N,,,,,,,,,,N,4,0,1,2,A,-,08,22107,,N,C,B,D,A,H,-,C,D,0,Y,,,,Y,Y,A,,0,0,1,0,1,0,0,0,0,"- ","- ",,,"LOS ANGELES","LONG BEACH",-118.19632720947266,33.770500183105469
90989949,2019,2019-05-16,9590,2019-05-12,2120,022006,,7,2,7,1942,0,1,1,,2,052,"I-110 NB (HARBOR FREEWAY)","1ST ST.",100.00,N,N,A,-,Y,,,110,,,,,,N,Y,2,0,4,3,A,-,01,23152,A,N,C,C,A,A,H,-,C,D,0,,,,,Y,Y,A,07,2,0,2,0,0,0,0,0,0,"- ","- ",34.059181213378906,-118.25257110595703,"LOS ANGELES","LOS ANGELES",-118.25265502929688,34.059276580810547
9099012,2020,2020-10-29,1941,2020-05-04,0658,6161,,1,5,7,1941,0,0,0,,0,,"WILLOW ST","EASY AV",0.00,,Y,A,-,N,,,,,,,,,,N,3,0,1,2,A,-,09,21801,A,N,A,B,B,A,H,-,A,A,0,Y,,,,Y,Y,-,,0,1,0,0,1,0,0,0,0,"- ","- ",,,"LOS ANGELES","LONG BEACH",-118.21002960205078,33.804389953613281
90992946,2019,2019-05-21,9590,2019-05-09,2115,022173,,4,2,7,1942,0,1,2,,2,072,"US-101 N/B (HOLLYWOOD FREEWAY)","LANKERSHIM BLVD",1000.00,S,N,A,-,Y,,,,,,,,,,Y,4,0,1,2,A,-,01,23152,A,N,B,C,A,A,H,-,C,D,0,,,,,Y,Y,A,01,0,0,1,0,0,0,0,0,0,"- ","- ",34.343429565429688,-118.11817932128906,"LOS ANGELES","LOS ANGELES",-118.36032867431641,34.136062622070312
90995034,2019,2019-05-29,9535,2019-05-13,0450,022100,,1,3,5,1943,0,1,1,,2,075,"I-710 (LONG BEACH FREEWAY) S/B","IMPERIAL HWY",1480.00,S,N,B,-,Y,,,710,,,,,,S,Y,3,0,1,2,C,-,18,,,N,B,E,A,A,H,-,C,D,0,,,,,Y,Y,-,"- ",0,1,0,0,0,0,0,0,0,"- ","- ",33.926681518554688,-118.17826843261719,"LOS ANGELES",LYNWOOD,-118.17814636230469,33.926727294921875
90996255,2019,2019-05-27,9550,2019-05-25,0115,021986,,6,3,9,1900,0,1,1,,2,650,"I-605 N/B","WASHINGTON BOULEVARD",800.00,S,N,A,-,Y,,,605,,,,,,N,Y,3,0,2,2,A,-,01,23152,A,N,B,C,A,A,H,-,C,D,0,,,,,Y,Y,A,01,0,1,1,0,0,0,0,0,0,"- ","- ",33.971710205078125,-118.0809326171875,"LOS ANGELES",UNINCORPORATED,-118.08087158203125,33.971683502197266
90996485,2019,2019-05-28,9590,2019-05-26,0145,021291,,7,3,7,1942,0,1,1,,2,053,"I-110 S/B (HARBOR FREEWAY)","2ND ST",75.00,N,N,A,-,Y,,,110,,,,,,S,Y,4,0,2,2,A,-,01,23152,A,N,B,C,A,A,H,-,C,D,0,,,,,Y,Y,A,01,0,0,2,0,0,0,0,0,0,"- ","- ",34.057861328125,-118.25441741943359,"LOS ANGELES","LOS ANGELES",-118.25439453125,34.057830810546875
9099697,2020,2020-05-27,1905,2020-01-19,0210,1173,812,7,5,4,1905,0,0,0,,0,002,"RT 39","OLD SAN GABRIEL CYN RD",1198.00,N,N,A,-,N,,,,,,,,,,Y,3,0,1,1,A,-,01,23152,G,N,F,I,A,A,H,-,D,D,0,,,,,Y,Y,A,01,0,1,0,0,0,0,0,0,0,"- ","- ",,,"LOS ANGELES",AZUSA,-117.89227294921875,34.168350219726562
90999025,2019,2019-05-30,9530,2019-05-17,2127,021756,,5,2,9,1900,0,1,1,,2,120,"I-110 S/B (HARBOR FREEWAY)","190TH ST.",807.00,S,N,A,-,Y,,,110,,,,,,S,Y,4,0,1,1,A,-,01,23152,A,N,E,I,A,A,H,-,C,D,0,,,,,Y,Y,A,07,0,0,1,0,0,0,0,0,0,"- ","- ",33.858909606933594,-118.28476715087891,"LOS ANGELES",UNINCORPORATED,-118.28481292724609,33.858901977539062
91001701,2019,2019-06-03,9540,2019-05-21,0855,021820,,2,1,9,1900,0,1,1,,2,507,"I-5 S/B TO PICO CANYON ROAD","PICO CANYON ROAD",43.00,N,N,B,-,Y,,,5,,,,R,,S,Y,3,0,1,3,A,-,01,23152,A,N,C,C,A,A,H,-,A,A,0,,,,,Y,Y,A,01,0,1,0,0,0,0,0,0,0,"- ","- ",34.380458831787109,-118.56874084472656,"LOS ANGELES",UNINCORPORATED,-118.56874084472656,34.380458831787109
91001755,2019,2019-06-03,9550,2019-06-01,1425,021742,,6,2,5,1976,0,2,4,,1,022,"LA MIRADA BLVD. 11100 BLOCK","LEFFINGWELL ROAD",445.00,N,N,A,-,Y,,,,,,,,,,Y,4,0,2,2,A,-,01,23152,A,F,B,E,A,A,H,-,A,D,0,,,,,Y,Y,A,01,0,0,2,0,0,0,0,0,0,"- ","- ",33.928119659423828,-118.011962890625,"LOS ANGELES",WHITTIER,-118.01190948486328,33.925804138183594
91001765,2019,2019-06-03,9575,2019-06-02,0240,021669,,7,3,6,1912,0,1,1,,2,052,"I-5 S/B (GOLDEN STATE FREEWAY)","BURBANK BOULEVARD",1355.00,N,N,A,-,Y,,,5,,,,,,S,Y,2,0,2,1,A,-,01,23152,A,N,E,I,A,A,H,-,C,D,0,,,,,Y,Y,A,01,1,0,1,0,0,0,0,0,0,"- ","- ",34.187511444091797,-118.3218994140625,"LOS ANGELES",BURBANK,-118.32193756103516,34.187450408935547
91002101,2019,2019-06-03,9530,2019-06-02,0140,021709,,7,3,7,1941,0,1,3,,2,320,"SR-91 E/B (ARTESIA FREEWAY)","ATLANTIC AVE.",250.00,W,N,A,-,Y,,,91,,,,,,E,Y,2,0,2,2,A,-,01,23152,A,N,A,C,A,A,H,-,C,A,0,,,,,Y,Y,A,01,1,1,0,0,0,0,0,0,0,"- ","- ",33.876548767089844,-118.18920135498047,"LOS ANGELES","LONG BEACH",-118.18922424316406,33.876724243164062
91002132,2019,2019-06-03,9530,2019-05-31,2245,021490,,5,3,9,1900,0,3,5,,2,001,"WILMINGTON AVE.","69TH ST.",0.00,,Y,A,-,N,,,,,,,,,,Y,3,0,1,3,A,-,01,23152,A,N,D,C,A,A,H,-,C,A,0,,,,,Y,Y,A,01,0,1,0,0,0,0,0,0,0,"- ","- ",33.977169036865234,-118.239013671875,"LOS ANGELES",UNINCORPORATED,-118.239013671875,33.977149963378906
9100224,2020,2020-11-06,1942,2020-05-09,1500,40275,0299,6,5,7,1942,0,0,0,B,0,2A91,"W VENICE BL","ALBANY ST",40.00,W,N,A,-,N,,,,,,,,,,Y,4,0,1,2,A,-,01,23152,A,N,B,E,A,A,H,-,A,D,0,,,,,Y,Y,A,01,0,0,1,0,0,0,0,0,0,"- ","- ",,,"LOS ANGELES","LOS ANGELES",-118.27615356445312,34.040180206298828
91003617,2019,2020-04-29,9545,2019-05-28,0905,018862,,2,1,9,1900,0,3,5,,2,003,"BENT SPUR DR","BRIAR GLEN ROAD",875.00,S,N,A,-,N,,,,,,,,,,Y,4,0,1,1,A,-,01,23152,A,N,E,I,A,A,H,-,A,D,0,,,,,Y,Y,A,01,0,0,1,0,0,0,0,0,0,"- ","- ",34.462261199951172,-118.17629241943359,"LOS ANGELES",UNINCORPORATED,-118.17612457275391,34.462211608886719
9100495,2020,2020-06-12,1942,2020-02-12,2200,42829,0905,3,5,7,1942,0,0,0,I,0,9A19,"VAN NUYS","WYANDOTTE ST",25.00,E,N,A,-,N,,,,,,,,,,N,4,0,1,2,A,-,12,22450,,F,D,C,A,A,H,-,D,A,0,,,,,Y,Y,A,01,0,0,1,0,0,0,0,0,0,"- ","- ",,,"LOS ANGELES","LOS ANGELES",-118.44875335693359,34.202980041503906
91006604,2019,2019-06-10,9545,2019-06-02,0235,022265,,7,3,9,1900,0,1,3,,2,031,"SR-14 S/B","MOUNTAIN SPRINGS RD",1239.00,S,N,B,-,Y,,,14,,,,,,S,Y,3,0,2,2,A,-,01,23152,A,N,D,C,A,A,H,-,D,D,0,,,,,Y,Y,A,01,0,2,0,0,0,0,0,0,0,"- ","- ",34.499549865722656,-118.12126159667969,"LOS ANGELES",UNINCORPORATED,-118.12128448486328,34.499568939208984
91006882,2019,2019-06-10,9550,2019-06-02,0214,021950,,7,3,5,1908,0,1,3,,2,091,"STATE ROUTE 91 EASTBOUND","INTERSTATE 605 (SAN GABRIEL RIVER FREEWA",500.00,W,N,A,-,Y,,,91,,,,,,E,Y,4,0,1,1,A,-,01,23152,A,N,E,I,A,A,H,-,D,D,0,,,,,Y,Y,A,01,0,0,1,0,0,0,0,0,0,"- ","- ",33.876270294189453,-118.10530090332031,"LOS ANGELES",BELLFLOWER,-118.10529327392578,33.876388549804688
91007036,2019,2019-06-10,9550,2019-05-27,1905,022222,,1,2,5,1908,0,1,3,,2,091,"SR-91 EASTBOUND","BELLFLOWER BOULEVARD",900.00,W,N,A,-,Y,,,91,,,,,,E,Y,4,0,1,2,A,-,03,22350,,N,C,C,A,A,H,-,A,D,0,,,,,Y,Y,A,01,0,0,1,0,0,0,0,0,0,"- ","- ",33.876029968261719,-118.12834930419922,"LOS ANGELES",BELLFLOWER,-118.12834930419922,33.876071929931641
9100748,2020,2020-11-03,1900,2020-05-07,1900,543275,1418,4,5,1,1932,0,0,0,,0,141T6,"AZUSA AV","HURLEY ST",62.00,S,N,A,-,N,,,,,,,,,,Y,4,0,2,2,A,-,01,23152,A,N,C,C,A,A,H,-,B,A,0,,,,,Y,Y,A,01,0,0,2,0,0,0,0,0,0,"- ","- ",34.010978698730469,-117.92375183105469,"LOS ANGELES",INDUSTRY,-117.92388153076172,34.011116027832031
91008917,2019,2019-06-26,9550,2019-06-05,1218,019179,,3,1,7,1941,0,1,3,,2,090,"STATE ROUTE 91 (ARTESIA FREEWAY)","DOWNEY AVENUE",700.00,W,N,A,-,Y,,,,,,,,,,Y,3,0,1,2,A,-,07,21658,A,N,B,C,A,A,H,-,A,D,0,,,Y,,Y,Y,-,99,0,1,0,0,0,0,0,0,1,"- ","- ",33.876960754394531,-118.05388641357422,"LOS ANGELES","LONG BEACH",-118.15361022949219,33.877109527587891
9100977,2020,2020-08-24,1942,2020-06-02,1630,41316,1967,2,5,7,1942,0,0,0,,0,19A79,"NORDHOFF ST","OSBORNE ST",0.00,,Y,A,-,N,,,,,,,,,,Y,3,0,3,2,A,-,01,23152,A,N,A,C,A,A,H,-,A,A,0,,,,,Y,Y,D,22,0,1,2,0,0,0,0,0,0,"- ","- ",,,"LOS ANGELES","LOS ANGELES",-118.43544769287109,34.235240936279297
91010439,2019,2019-06-14,9580,2019-06-08,0155,021236,,6,3,7,1942,0,1,1,,2,405,"I-405 S/B (SAN DIEGO FWY)","SHERMAN WAY",550.00,S,N,B,-,Y,,,405,,,,,,S,Y,3,0,1,1,A,-,01,23152,A,N,E,I,A,A,H,-,C,D,0,,,,,Y,Y,A,01,0,1,0,0,0,0,0,0,0,"- ","- ",34.192249298095703,-118.47435760498047,"LOS ANGELES","LOS ANGELES",-118.47438812255859,34.192249298095703
91011930,2019,2019-06-18,9540,2019-06-05,1535,019508,,3,2,9,1900,0,1,3,,2,148,"SR-14 N/B (ANTELOPE  VALLEY FWY)","SAND CANYON RD",400.00,S,N,A,-,Y,,,,,,,,,,Y,4,0,1,3,A,-,01,23152,A,N,C,C,A,A,H,-,A,D,0,,,,,Y,Y,A,07,0,0,1,0,0,0,0,0,0,"- ","- ",34.421958923339844,-118.43048858642578,"LOS ANGELES",UNINCORPORATED,-118.42476654052734,34.424594879150391
91013667,2019,2019-06-19,9535,2019-06-08,2129,022254,,6,2,5,1915,0,1,1,,2,074,"I-710 NB TO ALONDRA BLVD","ALONDRA BLVD",20.00,S,N,A,-,Y,,,710,,,,R,,N,Y,4,0,1,2,A,-,01,23152,A,N,C,C,A,A,H,-,C,A,0,,,,,Y,Y,D,22,0,0,1,0,0,0,0,0,0,"- ","- ",33.888698577880859,-118.18856811523438,"LOS ANGELES",COMPTON,-118.18856811523438,33.888698577880859
9101419,2020,2020-11-03,1942,2020-05-15,2010,41805,1253,5,5,7,1942,0,0,0,L,0,12V33,"64TH ST","FIGUEROA ST",0.00,,Y,A,-,N,,,,,,,,,,Y,3,0,1,2,A,-,03,22350,,N,A,E,A,A,H,-,C,D,0,,,,,Y,Y,A,01,0,1,0,0,0,0,0,0,0,"- ","- ",,,"LOS ANGELES","LOS ANGELES",-118.28267669677734,33.981330871582031