CASE_ID,ACCIDENT_YEAR,PROC_DATE,JURIS,COLLISION_DATE,COLLISION_TIME,OFFICER_ID,REPORTING_DISTRICT,DAY_OF_WEEK,CHP_SHIFT,POPULATION,CNTY_CITY_LOC,SPECIAL_COND,BEAT_TYPE,CHP_BEAT_TYPE,CITY_DIVISION_LAPD,CHP_BEAT_CLASS,BEAT_NUMBER,PRIMARY_RD,SECONDARY_RD,DISTANCE,DIRECTION,INTERSECTION,WEATHER_1,WEATHER_2,STATE_HWY_IND,CALTRANS_COUNTY,CALTRANS_DISTRICT,STATE_ROUTE,ROUTE_SUFFIX,POSTMILE_PREFIX,POSTMILE,LOCATION_TYPE,RAMP_INTERSECTION,SIDE_OF_HWY,TOW_AWAY,COLLISION_SEVERITY,NUMBER_KILLED,NUMBER_INJURED,PARTY_COUNT,PRIMARY_COLL_FACTOR,PCF_CODE_OF_VIOL,PCF_VIOL_CATEGORY,PCF_VIOLATION,PCF_VIOL_SUBSECTION,HIT_AND_RUN,TYPE_OF_COLLISION,MVIW,PED_ACTION,ROAD_SURFACE,ROAD_COND_1,ROAD_COND_2,LIGHTING,CONTROL_DEVICE,CHP_ROAD_TYPE,PEDESTRIAN_ACCIDENT,BICYCLE_ACCIDENT,MOTORCYCLE_ACCIDENT,TRUCK_ACCIDENT,NOT_PRIVATE_PROPERTY,ALCOHOL_INVOLVED,STWD_VEHTYPE_AT_FAULT,CHP_VEHTYPE_AT_FAULT,COUNT_SEVERE_INJ,COUNT_VISIBLE_INJ,COUNT_COMPLAINT_PAIN,COUNT_PED_KILLED,COUNT_PED_INJURED,COUNT_BICYCLIST_KILLED,COUNT_BICYCLIST_INJURED,COUNT_MC_KILLED,COUNT_MC_INJURED,PRIMARY_RAMP,SECONDARY_RAMP,LATITUDE,LONGITUDE,COUNTY,CITY,POINT_X,POINT_Y
9120222,2019,2020-08-03,1918,2019-09-23,1856,1123,,1,5,4,1918,0,0,0,,0,4T25,"SAWTELLE BL","WASHINGTON PL",252.00,N,N,A,-,N,,,,,,,,,,Y,4,0,1,2,A,-,01,23152,A,N,C,C,A,-,H,-,C,D,0,,,,,Y,Y,A,01,0,0,1,0,0,0,0,0,0,"- ","- ",34.007350921630859,-118.41645812988281,"LOS ANGELES","CULVER CITY",-118.41693878173828,34.007865905761719
91202316,2020,2020-03-05,9545,2020-03-02,1840,021685,,1,2,9,1900,0,3,5,,2,002,"SIERRA HWY","PEARBLOSSOM HWY",50.00,S,N,A,-,N,,,,,,,,,,N,3,0,1,2,A,-,01,23152,A,M,C,C,A,A,H,-,C,A,0,,,,,Y,Y,A,01,0,1,0,0,0,0,0,0,0,"- ","- ",34.521770477294922,-118.09764099121094,"LOS ANGELES",UNINCORPORATED,-118.09756469726562,34.521888732910156
91204411,2020,2020-03-09,9580,2020-02-27,2234,021491,,4,3,7,1942,0,1,1,,2,405,"I-405 S/B (SAN DIEGO FWY)","HASKELL AVE",283.00,S,N,A,-,Y,,,405,,,,,,S,Y,2,0,7,2,A,-,08,22107,,F,B,C,A,A,H,-,C,D,0,,,,,Y,Y,A,01,3,2,2,0,0,0,0,0,0,"- ","- ",34.184558868408203,-118.47354125976562,"LOS ANGELES","LOS ANGELES",-118.47360992431641,34.184524536132812
91205062,2020,2020-03-10,9545,2020-01-23,1955,014790,,4,2,9,1900,0,1,3,,1,042,"STATE ROUTE 138 WESTBOUND","77TH STREET EAST",261.00,W,N,A,-,Y,,,138,,,,,,W,Y,1,1,0,2,A,-,01,23152,A,F,G,B,E,A,H,-,C,D,0,Y,,,,Y,Y,A,07,0,0,0,1,0,0,0,0,0,"- ","- ",34.520999908447266,-117.99407958984375,"LOS ANGELES",UNINCORPORATED,-117.99407958984375,34.52105712890625
9120518,2020,2020-09-04,1907,2020-06-07,0245,241,1,7,5,4,1907,0,0,0,,0,,"GAGE AV","KING AV",93.00,W,N,A,-,N,,,,,,,,,,Y,3,0,1,1,A,-,01,23152,A,N,E,I,A,A,H,-,C,D,0,,,,,Y,Y,A,01,0,1,0,0,0,0,0,0,0,"- ","- ",33.978069305419922,-118.18505859375,"LOS ANGELES",BELL,-118.18514251708984,33.977817535400391
91205531,2020,2020-03-10,9535,2020-03-02,0130,022342,,1,3,5,1915,0,1,1,,2,075,"I-710 (LONG BEACH FREEWAY) S/B","ALONDRA BLVD",850.00,N,N,A,-,Y,,,710,,,,,,S,Y,2,0,2,4,A,-,01,23152,A,N,C,E,A,A,H,-,D,D,0,,,,,Y,Y,A,07,1,1,0,0,0,0,0,0,0,"- ","- ",33.891639709472656,-118.18840026855469,"LOS ANGELES",COMPTON,-118.18840789794922,33.891639709472656
9120602,2020,2020-08-26,1918,2020-02-13,2303,1188,1918,4,5,4,1918,0,0,0,,0,PATROL,"HANNUM AV","BRISTOL PKWY",0.00,,Y,A,-,N,,,,,,,,,,Y,4,0,1,2,A,-,01,23152,A,N,C,C,A,A,H,-,C,A,0,,,,,Y,Y,A,01,0,0,1,0,0,0,0,0,0,"- ","- ",33.987171173095703,-118.38670349121094,"LOS ANGELES","CULVER CITY",-118.38678741455078,33.987209320068359
91208996,2020,2020-03-16,9525,2020-03-09,2140,020632,,1,2,4,1946,0,1,1,,2,202,"I-210 E/B (FOOTHILL FWY)","MYRTLE AVE",2640.00,W,N,B,-,Y,,,210,,,,,,E,Y,3,0,1,2,A,-,01,23152,A,N,B,C,A,A,H,-,D,D,0,,,,,Y,Y,A,01,0,1,0,0,0,0,0,0,0,"- ","- ",34.135368347167969,-118.00653076171875,"LOS ANGELES",MONROVIA,-118.00651550292969,34.135463714599609
91209120,2020,2020-03-16,9545,2020-03-08,1710,021685,,7,2,9,1900,0,3,5,,2,001,"UNMARKED DIRT TRAIL","AVENUE K-4",600.00,N,N,A,-,N,,,,,,,,,,N,2,0,1,1,A,-,01,23152,A,N,F,A,A,A,H,-,A,D,0,,,Y,,Y,Y,C,02,1,0,0,0,0,0,0,0,1,"- ","- ",34.67156982421875,-118.20358276367188,"LOS ANGELES",UNINCORPORATED,,
9120965,2020,2020-09-11,1900,2020-06-22,1035,629484,1617,1,5,5,1977,0,0,0,,0,167A,"MAIN ST","TORRANCE BL",20.00,N,N,A,-,N,,,,,,,,,,N,4,0,1,2,D,-,00,,,N,G,B,E,A,D,-,A,D,0,Y,,,,Y,Y,-,"- ",0,0,1,0,1,0,0,0,0,"- ","- ",33.842300415039062,-118.27998352050781,"LOS ANGELES",CARSON,-118.27994537353516,33.8421630859375
9120969,2020,2020-09-03,1955,2020-06-26,0252,42613,46,5,5,6,1955,0,0,0,,0,001,"HAMILTON BL","WILSON ST",75.00,N,N,A,-,N,,,,,,,,,,Y,3,0,2,2,A,-,01,23152,A,N,C,E,A,A,H,-,C,A,0,,,,,Y,Y,A,01,0,2,0,0,0,0,0,0,0,"- ","- ",,,"LOS ANGELES",POMONA,-117.76353454589844,34.06646728515625
91210433,2020,2020-03-17,9530,2020-03-07,1905,022132,,6,2,9,1900,0,3,5,,2,002,"AVALON BLVD.","127TH ST.",0.00,,Y,A,-,N,,,,,,,,,,Y,3,0,1,2,A,-,01,23152,A,N,B,C,A,A,H,-,C,D,0,,,,,Y,Y,D,22,0,1,0,0,0,0,0,0,0,"- ","- ",33.917640686035156,-118.26534271240234,"LOS ANGELES",UNINCORPORATED,-118.2652587890625,33.917640686035156
91212198,2020,2020-03-19,9575,2020-03-12,1540,021879,,4,2,6,1953,0,1,1,,2,063,"I-210 W/B (FOOTHILL FREEWAY)","ARROYO BLVD.",350.00,W,N,C,-,Y,,,210,,,,,,W,Y,4,0,1,3,A,-,03,22350,,M,C,C,A,B,H,-,A,D,0,,,,Y,Y,Y,A,07,0,0,1,0,0,0,0,0,0,"- ","- ",34.181808471679688,-118.17011260986328,"LOS ANGELES",PASADENA,-118.17007446289062,34.181884765625
91215131,2020,2020-03-25,9540,2020-03-17,2225,021395,,2,3,9,1900,0,1,1,,2,508,"I-5 N/B (GOLDEN STATE FREEWAY)","PARKER RD",1584.00,S,N,A,-,Y,,,5,,,,,,N,Y,3,0,1,2,A,-,01,23152,A,N,C,C,A,A,H,-,C,D,0,,,,Y,Y,Y,A,07,0,1,0,0,0,0,0,0,0,"- ","- ",34.485511779785156,-118.61605834960938,"LOS ANGELES",UNINCORPORATED,-118.61602020263672,34.48553466796875
91215923,2020,2020-03-26,9535,2020-03-15,0150,022250,,7,3,9,1900,0,3,5,,2,002,"ATLANTIC BLVD","WHITTIER BLVD",30.00,S,N,A,-,N,,,,,,,,,,Y,2,0,1,2,A,-,01,23152,A,N,G,B,F,A,H,-,C,D,0,Y,,,,Y,Y,A,01,1,0,0,0,1,0,0,0,0,"- ","- ",34.020198822021484,-118.15750122070312,"LOS ANGELES",UNINCORPORATED,-118.15731048583984,34.020328521728516
91218945,2020,2020-03-31,9540,2020-03-23,2115,020875,,1,2,9,1900,0,1,3,,2,147,"SR-14 S/B (ANTELOPE VALLEY FREEWAY)","ESCONDIDO CANYON ROAD",518.00,S,N,B,-,Y,,,14,,,,,,S,Y,3,0,1,1,A,-,01,23152,A,N,E,I,A,A,H,-,C,D,0,,,,,Y,Y,A,01,0,1,0,0,0,0,0,0,0,"- ","- ",34.490608215332031,-118.28584289550781,"LOS ANGELES",UNINCORPORATED,-118.28572845458984,34.490516662597656
91219461,2020,2020-04-01,9530,2020-03-25,0245,021465,,3,3,7,1941,0,1,3,,2,320,"SR-91 W/B (ARTESIA FREEWAY)",I-710,502.00,E,N,A,-,Y,,,91,,,,,,W,Y,4,0,1,1,A,-,01,23152,A,N,E,I,A,A,H,-,C,D,0,,,,,Y,Y,A,01,0,0,1,0,0,0,0,0,0,"- ","- ",33.876319885253906,-118.19091796875,"LOS ANGELES","LONG BEACH",-118.19092559814453,33.876338958740234
91220216,2020,2020-04-03,9545,2020-03-28,2343,021819,,6,3,6,1992,0,1,3,,2,011,"SR-14 S/B (ANTELOPE VALLEY FWY)","AVE K-8",1020.00,N,N,A,-,Y,,,14,,,,,,S,Y,4,0,1,1,A,-,01,23152,A,N,E,I,A,A,H,-,C,D,0,,,,,Y,Y,A,01,0,0,1,0,0,0,0,0,0,"- ","- ",34.670341491699219,-118.15453338623047,"LOS ANGELES",LANCASTER,-118.15439605712891,34.670398712158203
91220564,2020,2020-04-07,9565,2020-03-31,0015,021706,,2,3,7,1942,0,1,1,,2,064,"I-405 S/B (SAN DIEGO FREEWAY)","SKIRBALL CENTER DR",150.00,S,N,A,-,Y,,,405,,,,,,S,Y,4,0,1,2,A,-,01,23152,A,N,C,C,A,A,H,-,C,D,0,,,,,Y,Y,A,07,0,0,1,0,0,0,0,0,0,"- ","- ",34.122261047363281,-118.47904968261719,"LOS ANGELES","LOS ANGELES",-118.47901916503906,34.122230529785156
91220683,2020,2020-05-04,9565,2020-03-22,2130,022056,,7,2,9,1900,0,1,1,,2,060,"I-405 S/B (SAN DIEGO FREEWAY)","LENNOX BOULEVARD",300.00,S,N,C,-,Y,,,405,,,,,,S,Y,4,0,1,3,A,-,03,22350,,F,C,C,A,B,H,-,C,D,0,,,,,Y,Y,-,99,0,0,1,0,0,0,0,0,0,"- ","- ",33.937210083007812,-118.36865997314453,"LOS ANGELES",UNINCORPORATED,-118.36849975585938,33.937210083007812
91220819,2020,2020-04-06,9575,2020-03-13,2320,021344,,5,3,9,1900,0,1,1,,2,062,"I-210 W/B (FOOTHILL FREEWAY)","LA CRESCENTA AVENUE",850.00,W,N,B,-,Y,,,210,,,,,,W,Y,2,0,3,3,A,-,01,23152,A,N,C,E,A,B,H,-,C,A,0,,,,,Y,Y,A,01,1,0,2,0,0,0,0,0,0,"- ","- ",34.220161437988281,-118.24250030517578,"LOS ANGELES",UNINCORPORATED,-118.24253082275391,34.2200927734375
91222402,2020,2020-04-07,9530,2020-03-29,0105,021325,,7,3,5,1915,0,1,3,,2,310,"SR-91 W/B (ARTESIA FREEWAY)","ACACIA AVE.",32.00,W,N,A,-,Y,,,91,,,,,,W,Y,3,0,3,3,A,-,01,23152,A,N,B,C,A,A,H,-,C,D,0,,,,,Y,Y,-,"- ",0,3,0,0,0,0,0,0,0,"- ","- ",33.874111175537109,-118.22501373291016,"LOS ANGELES",COMPTON,-118.22501373291016,33.874122619628906
91222836,2020,2020-04-08,9565,2020-03-29,1655,022437,,7,2,5,1928,0,1,1,,2,012,"I-105 W/B TO CRENSHAW BLVD","CRENSHAW BLVD",550.00,E,N,A,-,Y,,,105,,,,R,,W,Y,3,0,1,1,A,-,01,23152,G,N,E,I,A,A,H,-,A,D,0,,,,,Y,Y,A,01,0,1,0,0,0,0,0,0,0,"- ","- ",33.926071166992188,-118.32450866699219,"LOS ANGELES",HAWTHORNE,-118.32450866699219,33.926071166992188
91223389,2020,2020-04-09,9535,2020-04-02,1425,022105,,4,2,5,1959,0,1,1,,2,401,"I-10 (SAN BERNARDINO FREEWAY) W/B","ROSEMEAD BLVD",75.00,W,N,B,-,Y,,,10,,,,,,W,Y,4,0,2,2,A,-,03,22350,,N,C,C,A,A,H,-,A,D,0,,,,,Y,Y,A,01,0,0,2,0,0,0,0,0,0,"- ","- ",34.072299957275391,-118.07389831542969,"LOS ANGELES",ROSEMEAD,-118.07389831542969,34.072399139404297
91223446,2020,2020-04-09,9530,2020-04-05,0525,020427,,7,3,7,1941,0,1,1,,2,071,"I-710 N/B (LONG BEACH FREEWAY)","COMPTON CREEK",300.00,S,N,B,-,Y,,,710,,,,,,N,Y,4,0,1,2,A,-,07,21658,A,F,B,C,A,A,H,-,D,D,0,,,,,Y,Y,-,99,0,0,1,0,0,0,0,0,0,"- ","- ",33.842178344726562,-118.20648956298828,"LOS ANGELES","LONG BEACH",-118.20650482177734,33.842182159423828
91223990,2020,2020-04-10,9545,2020-04-07,2312,021819,,2,3,6,1950,0,1,3,,2,021,"SR-14 S/B (ANTELOPE VALLEY FREEWAY)","PALMDALE BLVD",1150.00,S,N,B,-,Y,,,14,,,,,,S,Y,3,0,1,1,A,-,01,23152,A,N,E,I,A,B,H,-,C,D,0,,,,,Y,Y,A,01,0,1,0,0,0,0,0,0,0,"- ","- ",34.578079223632812,-118.13391876220703,"LOS ANGELES",PALMDALE,-118.13385009765625,34.578079223632812
91224766,2020,2020-04-13,9525,2020-04-05,1220,020532,,7,1,4,1905,0,1,1,,2,204,"I-210 E/B (FOOTHILL FWY)","VERNON AVE",500.00,E,N,B,-,Y,,,210,,,,,,E,Y,4,0,1,4,A,-,01,23152,A,N,C,C,A,B,H,-,A,D,0,,,,,Y,Y,A,01,0,0,1,0,0,0,0,0,0,"- ","- ",34.124008178710938,-117.91381072998047,"LOS ANGELES",AZUSA,-117.91384887695312,34.123970031738281
91225668,2020,2020-04-14,9535,2020-04-09,1700,022248,,4,2,9,1900,0,3,5,,2,001,"FLORAL DR (2100 BLOCK)","MEDNIK AVE",1110.00,E,N,C,-,N,,,,,,,,,,Y,3,0,1,4,A,-,01,23152,A,N,B,C,A,B,H,-,A,D,0,,,,,Y,Y,A,01,0,1,0,0,0,0,0,0,0,"- ","- ",34.044200897216797,-118.15830230712891,"LOS ANGELES",UNINCORPORATED,-118.15828704833984,34.044227600097656
91226660,2020,2020-04-17,9565,2020-03-15,0148,022219,,7,3,7,1942,0,1,3,,2,070,"SR-90 E/B (MARINA FWY)","CULVER BLVD.",1000.00,E,N,B,-,Y,,,90,,,,,,E,Y,3,0,1,1,A,-,01,23152,A,N,E,I,A,A,H,-,D,D,0,,,,,Y,Y,A,01,0,1,0,0,0,0,0,0,0,"- ","- ",33.980819702148438,-118.42133331298828,"LOS ANGELES","LOS ANGELES",-118.42134094238281,33.980869293212891
91227539,2020,2020-04-20,9565,2020-02-04,2315,021453,,2,3,7,1942,0,1,1,,2,062,"I-405 S/B (SAN DIEGO FWY)","PALMS BLVD.",1000.00,S,N,A,-,Y,,,405,,,,,,S,Y,4,0,1,2,A,-,08,22107,,N,B,C,A,A,H,-,C,D,0,,,,,Y,Y,-,"- ",0,0,1,0,0,0,0,0,0,"- ","- ",34.017410278320312,-118.42275238037109,"LOS ANGELES","LOS ANGELES",-118.42273712158203,34.017421722412109
91228769,2020,2020-04-24,9530,2020-04-14,2235,021273,,2,3,9,1900,0,1,1,,2,210,"I-105 E/B (GLENN ANDERSON FWY)","CENTRAL AVE.",800.00,E,N,A,-,Y,,,105,,,,,,E,Y,2,0,2,4,A,-,01,23152,A,N,C,C,A,A,H,-,C,D,0,,,,,Y,Y,D,22,1,1,0,0,0,0,0,0,0,"- ","- ",33.928150177001953,-118.25248718261719,"LOS ANGELES",UNINCORPORATED,-118.25249481201172,33.92816162109375
91229611,2020,2020-04-27,9540,2020-04-14,0145,021572,,2,3,6,1985,0,1,3,,1,145,"SR-14 S/B (ANTELOPE VALLEY FREEWAY)","GOLDEN VALLEY RD",2870.00,N,N,A,-,Y,,,14,,,,,,S,Y,3,0,1,2,A,-,01,23152,A,N,C,C,A,A,H,-,C,D,0,,,,,Y,Y,A,01,0,1,0,0,0,0,0,0,0,"- ","- ",34.397041320800781,-118.46469879150391,"LOS ANGELES","SANTA CLARITA",-118.46469116210938,34.397022247314453
91230516,2020,2020-04-28,9530,2020-03-15,0340,022302,,7,3,7,1942,0,1,1,,2,110,"I-110 N/B (HARBOR FREEWAY)","I-105 E/B (GLENN ANDERSON FWY)",50.00,S,N,B,C,Y,,,110,,,,,,N,Y,3,0,1,1,A,-,01,23152,A,N,E,I,A,B,H,-,C,D,0,,,,,Y,Y,A,01,0,1,0,0,0,0,0,0,0,"- ","- ",33.928199768066406,-118.28076171875,"LOS ANGELES","LOS ANGELES",-118.28064727783203,33.928176879882812
91230915,2020,2020-04-29,9525,2020-04-27,1420,020499,,1,2,9,1900,0,1,3,,1,024,"EAST FORK RD.","SR-39 (SAN GABRIEL CANYON RD.)",8448.00,E,N,A,-,N,,,,,,,,,,Y,3,0,8,2,A,-,03,22350,,N,A,C,A,A,H,-,A,D,0,,,,,Y,Y,A,01,0,8,0,0,0,0,0,0,0,"- ","- ",34.238319396972656,-117.82588958740234,"LOS ANGELES",UNINCORPORATED,-117.86872863769531,34.241191864013672
91231135,2020,2020-04-30,9540,2020-04-19,2000,021179,,7,2,7,1942,0,1,1,,1,501,"I-5 S/B (GOLDEN STATE FREEWAY)","ROXFORD STREET",5280.00,S,N,A,-,Y,,,5,,,,,,S,Y,3,0,1,3,A,-,01,23152,A,N,E,I,A,A,H,-,C,D,0,,,,,Y,Y,D,22,0,1,0,0,0,0,0,0,0,"- ","- ",34.291339874267578,-118.46793365478516,"LOS ANGELES","LOS ANGELES",-118.46794128417969,34.291328430175781
91231202,2020,2020-04-30,9535,2020-04-22,1825,022298,,3,2,5,1948,0,1,3,,2,621,"SR-60 W/B (POMONA FREEWAY)","GREENWOOD AVENUE",200.00,E,N,A,-,Y,,,60,,,,,,W,Y,3,0,1,1,A,-,01,23152,A,N,E,I,A,A,H,-,A,D,0,,,,,Y,Y,D,22,0,1,0,0,0,0,0,0,0,"- ","- ",34.034469604492188,-118.10772705078125,"LOS ANGELES","MONTEREY PARK",-118.10771179199219,34.034397125244141
91232913,2020,2020-05-04,9565,2020-04-21,0055,022097,,2,3,9,1900,0,3,5,,2,004,"104TH STREET","GREVILLEA AVENUE",148.00,W,N,A,-,N,,,,,,,,,,Y,3,0,1,2,A,-,01,23152,A,N,B,E,A,A,H,-,C,D,0,,,,,Y,Y,A,01,0,1,0,0,0,0,0,0,0,"- ","- ",33.941841125488281,-118.35539245605469,"LOS ANGELES",UNINCORPORATED,-118.35535430908203,33.941810607910156
91233180,2020,2020-05-04,9590,2020-04-27,2328,022497,,1,3,7,1942,0,1,1,,2,041,"US-101 S/B (SANTA ANA FREEWAY)","4TH STREET",520.00,S,N,A,-,Y,,,101,,,,,,S,Y,2,0,2,2,A,-,01,23152,A,N,C,C,A,A,H,-,C,D,0,,,,,Y,Y,A,01,1,1,0,0,0,0,0,0,0,"- ","- ",34.042610168457031,-118.22118377685547,"LOS ANGELES","LOS ANGELES",-118.22117614746094,34.042610168457031
91235388,2020,2020-05-08,9590,2020-05-03,0455,022281,,7,3,7,1942,0,1,1,,2,012,"SR-110 N/B (ASP) TO FIGUEROA STREET","SAN FERNANDO ROAD",750.00,N,N,A,-,Y,,,110,,,,R,,N,Y,3,0,1,1,A,-,08,22107,,N,E,I,A,A,H,-,C,D,0,,,,,Y,Y,A,01,0,1,0,0,0,0,0,0,0,"- ","- ",34.082271575927734,-118.22386169433594,"LOS ANGELES","LOS ANGELES",-118.22386169433594,34.082271575927734
91235994,2020,2020-05-11,9575,2020-05-02,2254,022526,,6,3,7,1942,0,1,1,,2,052,"I-5 N/B (GOLDEN STATE FREEWAY)","PEORIA ST. O/C",10.00,S,N,A,-,Y,,,5,,,,,,N,Y,3,0,1,1,A,-,01,23152,A,N,E,I,A,A,H,-,C,D,0,,,,,Y,Y,A,01,0,1,0,0,0,0,0,0,0,"- ","- ",34.229000091552734,-118.39289855957031,"LOS ANGELES","LOS ANGELES",-118.39292907714844,34.22894287109375
91236627,2020,2020-05-12,9565,2020-04-26,0130,021658,,7,3,9,1900,0,2,4,,2,022,"IMPERIAL HWY.","NORMANDIE AVE.",0.00,,Y,A,-,N,,,,,,,,,,Y,4,0,2,2,A,-,01,23152,A,N,D,C,A,A,H,-,C,D,0,,,,,Y,Y,A,07,0,0,2,0,0,0,0,0,0,"- ","- ",33.93096923828125,-118.30030822753906,"LOS ANGELES",UNINCORPORATED,-118.30032348632812,33.931018829345703
91237037,2020,2020-05-13,9575,2020-05-01,2350,022502,,5,3,7,1942,0,1,1,,2,050,"I-5 N/B (GOLDEN STATE FREEWAY)","ZOO DR.",400.00,N,N,A,-,Y,,,5,,,,,,N,Y,2,0,1,1,A,-,01,23152,A,N,E,I,A,A,H,-,C,D,0,,,,,Y,Y,A,01,1,0,0,0,0,0,0,0,0,"- ","- ",34.151321411132812,-118.28109741210938,"LOS ANGELES","LOS ANGELES",-118.28122711181641,34.151199340820312
91237202,2020,2020-05-13,9530,2020-05-01,1645,021689,,5,2,7,1942,0,1,1,,2,200,"I-105 E/B (GLENN ANDERSON FWY)","CENTRAL AVE.",400.00,W,N,A,-,Y,,,105,,,,,,E,Y,4,0,1,6,A,-,03,22350,,N,C,C,A,A,H,-,A,D,0,,,,,Y,Y,A,01,0,0,1,0,0,0,0,0,0,"- ","- ",33.927200317382812,-118.2607421875,"LOS ANGELES","LOS ANGELES",-118.2607421875,33.92730712890625
91237859,2020,2020-05-14,9565,2020-04-21,1749,021678,,2,2,9,1900,0,3,5,,2,002,"102ND STREET EAST","BUDLONG AVENUE",165.00,W,N,A,-,N,,,,,,,,,,Y,3,0,3,7,A,-,03,22350,,F,C,C,A,A,H,-,A,D,0,,,,Y,Y,Y,A,01,0,1,2,0,0,0,0,0,0,"- ","- ",33.944080352783203,-118.29686737060547,"LOS ANGELES",UNINCORPORATED,-118.29676055908203,33.944087982177734
91237992,2020,2020-05-14,9535,2020-05-13,1055,019056,,3,1,9,1900,0,3,5,,2,006,"POTRERO GRANDE DR. (1800 BLOCK)","FALLING LEAF AVE",600.00,W,N,B,-,N,,,,,,,,,,Y,3,0,1,3,A,-,01,23152,A,N,C,E,A,A,H,-,A,D,0,,,,,Y,Y,A,01,0,1,0,0,0,0,0,0,0,"- ","- ",34.050991058349609,-118.09581756591797,"LOS ANGELES",UNINCORPORATED,-118.09559631347656,34.051078796386719
9123923,2020,2020-09-03,1942,2020-06-24,1230,41791,1205,3,5,7,1942,0,0,0,L,0,12A67,"DENKER AV","52ND ST",0.00,,Y,A,-,N,,,,,,,,,,N,3,0,1,2,A,-,12,22450,,N,A,C,A,A,H,-,A,D,0,,,Y,,Y,Y,C,03,0,1,0,0,0,0,0,0,1,"- ","- ",,,"LOS ANGELES","LOS ANGELES",-118.30457305908203,33.995048522949219
91240064,2020,2020-05-20,9565,2020-05-11,0045,022014,,1,3,5,1928,0,1,1,,2,012,"I-105 E/B (CENTURY FREEWAY)","YUKON AVE",100.00,W,N,A,-,Y,,,105,,,,,,E,Y,3,0,1,1,A,-,01,23152,A,N,E,I,A,A,H,-,C,D,0,,,,,Y,Y,A,07,0,1,0,0,0,0,0,0,0,"- ","- ",33.925060272216797,-118.3355712890625,"LOS ANGELES",HAWTHORNE,-118.33558654785156,33.924991607666016
91240626,2020,2020-05-21,9530,2020-05-14,1700,022427,,4,2,9,1900,0,3,5,,2,003,"COMPTON BLVD. (4400 BLOCK)","COOKACRE AVE.",60.00,E,N,A,-,N,,,,,,,,,,Y,3,0,2,4,A,-,09,21804,A,N,D,C,A,A,H,-,A,D,0,,,,,Y,Y,D,22,0,2,0,0,0,0,0,0,0,"- ","- ",33.896129608154297,-118.19426727294922,"LOS ANGELES",UNINCORPORATED,-118.19435119628906,33.896148681640625
91240633,2020,2020-05-21,9540,2020-05-14,0036,021869,,4,3,9,1900,0,1,3,,2,147,"SR-14 S/B FROM SIERRA HWY.","SIERRA HWY",15.00,E,N,A,-,Y,,,14,,,,R,,S,Y,2,0,1,1,A,-,01,23152,A,N,E,I,A,A,H,-,D,D,0,,,,,Y,Y,A,01,1,0,0,0,0,0,0,0,0,"- ","- ",34.501518249511719,-118.22843170166016,"LOS ANGELES",UNINCORPORATED,-118.22843170166016,34.501518249511719
91240810,2020,2020-05-21,9530,2020-05-16,0250,021871,,6,3,7,1941,0,1,1,,2,072,"I-710 N/B (LONG BEACH FREEWAY)","WARDLOW RD.",1580.00,S,N,A,-,Y,,,710,,,,,,N,Y,2,0,2,2,A,-,01,23152,A,N,C,C,A,A,H,-,C,D,0,,,,Y,Y,Y,D,22,2,0,0,0,0,0,0,0,0,"- ","- ",33.821449279785156,-118.20684051513672,"LOS ANGELES","LONG BEACH",-118.20687103271484,33.821449279785156
91241272,2020,2020-05-22,9580,2020-05-12,0018,021963,,2,3,7,1942,0,1,2,,2,103,"US-101 S/B (VENTURA FREEWAY)","HASKELL AVE",1056.00,N,N,A,-,Y,,,101,,,,,,S,Y,4,0,1,2,A,-,01,23152,A,N,C,C,A,A,H,-,C,D,0,,,,Y,Y,Y,D,22,0,0,1,0,0,0,0,0,0,"- ","- ",34.165248870849609,-118.47738647460938,"LOS ANGELES","LOS ANGELES",-118.47738647460938,34.165271759033203
91242019,2020,2020-05-26,9575,2020-05-13,1607,022490,,3,2,9,1900,0,1,3,,2,300,"SR-2 (ANGELES CREST HIGHWAY)","ANGELES CREST RANGER STATION",3960.00,E,N,A,-,Y,,,2,,,,,,,Y,2,0,1,1,A,-,01,23152,A,N,E,I,A,A,H,-,A,D,0,,,,,Y,Y,A,01,1,0,0,0,0,0,0,0,0,"- ","- ",34.237529754638672,-118.18776702880859,"LOS ANGELES",UNINCORPORATED,-118.18776702880859,34.237468719482422