CASE_ID,ACCIDENT_YEAR,PROC_DATE,JURIS,COLLISION_DATE,COLLISION_TIME,OFFICER_ID,REPORTING_DISTRICT,DAY_OF_WEEK,CHP_SHIFT,POPULATION,CNTY_CITY_LOC,SPECIAL_COND,BEAT_TYPE,CHP_BEAT_TYPE,CITY_DIVISION_LAPD,CHP_BEAT_CLASS,BEAT_NUMBER,PRIMARY_RD,SECONDARY_RD,DISTANCE,DIRECTION,INTERSECTION,WEATHER_1,WEATHER_2,STATE_HWY_IND,CALTRANS_COUNTY,CALTRANS_DISTRICT,STATE_ROUTE,ROUTE_SUFFIX,POSTMILE_PREFIX,POSTMILE,LOCATION_TYPE,RAMP_INTERSECTION,SIDE_OF_HWY,TOW_AWAY,COLLISION_SEVERITY,NUMBER_KILLED,NUMBER_INJURED,PARTY_COUNT,PRIMARY_COLL_FACTOR,PCF_CODE_OF_VIOL,PCF_VIOL_CATEGORY,PCF_VIOLATION,PCF_VIOL_SUBSECTION,HIT_AND_RUN,TYPE_OF_COLLISION,MVIW,PED_ACTION,ROAD_SURFACE,ROAD_COND_1,ROAD_COND_2,LIGHTING,CONTROL_DEVICE,CHP_ROAD_TYPE,PEDESTRIAN_ACCIDENT,BICYCLE_ACCIDENT,MOTORCYCLE_ACCIDENT,TRUCK_ACCIDENT,NOT_PRIVATE_PROPERTY,ALCOHOL_INVOLVED,STWD_VEHTYPE_AT_FAULT,CHP_VEHTYPE_AT_FAULT,COUNT_SEVERE_INJ,COUNT_VISIBLE_INJ,COUNT_COMPLAINT_PAIN,COUNT_PED_KILLED,COUNT_PED_INJURED,COUNT_BICYCLIST_KILLED,COUNT_BICYCLIST_INJURED,COUNT_MC_KILLED,COUNT_MC_INJURED,PRIMARY_RAMP,SECONDARY_RAMP,LATITUDE,LONGITUDE,COUNTY,CITY,POINT_X,POINT_Y
9144214,2020,2020-10-20,1942,2020-08-18,1500,37724,1841,2,5,7,1942,0,0,0,R,0,18A41,"S HOOVER ST","W 107TH ST",80.00,N,N,A,-,N,,,,,,,,,,Y,3,0,1,2,A,-,01,23152,A,M,D,C,A,A,H,-,A,A,0,,,,Y,Y,Y,A,01,0,1,0,0,0,0,0,0,0,"- ","- ",,,"LOS ANGELES","LOS ANGELES",-118.28697204589844,33.939289093017578
9144237,2020,2020-10-08,1942,2020-05-14,1950,42349,1642,4,5,7,1942,0,0,0,P,0,10X4,"HADDON AV","CARL ST",100.00,N,N,A,-,N,,,,,,,,,,N,3,0,1,2,A,-,11,21954,A,F,G,B,D,A,H,-,B,D,0,Y,,,,Y,Y,N,60,0,1,0,0,1,0,0,0,0,"- ","- ",,,"LOS ANGELES","LOS ANGELES",-118.42751312255859,34.259906768798828
91443033,2021,2021-04-05,9535,2021-03-25,0000,022335,,4,3,9,1900,0,2,4,,2,014,"CESAR E CHAVEZ AVENUE (3800 BLOCK)","RECORD AVENUE",40.00,W,N,A,-,N,,,,,,,,,,Y,4,0,1,2,A,-,01,23152,A,N,C,C,A,A,H,-,C,A,0,,,,,Y,Y,A,07,0,0,1,0,0,0,0,0,0,"- ","- ",34.040519714355469,-118.18248748779297,"LOS ANGELES",UNINCORPORATED,-118.18244171142578,34.040538787841797
9144333,2020,2020-10-07,1941,2020-08-16,0857,11570,,7,5,7,1941,0,0,0,,0,,"SANTA FE AV","CAMERON ST",0.00,,Y,A,-,N,,,,,,,,,,Y,4,0,1,2,A,-,01,23152,B,N,C,C,A,A,H,-,A,D,0,,,,,Y,Y,A,,0,0,1,0,0,0,0,0,0,"- ","- ",,,"LOS ANGELES","LONG BEACH",-118.21553039550781,33.823520660400391
91443486,2021,2021-04-05,9525,2021-04-03,0115,022519,,6,3,9,1900,0,1,1,,2,106,"I-10 W/B (SAN BERNARDINO FWY)","HOLT AVE",500.00,E,N,A,-,Y,,,10,,,,,,W,Y,3,0,1,2,A,-,01,23152,A,N,C,C,A,A,D,E,D,D,0,,,,,Y,Y,A,01,0,1,0,0,0,0,0,0,0,"- ","- ",34.069229125976562,-117.86244964599609,"LOS ANGELES",UNINCORPORATED,-117.86241912841797,34.069290161132812
91444226,2021,2021-04-06,9535,2021-03-28,0020,022335,,7,3,9,1900,0,2,4,,2,022,"OLYMPIC BOULEVARD (5900 BLOCK)","SOUTHSIDE DRIVE",125.00,W,N,A,-,N,,,,,,,,,,Y,2,0,1,2,A,-,01,23152,A,N,B,E,A,A,H,-,C,D,0,,,,Y,Y,Y,D,22,1,0,0,0,0,0,0,0,0,"- ","- ",34.013641357421875,-118.14472961425781,"LOS ANGELES",UNINCORPORATED,-118.12479400634766,34.010601043701172
91445840,2021,2021-04-08,9590,2021-03-22,2030,022497,,1,2,7,1942,0,1,1,,2,063,"I-10 W/B (SANTA MONICA FREEWAY)","CENTRAL AVENUE",1100.00,E,N,A,-,Y,,,10,,,,,,W,Y,4,0,1,1,A,-,01,23152,A,N,E,I,A,A,H,-,C,D,0,,,,,Y,Y,A,01,0,0,1,0,0,0,0,0,0,"- ","- ",34.024238586425781,-118.245849609375,"LOS ANGELES","LOS ANGELES",-118.24584197998047,34.024257659912109
91446212,2021,2021-08-30,9565,2021-03-29,2157,021648,,1,2,7,1942,0,1,1,,2,083,"I-10 E/B","NATIONAL BLVD",110.00,E,N,A,-,Y,,,10,,,,,,E,Y,3,0,1,3,A,-,03,22350,,N,C,C,A,A,H,-,D,D,0,,,,,Y,Y,A,01,0,1,0,0,0,0,0,0,0,"- ","- ",34.029441833496094,-118.40242767333984,"LOS ANGELES","LOS ANGELES",-118.40242767333984,34.029487609863281
91446242,2021,2021-04-08,9590,2021-04-06,1640,022431,,2,2,7,1942,0,1,2,,2,071,"US-101 S/B (HOLLYWOOD FREEWAY)","EDGEWARE ROAD",100.00,N,N,A,-,Y,,,101,,,,,,S,N,4,0,1,2,A,-,03,22350,,M,C,C,A,A,H,-,A,D,0,,,,,Y,Y,-,99,0,0,1,0,0,0,0,0,0,"- ","- ",34.06719970703125,-118.25475311279297,"LOS ANGELES","LOS ANGELES",-118.25476837158203,34.067161560058594
9145045,2020,2020-10-12,1976,2020-08-15,0022,233,,6,5,3,1964,0,0,0,,0,,"TELEGRAPH RD","FREEMAN AV",433.00,W,N,A,-,N,,,,,,,,,,Y,2,0,2,1,A,-,01,23152,A,N,E,I,A,A,H,-,C,D,0,,,,,Y,Y,A,01,1,1,0,0,0,0,0,0,0,"- ","- ",,,"LOS ANGELES","SANTA FE SPRINGS",-118.05904388427734,33.941795349121094
91450564,2021,2021-04-14,9580,2021-04-13,2340,021963,,2,3,7,1942,0,1,1,,2,405,"I-405 S/B (SAN DIEGO FWY)","VANOWEN ST",1056.00,S,N,A,-,Y,,,405,,,,,,S,N,4,0,1,2,A,-,08,22107,,N,E,I,A,A,H,-,C,D,0,,,,,Y,Y,A,01,0,0,1,0,0,0,0,0,0,"- ","- ",34.190128326416016,-118.47450256347656,"LOS ANGELES","LOS ANGELES",-118.47435760498047,34.190132141113281
91451045,2021,2021-04-15,9580,2021-04-11,0305,021167,,7,3,7,1942,0,1,1,,2,406,"I-405 N/B (SAN DIEGO FWY)","PARTHENIA ST",900.00,S,N,A,-,Y,,,405,,,,,,N,Y,3,0,2,2,A,-,03,22350,,N,C,C,A,A,H,-,C,D,0,,,,,Y,Y,A,01,0,1,1,0,0,0,0,0,0,"- ","- ",34.226840972900391,-118.47303009033203,"LOS ANGELES","LOS ANGELES",-118.47303009033203,34.226840972900391
91451959,2021,2021-04-16,9580,2021-04-11,1758,021999,,7,2,9,1900,0,2,4,,1,129,"KANAN RD","TUNNEL #1",1200.00,S,N,A,-,N,,,,,,,,,,Y,4,0,1,1,A,-,01,23152,A,N,E,I,A,A,H,-,A,D,0,,,,,Y,Y,A,01,0,0,1,0,0,0,0,0,0,"- ","- ",34.069900512695312,-118.81182861328125,"LOS ANGELES",UNINCORPORATED,,
91452209,2021,2021-04-16,9590,2021-04-04,1625,022497,,7,2,7,1942,0,1,1,,2,052,"I-110 N/B (HARBOR FREEWAY)","6TH STREET",200.00,S,N,A,-,Y,,,110,,,,,,N,Y,3,0,1,2,A,-,01,23152,A,N,C,C,A,A,H,-,A,D,0,,,,,Y,Y,A,01,0,1,0,0,0,0,0,0,0,"- ","- ",34.051860809326172,-118.25998687744141,"LOS ANGELES","LOS ANGELES",-118.25999450683594,34.051864624023438
91452493,2021,2021-04-19,9525,2021-04-04,0300,021748,,7,3,6,1955,0,1,3,,2,604,"SR-60 E/B (POMONA FWY)","PHILLIPS RANCH RD",8448.00,W,N,A,-,Y,,,,,,,,,,Y,3,0,1,2,A,-,01,23152,A,N,B,C,A,A,H,-,C,D,0,,,,,Y,Y,A,01,0,1,0,0,0,0,0,0,0,"- ","- ",34.027359008789062,-117.7996826171875,"LOS ANGELES",POMONA,-117.79764556884766,34.027652740478516
91453047,2021,2021-04-19,9530,2021-04-09,2137,022083,,5,2,9,1900,0,3,5,,2,002,"WILMINGTON AVE.","120TH ST.",0.00,,Y,A,-,N,,,,,,,,,,Y,3,0,5,2,A,-,09,21801,A,N,D,C,A,A,H,-,C,A,0,,,,,Y,Y,D,22,0,3,2,0,0,0,0,0,0,"- ","- ",33.924598693847656,-118.23905944824219,"LOS ANGELES",UNINCORPORATED,-118.2391357421875,33.924617767333984
91453819,2021,2021-04-20,9590,2021-04-03,0110,021762,,6,3,7,1942,0,1,2,,2,070,"US-101 N/B (HOLLYWOOD FREEWAY)","SILVER LAKE BOOULEVARD",700.00,N,N,A,-,Y,,,101,,,,,,N,Y,4,0,1,3,A,-,03,22350,,N,C,C,A,D,H,-,D,D,0,,,,,Y,Y,A,01,0,0,1,0,0,0,0,0,0,"- ","- ",34.077838897705078,-118.28411102294922,"LOS ANGELES","LOS ANGELES",-118.28411102294922,34.077831268310547
91454900,2021,2021-04-21,9530,2021-04-11,2020,022585,,7,2,9,1900,0,3,5,,2,001,"FLORENCE AVE. (2700 BLOCK)","SEVILLE AVE.",130.00,E,N,A,-,N,,,,,,,,,,Y,3,0,1,3,A,-,01,23152,G,N,C,E,A,A,H,-,C,D,0,,,,,Y,Y,D,22,0,1,0,0,0,0,0,0,0,"- ","- ",33.973800659179688,-118.22196197509766,"LOS ANGELES",UNINCORPORATED,-118.22200012207031,33.973869323730469
9145620,2020,2020-10-21,1941,2020-08-08,1735,10919,,6,5,7,1941,0,0,0,,0,,"17TH ST","CEDAR AV",0.00,,Y,A,-,N,,,,,,,,,,N,2,0,1,2,A,-,"- ",,,N,B,G,A,A,H,-,A,D,0,,Y,,,Y,Y,L,,1,0,0,0,0,0,1,0,0,"- ","- ",,,"LOS ANGELES","LONG BEACH",-118.19505310058594,33.788059234619141
91456594,2021,2021-04-23,9565,2021-04-12,1809,022153,,1,2,9,1900,0,2,4,,2,024,"IMPERIAL HIGHWAY E/B","NORMANDIE AVENUE",250.00,W,N,A,-,Y,,,,,,,,,,Y,4,0,1,4,A,-,01,23152,A,N,E,I,A,A,H,-,A,A,0,,,,Y,Y,Y,A,01,0,0,1,0,0,0,0,0,0,"- ","- ",33.930858612060547,-118.30123901367188,"LOS ANGELES",UNINCORPORATED,-118.30113983154297,33.930919647216797
9145707,2020,2020-11-18,1941,2020-08-01,1620,11246,,6,5,7,1941,0,0,0,,0,,"LINDEN AV","SMITH ST",0.00,,Y,A,-,N,,,,,,,,,,N,4,0,3,2,A,-,21,22106,,F,H,C,A,A,H,-,A,A,0,,,,,Y,Y,-,,0,0,3,0,0,0,0,0,0,"- ","- ",,,"LOS ANGELES","LONG BEACH",-118.18605041503906,33.865821838378906
91457967,2021,2021-04-26,9535,2021-04-14,0500,022418,,3,3,5,1901,0,1,1,,2,070,"I-710 (LONG BEACH FREEWAY) N/B","VALLEY BLVD",673.00,S,N,A,-,Y,,,710,,,,,,N,Y,3,0,1,1,A,-,01,23152,A,N,E,I,A,A,H,-,D,D,0,,,,,Y,Y,A,01,0,1,0,0,0,0,0,0,0,"- ","- ",34.073261260986328,-118.16072845458984,"LOS ANGELES",ALHAMBRA,-118.16079711914062,34.073268890380859
91458269,2021,2021-04-26,9550,2021-04-24,0230,021986,,6,3,9,1900,0,1,3,,2,601,"SR-60 E/B","BARFORD AVENUE PEDESTRIAN OVERCROSSING",13.00,W,N,A,-,Y,,,60,,,,,,E,Y,3,0,1,1,A,-,01,23152,A,N,E,I,A,A,H,-,D,D,0,,,,,Y,Y,A,01,0,1,0,0,0,0,0,0,0,"- ","- ",34.003879547119141,-117.95455169677734,"LOS ANGELES",UNINCORPORATED,-117.95457458496094,34.003795623779297
91458968,2021,2021-04-27,9540,2021-04-23,0202,018024,,5,3,6,1985,0,1,3,,1,144,"STATE ROUTE 14 (N/B)","SAND CANYON RD.",528.00,S,N,A,-,Y,,,14,,,,,,,Y,4,0,1,2,A,-,01,23152,A,N,C,C,A,A,H,-,D,D,0,,,,Y,Y,Y,A,01,0,0,1,0,0,0,0,0,0,"- ","- ",34.421539306640625,-118.43083953857422,"LOS ANGELES","SANTA CLARITA",-118.43093109130859,34.421741485595703
91459097,2021,2021-04-27,9590,2021-04-12,0203,022382,,1,3,7,1942,0,1,1,,2,060,"I-10 E/B (SMF)","WEST BLVD",500.00,W,N,A,-,Y,,,10,,,,,,E,Y,3,0,1,2,A,-,01,23152,A,N,C,C,A,A,H,-,C,D,0,,,,,Y,Y,A,01,0,1,0,0,0,0,0,0,0,"- ","- ",34.034549713134766,-118.34205627441406,"LOS ANGELES","LOS ANGELES",-118.34206390380859,34.034580230712891
91460384,2021,2021-04-28,9590,2021-04-18,0635,022252,,7,1,7,1942,0,1,1,,2,053,"I-110 S/B (HARBOR FREEWAY)","12TH STREET",100.00,S,N,A,-,Y,,,110,,,,,,S,Y,3,0,1,1,A,-,01,23152,A,N,F,A,A,A,H,-,A,D,0,,,,,Y,Y,A,07,0,1,0,0,0,0,0,0,0,"- ","- ",34.044059753417969,-118.27192687988281,"LOS ANGELES","LOS ANGELES",-118.27205657958984,34.044158935546875
9146048,2020,2021-05-27,1955,2020-07-19,2041,41788,183,7,5,6,1955,0,0,0,,0,,"SAN BERNARDINO AV","BALBOA ST",0.00,,Y,A,-,N,,,,,,,,,,Y,1,1,2,4,A,-,03,22350,,N,D,C,A,A,H,-,C,A,0,,,,,Y,Y,A,01,0,2,0,0,0,0,0,0,0,"- ","- ",,,"LOS ANGELES",POMONA,-117.72891998291016,34.075859069824219
91460753,2021,2021-04-28,9535,2021-04-17,0329,022321,,6,3,9,1900,0,2,4,,2,022,"OLYMPIC BLVD (5700 BLOCK)","SIMMONS AVE",30.00,W,N,A,-,N,,,,,,,,,,Y,4,0,1,2,A,-,01,23152,G,N,C,C,A,A,H,-,C,D,0,,,,,Y,Y,A,07,0,0,1,0,0,0,0,0,0,"- ","- ",34.013870239257812,-118.14678955078125,"LOS ANGELES",UNINCORPORATED,-118.14666748046875,34.01385498046875
91461157,2021,2021-04-29,9590,2021-04-14,0335,021762,,3,3,7,1942,0,1,2,,2,070,"US-101 N/B (HOLLYWOOD FREEWAY)","SILVER LAKE BLVD",400.00,N,N,A,-,Y,,,101,,,,,,N,Y,4,0,1,2,A,-,03,22350,,N,C,C,A,A,H,-,D,D,0,,,,,Y,Y,A,01,0,0,1,0,0,0,0,0,0,"- ","- ",34.076881408691406,-118.27989196777344,"LOS ANGELES","LOS ANGELES",-118.27989196777344,34.076858520507812
91463038,2021,2021-04-30,9590,2021-04-17,2035,022493,,6,2,7,1942,0,1,1,,2,052,"I-110 N/B (HARBOR FREEWAY)","1ST ST",220.00,N,N,A,-,Y,,,110,,,,,,N,Y,4,0,1,2,A,-,01,23152,A,N,C,C,A,A,H,-,C,D,0,,,,,Y,Y,A,01,0,0,1,0,0,0,0,0,0,"- ","- ",34.059181213378906,-118.25266265869141,"LOS ANGELES","LOS ANGELES",-118.25270843505859,34.059230804443359
91463914,2021,2021-05-03,9530,2021-05-02,0339,021582,,7,3,7,1942,0,1,1,,2,110,"I-110 N/B TO ROSECRANS AVE.","ROSECRANS AVE.",528.00,S,N,A,-,Y,,,110,,,,R,,N,Y,3,0,2,1,A,-,01,23152,A,N,E,I,A,A,H,-,D,D,0,,,,,Y,Y,A,01,0,2,0,0,0,0,0,0,0,"- ","- ",33.899990081787109,-118.28592681884766,"LOS ANGELES","LOS ANGELES",-118.28592681884766,33.899990081787109
91464166,2021,2021-05-03,9545,2021-04-21,0326,019345,,3,3,9,1900,0,1,3,,1,042,SR-138,"80TH ST  E",0.00,,Y,A,-,Y,,,138,,,,,,,Y,3,0,1,2,A,-,01,23152,A,M,D,C,A,A,H,-,C,A,0,,,,,Y,Y,D,22,0,1,0,0,0,0,0,0,0,"- ","- ",34.521049499511719,-117.98812103271484,"LOS ANGELES",UNINCORPORATED,-117.98812103271484,34.521080017089844
91465133,2021,2021-05-04,9580,2021-05-02,0028,022158,,7,3,7,1942,0,1,3,,2,171,"SR-170 S/B (HOLLYWOOD FWY.)","ARLETA AVE",450.00,N,N,B,-,Y,,,170,,,,,,S,Y,3,0,2,2,A,-,01,23152,A,N,C,C,A,A,H,-,D,D,0,,,,,Y,Y,A,01,0,2,0,0,0,0,0,0,0,"- ","- ",34.228759765625,-118.41056060791016,"LOS ANGELES","LOS ANGELES",-118.41043090820312,34.228721618652344
91465307,2021,2021-05-04,9540,2021-04-26,1845,019772,,1,2,9,1900,0,1,1,,2,511,"I-5 S/B (GOLDEN STATE FREEWAY)","TEMPLIN HIGHWAY",5280.00,N,N,A,-,Y,,,5,,,,,,S,Y,4,0,1,2,A,-,01,23152,A,N,C,C,A,A,H,-,B,D,0,,,,,Y,Y,D,22,0,0,1,0,0,0,0,0,0,"- ","- ",34.580371856689453,-118.70369720458984,"LOS ANGELES",UNINCORPORATED,-118.70370483398438,34.580360412597656
91465915,2021,2021-05-05,9530,2021-04-25,0005,021582,,7,3,7,1941,0,1,1,,2,071,"I-710 N/B (LONG BEACH FREEWAY)","DEL AMO BLVD.",60.00,N,N,A,-,Y,,,710,,,,,,N,Y,4,0,1,1,A,-,01,23152,A,N,E,I,A,A,H,-,D,D,0,,,,,Y,Y,A,07,0,0,1,0,0,0,0,0,0,"- ","- ",33.846889495849609,-118.20520782470703,"LOS ANGELES","LONG BEACH",-118.20537567138672,33.846904754638672
91466740,2021,2021-05-06,9590,2021-04-24,2150,021912,,6,2,7,1942,0,1,1,,2,051,"I-110 S/B (HARBOR FREEEWAY)","FLORENCE AVE.",850.00,N,N,A,-,Y,,,110,,,,,,S,Y,4,0,1,2,A,-,03,22350,,F,C,C,A,A,H,-,C,D,0,,,,,Y,Y,A,01,0,0,1,0,0,0,0,0,0,"- ","- ",33.977069854736328,-118.28099060058594,"LOS ANGELES","LOS ANGELES",-118.28092956542969,33.977069854736328
91467652,2021,2021-05-07,9530,2021-04-29,0020,021059,,4,3,7,1941,0,1,1,,2,420,"I-405 S/B (SAN DIEGO FREEWAY)","CASPIAN AVE STORM DRAIN",100.00,N,N,A,-,Y,,,405,,,,,,S,Y,3,0,1,2,A,-,01,23152,A,N,C,C,A,A,H,-,C,D,0,,,,,Y,Y,A,01,0,1,0,0,0,0,0,0,0,"- ","- ",33.825698852539062,-118.21356964111328,"LOS ANGELES","LONG BEACH",-118.21357727050781,33.825733184814453
91467784,2021,2021-05-07,9580,2021-04-23,0105,022036,,5,3,7,1942,0,1,3,,2,116,"SR-118 E/B (RONALD REAGAN FWY.)","WOODLEY AVE",800.00,E,N,A,-,Y,,,118,,,,,,E,Y,4,0,2,1,A,-,01,23152,G,N,B,I,A,A,H,-,C,D,0,,,,,Y,Y,A,01,0,0,2,0,0,0,0,0,0,"- ","- ",34.266498565673828,-118.48220062255859,"LOS ANGELES","LOS ANGELES",-118.48220825195312,34.266460418701172
91468325,2021,2021-05-10,9525,2021-05-05,2350,020687,,3,3,6,1975,0,1,1,,2,105,"I-10 W/B (SAN BERNARDINO FWY)","CITRUS ST.",1000.00,E,N,A,-,Y,,,10,,,,,,W,Y,4,0,1,2,A,-,03,22350,,N,C,C,A,A,D,-,C,D,0,,,,,Y,Y,J,48,0,0,1,0,0,0,0,0,0,"- ","- ",34.071971893310547,-117.88514709472656,"LOS ANGELES","WEST COVINA",-117.88514709472656,34.072029113769531
91468655,2021,2021-05-10,9580,2021-04-30,0040,022492,,5,3,7,1942,0,1,3,,2,114,"SR-118 E/B TO I-5 S/B","PAXTON AVE",740.00,N,N,A,-,Y,,,118,,,,R,,E,Y,3,0,1,1,A,-,01,23152,A,N,E,I,A,A,H,-,C,D,0,,,,,Y,Y,A,08,0,1,0,0,0,0,0,0,0,"- ","- ",34.264469146728516,-118.44268798828125,"LOS ANGELES","LOS ANGELES",-118.44268798828125,34.264469146728516
91470559,2021,2021-05-11,9535,2021-05-02,1720,022414,,7,2,9,1900,0,3,5,,2,001,"HICKS AVE. (400 BLOCK)","CESAR E. CHAVEZ AVE.",257.00,N,N,A,-,N,,,,,,,,,,Y,4,0,1,5,A,-,01,23152,A,N,B,C,A,A,H,-,A,A,0,,,,,Y,Y,A,07,0,0,1,0,0,0,0,0,0,"- ","- ",34.041301727294922,-118.19036865234375,"LOS ANGELES",UNINCORPORATED,-118.19035339355469,34.041213989257812
91470909,2021,2021-05-12,9530,2021-05-02,0545,021089,,7,3,5,1977,0,1,1,,2,410,"I-405 S/B (SAN DIEGO FREEWAY)","WILMIGNTON AVE.",3000.00,N,N,A,-,Y,,,405,,,,,,S,Y,2,0,1,1,A,-,01,23152,A,N,E,I,A,A,H,-,B,D,0,,,,,Y,Y,A,08,1,0,0,0,0,0,0,0,0,"- ","- ",33.825599670410156,-118.24600219726562,"LOS ANGELES",CARSON,-118.24600219726562,33.825756072998047
91471113,2021,2021-05-12,9565,2021-05-02,2040,022378,,7,2,9,1900,0,3,5,,2,002,"112TH ST.","VAN BUREN AVE",0.00,,Y,A,-,N,,,,,,,,,,Y,3,0,1,2,A,-,09,21801,A,N,D,C,A,A,H,-,C,A,0,,,Y,,Y,Y,A,01,0,1,0,0,0,0,0,0,1,"- ","- ",33.932788848876953,-118.29669952392578,"LOS ANGELES",UNINCORPORATED,-118.29669189453125,33.932826995849609
91472216,2021,2021-05-13,9590,2021-04-29,0040,022552,,4,3,7,1942,0,1,1,,2,052,"I-110 N/B (HAF) TO US-101 N/B (HOF)","1ST STREET",600.00,N,N,A,-,Y,,,110,,,,R,,N,N,3,0,1,2,A,-,03,22350,,N,B,C,A,A,H,-,C,D,0,,,,,Y,Y,A,01,0,1,0,0,0,0,0,0,0,"- ","- ",34.059959411621094,-118.25173187255859,"LOS ANGELES","LOS ANGELES",-118.25173187255859,34.059959411621094
91473293,2021,2021-05-14,9590,2021-05-02,1830,022304,,7,2,7,1942,0,1,1,,2,050,"I-110 N/B (HARBOR FREEWAY)","92ND STREET",150.00,S,N,A,-,Y,,,110,,,,,,N,Y,4,0,1,2,A,-,01,23152,A,N,C,C,A,A,H,-,A,D,0,,,,,Y,Y,A,01,0,0,1,0,0,0,0,0,0,"- ","- ",33.952308654785156,-118.28012847900391,"LOS ANGELES","LOS ANGELES",-118.28021240234375,33.952293395996094
91473592,2021,2021-05-14,9590,2021-04-23,0250,021835,,5,3,7,1942,0,1,1,,2,040,"I-5 N/B (SAF) TO I-10 W/B (SMF)","MARIETTA STREET",600.00,S,N,A,-,Y,,,5,,,,R,,N,Y,4,0,1,1,A,-,01,23152,A,N,E,I,A,A,H,-,C,D,0,,,,,Y,Y,A,01,0,0,1,0,0,0,0,0,0,"- ","- ",34.028438568115234,-118.21137237548828,"LOS ANGELES","LOS ANGELES",-118.21137237548828,34.028438568115234
91473941,2020,2021-05-14,9525,2020-12-17,0016,021967,,4,3,5,1926,0,1,1,,2,206,"INTERSTATE 210 EASTBOUND (FOOTHILL FWY)","SUNFLOWER AVENUE",2640.00,E,N,A,-,Y,,,210,,,,,,E,Y,4,0,1,3,A,-,03,22350,,N,B,C,A,A,H,-,D,D,0,,,,,Y,Y,A,01,0,0,1,0,0,0,0,0,0,"- ","- ",34.119029998779297,-117.84004211425781,"LOS ANGELES",GLENDORA,-117.84002685546875,34.118999481201172
91474367,2021,2021-05-17,9590,2021-04-30,0445,021535,,5,3,7,1942,0,1,3,,2,094,"SR-2 E/B (GLENDALE FREEWAY)","COLORADO BOULEVARD",970.00,W,N,A,-,Y,,,2,,,,,,E,Y,3,0,1,1,A,-,01,23152,A,N,E,I,A,A,H,-,C,D,0,,,,,Y,Y,A,01,0,1,0,0,0,0,0,0,0,"- ","- ",34.140201568603516,-118.22776031494141,"LOS ANGELES","LOS ANGELES",-118.22801208496094,34.140274047851562
91474395,2021,2021-05-17,9545,2021-05-04,0140,021819,,2,3,9,1900,0,1,3,,2,011,"SR-14 NORTHBOUND","AVENUE G",1730.00,S,N,A,-,Y,,,,,,,,,,Y,2,0,2,2,A,-,01,23152,A,N,C,C,A,A,H,-,C,D,0,,,,,Y,Y,A,01,1,0,1,0,0,0,0,0,0,"- ","- ",34.728401184082031,-118.17002868652344,"LOS ANGELES",UNINCORPORATED,-118.17008209228516,34.728466033935547
91474674,2021,2021-05-17,9550,2021-05-08,2029,022507,,6,2,9,1900,0,3,5,,2,002,"MILLS AVENUE","LIGHT STREET",30.00,S,N,A,-,N,,,,,,,,,,Y,3,0,2,2,A,-,01,23152,A,N,C,C,A,A,H,-,C,D,0,,,,,Y,Y,A,07,0,1,1,0,0,0,0,0,0,"- ","- ",33.941009521484375,-118.03169250488281,"LOS ANGELES",UNINCORPORATED,-118.03167724609375,33.9410400390625
91475183,2021,2021-05-18,9590,2021-04-28,2100,018538,,3,2,7,1942,0,1,1,,2,051,"I-110 S/B (HARBOR FWY.)","SLAUSON AVE.",360.00,N,N,A,-,Y,,,110,,,,,,S,Y,3,0,2,3,A,-,01,23152,A,N,C,C,A,A,H,-,C,D,0,,,,,Y,Y,A,01,0,1,1,0,0,0,0,0,0,"- ","- ",33.990219116210938,-118.28083801269531,"LOS ANGELES","LOS ANGELES",-118.28060913085938,33.990219116210938
9147551,2020,2020-10-14,1942,2020-08-23,0240,43649,0985,7,5,7,1942,0,0,0,I,0,9A89,"HAZELTINE AV","MOORPARK ST",8.00,S,N,A,-,N,,,,,,,,,,Y,4,0,2,2,A,-,12,21453,A,N,D,C,A,A,H,-,C,A,0,,,,Y,Y,Y,A,01,0,0,2,0,0,0,0,0,0,"- ","- ",,,"LOS ANGELES","LOS ANGELES",-118.44001007080078,34.150436401367188
91475681,2021,2021-05-27,9550,2021-05-12,0150,022426,,3,3,6,1949,0,1,1,,2,501,"INTERSTATE 5 S/B","BLOOMFIELD AVENUE",600.00,N,N,A,-,Y,,,5,,,,,,S,N,4,0,1,2,A,-,03,22350,,F,A,C,A,A,H,-,D,D,0,,,,,Y,Y,-,99,0,0,1,0,0,0,0,0,0,"- ","- ",33.906368255615234,-118.06684112548828,"LOS ANGELES",NORWALK,-118.06668853759766,33.906517028808594