CASE_ID,ACCIDENT_YEAR,PROC_DATE,JURIS,COLLISION_DATE,COLLISION_TIME,OFFICER_ID,REPORTING_DISTRICT,DAY_OF_WEEK,CHP_SHIFT,POPULATION,CNTY_CITY_LOC,SPECIAL_COND,BEAT_TYPE,CHP_BEAT_TYPE,CITY_DIVISION_LAPD,CHP_BEAT_CLASS,BEAT_NUMBER,PRIMARY_RD,SECONDARY_RD,DISTANCE,DIRECTION,INTERSECTION,WEATHER_1,WEATHER_2,STATE_HWY_IND,CALTRANS_COUNTY,CALTRANS_DISTRICT,STATE_ROUTE,ROUTE_SUFFIX,POSTMILE_PREFIX,POSTMILE,LOCATION_TYPE,RAMP_INTERSECTION,SIDE_OF_HWY,TOW_AWAY,COLLISION_SEVERITY,NUMBER_KILLED,NUMBER_INJURED,PARTY_COUNT,PRIMARY_COLL_FACTOR,PCF_CODE_OF_VIOL,PCF_VIOL_CATEGORY,PCF_VIOLATION,PCF_VIOL_SUBSECTION,HIT_AND_RUN,TYPE_OF_COLLISION,MVIW,PED_ACTION,ROAD_SURFACE,ROAD_COND_1,ROAD_COND_2,LIGHTING,CONTROL_DEVICE,CHP_ROAD_TYPE,PEDESTRIAN_ACCIDENT,BICYCLE_ACCIDENT,MOTORCYCLE_ACCIDENT,TRUCK_ACCIDENT,NOT_PRIVATE_PROPERTY,ALCOHOL_INVOLVED,STWD_VEHTYPE_AT_FAULT,CHP_VEHTYPE_AT_FAULT,COUNT_SEVERE_INJ,COUNT_VISIBLE_INJ,COUNT_COMPLAINT_PAIN,COUNT_PED_KILLED,COUNT_PED_INJURED,COUNT_BICYCLIST_KILLED,COUNT_BICYCLIST_INJURED,COUNT_MC_KILLED,COUNT_MC_INJURED,PRIMARY_RAMP,SECONDARY_RAMP,LATITUDE,LONGITUDE,COUNTY,CITY,POINT_X,POINT_Y
91535435,2021,2021-09-08,9540,2021-07-22,2325,021869,,4,3,6,1985,0,1,3,,1,144,"STATE ROUTE 14 N/B","PLACERITA CANYON RD.",500.00,S,N,A,-,Y,,,,,,,,,,Y,2,0,2,1,A,-,01,23152,A,N,E,I,A,A,H,-,D,D,0,,,,,Y,Y,A,01,2,0,0,0,0,0,0,0,0,"- ","- ",34.376468658447266,-118.49305725097656,"LOS ANGELES","SANTA CLARITA",-118.49465942382812,34.3765869140625
9153593,2020,2020-09-22,1900,2020-07-28,1224,620752,1192,2,5,6,1992,0,0,0,,0,112T2,"AVENUE L","30TH ST W",100.00,W,N,A,-,N,,,,,,,,,,Y,4,0,1,2,A,-,03,22350,,N,C,C,A,A,H,-,A,A,0,,,,,Y,Y,A,01,0,0,1,0,0,0,0,0,0,"- ","- ",,,"LOS ANGELES",LANCASTER,-118.18381500244141,34.660270690917969
91536068,2021,2021-08-06,9530,2021-07-22,1955,022421,,4,2,7,1942,0,1,1,,2,120,"S/B I-110","CHANNEL STREET",2228.00,N,N,A,-,Y,,,110,,,,,,,Y,3,0,1,1,A,-,01,23152,A,N,F,I,A,A,H,-,A,D,0,,,,,Y,Y,A,01,0,1,0,0,0,0,0,0,0,"- ","- ",33.759708404541016,-118.28893280029297,"LOS ANGELES","LOS ANGELES",-118.28890991210938,33.759689331054688
91536440,2021,2021-08-04,9525,2021-07-28,0010,020719,,3,3,6,1955,0,1,1,,2,108,"I-10 W/B (SAN BERNARDINO FWY)","DUDLEY ST.",1584.00,E,N,B,-,Y,,,10,,,,,,W,Y,3,0,1,1,C,-,18,,,N,E,J,A,A,H,-,D,D,0,,,Y,,Y,Y,-,"- ",0,1,0,0,0,0,0,0,1,"- ","- ",34.072589874267578,-117.77291107177734,"LOS ANGELES",POMONA,-117.77293395996094,34.072433471679688
91539039,2021,2021-08-06,9565,2021-06-19,0122,022104,,6,3,9,1900,0,1,3,,2,070,SR-90,"CULVER BLVD.",2150.00,E,N,A,-,Y,,,,,,,,,,Y,3,0,1,1,A,-,01,23152,A,N,E,I,A,A,H,-,D,D,0,,,,,Y,Y,A,01,0,1,0,0,0,0,0,0,0,"- ","- ",33.980850219726562,-118.42122650146484,"LOS ANGELES",UNINCORPORATED,-118.42864227294922,33.981563568115234
91541113,2021,2021-08-10,9590,2021-07-09,2350,021835,,5,3,7,1942,0,1,1,,2,085,"I-5 S/B (GSF)","LOS FELIZ BLVD",200.00,S,N,A,-,Y,,,5,,,,,,S,Y,4,0,1,2,A,-,01,23152,A,N,C,C,A,A,H,-,C,D,0,,,,,Y,Y,A,01,0,0,1,0,0,0,0,0,0,"- ","- ",34.119251251220703,-118.27062225341797,"LOS ANGELES","LOS ANGELES",-118.27063751220703,34.119239807128906
91543244,2021,2021-08-12,9590,2021-07-25,1319,022493,,7,1,7,1942,0,1,3,,2,031,"SR-60 W/B (POMONA FREEWAY)","LORENA ST",200.00,E,N,A,-,Y,,,60,,,,,,W,N,4,0,1,2,A,-,08,22107,,M,B,C,A,A,H,-,A,D,0,,,,,Y,Y,A,01,0,0,1,0,0,0,0,0,0,"- ","- ",34.029689788818359,-118.19901275634766,"LOS ANGELES","LOS ANGELES",-118.19901275634766,34.029716491699219
91543378,2021,2021-08-12,9535,2021-08-01,0810,022338,,7,1,3,1914,0,1,1,,2,500,"I-5 N/B (SANTA ANA FREEWAY)","WASHINGTON BLVD.",50.00,N,N,A,-,Y,,,5,,,,,,N,Y,3,0,1,1,A,-,01,23152,A,N,E,I,A,A,H,-,A,D,0,,,,,Y,Y,A,01,0,1,0,0,0,0,0,0,0,"- ","- ",33.995571136474609,-118.14521789550781,"LOS ANGELES",COMMERCE,-118.14517211914062,33.995609283447266
9154539,2020,2021-01-19,1942,2020-09-07,2211,44066,1525,1,5,7,1942,0,0,0,O,0,15A23,"OXNARD ST","COLFAX AV",0.00,,Y,A,-,N,,,,,,,,,,Y,4,0,1,5,A,-,01,23152,A,N,A,C,A,A,H,-,C,A,0,,,,,Y,Y,D,22,0,0,1,0,0,0,0,0,0,"- ","- ",,,"LOS ANGELES","LOS ANGELES",-118.38780212402344,34.179409027099609
91545879,2021,2021-08-16,9575,2021-08-09,0308,021879,,1,3,7,1942,0,1,1,,2,050,"I-5 N/B (GOLDEN STATE FREEWAY)","COLORADO ST. FREEWAY EXTENSION",180.00,N,N,A,-,Y,,,5,,,,,,N,Y,4,0,1,1,A,-,01,23152,A,N,E,I,A,A,H,-,C,D,0,,,,,Y,Y,A,01,0,0,1,0,0,0,0,0,0,"- ","- ",34.141429901123047,-118.27783203125,"LOS ANGELES","LOS ANGELES",-118.27771759033203,34.141460418701172
91549227,2021,2021-08-19,9565,2021-07-04,0155,022097,,7,3,9,1900,0,1,1,,2,012,"I-105 EB","BUDLONG AVE",520.00,W,N,A,-,Y,,,105,,,,,,E,Y,2,0,3,3,A,-,01,23152,A,N,A,C,A,A,H,-,D,D,0,,,Y,,Y,Y,C,02,1,2,0,0,0,0,0,0,1,"- ","- ",33.928028106689453,-118.29662322998047,"LOS ANGELES",UNINCORPORATED,-118.296630859375,33.928077697753906
91549361,2021,2021-08-19,9540,2021-08-09,0740,022493,,1,1,6,1985,0,1,S,,2,101,"SR-14 (ANTELOPE VALLEY FREEWAY)","SIERRA HIGHWAY",1270.00,N,N,A,-,Y,,,14,,,,,,,N,3,0,1,2,A,-,03,22350,,N,C,C,A,A,H,-,A,D,0,,,,,Y,Y,A,01,0,1,0,0,0,0,0,0,0,"- ","- ",34.342269897460938,-118.5057373046875,"LOS ANGELES","SANTA CLARITA",-118.50576019287109,34.342277526855469
91550468,2021,2021-08-20,9545,2021-08-08,0320,021434,,7,3,9,1900,0,1,3,,2,021,"170TH ST  E","AVENUE M",528.00,N,N,A,-,N,,,,,,,,,,N,4,0,1,1,A,-,01,23152,A,M,E,I,A,A,H,-,D,D,0,,,,,Y,Y,A,01,0,0,1,0,0,0,0,0,0,"- ","- ",34.647960662841797,-117.82740783691406,"LOS ANGELES",UNINCORPORATED,-117.82733154296875,34.647178649902344
91550839,2021,2021-08-23,9575,2021-08-11,0034,022110,,3,3,9,1900,0,3,5,,2,002,"GLENVIEW TERRACE (BLOCK 2100)","MIDLOTHIAN DRIVE (BLOCK 2200)",166.00,W,N,A,-,N,,,,,,,,,,Y,3,0,1,2,A,-,01,23152,A,M,C,E,A,A,H,-,D,D,0,,,,,Y,Y,A,01,0,1,0,0,0,0,0,0,0,"- ","- ",34.184211730957031,-118.10801696777344,"LOS ANGELES",UNINCORPORATED,-118.10804748535156,34.184215545654297
91551222,2021,2021-08-23,9530,2021-08-11,2150,022592,,3,2,7,1942,0,1,1,,2,110,"I-110 S/B (HARBOR FREEWAY)","108TH STREET",200.00,S,N,A,-,Y,,,110,,,,,,S,Y,4,0,1,2,A,-,03,22350,,N,C,C,A,A,H,-,C,D,0,,,,,Y,Y,A,01,0,0,1,0,0,0,0,0,0,"- ","- ",33.937660217285156,-118.28022766113281,"LOS ANGELES","LOS ANGELES",-118.28005981445312,33.937644958496094
91552341,2021,2021-08-24,9550,2021-08-22,2220,021533,,7,3,9,1900,0,3,5,,2,001,"BROADWAY AVENUE","BEXLEY DRIVE",50.00,N,N,A,-,N,,,,,,,,,,Y,3,0,2,3,A,-,01,23152,A,N,C,C,A,A,H,-,C,D,0,,,,,Y,Y,A,01,0,2,0,0,0,0,0,0,0,"- ","- ",33.980991363525391,-118.06143951416016,"LOS ANGELES",UNINCORPORATED,-118.06143188476562,33.98095703125
91552349,2021,2021-08-24,9530,2021-06-28,0405,022292,,1,3,5,1915,0,1,3,,2,310,"SR-91 W/B (ARTESIA FREEWAY)","WILMINGTON AVE.",600.00,W,N,A,-,Y,,,91,,,,,,W,Y,3,0,2,2,A,-,01,23152,A,N,C,E,A,A,H,-,D,D,0,,,,,Y,Y,A,01,0,2,0,0,0,0,0,0,0,"- ","- ",33.873859405517578,-118.23782348632812,"LOS ANGELES",COMPTON,-118.23781585693359,33.873767852783203
9155484,2020,2020-11-07,1942,2020-08-11,1940,39062,1309,2,5,7,1942,0,0,0,M,0,13A27,"S ALAMEDA ST","E 22ND ST",105.00,S,N,A,-,N,,,,,,,,,,Y,3,0,1,2,A,-,01,23152,A,N,E,I,A,A,H,-,A,D,0,,,,,Y,Y,A,07,0,1,0,0,0,0,0,0,0,"- ","- ",,,"LOS ANGELES","LOS ANGELES",-118.23963928222656,34.016162872314453
91555184,2021,2021-08-26,9590,2021-08-18,2157,021998,,3,2,7,1942,0,1,1,,2,040,"INTERSTATE 5 NORTHBOUND (SANTA ANA FREEWAY)","EUCLID AVENUE",250.00,S,N,A,-,Y,,,5,,,,,,N,Y,3,0,1,1,A,-,01,23152,A,N,E,I,A,A,H,-,C,D,0,,,,,Y,Y,A,01,0,1,0,0,0,0,0,0,0,"- ","- ",34.026779174804688,-118.20876312255859,"LOS ANGELES","LOS ANGELES",-118.20881652832031,34.026645660400391
9155671,2020,2020-10-26,1942,2020-08-16,0120,43789,1249,7,5,7,1942,0,0,0,L,0,12A67,"FIGUEROA ST","FLORENCE AV",10.00,N,N,A,-,N,,,,,,,,,,N,4,0,1,2,A,-,11,21954,A,N,G,B,D,A,H,-,C,A,0,Y,,,,Y,Y,N,60,0,0,1,0,1,0,0,0,0,"- ","- ",,,"LOS ANGELES","LOS ANGELES",-118.28269958496094,33.974685668945312
91558071,2021,2021-08-30,9580,2021-08-19,1710,022591,,4,2,7,1942,0,1,3,,2,171,"SR-170 SOUTHBOUND (HOLLYWOOD FREEWAY)","RIVERSIDE DR",300.00,S,N,A,-,Y,,,170,,,,,,S,Y,4,0,1,3,A,-,07,21658,A,N,D,C,A,A,H,-,A,D,0,,,,,Y,Y,A,01,0,0,1,0,0,0,0,0,0,"- ","- ",34.157241821289062,-118.37944030761719,"LOS ANGELES","LOS ANGELES",-118.37947082519531,34.1572265625
91559218,2021,2021-08-31,9580,2021-08-22,0358,022572,,7,3,7,1942,0,1,2,,2,102,"US-101 N/B (VENTURA FREEWAY)","VAN NUYS BLVD",500.00,N,N,A,-,Y,,,101,,,,,,N,Y,4,0,1,2,A,-,01,23152,A,N,C,C,A,A,H,-,C,D,0,,,,,Y,Y,A,01,0,0,1,0,0,0,0,0,0,"- ","- ",34.157260894775391,-118.44921875,"LOS ANGELES","LOS ANGELES",-118.44921875,34.157253265380859
91559436,2021,2021-08-31,9530,2021-08-19,2040,021842,,4,2,7,1941,0,1,1,,2,072,"I-710 N/B (LONG BEACH FREEWAY)","CARSON ST.",200.00,S,N,A,-,Y,,,710,,,,,,N,Y,3,0,1,2,A,-,01,23152,A,N,C,E,A,A,H,-,C,D,0,,,,,Y,Y,A,01,0,1,0,0,0,0,0,0,0,"- ","- ",33.831470489501953,-118.20855712890625,"LOS ANGELES","LONG BEACH",-118.20871734619141,33.831447601318359
91561134,2021,2021-09-02,9580,2021-08-23,0125,022535,,1,3,7,1942,0,1,2,,2,102,"US-101 N/B (VENTURA FREEWAY)","WHITE OAK AVE",1950.00,S,N,A,-,Y,,,101,,,,,,N,Y,4,0,5,3,A,-,03,22350,,N,C,C,A,A,H,-,D,D,0,,,,,Y,Y,A,01,0,0,5,0,0,0,0,0,0,"- ","- ",34.171211242675781,-118.51191711425781,"LOS ANGELES","LOS ANGELES",-118.51191711425781,34.171279907226562
91562180,2021,2021-09-03,9590,2021-08-17,0230,022136,,2,3,7,1942,0,1,1,,2,060,"I-10 (SANTA MONICA FREEWAY)","CRENSHAW BLVD.",30.00,E,N,A,-,Y,,,10,,,,,,,N,3,0,1,2,A,-,01,23152,A,F,C,C,A,A,H,-,C,D,0,,,,,Y,Y,A,01,0,1,0,0,0,0,0,0,0,"- ","- ",34.035049438476562,-118.33358001708984,"LOS ANGELES","LOS ANGELES",-118.33357238769531,34.034965515136719
9156369,2020,2020-10-31,1942,2020-08-15,1710,41333,2063,6,5,7,1942,0,0,0,,0,20A58,"SERRANO AV","12TH ST",0.00,,Y,A,-,N,,,,,,,,,,Y,3,0,1,3,A,-,01,23152,A,M,B,E,A,A,H,-,A,D,0,,,,,Y,Y,A,01,0,1,0,0,0,0,0,0,0,"- ","- ",,,"LOS ANGELES","LOS ANGELES",-118.30631256103516,34.049049377441406
91563777,2021,2021-09-07,9565,2021-09-02,1858,022251,,4,2,9,1900,0,3,5,,2,002,"EL SEGUNDO BLVD","WESTERN AVE",370.00,E,N,A,-,N,,,,,,,,,,Y,3,0,1,2,A,-,01,23152,A,N,C,C,A,A,H,-,B,D,0,,,,,Y,Y,A,01,0,1,0,0,0,0,0,0,0,"- ","- ",33.916500091552734,-118.30776977539062,"LOS ANGELES",UNINCORPORATED,-118.307861328125,33.916450500488281
91566455,2021,2021-09-09,9525,2021-09-01,0135,021383,,3,3,6,1955,0,1,3,,2,072,"SR-71 N/B (CHINO VALLEY FWY)","SR-60 E/B (POMONA FWY)",460.00,S,N,A,-,Y,,,71,,,,,,N,Y,3,0,1,1,A,-,01,23152,A,N,E,I,A,A,H,-,D,D,0,,,,,Y,Y,A,01,0,1,0,0,0,0,0,0,0,"- ","- ",34.022090911865234,-117.74774932861328,"LOS ANGELES",POMONA,-117.74775695800781,34.022083282470703
91566800,2021,2021-09-09,9535,2021-08-29,0130,022234,,7,3,5,1952,0,1,1,,2,075,"I-710 S/B FROM ROSECRANS AVE. E/B","ROSECRANS AVE.",650.00,S,N,A,-,Y,,,710,,,,R,,S,N,3,0,1,1,A,-,01,23152,A,N,F,A,A,A,H,-,C,D,0,,,,,Y,Y,A,01,0,1,0,0,0,0,0,0,0,"- ","- ",33.903018951416016,-118.18662261962891,"LOS ANGELES",PARAMOUNT,-118.18662261962891,33.903018951416016
91567287,2021,2021-09-10,9565,2021-08-28,2024,021889,,6,2,6,1933,0,1,1,,2,060,"I-405 N/B","ARBOR VITAE ST.",500.00,S,N,A,-,Y,,,405,,,,,,N,Y,3,0,3,2,A,-,08,22107,,N,B,C,A,A,H,-,C,D,0,,,,,Y,Y,A,01,0,1,2,0,0,0,0,0,0,"- ","- ",33.950740814208984,-118.36872863769531,"LOS ANGELES",INGLEWOOD,-118.36871337890625,33.95074462890625
91567845,2021,2021-09-13,9525,2021-09-05,1815,022009,,7,2,9,1900,0,3,5,,2,004,"PUENTE AVE (14000 BLOCK)","CAGLIERO ST.",112.00,N,N,A,-,N,,,,,,,,,,Y,4,0,1,1,A,-,01,23152,E,N,E,I,A,A,H,-,A,D,0,,,,,Y,Y,A,01,0,0,1,0,0,0,0,0,0,"- ","- ",34.060009002685547,-117.97257995605469,"LOS ANGELES",UNINCORPORATED,-117.97276306152344,34.060035705566406
91569528,2021,2021-09-14,9575,2021-09-01,0105,022469,,3,3,7,1942,0,1,1,,2,053,"I-5 S/B TO OSBORNE STREET","OSBORNE STREET",535.00,N,N,A,-,Y,,,5,,,,R,,S,Y,2,0,2,1,A,-,01,23152,A,N,E,I,A,A,H,-,C,D,0,,,,,Y,Y,A,01,2,0,0,0,0,0,0,0,0,"- ","- ",34.245590209960938,-118.42391967773438,"LOS ANGELES","LOS ANGELES",-118.42391967773438,34.245590209960938
91569965,2021,2021-09-14,9530,2021-09-01,2205,021842,,3,3,9,1900,0,3,5,,2,006,"VERMONT AVE.","DEL AMO BLVD.",0.00,,Y,A,-,N,,,,,,,,,,Y,3,0,1,2,A,-,12,21453,A,F,D,C,A,A,H,-,C,A,0,,,,,Y,Y,A,07,0,1,0,0,0,0,0,0,0,"- ","- ",33.846290588378906,-118.29042816162109,"LOS ANGELES",UNINCORPORATED,-118.29039001464844,33.846244812011719
91570100,2021,2021-09-14,9590,2021-09-11,1035,019303,,6,1,7,1942,0,1,1,,2,061,"I-10 W/B (SANTA MONICA FREEWAY)","BALLONA CREEK",100.00,E,N,A,-,Y,,,10,,,,,,W,Y,3,0,1,2,A,-,01,23152,A,N,E,I,A,A,H,-,A,D,0,,,,,Y,Y,A,01,0,1,0,0,0,0,0,0,0,"- ","- ",34.035938262939453,-118.37223052978516,"LOS ANGELES","LOS ANGELES",-118.37223052978516,34.035938262939453
9157233,2020,2020-11-23,1942,2020-09-17,1425,36678,21139,4,5,7,1942,0,0,0,,0,21A29,"SATICOY ST","OAKDALE AV",295.00,W,N,A,-,N,,,,,,,,,,Y,3,0,2,3,A,-,01,23152,A,N,C,C,A,A,H,-,A,A,0,,,,,Y,Y,A,01,0,2,0,0,0,0,0,0,0,"- ","- ",,,"LOS ANGELES","LOS ANGELES",-118.56765747070312,34.208328247070312
91574976,2021,2021-09-20,9525,2021-09-08,2300,021393,,3,3,6,1975,0,1,1,,2,103,"I-10 W/B (SAN BERNARDINO FWY)","PUENTE AVE",900.00,E,N,A,-,Y,,,10,,,,,,W,Y,3,0,1,2,A,-,01,23152,A,F,C,C,A,A,D,-,C,D,0,,,,Y,Y,Y,D,22,0,1,0,0,0,0,0,0,0,"- ","- ",34.071041107177734,-117.95587158203125,"LOS ANGELES","WEST COVINA",-117.95585632324219,34.070930480957031
91578329,2021,2021-09-23,9535,2021-09-10,1825,022641,,5,2,9,1900,0,1,3,,2,600,"SR-60 EASTBOUND (POMONA FREEWAY) TO DOWNEY ROAD","DOWNEY RD",387.00,W,N,B,-,Y,,,60,,,,R,,E,N,2,0,1,2,A,-,01,23152,A,N,C,C,A,A,H,-,A,A,0,,,,,Y,Y,A,07,1,0,0,0,0,0,0,0,0,"- ","- ",34.032089233398438,-118.18241882324219,"LOS ANGELES",UNINCORPORATED,-118.18241882324219,34.032089233398438
91578363,2021,2021-09-23,9550,2021-09-01,2020,022664,,3,2,9,1900,0,2,4,,1,051,"NOGALES ST.","RIDGEVIEW AVE.",25.00,N,N,A,-,N,,,,,,,,,,Y,4,0,1,1,A,-,01,23152,A,N,E,J,A,A,H,-,C,D,0,,,,,Y,Y,A,01,0,0,1,0,0,0,0,0,0,"- ","- ",33.975059509277344,-117.88739776611328,"LOS ANGELES",UNINCORPORATED,-117.887451171875,33.974906921386719
91581461,2021,2021-09-28,9530,2021-08-15,1212,022636,,7,1,9,1900,0,3,5,,2,003,"ROSECRANS AVE. (4500 BLOCK)","ATLANTIC AVE",0.00,,Y,A,-,N,,,,,,,,,,N,4,0,1,2,A,-,01,23152,A,N,D,C,A,A,H,-,A,A,0,,,,,Y,Y,A,01,0,0,1,0,0,0,0,0,0,"- ","- ",33.903621673583984,-118.19386291503906,"LOS ANGELES",UNINCORPORATED,-118.19393920898438,33.903568267822266
91582487,2021,2021-09-29,9530,2021-08-16,2340,022084,,1,3,7,1942,0,1,1,,2,120,"NB I-110","ANAHEIM STREET",1215.00,S,N,A,-,Y,,,110,,,,,,,Y,4,0,2,3,A,-,01,23152,A,N,B,C,A,A,H,-,C,D,0,,,,Y,Y,Y,D,22,0,0,2,0,0,0,0,0,0,"- ","- ",33.775611877441406,-118.27992248535156,"LOS ANGELES","LOS ANGELES",-118.27987670898438,33.775611877441406
91582689,2021,2021-09-29,9550,2021-09-18,1950,020709,,6,2,9,1900,0,1,3,,2,601,"SR-60 W/B","AZUSA AVE.",1500.00,E,N,A,-,Y,,,,,,,,,,Y,3,0,1,2,A,-,01,23152,A,N,C,C,A,A,H,-,C,D,0,,,,Y,Y,Y,A,01,0,1,0,0,0,0,0,0,0,"- ","- ",33.996440887451172,-117.92582702636719,"LOS ANGELES",UNINCORPORATED,-117.926513671875,33.996452331542969
91585333,2021,2021-09-30,9550,2021-09-29,1825,020974,,3,2,6,1920,0,1,1,,2,150,"I-105 W/B","DUNROBIN AVENUE",300.00,W,N,A,-,Y,,,105,,,,,,W,N,4,0,1,2,A,-,01,23152,A,N,C,C,A,A,H,-,B,D,0,,,,,Y,Y,A,01,0,0,1,0,0,0,0,0,0,"- ","- ",33.913558959960938,-118.12200927734375,"LOS ANGELES",DOWNEY,-118.12200927734375,33.913543701171875
91585552,2021,2021-10-01,9565,2021-09-12,2309,022692,,7,3,7,1942,0,1,1,,2,082,"I-10 W/B (SANTA MONICA FWY)","BUNDY DR",1056.00,E,N,A,-,Y,,,10,,,,,,W,N,4,0,1,2,A,-,01,23152,A,N,B,C,A,A,H,-,C,D,0,,,,,Y,Y,A,01,0,0,1,0,0,0,0,0,0,"- ","- ",34.028011322021484,-118.44970703125,"LOS ANGELES","LOS ANGELES",-118.44976806640625,34.028221130371094
91585943,2021,2021-10-01,9590,2021-09-19,0216,022690,,7,3,7,1942,0,1,1,,2,064,"I-10 E/B (SMF)","ALAMEDA STREET",1000.00,W,N,A,-,Y,,,10,,,,,,E,N,4,0,1,2,A,-,03,22350,,N,C,C,A,A,H,-,A,D,0,,,,,Y,Y,A,01,0,0,1,0,0,0,0,0,0,"- ","- ",34.023578643798828,-118.24279022216797,"LOS ANGELES","LOS ANGELES",-118.24279022216797,34.02362060546875
91586392,2021,2021-10-04,9575,2021-09-16,1825,020711,,4,2,7,1942,0,1,1,,2,050,"I-5 N/B TO SR-134 E/B","ZOO DR",300.00,S,N,A,-,Y,,,5,,,,R,,N,Y,4,0,1,2,A,-,01,23152,A,N,B,C,A,A,H,-,B,D,0,,,,,Y,Y,A,01,0,0,1,0,0,0,0,0,0,"- ","- ",34.152240753173828,-118.28067779541016,"LOS ANGELES","LOS ANGELES",-118.28067779541016,34.152240753173828
9158655,2020,2020-11-14,1972,2020-09-23,1341,15555,,3,5,6,1972,0,0,0,,0,,"CRENSHAW BL","DEL AMO BL",100.00,S,N,A,-,N,,,,,,,,,,Y,4,0,1,2,A,-,01,23152,A,N,C,C,A,A,H,-,A,A,0,,,,,Y,Y,D,,0,0,1,0,0,0,0,0,0,"- ","- ",,,"LOS ANGELES",TORRANCE,-118.32878112792969,33.846736907958984
91587047,2021,2021-10-04,9550,2021-09-23,1940,022600,,4,2,9,1900,0,2,4,,1,021,"CARMENITA ROAD","SUNDANCE AVENUE",10.00,N,N,A,-,N,,,,,,,,,,N,4,0,1,3,A,-,08,22107,,N,A,E,A,A,H,-,C,D,0,,,,,Y,Y,A,01,0,0,1,0,0,0,0,0,0,"- ","- ",33.935359954833984,-118.04649353027344,"LOS ANGELES",UNINCORPORATED,-118.04659271240234,33.934917449951172
91587073,2021,2021-10-04,9530,2021-10-01,2310,022453,,5,3,9,1900,0,1,1,,2,420,"S/B I-405 TO SANTA FE AVENUE","SANTA FE AVENUE",10.00,N,N,A,-,Y,,,,,,,,,,Y,3,0,2,2,A,-,01,23153,A,N,C,C,A,A,H,-,A,D,0,,,,,Y,Y,A,07,0,2,0,0,0,0,0,0,0,"- ","- ",33.825080871582031,-118.21587371826172,"LOS ANGELES",UNINCORPORATED,-118.21602630615234,33.825473785400391
91587193,2021,2021-10-04,9590,2021-09-22,2348,021762,,3,3,7,1942,0,1,1,,2,063,"I-10 W/B (SANTA MONICA FREEWAY)","GRAND AVENUE",300.00,W,N,A,-,Y,,,10,,,,,,W,Y,4,0,1,1,A,-,01,23152,A,N,E,I,A,A,H,-,D,A,0,,,,,Y,Y,A,01,0,0,1,0,0,0,0,0,0,"- ","- ",34.035099029541016,-118.2677001953125,"LOS ANGELES","LOS ANGELES",-118.26773834228516,34.035030364990234
91588232,2021,2021-10-05,9530,2021-10-04,0135,022674,,1,3,9,1900,0,3,5,,2,002,"EL SEGUNDO BLVD. (1900 BLOCK)","WILMINGTON AVE.",460.00,E,N,A,-,N,,,,,,,,,,N,4,0,2,2,A,-,01,23152,A,F,C,C,A,A,H,-,C,D,0,,,,,Y,Y,A,01,0,0,2,0,0,0,0,0,0,"- ","- ",33.916248321533203,-118.2374267578125,"LOS ANGELES",UNINCORPORATED,-118.23915100097656,33.916191101074219
91588815,2021,2021-10-05,9565,2021-09-24,1435,021473,,5,2,9,1900,0,1,1,,2,060,"I-405 S/B (SAN DIEGO FWY)","IMPERIAL HWY",800.00,N,N,A,-,Y,,,405,,,,,,S,N,4,0,1,3,A,-,01,23152,A,M,C,C,A,A,H,-,A,D,0,,,,,Y,Y,A,07,0,0,1,0,0,0,0,0,0,"- ","- ",33.933940887451172,-118.36855316162109,"LOS ANGELES",UNINCORPORATED,-118.36849975585938,33.933940887451172
91589237,2021,2021-10-06,9530,2021-09-19,1845,021965,,7,2,9,1900,0,1,1,,2,410,"I-405 S/B (SAN DIEGO FREEWAY)","213TH ST.",260.00,S,N,A,-,Y,,,,,,,,,,Y,3,0,1,2,A,-,01,23152,A,N,E,I,A,A,H,-,B,D,0,,,Y,,Y,Y,C,02,0,1,0,0,0,0,0,0,1,"- ","- ",33.834831237792969,-118.25901031494141,"LOS ANGELES",UNINCORPORATED,-118.25948333740234,33.835201263427734
91589361,2021,2021-10-06,9575,2021-09-12,1120,022582,,7,1,6,1953,0,1,1,,2,080,"SR-710 S/B (LONG BEACH FREEWAY)","COLORADO BOULEVARD",225.00,S,N,A,-,Y,,,710,,,,,,S,Y,2,0,1,1,A,-,01,23152,A,N,E,I,A,A,H,-,A,D,0,,,,,Y,Y,A,01,1,0,0,0,0,0,0,0,0,"- ","- ",34.145000457763672,-118.15538024902344,"LOS ANGELES",PASADENA,-118.15525817871094,34.145000457763672