CASE_ID,ACCIDENT_YEAR,PROC_DATE,JURIS,COLLISION_DATE,COLLISION_TIME,OFFICER_ID,REPORTING_DISTRICT,DAY_OF_WEEK,CHP_SHIFT,POPULATION,CNTY_CITY_LOC,SPECIAL_COND,BEAT_TYPE,CHP_BEAT_TYPE,CITY_DIVISION_LAPD,CHP_BEAT_CLASS,BEAT_NUMBER,PRIMARY_RD,SECONDARY_RD,DISTANCE,DIRECTION,INTERSECTION,WEATHER_1,WEATHER_2,STATE_HWY_IND,CALTRANS_COUNTY,CALTRANS_DISTRICT,STATE_ROUTE,ROUTE_SUFFIX,POSTMILE_PREFIX,POSTMILE,LOCATION_TYPE,RAMP_INTERSECTION,SIDE_OF_HWY,TOW_AWAY,COLLISION_SEVERITY,NUMBER_KILLED,NUMBER_INJURED,PARTY_COUNT,PRIMARY_COLL_FACTOR,PCF_CODE_OF_VIOL,PCF_VIOL_CATEGORY,PCF_VIOLATION,PCF_VIOL_SUBSECTION,HIT_AND_RUN,TYPE_OF_COLLISION,MVIW,PED_ACTION,ROAD_SURFACE,ROAD_COND_1,ROAD_COND_2,LIGHTING,CONTROL_DEVICE,CHP_ROAD_TYPE,PEDESTRIAN_ACCIDENT,BICYCLE_ACCIDENT,MOTORCYCLE_ACCIDENT,TRUCK_ACCIDENT,NOT_PRIVATE_PROPERTY,ALCOHOL_INVOLVED,STWD_VEHTYPE_AT_FAULT,CHP_VEHTYPE_AT_FAULT,COUNT_SEVERE_INJ,COUNT_VISIBLE_INJ,COUNT_COMPLAINT_PAIN,COUNT_PED_KILLED,COUNT_PED_INJURED,COUNT_BICYCLIST_KILLED,COUNT_BICYCLIST_INJURED,COUNT_MC_KILLED,COUNT_MC_INJURED,PRIMARY_RAMP,SECONDARY_RAMP,LATITUDE,LONGITUDE,COUNTY,CITY,POINT_X,POINT_Y
9321482,2021,2021-10-07,1942,2021-08-19,1320,41358,1049,4,5,7,1942,0,0,0,J,0,10A67,"BURBANK BLVD","BALBOA BL",0.00,,Y,B,-,N,,,,,,,,,,N,4,0,1,2,A,-,09,21801,A,F,D,C,A,A,H,-,A,A,0,,,,,Y,Y,A,01,0,0,1,0,0,0,0,0,0,"- ","- ",,,"LOS ANGELES","LOS ANGELES",-118.50119018554688,34.172218322753906
9321492,2021,2021-10-01,1942,2021-08-26,2015,38202,1839,4,5,7,1942,0,0,0,R,0,25MX84,"WILMINGTON AV","105TH ST",0.00,,Y,A,-,N,,,,,,,,,,Y,4,0,1,2,A,-,01,23152,A,N,D,C,A,A,H,-,C,D,0,,,,,Y,Y,A,01,0,0,1,0,0,0,0,0,0,"- ","- ",,,"LOS ANGELES","LOS ANGELES",-118.23902893066406,33.940620422363281
9323599,2021,2021-10-15,1942,2021-09-06,0130,40475,318,1,5,7,1942,0,0,0,,0,3A19,"240TH ST","ELLENDALE PL",38.00,W,N,A,-,N,,,,,,,,,,Y,3,0,1,2,A,-,01,23152,A,N,C,E,A,A,H,-,C,D,0,,,,Y,Y,Y,A,,0,1,0,0,0,0,0,0,0,"- ","- ",,,"LOS ANGELES","LOS ANGELES",,
9324032,2021,2021-09-27,1955,2021-08-31,1518,42609,30,2,5,6,1955,0,0,0,,0,002,"MURAL DR","SILVERDALE DR",0.00,,Y,A,-,N,,,,,,,,,,Y,4,0,1,2,A,-,01,23152,A,N,D,E,A,A,H,-,A,A,0,,,,,Y,Y,A,01,0,0,1,0,0,0,0,0,0,"- ","- ",34.104869842529297,-117.74046325683594,"LOS ANGELES",POMONA,-117.740478515625,34.104869842529297
9324162,2021,2021-09-24,1972,2021-08-25,1548,17824,,3,5,6,1972,0,0,0,,0,,"TORRANCE BL","COTA AV",122.00,E,N,A,-,N,,,,,,,,,,Y,4,0,2,3,A,-,01,23152,A,N,C,C,A,A,H,-,A,A,0,,,,,Y,Y,A,,0,0,2,0,0,0,0,0,0,"- ","- ",,,"LOS ANGELES",TORRANCE,-118.32218170166016,33.836410522460938
9325245,2021,2021-10-05,1942,2021-08-11,2120,41316,1717,3,5,7,1942,0,0,0,Q,0,17A49,"SAN FERNANDO MISSION BL","GOTHIC AV",55.00,E,N,A,-,N,,,,,,,,,,Y,4,0,1,4,A,-,01,23152,A,N,C,E,A,A,H,-,C,D,0,,,,,Y,Y,A,01,0,0,1,0,0,0,0,0,0,"- ","- ",,,"LOS ANGELES","LOS ANGELES",-118.48891448974609,34.271938323974609
9325287,2021,2021-10-07,1922,2021-06-21,1528,530,,1,5,6,1922,0,0,0,,0,,BROCKWAY,TYLER,5.00,W,N,A,-,N,,,,,,,,,,N,3,0,1,2,A,-,00,22450,B,F,D,G,A,A,H,-,A,D,0,,Y,,,Y,Y,L,04,0,1,0,0,0,0,1,0,0,"- ","- ",,,"LOS ANGELES","EL MONTE",-118.03600311279297,34.068500518798828
9325754,2021,2021-10-15,1941,2021-09-18,0019,10009,901-T,6,5,7,1941,0,0,0,,0,,"WOODRUFF AV","SCRIVENER ST",0.00,,Y,A,-,N,,,,,,,,,,Y,3,0,1,1,A,-,08,22107,,N,A,I,A,A,H,-,C,D,0,,,,,Y,Y,A,,0,1,0,0,0,0,0,0,0,"- ","- ",,,"LOS ANGELES","LONG BEACH",-118.11662292480469,33.814620971679688
9325993,2021,2021-10-12,1942,2021-08-17,1830,43589,1465,2,5,7,1942,0,0,0,N,0,14A49,"S INGLEWOOD BL","ANETA ST",0.00,,Y,A,-,N,,,,,,,,,,Y,3,0,1,1,A,-,01,23152,A,N,E,I,A,A,H,-,A,D,0,,,,,Y,Y,A,01,0,1,0,0,0,0,0,0,0,"- ","- ",,,"LOS ANGELES","LOS ANGELES",-118.40792846679688,33.986141204833984
9327781,2021,2021-10-20,1942,2021-09-11,2300,41300,0393,6,5,7,1942,0,0,0,C,0,3A1,"LEIMERT BL","STOCKER PL",0.00,,Y,A,-,N,,,,,,,,,,Y,3,0,1,2,A,-,12,21453,A,F,D,C,A,A,H,-,C,A,0,,,,,Y,Y,-,99,0,1,0,0,0,0,0,0,0,"- ","- ",,,"LOS ANGELES","LOS ANGELES",-118.32634735107422,34.008201599121094
9336569,2021,2021-10-21,1941,2021-09-11,2123,111540,,6,5,7,1941,0,0,0,,0,,"E ANAHEIM ST","NEWPORT AV",75.00,W,N,A,-,N,,,,,,,,,,Y,4,0,3,4,A,-,01,23152,A,N,C,C,A,A,H,-,C,A,0,,,,,Y,Y,D,,0,0,3,0,0,0,0,0,0,"- ","- ",,,"LOS ANGELES","LONG BEACH",-118.15159606933594,33.782611846923828
9337436,2021,2021-10-29,1942,2021-09-19,0135,44035,1021,7,5,7,1942,0,0,0,J,0,10A21,CORBIN,"SHERMAN WY",0.00,,Y,A,-,N,,,,,,,,,,Y,3,0,2,4,A,-,01,23152,A,N,G,B,F,A,H,-,C,A,0,Y,,,,Y,Y,D,22,0,1,1,0,1,0,0,0,0,"- ","- ",,,"LOS ANGELES","LOS ANGELES",-118.56224060058594,34.201042175292969
9337675,2021,2021-12-06,1942,2021-09-15,1740,39508,0271,3,5,7,1942,0,0,0,B,0,24TL53,"OLYMPIC BL","ALVARADO ST",0.00,,Y,A,-,N,,,,,,,,,,Y,3,0,2,3,A,-,09,21801,A,N,D,C,A,A,H,-,A,A,0,,,,,Y,Y,A,01,0,2,0,0,0,0,0,0,0,"- ","- ",,,"LOS ANGELES","LOS ANGELES",-118.27983093261719,34.051742553710938
9337703,2021,2021-10-18,1942,2021-09-11,2150,38185,2133,6,5,7,1942,0,0,0,,0,26T36,"WOODLAKE AV","W VAIL DR",30.00,S,N,A,-,N,,,,,,,,,,Y,3,0,1,1,A,-,01,23152,A,N,E,I,A,A,H,-,C,A,0,,,,,Y,Y,A,01,0,1,0,0,0,0,0,0,0,"- ","- ",,,"LOS ANGELES","LOS ANGELES",-118.63259887695312,34.200408935546875
9337709,2021,2021-10-18,1942,2021-09-06,0615,392117,1729,1,5,7,1942,0,0,0,Q,0,26TL27,"SAN FERNANDO MISSION BL","BALBOA BL",325.00,E,N,A,-,N,,,,,,,,,,Y,3,0,1,1,A,-,01,23152,A,M,E,I,A,A,H,-,A,D,0,,,,,Y,Y,A,07,0,1,0,0,0,0,0,0,0,"- ","- ",,,"LOS ANGELES","LOS ANGELES",-118.50112915039062,34.272048950195312
9338222,2021,2021-10-25,1976,2021-09-02,2126,SO1,,4,5,3,1964,0,0,0,,0,,"PIONEER BL","TERRADELL ST",402.00,S,N,A,-,N,,,,,,,,,,Y,3,0,1,1,A,-,01,23152,A,M,E,I,A,A,H,-,E,D,0,,,,,Y,Y,A,01,0,1,0,0,0,0,0,0,0,"- ","- ",,,"LOS ANGELES","SANTA FE SPRINGS",-118.08642578125,33.95458984375
9339496,2021,2021-10-18,1900,2021-09-05,2039,629500,0627,7,5,6,1985,0,0,0,,0,62T1,"SIERRA HWY","DOCKWEILER DR",528.00,N,N,A,-,N,,,14,,,,,,,Y,3,0,1,1,A,-,01,23152,A,N,E,I,A,A,H,-,C,D,0,,,,,Y,Y,A,07,0,1,0,0,0,0,0,0,0,"- ","- ",34.373321533203125,-118.49945831298828,"LOS ANGELES","SANTA CLARITA",-118.49906921386719,34.372932434082031
9339576,2021,2021-10-20,1900,2021-09-27,0907,629508,1132,1,5,6,1992,0,0,0,,0,111T1,"AVENUE L","RT 14",0.00,,Y,A,-,Y,LA,7,14,-,R,65.886,R,4,S,Y,3,0,2,2,A,-,01,23152,A,N,D,C,A,A,H,-,A,A,0,,,,,Y,Y,A,01,0,2,0,0,0,0,0,0,0,"- ",SF,,,"LOS ANGELES",LANCASTER,-118.15355682373047,34.663486480712891
9339678,2021,2021-10-27,1942,2021-08-19,2115,41126,0836,4,5,7,1942,0,0,0,H,0,27T35W,"SANTA MONICA BL","WESTHOLME AV",60.00,E,N,A,-,N,,,,,,,,,,N,4,0,1,2,A,-,01,23152,A,N,C,C,A,A,H,-,C,A,0,,,,,Y,Y,A,01,0,0,1,0,0,0,0,0,0,"- ","- ",,,"LOS ANGELES","LOS ANGELES",-118.42826843261719,34.054309844970703
9341946,2021,2021-11-18,1941,2021-10-09,1934,11246,,6,5,7,1941,0,0,0,,0,,"ATLANTIC AV","DEL AMO BL",0.00,,Y,A,-,N,,,,,,,,,,Y,4,0,1,2,A,-,01,23153,B,N,C,C,A,A,H,-,C,D,0,,,,,Y,Y,A,,0,0,1,0,0,0,0,0,0,"- ","- ",,,"LOS ANGELES","LONG BEACH",-118.18502044677734,33.845130920410156
9342158,2021,2021-11-02,1900,2021-09-22,0658,652873,1121,3,5,6,1992,0,0,0,,0,111T1,"AVENUE I","17TH ST WEST",140.00,E,N,A,-,N,,,,,,,,,,Y,3,0,2,2,A,-,01,23153,A,N,C,C,A,A,H,-,A,D,0,,,,,Y,Y,D,22,0,2,0,0,0,0,0,0,0,"- ","- ",,,"LOS ANGELES",LANCASTER,-118.16101837158203,34.704204559326172
9342432,2021,2021-10-05,1942,2021-09-22,0130,41911,1256,3,5,7,1942,0,0,0,L,0,25T31-,"FLORENCE AVE","VERMONT AVE",0.00,,Y,A,-,N,,,,,,,,,,Y,3,0,3,2,A,-,01,23152,,N,D,C,A,A,H,-,C,A,0,,,,,Y,Y,A,01,0,1,2,0,0,0,0,0,0,"- ","- ",,,"LOS ANGELES","LOS ANGELES",-118.29174041748047,33.974632263183594
9343760,2021,2021-11-09,1922,2021-09-14,1139,584,,2,5,6,1922,0,0,0,,0,,"PECK RD","RANCHITO ST",0.00,,Y,A,-,N,,,,,,,,,,Y,3,0,2,4,D,-,00,,,N,A,C,A,A,H,-,A,A,0,,,,,Y,Y,-,"- ",0,1,1,0,0,0,0,0,0,"- ","- ",34.089038848876953,-118.01555633544922,"LOS ANGELES","EL MONTE",-118.0155029296875,34.089012145996094
9344369,2021,2021-10-15,1900,2021-09-26,0155,516509,2917,7,5,4,1974,0,0,0,,0,291K3,"HEATON MOOR DR","CONWAY SPRINGS RD",24.00,N,N,A,-,N,,,,,,,,,,Y,3,0,1,1,A,-,01,23152,A,N,E,I,A,A,H,-,A,D,0,,,,,Y,Y,A,01,0,1,0,0,0,0,0,0,0,"- ","- ",34.032630920410156,-117.87628936767578,"LOS ANGELES",WALNUT,-117.87630462646484,34.032695770263672
9344912,2021,2021-10-19,1942,2021-09-28,2040,36814,0159,2,5,7,1942,0,0,0,A,0,24T34,"7TH ST","WILSON ST",0.00,,Y,A,-,N,,,,,,,,,,Y,2,0,1,2,A,-,01,23152,A,N,E,I,A,A,H,-,C,D,0,,,,,Y,Y,A,01,1,0,0,0,0,0,0,0,0,"- ","- ",,,"LOS ANGELES","LOS ANGELES",-118.23387908935547,34.034687042236328
9344914,2021,2021-10-19,1942,2021-09-25,0000,39759,0211,6,5,7,1942,0,0,0,B,0,24T32,"VERMONT AV","CLINTON ST",300.00,S,N,A,-,N,,,,,,,,,,Y,4,0,1,2,A,-,01,23152,A,N,A,C,A,A,H,-,C,D,0,,,,,Y,Y,A,07,0,0,1,0,0,0,0,0,0,"- ","- ",,,"LOS ANGELES","LOS ANGELES",-118.29170989990234,34.080928802490234
9345366,2021,2021-11-02,1942,2021-09-19,2140,44110,1143,7,5,7,1942,0,0,0,K,0,2A47-W,"SUNSET BL","SANBORN AV",0.00,,Y,A,-,N,,,,,,,,,,Y,4,0,1,2,A,-,01,23152,A,N,A,C,A,A,H,-,C,A,0,,,,,Y,Y,A,01,0,0,1,0,0,0,0,0,0,"- ","- ",,,"LOS ANGELES","LOS ANGELES",-118.28035736083984,34.092460632324219
9345389,2021,2021-10-27,1900,2021-09-17,0728,526692,1417,5,5,1,1932,0,0,0,,0,141T2,"TEMPLE AV","MANGATE AV",400.00,W,N,A,-,N,,,,,,,,,,N,4,0,1,2,A,-,08,22107,,N,B,C,A,A,H,-,A,D,0,,,,,Y,Y,A,01,0,0,1,0,0,0,0,0,0,"- ","- ",34.025058746337891,-117.92225646972656,"LOS ANGELES",INDUSTRY,-117.92246246337891,34.025169372558594
9345433,2021,2021-11-29,1942,2021-10-01,2340,36698,0218,5,5,7,1942,0,0,0,B,0,24T34W,"SUNSET BL","LAVETA TER",50.00,E,N,A,-,N,,,,,,,,,,Y,3,0,1,2,A,-,01,23152,A,N,C,E,A,A,H,-,C,D,0,,,,,Y,Y,A,01,0,1,0,0,0,0,0,0,0,"- ","- ",,,"LOS ANGELES","LOS ANGELES",-118.25613403320312,34.076229095458984
9345441,2021,2021-11-18,1942,2021-10-09,1240,33452,0285,6,5,7,1942,0,0,0,B,0,24TL22,"PICO BL","UNION AV",30.00,W,N,A,-,N,,,,,,,,,,N,4,0,1,3,A,-,05,21651,B,F,B,C,A,A,H,-,A,A,0,,,,,Y,Y,A,01,0,0,1,0,0,0,0,0,0,"- ","- ",,,"LOS ANGELES","LOS ANGELES",-118.27703857421875,34.044689178466797
9345444,2021,2021-11-18,1942,2021-10-08,1730,38942,1307,5,5,7,1942,0,0,0,M,0,24MQ77,"CENTRAL AV","7TH ST",0.00,,Y,A,-,N,,,,,,,,,,Y,3,0,3,2,A,-,09,21801,A,F,A,C,A,A,H,-,A,A,0,,,,,Y,Y,A,01,0,2,1,0,0,0,0,0,0,"- ","- ",,,"LOS ANGELES","LOS ANGELES",-118.24117279052734,34.036766052246094
9345447,2021,2021-11-18,1942,2021-10-07,0005,36814,1177,4,5,7,1942,0,0,0,K,0,24T34,"CYPRESS AV","FIGUEROA ST",15.00,W,N,A,-,N,,,,,,,,,,Y,3,0,1,1,A,-,01,23152,A,N,E,I,A,A,H,-,C,A,0,,,,,Y,Y,A,07,0,1,0,0,0,0,0,0,0,"- ","- ",,,"LOS ANGELES","LOS ANGELES",-118.21907806396484,34.086456298828125
9345665,2021,2021-11-08,1900,2021-09-24,2325,606079,2611,5,5,6,1950,0,0,0,,0,260T1,"TIERRA SUBIDA AV","RAYBURN RD",960.00,S,N,A,-,N,,,,,,,,,,Y,3,0,1,1,A,-,01,23152,A,N,E,J,A,A,H,-,C,D,0,,,,,Y,Y,A,01,0,1,0,0,0,0,0,0,0,"- ","- ",34.567100524902344,-118.13944244384766,"LOS ANGELES",PALMDALE,-118.13948822021484,34.567287445068359
9346039,2021,2021-12-23,1938,2021-09-13,2131,976,AREA2,1,5,4,1938,0,0,0,,0,002,"2ND ST","D ST",220.00,W,N,A,-,N,,,,,,,,,,Y,3,0,1,2,A,-,01,23152,A,N,D,E,A,A,H,-,C,D,0,,,,,Y,Y,A,01,0,1,0,0,0,0,0,0,0,"- ","- ",,,"LOS ANGELES","LA VERNE",-117.77127075195312,34.099704742431641
9346773,2021,2021-11-16,1942,2021-09-24,1525,43106,1863,5,5,7,1942,0,0,0,R,0,18X36,"AVALON BL","IMPERIAL HWY",0.00,,Y,A,-,N,,,,,,,,,,Y,3,0,2,2,A,-,00,23157,A,N,A,C,A,A,H,-,A,A,0,,,,,Y,Y,-,,0,2,0,0,0,0,0,0,0,"- ","- ",,,"LOS ANGELES","LOS ANGELES",-118.26518249511719,33.931045532226562
9346981,2021,2021-10-20,1942,2021-08-29,0052,43454,1477,7,5,7,1942,0,0,0,N,0,27T33,"LA TIJERA BL","MANCHESTER AV",21.00,S,N,A,-,N,,,,,,,,,,Y,2,0,1,2,A,-,01,23153,A,N,C,C,A,A,H,-,C,A,0,,,Y,,Y,Y,A,07,1,0,0,0,0,0,0,0,1,"- ","- ",,,"LOS ANGELES","LOS ANGELES",-118.39155578613281,33.959754943847656
9347362,2021,2021-10-27,1942,2021-09-11,0200,41281,1245,6,5,7,1942,0,0,0,L,0,18A63,"FIGUEROA ST","70TH ST",10.00,N,N,A,-,N,,,,,,,,,,N,2,0,1,2,A,-,11,21954,A,F,G,B,E,A,H,-,C,A,0,Y,,,,Y,Y,N,60,1,0,0,0,1,0,0,0,0,"- ","- ",,,"LOS ANGELES","LOS ANGELES",-118.28270721435547,33.976108551025391
9349570,2021,2021-12-23,1900,2021-09-25,2203,467505,1811,6,5,2,1904,0,0,0,,0,184H,"VIEUDELOU AV","HILL ST",50.00,S,N,A,-,N,,,,,,,,,,N,2,0,2,1,A,-,03,22350,,F,F,-,A,A,H,-,D,D,0,,,,,Y,Y,-,,1,1,0,0,0,0,0,0,0,"- ","- ",33.346340179443359,-118.32982635498047,"LOS ANGELES",AVALON,-118.32957458496094,33.345973968505859
9350936,2021,2021-11-10,1956,2021-09-28,0924,1183,45,2,5,5,1956,0,0,0,,0,003,"RIPLEY AV","SLAUSON LN",184.00,W,N,B,-,N,,,,,,,,,,Y,3,0,2,2,A,-,01,23152,A,N,B,E,A,A,H,-,A,D,0,,,,,Y,Y,A,08,0,2,0,0,0,0,0,0,0,"- ","- ",33.862861633300781,-118.37058258056641,"LOS ANGELES","REDONDO BEACH",-118.37112426757812,33.862644195556641
9351108,2021,2021-12-13,1956,2021-10-23,2156,1362,46,6,5,5,1956,0,0,0,,0,003,"INGLEWOOD AV","190TH ST",103.00,N,N,A,-,N,,,,,,,,,,Y,4,0,2,2,A,-,01,23152,A,F,C,C,A,A,H,-,C,A,0,,,,,Y,Y,A,01,0,0,2,0,0,0,0,0,0,"- ","- ",33.858280181884766,-118.36141967773438,"LOS ANGELES","REDONDO BEACH",-118.36135864257812,33.858566284179688
9351724,2021,2021-11-15,1929,2021-10-24,1505,237,2,7,5,3,1929,0,0,0,,0,,"THE STRAND","11TH ST",59.00,,N,A,-,N,,,,,,,,,,,3,0,2,3,A,-,01,21200,5,F,G,B,G,A,H,-,A,A,0,Y,,,,Y,Y,-,,0,2,0,0,2,0,0,0,0,"- ","- ",,,"LOS ANGELES","HERMOSA BEACH",-118.40147399902344,33.861141204833984
9352988,2021,2021-11-10,1942,2021-10-06,0530,37590,1004,3,5,7,1942,0,0,0,J,0,26TL22,"SATICOY ST","LINDLEY AV",15.00,E,N,A,-,N,,,,,,,,,,Y,4,0,1,2,A,-,03,22350,,N,C,C,A,A,H,-,C,A,0,,,,,Y,Y,A,07,0,0,1,0,0,0,0,0,0,"- ","- ",,,"LOS ANGELES","LOS ANGELES",-118.52729034423828,34.208396911621094
9353079,2021,2021-11-01,1928,2021-10-15,2015,50420,507,5,5,5,1928,0,0,0,,0,502,"120TH ST","DOTY AV",222.00,W,N,A,-,N,,,,,,,,,,Y,2,0,1,2,A,-,01,23152,A,N,A,C,A,A,H,-,C,D,0,,,,,Y,Y,D,22,1,0,0,0,0,0,0,0,0,"- ","- ",33.923648834228516,-118.33963775634766,"LOS ANGELES",HAWTHORNE,-118.34030914306641,33.923679351806641
9353175,2021,2021-11-04,1942,2021-09-11,0215,39081,824,6,5,7,1942,0,0,0,,0,8A1W3,"W CHANNEL RD","SHORT ST",15.00,E,N,A,-,N,,,,,,,,,,N,4,0,1,2,A,-,01,23152,A,M,C,E,A,A,H,-,C,D,0,,,,,Y,Y,A,07,0,0,1,0,0,0,0,0,0,"- ","- ",,,"LOS ANGELES","LOS ANGELES",-118.51776123046875,34.029273986816406
9353352,2021,2021-11-18,1900,2021-10-10,2242,547298,2920,7,5,5,1990,0,0,0,,0,292K1,"GOLDEN SPRINGS DR","WILLOW CREEK DR",126.00,S,N,A,-,N,,,,,,,,,,Y,3,0,1,6,A,-,01,23152,A,N,A,E,A,A,H,-,C,D,0,,,,,Y,Y,A,01,0,1,0,0,0,0,0,0,0,"- ","- ",34.030799865722656,-117.79640197753906,"LOS ANGELES","DIAMOND BAR",-117.79647064208984,34.03076171875
9353376,2021,2021-11-12,1961,2021-10-08,2355,10418,1961,5,5,3,1961,0,0,0,,0,,"COBALT ST","OLD SAN FERANNDO RD",38.00,N,N,A,-,N,,,,,,,,,,N,2,0,1,2,A,-,01,23152,A,N,E,J,A,A,H,-,C,D,0,,,,,Y,Y,A,01,1,0,0,0,0,0,0,0,0,"- ","- ",,,"LOS ANGELES","SAN FERNANDO",-118.469482421875,34.307109832763672
9353392,2021,2021-11-15,1925,2021-10-19,2010,28716,1,2,5,6,1925,0,0,0,,0,214,"PACIFIC AV","BURCHETT ST",0.00,,Y,A,-,N,,,,,,,,,,N,3,0,1,2,A,-,17,21200,A,N,D,G,A,A,H,-,C,A,0,,Y,,,Y,Y,L,04,0,1,0,0,0,0,1,0,0,"- ","- ",,,"LOS ANGELES",GLENDALE,-118.26409149169922,34.157428741455078
9353781,2021,2021-11-16,1942,2021-10-28,0130,41973,25T31,4,5,7,1942,0,0,0,,0,0585,"GAFFEY ST","22ND ST",152.00,N,N,A,-,N,,,,,,,,,,N,3,0,1,4,A,-,01,23152,A,N,D,C,A,A,H,-,C,D,0,,,,,Y,Y,A,01,0,1,0,0,0,0,0,0,0,"- ","- ",,,"LOS ANGELES","LOS ANGELES",-118.29240417480469,33.724678039550781
9353783,2021,2021-11-16,1942,2021-10-24,0340,38111,1823,7,5,7,1942,0,0,0,R,0,25T35,"AVALON BL","CENTURY BL",0.00,,Y,A,-,N,,,,,,,,,,Y,2,0,5,2,A,-,01,23152,A,F,D,C,A,A,H,-,C,A,0,,,,,Y,Y,A,01,2,1,2,0,0,0,0,0,0,"- ","- ",,,"LOS ANGELES","LOS ANGELES",-118.26518249511719,33.945606231689453
9354875,2021,2021-11-17,1941,2021-10-23,0241,11521,,6,5,7,1941,0,0,0,,0,,"ALAMITOS AV","10TH ST",0.00,,Y,C,-,N,,,,,,,,,,Y,3,0,1,2,D,-,00,,,N,D,C,A,B,H,-,C,A,0,,,,,Y,Y,-,"- ",0,1,0,0,0,0,0,0,0,"- ","- ",,,"LOS ANGELES","LONG BEACH",-118.17908477783203,33.778980255126953
9356932,2021,2021-11-09,1953,2021-09-08,1719,2037,PASAD,3,5,6,1953,0,0,0,,0,003,"E CALIFORNIA BL","S HILL AV",0.00,,Y,A,-,N,,,,,,,,,,Y,3,0,2,3,A,-,01,23152,A,N,-,C,A,A,H,-,A,A,0,,,,,Y,Y,A,01,0,1,1,0,0,0,0,0,0,"- ","- ",,,"LOS ANGELES",PASADENA,-118.12126922607422,34.135902404785156
9358925,2021,2021-11-09,1942,2021-10-23,0225,38590,0226,6,5,7,1942,0,0,0,B,0,24T33,"ALVARADO ST","MONTANA ST",150.00,S,N,B,-,N,,,,,,,,,,Y,4,0,2,2,A,-,01,23152,A,N,C,E,A,A,H,-,C,A,0,,,,,Y,Y,A,01,0,0,2,0,0,0,0,0,0,"- ","- ",,,"LOS ANGELES","LOS ANGELES",-118.26190185546875,34.080192565917969
9359080,2021,2021-12-14,1900,2021-10-02,1307,615799,2224,6,5,3,1994,0,0,0,,0,222T1,"AGOURA RD","ROADSIDE DR",0.00,,Y,A,-,N,,,,,,,,,,Y,4,0,2,2,A,-,09,21801,A,N,D,C,A,A,H,-,A,D,0,,,,,Y,Y,A,01,0,0,2,0,0,0,0,0,0,"- ","- ",34.144401550292969,-118.76699066162109,"LOS ANGELES","AGOURA HILLS",-118.76708984375,34.144443511962891
9359189,2021,2021-11-30,1942,2021-10-24,0540,37540,1321,7,5,7,1942,0,0,0,M,0,24T41,"WASHINGTON BL","HOPE ST",80.00,W,N,A,-,N,,,,,,,,,,Y,4,0,1,2,A,-,01,23152,A,N,C,C,A,A,H,-,C,D,0,,,,,Y,Y,A,01,0,0,1,0,0,0,0,0,0,"- ","- ",,,"LOS ANGELES","LOS ANGELES",-118.26995849609375,34.033535003662109
9359279,2021,2021-11-30,1956,2021-10-27,2219,1262,655,3,5,5,1956,0,0,0,,0,004,"FELTON LN","GRAHAM AV",0.00,,Y,A,-,N,,,,,,,,,,Y,2,0,1,2,A,-,01,23152,A,N,A,E,A,A,H,-,C,A,0,,,Y,,Y,Y,C,02,1,0,0,0,0,0,0,0,1,"- ","- ",,,"LOS ANGELES","REDONDO BEACH",-118.36434936523438,33.879421234130859
9360055,2021,2021-12-07,1941,2021-10-25,2358,11663,,1,5,7,1941,0,0,0,,0,,"E HILL ST","ORANGE AV",15.00,W,N,A,-,N,,,,,,,,,,Y,3,0,1,1,A,-,03,22350,,F,E,I,A,A,H,-,C,D,0,,,,,Y,Y,A,,0,1,0,0,0,0,0,0,0,"- ","- ",,,"LOS ANGELES","LONG BEACH",-118.17645263671875,33.796916961669922
9360320,2021,2021-11-24,1942,2021-11-03,2120,40388,1981,3,5,7,1942,0,0,0,,0,25T53W,"PARTHENIA ST","SEPULVEDA BL",40.00,W,N,A,-,N,,,,,,,,,,Y,4,0,2,4,A,-,01,23152,A,N,B,C,A,A,H,-,C,A,0,,,,,Y,Y,A,01,0,0,2,0,0,0,0,0,0,"- ","- ",,,"LOS ANGELES","LOS ANGELES",-118.46778869628906,34.228271484375
9360567,2021,2022-01-10,1942,2021-11-02,1259,36479,1637,2,5,7,1942,0,0,0,P,0,26M43,"FOOTHILL BL","WOODWARD AV",50.00,E,N,A,-,N,,,,,,,,,,Y,4,0,2,2,A,-,08,22107,,N,B,C,A,A,H,-,A,A,0,,,,,Y,Y,A,07,0,0,2,0,0,0,0,0,0,"- ","- ",,,"LOS ANGELES","LOS ANGELES",-118.30689239501953,34.259651184082031
9361060,2021,2021-12-15,1942,2021-11-09,2130,37304,1514,2,5,7,1942,0,0,0,O,0,26T51W,"VANOWEN ST","AGNES AV",78.00,E,N,A,-,N,,,,,,,,,,Y,4,0,1,3,A,-,01,23152,A,N,B,E,A,A,H,-,C,D,0,,,,,Y,Y,A,01,0,0,1,0,0,0,0,0,0,"- ","- ",,,"LOS ANGELES","LOS ANGELES",-118.3951416015625,34.193950653076172
9361268,2021,2021-12-22,1942,2021-11-05,1855,40388,0916,5,5,7,1942,0,0,0,I,0,26T53W,"VANOWEN ST","COSTELLO AV",35.00,W,N,A,-,N,,,,,,,,,,Y,3,0,2,3,A,-,01,23152,A,F,C,C,A,A,H,-,C,A,0,,,,,Y,Y,A,01,0,1,1,0,0,0,0,0,0,"- ","- ",,,"LOS ANGELES","LOS ANGELES",-118.43793487548828,34.193939208984375
9364511,2021,2021-12-23,1942,2021-11-12,0850,32687,1961,5,5,7,1942,0,0,0,,0,,"PLUMMER ST","SEPULVEDA BL",160.00,W,N,A,-,N,,,,,,,,,,Y,3,0,1,5,A,-,01,23152,A,N,C,E,A,A,H,-,A,D,0,,,,,Y,Y,D,22,0,1,0,0,0,0,0,0,0,"- ","- ",,,"LOS ANGELES","LOS ANGELES",-118.46817016601562,34.242790222167969