CASE_ID,ACCIDENT_YEAR,PROC_DATE,JURIS,COLLISION_DATE,COLLISION_TIME,OFFICER_ID,REPORTING_DISTRICT,DAY_OF_WEEK,CHP_SHIFT,POPULATION,CNTY_CITY_LOC,SPECIAL_COND,BEAT_TYPE,CHP_BEAT_TYPE,CITY_DIVISION_LAPD,CHP_BEAT_CLASS,BEAT_NUMBER,PRIMARY_RD,SECONDARY_RD,DISTANCE,DIRECTION,INTERSECTION,WEATHER_1,WEATHER_2,STATE_HWY_IND,CALTRANS_COUNTY,CALTRANS_DISTRICT,STATE_ROUTE,ROUTE_SUFFIX,POSTMILE_PREFIX,POSTMILE,LOCATION_TYPE,RAMP_INTERSECTION,SIDE_OF_HWY,TOW_AWAY,COLLISION_SEVERITY,NUMBER_KILLED,NUMBER_INJURED,PARTY_COUNT,PRIMARY_COLL_FACTOR,PCF_CODE_OF_VIOL,PCF_VIOL_CATEGORY,PCF_VIOLATION,PCF_VIOL_SUBSECTION,HIT_AND_RUN,TYPE_OF_COLLISION,MVIW,PED_ACTION,ROAD_SURFACE,ROAD_COND_1,ROAD_COND_2,LIGHTING,CONTROL_DEVICE,CHP_ROAD_TYPE,PEDESTRIAN_ACCIDENT,BICYCLE_ACCIDENT,MOTORCYCLE_ACCIDENT,TRUCK_ACCIDENT,NOT_PRIVATE_PROPERTY,ALCOHOL_INVOLVED,STWD_VEHTYPE_AT_FAULT,CHP_VEHTYPE_AT_FAULT,COUNT_SEVERE_INJ,COUNT_VISIBLE_INJ,COUNT_COMPLAINT_PAIN,COUNT_PED_KILLED,COUNT_PED_INJURED,COUNT_BICYCLIST_KILLED,COUNT_BICYCLIST_INJURED,COUNT_MC_KILLED,COUNT_MC_INJURED,PRIMARY_RAMP,SECONDARY_RAMP,LATITUDE,LONGITUDE,COUNTY,CITY,POINT_X,POINT_Y
9391024,2021,2022-01-25,1942,2021-09-29,2136,42656,0814,3,5,7,1942,0,0,0,H,0,27T33,"CHURCH LN","BERWICK ST",443.00,S,N,A,-,N,,,,,,,,,,Y,4,0,2,2,A,-,03,22350,,N,C,E,A,A,G,-,C,A,0,,,,,Y,Y,A,01,0,0,2,0,0,0,0,0,0,"- ","- ",,,"LOS ANGELES","LOS ANGELES",-118.45853424072266,34.063007354736328
9391173,2021,2022-01-19,1925,2021-12-24,2059,27423,2,5,5,6,1925,0,0,0,,0,222,"N CENTRAL AV","SANCHEZ DR",0.00,,Y,A,-,N,,,,,,,,,,Y,4,0,1,2,A,-,01,23152,A,M,D,C,A,A,H,-,C,A,0,,,,,Y,Y,A,01,0,0,1,0,0,0,0,0,0,"- ","- ",,,"LOS ANGELES",GLENDALE,-118.25794982910156,34.156024932861328
9391415,2021,2022-01-25,1942,2021-12-30,2130,39410,1005,4,5,7,1942,0,0,0,J,0,26T54,"ROSCOE BL","JELLICO AV",25.00,E,N,C,-,N,,,,,,,,,,Y,3,0,4,3,A,-,08,22107,,F,B,C,A,B,H,-,C,A,0,,,,,Y,Y,D,22,0,3,1,0,0,0,0,0,0,"- ","- ",,,"LOS ANGELES","LOS ANGELES",-118.51741027832031,34.221023559570312
9391491,2021,2022-02-03,1913,2021-10-29,1346,4286,68,5,5,4,1913,0,0,0,,0,004,"BASELINE RD","NEW HAVEN AV",0.00,,Y,A,-,N,,,,,,,,,,N,3,0,1,2,A,-,03,22350,,N,C,G,A,A,H,-,A,D,0,,Y,,,Y,Y,L,04,0,1,0,0,0,0,1,0,0,"- ","- ",,,"LOS ANGELES",CLAREMONT,-117.70887756347656,34.121620178222656
9392470,2021,2022-01-27,1900,2021-12-26,0018,639683,2621,7,5,6,1950,0,0,0,,0,263T1,"BLACKBIRD DR","15TH ST EAST",0.00,,Y,C,-,N,,,,,,,,,,Y,3,0,1,1,A,-,03,22350,,N,E,I,A,B,H,-,D,D,0,,,,,Y,Y,A,01,0,1,0,0,0,0,0,0,0,"- ","- ",34.694599151611328,-118.1031494140625,"LOS ANGELES",PALMDALE,-118.10318756103516,34.609462738037109
9392718,2021,2022-01-31,1910,2021-12-16,1715,443,,4,5,4,1910,0,0,0,,0,004,"N CANON DR","LOMITAS DR",0.00,,Y,C,-,N,,,,,,,,,,N,3,0,1,2,A,-,03,22350,,F,D,G,A,B,H,-,C,A,0,,Y,,,Y,Y,-,,0,1,0,0,0,0,1,0,0,"- ","- ",,,"LOS ANGELES","BEVERLY HILLS",-118.41165161132812,34.079643249511719
9395918,2021,2022-02-03,1942,2021-12-31,1940,34332,1341,5,5,7,1942,0,0,0,M,0,24T34,"MARTIN LUTHER KING BL","BROADWAY PL",30.00,W,N,A,-,N,,,,,,,,,,N,3,0,1,2,A,-,21,22106,,F,G,B,D,A,H,-,C,A,0,Y,,,,Y,Y,-,99,0,1,0,0,1,0,0,0,0,"- ","- ",,,"LOS ANGELES","LOS ANGELES",-118.27751159667969,34.011127471923828
9396176,2021,2022-02-02,1942,2021-12-29,1445,34426,0233,3,5,7,1942,0,0,0,B,0,24TL51,"BEVERLY BL","BENTON WY",0.00,,Y,C,-,N,,,,,,,,,,Y,2,0,3,5,A,-,03,22350,,M,D,C,A,B,H,-,A,D,0,,,,,Y,Y,A,01,1,0,2,0,0,0,0,0,0,"- ","- ",,,"LOS ANGELES","LOS ANGELES",-118.27765655517578,34.069869995117188
9396208,2021,2022-02-04,1941,2021-12-17,1617,11227,,5,5,7,1941,0,0,0,,0,,"MAGNOLIA AV","8TH ST",0.00,,Y,A,-,N,,,,,,,,,,Y,3,0,3,2,A,-,09,21802,A,N,D,C,A,-,H,-,A,D,0,,,,,Y,Y,A,,0,1,2,0,0,0,0,0,0,"- ","- ",,,"LOS ANGELES","LONG BEACH",-118.19803619384766,33.776584625244141
9396525,2021,2022-02-08,1942,2021-12-06,1916,38374,0774,1,5,7,1942,0,0,0,G,0,27MQ13,"WASHINGTON BL","ORANGE DR",0.00,,Y,A,-,N,,,,,,,,,,N,4,0,1,2,A,-,09,21802,A,F,D,C,A,A,H,-,C,A,0,,,,,Y,Y,-,99,0,0,1,0,0,0,0,0,0,"- ","- ",,,"LOS ANGELES","LOS ANGELES",-118.34969329833984,34.040809631347656
9396870,2021,2022-02-04,1942,2021-12-06,1606,41126,1471,1,5,7,1942,0,0,0,N,0,27Q13,"VISTA DEL MAR LN","VISTA DEL MAR",2.00,E,N,A,-,N,,,,,,,,,,Y,3,0,1,1,A,-,01,23152,A,N,E,I,A,A,H,-,A,A,0,,,,,Y,Y,A,07,0,1,0,0,0,0,0,0,0,"- ","- ",,,"LOS ANGELES","LOS ANGELES",-118.44838714599609,33.958915710449219
9400404,2021,2022-02-08,1900,2021-12-21,2221,610518,0455,2,5,6,1949,0,0,0,,0,43T1,"ALONDRA BL","STUDEBAKER RD",341.00,W,N,A,-,N,,,,,,,,,,Y,3,0,1,2,A,-,09,21453,B,N,D,C,A,A,H,-,C,A,0,,,,,Y,Y,A,07,0,1,0,0,0,0,0,0,0,"- ","- ",,,"LOS ANGELES",NORWALK,-118.10110473632812,33.887599945068359
9401152,2021,2022-03-25,1953,2021-12-28,1738,1541,2,2,5,6,1953,0,0,0,,0,002,"LOS ROBLES AV","CLAREMONT ST",0.00,,Y,A,-,Y,,,,,,,,,,N,3,0,1,2,A,-,10,21950,,F,G,B,B,A,H,-,C,D,0,Y,,,,Y,Y,-,"- ",0,1,0,0,1,0,0,0,0,"- ","- ",,,"LOS ANGELES",PASADENA,-118.14161682128906,34.166862487792969
9404633,2021,2022-02-15,1942,2021-10-23,2300,40212,2088,6,5,7,1942,0,0,0,,0,20A97W,"WASHINGTON BL","HOOVER ST",0.00,,Y,A,-,N,,,,,,,,,,Y,3,0,2,2,A,-,01,23152,A,N,D,C,A,A,H,-,C,A,0,,,,,Y,Y,A,07,0,2,0,0,0,0,0,0,0,"- ","- ",,,"LOS ANGELES","LOS ANGELES",-118.28411865234375,34.039852142333984
9404888,2021,2022-02-09,1942,2021-11-21,0555,34959,2058,7,5,7,1942,0,0,0,,0,27TL29,"HOOVER ST","OLYMPIC BL",416.00,N,N,A,-,N,,,,,,,,,,Y,4,0,1,5,A,-,01,23152,A,N,B,E,A,A,H,-,C,D,0,,,,,Y,Y,A,01,0,0,1,0,0,0,0,0,0,"- ","- ",,,"LOS ANGELES","LOS ANGELES",-118.28421783447266,34.053539276123047
9410162,2021,2022-03-15,1942,2021-12-18,2145,39844,0892,6,5,7,1942,0,0,0,H,0,27MQ14,"PICO BL","GATEWAY BL",250.00,W,N,A,-,N,,,,,,,,,,Y,4,0,1,4,A,-,01,23152,A,N,C,E,A,A,H,-,C,D,0,,,,,Y,Y,A,07,0,0,1,0,0,0,0,0,0,"- ","- ",,,"LOS ANGELES","LOS ANGELES",-118.44244384765625,34.033359527587891
9410169,2021,2022-03-21,1963,2021-12-12,0851,00372,127,7,5,3,1963,0,0,0,,0,001,"HUNTINGTON DR","WESTHAVEN RD",15.00,W,N,A,-,N,,,,,,,,,,Y,4,0,1,1,D,-,00,,,N,E,I,A,A,H,-,A,D,0,,,,,Y,Y,-,"- ",0,0,1,0,0,0,0,0,0,"- ","- ",34.121009826660156,-118.10909271240234,"LOS ANGELES","SAN MARINO",-118.10895538330078,34.1209716796875
9412117,2021,2022-02-22,1942,2021-10-17,1115,34959,0739,7,5,7,1942,0,0,0,G,0,27TL29,"WILSHIRE BL","LUCERNE BL",0.00,,Y,A,-,N,,,,,,,,,,Y,4,0,1,2,A,-,01,23152,A,F,D,C,A,A,H,-,A,A,0,,,,,Y,Y,A,07,0,0,1,0,0,0,0,0,0,"- ","- ",,,"LOS ANGELES","LOS ANGELES",-118.32437133789062,34.061840057373047
9414020,2021,2022-06-03,1900,2021-11-26,0300,524224,1334,5,5,5,1908,0,0,0,,0,133A,"LAUREL ST","LAKEWOOD BL",3.00,E,N,A,-,N,,,,,,,,,,Y,4,0,1,1,A,-,01,23152,A,N,A,I,A,A,H,-,C,D,0,,,,,Y,Y,A,01,0,0,1,0,0,0,0,0,0,"- ","- ",,,"LOS ANGELES",BELLFLOWER,-118.14263153076172,33.882930755615234
9416515,2021,2022-03-11,1963,2021-09-06,2228,00335,105,1,5,3,1963,0,0,0,,0,001,"HUNTINGTON DR","EL MOLINO AV",0.00,,N,A,-,N,,,,,,,,,,Y,4,0,1,2,A,-,01,23152,A,M,B,C,A,A,H,-,C,D,0,,,,,Y,Y,A,07,0,0,1,0,0,0,0,0,0,"- ","- ",34.110160827636719,-118.12960052490234,"LOS ANGELES","SAN MARINO",-118.13040161132812,34.109783172607422
9416517,2021,2022-03-11,1963,2021-09-05,0041,00367,1,7,5,3,1963,0,0,0,,0,119,"ORLANDO RD","AVONDALE RD",0.00,,Y,A,-,N,,,,,,,,,,Y,4,0,1,1,A,-,01,23152,A,N,H,I,A,A,H,-,C,D,0,,,,,Y,Y,A,07,0,0,1,0,0,0,0,0,0,"- ","- ",34.131980895996094,-118.11982727050781,"LOS ANGELES","SAN MARINO",-118.12216186523438,34.131328582763672
9417431,2021,2022-04-22,1942,2021-11-20,0240,38090,1452,6,5,7,1942,0,0,0,N,0,27T31,"VIA DOLCE","PRIVATEER CT",35.00,S,N,A,-,N,,,,,,,,,,Y,3,0,1,3,A,-,01,23152,A,N,B,E,A,A,H,-,A,D,0,,,,,Y,Y,A,07,0,1,0,0,0,0,0,0,0,"- ","- ",,,"LOS ANGELES","LOS ANGELES",-118.45729827880859,33.97216796875
9426145,2021,2022-05-02,1972,2021-07-06,1430,20080,,2,5,6,1972,0,0,0,,0,,"DEL AMO CIR","PLAZA DEL AMO",0.00,,Y,A,-,N,,,,,,,,,,Y,4,0,4,3,A,-,01,23153,G,N,D,B,B,A,H,-,A,D,0,Y,,,,Y,Y,D,22,0,0,4,0,1,0,0,0,0,"- ","- ",,,"LOS ANGELES",TORRANCE,-118.34696960449219,33.828956604003906
9427626,2021,2022-05-02,1942,2021-11-12,0235,42630,0849,5,5,7,1942,0,0,0,H,0,8A1W3,"OLYMPIC BL","ROBERSON BL",0.00,,Y,A,-,N,,,,,,,,,,Y,3,0,2,3,A,-,12,21453,,N,D,C,A,A,H,-,C,A,0,,,,,Y,Y,A,07,0,1,1,0,0,0,0,0,0,"- ","- ",,,"LOS ANGELES","LOS ANGELES",-118.38364410400391,34.059364318847656
9433261,2021,2022-08-26,1900,2021-11-22,2010,637296,1332,1,5,5,1908,0,0,0,,0,133T2,"ROSECRANS AV","LAKEWOOD BL",40.00,E,N,A,-,N,,,,,,,,,,N,3,0,1,2,A,-,11,21955,,N,G,B,D,A,H,-,C,A,0,Y,,,,Y,Y,N,60,0,1,0,0,1,0,0,0,0,"- ","- ",33.903800964355469,-118.14237976074219,"LOS ANGELES",BELLFLOWER,-118.14268493652344,33.903793334960938
5403044,2012,2013-10-17,1976,2012-01-13,1038,233,,5,5,5,1976,0,0,0,,0,001,"WHITTIER BL","ROCKNE AV",4.00,E,N,A,-,Y,LA,7,72,-,-,6.380,H,-,N,Y,1,1,0,3,A,-,09,21802,A,N,H,G,A,A,H,-,A,A,0,,Y,,,Y,Y,L,04,0,0,0,0,0,1,0,0,0,"- ","- ",,,"LOS ANGELES",WHITTIER,-118.06533613000001,33.990763289999997
5403323,2012,2014-04-07,1942,2012-02-10,0300,36946,0454,5,5,7,1942,0,0,0,D,0,1T15,"S BOYLE AV","EAST 4TH ST",0.00,,Y,A,-,N,,,,,,,,,,Y,1,1,1,2,A,-,12,21453,A,F,D,C,A,A,H,-,C,A,0,,,,,Y,Y,A,,0,1,0,0,0,0,0,0,0,"- ","- ",,,"LOS ANGELES","LOS ANGELES",-118.21965228000001,34.043044879999997
5448927,2012,2013-06-13,1942,2012-01-02,0040,39292,0561,1,5,7,1942,0,0,0,E,0,5T21,"WEYMOUTH AV","N AVERILL PARK DR",80.00,N,N,A,-,N,,,,,,,,,,Y,3,0,1,3,A,-,01,23152,A,N,D,E,A,A,H,-,C,D,0,,,,Y,Y,Y,D,22,0,1,0,0,0,0,0,0,0,"- ","- ",,,"LOS ANGELES","LOS ANGELES",-118.30969437,33.734124629999997
5456173,2012,2013-09-17,1941,2012-01-12,1738,5407,,4,5,7,1941,0,0,0,,0,,"RT 1","2ND ST",400.00,S,N,A,-,Y,LA,7,1,-,-,0.510,H,-,N,Y,2,0,1,2,A,-,11,21954,A,N,G,B,E,A,H,-,C,A,0,Y,,,,Y,Y,N,60,1,0,0,0,1,0,0,0,0,"- ","- ",,,"LOS ANGELES","LONG BEACH",-118.10998832,33.75685704
5456904,2012,2013-06-05,1942,2012-01-01,1110,39868,1936,7,5,7,1942,0,0,0,,0,16TL26,"LAUREL CANYON",RINALDI,40.00,S,N,A,-,N,,,,,,,,,,Y,4,0,1,2,A,-,01,23152,A,N,C,C,A,A,H,-,A,D,0,,,,,Y,Y,A,01,0,0,1,0,0,0,0,0,0,"- ","- ",,,"LOS ANGELES","LOS ANGELES",-118.45446462,34.279772729999998
5456965,2012,2013-06-07,1941,2012-01-16,2330,5769,,1,5,7,1941,0,0,0,,0,,"10TH ST","WALNUT AV",110.00,W,N,A,-,N,,,,,,,,,,Y,4,0,1,3,A,-,03,22350,,N,B,E,A,A,H,-,C,A,0,,,,,Y,Y,A,,0,0,1,0,0,0,0,0,0,"- ","- ",,,"LOS ANGELES","LONG BEACH",-118.17237339,33.77896483
5458220,2012,2013-06-18,1900,2012-01-25,0247,515585,1335,3,5,5,1908,0,0,0,,0,133T1,"RT 19","PARK ST",200.00,S,N,A,-,Y,LA,7,19,-,-,6.100,H,-,N,Y,3,0,1,2,A,-,01,23152,A,N,D,C,A,A,H,-,C,A,0,,,,,Y,Y,A,,0,1,0,0,0,0,0,0,0,"- ","- ",,,"LOS ANGELES",BELLFLOWER,-118.14254587000001,33.877885499999998
5460179,2012,2013-10-09,9540,2012-01-08,0235,019788,,7,3,6,1985,0,1,3,,1,144,"RT 14","VIA PRINCESSA WY",3554.00,N,N,A,-,Y,LA,7,14,-,R,31.560,H,-,N,Y,3,0,1,1,A,-,01,23152,A,N,E,I,A,A,H,-,D,D,1,,,,,Y,Y,A,01,0,1,0,0,0,0,0,0,0,"- ","- ",34.409730000000003,-118.44637,"LOS ANGELES","SANTA CLARITA",-118.44642528,34.409469970000004
5464993,2012,2013-06-19,1942,2012-01-19,2240,38996,966,4,5,7,1942,0,0,0,,0,16T25,"WOODMAN AV","MAGNOLIA BL",230.00,N,N,A,-,N,,,,,,,,,,Y,3,0,1,3,A,-,01,23152,A,N,C,E,A,A,H,-,D,D,0,,,,,Y,Y,A,01,0,1,0,0,0,0,0,0,0,"- ","- ",,,"LOS ANGELES","LOS ANGELES",-118.43126522,34.165495700000001
5467492,2012,2013-06-15,1942,2012-01-08,1930,38314,0966,7,5,7,1942,0,0,0,I,0,9T55,"WOODMAN AV","HUSTON ST",100.00,N,N,A,-,N,,,,,,,,,,Y,4,0,1,5,A,-,01,23152,A,N,C,E,A,A,H,-,C,A,0,,,,,Y,Y,A,01,0,0,1,0,0,0,0,0,0,"- ","- ",,,"LOS ANGELES","LOS ANGELES",-118.43125223,34.159699150000002
5468314,2012,2013-06-07,1942,2012-01-09,0300,35199,0657,1,5,7,1942,0,0,0,F,0,20TL59,"SANTA MONICA BL","WILTON PL",108.00,E,N,A,-,N,,,,,,,,,,Y,4,0,1,2,A,-,03,22350,,N,H,C,A,A,H,-,C,D,0,,,,Y,Y,Y,A,01,0,0,1,0,0,0,0,0,0,"- ","- ",,,"LOS ANGELES","LOS ANGELES",-118.31321622999999,34.090759939999998
5468702,2012,2013-12-12,9550,2012-01-14,0440,20226,,6,3,5,1919,0,1,1,,2,652,"RT 605","RT 91",200.00,S,N,A,-,Y,LA,7,91,-,R,17.108,R,2,E,Y,2,0,1,1,A,-,01,23152,A,N,E,I,A,A,H,-,C,D,1,,,,,Y,Y,D,22,1,0,0,0,0,0,0,0,0,TO,"- ",33.875709999999998,-118.10077,"LOS ANGELES",CERRITOS,-118.09722209,33.876254879999998
5469245,2012,2013-06-19,1942,2012-01-20,2225,34252,0449,5,5,7,1942,0,0,0,D,0,4T43,"FICKETT ST","POMEROY AV",53.00,N,N,B,-,N,,,,,,,,,,Y,3,0,1,2,A,-,01,23152,A,M,C,E,A,A,H,-,C,D,0,,,,,Y,Y,A,01,0,1,0,0,0,0,0,0,0,"- ","- ",,,"LOS ANGELES","LOS ANGELES",-118.20066936000001,34.053489499999998
5481487,2012,2013-06-07,1942,2012-01-05,2020,40638,RD831,4,5,7,1942,0,0,0,,0,8A1,"WELLESLEY AV","DOROTHY AV",70.00,N,N,A,-,N,,,,,,,,,,Y,4,0,1,1,A,-,01,23152,A,N,E,I,A,A,H,-,C,D,0,,,,,Y,Y,A,01,0,0,1,0,0,0,0,0,0,"- ","- ",,,"LOS ANGELES","LOS ANGELES",-118.47479269999999,34.045709809999998
5483282,2012,2013-06-13,1942,2012-01-09,0120,39222,0636,1,5,7,1942,0,0,0,F,0,14T47,"FRANKLIN AV","GRACE AV",82.00,W,N,A,-,N,,,,,,,,,,Y,3,0,1,4,A,-,01,23152,A,M,B,E,A,A,H,-,C,D,0,,,,,Y,Y,A,01,0,1,0,0,0,0,0,0,0,"- ","- ",,,"LOS ANGELES","LOS ANGELES",-118.33249255,34.105232489999999
5483316,2012,2013-06-08,1900,2012-01-02,1803,471273,,1,5,6,1985,0,0,0,,0,,"SOLEDAD CANYON RD","LANGSIDE AV",0.00,,Y,A,-,N,,,,,,,,,,N,2,0,1,2,A,-,11,21950,B,N,G,B,D,A,H,-,C,A,0,Y,,,,Y,Y,N,60,1,0,0,0,1,0,0,0,0,"- ","- ",,,"LOS ANGELES","SANTA CLARITA",-118.48474233,34.420574999999999
5484364,2012,2013-09-13,9580,2012-01-05,0238,018637,,4,3,7,1942,0,1,2,,2,100,"RT 101","LAUREL CANYON BL",600.00,E,N,A,-,Y,LA,7,101,-,-,12.720,H,-,N,Y,3,0,1,1,A,-,01,23152,A,N,E,I,A,A,H,-,D,D,1,,,,,Y,Y,A,01,0,1,0,0,0,0,0,0,0,"- ","- ",34.176169999999999,-118.59041000000001,"LOS ANGELES","LOS ANGELES",-118.39266216,34.154514890000002
5484898,2012,2013-10-15,1955,2012-01-22,1322,41638,75,7,5,6,1955,0,0,0,,0,005,"RT 71","NORTH RANCH RD",0.00,,Y,A,-,Y,LA,7,71,-,-,2.530,H,-,S,Y,4,0,3,4,A,-,01,23153,A,N,B,C,A,A,H,-,A,A,0,,,,,Y,Y,A,01,0,0,3,0,0,0,0,0,0,"- ","- ",,,"LOS ANGELES",POMONA,-117.77083021,34.043516320000002
5485130,2012,2013-06-10,1942,2012-01-24,1930,39021,1608,2,5,7,1942,0,0,0,P,0,21T63,"FOOTHILL BL","WHEATLAND AV",0.00,,Y,A,-,N,,,,,,,,,,Y,2,0,1,2,A,-,01,23152,A,N,A,C,A,A,H,-,C,A,0,,,Y,,Y,Y,A,01,1,0,0,0,0,0,0,0,1,"- ","- ",,,"LOS ANGELES","LOS ANGELES",-118.35278233,34.273324979999998
5485147,2012,2013-06-05,1942,2012-01-21,0345,38687,0932,6,5,7,1942,0,0,0,I,0,19T73,"VICTORY BL","SEPULVEDA BL",0.00,,Y,C,-,N,,,,,,,,,,Y,3,0,1,3,A,-,01,23152,A,N,D,C,A,B,H,-,C,A,0,,,,,Y,Y,A,01,0,1,0,0,0,0,0,0,0,"- ","- ",,,"LOS ANGELES","LOS ANGELES",-118.46618237,34.186644919999999
5485615,2012,2013-06-27,1942,2012-01-02,1905,38357,1136,1,5,7,1942,0,0,0,K,0,2T15,"MONT EAGLE PL","FIRE HYDRANT",120.00,E,N,A,-,N,,,,,,,,,,Y,4,0,1,1,A,-,01,23152,A,N,E,I,A,A,H,-,C,D,0,,,,,Y,Y,A,08,0,0,1,0,0,0,0,0,0,"- ","- ",,,"LOS ANGELES","LOS ANGELES",,
5486574,2012,2013-07-20,1928,2012-02-22,2151,307,509,3,5,5,1928,0,0,0,,0,002,"EL SEGUNDO BL","PRAIRIE AV",0.00,,Y,A,-,N,,,,,,,,,,N,4,0,1,2,A,-,01,23152,,N,C,C,A,A,H,-,C,A,0,,,,,Y,Y,D,22,0,0,1,0,0,0,0,0,0,"- ","- ",,,"LOS ANGELES",HAWTHORNE,-118.34384223000001,33.91645492
5488054,2012,2013-06-29,1942,2012-02-10,2250,39192,1972,5,5,7,1942,0,0,0,,0,,"NORDHOFF ST","SEPULVEDA BL",300.00,E,N,A,-,N,,,,,,,,,,Y,3,0,4,3,A,-,01,23152,A,N,A,C,A,A,H,-,C,D,0,,,,,Y,Y,A,07,0,2,2,0,0,0,0,0,0,"- ","- ",,,"LOS ANGELES","LOS ANGELES",-118.46675206,34.23550487
5488299,2012,2013-06-29,1920,2012-02-18,0145,11859,1920,6,5,6,1920,0,0,0,,0,003,"PARAMOUNT BL","FARM ST",160.00,S,N,A,-,N,,,,,,,,,,Y,4,0,1,5,A,-,08,22107,,N,B,E,A,A,H,-,C,D,0,,,,,Y,Y,A,,0,0,1,0,0,0,0,0,0,"- ","- ",,,"LOS ANGELES",DOWNEY,-118.1327556,33.949859930000002
5489625,2012,2013-09-18,9580,2012-01-10,0834,17505,,2,1,7,1942,0,1,1,,2,405,"RT 405","HASKELL AV",125.00,N,N,A,-,Y,LA,7,405,-,-,41.662,R,1,S,Y,4,0,1,2,C,-,18,,,N,C,C,A,A,H,-,A,D,1,,,,,Y,Y,-,"- ",0,0,1,0,0,0,0,0,0,TO,"- ",34.189819999999997,-118.47458,"LOS ANGELES","LOS ANGELES",-118.47443217999999,34.19247489
5492379,2012,2013-06-22,1901,2012-01-20,2347,229,02,5,5,5,1901,0,0,0,,0,001,"HUNTINGTON DR","GRANADA AV",38.00,W,N,B,-,N,,,,,,,,,,Y,2,0,2,2,A,-,01,23153,A,F,C,C,A,A,H,-,C,A,0,,,,,Y,Y,A,01,1,1,0,0,0,0,0,0,0,"- ","- ",,,"LOS ANGELES",ALHAMBRA,-118.12814856,34.111188310000003
5493107,2012,2013-06-29,9575,2012-02-04,1210,019538,,6,1,7,1942,0,2,4,,2,025,"LAKE AV","WOODBURY RD",65.00,N,N,A,-,N,,,,,,,,,,Y,4,0,1,2,A,-,01,23152,A,N,C,C,A,A,H,-,A,A,0,,,,,Y,Y,A,01,0,0,1,0,0,0,0,0,0,"- ","- ",34.178660000000001,-118.13182999999999,"LOS ANGELES","LOS ANGELES",-118.13186729,34.177282599999998
5493844,2012,2013-07-06,1965,2012-02-28,1930,3158,04D1,2,5,5,1965,0,0,0,,0,0A4,"11TH ST","IDAHO AV",125.00,S,N,A,-,N,,,,,,,,,,N,4,0,1,3,A,-,09,21801,A,N,B,G,A,A,H,-,C,A,0,,Y,,,Y,Y,A,01,0,0,1,0,0,0,1,0,0,"- ","- ",,,"LOS ANGELES","SANTA MONICA",-118.49617692,34.028307570000003
5495678,2012,2013-06-29,1975,2012-01-15,0314,387,,7,5,6,1975,0,0,0,,0,003,"SUNSET AV","CAMERON AV",0.00,,Y,A,-,N,,,,,,,,,,Y,3,0,1,2,A,-,01,23152,A,N,D,C,A,A,H,-,C,A,0,,,,,Y,Y,-,"- ",0,1,0,0,0,0,0,0,0,"- ","- ",,,"LOS ANGELES","WEST COVINA",-117.94031223,34.0669349
5495820,2012,2013-07-30,1942,2012-01-08,0125,40398,1714,7,5,7,1942,0,0,0,Q,0,17T17,"CHIMINEAS AV","BATHURST ST",35.00,N,N,A,-,N,,,,,,,,,,Y,4,0,1,1,A,-,"- ",,,N,E,I,A,A,H,-,C,A,0,,,,,Y,Y,A,01,0,0,1,0,0,0,0,0,0,"- ","- ",,,"LOS ANGELES","LOS ANGELES",-118.53102131,34.278781879999997
5497374,2012,2013-07-17,1953,2012-01-14,1719,4817,1953,6,5,6,1953,0,0,0,,0,003,"ORANGE GROVE BL","ALTADENA DR",10.00,W,N,A,-,N,,,,,,,,,,Y,3,0,2,2,A,-,03,22350,,N,C,C,A,A,H,-,C,A,0,,,,,Y,Y,A,01,0,1,1,0,0,0,0,0,0,"- ","- ",,,"LOS ANGELES",PASADENA,-118.09851516000001,34.158274720000001
5497514,2012,2013-06-15,1953,2012-01-25,2225,1781,1953,3,5,6,1953,0,0,0,,0,005,"WALNUT ST","MARENGO AV",0.00,,Y,A,-,N,,,,,,,,,,N,4,0,1,2,A,-,12,21453,A,N,D,G,A,A,H,-,C,A,0,,Y,,,Y,Y,L,04,0,0,1,0,0,0,1,0,0,"- ","- ",,,"LOS ANGELES",PASADENA,-118.14600225,34.149534940000002
5498130,2012,2013-06-05,1900,2012-01-29,1130,499652,1122,7,5,6,1992,0,0,0,,0,112T1,"AVENUE I","BEECH AV",0.00,,Y,A,-,N,,,,,,,,,,N,4,0,1,2,A,-,01,23153,A,F,B,C,A,A,H,-,A,D,0,,,,,Y,Y,A,01,0,0,1,0,0,0,0,0,0,"- ","- ",,,"LOS ANGELES",LANCASTER,-118.13933227,34.703985039999999
5500175,2012,2013-07-11,1942,2012-02-02,0235,38408,2046,4,5,7,1942,0,0,0,,0,34E63,"6TH ST","HOBART BL",34.00,E,N,A,-,N,,,,,,,,,,Y,4,0,1,2,A,-,01,23152,A,N,C,C,A,A,H,-,C,D,0,,,,,Y,Y,A,01,0,0,1,0,0,0,0,0,0,"- ","- ",,,"LOS ANGELES","LOS ANGELES",-118.30526015,34.06354485
5500191,2012,2013-07-11,1942,2012-02-02,1425,33839,2002,4,5,7,1942,0,0,0,,0,8TL26,"WESTERN AV","OAKWOOD AV",63.00,N,N,A,-,N,,,,,,,,,,Y,4,0,1,3,A,-,01,23152,A,N,C,C,A,A,H,-,A,A,0,,,,,Y,Y,A,01,0,0,1,0,0,0,0,0,0,"- ","- ",,,"LOS ANGELES","LOS ANGELES",-118.3091622,34.077767639999998
5500835,2012,2013-07-12,1931,2012-02-09,2318,5261,1931,4,5,5,1931,0,0,0,,0,001,"GAGE AV","ALAMEDA ST",366.00,W,N,A,-,N,,,,,,,,,,Y,3,0,1,1,A,-,08,22107,,N,E,I,A,A,H,-,C,D,0,,,,,Y,Y,A,01,0,1,0,0,0,0,0,0,0,"- ","- ",,,"LOS ANGELES","HUNTINGTON PARK",-118.23743053,33.98197485