CASE_ID,ACCIDENT_YEAR,PROC_DATE,JURIS,COLLISION_DATE,COLLISION_TIME,OFFICER_ID,REPORTING_DISTRICT,DAY_OF_WEEK,CHP_SHIFT,POPULATION,CNTY_CITY_LOC,SPECIAL_COND,BEAT_TYPE,CHP_BEAT_TYPE,CITY_DIVISION_LAPD,CHP_BEAT_CLASS,BEAT_NUMBER,PRIMARY_RD,SECONDARY_RD,DISTANCE,DIRECTION,INTERSECTION,WEATHER_1,WEATHER_2,STATE_HWY_IND,CALTRANS_COUNTY,CALTRANS_DISTRICT,STATE_ROUTE,ROUTE_SUFFIX,POSTMILE_PREFIX,POSTMILE,LOCATION_TYPE,RAMP_INTERSECTION,SIDE_OF_HWY,TOW_AWAY,COLLISION_SEVERITY,NUMBER_KILLED,NUMBER_INJURED,PARTY_COUNT,PRIMARY_COLL_FACTOR,PCF_CODE_OF_VIOL,PCF_VIOL_CATEGORY,PCF_VIOLATION,PCF_VIOL_SUBSECTION,HIT_AND_RUN,TYPE_OF_COLLISION,MVIW,PED_ACTION,ROAD_SURFACE,ROAD_COND_1,ROAD_COND_2,LIGHTING,CONTROL_DEVICE,CHP_ROAD_TYPE,PEDESTRIAN_ACCIDENT,BICYCLE_ACCIDENT,MOTORCYCLE_ACCIDENT,TRUCK_ACCIDENT,NOT_PRIVATE_PROPERTY,ALCOHOL_INVOLVED,STWD_VEHTYPE_AT_FAULT,CHP_VEHTYPE_AT_FAULT,COUNT_SEVERE_INJ,COUNT_VISIBLE_INJ,COUNT_COMPLAINT_PAIN,COUNT_PED_KILLED,COUNT_PED_INJURED,COUNT_BICYCLIST_KILLED,COUNT_BICYCLIST_INJURED,COUNT_MC_KILLED,COUNT_MC_INJURED,PRIMARY_RAMP,SECONDARY_RAMP,LATITUDE,LONGITUDE,COUNTY,CITY,POINT_X,POINT_Y
5502549,2012,2013-09-11,9575,2012-01-20,2325,19649,,5,3,6,1925,0,1,3,,2,042,"RT 134","GLENDALE AV",1100.00,E,N,B,-,Y,LA,7,134,-,R,8.510,R,2,E,Y,4,0,1,1,A,-,01,23152,A,N,E,I,A,A,H,-,C,D,1,,,,,Y,Y,A,01,0,0,1,0,0,0,0,0,0,TO,"- ",34.150550000000003,-118.23456,"LOS ANGELES",GLENDALE,-118.23503214,34.151064900000002
5503549,2012,2013-09-10,9575,2012-01-01,0800,20251,,7,1,6,1953,0,1,1,,2,064,"RT 210","WALNUT ST",25.00,E,N,A,-,Y,LA,7,210,-,R,25.253,R,2,W,Y,3,0,1,1,A,-,01,23152,A,N,E,I,A,A,H,-,A,D,1,,,,,Y,Y,A,07,0,1,0,0,0,0,0,0,0,TR,"- ",34.150089999999999,-118.15567,"LOS ANGELES",PASADENA,-118.14693748000001,34.152216780000003
5504310,2012,2013-11-04,1942,2012-01-01,0207,,,7,5,7,1942,0,0,0,,0,,"NATIONAL BL","MANNING AV",125.00,N,N,B,-,N,,,,,,,,,,Y,3,0,2,3,A,-,01,23152,A,N,C,C,A,A,H,-,C,D,0,,,,,Y,Y,D,22,0,1,1,0,0,0,0,0,0,"- ","- ",34.030259999999998,-118.40248,"LOS ANGELES","LOS ANGELES",-118.40257328,34.03026431
5504512,2012,2013-06-25,9545,2012-01-24,1310,015589,,2,1,9,1900,0,3,5,,2,003,"SIERRA HWY","SAN GABRIEL AV",350.00,E,N,A,-,N,,,,,,,,,,Y,3,0,1,2,A,-,01,23152,A,N,B,C,A,A,H,-,A,D,0,,,,,Y,Y,E,22,0,1,0,0,0,0,0,0,0,"- ","- ",34.487070000000003,-118.14546,"LOS ANGELES",UNINCORPORATED,-118.14568499000001,34.487020229999999
5504893,2012,2013-06-08,1922,2012-01-25,1700,599,,3,5,6,1922,0,0,0,,0,003,MERCED,GARVEY,0.00,,Y,A,-,N,,,,,,,,,,N,3,0,1,2,A,-,05,21650,1,N,G,G,A,A,H,-,B,A,0,,Y,,,Y,Y,L,04,0,1,0,0,0,0,1,0,0,"- ","- ",,,"LOS ANGELES","EL MONTE",-118.05139217999999,34.062814950000003
5504954,2012,2013-06-08,1922,2012-01-12,1340,533,1922,4,5,6,1922,0,0,0,,0,,"GARVEY AV","DURFEE AV",100.00,W,N,A,-,N,,,,,,,,,,N,4,0,1,2,A,-,01,23153,A,N,B,C,A,A,H,-,A,D,0,,,,,Y,Y,-,"- ",0,0,1,0,0,0,0,0,0,"- ","- ",,,"LOS ANGELES","EL MONTE",-118.01197784999999,34.063594170000002
5506110,2012,2013-06-25,1942,2012-01-22,0355,35471,0943,7,5,7,1942,0,0,0,I,0,16T23,"VAN NUYS BL","BURBANK BL",0.00,,Y,B,-,N,,,,,,,,,,Y,4,0,2,2,A,-,12,21453,A,N,D,C,A,A,H,-,C,A,0,,,,,Y,Y,-,"- ",0,0,2,0,0,0,0,0,0,"- ","- ",,,"LOS ANGELES","LOS ANGELES",-118.44873235,34.172114860000001
5506348,2012,2013-07-20,9540,2012-02-08,0310,19131,,3,3,9,1900,0,3,5,,2,100,"VALENCIA BL","OLD ROCK RD",1584.00,W,N,A,-,N,,,,,,,,,,Y,4,0,1,1,A,-,01,23152,A,N,E,I,A,A,H,-,C,D,0,,,,,Y,Y,D,22,0,0,1,0,0,0,0,0,0,"- ","- ",34.400930000000002,-118.59656,"LOS ANGELES",UNINCORPORATED,,
5510297,2012,2013-09-11,1975,2012-01-26,2248,337,,4,5,6,1975,0,0,0,,0,001,"AZUSA AVE",WORKMAN,55.00,S,N,A,-,N,,,,,,,,,,N,4,0,1,2,A,-,01,23153,A,N,C,C,A,A,H,-,C,A,0,,,,,Y,Y,-,"- ",0,0,1,0,0,0,0,0,0,"- ","- ",,,"LOS ANGELES","WEST COVINA",-117.90775395,34.075364110000002
5510599,2012,2013-09-23,9565,2012-02-25,0305,20333,,6,3,7,1942,0,1,1,,2,083,"RT 10","CORNING ST",600.00,E,N,A,-,Y,LA,7,10,-,R,8.780,H,-,W,Y,3,0,2,2,A,-,01,23152,A,N,A,C,A,A,H,-,C,D,1,,,,,Y,Y,A,01,0,1,1,0,0,0,0,0,0,"- ","- ",34.036929999999998,-118.37998,"LOS ANGELES","LOS ANGELES",-118.38141108000001,34.036481969999997
5510603,2012,2013-07-11,9565,2012-02-19,0309,20310,,7,3,9,1900,0,3,5,,2,002,"BUDLONG AV","97TH ST",50.00,N,N,A,-,N,,,,,,,,,,Y,3,0,1,2,A,-,01,23152,A,N,B,E,A,A,H,-,C,D,0,,,,,Y,Y,A,01,0,1,0,0,0,0,0,0,0,"- ","- ",33.947969999999998,-118.29595,"LOS ANGELES",UNINCORPORATED,-118.29593517000001,33.947901950000002
5512051,2012,2013-10-16,9540,2012-02-25,2120,019716,,6,2,9,1900,0,1,1,,1,503,"RT 5","WELDON CANYON RD",3168.00,N,N,A,-,Y,LA,7,5,-,R,47.180,H,-,S,Y,4,0,1,2,A,-,01,23152,A,N,B,C,A,A,H,-,D,D,1,,,,Y,Y,Y,A,01,0,0,1,0,0,0,0,0,0,"- ","- ",34.344949999999997,-118.53182,"LOS ANGELES",UNINCORPORATED,-118.53208512,34.345137819999998
5512782,2012,2013-07-06,1969,2012-02-18,0353,10073,PATRO,6,5,5,1969,0,0,0,,0,0A3,"BOWMAN AV","FIRESTONE BL",396.00,S,N,A,-,N,,,,,,,,,,Y,4,0,1,2,A,-,01,23152,A,N,A,E,A,A,H,-,C,D,0,,,,,Y,Y,A,01,0,0,1,0,0,0,0,0,0,"- ","- ",,,"LOS ANGELES","SOUTH GATE",-118.19433854,33.951917799999997
5514376,2012,2013-06-18,1942,2012-01-04,2330,38687,2113,3,5,7,1942,0,0,0,,0,21T63,"FALLBROOK AV","INGOMAR ST",454.00,N,N,A,-,N,,,,,,,,,,Y,3,0,1,2,A,-,01,23152,A,N,B,E,A,A,H,-,C,D,0,,,,,Y,Y,A,01,0,1,0,0,0,0,0,0,0,"- ","- ",,,"LOS ANGELES","LOS ANGELES",-118.62345571,34.213120340000003
5516343,2012,2013-06-28,1900,2012-02-08,0220,280586,1126,3,5,6,1992,0,0,0,,0,111T1,"15TH ST WEST","AVENUE K-2",175.00,S,N,A,-,N,,,,,,,,,,Y,4,0,1,1,A,-,01,23152,A,N,E,I,A,A,H,-,C,D,0,,,,,Y,Y,D,,0,0,1,0,0,0,0,0,0,"- ","- ",,,"LOS ANGELES",LANCASTER,-118.15752000000001,34.671747000000003
5516404,2012,2013-07-29,1942,2012-03-04,1620,38850,1977,7,5,7,1942,0,0,0,,0,10TL36,"CANTERBURY ST","OSBORNE ST",16.00,W,N,A,-,N,,,,,,,,,,Y,2,0,1,4,A,-,01,23152,A,N,A,C,A,A,H,-,A,A,0,,,,,Y,Y,A,07,1,0,0,0,0,0,0,0,0,"- ","- ",,,"LOS ANGELES","LOS ANGELES",-118.43268758000001,34.237317490000002
5517981,2012,2013-06-15,1947,2012-01-15,1318,1351,1A,7,5,5,1947,0,0,0,,0,,"GARFIELD AV","VIA SAN DELARRO",221.00,N,N,A,-,N,,,,,,,,,,Y,4,0,1,4,A,-,07,21658,A,F,A,C,A,A,H,-,A,D,0,,,,,Y,Y,-,"- ",0,0,1,0,0,0,0,0,0,"- ","- ",34.015650000000001,-118.12169,"LOS ANGELES",MONTEBELLO,-118.12997673,34.026122719999996
5517983,2012,2013-09-11,1947,2012-01-05,1228,1283,,4,5,5,1947,0,0,0,,0,00C,"WHITTIER BL","MONTEBELLO BL",256.00,E,N,A,-,N,,,,,,,,,,N,4,0,1,2,A,-,03,22350,,F,C,E,A,A,H,-,A,D,0,,,,,Y,Y,A,01,0,0,1,0,0,0,0,0,0,"- ","- ",,,"LOS ANGELES",MONTEBELLO,-118.10746334,34.0098682
5518038,2012,2013-06-27,1912,2012-02-25,2230,13175,,6,5,6,1912,0,0,0,,0,,"VICTORY BL","CATALINA ST",120.00,W,N,A,-,N,,,,,,,,,,N,4,0,1,3,A,-,01,23152,A,F,C,E,E,A,H,-,C,D,0,Y,,,,Y,Y,A,01,0,0,1,0,1,0,0,0,0,"- ","- ",34.184440000000002,-118.34166999999999,"LOS ANGELES",BURBANK,-118.34201813,34.18462255
5518177,2012,2013-07-17,1900,2012-02-20,2241,298317,1134,1,5,6,1992,0,0,0,,0,112T2,"AVENUE K","7TH ST EAST",248.00,E,N,A,-,N,,,,,,,,,,Y,4,0,3,2,A,-,01,23152,A,N,E,I,A,A,H,-,C,D,0,,,,,Y,Y,A,,0,0,3,0,0,0,0,0,0,"- ","- ",,,"LOS ANGELES",LANCASTER,-118.11716953,34.675001739999999
5519212,2012,2013-07-13,1942,2012-02-21,1815,35960,1075,2,5,7,1942,0,0,0,J,0,10A99,"KILLION ST","LINDLEY AV",90.00,E,N,A,-,N,,,,,,,,,,N,4,0,1,3,D,-,00,,,F,B,E,A,A,H,-,C,A,0,,,,,Y,Y,-,"- ",0,0,1,0,0,0,0,0,0,"- ","- ",,,"LOS ANGELES","LOS ANGELES",-118.52698581999999,34.17082542
5519280,2012,2013-07-22,1942,2012-02-18,1310,37766,1907,6,5,7,1942,0,0,0,,0,9TL56,"SAYRE ST","GLADSTONE AV",20.00,W,N,A,-,N,,,,,,,,,,Y,4,0,1,2,A,-,01,23152,A,F,C,C,A,A,H,-,A,A,0,,,,,Y,Y,A,07,0,0,1,0,0,0,0,0,0,"- ","- ",,,"LOS ANGELES","LOS ANGELES",-118.43087727,34.312744709999997
5519342,2012,2013-07-13,1942,2012-02-19,0625,34959,0676,7,5,7,1942,0,0,0,F,0,6TL7,"MELROSE AV","WILCOX AV",111.00,E,N,B,-,N,,,,,,,,,,Y,3,0,1,1,A,-,08,22107,,N,E,I,A,A,H,-,A,D,0,,,,,Y,Y,A,01,0,1,0,0,0,0,0,0,0,"- ","- ",,,"LOS ANGELES","LOS ANGELES",-118.33061632,34.083454860000003
5520274,2012,2013-10-01,9535,2012-02-16,0020,019706,,4,3,5,1901,0,1,1,,2,420,"RT 10","GARFIELD AV",50.00,W,N,A,-,Y,LA,7,10,-,-,23.980,H,-,E,Y,3,0,1,2,A,-,01,23152,A,N,C,C,A,A,H,-,C,D,1,,,,,Y,Y,A,07,0,1,0,0,0,0,0,0,0,"- ","- ",34.071550000000002,-118.12291,"LOS ANGELES",ALHAMBRA,-118.12283938,34.071446479999999
5521360,2012,2013-07-13,1900,2012-02-29,1835,201654,2612,3,5,6,1950,0,0,0,,0,262T1,"ELIZABETH LAKE RD","MILE MARKER 5.11",150.00,E,N,A,-,N,,,,,,,,,,Y,4,0,1,1,A,-,01,23152,A,N,F,I,A,A,H,-,B,D,0,,,,,Y,Y,D,22,0,0,1,0,0,0,0,0,0,"- ","- ",,,"LOS ANGELES",PALMDALE,,
5522590,2012,2013-10-02,9590,2012-03-01,0040,17965,,4,3,7,1942,0,1,1,,2,050,"RT 110","MARTIN LUTHER KING JR BL",1000.00,S,N,B,-,Y,LA,7,110,-,-,19.300,H,-,N,Y,4,0,1,3,A,-,01,23153,,N,C,C,A,A,C,-,C,D,1,,,,,Y,Y,A,08,0,0,1,0,0,0,0,0,0,"- ","- ",34.008879999999998,-118.28058,"LOS ANGELES","LOS ANGELES",-118.28081632999999,34.007666
5524415,2012,2013-07-12,1942,2012-02-22,1750,38365,0157,3,5,7,1942,0,0,0,A,0,1TL11,"TOWNE AV","7TH ST",100.00,S,N,A,-,N,,,,,,,,,,N,4,0,1,2,A,-,"- ",,,F,H,E,A,A,H,-,B,D,0,,,,,Y,Y,-,99,0,0,1,0,0,0,0,0,0,"- ","- ",,,"LOS ANGELES","LOS ANGELES",-118.24538692,34.039360119999998
5524426,2012,2013-09-16,9580,2012-02-18,0315,18718,,6,3,7,1942,0,1,1,,2,405,"RT 405","VICTORY BL",2640.00,S,N,A,-,Y,LA,7,405,-,-,41.290,H,-,S,Y,3,0,1,1,A,-,01,23152,A,N,E,I,A,A,H,-,D,D,1,,,,,Y,Y,A,01,0,1,0,0,0,0,0,0,0,"- ","- ",34.182389999999998,-118.47213000000001,"LOS ANGELES","LOS ANGELES",-118.47359095,34.184480860000001
5527393,2012,2013-10-08,9550,2012-03-10,0405,18360,,6,3,9,1900,0,1,3,,2,601,"RT 60","HACIENDA BL",3370.00,E,N,A,-,Y,LA,7,60,-,-,16.600,H,-,E,Y,4,0,1,2,A,-,01,23152,A,N,C,E,A,A,H,-,C,D,1,,,,,Y,Y,A,01,0,0,1,0,0,0,0,0,0,"- ","- ",34.00197,-117.94880999999999,"LOS ANGELES",UNINCORPORATED,-117.95260904,34.003223949999999
5527525,2012,2013-08-10,1942,2012-03-12,2315,39695,2088,1,5,7,1942,0,0,0,,0,20T59,"HOOVER ST","WASHINGTON BL",30.00,N,N,A,-,N,,,,,,,,,,Y,4,0,1,2,A,-,01,23152,A,F,C,C,A,A,H,-,C,D,0,,,,,Y,Y,A,07,0,0,1,0,0,0,0,0,0,"- ","- ",,,"LOS ANGELES","LOS ANGELES",-118.28412219000001,34.039957129999998
5529452,2012,2013-07-13,1942,2012-02-13,1040,39341,0279,1,5,7,1942,0,0,0,B,0,2T15,"GRATTAN ST","OLYMPIC BL",0.00,,Y,B,-,N,,,,,,,,,,Y,3,0,1,2,A,-,01,23152,A,N,D,C,A,A,H,-,A,A,0,,,,,Y,Y,A,01,0,1,0,0,0,0,0,0,0,"- ","- ",,,"LOS ANGELES","LOS ANGELES",-118.27330229,34.048774909999999
5532683,2012,2013-07-25,1956,2012-03-04,2053,1188,66,7,5,5,1956,0,0,0,,0,034,"INGLEWOOD AV","156TH ST",39.00,S,N,A,-,N,,,,,,,,,,Y,3,0,1,2,A,-,01,23153,A,N,C,C,A,A,H,-,C,D,0,,,,,Y,Y,A,01,0,1,0,0,0,0,0,0,0,"- ","- ",,,"LOS ANGELES","REDONDO BEACH",-118.3613234,33.889547870000001
5532691,2012,2013-07-25,1956,2012-03-05,1924,1203,65,1,5,5,1956,0,0,0,,0,005,"MANHATTAN BEACH BL","GIBSON PL",65.00,W,N,A,-,N,,,,,,,,,,Y,3,0,1,1,A,-,01,23152,A,N,E,I,A,A,H,-,C,D,0,,,Y,,Y,Y,C,02,0,1,0,0,0,0,0,0,1,"- ","- ",,,"LOS ANGELES","REDONDO BEACH",-118.36532596000001,33.88742483
5533399,2012,2013-07-20,1942,2012-03-14,0230,40065,979,3,5,7,1942,0,0,0,,0,16T25,"MOORPARK ST","WORTSER AV",170.00,W,N,A,-,N,,,,,,,,,,Y,4,0,1,4,A,-,01,23152,A,N,C,E,A,A,H,-,C,D,0,,,Y,,Y,Y,A,01,0,0,1,0,0,0,0,0,0,"- ","- ",,,"LOS ANGELES","LOS ANGELES",-118.41766303999999,34.150350150000001
5533435,2012,2013-09-18,1942,2012-03-04,1720,40598,941,7,5,7,1942,0,0,0,,0,9X14,"VISTA DEL MONTE AV","HATTERAS ST",45.00,S,N,A,-,N,,,,,,,,,,Y,4,0,1,1,A,-,01,23152,A,N,E,I,A,A,H,-,B,A,0,,,,,Y,Y,A,01,0,0,1,0,0,0,0,0,0,"- ","- ",,,"LOS ANGELES","LOS ANGELES",-118.44999047,34.17560143
5535417,2012,2013-07-25,1942,2012-03-12,0030,37800,1612,1,5,7,1942,0,0,0,P,0,19T73,"VAN NUYS BL","NORRIS AV",0.00,,Y,A,-,N,,,,,,,,,,N,3,0,1,2,A,-,05,21650,1,F,D,G,A,A,H,-,C,D,0,,Y,,,Y,Y,L,04,0,1,0,0,0,0,1,0,0,"- ","- ",,,"LOS ANGELES","LOS ANGELES",-118.41623226,34.27038495
5536985,2012,2013-07-13,1942,2012-02-14,2100,37143,1983,2,5,7,1942,0,0,0,,0,19T73,"ROSCOE BL","SEPULVEDA PL",25.00,E,N,A,-,N,,,,,,,,,,Y,4,0,1,4,A,-,01,23152,A,N,C,C,A,A,H,-,C,D,0,,,,,Y,Y,A,07,0,0,1,0,0,0,0,0,0,"- ","- ",,,"LOS ANGELES","LOS ANGELES",-118.4661497,34.221406260000002
5540520,2012,2013-08-07,1925,2012-03-09,1532,21041,223,5,5,6,1925,0,0,0,,0,004,BRAND,DORAN,0.00,,Y,A,-,N,,,,,,,,,,N,3,0,1,2,A,-,09,21801,A,N,A,C,A,A,H,-,A,A,0,,,Y,,Y,Y,A,01,0,1,0,0,0,0,0,0,1,"- ","- ",,,"LOS ANGELES",GLENDALE,-118.25512231,34.154664879999999
5540572,2012,2013-07-27,1900,2012-03-10,2210,465550,647,6,5,6,1985,0,0,0,,0,60T1,"OAK RIDGE DR","RAILROAD AV",18.00,E,N,A,-,N,,,,,,,,,,N,3,0,1,1,A,-,01,23152,A,N,E,I,A,A,H,-,C,D,0,,,,,Y,Y,A,01,0,1,0,0,0,0,0,0,0,"- ","- ",,,"LOS ANGELES","SANTA CLARITA",-118.538439,34.400537
5541760,2012,2013-07-30,1942,2012-03-09,1840,37740,1804,5,5,7,1942,0,0,0,R,0,12T41,"CENTRAL AV","MANCHESTER AV",50.00,S,N,A,-,N,,,,,,,,,,Y,3,0,2,2,A,-,01,23152,A,N,C,C,A,A,H,-,C,A,0,,,,,Y,Y,A,01,0,1,1,0,0,0,0,0,0,"- ","- ",,,"LOS ANGELES","LOS ANGELES",-118.25648062,33.960007730000001
5542038,2012,2014-03-11,1900,2012-05-20,0130,50637,0631,7,5,6,1985,0,0,0,,0,621T1E,"SOLEDAD CANYON RD","LOST CANYON RD",335.00,E,N,A,-,N,,,,,,,,,,Y,1,1,0,1,A,-,01,23152,A,N,E,I,A,A,H,-,C,D,0,,,,,Y,Y,A,01,0,0,0,0,0,0,0,0,0,"- ","- ",,,"LOS ANGELES","SANTA CLARITA",-118.43658848,34.420032710000001
5542193,2012,2014-04-14,1900,2012-04-20,1838,277151,2823,5,5,5,1915,0,0,0,,0,282HEM,"PINE ST","SANTA FE AV",0.00,,Y,A,-,N,,,,,,,,,,Y,1,1,0,2,A,-,09,21801,A,N,D,G,A,A,H,-,A,A,0,,Y,,,Y,Y,A,08,0,0,0,0,0,1,0,0,0,"- ","- ",,,"LOS ANGELES",COMPTON,-118.21670218,33.91144491
5542487,2012,2014-04-11,9590,2012-01-29,0125,020229,,7,3,7,1942,0,1,2,,2,073,"RT 101","GOWER ST",460.00,N,N,A,-,Y,LA,7,101,-,-,7.020,H,-,S,Y,1,1,0,2,A,-,03,22350,,N,C,C,A,A,H,-,C,D,1,,,Y,,Y,Y,C,02,0,0,0,0,0,0,0,1,0,"- ","- ",34.104370000000003,-118.93241,"LOS ANGELES","LOS ANGELES",-118.32426621,34.104377980000002
5542748,2012,2014-04-14,1942,2012-04-13,0400,38897,0659,5,5,7,1942,0,0,0,F,0,6T7,"SUNSET BL","WESTERN AV",183.00,W,N,B,-,N,,,,,,,,,,N,1,1,0,2,A,-,11,21954,A,N,G,B,E,A,H,-,C,D,0,Y,,,,Y,Y,N,60,0,0,0,1,0,0,0,0,0,"- ","- ",,,"LOS ANGELES","LOS ANGELES",-118.30986549000001,34.098081370000003
5543856,2012,2013-10-18,9550,2012-02-24,0218,16761,,5,3,3,1903,0,1,3,,2,091,"RT 91","GRIDLEY RD",730.00,E,N,A,-,Y,LA,7,91,-,R,17.710,H,-,W,Y,3,0,3,3,A,-,03,22350,,N,C,C,A,A,H,-,D,D,1,,,,,Y,Y,A,01,0,2,1,0,0,0,0,0,0,"- ","- ",33.876449999999998,-118.08889000000001,"LOS ANGELES",ARTESIA,-118.08946442,33.876494880000003
5544103,2012,2013-07-27,1942,2012-03-17,0740,39678,1269,6,5,7,1942,0,0,0,L,0,18T23,"STANFORD AV","85TH ST",0.00,,Y,C,-,N,,,,,,,,,,Y,4,0,1,5,A,-,01,23153,A,N,D,C,A,B,H,-,A,D,0,,,,,Y,Y,A,01,0,0,1,0,0,0,0,0,0,"- ","- ",,,"LOS ANGELES","LOS ANGELES",-118.26295220999999,33.961054939999997
5544416,2012,2013-07-22,1912,2012-03-31,0317,12790,,6,5,6,1912,0,0,0,,0,00F,"CLARK AV","BEACHWOOD DR",150.00,E,N,B,-,N,,,,,,,,,,N,4,0,1,2,A,-,01,23152,A,N,C,E,A,A,H,-,C,D,0,,,,,Y,Y,B,07,0,0,1,0,0,0,0,0,0,"- ","- ",34.171939999999999,-118.32222,"LOS ANGELES",BURBANK,-118.32249410999999,34.172110619999998
5544900,2012,2013-08-26,1942,2012-04-05,0415,37143,1963,4,5,7,1942,0,0,0,,0,,"VAN NUYS BL","NOVICE ST",650.00,N,N,A,-,N,,,,,,,,,,Y,4,0,1,3,A,-,01,23152,A,N,B,E,A,A,H,-,C,D,0,,,,,Y,Y,D,22,0,0,1,0,0,0,0,0,0,"- ","- ",,,"LOS ANGELES","LOS ANGELES",-118.45014849,34.245430390000003
5545489,2012,2013-07-22,1942,2012-02-21,1420,32242,952,2,5,7,1942,0,0,0,,0,9A5,"KESTER AV","WEDDINGTON ST",0.00,,Y,B,-,N,,,,,,,,,,Y,3,0,1,2,A,-,09,21801,A,N,A,C,A,A,H,-,A,A,0,,,,,Y,Y,-,"- ",0,1,0,0,0,0,0,0,0,"- ","- ",,,"LOS ANGELES","LOS ANGELES",-118.45746233,34.166664969999999
5546284,2012,2013-08-07,1942,2012-03-23,1740,32410,1018,5,5,7,1942,0,0,0,J,0,1740,"SHERMAN WY","WOODLEY AV",80.00,E,N,B,-,N,,,,,,,,,,N,4,0,2,2,A,-,03,22350,,F,-,C,A,A,H,-,A,A,0,,,,,Y,Y,-,99,0,0,2,0,0,0,0,0,0,"- ","- ",,,"LOS ANGELES","LOS ANGELES",-118.48342812999999,34.201264860000002
5546540,2012,2013-10-04,9525,2012-03-11,0315,19707,,7,3,9,1900,0,1,3,,1,024,"RT 39","MORRIS DAM",4224.00,N,N,A,-,Y,LA,7,39,-,-,20.040,H,-,S,Y,4,0,2,2,A,-,01,23152,A,N,C,E,A,A,H,-,D,D,0,,,,,Y,Y,A,01,0,0,2,0,0,0,0,0,0,"- ","- ",34.184429999999999,-117.87564,"LOS ANGELES",UNINCORPORATED,-117.87414561999999,34.184173219999998
5547287,2012,2013-10-18,9525,2012-02-02,0235,18505,,4,3,5,1990,0,1,3,,2,574,"RT 57","PATHFINDER RD",528.00,S,N,A,-,Y,LA,7,57,-,R,3.070,H,-,N,Y,4,0,1,2,A,-,01,23152,A,N,C,C,A,A,H,-,D,D,1,,,,,Y,Y,A,07,0,0,1,0,0,0,0,0,0,"- ","- ",33.97869,-117.84159,"LOS ANGELES","DIAMOND BAR",-117.84190206,33.981964900000001
5547973,2012,2013-08-12,1900,2012-04-01,0802,508752,1127,7,5,6,1992,0,0,0,,0,111AEM,"32ND ST WEST","AVENUE J-4",0.00,,Y,A,-,N,,,,,,,,,,Y,2,0,1,1,A,-,01,23152,A,N,E,I,A,A,H,-,C,A,0,,,,,Y,Y,A,,1,0,0,0,0,0,0,0,0,"- ","- ",,,"LOS ANGELES",LANCASTER,-118.18818228000001,34.685794999999999
5548859,2012,2014-01-16,9590,2012-04-14,0110,19110,,6,3,7,1942,0,1,1,,2,501,"RT 110","FLORENCE AV",250.00,N,N,A,-,Y,LA,7,110,-,-,17.050,H,-,S,Y,3,0,2,2,A,-,01,23152,A,N,D,C,A,A,H,-,C,D,1,,,,,Y,Y,A,01,0,1,1,0,0,0,0,0,0,"- ","- ",33.978149999999999,-118.28106,"LOS ANGELES","LOS ANGELES",-118.28106213,33.976076749999997
5549992,2012,2013-08-06,1942,2012-03-21,1935,32642,1526,3,5,7,1942,0,0,0,O,0,,"OXNARD ST","LANKERSHIM BL",0.00,,Y,A,-,N,,,,,,,,,,N,4,0,1,2,A,-,"- ",,,F,C,C,A,A,H,-,A,A,0,,,,,Y,Y,-,"- ",0,0,1,0,0,0,0,0,0,"- ","- ",,,"LOS ANGELES","LOS ANGELES",-118.38343227999999,34.179414950000002
5550540,2012,2013-09-27,9550,2012-03-24,0255,20226,1,6,3,5,1935,0,3,5,,2,001,"RT 605","CARSON ST",70.00,N,N,A,-,Y,LA,7,605,-,R,1.955,R,2,S,Y,3,0,1,1,A,-,01,23152,A,M,E,I,A,A,H,-,C,D,1,,,,,Y,Y,D,22,0,1,0,0,0,0,0,0,0,"- ","- ",,,"LOS ANGELES",LAKEWOOD,-118.08649208999999,33.835444870000003
5551556,2012,2013-06-17,1942,2012-01-01,0535,30452,1693,7,5,7,1942,0,0,0,P,0,9TL53,"VANTAGE AV","SATICOY ST",8.00,N,N,A,-,N,,,,,,,,,,Y,3,0,1,1,A,-,01,23152,A,N,E,I,A,A,H,-,D,D,0,,,,,Y,Y,A,01,0,1,0,0,0,0,0,0,0,"- ","- ",,,"LOS ANGELES","LOS ANGELES",,
5553215,2012,2013-10-29,9580,2012-03-10,2137,16523,,6,2,7,1942,0,1,3,,2,170,"RT 170","BRANDFORD ST",600.00,S,N,A,-,Y,LA,7,5,-,-,36.650,H,-,N,Y,4,0,2,1,A,-,01,23152,A,N,F,C,A,A,H,-,D,D,0,,,,,Y,Y,A,07,0,0,2,0,0,0,0,0,0,TO,"- ",34.232959999999999,-118.40963000000001,"LOS ANGELES","LOS ANGELES",-118.41251852000001,34.235711129999999
5553806,2012,2013-07-23,1942,2012-03-20,2225,36733,1754,2,5,7,1942,0,0,0,Q,0,17A49,"DEVONSHIRE ST","ETIWANDA AV",50.00,E,N,A,-,N,,,,,,,,,,Y,4,0,1,2,A,-,01,23152,A,N,C,C,A,A,H,-,C,A,0,,,,,Y,Y,D,22,0,0,1,0,0,0,0,0,0,"- ","- ",,,"LOS ANGELES","LOS ANGELES",-118.53156706999999,34.257254860000003
5554286,2012,2013-08-14,1942,2012-04-01,0030,34818,1444,7,5,7,1942,0,0,0,N,0,14A73,"VENICE BL","ABBOTT KINNEY",10.00,W,N,A,-,N,,,,,,,,,,Y,3,0,2,4,A,-,01,23152,A,N,C,C,A,A,H,-,C,D,0,,,,,Y,Y,D,22,0,1,1,0,0,0,0,0,0,"- ","- ",,,"LOS ANGELES","LOS ANGELES",-118.46261957999999,33.989109569999997
5554553,2012,2013-07-27,1976,2012-03-17,2320,465,,6,5,3,1964,0,0,0,,0,,"LOS NIETOS RD","SANTA FE SPRINGS RD",145.00,E,N,C,-,N,,,,,,,,,,Y,3,0,1,4,A,-,01,23152,A,M,B,C,A,B,H,-,C,D,0,,,,,Y,Y,D,22,0,1,0,0,0,0,0,0,0,"- ","- ",,,"LOS ANGELES","SANTA FE SPRINGS",-118.05975307999999,33.949433620000001