CASE_ID,ACCIDENT_YEAR,PROC_DATE,JURIS,COLLISION_DATE,COLLISION_TIME,OFFICER_ID,REPORTING_DISTRICT,DAY_OF_WEEK,CHP_SHIFT,POPULATION,CNTY_CITY_LOC,SPECIAL_COND,BEAT_TYPE,CHP_BEAT_TYPE,CITY_DIVISION_LAPD,CHP_BEAT_CLASS,BEAT_NUMBER,PRIMARY_RD,SECONDARY_RD,DISTANCE,DIRECTION,INTERSECTION,WEATHER_1,WEATHER_2,STATE_HWY_IND,CALTRANS_COUNTY,CALTRANS_DISTRICT,STATE_ROUTE,ROUTE_SUFFIX,POSTMILE_PREFIX,POSTMILE,LOCATION_TYPE,RAMP_INTERSECTION,SIDE_OF_HWY,TOW_AWAY,COLLISION_SEVERITY,NUMBER_KILLED,NUMBER_INJURED,PARTY_COUNT,PRIMARY_COLL_FACTOR,PCF_CODE_OF_VIOL,PCF_VIOL_CATEGORY,PCF_VIOLATION,PCF_VIOL_SUBSECTION,HIT_AND_RUN,TYPE_OF_COLLISION,MVIW,PED_ACTION,ROAD_SURFACE,ROAD_COND_1,ROAD_COND_2,LIGHTING,CONTROL_DEVICE,CHP_ROAD_TYPE,PEDESTRIAN_ACCIDENT,BICYCLE_ACCIDENT,MOTORCYCLE_ACCIDENT,TRUCK_ACCIDENT,NOT_PRIVATE_PROPERTY,ALCOHOL_INVOLVED,STWD_VEHTYPE_AT_FAULT,CHP_VEHTYPE_AT_FAULT,COUNT_SEVERE_INJ,COUNT_VISIBLE_INJ,COUNT_COMPLAINT_PAIN,COUNT_PED_KILLED,COUNT_PED_INJURED,COUNT_BICYCLIST_KILLED,COUNT_BICYCLIST_INJURED,COUNT_MC_KILLED,COUNT_MC_INJURED,PRIMARY_RAMP,SECONDARY_RAMP,LATITUDE,LONGITUDE,COUNTY,CITY,POINT_X,POINT_Y
6186866,2013,2014-10-14,1942,2013-08-22,2250,40705,0393,4,5,7,1942,0,0,0,C,0,3T5,"CRENSHAW BL","STOCKER ST",205.00,S,N,A,-,N,,,,,,,,,,Y,4,0,2,2,A,-,"- ",,,N,B,C,A,A,H,-,A,D,0,,,,,Y,Y,A,01,0,0,2,0,0,0,0,0,0,"- ","- ",,,"LOS ANGELES","LOS ANGELES",-118.3350765,34.0079049
6188395,2013,2014-03-20,9590,2013-08-05,2103,19944,,1,2,7,1942,0,1,1,,2,065,"RT 10","SANTA FE AV",50.00,E,N,A,-,Y,LA,7,10,-,-,17.720,H,-,W,Y,3,0,1,1,A,-,01,23152,A,N,E,I,A,A,H,-,C,D,1,,,,,Y,Y,A,08,0,1,0,0,0,0,0,0,0,"- ","- ",34.028489999999998,-118.22974000000001,"LOS ANGELES","LOS ANGELES",-118.2304707,34.028300600000001
6189113,2013,2014-04-05,1942,2013-08-16,2200,35945,2021,5,5,7,1942,0,0,0,,0,20T59,"WILSHIRE BL","IRVINE BL",0.00,,Y,A,-,N,,,,,,,,,,Y,3,0,4,2,A,-,01,23152,A,N,A,C,A,A,H,-,C,D,0,,,,,Y,Y,A,01,0,3,1,0,0,0,0,0,0,"- ","- ",,,"LOS ANGELES","LOS ANGELES",-118.31853,34.061720000000001
6190174,2013,2014-03-20,1900,2013-08-21,0558,290645,1413,3,5,1,1932,0,0,0,,0,141T2,"TURNBULL CANYON RD","PROCTOR AV",0.00,,Y,A,-,N,,,,,,,,,,Y,3,0,3,2,A,-,01,23152,A,N,D,C,A,A,H,-,B,A,0,,,,,Y,Y,A,01,0,2,1,0,0,0,0,0,0,"- ","- ",,,"LOS ANGELES",INDUSTRY,-117.96713219999999,34.024764900000001
6190681,2013,2014-03-21,1907,2013-08-22,0000,231,2,4,5,4,1907,0,0,0,,0,,"GAGE AV","ALAMO AV",23.00,W,N,A,-,N,,,,,,,,,,Y,2,0,2,2,A,-,03,22350,,N,A,C,A,A,H,-,C,D,0,,,,,Y,Y,-,"- ",1,1,0,0,0,0,0,0,0,"- ","- ",,,"LOS ANGELES",BELL,-118.17580719999999,33.976823099999997
6191536,2013,2014-03-18,1907,2013-07-27,0222,229,1,6,5,4,1907,0,0,0,,0,,"FLORENCE AV","ATLANTIC AV",0.00,,Y,A,-,N,,,,,,,,,,Y,4,0,1,3,A,-,01,23152,A,N,D,C,A,A,H,-,D,A,0,,,,,Y,Y,A,01,0,0,1,0,0,0,0,0,0,"- ","- ",,,"LOS ANGELES",BELL,-118.1881822,33.970374900000003
6193157,2013,2014-03-17,1946,2013-07-05,2046,PU1,,5,5,4,1946,0,0,0,,0,002,"PECK RD","LIVE OAK",195.00,S,N,A,-,N,,,,,,,,,,Y,2,0,1,1,A,-,08,22107,,N,A,I,A,A,H,-,C,D,0,,,,,Y,Y,A,01,1,0,0,0,0,0,0,0,0,"- ","- ",,,"LOS ANGELES",MONROVIA,-118.0049161,34.110657000000003
6193348,2013,2014-04-02,9590,2013-08-11,2005,20462,,7,2,7,1942,0,1,1,,2,063,"RT 10","RT 110",350.00,W,N,A,-,Y,LA,7,10,-,-,14.730,H,-,W,Y,3,0,1,2,A,-,07,21658,A,N,B,C,A,A,H,-,B,D,1,,,Y,,Y,Y,-,"- ",0,1,0,0,0,0,0,0,1,"- ","- ",34.038249999999998,-118.27596,"LOS ANGELES","LOS ANGELES",-118.277559,34.038294200000003
6193374,2013,2014-04-08,9590,2013-09-02,2020,19379,,1,2,7,1942,0,1,1,,2,064,"RT 10","CENTRAL AV",400.00,W,N,A,-,Y,LA,7,10,-,-,16.420,H,-,E,Y,4,0,3,2,A,-,01,23152,A,N,C,C,A,A,H,-,D,D,1,,,,,Y,Y,A,01,0,0,3,0,0,0,0,0,0,"- ","- ",34.02525,-118.24843,"LOS ANGELES","LOS ANGELES",-118.24955370000001,34.025963400000002
6195167,2013,2014-04-07,1941,2013-08-30,1620,5615,,5,5,7,1941,0,0,0,,0,,"ARTESIA BL","RT 710",0.00,,Y,A,-,N,,,,,,,,,,Y,4,0,1,2,A,-,05,21651,B,M,D,C,A,A,H,-,A,D,0,,,,,Y,Y,A,,0,0,1,0,0,0,0,0,0,"- ","- ",,,"LOS ANGELES","LONG BEACH",-118.1935222,33.874294900000002
6195209,2013,2014-03-26,1956,2013-08-31,1359,1268,54,6,5,5,1956,0,0,0,,0,005,"ARTESIA BL","FELTON LN",0.00,,Y,A,-,N,,,,,,,,,,Y,4,0,1,2,A,-,01,23153,A,F,D,C,A,A,H,-,A,A,0,,,,,Y,Y,A,07,0,0,1,0,0,0,0,0,0,"- ","- ",,,"LOS ANGELES","REDONDO BEACH",-118.36437220000001,33.872914899999998
6195224,2013,2014-03-26,1900,2013-08-17,0054,539652,1135,6,5,6,1992,0,0,0,,0,112T2,"AVE I","PRICE LN",380.00,E,N,A,-,N,,,,,,,,,,Y,2,0,1,2,A,-,01,23152,A,N,C,C,A,A,H,-,C,D,0,,,Y,,Y,Y,C,02,1,0,0,0,0,0,0,0,1,"- ","- ",,,"LOS ANGELES",LANCASTER,-118.0922308,34.704272400000001
6197101,2013,2014-04-07,1942,2013-09-07,0030,39281,1713,6,5,7,1942,0,0,0,Q,0,15T45,"AMIGO AV","DAISY PL",113.00,S,N,A,-,N,,,,,,,,,,Y,3,0,1,3,A,-,01,23152,A,N,B,E,A,A,H,-,C,D,0,,,,,Y,Y,A,01,0,1,0,0,0,0,0,0,0,"- ","- ",,,"LOS ANGELES","LOS ANGELES",-118.5394857,34.277416799999997
6199808,2013,2014-04-07,1920,2013-09-08,0058,11992,,7,5,6,1920,0,0,0,,0,006,"ALAMEDA ST","MARBEL AV",40.00,W,N,A,-,N,,,,,,,,,,Y,3,0,1,1,A,-,01,23152,A,N,E,I,A,A,H,-,D,D,0,,,,,Y,Y,A,,0,1,0,0,0,0,0,0,0,"- ","- ",,,"LOS ANGELES",DOWNEY,-118.13394529999999,33.924140899999998
6200652,2012,2014-01-10,9565,2012-12-22,0218,20301,,6,3,5,1928,0,1,1,,2,060,"RT 405","ROSECRANS AV",30.00,N,N,A,-,Y,LA,7,405,-,-,19.220,H,-,S,Y,3,0,2,2,A,-,01,23152,A,N,-,C,A,A,H,-,C,D,1,,,,,Y,Y,A,01,0,1,1,0,0,0,0,0,0,"- ","- ",39.901510000000002,-118.37050000000001,"LOS ANGELES",HAWTHORNE,-118.37057136999999,33.903622660000003
6209869,2013,2014-04-08,1975,2013-09-06,1929,409,,5,5,6,1975,0,0,0,,0,001,"WORKMAN AV","VINCENT AV",5.00,E,N,A,-,N,,,,,,,,,,Y,4,0,1,2,A,-,01,23152,A,F,B,C,A,A,H,-,A,A,0,,,,,Y,Y,-,"- ",0,0,1,0,0,0,0,0,0,"- ","- ",,,"LOS ANGELES","WEST COVINA",-117.9263357,34.075514900000002
6210731,2013,2014-04-12,1942,2013-09-24,0040,40643,2177,2,5,7,1942,0,0,0,,0,21T65,"KELVIN AV","WALLIS LN",200.00,S,N,A,-,N,,,,,,,,,,N,4,0,1,2,A,-,01,23152,A,N,A,E,A,A,H,-,C,D,0,,,,,Y,Y,A,01,0,0,1,0,0,0,0,0,0,"- ","- ",,,"LOS ANGELES","LOS ANGELES",-118.5840954,34.176311300000002
6212013,2013,2014-04-04,1900,2013-08-18,0416,526304,1510,7,5,5,1954,0,0,0,,0,151K3,"PINE ST","BEVERLY PARK PL",0.00,,Y,A,-,N,,,,,,,,,,Y,4,0,1,3,A,-,01,23152,A,N,D,E,A,A,H,-,C,D,0,,,,,Y,Y,A,,0,0,1,0,0,0,0,0,0,"- ","- ",,,"LOS ANGELES","PICO RIVERA",-118.08946229999999,34.011674900000003
6212443,2013,2014-04-04,1942,2013-09-04,1710,41160,2062,3,5,7,1942,0,0,0,,0,20A88,"ARLINGTON AV","COUNTRY CLUB DR",0.00,,Y,A,-,N,,,,,,,,,,Y,3,0,2,2,A,-,01,23152,A,N,D,C,A,A,H,-,A,A,0,,,,,Y,Y,A,01,0,1,1,0,0,0,0,0,0,"- ","- ",,,"LOS ANGELES","LOS ANGELES",-118.3162823,34.050255
6214438,2013,2014-04-02,1969,2013-08-31,2353,10068,PATRO,6,5,5,1969,0,0,0,,0,001,"OHIO AV","TRUBA AV",135.00,W,N,A,-,N,,,,,,,,,,Y,4,0,2,4,A,-,01,23152,A,N,C,E,A,A,H,-,C,D,0,,,,,Y,Y,A,01,0,0,2,0,0,0,0,0,0,"- ","- ",,,"LOS ANGELES","SOUTH GATE",-118.22520280000001,33.950392299999997
6215288,2013,2014-04-10,1905,2013-09-15,0215,1144,9999,7,5,4,1905,0,0,0,,0,071,"S CITRUS AV","GLADSTONE ST",310.00,N,N,A,-,N,,,,,,,,,,Y,3,0,1,1,A,-,01,23152,,N,E,I,A,A,H,-,C,A,0,,,,,Y,Y,A,01,0,1,0,0,0,0,0,0,0,"- ","- ",,,"LOS ANGELES",AZUSA,-117.89023210000001,34.115014600000002
6217823,2013,2014-07-08,1942,2013-09-15,1559,00001,,7,5,7,1942,0,0,0,,0,,"KESTER AV","BURBANK BL",20.00,S,N,A,-,Y,,,,,,,,,,Y,3,0,1,1,A,-,03,22350,,N,E,I,A,A,H,-,A,A,0,,,,,Y,Y,A,01,0,1,0,0,0,0,0,0,0,"- ","- ",34.17192,-118.45726000000001,"LOS ANGELES","LOS ANGELES",-118.4574525,34.172040000000003
6219157,2013,2014-04-12,1942,2013-09-27,2030,40515,0377,5,5,7,1942,0,0,0,C,0,3T5,"MARTIN LUTHER KING",BUDLONG,0.00,,Y,A,-,N,,,,,,,,,,N,4,0,1,2,A,-,09,21801,A,F,D,C,A,A,H,-,C,A,0,,,,,Y,Y,-,99,0,0,1,0,0,0,0,0,0,"- ","- ",,,"LOS ANGELES","LOS ANGELES",-118.2959322,34.010864900000001
6221080,2013,2014-04-15,1948,2013-09-23,0234,442,1948,1,5,5,1948,0,0,0,,0,002,"HELLMAN AV","RURAL AV",90.00,E,N,A,-,N,,,,,,,,,,Y,4,0,1,3,A,-,01,23152,A,N,B,E,A,A,H,-,C,D,0,,,,,Y,Y,-,"- ",0,0,1,0,0,0,0,0,0,"- ","- ",,,"LOS ANGELES","MONTEREY PARK",-118.1138756,34.069847600000003
6222757,2013,2014-04-23,1969,2013-09-17,0009,10164,PATRO,2,5,5,1969,0,0,0,,0,002,"POPLAR PL","BEECHWOOD AV",162.00,W,N,A,-,N,,,,,,,,,,Y,3,0,2,4,A,-,01,23152,A,N,B,C,A,A,H,-,C,D,0,,,,,Y,Y,A,01,0,1,1,0,0,0,0,0,0,"- ","- ",,,"LOS ANGELES","SOUTH GATE",-118.2213215,33.960507999999997
6223946,2013,2014-04-22,9535,2013-08-26,0254,20033,,1,3,5,1969,0,1,1,,2,074,"RT 710","IMPERIAL HWY",58.00,S,N,A,-,Y,LA,7,710,-,-,16.862,R,2,N,Y,3,0,1,1,A,-,01,23152,A,N,E,J,A,A,H,-,C,D,1,,,,,Y,Y,A,08,0,1,0,0,0,0,0,0,0,NF,"- ",33.930599999999998,-118.17841,"LOS ANGELES","SOUTH GATE",-118.1787018,33.928985500000003
6227276,2013,2014-04-09,1942,2013-09-12,2150,3751,0738,4,5,7,1942,0,0,0,G,0,7T23,6TH,HIGHLAND,0.00,,Y,A,-,N,,,,,,,,,,Y,3,0,1,2,A,-,09,21801,A,N,D,C,A,A,H,-,C,A,0,,,,,Y,Y,A,01,0,1,0,0,0,0,0,0,0,"- ","- ",,,"LOS ANGELES","LOS ANGELES",-118.3386623,34.064924900000001
6227901,2013,2014-04-08,1942,2013-09-16,2130,38202,2011,1,5,7,1942,0,0,0,,0,6T7,"WESTERN AV",BEVERLY,50.00,S,N,A,-,N,,,,,,,,,,Y,4,0,2,2,A,-,01,23152,A,N,C,C,A,A,H,-,C,D,0,,,,,Y,Y,A,07,0,0,2,0,0,0,0,0,0,"- ","- ",,,"LOS ANGELES","LOS ANGELES",-118.3091805,34.076117699999998
6228205,2013,2014-04-08,1942,2013-09-28,0925,38471,1621,6,5,7,1942,0,0,0,P,0,17TL15,"VAN NUYS BL","LAUREL CANYON BL",189.00,E,N,A,-,N,,,,,,,,,,Y,4,0,1,2,A,-,01,23152,A,N,C,C,A,A,H,-,A,A,0,,,,,Y,Y,A,01,0,0,1,0,0,0,0,0,0,"- ","- ",,,"LOS ANGELES","LOS ANGELES",-118.4316656,34.259109700000003
6228703,2013,2014-05-01,1900,2013-09-25,1937,475344,1615,3,5,5,1977,0,0,0,,0,164T1,"CENTRAL AV","UNIVERSITY DR",0.00,,Y,A,-,N,,,,,,,,,,N,4,0,1,2,A,-,09,21801,A,N,D,C,A,A,H,-,C,A,0,,,,,Y,Y,A,01,0,0,1,0,0,0,0,0,0,"- ","- ",,,"LOS ANGELES",CARSON,-118.2486522,33.857754800000002
6230158,2013,2014-04-12,1976,2013-09-25,1441,268,,3,5,5,1976,0,0,0,,0,003,"WHITTIER BL","CATALINA AV",27.00,W,N,A,-,Y,LA,7,72,-,-,2.620,H,-,N,Y,4,0,1,3,A,-,01,23152,A,N,C,C,A,A,H,-,A,A,0,,,,,Y,Y,A,07,0,0,1,0,0,0,0,0,0,"- ","- ",,,"LOS ANGELES",WHITTIER,-118.0178844,33.954675999999999
6232205,2013,2014-04-21,1928,2013-09-25,1605,310,H513,3,5,5,1928,0,0,0,,0,0H4,"HAWTHORN BL","134TH ST",0.00,,Y,A,-,N,,,,,,,,,,Y,4,0,2,2,A,-,09,21802,A,N,D,D,A,A,H,-,A,A,0,,,,,Y,Y,A,01,0,0,2,0,0,0,0,0,0,"- ","- ",,,"LOS ANGELES",HAWTHORNE,-118.35275,33.910829999999997
6234758,2013,2014-04-17,1942,2013-10-06,0430,39095,1602,7,5,7,1942,0,0,0,P,0,16A11,"DRONFIELD AV","LOUVRE ST",30.00,S,N,A,-,N,,,,,,,,,,N,3,0,2,2,A,-,01,23152,A,N,C,E,A,A,H,-,D,D,0,,,,,Y,Y,A,08,0,2,0,0,0,0,0,0,0,"- ","- ",,,"LOS ANGELES","LOS ANGELES",-118.40885590000001,34.2819638
6235547,2013,2014-04-15,1942,2013-09-11,2310,40545,0204,3,5,7,1942,0,0,0,B,0,2T15,"SUNSET BL","GOLDEN GATE AV",9.00,W,N,A,-,N,,,,,,,,,,N,3,0,2,2,A,-,03,22350,,N,G,B,B,A,H,-,C,D,0,Y,,Y,,Y,Y,C,02,0,1,1,0,1,0,0,0,1,"- ","- ",,,"LOS ANGELES","LOS ANGELES",-118.2764119,34.088678199999997
6235949,2013,2014-04-16,9535,2013-09-15,0330,20416,,7,3,6,1922,0,1,1,,2,400,"RT 10","BALDWIN AV",300.00,W,N,A,-,Y,LA,7,10,-,-,27.900,H,-,E,N,3,0,1,2,A,-,01,23152,A,F,B,C,A,A,H,-,D,D,0,,,,,Y,Y,A,07,0,1,0,0,0,0,0,0,0,"- ","- ",34.072389999999999,-118.05749,"LOS ANGELES","EL MONTE",-118.05351659999999,34.072292300000001
6236411,2013,2014-04-19,9535,2013-09-20,2345,20028,,5,3,5,1943,0,1,1,,2,104,"RT 710","RT 105",120.00,N,N,A,-,Y,LA,7,710,-,R,15.899,R,2,N,Y,4,0,1,2,A,-,01,23152,A,N,E,I,A,A,H,-,C,B,1,,,,,Y,Y,A,01,0,0,1,0,0,0,0,0,0,"- ","- ",33.914290000000001,-118.17887,"LOS ANGELES",LYNWOOD,-118.1787947,33.918513500000003
6236479,2013,2014-04-19,1920,2013-09-21,0214,11992,,6,5,6,1920,0,0,0,,0,004,"FIRESTONE BL","PANGBORN AV",0.00,,Y,A,-,Y,,,,,,,,,,Y,3,0,2,2,A,-,01,23152,A,N,D,C,A,B,H,-,C,D,0,,,,,Y,Y,A,,0,1,1,0,0,0,0,0,0,"- ","- ",,,"LOS ANGELES",DOWNEY,-118.1139822,33.930504999999997
6239154,2013,2014-04-18,1942,2013-10-06,1930,39062,1133,7,5,7,1942,0,0,0,K,0,1T11,"GLENDALE BL","GARDEN AV",0.00,,Y,A,-,Y,,,,,,,,,,N,3,0,2,3,A,-,01,23152,A,N,D,C,A,A,H,-,C,D,0,,,,,Y,Y,A,07,0,1,1,0,0,0,0,0,0,"- ","- ",,,"LOS ANGELES","LOS ANGELES",-118.2613222,34.117674899999997
6239685,2013,2014-04-15,1942,2013-09-12,2010,38380,1472,4,5,7,1942,0,0,0,N,0,14T47,"JEFFERSON BL","CULVER BL",65.00,E,N,A,-,N,,,,,,,,,,Y,3,0,1,1,A,-,01,23152,A,N,E,I,A,A,H,-,C,A,0,,,Y,,Y,Y,C,06,0,1,0,0,0,0,0,0,1,"- ","- ",,,"LOS ANGELES","LOS ANGELES",-118.43971620000001,33.967536199999998
6239771,2013,2014-04-21,1942,2013-10-04,2125,36565,1969,5,5,7,1942,0,0,0,,0,15T45,"PIERCE ST","STANWIN AV",100.00,W,N,G,-,N,,,,,,,,,,Y,3,0,1,1,A,-,01,23152,,N,E,I,A,A,H,-,C,D,0,,,,,Y,Y,A,01,0,1,0,0,0,0,0,0,0,"- ","- ",,,"LOS ANGELES","LOS ANGELES",-118.4366661,34.250189900000002
6244073,2013,2014-04-24,1922,2013-10-07,0701,632,,1,5,6,1922,0,0,0,,0,003,"PECK RD","GARVEY AV",0.00,,Y,A,-,N,,,,,,,,,,Y,2,0,1,2,A,-,12,21453,A,F,D,C,A,A,H,-,A,A,0,,,,Y,Y,Y,G,25,1,0,0,0,0,0,0,0,0,"- ","- ",,,"LOS ANGELES","EL MONTE",-118.0305522,34.062824999999997
6244938,2013,2014-04-23,1942,2013-10-09,1930,39477,1655,3,5,7,1942,0,0,0,P,0,10T37,"SUNLAND BL","WORNOM AV",0.00,,Y,A,-,N,,,,,,,,,,Y,3,0,3,2,A,-,09,21802,A,N,D,C,A,B,H,-,C,A,0,,,Y,,Y,Y,D,22,0,2,1,0,0,0,0,0,1,"- ","- ",,,"LOS ANGELES","LOS ANGELES",-118.3519323,34.247264899999998
6245181,2013,2014-04-19,1942,2013-10-13,1220,38471,0939,7,5,7,1942,0,0,0,I,0,9TL52,"OXNARD ST","FULTON AV",0.00,,Y,A,-,N,,,,,,,,,,Y,4,0,1,4,A,-,12,21453,A,N,A,C,A,A,-,-,A,A,0,,,,,Y,Y,A,01,0,0,1,0,0,0,0,0,0,"- ","- ",,,"LOS ANGELES","LOS ANGELES",-118.4225423,34.179385000000003
6246587,2013,2014-04-21,1942,2013-10-13,1650,38314,1779,7,5,7,1942,0,0,0,Q,0,35Q83,"PLUMMER ST","AQUEDUCT AV",0.00,,Y,A,-,N,,,,,,,,,,Y,4,0,1,2,A,-,01,23152,A,F,B,C,A,A,H,-,A,A,0,,,,,Y,Y,A,01,0,0,1,0,0,0,0,0,0,"- ","- ",,,"LOS ANGELES","LOS ANGELES",-118.4740424,34.242824900000002
6247225,2013,2014-12-01,1942,2013-10-10,0150,40643,2126,4,5,7,1942,0,0,0,,0,10T35,"LOMA VERDE AV","INGOMAR ST",320.00,S,N,A,-,N,,,,,,,,,,Y,3,0,1,2,A,-,01,23152,A,N,C,E,A,A,H,-,D,D,0,,,,,Y,Y,D,22,0,1,0,0,0,0,0,0,0,"- ","- ",,,"LOS ANGELES","LOS ANGELES",-118.58964229999999,34.211057099999998
6247367,2013,2014-04-14,1942,2013-09-14,0535,36083,0626,6,5,7,1942,0,0,0,F,0,7TL23,"DEEP DELL PL","HOLLY DR",300.00,E,N,A,-,N,,,,,,,,,,Y,3,0,1,2,A,-,01,23152,A,N,A,E,A,A,H,-,-,D,0,,,,,Y,Y,A,01,0,1,0,0,0,0,0,0,0,"- ","- ",,,"LOS ANGELES","LOS ANGELES",-118.3308157,34.115143099999997
6247692,2013,2014-04-19,1920,2013-10-13,0224,12035,,7,5,6,1920,0,0,0,,0,001,"BELLFLOWER BL","FOSTER RD",47.00,N,N,A,-,N,,,,,,,,,,Y,3,0,6,2,A,-,01,23153,A,N,C,C,A,A,H,-,C,A,0,,,,,Y,Y,A,,0,3,3,0,0,0,0,0,0,"- ","- ",,,"LOS ANGELES",DOWNEY,-118.1253847,33.909873699999999
6247815,2013,2014-04-17,1942,2013-10-02,1500,27595,1936,3,5,7,1942,0,0,0,,0,35M45,"LAUREL CANYON","HUBBARD ST",525.00,S,N,A,-,N,,,,,,,,,,Y,4,0,1,1,A,-,03,22350,,N,E,I,A,A,H,-,A,D,0,,,,,Y,Y,A,08,0,0,1,0,0,0,0,0,0,"- ","- ",,,"LOS ANGELES","LOS ANGELES",-118.4570312,34.282928900000002
6248188,2013,2014-07-02,1942,2013-10-19,2225,38471,1763,6,5,7,1942,0,0,0,Q,0,9TL52W,"CORBIN AV","LASSEN ST",16.00,S,N,A,-,N,,,,,,,,,,Y,4,0,3,2,A,-,12,21453,A,M,E,I,A,A,H,-,C,A,0,,,,,Y,Y,-,99,0,0,3,0,0,0,0,0,0,"- ","- ",,,"LOS ANGELES","LOS ANGELES",-118.56233229999999,34.249941
6249038,2013,2014-04-22,1902,2013-10-22,1711,699,25,2,5,5,1902,0,0,0,,0,002,"EL MONTE AV","LE ROY AV",0.00,,Y,A,-,N,,,,,,,,,,Y,4,0,1,2,A,-,08,22107,,N,D,C,A,A,H,-,A,A,0,,,,,Y,Y,A,01,0,0,1,0,0,0,0,0,0,"- ","- ",,,"LOS ANGELES",ARCADIA,-118.0386323,34.125624899999998
6253333,2013,2014-04-23,1942,2013-10-09,1745,37731,0509,3,5,7,1942,0,0,0,E,0,5T25,"LOMITA BL","WESTERN AV",125.00,E,N,B,-,N,,,,,,,,,,Y,4,0,1,3,A,-,01,23153,A,N,D,C,A,B,H,-,A,D,0,,,,,Y,Y,A,01,0,0,1,0,0,0,0,0,0,"- ","- ",,,"LOS ANGELES","LOS ANGELES",-118.30725150000001,33.7978241
6254091,2013,2014-04-24,1942,2013-10-19,0115,39009,1785,6,5,7,1942,0,0,0,Q,0,19T73,"RESEDA BL","DEARBORN ST",0.00,,N,A,-,N,,,,,,,,,,Y,3,0,1,4,A,-,01,23152,A,N,A,E,A,A,H,-,C,D,0,,,,,Y,Y,D,22,0,1,0,0,0,0,0,0,0,"- ","- ",,,"LOS ANGELES","LOS ANGELES",-118.5361024,34.237304899999998
6254294,2013,2014-04-23,9590,2013-10-20,0905,19134,,7,1,7,1942,0,1,1,,2,084,"RT 5","LOS FELIZ BL",800.00,N,N,A,-,Y,LA,7,5,-,-,24.480,H,-,N,Y,3,0,1,2,A,-,03,22350,,N,C,C,A,A,H,-,A,D,1,,,,Y,Y,Y,A,01,0,1,0,0,0,0,0,0,0,"- ","- ",34.146140000000003,-118.27873,"LOS ANGELES","LOS ANGELES",-118.271753,34.121882100000001
6256084,2013,2014-04-14,1942,2013-09-20,0913,25481,0775,5,5,7,1942,0,0,0,G,0,14MQ75,"HIGHLAND AV","SAINT ELMO DR",0.00,,Y,A,-,N,,,,,,,,,,Y,4,0,1,2,A,-,01,23152,A,N,D,C,A,A,H,-,A,A,0,,,,,Y,Y,A,01,0,0,1,0,0,0,0,0,0,"- ","- ",,,"LOS ANGELES","LOS ANGELES",-118.34497229999999,34.043894899999998
6258876,2013,2014-04-29,1925,2013-10-11,2257,24247,197,5,5,6,1925,0,0,0,,0,001,"SAN FERNANDO RD","GRANDVIEW AV",234.00,W,N,A,-,N,,,,,,,,,,Y,2,0,3,3,A,-,01,23152,A,N,A,C,A,A,D,E,C,D,0,,,,,Y,Y,A,,2,0,1,0,0,0,0,0,0,"- ","- ",,,"LOS ANGELES",GLENDALE,-118.28309470000001,34.162144599999998
6258891,2013,2014-04-26,9580,2013-10-06,0400,20119,,7,3,7,1942,0,1,2,,2,101,"RT 101","LOS ANGELES RV",2640.00,N,N,A,-,Y,LA,7,101,-,-,11.360,H,-,S,Y,4,0,1,2,A,-,01,23152,A,N,C,C,A,A,H,-,D,D,1,,,,,Y,Y,A,01,0,0,1,0,0,0,0,0,0,"- ","- ",34.154220000000002,-118.36512999999999,"LOS ANGELES","LOS ANGELES",-118.3739997,34.149772800000001
6260277,2013,2014-04-26,1942,2013-10-20,2000,40102,0899,7,5,7,1942,0,0,0,H,0,617,"LA CIENEGA BL","VENICE BL",0.00,,Y,A,-,N,,,,,,,,,,N,4,0,1,2,A,-,14,21201,D,F,H,G,A,A,H,-,C,A,0,,Y,,,Y,Y,L,04,0,0,1,0,0,0,1,0,0,"- ","- ",,,"LOS ANGELES","LOS ANGELES",-118.3779823,34.035094899999997
6260455,2013,2014-04-28,9525,2013-10-13,2130,20410,,7,2,9,1900,0,3,5,,2,003,"VALINDA AV","FELLOWSHIP ST",300.00,N,N,A,-,N,,,,,,,,,,N,3,0,1,1,A,-,01,21200,5,N,F,A,A,A,H,-,D,D,0,,Y,,,Y,Y,L,04,0,1,0,0,0,0,1,0,0,"- ","- ",34.046309999999998,-117.92577,"LOS ANGELES",UNINCORPORATED,-117.9257027,34.046557300000003
6261602,2013,2014-04-28,1942,2013-10-05,1940,40515,1842,6,5,7,1942,0,0,0,R,0,3T8,"IMPERIAL HWY",BROADWAY,0.00,,Y,A,-,Y,,,,,,,,,,Y,3,0,4,2,A,-,01,23152,A,N,D,C,A,A,H,-,C,A,0,,,,,Y,Y,A,01,0,2,2,0,0,0,0,0,0,"- ","- ",,,"LOS ANGELES","LOS ANGELES",-118.27850220000001,33.930974900000002
6262763,2013,2014-04-15,1900,2013-09-01,0020,504706,0977,7,5,4,1979,0,0,0,,0,93TL,"SANTA MONICA BL","PALM AV",20.00,W,N,A,-,N,,,,,,,,,,N,3,0,2,3,A,-,01,23153,A,N,A,B,C,A,H,-,C,A,0,Y,,,,Y,Y,A,01,0,2,0,0,2,0,0,0,0,"- ","- ",,,"LOS ANGELES","WEST HOLLYWOOD",-118.3829925,34.085739400000001
6263214,2013,2014-05-17,1905,2013-10-20,2334,1144,321,7,5,4,1905,0,0,0,,0,072,"EAST FOOTHILL BL","N DALTON AV",189.00,W,N,A,-,N,,,,,,,,,,Y,3,0,1,1,A,-,03,22350,,N,E,I,A,A,H,-,C,A,0,,,,,Y,Y,-,"- ",0,1,0,0,0,0,0,0,0,"- ","- ",,,"LOS ANGELES",AZUSA,-117.90557509999999,34.133594700000003
6264342,2013,2014-04-25,1965,2013-10-30,2136,3665,04A1,3,5,5,1965,0,0,0,,0,005,"4TH ST","MARGUERITA AV",0.00,,Y,A,-,N,,,,,,,,,,Y,3,0,3,2,A,-,01,23153,,N,D,C,A,A,H,-,C,D,0,,,,,Y,Y,A,01,0,2,1,0,0,0,0,0,0,"- ","- ",,,"LOS ANGELES","SANTA MONICA",-118.5081823,34.0272249