CASE_ID,ACCIDENT_YEAR,PROC_DATE,JURIS,COLLISION_DATE,COLLISION_TIME,OFFICER_ID,REPORTING_DISTRICT,DAY_OF_WEEK,CHP_SHIFT,POPULATION,CNTY_CITY_LOC,SPECIAL_COND,BEAT_TYPE,CHP_BEAT_TYPE,CITY_DIVISION_LAPD,CHP_BEAT_CLASS,BEAT_NUMBER,PRIMARY_RD,SECONDARY_RD,DISTANCE,DIRECTION,INTERSECTION,WEATHER_1,WEATHER_2,STATE_HWY_IND,CALTRANS_COUNTY,CALTRANS_DISTRICT,STATE_ROUTE,ROUTE_SUFFIX,POSTMILE_PREFIX,POSTMILE,LOCATION_TYPE,RAMP_INTERSECTION,SIDE_OF_HWY,TOW_AWAY,COLLISION_SEVERITY,NUMBER_KILLED,NUMBER_INJURED,PARTY_COUNT,PRIMARY_COLL_FACTOR,PCF_CODE_OF_VIOL,PCF_VIOL_CATEGORY,PCF_VIOLATION,PCF_VIOL_SUBSECTION,HIT_AND_RUN,TYPE_OF_COLLISION,MVIW,PED_ACTION,ROAD_SURFACE,ROAD_COND_1,ROAD_COND_2,LIGHTING,CONTROL_DEVICE,CHP_ROAD_TYPE,PEDESTRIAN_ACCIDENT,BICYCLE_ACCIDENT,MOTORCYCLE_ACCIDENT,TRUCK_ACCIDENT,NOT_PRIVATE_PROPERTY,ALCOHOL_INVOLVED,STWD_VEHTYPE_AT_FAULT,CHP_VEHTYPE_AT_FAULT,COUNT_SEVERE_INJ,COUNT_VISIBLE_INJ,COUNT_COMPLAINT_PAIN,COUNT_PED_KILLED,COUNT_PED_INJURED,COUNT_BICYCLIST_KILLED,COUNT_BICYCLIST_INJURED,COUNT_MC_KILLED,COUNT_MC_INJURED,PRIMARY_RAMP,SECONDARY_RAMP,LATITUDE,LONGITUDE,COUNTY,CITY,POINT_X,POINT_Y
8565007,2018,2018-03-01,1942,2018-01-20,1420,38374,2088,6,5,7,1942,0,0,0,,0,34MQ14,"VERMONT AV","WASHINGTON BL",137.00,,N,B,-,N,,,,,,,,,,Y,4,0,1,1,A,-,03,22350,,N,E,I,A,A,H,-,A,D,0,,,,,Y,Y,A,01,0,0,1,0,0,0,0,0,0,"- ","- ",,,"LOS ANGELES","LOS ANGELES",-118.29157257080078,34.040008544921875
8565340,2018,2018-04-04,1955,2018-01-19,1500,42369,49,5,5,6,1955,0,0,0,,0,001,"LAUREL AV","WEBER ST",142.00,W,N,A,-,N,,,,,,,,,,N,4,0,2,2,A,-,21,22106,,M,A,C,A,A,H,-,A,A,0,,,,,Y,Y,A,01,0,0,2,0,0,0,0,0,0,"- ","- ",,,"LOS ANGELES",POMONA,-117.77315521240234,34.063865661621094
8565528,2018,2018-03-08,1942,2018-02-11,0050,35869,1203,7,5,7,1942,0,0,0,L,0,12A73,"50TH ST","WESTERN AV",190.00,E,N,A,-,N,,,,,,,,,,Y,3,0,1,2,A,-,11,21954,A,F,G,B,D,A,H,-,C,D,0,Y,,,,Y,Y,N,60,0,1,0,0,1,0,0,0,0,"- ","- ",,,"LOS ANGELES","LOS ANGELES",-118.30831146240234,33.998241424560547
8565530,2018,2018-03-08,1941,2018-02-16,2154,11021,,5,5,7,1941,0,0,0,,0,,"DAISY AV","29TH ST",278.00,S,N,A,-,N,,,,,,,,,,Y,4,0,1,3,A,-,08,22107,,N,B,C,A,A,H,-,C,D,0,,,,,Y,Y,A,,0,0,1,0,0,0,0,0,0,"- ","- ",,,"LOS ANGELES","LONG BEACH",-118.19921875,33.809028625488281
8566213,2018,2018-03-03,1933,2018-01-30,0218,1014,I25,2,5,6,1933,0,0,0,,0,002,"MYRTLE AV","ARBOR VITAE ST",500.00,S,N,A,-,N,,,,,,,,,,Y,3,0,1,2,A,-,03,22350,,F,C,C,A,A,H,-,C,D,0,,,,,Y,Y,A,01,0,1,0,0,0,0,0,0,0,"- ","- ",33.952728271484375,-118.34913635253906,"LOS ANGELES",INGLEWOOD,-118.34915924072266,33.951339721679688
8566890,2018,2018-03-14,1900,2018-02-12,1723,603388,1620,1,5,5,1977,0,0,0,,0,164T1,"213TH ST","CHICO ST",0.00,,Y,A,-,N,,,,,,,,,,Y,4,0,1,2,A,-,01,23152,A,N,A,C,A,A,H,-,A,D,0,,,,,Y,Y,A,07,0,0,1,0,0,0,0,0,0,"- ","- ",,,"LOS ANGELES",CARSON,-118.25718688964844,33.835399627685547
8568850,2018,2018-03-15,1942,2018-02-13,2115,41133,0636,2,5,7,1942,0,0,0,F,0,6FB28,"WHITLEY AV","HOLLYWOOD BL",0.00,,Y,A,-,N,,,,,,,,,,N,4,0,1,2,A,-,10,21950,A,N,-,B,-,A,-,-,A,A,0,Y,,,,Y,Y,A,01,0,0,1,0,1,0,0,0,0,"- ","- ",,,"LOS ANGELES","LOS ANGELES",-118.33335113525391,34.101581573486328
8569493,2018,2018-03-21,1942,2018-02-21,1830,40289,0132,3,5,7,1942,0,0,0,A,0,1A1,"W 1ST ST","HILL ST",0.00,,Y,A,-,N,,,,,,,,,,Y,4,0,1,2,A,-,09,21801,A,N,A,C,A,A,H,-,A,D,0,,,,,Y,Y,A,01,0,0,1,0,0,0,0,0,0,"- ","- ",,,"LOS ANGELES","LOS ANGELES",-118.24662017822266,34.054340362548828
8569717,2018,2018-03-23,1942,2018-02-27,1755,39299,1309,2,5,7,1942,0,0,0,M,0,13XL4,"ALAMEDA ST","14TH ST",15.00,N,N,A,-,N,,,,,,,,,,Y,4,0,1,2,A,-,01,23152,A,N,C,C,A,A,H,-,B,A,0,,,,,Y,Y,A,01,0,0,1,0,0,0,0,0,0,"- ","- ",,,"LOS ANGELES","LOS ANGELES",-118.239199,34.025542999999999
8570717,2018,2018-03-28,1942,2018-02-21,2045,36860,1149,3,5,7,1942,0,0,0,K,0,11A37,"AVENUE 52","FIGUEROA ST",40.00,S,N,A,-,N,,,,,,,,,,N,4,0,1,2,A,-,01,23152,A,N,-,C,A,A,H,-,C,D,0,,,,,Y,Y,-,"- ",0,0,1,0,0,0,0,0,0,"- ","- ",,,"LOS ANGELES","LOS ANGELES",-118.19944763183594,34.106185913085938
8572581,2018,2018-03-13,1928,2018-01-17,0839,298,519,3,5,5,1928,0,0,0,,0,503,"PRAIRIE AV","137TH ST",0.00,,Y,A,-,N,,,,,,,,,,N,4,0,2,3,A,-,21,22106,,M,G,B,B,A,H,-,A,A,0,Y,,,,Y,Y,-,,0,0,2,0,2,0,0,0,0,"- ","- ",33.907508850097656,-118.34396362304688,"LOS ANGELES",HAWTHORNE,-118.3438720703125,33.907489776611328
8575840,2018,2018-03-21,1900,2018-02-17,1941,622105,2607,6,5,6,1950,0,0,0,,0,264T1,"AVENUE R","50TH ST EAST",235.00,W,N,A,-,N,,,,,,,,,,Y,3,0,2,2,A,-,01,23152,A,F,C,C,A,A,H,-,C,A,0,,,,,Y,Y,A,01,0,1,1,0,0,0,0,0,0,"- ","- ",,,"LOS ANGELES",PALMDALE,-118.04135894775391,34.572650909423828
8575908,2017,2018-03-29,1900,2017-12-08,0508,523047,1328,5,5,5,1935,0,0,0,,0,132T1,"NORWALK BL","RENVILLE ST",314.00,N,N,A,-,N,,,,,,,,,,Y,3,0,2,2,A,-,01,23152,A,N,D,C,A,A,H,-,C,D,0,,,,,Y,Y,D,22,0,1,1,0,0,0,0,0,0,"- ","- ",,,"LOS ANGELES",LAKEWOOD,-118.07211,33.845450929999998
8577387,2018,2018-03-22,1942,2018-03-02,2025,42008,1149,5,5,7,1942,0,0,0,K,0,11A37,"FIGUEROA ST","AVENUE 54",25.00,N,N,B,-,N,,,,,,,,,,N,2,0,2,3,A,-,10,21950,A,N,G,B,D,B,H,-,C,A,0,Y,,,,Y,Y,-,,1,1,0,0,2,0,0,0,0,"- ","- ",,,"LOS ANGELES","LOS ANGELES",-118.19718170166016,34.107425689697266
8580017,2018,2018-03-20,1905,2018-02-22,1520,1156,514,4,5,4,1905,0,0,0,,0,002,"NORTH VERNON AV","10TH ST",2.00,S,N,A,-,N,,,,,,,,,,N,2,0,1,2,A,-,08,22107,,N,B,G,A,A,H,-,A,D,0,,Y,,,Y,Y,L,04,1,0,0,0,0,0,1,0,0,"- ","- ",,,"LOS ANGELES",AZUSA,-117.91616058349609,34.139762878417969
8580360,2018,2018-03-22,1942,2018-03-05,2245,41931,0182,1,5,7,1942,0,0,0,A,0,1A61,"GRAND AV","11TH ST",150.00,S,N,A,-,N,,,,,,,,,,Y,3,0,2,1,A,-,01,23152,A,F,E,-,A,A,H,-,C,D,0,,,,,Y,Y,A,01,0,2,0,0,0,0,0,0,0,"- ","- ",,,"LOS ANGELES","LOS ANGELES",-118.29019165039062,33.733837127685547
8581525,2018,2018-03-29,1900,2018-03-04,2314,602363,2619,7,5,6,1950,0,0,0,,0,262T1,"10TH ST WEST","RANCHO VISTA BL",0.00,,Y,A,-,N,,,,,,,,,,Y,4,0,2,2,A,-,12,21453,A,M,D,C,A,A,H,-,C,A,0,,,,,Y,Y,A,01,0,0,2,0,0,0,0,0,0,"- ","- ",,,"LOS ANGELES",PALMDALE,-118.14763600000001,34.601779999999998
8581706,2018,2018-03-30,1942,2018-02-22,2130,38015,0775,4,5,7,1942,0,0,0,G,0,7A76,"ST ELMO / HIGHLAND","LA BREA",150.00,E,N,A,-,N,,,,,,,,,,N,4,0,2,5,A,-,03,22350,A,F,G,B,E,A,H,-,C,D,0,Y,Y,,,Y,Y,-,99,0,0,2,0,1,0,1,0,0,"- ","- ",,,"LOS ANGELES","LOS ANGELES",,
8581862,2018,2018-04-02,1961,2018-03-05,2500,10206,1961,1,5,3,1961,0,0,0,,0,001,"8TH ST","LAZARD ST",135.00,W,N,A,-,N,,,,,,,,,,Y,4,0,1,3,A,-,01,23152,A,N,A,E,A,A,H,-,C,D,0,,,,,Y,Y,A,01,0,0,1,0,0,0,0,0,0,"- ","- ",,,"LOS ANGELES","SAN FERNANDO",-118.43091583251953,34.302700042724609
8582904,2018,2018-03-27,1942,2018-03-10,1610,38037,1821,6,5,7,1942,0,0,0,R,0,18X36,"CENTURY BL","HOOVER ST",0.00,,Y,C,-,N,,,,,,,,,,Y,4,0,1,2,A,-,01,23153,A,N,C,C,A,B,H,-,D,D,0,,,,,Y,Y,A,07,0,0,1,0,0,0,0,0,0,"- ","- ",,,"LOS ANGELES","LOS ANGELES",-118.28697204589844,33.945510864257812
8582928,2018,2018-08-10,1942,2018-03-17,0030,34671,0517,6,5,7,1942,0,0,0,E,0,,"EUBANK AV","PACIFIC COAST HWY",0.00,,Y,B,-,Y,LA,7,1,-,-,10.123,I,5,S,Y,2,0,2,3,A,-,01,23152,A,N,D,C,A,B,H,-,C,A,0,,,,,Y,Y,A,01,1,1,0,0,0,0,0,0,0,"- ","- ",,,"LOS ANGELES","LOS ANGELES",-118.25623321533203,33.791542053222656
8583138,2018,2018-03-28,1910,2018-02-16,0345,03680,,5,5,4,1910,0,0,0,,0,007,"MAPLE DR","BURTON WY",0.00,,Y,A,-,N,,,,,,,,,,Y,3,0,1,2,A,-,01,23152,A,N,E,I,A,A,H,-,C,A,0,,,,,Y,Y,A,07,0,1,0,0,0,0,0,0,0,"- ","- ",34.072219848632812,-118.39349365234375,"LOS ANGELES","BEVERLY HILLS",-118.39356231689453,34.072090148925781
8584321,2018,2018-03-29,1942,2018-03-16,1355,38017,1781,5,5,7,1942,0,0,0,Q,0,21TL64,"NORDHOFF ST",DESOTO,30.00,E,N,B,-,N,,,,,,,,,,N,4,0,1,2,A,-,01,23152,A,F,B,C,A,B,H,-,A,A,0,,,,,Y,Y,A,01,0,0,1,0,0,0,0,0,0,"- ","- ",,,"LOS ANGELES","LOS ANGELES",-118.58844757080078,34.235477447509766
8587280,2018,2018-04-10,1942,2018-03-09,2030,36684,1008,5,5,7,1942,0,0,0,J,0,10A39,"SHERMAN WY","VALJEAN AV",75.00,W,N,A,-,N,,,,,,,,,,Y,4,0,4,3,A,-,01,23152,A,N,C,C,A,A,H,-,C,A,0,,,,,Y,Y,A,01,0,0,4,0,0,0,0,0,0,"- ","- ",,,"LOS ANGELES","LOS ANGELES",-118.48613739013672,34.20111083984375
8588155,2018,2018-04-27,1941,2018-04-14,2125,10232,,6,5,7,1941,0,0,0,,0,,BROADWAY,"ST JOSEPH",40.00,E,N,A,-,N,,,,,,,,,,Y,3,0,1,2,A,-,03,22350,,N,C,E,A,A,H,-,C,D,0,,,,,Y,Y,A,,0,1,0,0,0,0,0,0,0,"- ","- ",,,"LOS ANGELES","LONG BEACH",-118.13603973388672,33.764446258544922
8590160,2018,2018-04-06,1924,2018-01-05,1923,115299,15,5,5,5,1924,0,0,0,,0,8T2,"ROSECRANS AV","VAN NESS AV",238.00,W,N,A,-,N,,,,,,,,,,Y,3,0,1,2,A,-,01,23152,A,N,B,C,A,A,H,-,C,A,0,,,,,Y,Y,A,01,0,1,0,0,0,0,0,0,0,"- ","- ",33.901931762695312,-118.31783294677734,"LOS ANGELES",GARDENA,-118.31864929199219,33.901920318603516
8590541,2018,2018-04-10,1942,2018-03-10,0840,37613,0896,6,5,7,1942,0,0,0,H,0,8A95,"NATIONAL BL","SHELBY DR",114.00,E,N,C,-,N,,,,,,,,,,Y,3,0,1,1,A,-,01,23152,A,F,E,I,A,B,H,-,A,D,0,,,,,Y,Y,A,07,0,1,0,0,0,0,0,0,0,"- ","- ",,,"LOS ANGELES","LOS ANGELES",-118.40139007568359,34.031074523925781
8590992,2018,2018-04-09,1900,2018-02-24,1725,279461,0452,6,5,6,1949,0,0,0,,0,43T1P,"NORWALK BL","CREWE ST",0.00,,Y,A,-,N,,,,,,,,,,Y,4,0,1,2,A,-,09,21801,A,N,A,C,A,A,H,-,A,A,0,,,,,Y,Y,A,01,0,0,1,0,0,0,0,0,0,"- ","- ",,,"LOS ANGELES",NORWALK,-118.07283782958984,33.920730590820312
8591041,2018,2018-04-06,1900,2018-03-21,0849,548793,0451,3,5,6,1949,0,0,0,,0,45T1D,"CURTIS AND KING RD","IMPERIAL HWY",0.00,,Y,B,-,N,,,,,,,,,,N,3,0,1,1,A,-,01,23152,G,N,F,A,A,A,H,-,A,A,0,,,Y,,Y,Y,C,03,0,1,0,0,0,0,0,0,1,"- ","- ",,,"LOS ANGELES",NORWALK,-118.10800170898438,33.917259216308594
8591392,2018,2018-04-06,1942,2018-03-24,1940,39494,1562,6,5,7,1942,0,0,0,O,0,15A3,"MOORPARK ST","COLDWATER CANYON AV",100.00,W,N,A,-,N,,,,,,,,,,N,4,0,1,2,A,-,11,21956,A,N,G,B,E,A,H,-,A,D,0,Y,,,,Y,Y,N,60,0,0,1,0,1,0,0,0,0,"- ","- ",,,"LOS ANGELES","LOS ANGELES",-118.41412353515625,34.150348663330078
8592675,2018,2018-04-06,1942,2018-03-15,2225,39552,,4,5,7,1942,0,0,0,,0,1079,"HASKELL AV","VENTURA BL",400.00,S,N,A,-,N,,,,,,,,,,Y,4,0,1,2,A,-,01,23152,A,N,C,C,A,A,H,-,C,-,0,,,,,Y,Y,A,01,0,0,1,0,0,0,0,0,0,"- ","- ",,,"LOS ANGELES","LOS ANGELES",-118.47490692138672,34.155181884765625
8592772,2018,2018-04-17,1941,2018-03-19,1854,10133,,1,5,7,1941,0,0,0,,0,,"68TH ST","LONG BEACH BL",0.00,,Y,A,-,N,,,,,,,,,,Y,3,0,1,2,D,-,00,,,F,D,C,A,A,H,-,B,A,0,,,,,Y,Y,-,"- ",0,1,0,0,0,0,0,0,0,"- ","- ",,,"LOS ANGELES","LONG BEACH",-118.20377349853516,33.877700805664062
8594092,2018,2018-04-18,1900,2018-03-26,1707,533363,2607,1,5,6,1950,0,0,0,,0,264T1,"MONACO LN","50TH ST EAST",0.00,,Y,A,-,N,,,,,,,,,,Y,4,0,1,2,A,-,01,23152,A,F,D,C,A,-,H,-,A,D,0,,,,,Y,Y,A,07,0,0,1,0,0,0,0,0,0,"- ","- ",,,"LOS ANGELES",PALMDALE,-118.04060363769531,34.575889587402344
8595393,2018,2018-04-26,1942,2018-04-07,0120,42829,1021,6,5,7,1942,0,0,0,J,0,10A21,"VANOWEN ST","TAMPA AV",0.00,,Y,A,-,N,,,,,,,,,,Y,4,0,1,2,A,-,00,20001,,F,H,C,A,A,H,-,C,A,0,,,,,Y,Y,A,01,0,0,1,0,0,0,0,0,0,"- ","- ",,,"LOS ANGELES","LOS ANGELES",-118.55345153808594,34.193828582763672
8597539,2018,2018-04-23,1905,2018-03-10,0122,1167,321,6,5,4,1905,0,0,0,,0,002,"AZUSA AV","5TH ST",0.00,,Y,C,-,N,,,,,,,,,,Y,4,0,1,1,A,-,08,22107,,N,E,I,A,B,H,-,C,A,0,,,,,Y,Y,A,01,0,0,1,0,0,0,0,0,0,"- ","- ",,,"LOS ANGELES",AZUSA,-117.90757751464844,34.129840850830078
8597663,2018,2018-05-01,1976,2018-03-21,1655,397,,3,5,5,1976,0,0,0,,0,,"MILLS AV","LAMBERT RD",4.00,N,N,A,-,N,,,,,,,,,,Y,4,0,3,2,A,-,08,22107,,F,A,C,A,A,H,-,A,A,0,,,,,Y,Y,A,07,0,0,3,0,0,0,0,0,0,"- ","- ",,,"LOS ANGELES",WHITTIER,-118.02025604248047,33.946155548095703
8598518,2018,2018-04-19,1942,2018-04-01,0100,42330,0669,7,5,7,1942,0,0,0,F,0,6A31,"NORMANDIE AV","FOUNTAIN AV",59.00,S,N,A,-,N,,,,,,,,,,N,4,0,1,2,A,-,11,21954,A,N,G,B,E,A,H,-,C,D,0,Y,,,,Y,Y,N,60,0,0,1,0,1,0,0,0,0,"- ","- ",,,"LOS ANGELES","LOS ANGELES",-118.30049896240234,34.095039367675781
8598522,2018,2018-04-19,1942,2018-04-06,0135,39611,1487,5,5,7,1942,0,0,0,N,0,14A73,"SEPULVEDA EASTWAY","WESTCHESTER PKWY",0.00,,Y,A,-,N,,,,,,,,,,N,3,0,2,2,A,-,01,23152,A,N,D,C,A,A,H,-,C,A,0,,,,,Y,Y,A,07,0,1,1,0,0,0,0,0,0,"- ","- ",,,"LOS ANGELES","LOS ANGELES",-118.39473724365234,33.954608917236328
8598539,2018,2018-05-01,1925,2018-04-06,0119,26039,159,5,5,6,1925,0,0,0,,0,004,"N VERDUGO RD","GLENDALE AV",326.00,N,N,A,-,N,,,,,,,,,,Y,4,0,1,2,A,-,01,23152,A,N,B,E,A,A,H,-,C,D,0,,,,,Y,Y,A,01,0,0,1,0,0,0,0,0,0,"- ","- ",,,"LOS ANGELES",GLENDALE,-118.23551177978516,34.161956787109375
8598696,2018,2018-04-23,1942,2018-04-01,0010,37540,1322,7,5,7,1942,0,0,0,M,0,13A13,"EAST 25TH ST","WALL ST",75.00,E,N,A,-,N,,,,,,,,,,Y,3,0,1,3,A,-,03,22350,,N,C,E,A,A,H,-,C,D,0,,,,,Y,Y,A,01,0,1,0,0,0,0,0,0,0,"- ","- ",,,"LOS ANGELES","LOS ANGELES",-118.26358032226562,34.023895263671875
8598700,2018,2018-04-23,1942,2018-04-01,1750,40643,1361,7,5,7,1942,0,0,0,M,0,13A61,BROADWAY,"50TH ST",150.00,S,N,A,-,N,,,,,,,,,,Y,3,0,3,3,A,-,01,23152,A,N,C,C,A,A,H,-,A,A,0,,,,,Y,Y,A,07,0,1,2,0,0,0,0,0,0,"- ","- ",,,"LOS ANGELES","LOS ANGELES",-118.278334,33.996974999999999
8598920,2018,2018-04-20,1925,2018-03-20,2103,23218,270,2,5,6,1925,0,0,0,,0,002,"PACIFIC AV","SAN FERNANDO RD",0.00,,Y,C,-,N,,,,,,,,,,Y,4,0,1,3,A,-,03,22350,,M,C,C,A,B,H,-,C,D,0,,,,,Y,Y,A,01,0,0,1,0,0,0,0,0,0,"- ","- ",,,"LOS ANGELES",GLENDALE,-118.26441192626953,34.137279510498047
8599698,2018,2018-04-25,1942,2018-03-31,0035,42029,1904,6,5,7,1942,0,0,0,,0,19A7,"POLK ST","EGBERT ST",32.00,E,N,B,-,N,,,,,,,,,,Y,3,0,1,1,A,-,01,23152,A,N,E,I,A,A,H,-,C,A,0,,,,,Y,Y,A,07,0,1,0,0,0,0,0,0,0,"- ","- ",,,"LOS ANGELES","LOS ANGELES",-118.42995452880859,34.325302124023438
8604599,2018,2018-05-10,1941,2018-04-28,1955,11021,,6,5,7,1941,0,0,0,,0,,"LINDEN AV","61ST ST",0.00,,Y,A,-,N,,,,,,,,,,Y,4,0,3,2,A,-,12,22450,A,F,D,C,A,A,H,-,C,A,0,,,,,Y,Y,A,,0,0,3,0,0,0,0,0,0,"- ","- ",,,"LOS ANGELES","LONG BEACH",-118.18605041503906,33.865478515625
8604634,2018,2018-06-01,1900,2018-04-12,1005,523421,0625,4,5,6,1985,0,0,0,,0,64T1,"15TH ST","NEWHALL AV",180.00,E,N,A,-,N,,,,,,,,,,Y,3,0,1,4,A,-,01,23152,A,N,B,E,A,A,H,-,A,D,0,,,,,Y,Y,D,22,0,1,0,0,0,0,0,0,0,"- ","- ",34.386470794677734,-118.53739166259766,"LOS ANGELES","SANTA CLARITA",-118.53737640380859,34.386493682861328
8604652,2018,2018-05-08,1942,2018-04-21,2325,41923,1309,6,5,7,1942,0,0,0,M,0,24Q4,WASHINGTON,"SANTA FE",7.00,E,N,A,-,N,,,,,,,,,,N,3,0,1,2,A,-,01,23152,A,N,D,C,A,A,H,-,C,D,0,,,,,Y,Y,A,01,0,1,0,0,0,0,0,0,0,"- ","- ",,,"LOS ANGELES","LOS ANGELES",-118.23037719726562,34.018959045410156
8604660,2018,2018-05-08,1942,2018-04-19,1940,35004,0271,4,5,7,1942,0,0,0,B,0,2A39,"OLYMPIC BL","HOOVER ST",14.00,W,N,A,-,N,,,,,,,,,,Y,4,0,3,2,A,-,01,23153,A,F,C,C,A,A,H,-,C,A,0,,,,,Y,Y,A,01,0,0,3,0,0,0,0,0,0,"- ","- ",,,"LOS ANGELES","LOS ANGELES",-118.28426361083984,34.052402496337891
8605636,2018,2018-05-09,1900,2018-04-19,1932,546274,2112,4,5,5,1943,0,0,0,,0,212T3,"MARTIN LUTHER KING JR BL","CALIFORNIA AV",0.00,,Y,A,-,N,,,,,,,,,,Y,3,0,1,3,A,-,01,23152,A,F,A,C,A,A,H,-,C,A,0,,,,,Y,Y,A,01,0,1,0,0,0,0,0,0,0,"- ","- ",,,"LOS ANGELES",LYNWOOD,-118.20842742919922,33.936321258544922
8605656,2018,2018-07-30,1900,2018-04-26,0033,453085,2111,4,5,5,1943,0,0,0,,0,212T4,"IMPERIAL HWY","FERNWOOD AV",0.00,,Y,A,-,N,,,,,,,,,,Y,4,0,1,2,A,-,01,23152,A,N,C,C,A,A,H,-,C,A,0,,,,,Y,Y,A,01,0,0,1,0,0,0,0,0,0,"- ","- ",,,"LOS ANGELES",LYNWOOD,-118.22074127197266,33.930301666259766
8605662,2018,2018-05-09,1942,2018-04-28,1039,26281,0758,6,5,7,1942,0,0,0,G,0,7A47,"OLYMPIC BL","LUCERNE BL",0.00,,Y,A,-,N,,,,,,,,,,Y,4,0,1,2,A,-,01,23152,A,F,D,C,A,A,H,-,A,A,0,,,,,Y,Y,A,01,0,0,1,0,0,0,0,0,0,"- ","- ",,,"LOS ANGELES","LOS ANGELES",-118.32791137695312,34.055278778076172
8607047,2018,2018-05-16,1942,2018-03-31,1010,39065,0782,6,5,7,1942,0,0,0,G,0,7A85,CADILLAC,"LA CIENEGA",100.00,E,N,A,-,N,,,,,,,,,,N,4,0,1,3,A,-,07,21658,A,N,B,C,A,A,H,-,A,D,0,,,,,Y,Y,A,07,0,0,1,0,0,0,0,0,0,"- ","- ",,,"LOS ANGELES","LOS ANGELES",-118.37690734863281,34.038154602050781
8607191,2018,2018-05-17,1969,2018-04-24,1017,10156,TRAFF,2,5,5,1969,0,0,0,,0,001,"SOUTHERN AV","LONG BEACH BL",0.00,,Y,A,-,N,,,,,,,,,,Y,4,0,3,3,A,-,01,23152,A,N,D,C,A,A,H,-,A,A,0,,,,,Y,Y,A,07,0,0,3,0,0,0,0,0,0,"- ","- ",,,"LOS ANGELES","SOUTH GATE",-118.21833801269531,33.952358245849609
8608655,2018,2018-05-02,1942,2018-04-15,0430,41474,2183,7,5,7,1942,0,0,0,,0,021,"MULLHOLLAND HWY","SAN FELICIANO DR",280.00,W,N,A,-,N,,,,,,,,,,Y,4,0,1,1,A,-,01,23152,A,N,F,A,A,A,-,-,-,D,0,,,Y,,Y,Y,C,06,0,0,1,0,0,0,0,0,1,"- ","- ",,,"LOS ANGELES","LOS ANGELES",-118.61529541015625,34.149791717529297
8609098,2018,2018-05-15,1942,2018-04-12,2305,25495,1406,4,5,7,1942,0,0,0,N,0,14A27,"MENTONE AV","VENICE BL",0.00,,Y,A,-,N,,,,,,,,,,Y,4,0,2,3,A,-,01,23152,A,F,D,C,A,A,H,-,C,A,0,,,,,Y,Y,A,01,0,0,2,0,0,0,0,0,0,"- ","- ",,,"LOS ANGELES","LOS ANGELES",-118.405029296875,34.019870758056641
8609271,2018,2018-05-03,1942,2018-03-17,0130,42777,2036,6,5,7,1942,0,0,0,,0,20A39,"WILSHIRE BL","CATALINA ST",0.00,,Y,A,-,N,,,,,,,,,,N,4,0,2,3,A,-,11,21453,D,N,G,B,B,B,H,-,C,A,0,Y,,,,Y,Y,N,60,0,0,2,0,2,0,0,0,0,"- ","- ",,,"LOS ANGELES","LOS ANGELES",-118.29540252685547,34.061759948730469
8609770,2018,2018-05-10,1942,2018-04-23,0310,36475,1268,1,5,7,1942,0,0,0,L,0,25T23,"W 79TH ST","S BROADWAY",0.00,,Y,A,-,N,,,,,,,,,,Y,2,0,1,2,A,-,03,22350,,N,E,I,A,A,H,-,C,A,0,,,,,Y,Y,A,01,1,0,0,0,0,0,0,0,0,"- ","- ",,,"LOS ANGELES","LOS ANGELES",-118.27829742431641,33.967880249023438
8610696,2018,2018-05-15,1942,2018-04-23,0015,43189,0111,1,5,7,1942,0,0,0,A,0,1A1,"SPRING ST","ORD ST",0.00,,Y,A,-,N,,,,,,,,,,Y,4,0,1,3,A,-,12,22450,A,N,D,C,A,A,H,-,C,A,0,,,,,Y,Y,-,"- ",0,0,1,0,0,0,0,0,0,"- ","- ",,,"LOS ANGELES","LOS ANGELES",-118.23790740966797,34.059860229492188
8614306,2018,2018-04-27,1941,2018-04-15,2206,10952,,7,5,7,1941,0,0,0,,0,,"ANAHEIM ST","EUCLID AV",0.00,,Y,A,-,N,,,,,,,,,,Y,3,0,2,2,A,-,08,22107,,N,B,C,A,A,H,-,C,D,0,,,,,Y,Y,A,,0,1,1,0,0,0,0,0,0,"- ","- ",,,"LOS ANGELES","LONG BEACH",-118.14925384521484,33.782611846923828
8614963,2018,2018-05-02,1925,2018-04-18,0830,23811,1925,3,5,6,1925,0,0,0,,0,004,GLENDALE,MONTEREY,0.00,,Y,A,-,N,,,,,,,,,,N,4,0,1,2,A,-,03,22350,,M,G,B,B,A,H,-,A,A,0,Y,,,,Y,Y,A,01,0,0,1,0,1,0,0,0,0,"- ","- ",,,"LOS ANGELES",GLENDALE,-118.24192047119141,34.15618896484375
8614975,2018,2018-05-02,1925,2018-04-21,1806,25703,1238,6,5,6,1925,0,0,0,,0,004,BROADWAY,ADAMS,0.00,,Y,A,-,N,,,,,,,,,,N,3,0,1,2,A,-,12,21453,A,F,D,C,A,A,H,-,A,A,0,,,,,Y,Y,A,01,0,1,0,0,0,0,0,0,0,"- ","- ",,,"LOS ANGELES",GLENDALE,-118.2418212890625,34.146259307861328
8615987,2018,2018-04-26,1931,2018-03-23,1950,5603,1931,5,5,5,1931,0,0,0,,0,003,"GAGE AV","MILES AV",150.00,W,N,A,-,N,,,,,,,,,,Y,4,0,1,3,A,-,17,22517,,N,B,E,E,A,H,-,A,D,0,Y,,,,Y,Y,N,60,0,0,1,0,1,0,0,0,0,"- ","- ",,,"LOS ANGELES","HUNTINGTON PARK",-118.21964263916016,33.981620788574219
8616328,2018,2018-05-21,1942,2018-04-02,2047,31476,0221,1,5,7,1942,0,0,0,B,0,2A1,"BEVERLY BL","EDGEMONT AV",35.00,E,N,A,-,N,,,,,,,,,,N,4,0,4,3,A,-,07,21658,A,N,B,C,A,A,H,-,C,A,0,,,,,Y,Y,A,01,0,0,4,0,0,0,0,0,0,"- ","- ",,,"LOS ANGELES","LOS ANGELES",-118.29739379882812,34.076301574707031