CASE_ID,ACCIDENT_YEAR,PROC_DATE,JURIS,COLLISION_DATE,COLLISION_TIME,OFFICER_ID,REPORTING_DISTRICT,DAY_OF_WEEK,CHP_SHIFT,POPULATION,CNTY_CITY_LOC,SPECIAL_COND,BEAT_TYPE,CHP_BEAT_TYPE,CITY_DIVISION_LAPD,CHP_BEAT_CLASS,BEAT_NUMBER,PRIMARY_RD,SECONDARY_RD,DISTANCE,DIRECTION,INTERSECTION,WEATHER_1,WEATHER_2,STATE_HWY_IND,CALTRANS_COUNTY,CALTRANS_DISTRICT,STATE_ROUTE,ROUTE_SUFFIX,POSTMILE_PREFIX,POSTMILE,LOCATION_TYPE,RAMP_INTERSECTION,SIDE_OF_HWY,TOW_AWAY,COLLISION_SEVERITY,NUMBER_KILLED,NUMBER_INJURED,PARTY_COUNT,PRIMARY_COLL_FACTOR,PCF_CODE_OF_VIOL,PCF_VIOL_CATEGORY,PCF_VIOLATION,PCF_VIOL_SUBSECTION,HIT_AND_RUN,TYPE_OF_COLLISION,MVIW,PED_ACTION,ROAD_SURFACE,ROAD_COND_1,ROAD_COND_2,LIGHTING,CONTROL_DEVICE,CHP_ROAD_TYPE,PEDESTRIAN_ACCIDENT,BICYCLE_ACCIDENT,MOTORCYCLE_ACCIDENT,TRUCK_ACCIDENT,NOT_PRIVATE_PROPERTY,ALCOHOL_INVOLVED,STWD_VEHTYPE_AT_FAULT,CHP_VEHTYPE_AT_FAULT,COUNT_SEVERE_INJ,COUNT_VISIBLE_INJ,COUNT_COMPLAINT_PAIN,COUNT_PED_KILLED,COUNT_PED_INJURED,COUNT_BICYCLIST_KILLED,COUNT_BICYCLIST_INJURED,COUNT_MC_KILLED,COUNT_MC_INJURED,PRIMARY_RAMP,SECONDARY_RAMP,LATITUDE,LONGITUDE,COUNTY,CITY,POINT_X,POINT_Y
90127431,2016,2016-03-02,9575,2016-02-18,0010,021047,,4,3,6,1925,0,1,1,,2,050,"I-5 N/B (GOLDEN STATE FREEWAY)","ALLEN AVE",400.00,S,N,B,-,Y,,,5,,,,,,N,Y,3,0,1,1,A,-,01,23152,A,N,E,I,A,B,H,-,C,D,0,,,,,Y,Y,A,07,0,1,0,0,0,0,0,0,0,"- ","- ",34.16695,-118.29928,"LOS ANGELES",GLENDALE,-118.29938223000001,34.166809600000001
90132053,2016,2016-03-08,9525,2016-02-21,2300,020843,,7,3,6,1955,0,1,3,,2,605,"SR-60 W/B (POMONA FREEWAY)","PHILLIPS RANCH RD",3960.00,E,N,A,-,Y,,,,,,,,,,Y,3,0,6,4,A,-,01,23152,A,N,B,C,A,A,H,-,C,D,0,,,,,Y,Y,A,01,0,1,5,0,0,0,0,0,0,"- ","- ",34.026519999999998,-117.75232,"LOS ANGELES",POMONA,-117.75809418999999,34.025019280000002
90132198,2016,2016-03-09,9525,2016-02-25,1955,020989,,4,2,9,1900,0,3,5,,2,002,"CIENEGA AVE","VALLEY CENTER AVE",0.00,,Y,A,-,N,,,,,,,,,,Y,2,0,2,2,A,-,01,23153,A,N,D,C,A,A,H,-,C,A,0,,,,,Y,Y,A,01,2,0,0,0,0,0,0,0,0,"- ","- ",34.102989999999998,-117.83783,"LOS ANGELES",UNINCORPORATED,-117.83763012999999,34.10305005
9013346,2019,2020-02-06,1928,2019-11-29,0020,50415,520,5,5,5,1928,0,0,0,,0,503,"YUKON AV","ROSECRANS AV",5.00,N,N,C,-,N,,,,,,,,,,N,4,0,1,1,A,-,01,23152,A,N,A,I,A,B,H,-,C,D,0,,,,,Y,Y,-,,0,0,1,0,0,0,0,0,0,"- ","- ",33.901878356933594,-118.33519744873047,"LOS ANGELES",HAWTHORNE,-118.33522796630859,33.901943206787109
9013350,2019,2020-02-06,1928,2019-11-29,0019,50415,520,5,5,5,1928,0,0,0,,0,503,"YUKON AV","ROSECRANS AV",5.00,N,N,C,-,N,,,,,,,,,,N,4,0,1,2,A,-,01,23152,A,N,A,I,A,B,H,-,C,D,0,,,,,Y,Y,A,01,0,0,1,0,0,0,0,0,0,"- ","- ",33.901878356933594,-118.33519744873047,"LOS ANGELES",HAWTHORNE,-118.33522796630859,33.901943206787109
90134228,2016,2016-03-11,9525,2016-02-25,0357,020572,,4,3,6,1975,0,1,1,,2,104,"I-10 E/B (SAN BERNARDINO FREEWAY)","PUENTE AVE",528.00,E,N,A,-,Y,,,10,,,,,,E,Y,3,0,1,2,A,-,07,21658,A,N,C,C,A,A,H,-,D,D,0,,,,Y,Y,Y,G,25,0,1,0,0,0,0,0,0,0,"- ","- ",34.070979999999999,-117.95294,"LOS ANGELES","WEST COVINA",-117.95294577999999,34.071035940000002
90134789,2016,2016-03-11,9535,2016-02-20,0235,020416,,6,3,6,1922,0,1,1,,2,400,"I-10 (SAN BERNARDINO FREEWAY) E/B",I-605,809.00,W,N,A,-,Y,,,10,,,,,,E,Y,4,0,1,1,A,-,01,23152,A,N,E,I,A,A,H,-,D,D,0,,,,,Y,Y,A,01,0,0,1,0,0,0,0,0,0,"- ","- ",34.064079999999997,-118.00685,"LOS ANGELES","EL MONTE",-118.00684995,34.064079659999997
90136346,2016,2016-03-14,9545,2016-02-10,1850,015589,,3,2,9,1900,0,1,3,,1,012,"STATE ROUTE 138 (AVENUE D)","60TH STREET WEST",0.00,,Y,A,-,Y,,,138,,,,,,,Y,1,1,2,2,A,-,01,23152,A,N,D,C,A,A,H,-,D,A,0,,,,,Y,Y,A,01,2,0,0,0,0,0,0,0,0,"- ","- ",34.776629999999997,-118.23746,"LOS ANGELES",UNINCORPORATED,-118.23746,34.776629640000003
90136471,2016,2016-03-15,9525,2016-03-13,0443,020632,,7,3,5,1906,0,1,1,,2,104,"I-10 E/B (SAN BERNARDINO FREEWAY)","PUENTE AVE",53.00,W,N,A,-,Y,,,10,,,,,,E,Y,3,0,3,2,A,-,01,23152,A,N,C,C,A,A,D,-,C,D,0,,,,,Y,Y,A,01,0,3,0,0,0,0,0,0,0,"- ","- ",34.069800000000001,-117.96447999999999,"LOS ANGELES","BALDWIN PARK",-117.96447099,34.069735540000003
90137810,2016,2016-03-16,9530,2016-02-06,1730,020956,,6,2,7,1941,0,1,1,,2,072,"I-710 S/B (LONG BEACH FREEWAY)","WARDLOW RD.",1056.00,S,N,A,-,Y,,,,,,,,,,Y,4,0,1,2,A,-,01,23152,A,N,C,C,A,A,H,-,C,D,0,,,,,Y,Y,A,08,0,0,1,0,0,0,0,0,0,"- ","- ",33.483829999999998,-118.12251999999999,"LOS ANGELES","LONG BEACH",-118.20704031,33.818734040000002
90139104,2016,2016-03-17,9535,2016-02-13,0905,021149,,6,1,9,1900,0,1,1,,2,650,"I-605 (SAN GABRIEL RIVER FWY) N/B",SR-60,350.00,N,N,A,-,Y,,,605,,,,,,N,Y,3,0,1,1,A,-,01,23152,A,N,F,A,A,A,H,-,A,D,0,,,,,Y,Y,A,01,0,1,0,0,0,0,0,0,0,"- ","- ",34.034829999999999,-118.026,"LOS ANGELES",UNINCORPORATED,-118.02597559,34.034797679999997
90140866,2016,2016-03-22,9530,2016-02-16,2120,020935,,2,2,7,1942,0,1,1,,2,110,"I-110 N/B (HARBOR FREEWAY)","111TH PL.",250.00,S,N,A,-,Y,,,110,,,,,,N,Y,3,0,1,1,A,-,01,23152,A,N,F,A,A,A,H,-,C,D,0,,,,,Y,Y,A,01,0,1,0,0,0,0,0,0,0,"- ","- ",33.933300000000003,-118.27979999999999,"LOS ANGELES","LOS ANGELES",-118.2798639,33.933304489999998
90144476,2016,2016-03-28,9525,2016-03-18,0204,020544,,5,3,5,1906,0,1,1,,2,103,"I-10 W/B TO I-605 N/B",I-605,413.00,E,N,A,-,Y,,,10,,,,R,,W,N,3,0,1,1,A,-,01,23152,A,N,F,A,A,A,H,-,C,D,0,,,Y,,Y,Y,C,02,0,1,0,0,0,0,0,0,1,"- ","- ",34.066049999999997,-117.99876,"LOS ANGELES","BALDWIN PARK",-117.99876,34.066049999999997
90145787,2016,2016-03-28,9580,2016-03-06,0251,020832,,7,3,7,1942,0,1,2,,2,104,"US-101 N/B (VENTURA FREEWAY)","DE SOTO AVE",1901.00,S,N,C,-,Y,,,101,,,,,,N,Y,2,0,3,2,A,-,01,23152,A,N,C,C,A,B,H,-,D,D,0,,,,,Y,Y,A,01,1,2,0,0,0,0,0,0,0,"- ","- ",34.168520000000001,-118.58171,"LOS ANGELES","LOS ANGELES",-118.58170126,34.168478890000003
90146690,2016,2016-05-12,9530,2016-03-05,0315,020938,,6,3,7,1941,0,1,1,,2,072,"I-710 N/B (LONG BEACH FREEWAY)","PACIFIC COAST HWY.",561.00,N,N,A,-,Y,,,710,,,,,,N,Y,4,0,2,2,A,-,01,23152,A,N,C,C,A,A,H,-,C,D,0,,,,,Y,Y,A,01,0,0,2,0,0,0,0,0,0,"- ","- ",33.804099999999998,-118.2071,"LOS ANGELES","LONG BEACH",-118.20739057,33.804063120000002
90147493,2016,2016-03-30,9575,2016-03-20,0010,021213,,7,3,7,1942,0,1,1,,2,050,"I-5 S/B FROM COLORADO ST. EXTENSION","COLORADO ST.",450.00,N,N,A,-,Y,,,5,,,,R,,S,Y,3,0,1,1,A,-,01,23152,A,N,E,I,A,A,H,-,C,D,0,,,,,Y,Y,A,01,0,1,0,0,0,0,0,0,0,"- ","- ",34.141919999999999,-118.27892,"LOS ANGELES","LOS ANGELES",-118.27892,34.141919999999999
90148238,2016,2016-03-30,9530,2016-02-27,0340,020868,,6,3,7,1941,0,1,1,,2,430,"I-405 S/B (SAN DIEGO FREEWAY)","REDONDO AVE.",255.00,S,N,B,-,Y,,,405,,,,,,S,Y,4,0,1,2,A,-,07,21658,A,N,B,C,A,A,H,-,C,D,0,,,,,Y,Y,A,01,0,0,1,0,0,0,0,0,0,"- ","- ",33.806800000000003,-118.1503,"LOS ANGELES","LONG BEACH",-118.15029579999999,33.806828899999999
9014865,2019,2020-01-02,1942,2019-11-09,0700,43797,1101,6,5,7,1942,0,0,0,K,0,11A51,RIVERSIDE,"ZOO DR",0.00,,Y,A,-,N,,,,,,,,,,Y,4,0,2,2,A,-,12,22450,A,N,D,C,A,A,H,-,A,D,0,,,,,Y,Y,A,01,0,0,2,0,0,0,0,0,0,"- ","- ",,,"LOS ANGELES","LOS ANGELES",-118.29396057128906,34.154819488525391
90150165,2016,2016-04-04,9580,2016-03-19,0100,018718,,6,3,7,1942,0,1,2,,2,101,"US-101 S/B (VENTURA FREEWAY)","LAUREL CANYON BLVD",400.00,N,N,A,-,Y,,,101,,,,,,S,Y,3,0,2,2,A,-,01,23152,A,N,C,C,A,A,H,-,D,D,0,,,,,Y,Y,A,01,0,1,1,0,0,0,0,0,0,"- ","- ",34.154420000000002,-118.39793,"LOS ANGELES","LOS ANGELES",-118.39793074000001,34.154414269999997
9015066,2019,2020-01-02,1942,2019-11-25,2010,43098,1842,1,5,7,1942,0,0,0,R,0,18A49,"S MAIN ST","113TH ST",30.00,S,N,A,-,N,,,,,,,,,,Y,3,0,1,3,A,-,03,22350,,N,B,E,A,A,H,-,C,D,0,,,,,Y,Y,A,01,0,1,0,0,0,0,0,0,0,"- ","- ",,,"LOS ANGELES","LOS ANGELES",-118.27388000488281,33.931968688964844
9015074,2019,2020-01-02,1942,2019-11-26,1300,44021,1863,2,5,7,1942,0,0,0,R,0,18A63,"115TH ST","AVALON BL",0.00,,Y,A,-,N,,,,,,,,,,Y,4,0,1,2,A,-,21,22106,,M,C,C,A,A,H,-,A,A,0,,,,,Y,Y,-,99,0,0,1,0,0,0,0,0,0,"- ","- ",,,"LOS ANGELES","LOS ANGELES",-118.26519012451172,33.930110931396484
9015262,2019,2020-01-07,1942,2019-10-08,1700,43364,1824,2,5,7,1942,0,0,0,R,0,18A44,CENTURY,MCKINLEY,0.00,,Y,A,-,N,,,,,,,,,,N,4,0,2,2,A,-,04,21703,,F,C,C,A,A,H,-,A,D,0,,,,,Y,Y,-,99,0,0,2,0,0,0,0,0,0,"- ","- ",,,"LOS ANGELES","LOS ANGELES",-118.26085662841797,33.945819854736328
90153134,2016,2016-04-07,9530,2016-03-05,0330,021030,,6,3,7,1941,0,1,1,,2,073,"I-710 N/B (LONG BEACH FREEWAY)","PACIFIC COAST HWY.",300.00,S,N,A,-,Y,,,710,,,,,,N,N,2,0,1,2,A,-,01,23152,A,F,B,G,A,A,H,-,C,D,0,,Y,,,Y,Y,A,01,1,0,0,0,0,0,1,0,0,"- ","- ",33.7881,-118.2075,"LOS ANGELES","LONG BEACH",-118.20765697,33.78807802
9015388,2019,2020-02-14,1902,2019-12-03,1901,783,14,2,5,5,1902,0,0,0,,0,002,"HUNTINGTON DR","1ST AV",0.00,,Y,A,-,N,,,,,,,,,,Y,4,0,1,3,A,-,01,23152,A,N,A,C,A,A,H,-,C,A,0,,,,,Y,Y,A,01,0,0,1,0,0,0,0,0,0,"- ","- ",,,"LOS ANGELES",ARCADIA,-118.02835083007812,34.140079498291016
90154991,2016,2017-01-25,9580,2016-03-05,0040,019776,,6,3,7,1942,0,1,3,,2,170,"SR-170 N/B (HOLLYWOOD FWY.)","VICTORY BLVD",1320.00,N,N,B,-,Y,,,170,,,,,,N,Y,1,1,0,2,A,-,00,21960,A,N,G,B,D,A,H,-,C,D,0,Y,,,,Y,Y,N,60,0,0,0,1,0,0,0,0,0,"- ","- ",34.191789999999997,-118.40197000000001,"LOS ANGELES","LOS ANGELES",-118.40205711999999,34.191778530000001
90155163,2016,2016-04-11,9530,2016-03-08,0105,020567,,2,3,7,1941,0,1,1,,2,430,"I-405 N/B (SAN DIEGO FREEWAY)","WOODRUFF AVE.",500.00,N,N,A,-,Y,,,405,,,,,,N,Y,4,0,1,2,A,-,01,23152,A,N,B,C,A,A,H,-,C,D,0,,,,,Y,Y,A,01,0,0,1,0,0,0,0,0,0,"- ","- ",33.802729999999997,-118.11762,"LOS ANGELES","LONG BEACH",-118.11761994,33.802733570000001
90155167,2016,2016-04-11,9565,2016-03-28,2110,020480,,1,2,9,1900,0,3,5,,2,006,"WILSHIRE BLVD","BONSALL AVE",200.00,E,N,A,-,N,,,,,,,,,,Y,2,0,1,1,A,-,01,23152,A,N,F,I,A,A,H,-,C,D,0,,,,,Y,Y,A,01,1,0,0,0,0,0,0,0,0,"- ","- ",34.054940000000002,-118.45466,"LOS ANGELES",UNINCORPORATED,-118.45451199999999,34.054791000000002
90156530,2016,2016-04-13,9535,2016-02-16,1019,017416,,2,1,4,1907,0,1,1,,2,072,"I-710 (LONG BEACH FREEWAY) N/B","FLORENCE AVE",600.00,N,N,A,-,Y,,,710,,,,,,N,Y,4,0,1,3,A,-,03,22350,,N,B,C,A,A,H,-,A,D,0,,,,Y,Y,Y,A,07,0,0,1,0,0,0,0,0,0,"- ","- ",33.970959999999998,-118.16773999999999,"LOS ANGELES",BELL,-118.16764842000001,33.97097213
9015688,2019,2020-01-07,1900,2019-11-27,2320,622009,2619,3,5,6,1950,0,0,0,,0,263T1,"SIERRA HWY","AVENUE O",0.00,,Y,C,-,N,,,,,,,,,,Y,4,0,3,2,A,-,01,23152,A,N,D,C,A,B,H,-,C,A,0,,,,,Y,Y,A,01,0,0,3,0,0,0,0,0,0,"- ","- ",34.617401123046875,-118.12380218505859,"LOS ANGELES",PALMDALE,-118.12375640869141,34.617340087890625
90157773,2016,2016-04-14,9530,2016-04-02,0058,020695,,6,3,5,1924,0,2,S,,2,901,"ALBERTONI ST (17600 BLOCK)",BROADWAY,10.00,S,N,A,-,N,,,,,,,,,,Y,3,0,1,1,A,-,01,23152,A,N,E,I,A,A,H,-,C,D,0,,,,,Y,Y,A,01,0,1,0,0,0,0,0,0,0,"- ","- ",33.870780000000003,-118.27840999999999,"LOS ANGELES",GARDENA,-118.27855154,33.870862240000001
90158266,2016,2016-04-15,9535,2016-02-14,1340,020794,,7,1,5,1943,0,1,1,,2,104,"I-105 E/B TO I-710 S/B","WRIGHT RD",560.00,W,N,A,-,Y,,,105,,,,R,,E,Y,4,0,4,4,A,-,03,22350,,N,C,C,A,A,H,-,A,D,0,,,,,Y,Y,A,07,0,0,4,0,0,0,0,0,0,"- ","- ",33.914290000000001,-118.18653999999999,"LOS ANGELES",LYNWOOD,-118.18653999999999,33.914290000000001
90159497,2016,2016-04-18,9530,2016-04-16,1700,020930,,6,2,9,1900,0,3,5,,2,002,"AVALON BLVD (12800 BLOCK)","EL SEGUNDO BLVD.",29.00,S,N,A,-,N,,,,,,,,,,Y,4,0,1,2,A,-,01,23152,A,F,C,C,A,A,H,-,A,D,0,,,,,Y,Y,A,01,0,0,1,0,0,0,0,0,0,"- ","- ",33.916200000000003,-118.26519999999999,"LOS ANGELES",UNINCORPORATED,-118.26525137,33.916340480000002
90160450,2016,2016-04-19,9580,2016-04-09,0310,019544,,6,3,9,1900,0,2,4,,1,127,"MALIBU CANYON RD",TUNNEL,2640.00,S,N,B,C,Y,,,,,,,,,,Y,4,0,4,1,A,-,03,22350,,N,E,I,A,B,H,-,C,D,0,,,,,Y,Y,A,01,0,0,4,0,0,0,0,0,0,"- ","- ",34.063000000000002,-118.6999,"LOS ANGELES",UNINCORPORATED,,
90164764,2016,2016-04-25,9565,2016-04-24,0110,021011,,7,3,9,1900,0,2,4,,2,022,"NORMANDIE AVE.","EL SEGUNDO BLVD.",0.00,,Y,A,-,N,,,,,,,,,,Y,4,0,3,4,A,-,01,23152,A,N,D,C,A,A,H,-,C,A,0,,,Y,,Y,Y,A,01,0,0,3,0,0,0,0,0,1,"- ","- ",33.916359999999997,-118.30065999999999,"LOS ANGELES",UNINCORPORATED,-118.30039008999999,33.916430060000003
90167399,2016,2016-04-28,9565,2016-04-01,2305,020604,,5,3,9,1900,0,2,4,,2,021,"VERMONT AVENUE S/B","110TH STREET",0.00,,Y,A,-,N,,,,,,,,,,Y,3,0,3,2,A,-,01,23152,A,N,D,C,A,A,H,-,C,A,0,,,,,Y,Y,A,01,0,2,1,0,0,0,0,0,0,"- ","- ",33.935510000000001,-118.29192999999999,"LOS ANGELES",UNINCORPORATED,-118.29194001,33.935490100000003
90170073,2016,2016-05-02,9530,2016-03-26,1950,021062,,6,2,9,1900,0,3,5,,2,006,"VERMONT AVENUE (21600 BLOCK)","CARSON STREET",161.00,N,N,B,-,N,,,,,,,,,,N,2,0,1,2,A,-,11,21954,A,N,G,B,D,A,H,-,C,D,0,Y,,,,Y,Y,N,60,1,0,0,0,1,0,0,0,0,"- ","- ",33.832099999999997,-118.2902,"LOS ANGELES",UNINCORPORATED,-118.29028,33.83204156
90171558,2016,2016-05-03,9550,2016-04-20,2130,021054,,3,2,9,1900,0,2,4,,1,011,"SLAUSON AVENUE","PIONEER BOULEVARD",25.00,W,N,A,-,N,,,,,,,,,,Y,3,0,1,2,A,-,01,23152,A,N,E,I,A,A,H,-,C,D,0,,,,,Y,Y,D,22,0,1,0,0,0,0,0,0,0,"- ","- ",33.966999999999999,-118.08261,"LOS ANGELES",UNINCORPORATED,-118.08234099000001,33.967042059999997
90171591,2016,2016-05-03,9580,2016-04-30,0135,020095,,6,3,7,1942,0,1,3,,2,116,"SR-118 W/B (RONALD REAGAN FWY.)","WHITE OAK AVE",300.00,W,N,A,-,Y,,,118,,,,,,W,Y,3,0,1,2,A,-,01,23152,A,N,C,C,A,A,H,-,C,D,0,,,Y,,Y,Y,C,02,0,1,0,0,0,0,0,0,1,"- ","- ",34.278019999999998,-118.51963000000001,"LOS ANGELES","LOS ANGELES",-118.51961673,34.278185049999998
90172031,2016,2016-05-03,9565,2016-04-10,1630,021163,,7,2,9,1900,0,2,S,,2,001,"VIA MARINA SOUTHBOUND","OLD HARBOR LANE",100.00,S,N,A,-,N,,,,,,,,,,Y,4,0,2,1,A,-,01,23152,A,N,E,I,A,A,H,-,A,D,0,,,,,Y,Y,A,01,0,0,2,0,0,0,0,0,0,"- ","- ",33.58173,-118.27110999999999,"LOS ANGELES",UNINCORPORATED,-118.45317512,33.967692579999998
90174332,2016,2016-05-06,9565,2016-04-26,0730,021200,,2,1,9,1900,0,3,5,,2,004,"LA CIENEGA BLVD N/B","LENNOX BLVD",20.00,S,N,A,-,N,,,,,,,,,,N,4,0,2,2,A,-,03,22350,,N,C,C,A,A,H,-,A,A,0,,,,,Y,Y,A,01,0,0,2,0,0,0,0,0,0,"- ","- ",33.937899999999999,-118.36997,"LOS ANGELES",UNINCORPORATED,-118.37012970000001,33.938115140000001
90177383,2016,2016-05-11,9550,2016-05-03,1753,018854,,2,2,9,1900,0,3,5,,2,005,"GALE AVENUE WESTBOUND","NOGALES STREET",199.00,W,N,A,-,N,,,,,,,,,,Y,2,0,1,14,A,-,01,23152,A,N,E,I,A,A,H,-,A,D,0,,,,,Y,Y,A,07,1,0,0,0,0,0,0,0,0,"- ","- ",33.996400000000001,-117.8892,"LOS ANGELES",UNINCORPORATED,-117.88907433,33.996308130000003
9017886,2019,2020-01-17,1942,2019-11-15,1448,39889,0395,5,5,7,1942,0,0,0,C,0,3A99,"S WESTERN AV","W MARTIN LUTHER KING JR BL",0.00,,Y,B,-,N,,,,,,,,,,Y,4,0,2,3,A,-,09,21801,A,N,A,C,A,A,H,-,A,A,0,,,,,Y,Y,A,01,0,0,2,0,0,0,0,0,0,"- ","- ",,,"LOS ANGELES","LOS ANGELES",-118.30892944335938,34.010848999023438
90179395,2016,2016-05-16,9530,2016-05-09,0340,020776,,1,3,9,1900,0,1,1,,2,210,"I-105 E/B (GLENN ANDERSON FWY)","COMPTON AVE.",960.00,E,N,A,-,Y,,,,,,,,,,Y,3,0,1,1,A,-,08,22107,,N,E,I,A,A,H,-,C,D,0,,,,,Y,Y,A,01,0,1,0,0,0,0,0,0,0,"- ","- ",33.554189999999998,-118.14348,"LOS ANGELES",UNINCORPORATED,-118.2431619,33.928255989999997
90180512,2016,2016-05-16,9525,2016-05-01,0210,021156,,7,3,9,1900,0,3,5,,2,004,"CALIFORNIA AVE","AMAR RD.",0.00,,Y,A,-,N,,,,,,,,,,Y,4,0,2,2,A,-,01,23152,A,N,D,C,A,A,H,-,C,D,0,,,,,Y,Y,A,07,0,0,2,0,0,0,0,0,0,"- ","- ",34.230550000000001,-117.57301,"LOS ANGELES",UNINCORPORATED,-117.95841009999999,34.041840049999998
90180832,2016,2016-05-17,9580,2016-05-15,0245,020828,,7,3,7,1942,0,1,3,,2,170,"SR-170 N/B (HOLLYWOOD FWY.)","ROSCOE BLVD",600.00,S,N,A,-,Y,,,170,,,,,,N,Y,3,0,3,2,A,-,01,23152,A,N,B,C,A,A,H,-,C,D,0,,,,,Y,Y,D,22,0,3,0,0,0,0,0,0,0,"- ","- ",34.216729999999998,-118.40881,"LOS ANGELES","LOS ANGELES",-118.40870861000001,34.216757479999998
90181318,2015,2016-05-17,9590,2015-12-10,2320,020997,,4,3,7,1942,0,1,2,,2,072,"US-101 N/B (HOLLYWOOD FREEWAY)","LANKERSHIM BOULEVARD",20.00,S,N,A,-,Y,,,101,,,,,,N,Y,3,0,3,2,A,-,01,23152,A,N,C,C,A,A,H,-,D,D,0,,,,,Y,Y,A,01,0,2,1,0,0,0,0,0,0,"- ","- ",34.137869999999999,-118.36282,"LOS ANGELES","LOS ANGELES",-118.36285208,34.137822739999997
90181906,2016,2016-05-18,9545,2016-05-10,2320,018090,,2,3,9,1900,0,3,5,,2,001,"AVENUE G","80TH ST  W",583.00,E,N,A,-,N,,,,,,,,,,Y,3,0,1,1,A,-,01,23152,A,N,F,I,A,A,H,-,D,D,0,,,,,Y,Y,A,07,0,1,0,0,0,0,0,0,0,"- ","- ",34.732930000000003,-118.26979,"LOS ANGELES",UNINCORPORATED,-118.27053355,34.732935740000002
90182429,2016,2016-05-18,9535,2016-05-05,2228,018527,,4,3,9,1900,0,2,4,,2,024,"WHITTIER BLVD (6000 BLOCK)","SCHOOL AVE",100.00,W,N,B,C,N,,,,,,,,,,N,2,0,1,2,A,-,11,21954,A,F,G,B,D,B,H,-,C,D,0,Y,,,,Y,Y,N,60,1,0,0,0,1,0,0,0,0,"- ","- ",34.017229999999998,-118.14259,"LOS ANGELES",UNINCORPORATED,-118.14250817,34.017280700000001
90184820,2016,2016-05-23,9545,2016-05-14,0620,019816,,6,1,9,1900,0,3,5,,2,003,"SIERRA HIGHWAY","SIERRA HWY",10.00,E,N,A,-,Y,,,,,,,,,,Y,3,0,1,1,A,-,01,23152,A,M,E,I,A,A,H,-,A,D,0,,,,,Y,Y,A,01,0,1,0,0,0,0,0,0,0,"- ","- ",34.486359999999998,-118.15391,"LOS ANGELES",UNINCORPORATED,-118.50957258,34.341973269999997
90184968,2016,2016-05-23,9530,2016-05-14,2340,021059,,6,3,7,1942,0,1,1,,2,120,"I-110 N/B (HARBOR FREEWAY)","CHANNEL ST.",2000.00,N,N,A,-,Y,,,110,,,,,,N,Y,3,0,2,2,A,-,01,23152,A,N,C,C,A,A,H,-,C,D,0,,,,,Y,Y,A,01,0,1,1,0,0,0,0,0,0,"- ","- ",33.760219999999997,-118.28804,"LOS ANGELES","LOS ANGELES",-118.28808179000001,33.760269370000003
90185705,2016,2016-05-24,9580,2016-05-21,0220,020836,,6,3,7,1942,0,1,2,,2,101,"US-101 S/B (HOLLYWOOD FWY)","LOS ANGELES RIVER",75.00,N,N,B,-,Y,,,101,,,,,,S,Y,3,0,1,1,A,-,01,23152,A,N,E,I,A,A,H,-,D,D,0,,,,,Y,Y,A,01,0,1,0,0,0,0,0,0,0,"- ","- ",34.144060000000003,-118.36793,"LOS ANGELES","LOS ANGELES",-118.36789132,34.144078440000001
90186814,2016,2016-06-29,9540,2016-05-11,2100,018582,,3,2,9,1900,0,1,3,,1,143,"SR-14 SB (ANTELOPE VALLEY FREEWAY)","SIERRA HIGHWAY",750.00,S,N,A,-,Y,,,,,,,,,,Y,3,0,4,2,A,-,01,23152,A,F,C,C,A,A,H,-,C,D,0,,,,,Y,Y,A,01,0,2,2,0,0,0,0,0,0,"- ","- ",34.336640000000003,-118.51147,"LOS ANGELES",UNINCORPORATED,-118.50830215000001,34.336998119999997
90189928,2016,2016-05-31,9590,2016-05-08,0445,021040,,7,3,7,1942,0,1,1,,2,082,"I-5 N/B (GOLDEN STATE FREEWAY)",BROADWAY,350.00,S,N,A,-,Y,,,5,,,,,,N,Y,2,0,3,2,A,-,01,23152,A,N,E,I,A,A,H,-,D,D,0,,,,,Y,Y,A,07,1,0,2,0,0,0,0,0,0,"- ","- ",34.072240000000001,-118.21881999999999,"LOS ANGELES","LOS ANGELES",-118.21888308,34.072215610000001
90190485,2016,2016-05-31,9540,2016-05-17,0421,020306,,2,3,7,1942,0,1,1,,2,500,"I-5 N/B (GOLDEN STATE FREEWAY)","RINALDI STREET",255.00,N,N,A,-,Y,,,5,,,,,,N,Y,4,0,1,2,A,-,01,23152,A,F,C,C,A,A,H,-,C,D,0,,,,,Y,Y,A,01,0,0,1,0,0,0,0,0,0,"- ","- ",34.28049,-118.45591,"LOS ANGELES","LOS ANGELES",-118.45598311000001,34.280446560000001