CASE_ID,ACCIDENT_YEAR,PROC_DATE,JURIS,COLLISION_DATE,COLLISION_TIME,OFFICER_ID,REPORTING_DISTRICT,DAY_OF_WEEK,CHP_SHIFT,POPULATION,CNTY_CITY_LOC,SPECIAL_COND,BEAT_TYPE,CHP_BEAT_TYPE,CITY_DIVISION_LAPD,CHP_BEAT_CLASS,BEAT_NUMBER,PRIMARY_RD,SECONDARY_RD,DISTANCE,DIRECTION,INTERSECTION,WEATHER_1,WEATHER_2,STATE_HWY_IND,CALTRANS_COUNTY,CALTRANS_DISTRICT,STATE_ROUTE,ROUTE_SUFFIX,POSTMILE_PREFIX,POSTMILE,LOCATION_TYPE,RAMP_INTERSECTION,SIDE_OF_HWY,TOW_AWAY,COLLISION_SEVERITY,NUMBER_KILLED,NUMBER_INJURED,PARTY_COUNT,PRIMARY_COLL_FACTOR,PCF_CODE_OF_VIOL,PCF_VIOL_CATEGORY,PCF_VIOLATION,PCF_VIOL_SUBSECTION,HIT_AND_RUN,TYPE_OF_COLLISION,MVIW,PED_ACTION,ROAD_SURFACE,ROAD_COND_1,ROAD_COND_2,LIGHTING,CONTROL_DEVICE,CHP_ROAD_TYPE,PEDESTRIAN_ACCIDENT,BICYCLE_ACCIDENT,MOTORCYCLE_ACCIDENT,TRUCK_ACCIDENT,NOT_PRIVATE_PROPERTY,ALCOHOL_INVOLVED,STWD_VEHTYPE_AT_FAULT,CHP_VEHTYPE_AT_FAULT,COUNT_SEVERE_INJ,COUNT_VISIBLE_INJ,COUNT_COMPLAINT_PAIN,COUNT_PED_KILLED,COUNT_PED_INJURED,COUNT_BICYCLIST_KILLED,COUNT_BICYCLIST_INJURED,COUNT_MC_KILLED,COUNT_MC_INJURED,PRIMARY_RAMP,SECONDARY_RAMP,LATITUDE,LONGITUDE,COUNTY,CITY,POINT_X,POINT_Y
90495479,2017,2017-07-07,9525,2017-07-05,0730,012772,,3,1,9,1900,0,3,5,,2,004,"SUNSET AVE (1100 BLK)","FAIRGROVE AVE",566.00,S,N,A,-,N,,,,,,,,,,Y,2,0,1,1,A,-,01,23152,A,N,E,I,A,A,H,-,A,D,0,,,,,Y,Y,D,22,1,0,0,0,0,0,0,0,0,"- ","- ",34.048780000000001,-117.95929,"LOS ANGELES",UNINCORPORATED,-117.95909,34.049160000000001
90495711,2017,2017-07-07,9545,2017-06-19,0040,020960,,1,3,9,1900,0,1,3,,2,021,"NB SR14 (ANTELOPE VALLEY FREEWAY)","AVENUE N",1320.00,S,N,A,-,Y,,,,,,,,,,Y,3,0,1,2,A,-,03,22350,,M,C,C,A,A,H,-,C,D,0,,,,,Y,Y,D,22,0,1,0,0,0,0,0,0,0,"- ","- ",34.62744,-118.15300000000001,"LOS ANGELES",UNINCORPORATED,,
90498466,2017,2017-07-11,9580,2017-07-09,0325,020828,,7,3,7,1942,0,1,1,,2,404,"I-405 N/B (SAN DIEGO FWY)","SHERMAN WAY",1300.00,S,N,A,-,Y,,,405,,,,,,N,Y,2,0,4,1,A,-,01,23152,A,N,E,I,A,A,H,-,C,D,0,,,,,Y,Y,A,01,1,2,1,0,0,0,0,0,0,"- ","- ",34.196190000000001,-118.47432000000001,"LOS ANGELES","LOS ANGELES",-118.47421724,34.196190000000001
90500536,2017,2017-07-14,9545,2017-07-05,0033,020521,,3,3,9,1900,0,3,5,,2,001,"90TH ST  W","AVENUE F-4",80.00,S,N,A,-,Y,,,,,,,,,,Y,4,0,1,1,A,-,01,23152,A,N,E,I,A,A,H,-,D,D,0,,,,,Y,Y,A,01,0,0,1,0,0,0,0,0,0,"- ","- ",34.742959999999997,-118.28995999999999,"LOS ANGELES",UNINCORPORATED,-118.28999,34.743530610000001
90500649,2017,2017-07-14,9530,2017-07-05,0252,020140,,3,3,5,1977,0,1,1,,2,410,"I-405 N/B (SAN DIEGO FREEWAY)","FIGUEROA ST.",200.00,S,N,A,-,Y,,,405,,,,,,N,Y,4,0,1,1,A,-,01,23152,A,N,E,I,A,A,H,-,C,D,0,,,,,Y,Y,A,01,0,0,1,0,0,0,0,0,0,"- ","- ",33.854419999999998,-118.28139,"LOS ANGELES",CARSON,-118.28147582,33.854329540000002
90501206,2017,2017-07-17,9550,2017-07-01,0100,021121,,6,3,3,1964,0,1,1,,2,650,"INTERSTATE 605 S/B","TELEGRAPH ROAD",1850.00,S,N,A,-,Y,,,605,,,,,,S,Y,3,0,1,2,A,-,01,23152,A,F,C,C,A,A,H,-,D,D,0,,,,,Y,Y,A,01,0,1,0,0,0,0,0,0,0,"- ","- ",33.946089999999998,-118.09424,"LOS ANGELES","SANTA FE SPRINGS",-118.09419370000001,33.946065660000002
90501702,2017,2017-07-17,9550,2017-07-08,2040,021263,,6,2,6,1920,0,1,1,,2,651,"INTERSTATE 605 N/B TO INTERSTATE 5","FLORENCE AVENUE",500.00,S,N,A,-,Y,,,605,,,,R,,N,Y,3,0,1,2,A,-,03,22350,,N,C,C,A,A,H,-,C,D,0,,,,,Y,Y,D,22,0,1,0,0,0,0,0,0,0,"- ","- ",33.934449999999998,-118.09965,"LOS ANGELES",DOWNEY,-118.09965,33.934449999999998
90502021,2017,2017-07-17,9540,2017-07-10,1230,018759,,1,1,9,1900,0,1,1,,2,506,"I-5 N/B (GOLDEN STATE FREEWAY)","LYONS AVE",100.00,S,N,A,-,Y,,,5,,,,,,N,Y,4,0,1,2,A,-,01,23152,A,N,C,C,A,A,H,-,A,D,0,,,,,Y,Y,A,01,0,0,1,0,0,0,0,0,0,"- ","- ",34.369329999999998,-118.55913,"LOS ANGELES",UNINCORPORATED,-118.55925452,34.369241549999998
90502511,2017,2017-07-18,9590,2017-07-04,0025,019805,,2,3,7,1942,0,1,1,,2,013,"SR-110 S/B (ARROYO SECO PARKWAY)","MARMION WAY",600.00,S,N,A,-,Y,,,110,,,,,,S,Y,4,0,1,1,A,-,01,23152,A,N,E,I,A,A,H,-,C,D,0,,,,,Y,Y,A,01,0,0,1,0,0,0,0,0,0,"- ","- ",34.11148,-118.18241,"LOS ANGELES","LOS ANGELES",-118.18239918,34.111533289999997
9050395,2020,2020-05-27,1900,2020-02-14,1520,623020,1363,5,5,5,1952,0,0,0,,0,136B,"SAN JUAN ST","ORANGE AV",2.00,E,N,A,-,N,,,,,,,,,,Y,3,0,1,2,A,-,05,21651,B,M,G,B,B,A,H,-,A,D,0,Y,,,,Y,Y,A,01,0,1,0,0,1,0,0,0,0,"- ","- ",33.901199340820312,-118.17749786376953,"LOS ANGELES",PARAMOUNT,-118.17753601074219,33.901248931884766
90504571,2017,2017-07-20,9530,2017-07-10,2138,020868,,1,2,9,1900,0,3,5,,2,006,"TORRANCE BLVD.","VERMONT AVE.",0.00,,Y,A,-,N,,,,,,,,,,Y,3,0,6,3,A,-,01,23152,A,F,D,C,A,A,H,-,C,A,0,,,,,Y,Y,D,22,0,4,2,0,0,0,0,0,0,"- ","- ",33.842060000000004,-118.28995999999999,"LOS ANGELES",UNINCORPORATED,-118.29004003,33.842030119999997
90506798,2017,2017-07-24,9580,2017-07-03,1945,021079,,1,2,7,1942,0,1,1,,2,407,"I-405 S/B (SAN DIEGO FWY)","DEVONSHIRE ST",900.00,S,N,A,-,Y,,,405,,,,,,S,Y,2,0,3,4,A,-,03,22350,,N,C,C,E,A,H,-,A,D,0,Y,,,,Y,Y,D,22,2,1,0,0,2,0,0,0,0,"- ","- ",34.254130000000004,-118.47224,"LOS ANGELES","LOS ANGELES",-118.47239403,34.254131190000003
90507287,2017,2017-07-25,9575,2017-07-20,2207,020729,,4,3,6,1953,0,1,1,,2,063,"I-210 E/B (FOOTHILL FREEWAY)","ORANGE GROVE BLVD.",400.00,W,N,A,-,Y,,,210,,,,,,E,Y,4,0,1,1,A,-,01,23152,A,N,E,I,A,A,H,-,C,D,0,,,,,Y,Y,A,01,0,0,1,0,0,0,0,0,0,"- ","- ",34.154719999999998,-118.15764,"LOS ANGELES",PASADENA,-118.15751265,34.154775280000003
90507707,2017,2017-07-25,9590,2017-07-10,0130,021179,,1,3,7,1942,0,1,1,,2,051,"I-110 S/B (HARBOR FREEWAY)","VERNON AVE",400.00,S,N,A,-,Y,,,110,,,,,,S,Y,3,0,2,3,A,-,07,21658,A,N,C,C,A,A,H,-,C,D,0,,,,,Y,Y,A,01,0,2,0,0,0,0,0,0,0,"- ","- ",34.002679999999998,-118.28118000000001,"LOS ANGELES","LOS ANGELES",-118.28120282,34.002679530000002
9050796,2020,2020-10-09,1941,2020-08-29,2151,11023,,6,5,7,1941,0,0,0,,0,,"SPRING ST","405 S",0.00,,Y,A,-,N,,,,,,,,,,Y,3,0,2,2,A,-,01,23152,A,N,D,C,A,A,H,-,C,A,0,,,,,Y,Y,A,,0,1,1,0,0,0,0,0,0,"- ",SF,,,"LOS ANGELES","LONG BEACH",-118.16230773925781,33.811771392822266
90510156,2017,2017-07-27,9590,2017-06-14,1530,021596,,3,2,7,1942,0,1,1,,2,060,"I-10 E/B (SANTA MONICA FREEWAY)","NORMANDIE AVE",150.00,W,N,A,-,Y,,,10,,,,,,E,N,4,0,1,2,A,-,03,22350,,N,C,C,A,A,H,-,A,D,0,,,,,Y,Y,A,08,0,0,1,0,0,0,0,0,0,"- ","- ",34.037010000000002,-118.30097000000001,"LOS ANGELES","LOS ANGELES",-118.30096992,34.036980040000003
90513588,2017,2017-08-01,9580,2017-07-23,0020,021173,,7,3,7,1942,0,1,2,,2,104,"US-101 N/B (VENTURA FREEWAY)","WHITE OAK AVE",300.00,N,N,A,-,Y,,,101,,,,,,N,Y,4,0,1,2,A,-,01,23152,A,N,C,C,A,A,H,-,D,D,0,,,,,Y,Y,A,01,0,0,1,0,0,0,0,0,0,"- ","- ",34.171300000000002,-118.5239,"LOS ANGELES","LOS ANGELES",-118.5239,34.171283850000002
90515498,2017,2017-08-03,9540,2017-07-23,0200,021374,,7,3,9,1900,0,2,4,,1,204,"BOUQUET CANYON RD","QUARRY RD",7392.00,S,N,A,-,N,,,,,,,,,,Y,3,0,1,1,A,-,01,23152,A,N,E,I,A,A,H,-,D,D,0,,,,,Y,Y,A,01,0,1,0,0,0,0,0,0,0,"- ","- ",34.544589999999999,-118.43581,"LOS ANGELES",UNINCORPORATED,-118.43387014,34.54715667
90519733,2017,2017-08-09,9580,2017-08-05,0045,021015,,6,3,7,1942,0,1,3,,2,117,"SR-118 W/B (RONALD REAGAN FWY.)","HAYVENHURST AVE",1500.00,E,N,A,-,Y,,,118,,,,,,W,Y,3,0,1,3,A,-,07,21658,A,N,B,C,A,A,H,-,C,D,0,,,,,Y,Y,A,07,0,1,0,0,0,0,0,0,0,"- ","- ",34.27167,-118.48938,"LOS ANGELES","LOS ANGELES",-118.48937295,34.271678639999998
90520226,2017,2017-08-09,9565,2017-08-05,1800,021453,,6,2,9,1900,0,2,4,,2,022,"NORMANDIE AVE.","110TH ST.",50.00,S,N,A,-,N,,,,,,,,,,N,3,0,1,2,A,-,11,21954,A,N,G,B,D,A,H,-,A,A,0,Y,,,,Y,Y,N,60,0,1,0,0,1,0,0,0,0,"- ","- ",33.935139999999997,-118.30024,"LOS ANGELES",UNINCORPORATED,-118.30030415,33.935372909999998
9052114,2019,2020-03-04,1965,2019-06-02,1654,3985,0B3A,7,5,5,1965,0,0,0,,0,B003,"WILSHIRE BL","BERKELEY ST",159.00,E,N,A,-,N,,,,,,,,,,,3,0,1,2,A,-,11,21955,,N,G,B,D,A,H,-,A,A,0,Y,,,,Y,Y,N,60,0,1,0,0,1,0,0,0,0,"- ","- ",,,"LOS ANGELES","SANTA MONICA",-118.47246551513672,34.040031433105469
9052229,2019,2020-03-10,1965,2019-05-14,2043,3856,0B2B,2,5,5,1965,0,0,0,,0,B003,"PICO BL","9TH ST",0.00,,Y,A,-,N,,,,,,,,,,N,2,0,2,3,A,-,01,23153,A,N,G,B,B,A,H,-,C,A,0,Y,Y,,,Y,Y,A,01,2,0,0,0,1,0,1,0,0,"- ","- ",37.004119873046875,-121.00485229492188,"LOS ANGELES","SANTA MONICA",-118.48188018798828,34.012859344482422
90522402,2017,2017-08-14,9540,2017-07-29,0004,021497,,6,3,9,1900,0,3,5,,2,007,"SLOAN CANYON RD","PARKER CANYON RD",190.00,N,N,A,-,N,,,,,,,,,,Y,3,0,1,2,A,-,01,23152,A,N,B,C,A,A,H,-,C,D,0,,,,,Y,Y,A,01,0,1,0,0,0,0,0,0,0,"- ","- ",34.490479999999998,-118.62821,"LOS ANGELES",UNINCORPORATED,-118.62830731,34.490332690000002
90523702,2017,2017-08-15,9590,2017-08-13,1000,021040,,7,1,7,1942,0,1,1,,2,012,"SR-110 N/B (ARROYO SECO PARKWAY)","AVENUE 60",1000.00,N,N,A,-,Y,,,110,,,,,,N,Y,3,0,2,2,A,-,01,23152,A,N,C,C,A,A,H,-,A,D,0,,,,,Y,Y,A,01,0,1,1,0,0,0,0,0,0,"- ","- ",34.109110000000001,-118.18488000000001,"LOS ANGELES","LOS ANGELES",-118.18491917999999,34.109123869999998
9052515,2019,2020-03-10,1965,2019-06-30,0156,3343,0B1J,7,5,5,1965,0,0,0,,0,B001,"6TH ST","SANTA MONICA BL",0.00,,Y,A,-,N,,,,,,,,,,N,2,0,1,2,A,-,09,21801,A,N,D,C,A,A,H,-,C,A,0,,,Y,,Y,Y,A,01,1,0,0,0,0,0,0,0,1,"- ","- ",37.009220123291016,-121.01660919189453,"LOS ANGELES","SANTA MONICA",-118.49330902099609,34.017959594726562
90526785,2017,2017-08-21,9590,2017-08-03,2340,021124,,4,3,7,1942,0,1,1,,2,060,"I-10 E/B (SANTA MONICA FREEWAY)","REDONDO BLVD.",100.00,W,N,A,-,Y,,,10,,,,,,E,Y,2,0,1,1,A,-,01,23152,G,N,F,A,A,A,H,-,C,D,0,,,Y,,Y,Y,C,02,1,0,0,0,0,0,0,0,1,"- ","- ",34.033850000000001,-118.35608999999999,"LOS ANGELES","LOS ANGELES",-118.3560919,34.033882949999999
90530642,2017,2017-08-25,9565,2017-08-23,1324,021473,,3,1,9,1900,0,3,5,,2,002,"EL SEGUNDO BLVD","HALLDALE AVE",155.00,E,N,A,-,N,,,,,,,,,,Y,2,0,5,4,A,-,01,23152,A,F,C,C,A,A,H,-,A,D,0,,,,,Y,Y,A,01,2,0,3,0,0,0,0,0,0,"- ","- ",33.916420000000002,-118.3022,"LOS ANGELES",UNINCORPORATED,-118.30187013,33.916435610000001
90531625,2017,2017-08-25,9565,2017-08-23,1433,016326,,3,2,9,1900,0,2,4,,1,032,"SLAUSON AVE.","KENISTON AVE",100.00,W,N,A,-,N,,,,,,,,,,Y,2,0,3,3,A,-,01,23152,A,N,B,C,A,A,H,-,A,A,0,,,,,Y,Y,A,01,3,0,0,0,0,0,0,0,0,"- ","- ",33.988959999999999,-118.34201,"LOS ANGELES",UNINCORPORATED,-118.34232926,33.988950000000003
90533853,2017,2017-08-25,9535,2017-08-20,0630,019056,,7,1,9,1900,0,2,4,,2,024,"WHITTIER BLVD","EASTERN AVE",0.00,,Y,A,-,Y,,,,,,,,,,Y,3,0,1,2,A,-,01,23152,A,N,D,C,A,A,H,-,A,A,0,,,,,Y,Y,A,01,0,1,0,0,0,0,0,0,0,"- ","- ",34.023910000000001,-118.17394,"LOS ANGELES",UNINCORPORATED,-118.17396006,34.023920070000003
90535251,2017,2017-08-28,9565,2017-08-20,1502,018804,,7,2,7,1942,0,1,1,,2,061,"I-405 N/B TO JEFFERSON BLVD","JEFFERSON BLVD.",542.00,S,N,A,-,Y,,,405,,,,R,,N,Y,3,0,1,1,A,-,01,23152,A,N,E,I,A,A,H,-,A,D,0,,,,,Y,Y,D,22,0,1,0,0,0,0,0,0,0,"- ","- ",33.986759999999997,-118.39769,"LOS ANGELES","LOS ANGELES",-118.39769,33.986759999999997
90535488,2017,2017-08-28,9530,2017-08-27,0510,021493,,7,3,7,1942,0,1,1,,2,110,"I-110 S/B (HARBOR FREEWAY)","182ND ST.",300.00,S,N,B,-,Y,,,110,,,,,,S,Y,2,0,3,2,A,-,01,23152,A,N,B,C,A,A,H,-,C,D,0,,,,,Y,Y,A,01,1,1,1,0,0,0,0,0,0,"- ","- ",33.867530000000002,-118.28537,"LOS ANGELES","LOS ANGELES",-118.28506702,33.867530289999998
9053699,2019,2020-03-12,1942,2019-10-21,1910,38387,0427,1,5,7,1942,0,0,0,D,0,4Z1,"SOTO ST","MULTNOMAH AV",0.00,,Y,A,-,N,,,,,,,,,,N,4,0,1,2,D,-,00,,,N,D,C,A,A,H,-,C,D,0,,,Y,,Y,Y,-,"- ",0,0,1,0,0,0,0,0,1,"- ","- ",34.076541900634766,-118.19374847412109,"LOS ANGELES","LOS ANGELES",-118.19522094726562,34.068988800048828
90538060,2017,2017-08-31,9540,2017-08-13,0525,021308,,7,3,9,1900,0,1,3,,2,146,"SR-14 N/B (ANTELOPE VALLEY FWY)","SOLEDAD CANYON RD",6864.00,N,N,A,-,Y,,,14,,,,,,N,Y,1,1,1,2,A,-,01,23152,A,N,C,E,A,A,H,-,D,D,0,,,,,Y,Y,A,01,0,1,0,0,0,0,0,0,0,"- ","- ",34.442729999999997,-118.36471,"LOS ANGELES",UNINCORPORATED,-118.36474552999999,34.442753320000001
90538997,2017,2017-09-01,9525,2017-08-12,2030,021393,,6,2,9,1900,0,3,5,,2,004,"CALIFORNIA AVE. (BLOCK 1000)","RAGUS ST.",100.00,S,N,A,-,N,,,,,,,,,,Y,3,0,1,2,A,-,01,23152,A,N,A,C,A,A,H,-,C,D,0,,,,,Y,Y,A,01,0,1,0,0,0,0,0,0,0,"- ","- ",34.044220000000003,-117.95581,"LOS ANGELES",UNINCORPORATED,-117.95585957999999,34.044255669999998
90539582,2017,2017-09-04,9550,2017-08-27,0129,021198,,7,3,6,1949,0,1,1,,2,651,"INTERSTATE 605 OFF-RAMP TO HOXIE AVENUE","HOXIE AVENUE",13.00,W,N,A,-,Y,,,605,,,,R,,,Y,3,0,1,1,A,-,01,23152,A,N,E,I,A,A,H,-,C,A,0,,,,,Y,Y,A,01,0,1,0,0,0,0,0,0,0,"- ","- ",33.915909999999997,-118.10362000000001,"LOS ANGELES",NORWALK,-118.10362000000001,33.915909999999997
90541039,2017,2017-09-05,9565,2017-09-04,2103,021171,,1,2,5,1965,0,1,1,,2,081,"I-10 E/B (SANTA MONICA FREEWAY)","20TH STREET",69.00,E,N,B,-,Y,,,10,,,,,,E,Y,4,0,7,4,A,-,01,23152,A,F,B,C,A,A,H,-,D,D,0,,,,,Y,Y,A,01,0,0,7,0,0,0,0,0,0,"- ","- ",34.023330000000001,-118.4735,"LOS ANGELES","SANTA MONICA",-118.47349219,34.023302000000001
90541472,2017,2017-09-06,9530,2017-09-05,0435,020583,,2,3,9,1900,0,1,1,,2,210,"I-105 E/B (GLENN ANDERSON FWY)","ALAMEDA ST.",170.00,W,N,A,-,Y,,,105,,,,,,E,Y,3,0,3,3,A,-,01,23152,A,N,E,I,A,A,H,-,D,D,0,,,,,Y,Y,A,08,0,3,0,0,0,0,0,0,0,"- ","- ",33.929220000000001,-118.22628,"LOS ANGELES",UNINCORPORATED,-118.22628087,33.929223690000001
9054412,2020,2020-06-05,1941,2020-02-15,1817,10168,,6,5,7,1941,0,0,0,,0,,"ARTESIA BL","BUTLER AV",115.00,E,N,A,-,N,,,,,,,,,,Y,4,0,1,2,A,-,05,21650,,N,A,C,A,A,H,-,C,A,0,,,,,Y,Y,-,,0,0,1,0,0,0,0,0,0,"- ","- ",,,"LOS ANGELES","LONG BEACH",-118.19659423828125,33.874240875244141
90545800,2017,2017-09-12,9525,2017-08-31,0508,016677,,4,3,5,1990,0,1,3,,2,604,"SR-60 E/B (POMONA FWY)","PROSPECTORS RD",885.00,W,N,B,-,Y,,,60,,,,,,E,Y,3,0,1,2,A,-,01,23152,A,N,E,I,A,A,H,-,C,D,0,,,,Y,Y,Y,A,01,0,1,0,0,0,0,0,0,0,"- ","- ",34.01887,-117.81554,"LOS ANGELES","DIAMOND BAR",-117.81568065,34.018977700000001
90546034,2017,2017-09-12,9590,2017-07-23,0103,021190,,7,3,7,1942,0,1,1,,2,083,"I-5 S/B (GOLDEN STATE FREEWAY)","HUMBOLDT STREET",400.00,N,N,A,-,Y,,,5,,,,,,S,Y,4,0,5,2,A,-,03,22350,,N,C,C,A,A,H,-,C,D,0,,,,,Y,Y,A,01,0,0,5,0,0,0,0,0,0,"- ","- ",34.079709999999999,-118.22093,"LOS ANGELES","LOS ANGELES",-118.22093211000001,34.079707880000001
90546517,2017,2017-09-13,9540,2017-09-08,0247,021802,,5,3,6,1985,0,1,3,,2,146,"SR-14 N/B (ANTELOPE VALLEY FWY)","OAK SPRING CANYON RD",100.00,S,N,A,-,Y,,,14,,,,,,N,Y,3,0,1,1,A,-,01,23152,A,N,E,I,A,A,H,-,D,D,0,,,,,Y,Y,A,01,0,1,0,0,0,0,0,0,0,"- ","- ",34.427729999999997,-118.41576000000001,"LOS ANGELES","SANTA CLARITA",-118.41576238,34.427626400000001
9054903,2020,2020-07-13,1942,2020-01-19,1950,43901,1764,7,5,7,1942,0,0,0,Q,0,17A67,"DEVONSHIRE ST","TUNNEY AV",0.00,,Y,A,-,N,,,,,,,,,,Y,3,0,3,3,A,-,01,23153,,N,A,C,A,A,H,-,E,D,0,,,,,Y,Y,A,07,0,1,2,0,0,0,0,0,0,"- ","- ",,,"LOS ANGELES","LOS ANGELES",-118.55790710449219,34.257251739501953
9055276,2020,2020-03-04,1942,2020-01-17,2230,42603,0176,5,5,7,1942,0,0,0,A,0,IFB04W,"LOS ANGELES","8TH ST",5.00,N,N,A,-,N,,,,,,,,,,N,4,0,1,2,A,-,12,21453,A,N,D,G,A,A,H,-,C,A,0,,Y,,,Y,Y,L,04,0,0,1,0,0,0,1,0,0,"- ","- ",,,"LOS ANGELES","LOS ANGELES",-118.25230407714844,34.041896820068359
90555505,2017,2017-09-26,9590,2017-09-14,0149,020046,,4,3,7,1942,0,1,1,,2,084,"I-5 N/B (GSF) FROM LOS FELIZ BLVD.","LOS FELIZ BLVD.",400.00,S,N,A,-,Y,,,5,,,,R,,N,Y,4,0,1,1,A,-,01,23152,A,N,E,I,A,A,H,-,D,D,0,,,,,Y,Y,A,01,0,0,1,0,0,0,0,0,0,"- ","- ",34.120049999999999,-118.27051,"LOS ANGELES","LOS ANGELES",-118.27051,34.120049999999999
90556692,2017,2017-09-27,9535,2017-09-17,1135,020347,,7,1,9,1900,0,1,1,,2,071,"I-710 S/B TO WHTTIER BLVD/OLYMPIC BLVD","I-710 SB TO WHITTIER BLVD/OLYMPIC BLVD",35.00,S,N,A,-,Y,,,710,,,,R,,S,Y,3,0,1,1,A,-,01,23152,A,N,E,I,A,A,H,-,A,A,0,,,,,Y,Y,A,01,0,1,0,0,0,0,0,0,0,"- ","- ",34.021830000000001,-118.17392,"LOS ANGELES",UNINCORPORATED,-118.17392,34.021830000000001
9055678,2020,2020-06-25,1942,2020-02-13,1225,42664,0659,4,5,7,1942,0,0,0,F,0,6A79,"FOUNTAIN AV","WESTERN AV",0.00,,Y,A,-,N,,,,,,,,,,N,4,0,3,2,A,-,12,21453,A,N,D,C,A,A,H,-,A,A,0,,,,,Y,Y,-,"- ",0,0,3,0,0,0,0,0,0,"- ","- ",,,"LOS ANGELES","LOS ANGELES",-118.30919647216797,34.094879150390625
90561606,2017,2017-10-03,9590,2017-09-26,0209,018529,,2,3,7,1942,0,1,1,,2,060,"I-10 E/B TO WESTERN AVE. OFF RAMP","WESTERN AVE.",500.00,W,N,A,-,Y,,,10,,,,R,,E,Y,3,0,1,1,A,-,01,23152,A,N,E,J,A,A,H,-,C,D,0,,,,,Y,Y,A,07,0,1,0,0,0,0,0,0,0,"- ","- ",34.036659999999998,-118.31169,"LOS ANGELES","LOS ANGELES",-118.31169,34.036659999999998
90562033,2017,2017-10-03,9580,2017-09-15,0415,020296,,5,3,7,1942,0,1,2,,2,100,"US-101 N/B (VENTURA FREEWAY)","TUJUNGA AVE",11.00,N,N,A,-,Y,,,101,,,,,,N,Y,3,0,1,2,A,-,01,23152,A,N,B,C,A,A,H,-,D,D,0,,,,Y,Y,Y,G,25,0,1,0,0,0,0,0,0,0,"- ","- ",34.154640000000001,-118.37906,"LOS ANGELES","LOS ANGELES",-118.37906,34.15460186
9056268,2019,2020-03-17,1946,2019-12-19,1958,P36,1946,4,5,4,1946,0,0,0,,0,003,EVERGREEN,MOUTAIN,260.00,W,N,B,-,N,,,,,,,,,,Y,2,0,1,2,A,-,01,23152,A,N,C,C,A,A,H,-,C,A,0,,,Y,,Y,Y,C,02,1,0,0,0,0,0,0,0,1,"- ","- ",,,"LOS ANGELES",MONROVIA,-117.986328125,34.135028839111328
90565701,2017,2017-10-09,9590,2017-09-17,0240,021767,,7,3,7,1942,0,1,1,,2,013,"SR-110 S/B (ARROYO SECO PARKWAY)","AVE. 43",250.00,N,N,A,-,Y,,,110,,,,,,S,Y,3,0,1,1,A,-,01,23152,A,N,E,I,A,A,H,-,C,D,0,,,,,Y,Y,A,07,0,1,0,0,0,0,0,0,0,"- ","- ",34.093449999999997,-118.20641000000001,"LOS ANGELES","LOS ANGELES",-118.20635194,34.093449499999998
90567728,2017,2017-10-11,9540,2017-10-01,2027,021374,,7,2,7,1942,0,1,1,,2,213,"I-210 E/B (FOOTHILL FRWY) TO HUBBARD ST","HUBBARD ST",20.00,W,N,A,-,Y,,,210,,,,R,,E,N,3,0,2,2,A,-,01,23152,A,M,C,C,A,A,H,-,C,A,0,,,,,Y,Y,D,22,0,2,0,0,0,0,0,0,0,"- ","- ",34.308129999999998,-118.42986000000001,"LOS ANGELES","LOS ANGELES",-118.42986000000001,34.308129999999998
9056793,2020,2020-03-18,1920,2020-02-08,0212,13321,1920,6,5,6,1920,0,0,0,,0,006,"STEWART AND GRAY RD","DOWNEY AV",0.00,,Y,A,-,N,,,,,,,,,,N,4,0,2,2,A,-,01,23152,A,N,D,C,A,A,H,-,C,A,0,,,,,Y,Y,A,01,0,0,2,0,0,0,0,0,0,"- ","- ",,,"LOS ANGELES",DOWNEY,-118.13870239257812,33.932071685791016
90568037,2017,2017-10-11,9525,2017-10-01,0055,021156,,7,3,6,1955,0,1,3,,2,572,"SR-57 N/B TO I-10 W/B","SOUTH CAMPUS DR.",616.00,N,N,A,-,Y,,,57,,,,R,,N,Y,2,0,1,1,A,-,01,23152,A,N,E,I,A,A,H,-,C,D,0,,,,,Y,Y,A,01,1,0,0,0,0,0,0,0,0,"- ","- ",34.061720000000001,-117.80497,"LOS ANGELES",POMONA,-117.80497,34.061720000000001
90572562,2017,2017-10-18,9540,2017-10-11,1815,020634,,3,2,9,1900,0,2,4,,2,010,"THE OLD ROAD","SAGECREST CIR",106.00,S,N,A,-,N,,,,,,,,,,Y,3,0,1,2,A,-,09,21804,,N,D,C,A,A,H,-,A,D,0,,,,,Y,Y,A,01,0,1,0,0,0,0,0,0,0,"- ","- ",34.37773,-118.56734,"LOS ANGELES",UNINCORPORATED,-118.56749664,34.377769430000001
90572859,2017,2017-10-18,9550,2017-10-10,1910,021449,,2,2,6,1920,0,1,1,,2,151,"I-105 WB","LAKEWOOD BOULEVARD",600.00,W,N,A,-,Y,,,105,,,,,,W,Y,3,0,1,2,A,-,01,23152,A,N,C,C,A,A,H,-,C,D,0,,,,Y,Y,Y,A,01,0,1,0,0,0,0,0,0,0,"- ","- ",33.913400000000003,-118.13807,"LOS ANGELES",DOWNEY,-118.13807039,33.91324547