CASE_ID,ACCIDENT_YEAR,PROC_DATE,JURIS,COLLISION_DATE,COLLISION_TIME,OFFICER_ID,REPORTING_DISTRICT,DAY_OF_WEEK,CHP_SHIFT,POPULATION,CNTY_CITY_LOC,SPECIAL_COND,BEAT_TYPE,CHP_BEAT_TYPE,CITY_DIVISION_LAPD,CHP_BEAT_CLASS,BEAT_NUMBER,PRIMARY_RD,SECONDARY_RD,DISTANCE,DIRECTION,INTERSECTION,WEATHER_1,WEATHER_2,STATE_HWY_IND,CALTRANS_COUNTY,CALTRANS_DISTRICT,STATE_ROUTE,ROUTE_SUFFIX,POSTMILE_PREFIX,POSTMILE,LOCATION_TYPE,RAMP_INTERSECTION,SIDE_OF_HWY,TOW_AWAY,COLLISION_SEVERITY,NUMBER_KILLED,NUMBER_INJURED,PARTY_COUNT,PRIMARY_COLL_FACTOR,PCF_CODE_OF_VIOL,PCF_VIOL_CATEGORY,PCF_VIOLATION,PCF_VIOL_SUBSECTION,HIT_AND_RUN,TYPE_OF_COLLISION,MVIW,PED_ACTION,ROAD_SURFACE,ROAD_COND_1,ROAD_COND_2,LIGHTING,CONTROL_DEVICE,CHP_ROAD_TYPE,PEDESTRIAN_ACCIDENT,BICYCLE_ACCIDENT,MOTORCYCLE_ACCIDENT,TRUCK_ACCIDENT,NOT_PRIVATE_PROPERTY,ALCOHOL_INVOLVED,STWD_VEHTYPE_AT_FAULT,CHP_VEHTYPE_AT_FAULT,COUNT_SEVERE_INJ,COUNT_VISIBLE_INJ,COUNT_COMPLAINT_PAIN,COUNT_PED_KILLED,COUNT_PED_INJURED,COUNT_BICYCLIST_KILLED,COUNT_BICYCLIST_INJURED,COUNT_MC_KILLED,COUNT_MC_INJURED,PRIMARY_RAMP,SECONDARY_RAMP,LATITUDE,LONGITUDE,COUNTY,CITY,POINT_X,POINT_Y
91589579,2021,2021-10-06,9530,2021-09-19,2310,022585,,7,3,9,1900,0,3,5,,2,002,"MONA BLVD.","126TH ST",0.00,,Y,A,-,Y,,,,,,,,,,N,3,0,1,2,A,-,08,22107,,F,A,C,A,A,H,-,C,D,0,,,,,Y,Y,-,99,0,1,0,0,0,0,0,0,0,"- ","- ",33.918018341064453,-118.22750854492188,"LOS ANGELES",UNINCORPORATED,-118.22754669189453,33.918003082275391
91590471,2021,2021-10-07,9530,2021-09-25,2305,022669,,6,3,9,1900,0,3,5,,2,001,"87TH ST. (900 E. BLOCK)","CENTRAL AVE.",250.00,E,N,A,-,N,,,,,,,,,,Y,2,0,1,5,A,-,01,23152,A,N,B,C,A,A,H,-,C,D,0,,,,,Y,Y,A,01,1,0,0,0,0,0,0,0,0,"- ","- ",33.959228515625,-118.25576782226562,"LOS ANGELES",UNINCORPORATED,-118.25557708740234,33.959262847900391
91592774,2021,2021-10-11,9580,2021-10-07,1930,018583,,4,2,9,1900,0,1,2,,2,102,"US-101 N/B (VENTURA FREEWAY)","BALBOA AVE",1056.00,N,N,A,-,Y,,,,,,,,,,N,3,0,2,2,A,-,03,22350,,N,C,C,A,A,H,-,A,D,0,,,,,Y,Y,A,01,0,1,1,0,0,0,0,0,0,"- ","- ",34.171360015869141,-118.50485992431641,"LOS ANGELES",UNINCORPORATED,-118.50441741943359,34.171268463134766
91595363,2021,2021-10-13,9550,2021-10-05,0420,018150,,2,3,6,1920,0,1,1,,2,651,"I-605 (S/B) FROM FLORENCE AVENUE","FLORENCE AVENUE",800.00,S,N,B,C,Y,,,605,,,,R,,,Y,2,0,1,3,A,-,11,21954,A,N,G,B,E,B,H,-,C,D,0,Y,,,,Y,Y,N,60,1,0,0,0,1,0,0,0,0,"- ","- ",33.935909271240234,-118.09970855712891,"LOS ANGELES",DOWNEY,-118.09970855712891,33.935909271240234
91597279,2021,2021-10-15,9565,2021-09-26,2140,022672,,7,2,9,1900,0,2,4,,1,032,"SLAUSON AVE.","S. LA BREA AVE.",370.00,W,N,B,-,N,,,,,,,,,,Y,4,0,1,2,A,-,01,23152,A,N,C,C,A,A,H,-,C,D,0,,,,,Y,Y,A,07,0,0,1,0,0,0,0,0,0,"- ","- ",33.988441467285156,-118.35990905761719,"LOS ANGELES",UNINCORPORATED,-118.35976409912109,33.9884033203125
91597723,2021,2021-10-15,9575,2021-09-25,0440,022490,,6,3,9,1900,0,1,3,,2,300,"SR-2 (ANGELES CREST HIGHWAY)","GEORGES GAP TURN-OUT",5966.00,W,N,A,-,Y,,,2,,,,,,,Y,3,0,2,1,A,-,01,23152,A,M,E,I,A,A,H,-,D,D,0,,,,,Y,Y,A,01,0,2,0,0,0,0,0,0,0,"- ","- ",34.265048980712891,-118.18212127685547,"LOS ANGELES",UNINCORPORATED,-118.18211364746094,34.264991760253906
91598038,2021,2021-10-15,9550,2021-09-22,2155,022139,,3,2,5,1952,0,1,1,,2,150,"INTERSTATE I-105 (WESTBOUND)","GARFIELD AVENUE",500.00,E,N,A,-,Y,,,105,,,,,,,N,3,0,1,2,A,-,08,22107,,N,B,C,A,A,H,-,D,A,0,,,Y,,Y,Y,J,48,0,1,0,0,0,0,0,0,1,"- ","- ",33.911590576171875,-118.16517639160156,"LOS ANGELES",PARAMOUNT,-118.16517639160156,33.911563873291016
91598838,2021,2021-10-18,9580,2021-10-09,0238,022632,,6,3,7,1942,0,1,1,,2,404,"I-405 N/B (SAN DIEGO FWY)","MULHOLLAND DR",1350.00,N,N,A,-,Y,,,405,,,,,,N,Y,3,0,2,3,A,-,01,23152,A,N,C,C,A,A,H,-,D,D,0,,,,,Y,Y,A,07,0,1,1,0,0,0,0,0,0,"- ","- ",34.129600524902344,-118.47384643554688,"LOS ANGELES","LOS ANGELES",-118.47370910644531,34.129554748535156
91599946,2021,2021-10-19,9540,2021-10-02,1125,018037,,6,1,9,1900,0,1,1,,2,508,"I-5 N/B (GOLDEN STATE FREEWAY)","LAKE HUGHES RD U/C",185.00,S,N,A,-,Y,,,5,,,,,,N,Y,2,0,1,1,A,-,01,23152,A,N,E,I,A,A,H,-,A,D,0,,,,,Y,Y,D,22,1,0,0,0,0,0,0,0,0,"- ","- ",34.495361328125,-118.62339782714844,"LOS ANGELES",UNINCORPORATED,-118.62332916259766,34.495410919189453
9160216,2020,2020-11-10,1900,2020-09-20,0437,642840,0453,7,5,6,1949,0,0,0,,0,45T1PM,"FIRESTONE BL","WOODS AV",196.00,E,N,A,-,N,,,,,,,,,,Y,3,0,1,3,A,-,01,23152,A,N,B,E,A,A,H,-,C,D,0,,,,,Y,Y,A,01,0,1,0,0,0,0,0,0,0,"- ","- ",,,"LOS ANGELES",NORWALK,-118.08428192138672,33.913967132568359
91604986,2021,2021-10-25,9565,2021-10-08,2250,021951,,5,3,9,1900,0,3,5,,2,004,"106TH ST.","FREEMAN AVE.",180.00,E,N,A,-,Y,,,,,,,,,,N,3,0,1,3,A,-,01,23152,A,N,B,2,A,A,H,-,C,D,0,,,,,Y,Y,A,01,0,1,0,0,0,0,0,0,0,"- ","- ",33.939998626708984,-118.34770965576172,"LOS ANGELES",UNINCORPORATED,-118.34769439697266,33.940010070800781
9160530,2020,2021-01-07,1942,2020-10-07,1220,44301,1265,3,5,7,1942,0,0,0,L,0,12015,"NORMANDIE AV","84TH ST",0.00,,Y,A,-,N,,,,,,,,,,Y,3,0,1,2,A,-,09,21801,A,N,A,C,A,A,H,-,A,D,0,,,,,Y,Y,A,01,0,1,0,0,0,0,0,0,0,"- ","- ",,,"LOS ANGELES","LOS ANGELES",-118.30027008056641,33.962730407714844
91605469,2021,2021-10-25,9525,2021-10-18,0127,022509,,1,3,6,1955,0,1,1,,2,120,"I-10 E/B (SAN BERNARDINO FWY)","SR-57 S/B (ORANGE FWY)",1500.00,W,N,A,-,Y,,,10,,,,,,E,Y,3,0,1,2,A,-,01,23152,A,N,E,8,A,A,H,-,C,D,0,,,,,Y,Y,A,07,0,1,0,0,0,0,0,0,0,"- ","- ",34.064151763916016,-117.81004333496094,"LOS ANGELES",POMONA,-117.81002807617188,34.064067840576172
91605917,2021,2021-10-25,9525,2021-10-18,2145,015988,,1,2,6,1955,0,1,3,,2,571,"SR-57 S/B TO I-10 E/B","VIA VERDE",6336.00,S,N,B,-,Y,,,,,,,,,,Y,3,0,1,2,A,-,03,22350,,F,C,C,A,A,H,-,D,D,0,,,,,Y,Y,A,08,0,1,0,0,0,0,0,0,0,"- ","- ",34.066051483154297,-117.80314636230469,"LOS ANGELES",POMONA,-117.80580902099609,34.062515258789062
91606335,2021,2021-10-26,9580,2021-10-21,2325,022663,,4,3,7,1942,0,1,3,,2,115,"SR-118 W/B (RONALD REAGAN FWY.)","RESEDA BLVD",3696.00,E,N,A,-,Y,,,118,,,,,,W,Y,4,0,1,1,A,-,01,23152,A,N,B,I,A,A,H,-,D,D,0,,,,,Y,Y,A,01,0,0,1,0,0,0,0,0,0,"- ","- ",34.278388977050781,-118.52462005615234,"LOS ANGELES","LOS ANGELES",-118.52462005615234,34.278377532958984
91606429,2021,2021-10-26,9530,2021-10-15,2200,022696,,5,3,7,1942,0,1,1,,2,110,"I-110 S/B (HARBOR FREEWAY)","SR-91 W/B (ARTESIA FREEWAY)",1584.00,N,N,A,-,Y,,,110,,,,,,S,Y,4,0,3,2,A,-,01,23152,A,N,B,C,A,A,H,-,D,D,0,,,,,Y,Y,A,01,0,0,3,0,0,0,0,0,0,"- ","- ",33.878231048583984,-118.28527069091797,"LOS ANGELES","LOS ANGELES",-118.28514099121094,33.878231048583984
9160737,2020,2021-01-21,1942,2020-09-05,1835,42251,1792,6,5,7,1942,0,0,0,Q,0,17A81,"HATILLO AV","QUARTZ AV",183.00,W,N,A,-,N,,,,,,,,,,Y,3,0,1,2,A,-,01,23152,A,M,C,E,A,A,H,-,A,D,0,,,,,Y,Y,A,01,0,1,0,0,0,0,0,0,0,"- ","- ",,,"LOS ANGELES","LOS ANGELES",-118.5650634765625,34.226821899414062
91608065,2021,2021-11-04,9545,2021-10-17,1730,018058,,7,2,9,1900,0,1,3,,2,021,"SR-14 N/B AEROSPACE HIGHWAY","AVENUE M",3062.00,S,N,A,-,Y,,,14,,,,,,N,Y,2,0,2,2,A,-,01,23153,A,N,C,C,A,A,H,-,A,D,0,,,,,Y,Y,A,01,1,0,1,0,0,0,0,0,0,"- ","- ",34.637229919433594,-118.15299224853516,"LOS ANGELES",UNINCORPORATED,-118.15304565429688,34.637229919433594
91612089,2021,2021-11-01,9535,2021-10-21,1324,022025,,4,1,9,1900,0,1,1,,2,650,"I-605 (SAN GABRIEL RIVER FREEWAY) N/B","VALLEY BLVD",2650.00,S,N,A,-,Y,,,605,,,,,,N,Y,4,0,1,3,A,-,03,22350,,N,C,C,A,A,H,-,A,D,0,,,,,Y,Y,A,08,0,0,1,0,0,0,0,0,0,"- ","- ",34.047531127929688,-118.00789642333984,"LOS ANGELES",UNINCORPORATED,-118.00791931152344,34.047542572021484
91612405,2021,2021-11-01,9545,2021-10-21,0200,017495,,4,3,9,1900,0,1,3,,1,046,"SR-2 (ANGELES CREST HIGHWAY)","DAWSON SADDLE",3649.00,E,N,A,-,Y,,,2,,,,,,,Y,2,0,2,1,A,-,01,23152,A,N,E,I,A,A,H,-,A,D,0,,,,,Y,Y,A,01,1,1,0,0,0,0,0,0,0,"- ","- ",34.362079620361328,-117.80271911621094,"LOS ANGELES",UNINCORPORATED,-117.80235290527344,34.362228393554688
91613068,2021,2021-11-02,9550,2021-10-24,0333,022439,,7,3,9,1900,0,1,1,,2,651,"INTERSTATE 605 N/B TO INTERSTATE 105 W/B","ROSECRANS AVENUE",500.00,S,N,A,-,Y,,,,,,,,,,Y,4,0,1,2,A,-,07,21658,A,N,B,C,A,A,H,-,E,D,0,,,,,Y,Y,A,08,0,0,1,0,0,0,0,0,0,"- ","- ",33.914119720458984,-118.11173248291016,"LOS ANGELES",UNINCORPORATED,-118.10501861572266,33.900611877441406
91614484,2021,2021-11-03,9525,2021-10-30,0444,022630,,6,3,5,1990,0,1,3,,2,602,"SR-60 E/B (POMONA FWY)","BREA CANYON RD.",100.00,W,N,B,-,Y,,,60,,,,,,E,Y,4,0,1,2,A,-,01,23152,A,N,C,C,A,A,H,-,D,D,0,,,,,Y,Y,A,01,0,0,1,0,0,0,0,0,0,"- ","- ",34.000431060791016,-117.84535980224609,"LOS ANGELES","DIAMOND BAR",-117.84535217285156,34.000404357910156
9161452,2020,2021-02-03,1956,2020-09-19,0712,1366,52,6,5,5,1956,0,0,0,,0,004,"AVIATION BL","VOORHEES AV",129.00,S,N,A,-,N,,,,,,,,,,Y,3,0,1,1,A,-,"- ",,A,N,E,I,A,A,H,-,A,A,0,,,,,Y,Y,A,01,0,1,0,0,0,0,0,0,0,"- ","- ",,,"LOS ANGELES","REDONDO BEACH",-118.38004302978516,33.876235961914062
91616160,2021,2021-11-04,9565,2021-10-23,0230,022642,,6,3,5,1928,0,1,1,,2,012,"I-105 W/B (CENTURY FWY)","WESTERN AVE.",200.00,W,N,B,-,Y,,,,,,,,,,Y,2,0,1,1,A,-,01,23152,A,N,E,I,A,B,H,-,C,D,0,,,,,Y,Y,A,01,1,0,0,0,0,0,0,0,0,"- ","- ",33.925830841064453,-118.30991363525391,"LOS ANGELES",HAWTHORNE,-118.3096923828125,33.925685882568359
91618642,2021,2021-11-08,9535,2021-10-27,1530,022025,,3,2,9,1900,0,2,4,,2,024,"WHITTIER BLVD","BURGER AVE",0.00,,Y,A,-,N,,,,,,,,,,Y,4,0,2,2,A,-,09,21802,A,M,D,C,A,A,H,-,A,A,0,,,,,Y,Y,D,22,0,0,2,0,0,0,0,0,0,"- ","- ",34.023590087890625,-118.172119140625,"LOS ANGELES",UNINCORPORATED,-118.172119140625,34.023529052734375
91619779,2021,2021-11-09,9540,2021-10-30,2321,021882,,6,3,3,1961,0,1,1,,2,213,"I-210 E/B","POLK ST",528.00,W,N,A,-,Y,,,,,,,,,,Y,4,0,1,3,A,-,03,22350,,N,C,C,A,A,D,-,D,D,0,,,,,Y,Y,A,01,0,0,1,0,0,0,0,0,0,"- ","- ",34.323398590087891,-118.46910858154297,"LOS ANGELES","SAN FERNANDO",-118.43968963623047,34.316154479980469
91619924,2021,2021-11-09,9550,2021-10-30,0250,022208,,6,3,5,1935,0,1,1,,2,652,"INTERSTATE 605 (SAN GABRIEL RIVER FREEWAY)","CARSON STREET",1235.00,S,N,A,-,Y,,,,,,,,,,Y,3,0,1,2,A,-,01,23152,A,N,B,C,A,A,H,-,C,D,0,,,,,Y,Y,A,01,0,1,0,0,0,0,0,0,0,"- ","- ",33.828109741210938,-118.08257293701172,"LOS ANGELES",LAKEWOOD,-118.08263397216797,33.828323364257812
91621347,2021,2021-11-10,9545,2021-10-29,0215,022265,,5,3,9,1900,0,1,3,,2,031,"SR-14 N/B","SANTIAGO RD",2851.00,N,N,A,-,Y,,,14,,,,,,N,Y,3,0,1,2,A,-,03,22350,,N,C,C,A,A,H,-,D,D,0,,,,,Y,Y,A,01,0,1,0,0,0,0,0,0,0,"- ","- ",34.485141754150391,-118.15435028076172,"LOS ANGELES",UNINCORPORATED,-118.15434265136719,34.485214233398438
91623384,2021,2021-11-12,9565,2021-10-31,2330,022226,,7,3,5,1928,0,1,1,,2,012,"I-105 WB TO CRENSHAW BLVD","CRENSHAW BLVD",300.00,E,N,A,-,Y,,,105,,,,R,,W,Y,3,0,5,3,A,-,01,23152,A,N,C,C,A,A,H,-,C,D,0,,,,,Y,Y,A,08,0,1,4,0,0,0,0,0,0,"- ","- ",33.926521301269531,-118.32563781738281,"LOS ANGELES",HAWTHORNE,-118.32563781738281,33.926521301269531
91624234,2021,2021-11-15,9545,2021-11-03,2325,021497,,3,3,9,1900,0,1,3,,1,012,"SR-138 (AVENUE D)","170TH ST  W",0.00,,Y,A,-,Y,,,138,,,,,,,Y,3,0,2,2,A,-,01,23153,A,N,D,2,A,A,H,-,C,A,0,,,,,Y,Y,A,01,0,1,1,0,0,0,0,0,0,"- ","- ",34.775070190429688,-118.43129730224609,"LOS ANGELES",UNINCORPORATED,-118.43129730224609,34.775081634521484
91624854,2021,2021-11-15,9550,2021-11-06,0200,022587,,6,3,3,1964,0,1,1,,2,500,"I-5 NB TO FLORENCE AVE","FLORECENCE AVENUE",610.00,N,N,A,-,Y,,,5,,,,R,,N,Y,3,0,2,2,A,-,01,23152,A,F,C,C,A,A,H,-,D,D,0,,,,,Y,Y,A,01,0,1,1,0,0,0,0,0,0,"- ","- ",33.936908721923828,-118.09324645996094,"LOS ANGELES","SANTA FE SPRINGS",-118.09324645996094,33.936908721923828
91624865,2021,2021-11-15,9580,2021-11-13,1749,021807,,6,2,3,1989,0,1,2,,2,107,"US-101 S/B (VENTURA FREEWAY)","LOST HILLS RD",46.00,S,N,A,-,Y,,,101,,,,,,S,Y,3,0,4,2,A,-,01,23152,A,N,C,C,A,A,H,-,D,D,0,,,,,Y,Y,A,01,0,4,0,0,0,0,0,0,0,"- ","- ",34.141078948974609,-118.70953369140625,"LOS ANGELES",CALABASAS,-118.70944213867188,34.140834808349609
91626250,2021,2021-11-16,9565,2021-11-04,1709,019696,,4,2,7,1942,0,1,1,,2,064,"I-405 N/B","MORAGA DRIVE",250.00,N,N,A,-,Y,,,405,,,,,,N,Y,3,0,1,2,A,-,01,23152,A,N,C,C,A,A,H,-,A,D,0,,,,,Y,Y,A,07,0,1,0,0,0,0,0,0,0,"- ","- ",34.078060150146484,-118.47059631347656,"LOS ANGELES","LOS ANGELES",-118.47060394287109,34.078060150146484
91626821,2021,2021-11-17,9535,2021-11-04,1500,022641,,4,2,5,1901,0,1,1,,2,421,"I-10 WESTBOUND (SAN BERNARDINO FWY) TO FREMONT AVE","FREMONT AVE",364.00,E,N,A,-,Y,,,10,,,,R,,W,N,4,0,1,2,A,-,03,22350,,M,D,C,A,A,H,-,A,D,0,,,,,Y,Y,A,07,0,0,1,0,0,0,0,0,0,"- ","- ",34.069450378417969,-118.15039825439453,"LOS ANGELES",ALHAMBRA,-118.15039825439453,34.069450378417969
91631115,2021,2021-11-22,9525,2021-11-18,2255,021967,,4,3,4,1946,0,1,1,,2,212,"I-210 E/B (FOOTHILL FREEWAY)","HUNTINGTON DRIVE",100.00,E,N,A,-,Y,,,210,,,,,,E,Y,4,0,1,1,A,-,08,22107,,N,E,I,A,A,H,-,D,D,0,,,,,Y,Y,A,07,0,0,1,0,0,0,0,0,0,"- ","- ",34.140689849853516,-118.01705932617188,"LOS ANGELES",MONROVIA,-118.01712036132812,34.140628814697266
9163242,2020,2021-01-21,1942,2020-09-17,2335,42379,0529,4,5,7,1942,0,0,0,E,0,5A17W3,"ANAHEIM ST","EV BANK AV",375.00,W,N,A,-,N,,,,,,,,,,N,2,0,1,2,A,-,05,21650,,N,G,G,A,A,H,-,C,D,0,,Y,,,Y,Y,L,04,1,0,0,0,0,0,1,0,0,"- ","- ",,,"LOS ANGELES","LOS ANGELES",,
91633055,2021,2021-11-23,9550,2021-11-13,0215,022403,,6,3,9,1900,0,1,1,,2,650,"INTERSTATE 605 N/B","SLAUSON AVENUE",670.00,S,N,A,-,Y,,,605,,,,,,N,Y,3,0,2,2,A,-,01,23152,A,N,C,C,A,A,H,-,C,D,0,,,,,Y,Y,A,01,0,1,1,0,0,0,0,0,0,"- ","- ",33.965389251708984,-118.08406066894531,"LOS ANGELES",UNINCORPORATED,-118.08399200439453,33.965362548828125
91633384,2021,2021-11-23,9575,2021-05-06,0105,021925,,4,3,7,1942,0,1,1,,2,052,"INTERSTATE 5 S/B (GOLDEN STATE FREEWAY)","SHELDON STREET",640.00,N,N,A,-,Y,,,5,,,,,,S,Y,1,1,1,2,A,-,01,23152,A,N,B,C,A,A,H,-,C,D,0,,,,,Y,Y,A,01,0,0,1,0,0,0,0,0,0,"- ","- ",34.231899261474609,-118.40650939941406,"LOS ANGELES","LOS ANGELES",-118.40650939941406,34.231918334960938
91636149,2021,2021-11-29,9545,2021-11-19,2145,021695,,5,2,9,1900,0,3,5,,2,001,"JOHNSON RD","LIMERIDGE DR",500.00,N,N,A,-,N,,,,,,,,,,Y,2,0,1,1,A,-,01,23152,A,N,F,A,A,A,H,-,D,D,0,,,Y,,Y,Y,C,02,1,0,0,0,0,0,0,0,1,"- ","- ",34.659660339355469,-118.36167144775391,"LOS ANGELES",UNINCORPORATED,-118.36574554443359,34.659988403320312
91636402,2021,2021-11-29,9530,2021-11-27,2330,021842,,6,3,5,1915,0,1,3,,2,310,"SR-91 E/B (ARTESIA FREEWAY)","ACACIA CT.",250.00,E,N,A,-,Y,,,91,,,,,,E,Y,3,0,5,5,A,-,01,23152,A,N,C,C,A,A,H,-,D,D,0,,,,,Y,Y,A,01,0,1,4,0,0,0,0,0,0,"- ","- ",33.8739013671875,-118.22364807128906,"LOS ANGELES",COMPTON,-118.22364807128906,33.873912811279297
91636521,2021,2021-11-29,9565,2021-11-14,2247,022219,,7,3,4,1918,0,1,1,,2,061,"I-405 S/B (SAN DIEGO FREEWAY)",SR-90,450.00,N,N,A,-,Y,,,405,,,,,,S,Y,2,0,2,1,A,-,01,23152,A,N,E,I,A,A,H,-,D,D,0,,,,,Y,Y,A,01,2,0,0,0,0,0,0,0,0,"- ","- ",33.989360809326172,-118.40042114257812,"LOS ANGELES","CULVER CITY",-118.40046691894531,33.989322662353516
91638256,2021,2021-11-30,9590,2021-11-13,0233,022661,,6,3,7,1942,0,1,1,,2,053,"INTERSTATE 110 SOUTHBOUND (HARBOR FREEWAY)","JEFFERSON BOULEVARD",100.00,S,N,A,-,Y,,,110,,,,,,S,N,4,0,1,1,A,-,01,23152,A,N,E,I,A,A,H,-,C,D,0,,,,,Y,Y,A,01,0,0,1,0,0,0,0,0,0,"- ","- ",34.018539428710938,-118.28024291992188,"LOS ANGELES","LOS ANGELES",-118.27992248535156,34.018363952636719
91640714,2021,2021-12-02,9575,2021-11-20,2205,022477,,6,3,7,1942,0,1,1,,2,061,"INTERSTATE 210 W/B","SUNLAND BOULEVARD",2500.00,E,N,A,-,Y,,,210,,,,,,W,Y,3,0,2,2,A,-,01,23152,A,M,B,C,A,A,H,-,D,D,0,,,,,Y,Y,A,01,0,1,1,0,0,0,0,0,0,"- ","- ",34.252910614013672,-118.32344818115234,"LOS ANGELES","LOS ANGELES",-118.32341766357422,34.2529296875
91640778,2021,2021-12-02,9590,2021-11-12,2210,018529,,5,3,7,1942,0,1,1,,2,084,"I-5 N/B","GLENDALE BLVD.",100.00,N,N,A,-,Y,,,5,,,,,,N,Y,4,0,2,2,A,-,03,22350,,N,C,C,A,A,H,-,C,D,0,,,,,Y,Y,A,07,0,0,2,0,0,0,0,0,0,"- ","- ",34.113719940185547,-118.26731872558594,"LOS ANGELES","LOS ANGELES",-118.267333984375,34.113704681396484
91641980,2021,2021-12-03,9530,2021-06-26,1740,022585,,6,2,9,1900,0,3,5,,2,001,"FIRESTONE BLVD. (8600 BLOCK)","GRAPE ST.",100.00,W,N,A,-,N,,,,,,,,,,N,3,0,1,3,A,-,08,22107,,N,B,C,A,A,H,-,A,B,0,,,,,Y,Y,A,01,0,1,0,0,0,0,0,0,0,"- ","- ",33.960060119628906,-118.236572265625,"LOS ANGELES",UNINCORPORATED,-118.23661804199219,33.960151672363281
91642176,2021,2021-12-03,9530,2021-08-21,0052,022586,,6,3,9,1900,0,3,5,,2,002,"124TH ST","WILMINGTON AVE.",0.00,,Y,A,-,N,,,,,,,,,,Y,3,0,3,2,A,-,01,23152,A,N,D,C,A,A,H,-,C,A,0,,,,,Y,Y,A,07,0,3,0,0,0,0,0,0,0,"- ","- ",33.91986083984375,-118.23902130126953,"LOS ANGELES",UNINCORPORATED,-118.23915100097656,33.919837951660156
91644072,2021,2021-12-06,9545,2021-11-29,0420,021640,,1,3,6,1950,0,1,3,,2,021,"SR-14 N/B","AVENUE  O",1500.00,N,N,A,-,Y,,,,,,,,,,Y,4,0,1,1,A,-,01,23152,A,M,E,J,A,A,H,-,D,D,0,,,,,Y,Y,A,01,0,0,1,0,0,0,0,0,0,"- ","- ",34.620399475097656,-118.15306091308594,"LOS ANGELES",PALMDALE,-118.15316009521484,34.613052368164062
91644356,2021,2021-12-06,9530,2021-11-20,0120,021582,,6,3,7,1941,0,1,1,,2,072,"I-710 N/B (LONG BEACH FREEWAY)","WARDLOW RD.",528.00,S,N,A,-,Y,,,710,,,,,,N,Y,3,0,1,2,A,-,01,23152,A,N,C,C,A,A,H,-,D,D,0,,,,Y,Y,Y,A,07,0,1,0,0,0,0,0,0,0,"- ","- ",33.819599151611328,-118.20681762695312,"LOS ANGELES","LONG BEACH",-118.20687866210938,33.819599151611328
91644810,2021,2021-12-07,9575,2021-06-02,2136,021712,,3,2,9,1900,0,1,1,,2,062,"I-210 W/B (FOOTHILL FREEWAY) TO PENNSYLVANIA AVE","PENNSYLVANIA AVE",92.00,E,N,A,-,Y,,,210,,,,R,,W,Y,1,1,0,2,A,-,01,23152,A,N,E,8,A,A,H,-,D,D,0,,,,,Y,Y,A,01,0,0,0,0,0,0,0,0,0,"- ","- ",34.223529815673828,-118.24832916259766,"LOS ANGELES",UNINCORPORATED,-118.24832916259766,34.223529815673828
91645514,2021,2021-12-07,9530,2021-10-09,0214,022687,,6,3,9,1900,0,3,5,,2,002,"ALAMEDA ST. (BLOCK 11400S)","SANTA ANA BLVD. (BLOCK 2500)",2.00,S,N,A,-,N,,,,,,,,,,Y,4,0,2,1,A,-,01,23152,A,N,E,I,A,A,H,-,C,A,0,,,,,Y,Y,A,01,0,0,2,0,0,0,0,0,0,"- ","- ",33.932159423828125,-118.22615051269531,"LOS ANGELES",UNINCORPORATED,-118.22615051269531,33.932636260986328
91648043,2021,2021-12-09,9530,2021-11-28,0320,022585,,7,3,7,1941,0,1,1,,2,072,"NB I-710","DEL AMO BLVD",200.00,S,N,A,-,Y,,,710,,,,,,,Y,2,0,1,1,A,-,01,23152,A,N,E,I,A,A,H,-,C,D,0,,,,,Y,Y,A,01,1,0,0,0,0,0,0,0,0,"- ","- ",33.847000122070312,-118.20545959472656,"LOS ANGELES","LONG BEACH",-118.20536804199219,33.846992492675781
91648743,2021,2021-12-10,9535,2021-11-30,0300,022254,,2,3,5,1969,0,1,1,,2,074,"I-710 N/B (LONG BEACH FREEWAY) TO FIRESTONE BLVD.","FILESTONE BLVD",0.00,,Y,A,-,Y,,,710,,,,R,,N,N,3,0,1,1,A,-,01,23152,A,N,E,J,A,A,H,-,C,A,0,,,,,Y,Y,A,01,0,1,0,0,0,0,0,0,0,"- ","- ",33.949691772460938,-118.16874694824219,"LOS ANGELES","SOUTH GATE",-118.16874694824219,33.949691772460938
91649070,2021,2021-12-10,9525,2021-11-19,0310,021838,,5,3,1,1934,0,1,1,,2,651,"I-605 S/B (SAN GABRIEL RIVER FWY)","LIVE OAK AVE.",2640.00,S,N,B,-,Y,,,605,,,,,,S,Y,3,0,1,1,A,-,01,23152,A,N,E,I,A,A,H,-,C,D,0,,,,,Y,Y,A,01,0,1,0,0,0,0,0,0,0,"- ","- ",34.102989196777344,-117.98428344726562,"LOS ANGELES",IRWINDALE,-117.98409271240234,34.102924346923828