CASE_ID,ACCIDENT_YEAR,PROC_DATE,JURIS,COLLISION_DATE,COLLISION_TIME,OFFICER_ID,REPORTING_DISTRICT,DAY_OF_WEEK,CHP_SHIFT,POPULATION,CNTY_CITY_LOC,SPECIAL_COND,BEAT_TYPE,CHP_BEAT_TYPE,CITY_DIVISION_LAPD,CHP_BEAT_CLASS,BEAT_NUMBER,PRIMARY_RD,SECONDARY_RD,DISTANCE,DIRECTION,INTERSECTION,WEATHER_1,WEATHER_2,STATE_HWY_IND,CALTRANS_COUNTY,CALTRANS_DISTRICT,STATE_ROUTE,ROUTE_SUFFIX,POSTMILE_PREFIX,POSTMILE,LOCATION_TYPE,RAMP_INTERSECTION,SIDE_OF_HWY,TOW_AWAY,COLLISION_SEVERITY,NUMBER_KILLED,NUMBER_INJURED,PARTY_COUNT,PRIMARY_COLL_FACTOR,PCF_CODE_OF_VIOL,PCF_VIOL_CATEGORY,PCF_VIOLATION,PCF_VIOL_SUBSECTION,HIT_AND_RUN,TYPE_OF_COLLISION,MVIW,PED_ACTION,ROAD_SURFACE,ROAD_COND_1,ROAD_COND_2,LIGHTING,CONTROL_DEVICE,CHP_ROAD_TYPE,PEDESTRIAN_ACCIDENT,BICYCLE_ACCIDENT,MOTORCYCLE_ACCIDENT,TRUCK_ACCIDENT,NOT_PRIVATE_PROPERTY,ALCOHOL_INVOLVED,STWD_VEHTYPE_AT_FAULT,CHP_VEHTYPE_AT_FAULT,COUNT_SEVERE_INJ,COUNT_VISIBLE_INJ,COUNT_COMPLAINT_PAIN,COUNT_PED_KILLED,COUNT_PED_INJURED,COUNT_BICYCLIST_KILLED,COUNT_BICYCLIST_INJURED,COUNT_MC_KILLED,COUNT_MC_INJURED,PRIMARY_RAMP,SECONDARY_RAMP,LATITUDE,LONGITUDE,COUNTY,CITY,POINT_X,POINT_Y
91649119,2021,2021-12-10,9535,2021-11-30,2310,022081,,2,3,5,1901,0,1,1,,2,420,"I-10 E/B FROM GARFIELD AVE","GARFIELD AVE.",100.00,W,N,A,-,Y,,,,,,,,,,N,3,0,1,1,A,-,01,23152,A,N,E,I,A,A,H,-,A,D,0,,,,,Y,Y,A,01,0,1,0,0,0,0,0,0,0,"- ","- ",34.070671081542969,-118.09107971191406,"LOS ANGELES",ALHAMBRA,-118.12326812744141,34.071475982666016
91649244,2021,2021-12-10,9550,2021-11-30,2310,022439,,2,3,6,1949,0,1,1,,2,651,"INTERSTATE 605 SOUTHBOUND","ALONDRA BOULEVARD",50.00,N,N,A,-,Y,,,605,,,,,,S,Y,4,0,2,2,A,-,03,22350,,N,C,2,A,A,H,-,C,D,0,,,,,Y,Y,A,01,0,0,2,0,0,0,0,0,0,"- ","- ",33.887458801269531,-118.10450744628906,"LOS ANGELES",NORWALK,-118.10456085205078,33.887462615966797
91653789,2021,2021-12-16,9545,2021-12-05,0310,021497,,7,3,9,1900,0,1,3,,1,042,SR-138,"175TH STREET EAST",0.00,,Y,A,-,Y,,,138,,,,,,,Y,2,0,5,2,A,-,01,23152,A,N,A,C,A,A,H,-,D,D,0,,,,,Y,Y,A,01,1,2,2,0,0,0,0,0,0,"- ","- ",34.505870819091797,-117.81796264648438,"LOS ANGELES",UNINCORPORATED,-117.81795501708984,34.505950927734375
91654847,2021,2021-12-17,9540,2021-12-03,2339,022153,,5,3,9,1900,0,1,1,,2,507,"I-5 S/B (GODLEN STATE FREEWAY)","LYONS AVENUE",1230.00,S,N,A,-,Y,,,5,,,,,,S,Y,3,0,1,2,A,-,01,23152,A,N,B,C,A,A,H,-,C,D,0,,,,,Y,Y,D,22,0,1,0,0,0,0,0,0,0,"- ","- ",34.375148773193359,-118.56356048583984,"LOS ANGELES",UNINCORPORATED,-118.56350708007812,34.375186920166016
91656718,2021,2021-12-20,9525,2021-12-04,0233,021748,,6,3,6,1955,0,1,3,,2,572,"SR-57 N/B (ORANGE FWY)","STATE ST",200.00,S,N,A,-,Y,,,57,,,,,,N,Y,3,0,1,3,A,-,01,23152,A,N,E,8,A,A,H,-,C,D,0,,,,,Y,Y,A,07,0,1,0,0,0,0,0,0,0,"- ","- ",34.036308288574219,-117.80631256103516,"LOS ANGELES",POMONA,-117.80637359619141,34.036354064941406
91657722,2021,2021-12-21,9590,2021-11-07,0225,022497,,7,3,7,1942,0,1,1,,2,062,"I-10 E/B (SANTA MONICA FREEWAY)","UNION AVENUE",310.00,E,N,B,-,Y,,,10,,,,,,E,N,3,0,1,2,A,-,01,23152,A,N,E,I,A,A,H,-,C,D,0,,,,,Y,Y,A,01,0,1,0,0,0,0,0,0,0,"- ","- ",34.037651062011719,-118.2808837890625,"LOS ANGELES","LOS ANGELES",-118.2808837890625,34.03765869140625
91657801,2021,2021-12-21,9590,2021-11-25,0125,022497,,4,3,7,1942,0,1,1,,2,062,"I-10 E/B (SANTA MONICA FREEWAY)","TOBERMAN AVENUE",105.00,E,N,A,-,Y,,,10,,,,,,E,N,3,0,1,3,A,-,08,22107,,N,B,C,A,A,H,-,C,D,0,,,,,Y,Y,A,01,0,1,0,0,0,0,0,0,0,"- ","- ",34.037948608398438,-118.27861785888672,"LOS ANGELES","LOS ANGELES",-118.27861785888672,34.037925720214844
91658242,2021,2021-12-22,9525,2021-12-12,0148,021542,,7,3,6,1975,0,1,1,,2,106,"I-10 E/B (SAN BERNARDINO FWY)","HOLT AVENUE",100.00,E,N,A,-,Y,,,10,,,,,,E,Y,3,0,1,1,A,-,01,23152,A,N,E,I,A,A,H,-,C,D,0,,,,,Y,Y,D,22,0,1,0,0,0,0,0,0,0,"- ","- ",34.068981170654297,-117.86229705810547,"LOS ANGELES","WEST COVINA",-117.86228942871094,34.069004058837891
91660587,2021,2021-12-23,9535,2021-12-13,0230,022330,,1,3,4,1907,0,1,1,,2,072,"NORTHBOUND INTERSTATE 710 (LONG BEACH FREEWAY)","ATLANTIC BOULEVARD",1700.00,S,N,B,-,Y,,,710,,,,,,,Y,3,0,2,1,A,-,01,23152,A,N,E,I,A,A,H,-,D,D,0,,,,,Y,Y,A,01,0,2,0,0,0,0,0,0,0,"- ","- ",33.992889404296875,-118.17574310302734,"LOS ANGELES",BELL,-118.17577362060547,33.99285888671875
91661444,2021,2021-12-24,9550,2021-12-19,0140,021578,,7,3,3,1964,0,1,1,,2,651,"I-605 SB TO I-5 NB","SAN GABRIEL RIVER",350.00,E,N,A,-,Y,,,605,,,,R,,S,Y,3,0,1,1,A,-,01,23152,A,N,F,I,A,A,H,-,C,D,0,,,Y,,Y,Y,C,02,0,1,0,0,0,0,0,0,1,"- ","- ",33.943538665771484,-118.09758758544922,"LOS ANGELES","SANTA FE SPRINGS",-118.09758758544922,33.943538665771484
91663235,2021,2021-12-28,9580,2021-12-25,1930,022653,,6,2,7,1942,0,1,1,,2,407,"I-405 S/B (SAN DIEGO FWY)","NORDHOFF ST",528.00,N,N,A,-,Y,,,405,,,,,,S,Y,4,0,1,1,A,-,01,23152,A,N,B,I,A,A,H,-,C,D,0,,,,,Y,Y,A,01,0,0,1,0,0,0,0,0,0,"- ","- ",34.240581512451172,-118.47303009033203,"LOS ANGELES","LOS ANGELES",-118.47312927246094,34.240581512451172
91663325,2021,2021-12-28,9590,2021-12-14,2220,022456,,2,3,7,1942,0,1,1,,2,051,"I-110 S/B (HARBOR FREEWAY)","SLAUSON AVENUE",300.00,S,N,A,-,Y,,,110,,,,,,S,N,4,0,2,2,A,-,07,21658,A,F,B,C,A,A,H,-,C,D,0,,,,,Y,Y,-,99,0,0,2,0,0,0,0,0,0,"- ","- ",33.988231658935547,-118.28076171875,"LOS ANGELES","LOS ANGELES",-118.28061676025391,33.988227844238281
9166358,2020,2020-10-23,1942,2020-08-12,2200,43584,0378,3,5,7,1942,0,0,0,C,0,3Z3,VERMONT,"EXPOSITION BL",1.00,N,N,A,-,N,,,,,,,,,,Y,4,0,2,2,A,-,01,23152,A,F,B,C,A,-,H,-,C,A,0,,,,,Y,Y,A,01,0,0,2,0,0,0,0,0,0,"- ","- ",,,"LOS ANGELES","LOS ANGELES",-118.29152679443359,34.018352508544922
91666708,2021,2021-12-30,9530,2021-12-19,0138,022454,,7,3,9,1900,0,3,5,,2,002,"135TH ST.",BROADWAY,0.00,,Y,B,-,N,,,,,,,,,,Y,4,0,1,2,A,-,01,23152,A,N,D,C,A,A,H,-,C,A,0,,,,,Y,Y,A,01,0,0,1,0,0,0,0,0,0,"- ","- ",33.909198760986328,-118.27835083007812,"LOS ANGELES",UNINCORPORATED,-118.27841186523438,33.909156799316406
91667296,2021,2021-12-31,9565,2021-12-18,0415,021658,,6,3,9,1900,0,2,4,,1,032,"SLAUSON AVE.","OVERHILL DR.",40.00,W,N,A,-,N,,,,,,,,,,Y,4,0,1,2,A,-,08,22107,,N,E,I,A,A,H,-,C,D,0,,,,,Y,Y,A,01,0,0,1,0,0,0,0,0,0,"- ","- ",33.988899230957031,-118.35428619384766,"LOS ANGELES",UNINCORPORATED,-118.35422515869141,33.988895416259766
91668851,2021,2022-01-03,9530,2021-08-03,2109,021076,,2,2,9,1900,0,1,1,,2,410,"I-405 S/B (SAN DIEGO FREEWAY)","WILMINGTON AVENUE",130.00,N,N,A,-,Y,,,,,,,,,,N,4,0,2,4,A,-,03,22350,,N,G,C,E,A,H,-,D,A,0,Y,,,,Y,Y,A,01,0,0,2,0,2,0,0,0,0,"- ","- ",33.825851440429688,-118.24198913574219,"LOS ANGELES",UNINCORPORATED,-118.24160003662109,33.825759887695312
9167349,2020,2020-12-16,1942,2020-10-05,0730,43300,0901,1,5,7,1942,0,0,0,I,0,9A5,"SEPULVEDA BL","VALERIO ST",20.00,N,N,A,-,N,,,,,,,,,,N,4,0,1,3,A,-,07,21658,A,N,C,C,A,A,H,-,A,D,0,,,,,Y,Y,A,01,0,0,1,0,0,0,0,0,0,"- ","- ",,,"LOS ANGELES","LOS ANGELES",-118.46620941162109,34.20489501953125
91674976,2021,2022-01-10,9590,2021-12-31,1250,016230,,5,1,7,1942,0,1,1,,2,021,"I-10 WB SBF","STATE STREET",200.00,E,N,A,-,Y,,,,,,,,,,N,4,0,1,3,A,-,07,21658,A,F,B,C,A,A,H,-,A,D,0,,,,,Y,Y,A,01,0,0,1,0,0,0,0,0,0,"- ","- ",34.054859161376953,-118.21122741699219,"LOS ANGELES","LOS ANGELES",,
91677254,2021,2022-01-13,9575,2021-10-17,0217,022651,,7,3,9,1900,0,2,4,,2,024,"WOODBURY ROAD (BLOCK 200)","N. MARENGO AVENUE",350.00,E,N,A,-,N,,,,,,,,,,Y,4,0,1,4,A,-,01,23152,A,M,C,E,A,A,H,-,C,D,0,,,,,Y,Y,D,22,0,0,1,0,0,0,0,0,0,"- ","- ",34.182571411132812,-118.1446533203125,"LOS ANGELES",UNINCORPORATED,-118.14472961425781,34.182670593261719
91679760,2021,2022-01-18,9545,2021-12-27,2058,021434,,1,2,9,1900,0,3,5,,2,002,"10TH STREET WEST","AVENUE P-14",70.00,S,N,B,C,N,,,,,,,,,,Y,3,0,2,2,A,-,01,23152,A,N,C,C,A,B,H,-,C,A,0,,,,,Y,Y,A,01,0,1,1,0,0,0,0,0,0,"- ","- ",34.587860107421875,-118.14756774902344,"LOS ANGELES",UNINCORPORATED,-118.14750671386719,34.588008880615234
91683108,2021,2022-01-24,9575,2021-11-11,0253,022651,,4,3,9,1900,0,1,1,,2,062,"I-210 E/B (FOOTHILL FREEWAY)","OCEAN VIEW BLVD",230.00,W,N,A,-,Y,,,210,,,,,,E,Y,3,0,1,2,A,-,01,23152,A,N,C,C,A,A,H,-,C,D,0,,,,Y,Y,Y,A,01,0,1,0,0,0,0,0,0,0,"- ","- ",34.211948394775391,-118.22881317138672,"LOS ANGELES",UNINCORPORATED,-118.22877502441406,34.212013244628906
91689137,2021,2022-01-31,9530,2021-08-14,0328,022592,,6,3,7,1942,0,1,1,,2,110,"I-110 S/B (HARBOR FREEWAY)","ROSECRANS AVE.",440.00,N,N,A,-,Y,,,110,,,,,,S,Y,3,0,1,1,A,-,01,23152,A,N,E,I,A,A,H,-,C,D,0,,,,,Y,Y,A,07,0,1,0,0,0,0,0,0,0,"- ","- ",33.90325927734375,-118.28700256347656,"LOS ANGELES","LOS ANGELES",-118.28673553466797,33.90325927734375
91691916,2021,2022-02-02,9530,2021-10-02,2300,022453,,6,3,9,1900,0,3,5,,2,004,"SUSANA ROAD (18700 BLOCK)","MARIA STREET",500.00,S,N,A,-,N,,,,,,,,,,Y,3,0,1,2,A,-,01,23152,A,N,C,E,A,A,H,-,C,D,0,,,,Y,Y,Y,D,22,0,1,0,0,0,0,0,0,0,"- ","- ",33.857608795166016,-118.20491790771484,"LOS ANGELES",UNINCORPORATED,-118.20472717285156,33.857807159423828
9169654,2020,2020-11-09,1900,2020-09-04,2105,515583,1434,5,5,4,1937,0,0,0,,0,141T,"BAMBOO ST","INYO ST",483.00,N,N,A,-,N,,,,,,,,,,Y,2,0,1,2,A,-,01,23152,,M,B,E,A,-,H,-,C,D,0,,,,,Y,Y,A,01,1,0,0,0,0,0,0,0,0,"- ","- ",34.016059875488281,-117.94216918945312,"LOS ANGELES","LA PUENTE",-117.9422607421875,34.016029357910156
9169900,2020,2021-01-15,1941,2020-10-02,0028,11253,,5,5,7,1941,0,0,0,,0,,"PACIFIC COAST HWY","SANTIAGO AV",0.00,,Y,A,-,N,,,,,,,,,,Y,3,0,2,3,A,-,01,23152,,F,C,C,A,A,H,-,C,D,0,,,,,Y,Y,-,,0,1,1,0,0,0,0,0,0,"- ","- ",,,"LOS ANGELES","LONG BEACH",-118.12837982177734,33.779518127441406
91703482,2021,2022-02-17,9535,2021-08-15,0220,022176,,7,3,9,1900,0,1,1,,2,500,"I-5 NORTHBOUND (SANTA ANA FWY) TO INDIANA STREET","SOUTH OF DITMAN AVENUE",5.00,S,N,A,-,Y,,,5,,,,R,,N,N,1,2,2,1,A,-,01,23152,A,N,E,8,A,A,H,-,C,D,0,,,,,Y,Y,A,01,2,0,0,0,0,0,0,0,0,"- ","- ",34.020458221435547,-118.18923187255859,"LOS ANGELES",UNINCORPORATED,-118.18923187255859,34.020458221435547
91704563,2021,2022-02-21,9590,2021-12-30,2335,022404,,4,3,7,1942,0,1,1,,2,064,"I-10 E/B (SANTA MONICA FREEWAY)","HOOPER AVE.",265.00,W,N,A,-,Y,,,10,,,,,,E,N,3,0,1,1,A,-,01,23152,A,N,B,I,A,A,H,-,D,D,0,,,,,Y,Y,A,01,0,1,0,0,0,0,0,0,0,"- ","- ",34.023929595947266,-118.24569702148438,"LOS ANGELES","LOS ANGELES",-118.24567413330078,34.024002075195312
9170841,2020,2021-01-12,1961,2020-10-20,1910,3060,1961,2,5,3,1961,0,0,0,,0,2L22,"BRAND BL","TRUMAN ST",0.00,,Y,A,-,N,,,,,,,,,,N,2,0,1,2,A,-,12,22451,A,N,B,B,E,A,G,-,C,A,0,Y,,,,Y,Y,N,60,1,0,0,0,1,0,0,0,0,"- ","- ",,,"LOS ANGELES","SAN FERNANDO",-118.43939971923828,34.281990051269531
9171038,2020,2020-11-16,1942,2020-09-29,2130,40865,182,2,5,7,1942,0,0,0,R,0,1A61,"S HOPE ST","E 11TH ST",100.00,N,N,A,-,N,,,,,,,,,,N,3,0,1,2,A,-,11,21954,A,F,G,B,D,A,H,-,C,D,0,Y,,,,Y,Y,N,60,0,1,0,0,1,0,0,0,0,"- ","- ",,,"LOS ANGELES","LOS ANGELES",-118.26284790039062,34.042476654052734
91721824,2021,2022-03-14,9565,2021-10-24,1510,022671,,7,2,4,1918,0,1,1,,2,061,"I-405 N/B (SAN DIEGO FWY)","SEPULVEDA BLVD",260.00,S,N,A,-,Y,,,405,,,,,,N,Y,4,0,1,3,A,-,01,23152,A,N,C,C,A,A,H,-,A,D,0,,,,,Y,Y,A,01,0,0,1,0,0,0,0,0,0,"- ","- ",33.982780456542969,-118.39502716064453,"LOS ANGELES","CULVER CITY",-118.39505004882812,33.982765197753906
9173488,2020,2020-11-13,1918,2020-07-05,0013,1191,1918,7,5,4,1918,0,0,0,,0,4A2M,"WASHINGTON BL","KENSINGTON RD",45.00,E,N,A,-,N,,,,,,,,,,Y,3,0,1,1,A,-,01,23152,,N,E,I,A,A,H,-,C,A,0,,,,,Y,Y,A,01,0,1,0,0,0,0,0,0,0,"- ","- ",33.998069763183594,-118.41979217529297,"LOS ANGELES","CULVER CITY",-118.41963958740234,33.998130798339844
91738944,2021,2022-10-17,9575,2021-10-30,0812,022414,,6,1,7,1942,0,1,1,,2,052,"I-5 N/B (GOLDEN STATE FREEWAY)","PENROSE STREET",892.00,S,N,E,-,Y,,,5,,,,,,N,Y,1,1,0,3,A,-,01,23152,A,F,G,B,E,A,H,-,A,A,0,Y,,,,Y,Y,A,01,0,0,0,1,0,0,0,0,0,"- ","- ",34.224681854248047,-118.37303924560547,"LOS ANGELES","LOS ANGELES",-118.37309265136719,34.224613189697266
9174540,2020,2021-01-12,1942,2020-10-04,0230,43744,0584,7,5,7,1942,0,0,0,E,0,5A85,"S GAFFEY ST","28TH ST",0.00,,Y,E,-,N,,,,,,,,,,Y,3,0,1,3,A,-,01,23152,A,N,B,E,A,A,H,-,C,D,0,,,,,Y,Y,A,01,0,1,0,0,0,0,0,0,0,"- ","- ",,,"LOS ANGELES","LOS ANGELES",-118.29287719726562,33.71881103515625
9175910,2020,2020-12-04,1941,2020-10-29,2259,11547,,4,5,7,1941,0,0,0,,0,,"4TH ST","CORONADO AV",36.00,E,N,A,-,N,,,,,,,,,,Y,4,0,1,3,A,-,01,23152,B,N,A,E,A,A,H,-,C,A,0,,,,,Y,Y,A,,0,0,1,0,0,0,0,0,0,"- ","- ",,,"LOS ANGELES","LONG BEACH",-118.15341949462891,33.771701812744141
9176777,2020,2021-02-09,1942,2020-12-06,1735,43366,0971,7,5,7,1942,0,0,0,I,0,9X52W4,"KESTER AV","CAMARILLO ST",810.00,S,N,A,-,N,,,,,,,,,,N,3,0,2,2,A,-,05,21460,,N,A,C,A,A,H,-,C,D,0,,,,,Y,Y,A,01,0,1,1,0,0,0,0,0,0,"- ","- ",,,"LOS ANGELES","LOS ANGELES",-118.45745086669922,34.155849456787109
91772178,2021,2022-05-16,9565,2021-10-07,0235,022642,,4,3,5,1965,0,1,1,,2,081,"I-10 W/B TO OLYMPIC BLVD.","11TH ST.",475.00,W,N,A,-,Y,,,10,,,,R,,W,Y,3,0,2,3,A,-,01,23152,A,N,E,8,A,A,H,-,C,D,0,,,,,Y,Y,A,01,0,1,1,0,0,0,0,0,0,"- ","- ",34.016399383544922,-118.48459625244141,"LOS ANGELES","SANTA MONICA",-118.48459625244141,34.016399383544922
9177705,2020,2020-12-15,1942,2020-10-31,0050,43891,1653,6,5,7,1942,0,0,0,P,0,16A35,"OSBORNE ST","EL DORADO AV",0.00,W,N,A,-,N,,,,,,,,,,Y,3,0,1,3,A,-,01,23152,A,N,C,E,A,A,H,-,C,D,0,,,,,Y,Y,A,07,0,1,0,0,0,0,0,0,0,"- ","- ",,,"LOS ANGELES","LOS ANGELES",-118.41121673583984,34.252910614013672
9177996,2020,2020-12-15,1942,2020-09-15,0125,39062,0465,2,5,7,1942,0,0,0,D,0,4A97,"LORENA ST","6TH ST",0.00,,Y,A,-,Y,LA,7,60,-,R,1.471,R,4,W,Y,3,0,4,2,A,-,09,21801,B,F,D,C,A,A,H,-,C,A,0,,,,,Y,Y,-,"- ",0,3,1,0,0,0,0,0,0,"- ","- ",,,"LOS ANGELES","LOS ANGELES",-118.20011138916016,34.029476165771484
9179373,2020,2021-01-21,1900,2020-10-09,2224,644792,1122,5,5,6,1992,0,0,0,,0,112T1,"FERN AV","KETTERING ST",8.00,N,N,A,-,N,,,,,,,,,,Y,3,0,1,1,A,-,01,23152,A,N,E,I,A,A,H,-,C,D,0,,,,,Y,Y,A,01,0,1,0,0,0,0,0,0,0,"- ","- ",,,"LOS ANGELES",LANCASTER,-118.14485168457031,34.69940185546875
9180065,2020,2021-02-03,1942,2020-08-11,2131,36733,1663,2,5,7,1942,0,0,0,P,0,16A77,"SHELDON ST","TELFAIR AV",33.00,N,N,A,-,N,,,,,,,,,,Y,3,0,1,1,A,-,03,22350,,M,E,I,A,A,H,-,C,D,0,,,,,Y,Y,A,07,0,1,0,0,0,0,0,0,0,"- ","- ",,,"LOS ANGELES","LOS ANGELES",-118.39712524414062,34.236801147460938
9180536,2020,2020-12-08,1942,2020-10-17,2030,42934,1958,6,5,7,1942,0,0,0,,0,19A79,"WOODMAN AV","VAN NUYS BL",200.00,E,N,A,-,N,,,,,,,,,,N,4,0,1,2,A,-,01,23152,B,F,B,D,A,A,H,-,C,A,0,,,,,Y,Y,A,01,0,0,1,0,0,0,0,0,0,"- ","- ",,,"LOS ANGELES","LOS ANGELES",-118.44786834716797,34.246597290039062
9180558,2020,2020-12-16,1942,2020-10-21,1154,44409,1532,3,5,7,1942,0,0,0,O,0,15A85,"SAINT CLAIR AV","HATTERAS ST",0.00,,Y,A,-,N,,,,,,,,,,N,3,0,1,2,A,-,12,22450,,N,G,G,A,A,H,-,A,A,0,,Y,,,Y,Y,L,04,0,1,0,0,0,0,1,0,0,"- ","- ",,,"LOS ANGELES","LOS ANGELES",-118.39981079101562,34.175308227539062
9180971,2020,2020-12-11,1942,2020-10-12,1945,43088,0555,1,5,7,1942,0,0,0,E,0,5A55W3,"N GAFFEY ST","W SUMMERLAND AV",440.00,S,N,A,-,N,,,,,,,,,,Y,4,0,1,1,A,-,01,23152,A,N,A,I,A,A,H,-,C,A,0,,,,,Y,Y,A,01,0,0,1,0,0,0,0,0,0,"- ","- ",,,"LOS ANGELES","LOS ANGELES",-118.2923583984375,33.746532440185547
9180973,2020,2020-12-11,1942,2020-10-10,1930,41756,1841,6,5,7,1942,0,0,0,R,0,18A63,"FIGUEROA ST","W 113TH ST",0.00,,Y,A,-,N,,,,,,,,,,N,4,0,1,2,A,-,11,21956,A,F,G,B,D,A,H,-,C,D,0,Y,,,,Y,Y,N,60,0,0,1,0,1,0,0,0,0,"- ","- ",,,"LOS ANGELES","LOS ANGELES",-118.28260040283203,33.931949615478516
9181685,2020,2021-01-06,1976,2020-10-30,2125,239,WPD,5,5,3,1964,0,0,0,,0,001,"SLAUSON AV","DICE RD",22.00,W,N,A,-,N,,,,,,,,,,N,4,0,1,2,A,-,01,23152,A,F,C,C,A,A,H,-,C,A,0,,,,,Y,Y,D,22,0,0,1,0,0,0,0,0,0,"- ","- ",,,"LOS ANGELES","SANTA FE SPRINGS",-118.06590270996094,33.964672088623047
9182312,2020,2020-11-19,1942,2020-09-13,1740,38265,1351,7,5,7,1942,0,0,0,M,0,13A41,"S MAIN ST","E 43RD ST",0.00,,Y,A,-,N,,,,,,,,,,Y,3,0,4,6,A,-,01,23152,A,N,D,C,F,A,H,-,A,A,0,Y,,,,Y,Y,A,01,0,2,2,0,1,0,0,0,0,"- ","- ",,,"LOS ANGELES","LOS ANGELES",-118.27400970458984,34.005641937255859
9182336,2020,2020-11-19,1942,2020-09-18,2155,43958,0162,5,5,7,1942,0,0,0,A,0,1A29,"8TH ST","EAST BROADWAY",21.00,E,N,A,-,N,,,,,,,,,,Y,4,0,1,2,A,-,01,23152,A,F,C,C,A,A,H,-,C,A,0,,,,,Y,Y,A,01,0,0,1,0,0,0,0,0,0,"- ","- ",,,"LOS ANGELES","LOS ANGELES",-118.25467681884766,34.043674468994141
9182940,2020,2020-12-11,1942,2020-10-29,2300,43946,LOSAN,4,5,7,1942,0,0,0,,0,12Z2,"FLORENCE AV","SAN PEDRO BL",0.00,,Y,A,-,N,,,,,,,,,,Y,2,0,1,2,A,-,12,21453,A,N,A,C,A,A,H,-,C,A,0,,,,,Y,Y,-,"- ",1,0,0,0,0,0,0,0,0,"- ","- ",,,"LOS ANGELES","LOS ANGELES",-118.26956939697266,33.974689483642578
9183000,2020,2020-11-20,1942,2020-08-28,1300,41096,0237,5,5,7,1942,0,0,0,B,0,2A38,"BEVERLY BL","BELMONT AV",0.00,,Y,A,-,N,,,,,,,,,,Y,4,0,1,2,A,-,09,21801,A,F,A,C,A,A,H,-,A,A,0,,,,,Y,Y,A,01,0,0,1,0,0,0,0,0,0,"- ","- ",,,"LOS ANGELES","LOS ANGELES",-118.26297760009766,34.063358306884766
9183701,2020,2021-01-11,1953,2020-10-02,1859,7868,PASAD,5,5,6,1953,0,0,0,,0,002,"ORANGE GROVE BL","GARFIELD AV",0.00,,Y,A,-,N,,,,,,,,,,Y,3,0,1,2,A,-,11,21453,D,N,G,B,D,A,H,-,C,A,0,Y,,,,Y,Y,N,60,0,1,0,0,1,0,0,0,0,"- ","- ",,,"LOS ANGELES",PASADENA,-118.14382171630859,34.157848358154297
9183711,2020,2021-01-14,1942,2020-10-31,2225,44162,"LOS A",6,5,7,1942,0,0,0,,0,1826,"FIRTH BL","96TH ST",500.00,N,N,A,-,N,,,,,,,,,,Y,4,0,1,2,A,-,05,21651,B,M,A,C,A,A,H,-,C,D,0,,,,,Y,Y,A,01,0,0,1,0,0,0,0,0,0,"- ","- ",,,"LOS ANGELES","LOS ANGELES",-118.24765014648438,33.950401306152344
9183722,2020,2020-12-11,1900,2020-10-30,0655,604242,0463,5,5,4,1936,0,0,0,,0,46K1,"IMPERIAL HWY","OCASO AV",536.00,E,N,A,-,N,,,,,,,,,,Y,3,0,1,2,A,-,01,23152,A,N,E,I,A,A,H,-,A,D,0,,,,,Y,Y,A,01,0,1,0,0,0,0,0,0,0,"- ","- ",,,"LOS ANGELES","LA MIRADA",-118.00152587890625,33.917194366455078
9184293,2020,2021-02-23,1900,2020-12-14,1449,601485,2607,1,5,6,1950,0,0,0,,0,260T1,"PALMDALE BL","47TH ST EAST",299.00,W,N,A,-,N,,,138,,,,,,,Y,4,0,2,3,A,-,01,23152,A,N,C,C,A,A,H,-,A,D,0,,,,Y,Y,Y,A,01,0,0,2,0,0,0,0,0,0,"- ","- ",34.580101013183594,-118.04650115966797,"LOS ANGELES",PALMDALE,-118.04666900634766,34.579757690429688
9184722,2020,2021-02-10,1942,2020-11-08,1730,44132,1966,7,5,7,1942,0,0,0,,0,1966,"SYLMAR AV","TUPPER ST",0.00,,Y,A,-,N,,,,,,,,,,Y,3,0,1,2,A,-,01,23152,A,N,C,C,A,A,H,-,C,A,0,,,Y,,Y,Y,A,01,0,1,0,0,0,0,0,0,1,"- ","- ",,,"LOS ANGELES","LOS ANGELES",-118.44593811035156,34.238990783691406
9185743,2020,2021-02-04,1924,2020-11-15,1953,80405,48,7,5,5,1924,0,0,0,,0,005,"VERMONT AV","GARDENA BL",422.00,N,N,A,-,N,,,,,,,,,,Y,3,0,1,2,A,-,01,23152,A,N,C,G,A,-,H,-,C,D,0,,Y,,,Y,Y,A,01,0,1,0,0,0,0,1,0,0,"- ","- ",33.892478942871094,-118.29727935791016,"LOS ANGELES",GARDENA,-118.29154205322266,33.882701873779297
9186248,2020,2021-01-27,1969,2020-11-03,1729,20279,TRAFF,2,5,5,1969,0,0,0,,0,003,"ALEXANDER AV","SOUTHERN AV",3.00,N,N,A,-,N,,,,,,,,,,Y,3,0,1,2,A,-,01,23152,A,F,G,B,B,A,H,-,C,A,0,Y,,,,Y,Y,A,07,0,1,0,0,1,0,0,0,0,"- ","- ",33.949699401855469,-118.19357299804688,"LOS ANGELES","SOUTH GATE",-118.19355773925781,33.949718475341797