CASE_ID,ACCIDENT_YEAR,PROC_DATE,JURIS,COLLISION_DATE,COLLISION_TIME,OFFICER_ID,REPORTING_DISTRICT,DAY_OF_WEEK,CHP_SHIFT,POPULATION,CNTY_CITY_LOC,SPECIAL_COND,BEAT_TYPE,CHP_BEAT_TYPE,CITY_DIVISION_LAPD,CHP_BEAT_CLASS,BEAT_NUMBER,PRIMARY_RD,SECONDARY_RD,DISTANCE,DIRECTION,INTERSECTION,WEATHER_1,WEATHER_2,STATE_HWY_IND,CALTRANS_COUNTY,CALTRANS_DISTRICT,STATE_ROUTE,ROUTE_SUFFIX,POSTMILE_PREFIX,POSTMILE,LOCATION_TYPE,RAMP_INTERSECTION,SIDE_OF_HWY,TOW_AWAY,COLLISION_SEVERITY,NUMBER_KILLED,NUMBER_INJURED,PARTY_COUNT,PRIMARY_COLL_FACTOR,PCF_CODE_OF_VIOL,PCF_VIOL_CATEGORY,PCF_VIOLATION,PCF_VIOL_SUBSECTION,HIT_AND_RUN,TYPE_OF_COLLISION,MVIW,PED_ACTION,ROAD_SURFACE,ROAD_COND_1,ROAD_COND_2,LIGHTING,CONTROL_DEVICE,CHP_ROAD_TYPE,PEDESTRIAN_ACCIDENT,BICYCLE_ACCIDENT,MOTORCYCLE_ACCIDENT,TRUCK_ACCIDENT,NOT_PRIVATE_PROPERTY,ALCOHOL_INVOLVED,STWD_VEHTYPE_AT_FAULT,CHP_VEHTYPE_AT_FAULT,COUNT_SEVERE_INJ,COUNT_VISIBLE_INJ,COUNT_COMPLAINT_PAIN,COUNT_PED_KILLED,COUNT_PED_INJURED,COUNT_BICYCLIST_KILLED,COUNT_BICYCLIST_INJURED,COUNT_MC_KILLED,COUNT_MC_INJURED,PRIMARY_RAMP,SECONDARY_RAMP,LATITUDE,LONGITUDE,COUNTY,CITY,POINT_X,POINT_Y
9265776,2021,2021-06-01,1906,2021-04-12,1853,4444,1906,1,5,5,1906,0,0,0,,0,003,"AHERN DR","MOSSBERG AV",36.00,S,N,A,-,N,,,,,,,,,,Y,3,0,3,2,A,-,08,22107,,N,C,E,A,A,H,-,A,D,0,,,Y,,Y,Y,C,02,0,1,2,0,0,0,0,0,1,"- ","- ",,,"LOS ANGELES","BALDWIN PARK",-117.96434020996094,34.077526092529297
9266590,2021,2021-06-16,1942,2021-05-21,0035,40972,1027,5,5,7,1942,0,0,0,J,0,10A17,"VANOWEN ST","LOUISE AV",23.00,E,N,A,-,N,,,,,,,,,,Y,3,0,1,2,A,-,01,23152,A,N,D,E,A,A,H,-,C,A,0,,,,,Y,Y,D,22,0,1,0,0,0,0,0,0,0,"- ","- ",,,"LOS ANGELES","LOS ANGELES",-118.50978088378906,34.193881988525391
9266638,2021,2021-06-16,1942,2021-05-18,2210,41316,1517,2,5,7,1942,0,0,0,O,0,15A27,"KITTRIDGE ST","BONNER AV",145.00,W,N,A,-,N,,,,,,,,,,Y,3,0,1,2,A,-,01,23152,A,N,B,E,A,A,H,-,C,D,0,,,,,Y,Y,A,07,0,1,0,0,0,0,0,0,0,"- ","- ",,,"LOS ANGELES","LOS ANGELES",-118.37420654296875,34.190311431884766
9268686,2021,2021-05-27,1931,2021-05-07,0809,5314,1931,5,5,5,1931,0,0,0,,0,001,"PACIFIC BL","SLAUSON AV",270.00,S,N,A,-,N,,,,,,,,,,Y,4,0,1,2,A,-,01,23153,A,N,C,C,A,A,H,-,A,A,0,,,,,Y,Y,A,01,0,0,1,0,0,0,0,0,0,"- ","- ",,,"LOS ANGELES","HUNTINGTON PARK",-118.22521209716797,33.988460540771484
9269417,2021,2021-06-01,1972,2021-05-10,1210,19157,,1,5,6,1972,0,0,0,,0,,"TORRANCE BL","HAWTHORNE BL",200.00,E,N,C,-,N,,,,,,,,,,N,4,0,2,3,A,-,03,22350,A,N,C,C,A,A,H,-,C,A,0,,,,,Y,Y,B,,0,0,2,0,0,0,0,0,0,"- ","- ",,,"LOS ANGELES",TORRANCE,-118.35307312011719,33.837581634521484
9269487,2021,2021-06-02,1900,2021-04-04,2318,607713,1624,7,5,5,1977,0,0,0,,0,160T,"MAIN ST","225TH ST",297.00,N,N,A,-,N,,,,,,,,,,Y,4,0,1,1,A,-,01,23152,A,N,E,I,A,A,H,-,C,D,0,,,,,Y,Y,A,01,0,0,1,0,0,0,0,0,0,"- ","- ",33.822811126708984,-118.27574920654297,"LOS ANGELES",CARSON,-118.27593994140625,33.822650909423828
9271293,2021,2021-06-02,1942,2021-05-19,1700,38233,1205,3,5,7,1942,0,0,0,L,0,12A3,"S VERMONT AV","W 50TH ST",132.00,N,N,A,-,N,,,,,,,,,,N,3,0,2,3,A,-,06,21755,A,N,D,C,A,A,H,-,A,A,0,,,Y,,Y,Y,C,02,0,1,1,0,0,0,0,0,1,"- ","- ",,,"LOS ANGELES","LOS ANGELES",-118.29154205322266,33.998161315917969
9271530,2021,2021-06-17,1941,2021-05-23,0001,11255,,7,5,7,1941,0,0,0,,0,,"7TH ST","XIMENO AV",0.00,,Y,A,-,N,,,,,,,,,,Y,4,0,3,4,A,-,03,22350,,N,A,C,A,A,H,-,C,A,0,,,,,Y,Y,D,,0,0,3,0,0,0,0,0,0,"- ","- ",,,"LOS ANGELES","LONG BEACH",-118.14157867431641,33.775325775146484
9273675,2021,2021-06-28,1900,2021-05-26,1733,647475,1192,3,5,6,1992,0,0,0,,0,111T2,"AVENUE K","32ND ST WEST",436.00,E,N,A,-,N,,,,,,,,,,Y,3,0,2,3,A,-,01,23152,A,N,A,C,A,A,H,-,A,D,0,,,,,Y,Y,A,01,0,1,1,0,0,0,0,0,0,"- ","- ",,,"LOS ANGELES",LANCASTER,-118.18694305419922,34.674919128417969
9273836,2021,2021-06-25,1942,2021-05-30,0206,43738,0257,7,5,7,1942,0,0,0,B,0,2A45,"UNION DR","6TH ST",614.00,N,N,A,-,N,,,,,,,,,,Y,3,0,1,6,A,-,01,23152,A,M,B,E,A,A,H,-,C,D,0,,,,,Y,Y,D,22,0,1,0,0,0,0,0,0,0,"- ","- ",,,"LOS ANGELES","LOS ANGELES",-118.26795959472656,34.058395385742188
9274768,2021,2021-07-14,1925,2021-04-15,2155,27629,1,4,5,6,1925,0,0,0,,0,196,"SONORA AV","GLENOAKS BL",494.00,S,N,A,-,N,,,,,,,,,,Y,4,0,3,3,A,-,08,22107,,N,C,C,A,A,H,-,C,D,0,,,,,Y,Y,A,01,0,0,3,0,0,0,0,0,0,"- ","- ",,,"LOS ANGELES",GLENDALE,-118.28697204589844,34.167232513427734
9276803,2021,2021-06-23,1942,2021-05-16,1250,37146,0395,7,5,7,1942,0,0,0,C,0,3A99,"W VERNON AV","S WESTERN AV",10.00,E,N,B,-,N,,,,,,,,,,N,4,0,1,3,A,-,01,23152,A,N,D,C,F,A,H,-,A,A,0,Y,,,,Y,Y,A,07,0,0,1,0,1,0,0,0,0,"- ","- ",,,"LOS ANGELES","LOS ANGELES",-118.30889892578125,34.003719329833984
9278658,2021,2021-06-21,1941,2021-05-19,1910,5881,,3,5,7,1941,0,0,0,,0,,"LONG BEACH BL","NEECE ST",0.00,,N,A,-,N,,,,,,,,,,Y,4,0,2,2,A,-,08,22107,,N,D,C,A,A,H,-,A,A,0,,,,,Y,Y,A,,0,0,2,0,0,0,0,0,0,"- ","- ",,,"LOS ANGELES","LONG BEACH",-118.20205688476562,33.871986389160156
9278861,2021,2021-07-01,1900,2021-05-23,1210,623588,0643,7,5,6,1985,0,0,0,,0,62T1,"NEWHALL RANCH RD","BOUQUET CANYON RD",300.00,E,N,A,-,N,,,,,,,,,,Y,2,0,1,2,A,-,01,23152,A,N,C,C,A,A,H,-,A,A,0,,,,,Y,Y,A,01,1,0,0,0,0,0,0,0,0,"- ","- ",34.426029205322266,-118.536376953125,"LOS ANGELES","SANTA CLARITA",-118.5364990234375,34.426692962646484
9279611,2021,2021-07-08,1941,2021-06-06,1816,11239,,7,5,7,1941,0,0,0,,0,,"W SHORELINE DR","CHESTNUT PL",0.00,,-,A,-,N,,,,,,,,,,Y,4,0,1,3,A,-,03,22350,,N,B,C,A,A,-,-,A,D,0,,,,,Y,Y,A,,0,0,1,0,0,0,0,0,0,"- ","- ",,,"LOS ANGELES","LONG BEACH",-118.19662475585938,33.764995574951172
9280460,2021,2021-07-02,1953,2021-06-06,0207,5268,1953,7,5,6,1953,0,0,0,,0,001,"RAYMOND AV","FILLMORE ST",25.00,S,N,A,-,N,,,,,,,,,,Y,3,0,1,1,A,-,01,23152,A,N,E,I,A,A,H,-,C,A,0,,,,,Y,Y,A,01,0,1,0,0,0,0,0,0,0,"- ","- ",,,"LOS ANGELES",PASADENA,-118.14878082275391,34.132949829101562
9280802,2021,2021-06-30,1976,2021-05-17,0818,858,,1,5,3,1964,0,0,0,,0,,"GREENLEAF AV","REIS ST",179.00,S,N,B,-,N,,,,,,,,,,Y,3,0,2,3,A,-,01,23152,A,N,B,E,A,A,H,-,A,D,0,,,,,Y,Y,A,01,0,1,1,0,0,0,0,0,0,"- ","- ",,,"LOS ANGELES","SANTA FE SPRINGS",-118.05182647705078,33.951152801513672
9283237,2021,2021-07-12,1900,2021-05-31,0012,516545,1324,1,5,5,1935,0,0,0,,0,132T1,"WOODRUFF AV","DEL AMO BL",15.00,S,N,A,-,N,,,,,,,,,,Y,4,0,2,2,A,-,01,23152,A,N,C,C,A,A,H,-,C,A,0,,,,,Y,Y,A,01,0,0,2,0,0,0,0,0,0,"- ","- ",,,"LOS ANGELES",LAKEWOOD,-118.11643981933594,33.846939086914062
9283392,2021,2021-07-19,1942,2021-06-28,0145,42818,1021,1,5,7,1942,0,0,0,J,0,10A3,"SHERMAN WY","TAMPA AV",0.00,,Y,A,-,N,,,,,,,,,,Y,2,0,3,2,A,-,01,23152,A,N,D,C,A,A,H,-,C,A,0,,,,,Y,Y,A,01,1,2,0,0,0,0,0,0,0,"- ","- ",,,"LOS ANGELES","LOS ANGELES",-118.55354309082031,34.201042175292969
9284491,2021,2021-09-01,1942,2021-06-27,0318,39893,0454,7,5,7,1942,0,0,0,D,0,4A97,"1ST ST","BAILEY ST",100.00,W,N,A,-,N,,,,,,,,,,N,3,0,1,3,A,-,01,23152,A,M,C,E,A,A,H,-,C,D,0,,,,,Y,Y,-,99,0,1,0,0,0,0,0,0,0,"- ","- ",,,"LOS ANGELES","LOS ANGELES",-118.21897888183594,34.047191619873047
9285515,2021,2021-07-15,1942,2021-06-19,0235,36199,1795,6,5,7,1942,0,0,0,Q,0,17A61,"BALBOA BL","NAPA ST",400.00,S,N,A,-,N,,,,,,,,,,Y,4,0,2,5,A,-,01,23152,A,N,B,C,A,A,H,-,C,D,0,,,,,Y,Y,A,01,0,0,2,0,0,0,0,0,0,"- ","- ",34.225528717041016,-118.50267791748047,"LOS ANGELES","LOS ANGELES",-118.50263214111328,34.225631713867188
9286152,2021,2021-07-15,1941,2021-06-19,2348,11255,,6,5,7,1941,0,0,0,,0,,"PACIFIC COAST HWY","1ST ST",500.00,W,N,A,-,Y,LA,7,1,-,-,0.010,H,-,N,Y,4,0,1,3,A,-,00,21058,A,N,C,E,A,A,H,-,C,A,0,,,,,Y,Y,A,,0,0,1,0,0,0,0,0,0,"- ","- ",,,"LOS ANGELES","LONG BEACH",-118.10594177246094,33.751148223876953
9286470,2021,2021-07-20,1955,2021-06-11,0052,42424,0077,5,5,6,1955,0,0,0,,0,005,"MISSION BL","PHILLIPS DR",0.00,,Y,A,-,N,,,,,,,,,,Y,3,0,2,2,A,-,01,23152,A,N,D,C,A,A,H,-,C,A,0,,,,,Y,Y,D,22,0,1,1,0,0,0,0,0,0,"- ","- ",34.050960540771484,-117.79266357421875,"LOS ANGELES",POMONA,-117.79264068603516,34.050895690917969
9286890,2021,2021-07-23,1942,2021-06-20,2350,44079,1801,7,5,7,1942,0,0,0,R,0,18A1,"93RD ST","W BARING CROSS ST",191.00,W,N,A,-,N,,,,,,,,,,N,4,0,1,2,A,-,01,23152,A,F,B,C,E,A,H,-,B,A,0,Y,,,,Y,Y,D,22,0,0,1,0,1,0,0,0,0,"- ","- ",,,"LOS ANGELES","LOS ANGELES",-118.28997802734375,33.951873779296875
9287160,2021,2021-08-13,1942,2021-07-24,1910,38996,1017,6,5,7,1942,0,0,0,J,0,26TL75,"SHERMAN WY","LOUISE AV",550.00,E,N,A,-,N,,,,,,,,,,Y,3,0,1,3,A,-,01,23152,A,F,B,C,A,A,H,-,A,D,0,,,,,Y,Y,A,01,0,1,0,0,0,0,0,0,0,"- ","- ",,,"LOS ANGELES","LOS ANGELES",-118.50799560546875,34.201129913330078
9287455,2021,2021-07-30,1942,2021-07-05,1850,41198,2134,1,5,7,1942,0,0,0,,0,26Q45,"TOPANGA CANYON BL","SHERMAN WY",0.00,,Y,A,-,Y,LA,7,27,-,-,14.550,I,5,S,Y,3,0,2,2,A,-,00,21352,A,N,A,C,A,A,H,-,A,A,0,,,,,Y,Y,D,22,0,2,0,0,0,0,0,0,0,"- ","- ",,,"LOS ANGELES","LOS ANGELES",-118.60602569580078,34.201087951660156
9287705,2021,2021-07-30,1900,2021-07-03,2149,552036,1012,6,5,3,1995,0,0,0,,0,101T2,"RT 1","PORTSHEAD RD",335.00,N,N,A,-,Y,LA,7,1,-,-,54.180,H,-,S,N,3,0,1,2,A,-,11,21954,A,N,G,B,E,A,H,-,D,D,0,Y,,,,Y,Y,N,60,0,1,0,0,1,0,0,0,0,"- ","- ",34.022220611572266,-118.80564117431641,"LOS ANGELES",MALIBU,-118.80580139160156,34.022251129150391
9287713,2021,2021-07-30,1900,2021-07-08,1344,612140,1016,4,5,3,1995,0,0,0,,0,101T3,"RT 1","SWEETWATER CANYON DR",1320.00,E,N,A,-,Y,LA,7,1,-,-,46.120,H,-,N,N,4,0,1,2,A,-,03,22350,,N,C,C,A,A,H,-,A,A,0,,,,,Y,Y,D,22,0,0,1,0,0,0,0,0,0,"- ","- ",34.039478302001953,-118.66915893554688,"LOS ANGELES",MALIBU,-118.67005920410156,34.039463043212891
9287726,2021,2021-08-02,1942,2021-06-27,1910,41973,0357,7,5,7,1942,0,0,0,C,0,3A57,"WALTON AV","W 35TH ST",0.00,,Y,A,-,N,,,,,,,,,,N,3,0,1,2,A,-,01,21200,5,N,B,G,A,A,H,-,A,D,0,,Y,,,Y,Y,L,04,0,1,0,0,0,0,1,0,0,"- ","- ",,,"LOS ANGELES","LOS ANGELES",-118.29483032226562,34.024158477783203
9289428,2021,2021-07-19,1941,2021-06-24,1757,10652,,4,5,7,1941,0,0,0,,0,,WILLOW,TEMPLE,0.00,,Y,A,-,N,,,,,,,,,,Y,2,0,1,2,A,-,12,21453,A,N,D,C,A,A,H,-,A,A,0,,,Y,,Y,Y,C,,1,0,0,0,0,0,0,0,1,"- ","- ",,,"LOS ANGELES","LONG BEACH",-118.15889739990234,33.804359436035156
9289785,2021,2021-08-25,1942,2021-07-03,0600,30452,1037,6,5,7,1942,0,0,0,J,0,26TL24,"WHITE OAK AV","VANOWEN ST",170.00,S,N,A,-,N,,,,,,,,,,Y,2,0,2,3,A,-,01,23152,A,N,G,B,E,A,H,-,A,D,0,Y,,,,Y,Y,A,07,1,1,0,0,1,0,0,0,0,"- ","- ",,,"LOS ANGELES","LOS ANGELES",-118.51856994628906,34.193405151367188
9289795,2021,2021-08-25,1922,2021-07-01,0319,635,,4,5,6,1922,0,0,0,,0,,"GARVEY AV","PECK RD",0.00,,Y,A,-,N,,,,,,,,,,Y,3,0,1,2,A,-,01,23153,A,N,C,C,A,A,H,-,C,A,0,,,,,Y,Y,A,07,0,1,0,0,0,0,0,0,0,"- ","- ",,,"LOS ANGELES","EL MONTE",-118.03054046630859,34.062847137451172
9289958,2021,2021-07-26,1920,2021-06-24,2135,13117,1920,4,5,6,1920,0,0,0,,0,005,"PARAMOUNT BL","GALLATIN RD",150.00,S,N,A,-,N,,,,,,,,,,N,4,0,2,2,A,-,01,23152,A,N,C,C,A,A,H,-,C,D,0,,,,,Y,Y,A,01,0,0,2,0,0,0,0,0,0,"- ","- ",,,"LOS ANGELES",DOWNEY,-118.12352752685547,33.961929321289062
9290288,2021,2021-09-10,1920,2021-07-07,0210,13965,,3,5,6,1920,0,0,0,,0,001,"WOODRUFF AV","FIRESTONE BL E",0.00,,Y,A,-,N,,,,,,,,,,Y,3,0,1,1,A,-,01,23152,A,N,E,I,A,A,H,-,C,A,0,,,,,Y,Y,A,01,0,1,0,0,0,0,0,0,0,"- ","- ",,,"LOS ANGELES",DOWNEY,-118.11787414550781,33.932430267333984
9291460,2021,2021-08-27,1942,2021-07-05,0130,42364,1243,1,5,7,1942,0,0,0,L,0,25Q21,FLORENCE,"HAAS AV",35.00,E,N,A,-,N,,,,,,,,,,N,3,0,1,2,A,-,11,21954,A,F,G,B,D,A,H,-,C,D,0,Y,,,,Y,Y,-,99,0,1,0,0,1,0,0,0,0,"- ","- ",,,"LOS ANGELES","LOS ANGELES",-118.31673431396484,33.974601745605469
9292626,2021,2021-07-28,1942,2021-07-09,1745,40388,2143,5,5,7,1942,0,0,0,,0,21A43,"VICTORY BL","FALLBROOK AV",62.00,W,N,A,-,N,,,,,,,,,,Y,2,0,5,4,A,-,03,22350,,N,C,C,A,A,H,-,A,A,0,,,,,Y,Y,A,01,2,0,3,0,0,0,0,0,0,"- ","- ",,,"LOS ANGELES","LOS ANGELES",-118.62359619140625,34.186454772949219
9292691,2021,2021-09-09,1900,2021-07-02,2115,652535,2603,5,5,6,1950,0,0,0,,0,264T1,"OLD HAROLD RD","25TH ST E",558.00,W,N,A,-,N,,,,,,,,,,N,4,0,1,2,A,-,11,21954,A,N,G,B,D,A,H,-,C,D,0,Y,,,,Y,Y,N,60,0,0,1,0,1,0,0,0,0,"- ","- ",34.551601409912109,-118.08789825439453,"LOS ANGELES",PALMDALE,-118.08777618408203,34.551727294921875
9293310,2021,2021-08-28,1953,2021-07-08,1913,1268,1953,4,5,6,1953,0,0,0,,0,002,"LOS ROBLES AV","VILLA ST",50.00,N,N,A,-,N,,,,,,,,,,Y,4,0,1,3,A,-,01,23153,B,F,C,E,A,A,H,-,A,A,0,,,,,Y,Y,A,01,0,0,1,0,0,0,0,0,0,"- ","- ",,,"LOS ANGELES",PASADENA,-118.14150238037109,34.154338836669922
9293664,2021,2021-08-25,1900,2021-07-08,1816,655212,1134,4,5,6,1992,0,0,0,,0,112T2,"AVENUE K","7TH ST E",56.00,W,N,A,-,N,,,,,,,,,,Y,3,0,1,2,A,-,01,23152,A,N,B,C,A,A,H,-,A,D,0,,,,,Y,Y,A,08,0,1,0,0,0,0,0,0,0,"- ","- ",,,"LOS ANGELES",LANCASTER,-118.11809539794922,34.675003051757812
9293754,2021,2021-08-02,1905,2021-04-11,1737,1186,123,7,5,4,1905,0,0,0,,0,002,"RT 39","SAN GABRIEL CANYON RD",334.00,N,N,A,-,N,,,,,,,,,,Y,3,0,1,1,A,-,01,23152,A,N,F,A,A,A,H,-,A,A,0,,,,,Y,Y,A,01,0,1,0,0,0,0,0,0,0,"- ","- ",,,"LOS ANGELES",AZUSA,-117.90987396240234,34.159294128417969
9294983,2021,2021-08-12,1941,2021-07-07,2100,5726,,3,5,7,1941,0,0,0,,0,,"WARDLOW RD","BRAYTON AV",0.00,,Y,A,-,N,,,,,,,,,,N,4,0,1,2,A,-,03,22350,,F,G,B,D,A,H,-,C,D,0,Y,,Y,,Y,Y,C,,0,0,1,0,1,0,0,0,0,"- ","- ",,,"LOS ANGELES","LONG BEACH",-118.17527008056641,33.818931579589844
9296155,2021,2021-08-18,1942,2021-07-24,0535,30452,1008,6,5,7,1942,0,0,0,J,0,26TL24,"VANOWEN ST","VALJEAN AV",500.00,W,N,B,-,N,,,,,,,,,,Y,4,0,1,5,A,-,01,23152,A,M,C,E,A,A,H,-,C,D,0,,,,,Y,Y,A,01,0,0,1,0,0,0,0,0,0,"- ","- ",,,"LOS ANGELES","LOS ANGELES",-118.48751831054688,34.193912506103516
9297758,2021,2021-09-16,1942,2021-07-23,2250,43641,1347,5,5,7,1942,0,0,0,M,0,13A63,"42ND PL","LONG BEACH BL",15.00,W,N,A,-,N,,,,,,,,,,Y,4,0,1,2,A,-,03,22350,A,F,A,C,A,A,H,-,C,D,0,,,,,Y,Y,A,01,0,0,1,0,0,0,0,0,0,"- ","- ",,,"LOS ANGELES","LOS ANGELES",-118.24331665039062,34.006294250488281
9298785,2021,2021-08-31,1942,2021-07-28,1935,43822,1622,3,5,7,1942,0,0,0,P,0,16A11,"SAN FERNANDO RD","RT 118",60.00,N,N,A,-,N,,,,,,,,,,Y,3,0,6,3,A,-,01,23152,A,N,C,C,A,A,H,-,A,A,0,,,,,Y,Y,A,08,0,1,5,0,0,0,0,0,0,"- ","- ",,,"LOS ANGELES","LOS ANGELES",-118.42904663085938,34.272605895996094
9300404,2021,2021-08-16,1942,2021-07-25,0153,42309,1969,7,5,7,1942,0,0,0,,0,19A79,"OSBORNE ST","ARLETA AV",139.00,W,N,A,-,N,,,,,,,,,,Y,2,0,7,4,A,-,09,21801,A,N,D,C,A,A,H,-,C,A,0,,,,,Y,Y,A,01,4,1,2,0,0,0,0,0,0,"- ","- ",,,"LOS ANGELES","LOS ANGELES",-118.42645263671875,34.241828918457031
9300442,2021,2021-08-13,1942,2021-07-17,0125,41808,1258,6,5,7,1942,0,0,0,L,0,12A39,BROADWAY,"79TH ST",0.00,,Y,A,-,N,,,,,,,,,,N,3,0,1,2,A,-,01,23152,A,F,D,C,A,A,H,-,C,A,0,,,,,Y,Y,A,01,0,1,0,0,0,0,0,0,0,"- ","- ",,,"LOS ANGELES","LOS ANGELES",-118.27830505371094,33.967880249023438
9301413,2021,2021-08-24,1975,2021-07-03,1800,472,,6,5,6,1975,0,0,0,,0,004,"AZUSA AV","MERCED AV",100.00,S,N,A,-,N,,,,,,,,,,N,4,0,1,2,A,-,03,22350,,F,C,D,A,A,H,-,D,A,0,,,,,Y,Y,A,01,0,0,1,0,0,0,0,0,0,"- ","- ",34.053890228271484,-117.90792846679688,"LOS ANGELES","WEST COVINA",-117.90804290771484,34.053577423095703
9302737,2021,2021-09-20,1942,2021-07-24,2200,42011,0315,6,5,7,1942,0,0,0,C,0,25T39,"ADAMS BL","ARLINGTON AV",0.00,,Y,A,-,N,,,,,,,,,,Y,4,0,2,2,A,-,01,23152,A,N,A,C,A,A,H,-,C,D,0,,,,,Y,Y,A,01,0,0,2,0,0,0,0,0,0,"- ","- ",,,"LOS ANGELES","LOS ANGELES",-118.31768035888672,34.032634735107422
9303136,2021,2021-08-28,1942,2021-07-04,2130,43441,1441,7,5,7,1942,0,0,0,N,0,27Q12,"WASHINGTON BL","GRAYSON AV",30.00,W,N,A,-,N,,,,,,,,,,Y,4,0,2,2,A,-,01,23152,A,N,C,C,A,A,H,-,C,D,0,,,,,Y,Y,A,01,0,0,2,0,0,0,0,0,0,"- ","- ",,,"LOS ANGELES","LOS ANGELES",-118.46199035644531,33.982021331787109
9303388,2021,2021-09-11,1942,2021-07-24,0010,37613,2189,6,5,7,1942,0,0,0,,0,21A97,"VENTURA BL","KELVIN AV",1200.00,E,N,A,-,N,,,,,,,,,,Y,3,0,1,2,A,-,01,23152,A,N,B,E,A,A,H,-,C,D,0,,,,,Y,Y,A,07,0,1,0,0,0,0,0,0,0,"- ","- ",,,"LOS ANGELES","LOS ANGELES",-118.58206176757812,34.167396545410156
9306190,2021,2021-09-30,1931,2021-08-03,1357,5340,1931,2,5,5,1931,0,0,0,,0,002,"GAGE AV","PASSAIC ST",0.00,,Y,A,-,N,,,,,,,,,,Y,2,0,2,3,A,-,17,21652,,N,A,C,A,A,H,-,A,A,0,,,,,Y,Y,A,01,1,0,1,0,0,0,0,0,0,"- ","- ",,,"LOS ANGELES","HUNTINGTON PARK",-118.21687316894531,33.981193542480469
9307394,2021,2021-10-27,1955,2021-08-05,1918,42576,31,4,5,6,1955,0,0,0,,0,002,"FOOTHILL BL","GAREY AV",112.00,W,N,A,-,N,,,,,,,,,,Y,4,0,1,2,A,-,01,23152,A,N,C,C,A,A,H,-,B,A,0,,,,,Y,Y,A,07,0,0,1,0,0,0,0,0,0,"- ","- ",34.107868194580078,-117.74861145019531,"LOS ANGELES",POMONA,-117.74898529052734,34.107894897460938
9308671,2021,2021-09-30,1942,2021-08-31,1424,43829,0138,2,5,7,1942,0,0,0,A,0,1A85W2,"SAN PEDRO","4TH ST",0.00,,Y,A,-,N,,,,,,,,,,Y,4,0,3,3,A,-,01,23152,A,N,C,C,A,A,H,-,A,A,0,,,,Y,Y,Y,A,01,0,0,3,0,0,0,0,0,0,SO,"- ",,,"LOS ANGELES","LOS ANGELES",-118.24299621582031,34.045848846435547
9309466,2021,2021-08-31,1901,2021-05-23,0116,151,24,7,5,5,1901,0,0,0,,0,003,"ELECTRIC AV","ALHAMBRA RD W",614.00,S,N,A,-,N,,,,,,,,,,Y,3,0,1,3,A,-,01,23152,A,N,F,E,A,A,H,-,C,D,0,,,,,Y,Y,A,01,0,1,0,0,0,0,0,0,0,"- ","- ",34.098739624023438,-118.14005279541016,"LOS ANGELES",ALHAMBRA,-118.14002227783203,34.098701477050781
9312165,2021,2021-09-03,1941,2021-08-12,2208,10120,,4,5,7,1941,0,0,0,,0,,"RT 710","6TH ST",15.00,W,-,A,-,N,,,,,,,,,,Y,3,0,1,1,A,-,01,23152,A,N,E,J,A,A,H,-,C,D,0,,,,,Y,Y,A,,0,1,0,0,0,0,0,0,0,"- ","- ",,,"LOS ANGELES","LONG BEACH",-118.20532989501953,33.850139617919922
9312196,2021,2021-09-16,1942,2021-08-11,2010,37304,1765,3,5,7,1942,0,0,0,Q,0,26T36,"TAMPA AV","DEVONSHIRE ST",170.00,N,N,A,-,N,,,,,,,,,,Y,3,0,2,3,A,-,01,23152,A,N,C,C,A,A,-,-,C,D,0,,,,,Y,Y,A,01,0,1,1,0,0,0,0,0,0,"- ","- ",,,"LOS ANGELES","LOS ANGELES",-118.55378723144531,34.257701873779297
9313061,2021,2021-10-01,1922,2021-08-02,1725,682,,1,5,6,1922,0,0,0,,0,001,"VALLEY RD","SHIRLEY AV",0.00,,Y,A,-,N,,,,,,,,,,Y,3,0,1,2,A,-,03,22350,,M,B,C,A,A,H,-,A,D,0,,,,,Y,Y,A,01,0,1,0,0,0,0,0,0,0,"- ","- ",34.078578948974609,-118.05185699462891,"LOS ANGELES","EL MONTE",-118.05178070068359,34.078590393066406
9313088,2021,2021-10-09,1955,2021-08-15,2035,41186,3,7,5,6,1955,0,0,0,,0,034,"MARIPOSA ST","ARROW HWY",20.00,N,N,A,-,N,,,,,,,,,,N,3,0,1,2,A,-,11,21954,A,N,G,B,D,A,H,-,C,A,0,Y,,,,Y,Y,N,60,0,1,0,0,1,0,0,0,0,"- ","- ",34.090000152587891,-117.75292205810547,"LOS ANGELES",POMONA,-117.75285339355469,34.0899658203125
9313505,2021,2021-09-15,1942,2021-07-06,0220,39546,0815,2,5,7,1942,0,0,0,H,0,8A53W3,"SUNSET BL","THURSTON AV",200.00,E,N,A,-,N,,,,,,,,,,Y,3,0,1,1,A,-,01,23152,A,N,E,I,A,A,H,-,C,D,0,,,,,Y,Y,A,01,0,1,0,0,0,0,0,0,0,"- ","- ",,,"LOS ANGELES","LOS ANGELES",-118.46370697021484,34.074039459228516
9313718,2021,2021-10-13,1942,2021-08-07,2010,43790,1028,6,5,7,1942,0,0,0,J,0,10A17,"BALBOA BL","VICTORY BL",0.00,,-,A,-,N,,,,,,,,,,Y,4,0,1,4,A,-,09,21804,,F,A,C,A,A,H,-,B,D,0,,,,,Y,Y,A,01,0,0,1,0,0,0,0,0,0,"- ","- ",,,"LOS ANGELES","LOS ANGELES",-118.5010986328125,34.186626434326172