CASE_ID,ACCIDENT_YEAR,PROC_DATE,JURIS,COLLISION_DATE,COLLISION_TIME,OFFICER_ID,REPORTING_DISTRICT,DAY_OF_WEEK,CHP_SHIFT,POPULATION,CNTY_CITY_LOC,SPECIAL_COND,BEAT_TYPE,CHP_BEAT_TYPE,CITY_DIVISION_LAPD,CHP_BEAT_CLASS,BEAT_NUMBER,PRIMARY_RD,SECONDARY_RD,DISTANCE,DIRECTION,INTERSECTION,WEATHER_1,WEATHER_2,STATE_HWY_IND,CALTRANS_COUNTY,CALTRANS_DISTRICT,STATE_ROUTE,ROUTE_SUFFIX,POSTMILE_PREFIX,POSTMILE,LOCATION_TYPE,RAMP_INTERSECTION,SIDE_OF_HWY,TOW_AWAY,COLLISION_SEVERITY,NUMBER_KILLED,NUMBER_INJURED,PARTY_COUNT,PRIMARY_COLL_FACTOR,PCF_CODE_OF_VIOL,PCF_VIOL_CATEGORY,PCF_VIOLATION,PCF_VIOL_SUBSECTION,HIT_AND_RUN,TYPE_OF_COLLISION,MVIW,PED_ACTION,ROAD_SURFACE,ROAD_COND_1,ROAD_COND_2,LIGHTING,CONTROL_DEVICE,CHP_ROAD_TYPE,PEDESTRIAN_ACCIDENT,BICYCLE_ACCIDENT,MOTORCYCLE_ACCIDENT,TRUCK_ACCIDENT,NOT_PRIVATE_PROPERTY,ALCOHOL_INVOLVED,STWD_VEHTYPE_AT_FAULT,CHP_VEHTYPE_AT_FAULT,COUNT_SEVERE_INJ,COUNT_VISIBLE_INJ,COUNT_COMPLAINT_PAIN,COUNT_PED_KILLED,COUNT_PED_INJURED,COUNT_BICYCLIST_KILLED,COUNT_BICYCLIST_INJURED,COUNT_MC_KILLED,COUNT_MC_INJURED,PRIMARY_RAMP,SECONDARY_RAMP,LATITUDE,LONGITUDE,COUNTY,CITY,POINT_X,POINT_Y
9314143,2021,2021-09-22,1942,2021-08-04,1200,39154,0904,3,5,7,1942,0,0,0,I,0,26TL46,"VAN NUYS BL","KESWICK ST",292.00,S,N,A,-,N,,,,,,,,,,Y,2,0,2,4,A,-,21,22106,,N,G,B,E,A,H,-,A,D,0,Y,,,,Y,Y,A,01,1,1,0,0,1,0,0,0,0,"- ","- ",,,"LOS ANGELES","LOS ANGELES",-118.44876861572266,34.209468841552734
9314200,2021,2021-10-16,1916,2021-08-01,2055,2945,W21R1,7,5,4,1916,0,0,0,,0,WEST,"PUENTE ST","ARMEL DR",0.00,,Y,A,-,N,,,,,,,,,,N,2,0,1,2,A,-,11,21955,,N,G,B,D,A,H,-,C,D,0,Y,,,,Y,Y,N,60,1,0,0,0,1,0,0,0,0,"- ","- ",34.082931518554688,-117.90319061279297,"LOS ANGELES",COVINA,-117.90333557128906,34.082721710205078
9314433,2021,2021-10-14,1941,2021-08-17,2003,11097,,2,5,7,1941,0,0,0,,0,,"ORANGE AV","71ST ST",0.00,,Y,A,-,N,,,,,,,,,,Y,3,0,1,4,A,-,01,23152,A,N,A,C,A,A,H,-,C,D,0,,,,,Y,Y,A,,0,1,0,0,0,0,0,0,0,"- ","- ",,,"LOS ANGELES","LONG BEACH",-118.17745208740234,33.8836669921875
9316063,2021,2021-09-18,1955,2021-08-06,0312,40764,22,5,5,6,1955,0,0,0,,0,002,"INDIGO CT","TOWNE ST",18.00,W,N,A,-,N,,,,,,,,,,Y,2,0,2,1,A,-,01,23152,A,N,E,I,A,A,H,-,C,D,0,,,,,Y,Y,A,01,2,0,0,0,0,0,0,0,0,"- ","- ",34.092998504638672,-117.73674011230469,"LOS ANGELES",POMONA,-117.73686218261719,34.093021392822266
9316448,2021,2021-09-20,1900,2021-08-12,0330,627716,0534,4,5,5,1959,0,0,0,,0,53T1EM,"GARVEY AV","BARTLETT AV",0.00,,N,A,-,N,,,,,,,,,,Y,3,0,1,1,A,-,08,22107,,N,A,I,A,A,H,-,C,D,0,,,,,Y,Y,A,,0,1,0,0,0,0,0,0,0,"- ","- ",34.062770843505859,-118.07869720458984,"LOS ANGELES",ROSEMEAD,-118.07879638671875,34.062679290771484
9317424,2021,2021-10-06,1900,2021-08-23,0101,655212,1135,1,5,6,1992,0,0,0,,0,112T2,"27TH ST E","LINGARD ST",25.00,N,N,A,-,N,,,,,,,,,,Y,2,0,3,3,A,-,01,23153,A,N,E,I,A,A,H,-,C,D,0,,,,,Y,Y,A,01,1,1,1,0,0,0,0,0,0,"- ","- ",,,"LOS ANGELES",LANCASTER,-118.08141326904297,34.696159362792969
9317763,2021,2021-09-16,1975,2021-08-22,2306,465,,7,5,6,1975,0,0,0,,0,,"GLENDORA AV","MERCED AV",100.00,S,N,A,-,N,,,,,,,,,,N,4,0,2,2,A,-,01,23153,A,F,C,C,A,A,H,-,C,A,0,,,,,Y,Y,A,01,0,0,2,0,0,0,0,0,0,"- ","- ",34.055519104003906,-117.93843841552734,"LOS ANGELES","WEST COVINA",-117.93869018554688,34.05535888671875
9318177,2021,2021-10-02,1922,2021-08-06,0055,678,2,5,5,6,1922,0,0,0,,0,002,"WHISTLER AV","FERRIS RD",0.00,,Y,A,-,N,,,,,,,,,,N,4,0,1,2,A,-,"- ",,,F,H,C,A,A,H,-,C,A,0,,,Y,,Y,Y,-,,0,0,1,0,0,0,0,0,1,"- ","- ",34.070781707763672,-118.01756286621094,"LOS ANGELES","EL MONTE",-118.01692962646484,34.071109771728516
9318283,2021,2021-11-10,1922,2021-09-04,2008,678,,6,5,6,1922,0,0,0,,0,001,"LOWER AZUSA","CEDAR AV",12.00,W,N,A,-,N,,,,,,,,,,Y,3,0,2,4,A,-,03,22350,,N,C,C,A,A,H,-,C,D,0,,,,,Y,Y,A,01,0,2,0,0,0,0,0,0,0,"- ","- ",34.091621398925781,-118.02115631103516,"LOS ANGELES","EL MONTE",-118.02115631103516,34.091583251953125
9319558,2021,2021-09-15,1942,2021-07-25,1645,37143,1126,7,5,7,1942,0,0,0,K,0,24MQ57,"AV 56","TEHAMA ST",198.00,S,N,A,-,N,,,,,,,,,,N,3,0,1,2,A,-,01,23152,,N,B,E,A,A,H,-,A,D,0,,,,,Y,Y,A,01,0,1,0,0,0,0,0,0,0,"- ","- ",,,"LOS ANGELES","LOS ANGELES",-118.19647979736328,34.125057220458984
9320186,2021,2021-12-21,1976,2021-11-12,2044,547,,5,5,5,1976,0,0,0,,0,001,"WHITTIER BL","DORLAND PL",210.00,W,N,A,-,Y,LA,7,72,-,-,5.890,H,-,N,Y,1,1,0,3,A,-,11,21954,A,N,G,B,D,A,H,-,C,D,0,Y,,,,Y,Y,N,60,0,0,0,1,0,0,0,0,0,"- ","- ",,,"LOS ANGELES",WHITTIER,-118.05886077880859,33.986427307128906
9320298,2021,2022-01-18,1942,2021-12-18,2330,33504,1763,6,5,7,1942,0,0,0,Q,0,26T55-,"LASSEN ST","OAKDALE AV",243.00,E,N,A,-,N,,,,,,,,,,Y,1,2,2,2,A,-,01,23152,A,N,C,C,A,A,H,-,C,D,0,,,,,Y,Y,A,07,0,2,0,0,0,0,0,0,0,"- ","- ",,,"LOS ANGELES","LOS ANGELES",-118.56589508056641,34.25
9320380,2021,2023-06-17,1942,2021-12-24,1915,41131,0527,5,5,7,1942,0,0,0,E,0,25T33,"HARRY BRIDGES BL","KING AV",11.00,W,N,A,-,N,,,,,,,,,,Y,1,1,1,2,A,-,01,23152,A,N,D,C,A,A,H,-,C,A,0,,,,,Y,Y,D,22,0,1,0,0,0,0,0,0,0,"- ","- ",,,"LOS ANGELES","LOS ANGELES",-118.27484893798828,33.77056884765625
9320611,2021,2022-05-20,1942,2021-12-03,0455,33599,0319,5,5,7,1942,0,0,0,C,0,25T23,"FLOWER ST","ADAMS BL",71.00,S,N,A,-,N,,,,,,,,,,Y,1,1,2,2,A,-,01,23152,A,N,G,B,F,A,H,-,B,A,0,Y,,,,Y,Y,A,01,0,1,1,1,0,0,0,0,0,"- ","- ",,,"LOS ANGELES","LOS ANGELES",-118.27496337890625,34.027450561523438
9322034,2021,2021-10-20,1942,2021-09-02,1940,42818,0998,4,5,7,1942,0,0,0,I,0,26T55,"COLDWATER CANYON AV","MULLHOLLAND DR",1007.00,N,N,-,-,N,,,,,,,,,,Y,4,0,1,1,A,-,01,23152,A,N,E,I,A,A,H,-,C,A,0,,,,,Y,Y,A,07,0,0,1,0,0,0,0,0,0,"- ","- ",,,"LOS ANGELES","LOS ANGELES",-118.40846252441406,34.130672454833984
9322834,2021,2021-10-06,1942,2021-08-23,0016,38824,1307,1,5,7,1942,0,0,0,M,0,NEWTON,"STANFORD AV","AGATHA ST",0.00,,Y,A,-,N,,,,,,,,,,Y,4,0,1,3,A,-,05,21651,B,N,A,E,A,A,H,-,C,D,0,,,,,Y,Y,A,08,0,0,1,0,0,0,0,0,0,"- ","- ",,,"LOS ANGELES","LOS ANGELES",-118.24564361572266,34.037845611572266
9323448,2021,2021-10-21,1942,2021-09-06,2120,41602,20/14,1,5,7,1942,0,0,0,,0,11A37,"MARMION WY","MONTE VISTA",55.00,E,N,A,-,N,,,,,,,,,,Y,3,0,1,2,A,-,01,23152,B,N,A,C,A,A,H,-,D,D,0,,,,,Y,Y,A,01,0,1,0,0,0,0,0,0,0,"- ","- ",,,"LOS ANGELES","LOS ANGELES",-118.20556640625,34.106060028076172
9323540,2021,2021-10-14,1900,2021-08-22,0059,624926,1137,7,5,6,1992,0,0,0,,0,111T1,"20TH ST EAST","AVENUE L",0.00,,Y,A,-,N,,,,,,,,,,Y,4,0,1,2,A,-,01,23152,A,N,-,-,A,A,H,-,C,-,0,,,,,Y,Y,A,07,0,0,1,0,0,0,0,0,0,"- ","- ",,,"LOS ANGELES",LANCASTER,-118.09452819824219,34.660511016845703
9323570,2021,2021-10-14,1975,2021-09-08,0007,458,,3,5,6,1975,0,0,0,,0,006,"TUESDAY DR",MISSOURI,136.00,W,N,A,-,N,,,,,,,,,,Y,3,0,1,3,A,-,08,22107,,N,C,E,A,A,H,-,C,D,0,,,,,Y,Y,A,01,0,1,0,0,0,0,0,0,0,"- ","- ",34.014030456542969,-117.89753723144531,"LOS ANGELES","WEST COVINA",-117.89799499511719,34.013984680175781
9323591,2021,2021-10-15,1942,2021-09-15,1030,41747,0585,3,5,7,1942,0,0,0,E,0,25TL23,"GAFFEY ST","HAMILTON PL",30.00,N,N,A,-,N,,,,,,,,,,Y,3,0,1,1,A,-,01,23152,A,N,E,I,A,A,H,-,A,D,0,,,,,Y,Y,A,,0,1,0,0,0,0,0,0,0,"- ","- ",,,"LOS ANGELES","LOS ANGELES",-118.29242706298828,33.721649169921875
9323923,2021,2021-10-05,1941,2021-08-28,0352,11265,,6,5,7,1941,0,0,0,,0,,"PACIFIC COAST HWY","HARBOR AV",10.00,W,N,A,-,Y,LA,7,1,-,-,7.500,H,-,S,Y,4,0,2,2,A,-,01,23152,B,N,C,C,A,A,H,-,C,A,0,,,,,Y,Y,A,,0,0,2,0,0,0,0,0,0,"- ","- ",,,"LOS ANGELES","LONG BEACH",-118.21067810058594,33.789821624755859
9324408,2021,2021-11-09,1942,2021-09-05,2140,34350,1134,7,5,7,1942,0,0,0,K,0,24T32,"SAN FERNANDO RD","HALLETT AV",100.00,,N,B,-,N,,,,,,,,,,N,3,0,1,2,A,-,11,21954,A,F,G,B,E,A,H,-,C,D,0,Y,,,,Y,Y,N,60,0,1,0,0,1,0,0,0,0,"- ","- ",,,"LOS ANGELES","LOS ANGELES",-118.24156188964844,34.108417510986328
9325903,2021,2021-10-05,1941,2021-08-27,0837,11146,,5,5,7,1941,0,0,0,,0,,"KEYNOTE ST",STUDEBAKER,0.00,,Y,A,-,N,,,,,,,,,,N,4,0,1,2,D,-,00,,,N,G,B,A,A,-,-,A,A,0,,Y,,,Y,Y,-,"- ",0,0,1,0,0,0,1,0,0,"- ","- ",,,"LOS ANGELES","LONG BEACH",-118.09935760498047,33.822982788085938
9326051,2021,2021-10-23,1941,2021-04-25,2116,11530,,7,5,7,1941,0,0,0,,0,,"7TH ST","HAVANA AV",0.00,,Y,A,-,N,,,,,,,,,,Y,2,0,2,3,A,-,01,23153,A,N,A,C,A,A,H,-,C,A,0,,,,,Y,Y,A,,1,0,1,0,0,0,0,0,0,"- ","- ",,,"LOS ANGELES","LONG BEACH",-118.12635040283203,33.775352478027344
9326813,2021,2021-11-04,1900,2021-09-08,2253,650100,1368,3,5,5,1952,0,0,0,,0,136A,"DOWNEY AV","ALONDRA BL",250.00,N,N,A,-,N,,,,,,,,,,Y,3,0,2,2,A,-,01,23152,A,N,D,C,A,A,H,-,C,D,0,,,,,Y,Y,A,01,0,1,1,0,0,0,0,0,0,"- ","- ",,,"LOS ANGELES",PARAMOUNT,-118.15145111083984,33.889854431152344
9326830,2021,2021-11-04,1900,2021-09-21,1714,654365,1332,2,5,5,1908,0,0,0,,0,133T2,"BELLFLOWER BL","LINDEN ST",5.00,N,N,A,-,N,,,,,,,,,,Y,3,0,1,3,A,-,01,23152,A,M,C,C,A,A,H,-,A,D,0,,,,,Y,Y,A,01,0,1,0,0,0,0,0,0,0,"- ","- ",,,"LOS ANGELES",BELLFLOWER,-118.12529754638672,33.891162872314453
9327542,2021,2021-10-26,1942,2021-04-26,2020,39022,2011,1,5,7,1942,0,0,0,,0,20A1,"S GRAMERCY PL","W 3RD ST",500.00,N,N,B,-,N,,,,,,,,,,Y,4,0,1,3,D,-,00,,,N,C,C,A,A,H,-,C,D,0,,,,,Y,Y,-,"- ",0,0,1,0,0,0,0,0,0,"- ","- ",,,"LOS ANGELES","LOS ANGELES",-118.31283569335938,34.070350646972656
9336027,2021,2021-10-01,1900,2021-08-20,2210,642089,0465,5,5,4,1936,0,0,0,,0,46T2P,"ALONDRA BL","STAGE RD",45.00,E,N,A,-,N,,,,,,,,,,N,4,0,5,2,A,-,03,22350,,N,C,C,A,A,H,-,C,A,0,,,,,Y,Y,A,01,0,0,5,0,0,0,0,0,0,"- ","- ",,,"LOS ANGELES","LA MIRADA",-118.01180267333984,33.888187408447266
9336578,2021,2021-10-22,1942,2021-09-06,0145,43965,0974,1,5,7,1942,0,0,0,I,0,9A63,"VENTURA BL","WILLIS AV",0.00,,Y,A,-,N,,,,,,,,,,Y,4,0,2,3,A,-,01,23152,,N,F,C,A,A,H,-,C,A,0,,,,,Y,Y,A,01,0,0,2,0,0,0,0,0,0,"- ","- ",,,"LOS ANGELES","LOS ANGELES",-118.45529174804688,34.152004241943359
9336610,2021,2021-10-19,1942,2021-09-12,1230,35393,0392,7,5,7,1942,0,0,0,C,0,25T23,"VERNON AV","2ND AV",30.00,W,N,A,-,N,,,,,,,,,,Y,3,0,1,2,A,-,01,23152,A,N,B,E,A,A,H,-,A,D,0,,,,,Y,Y,A,07,0,1,0,0,0,0,0,0,0,"- ","- ",,,"LOS ANGELES","LOS ANGELES",-118.31936645507812,34.003688812255859
9336643,2021,2021-09-29,1976,2021-09-12,1856,531,,7,5,3,1964,0,0,0,,0,002,"FLORENCE AV","NORWALK BL",0.00,,Y,A,-,N,,,,,,,,,,Y,2,0,3,3,A,-,01,23152,A,N,D,C,A,A,H,-,A,A,0,,,,,Y,Y,A,01,1,1,1,0,0,0,0,0,0,"- ","- ",,,"LOS ANGELES","SANTA FE SPRINGS",-118.07271575927734,33.935344696044922
9337378,2021,2021-10-05,1942,2021-08-17,1825,38374,1455,2,5,7,1942,0,0,0,N,0,14A45,"S CENTINELA AV","CULVER BL",135.00,N,N,A,-,N,,,,,,,,,,Y,3,0,1,2,A,-,01,23152,A,M,C,C,A,A,H,-,A,D,0,,,,,Y,Y,A,01,0,1,0,0,0,0,0,0,0,"- ","- ",,,"LOS ANGELES","LOS ANGELES",-118.42153930664062,33.991500854492188
9337663,2021,2021-12-07,1942,2021-09-04,1820,42364,1259,6,5,7,1942,0,0,0,L,0,25T31,"76TH PL",MCKINLEY,0.00,,Y,A,-,N,,,,,,,,,,Y,3,0,1,2,A,-,01,23152,A,N,D,C,A,A,H,-,A,A,0,,,,,Y,Y,A,01,0,1,0,0,0,0,0,0,0,"- ","- ",,,"LOS ANGELES","LOS ANGELES",-118.26081085205078,33.970256805419922
9338463,2021,2021-10-19,1955,2021-09-11,0403,42602,0005,6,5,6,1955,0,0,0,,0,004,"MISSION BL","TOWNE AV",100.00,E,N,A,-,N,,,,,,,,,,N,2,0,1,2,A,-,01,23152,A,N,B,E,A,A,H,-,C,D,0,,,,,Y,Y,A,07,1,0,0,0,0,0,0,0,0,"- ","- ",34.055450439453125,-117.74127960205078,"LOS ANGELES",POMONA,-117.74099731445312,34.055332183837891
9338717,2021,2021-10-11,1900,2021-08-28,2244,606079,2619,6,5,6,1950,0,0,0,,0,260T1,"10TH ST W","BEECHDALE DR",50.00,N,N,A,-,N,,,,,,,,,,Y,3,0,2,2,A,-,01,23152,G,N,C,C,A,A,H,-,C,A,0,,,,,Y,Y,A,01,0,1,1,0,0,0,0,0,0,"- ","- ",34.595630645751953,-118.14768981933594,"LOS ANGELES",PALMDALE,-118.14762115478516,34.595497131347656
9338867,2021,2021-11-12,1902,2021-09-14,2021,788,21,2,5,5,1902,0,0,0,,0,004,"HUNTINGTON DR","BALDWIN AV",0.00,,Y,A,-,N,,,,,,,,,,Y,4,0,1,2,A,-,01,23153,A,N,C,C,A,A,H,-,C,A,0,,,,,Y,Y,A,07,0,0,1,0,0,0,0,0,0,"- ","- ",,,"LOS ANGELES",ARCADIA,-118.05460357666016,34.131572723388672
9340451,2021,2021-10-26,1900,2021-09-21,1954,655212,1127,2,5,6,1992,0,0,0,,0,112T2,"AVENUE J","20TH ST W",224.00,W,N,A,-,N,,,,,,,,,,Y,2,0,1,2,A,-,11,21954,A,N,G,B,D,A,G,-,C,D,0,Y,,,,Y,Y,N,60,1,0,0,0,1,0,0,0,0,"- ","- ",,,"LOS ANGELES",LANCASTER,-118.16640472412109,34.689418792724609
9340669,2021,2021-10-25,1942,2021-09-22,2100,37613,1521,3,5,7,1942,0,0,0,O,0,26T55,"VANOWEN ST","FULTON AV",0.00,,Y,A,-,N,,,,,,,,,,N,4,0,1,2,A,-,01,23152,A,F,D,C,A,A,H,-,C,A,0,,,,,Y,Y,A,01,0,0,1,0,0,0,0,0,0,"- ","- ",,,"LOS ANGELES","LOS ANGELES",-118.42308807373047,34.193943023681641
9341207,2021,2021-10-25,1942,2021-09-29,1645,38233,0312,3,5,7,1942,0,0,0,C,0,25MX85,"LA BREA AV","FIR ST",30.00,N,N,A,-,N,,,,,,,,,,Y,3,0,3,3,A,-,01,23152,A,N,B,C,A,A,H,-,A,A,0,,,,,Y,Y,A,01,0,1,2,0,0,0,0,0,0,"- ","- ",,,"LOS ANGELES","LOS ANGELES",-118.35222625732422,34.029758453369141
9341942,2021,2021-12-06,1941,2021-10-08,1559,11511,,5,5,7,1941,0,0,0,,0,,"3RD ST","LINDEN AV",0.00,,Y,A,-,N,,,,,,,,,,Y,4,0,1,2,D,-,00,,,N,A,C,A,A,H,-,A,A,0,,,,,Y,Y,-,"- ",0,0,1,0,0,0,0,0,0,"- ","- ",,,"LOS ANGELES","LONG BEACH",-118.18634796142578,33.770511627197266
9342122,2021,2021-11-09,1976,2021-10-01,0054,535,1976,5,5,5,1976,0,0,0,,0,002,"SLAUSON AV","SANTA FE SPRINGS RD",665.00,W,N,A,-,N,,,,,,,,,,Y,3,0,1,1,A,-,01,23152,A,N,E,I,A,A,H,-,D,D,0,,,,,Y,Y,D,22,0,1,0,0,0,0,0,0,0,"- ","- ",,,"LOS ANGELES",WHITTIER,-118.05250549316406,33.96002197265625
9342365,2021,2021-10-05,1942,2021-09-05,0210,43432,1841,7,5,7,1942,0,0,0,R,0,25T37,"FIGUEROA ST","115TH ST",100.00,N,N,A,-,N,,,,,,,,,,Y,4,0,1,2,A,-,01,23152,,N,C,C,A,A,H,-,C,D,0,,,,,Y,Y,A,07,0,0,1,0,0,0,0,0,0,"- ","- ",,,"LOS ANGELES","LOS ANGELES",-118.28260803222656,33.930046081542969
9342675,2021,2021-11-04,1942,2021-10-13,1945,41844,1371,3,5,7,1942,0,0,0,M,0,25T37,BROADWAY,"SLAYSON AV",324.00,S,N,A,-,N,,,,,,,,,,Y,3,0,1,2,A,-,01,23152,A,N,D,E,A,A,H,-,C,D,0,,,,,Y,Y,A,01,0,1,0,0,0,0,0,0,0,"- ","- ",,,"LOS ANGELES","LOS ANGELES",-118.27829742431641,33.988292694091797
9343361,2021,2021-10-11,1913,2021-08-28,0359,4084,31,6,5,4,1913,0,0,0,,0,002,"CLAREMONT BL","6TH ST",168.00,S,N,A,-,N,,,,,,,,,,Y,2,0,2,1,A,-,03,22350,,N,E,I,A,A,H,-,C,A,0,,,,,Y,Y,A,01,1,1,0,0,0,0,0,0,0,"- ","- ",,,"LOS ANGELES",CLAREMONT,-117.70309448242188,34.099086761474609
9345451,2021,2021-11-18,1942,2021-10-08,1035,36238,0156,5,5,7,1942,0,0,0,A,0,24TL28,"SAN PEDRO ST","6TH ST",205.00,N,N,B,-,N,,,,,,,,,,N,4,0,2,3,A,-,00,21952,A,F,G,B,F,A,H,-,A,D,0,Y,,,,Y,Y,-,99,0,0,2,0,2,0,0,0,0,"- ","- ",,,"LOS ANGELES","LOS ANGELES",-118.24491882324219,34.042739868164062
9347383,2021,2021-11-01,1942,2021-09-05,0300,44617,1469,7,5,7,1942,0,0,0,N,0,,"IROLO ST","8TH ST",0.00,,Y,A,-,N,,,,,,,,,,Y,4,0,1,2,A,-,01,23152,A,N,C,C,A,A,H,-,C,A,0,,,,,Y,Y,A,01,0,0,1,0,0,0,0,0,0,"- ","- ",,,"LOS ANGELES","LOS ANGELES",-118.3009033203125,34.057727813720703
9347384,2021,2021-10-29,1942,2021-09-06,2335,33757,0643,1,5,7,1942,0,0,0,F,0,27TL31,"HOLLYWOOD BL","FULLER AV",56.00,W,N,A,-,N,,,,,,,,,,Y,3,0,2,2,A,-,08,22102,,N,D,C,A,A,H,-,C,D,0,,,,,Y,Y,A,01,0,1,1,0,0,0,0,0,0,"- ","- ",,,"LOS ANGELES","LOS ANGELES",-118.34913635253906,34.101619720458984
9349715,2021,2021-11-23,1942,2021-10-03,0000,38590,1353,7,5,7,1942,0,0,0,M,0,24T33,"MCKINLEY AV","VERNON AV",0.00,,Y,A,-,N,,,,,,,,,,N,4,0,1,2,A,-,21,22106,,F,G,B,B,A,H,-,C,D,0,Y,,,,Y,Y,-,99,0,0,1,0,1,0,0,0,0,"- ","- ",,,"LOS ANGELES","LOS ANGELES",-118.26090240478516,34.003898620605469
9350435,2021,2021-11-10,1942,2021-10-14,0630,36238,1125,4,5,7,1942,0,0,0,K,0,24TL28,"YORK BL","AVENUE 50",165.00,W,N,A,-,N,,,,,,,,,,N,3,0,1,2,A,-,01,23152,A,N,B,E,A,A,H,-,B,D,0,,,,,Y,Y,A,01,0,1,0,0,0,0,0,0,0,"- ","- ",,,"LOS ANGELES","LOS ANGELES",-118.20742034912109,34.12158203125
9352996,2021,2021-11-10,1942,2021-10-01,0150,43778,1961,5,5,7,1942,0,0,0,,0,19A61,"PLUMMER ST","ORION AV",0.00,,Y,A,-,N,,,,,,,,,,Y,4,0,1,2,A,-,01,23152,A,N,D,C,A,A,H,-,C,D,0,,,,,Y,Y,A,01,0,0,1,0,0,0,0,0,0,"- ","- ",,,"LOS ANGELES","LOS ANGELES",-118.47191619873047,34.242813110351562
9353029,2021,2021-11-15,1942,2021-10-16,1625,43270,0308,6,5,7,1942,0,0,0,C,0,25T21,"HOOVER ST","W 24TH ST",36.00,S,N,A,-,N,,,,,,,,,,Y,3,0,1,2,A,-,01,23152,A,N,C,C,A,A,H,-,A,A,0,,,,,Y,Y,A,01,0,1,0,0,0,0,0,0,0,"- ","- ",,,"LOS ANGELES","LOS ANGELES",-118.28398895263672,34.034290313720703
9353184,2021,2021-11-16,1942,2021-09-19,2235,40899,0819,7,5,7,1942,0,0,0,H,0,27Q14,"WILSHIRE BL","COMSTOCK AV",1430.00,E,N,A,-,N,,,,,,,,,,Y,4,0,2,3,A,-,01,23152,A,N,A,C,A,A,H,-,C,A,0,,,,,Y,Y,A,01,0,0,2,0,0,0,0,0,0,"- ","- ",,,"LOS ANGELES","LOS ANGELES",-118.42075347900391,34.06756591796875
9353394,2021,2021-11-15,1925,2021-10-22,1900,28137,5,5,5,6,1925,0,0,0,,0,137,CANADA,SOMBRA,0.00,,Y,A,-,N,,,,,,,,,,Y,3,0,2,2,A,-,05,21460,A,N,A,C,A,A,H,-,C,D,0,,,,,Y,Y,A,01,0,1,1,0,0,0,0,0,0,"- ","- ",,,"LOS ANGELES",GLENDALE,-118.22911834716797,34.188686370849609
9353586,2021,2021-11-09,1907,2021-09-16,1700,193,2,4,5,4,1907,0,0,0,,0,,"GAGE AV","WALKER AV",0.00,,Y,A,-,N,,,,,,,,,,Y,2,0,2,2,A,-,12,21453,A,N,D,C,A,A,H,-,A,A,0,,,,,Y,Y,A,01,1,0,1,0,0,0,0,0,0,"- ","- ",33.976329803466797,-118.17259979248047,"LOS ANGELES",BELL,-118.17336273193359,33.976566314697266
9353930,2021,2021-11-17,1931,2021-09-15,1953,5341,1931,3,5,5,1931,0,0,0,,0,004,"FLORENCE AV","CEDAR ST",0.00,,Y,A,-,N,,,,,,,,,,Y,3,0,1,2,A,-,11,21954,A,F,G,B,E,A,H,-,C,D,0,Y,,,,Y,Y,N,60,0,1,0,0,1,0,0,0,0,"- ","- ",,,"LOS ANGELES","HUNTINGTON PARK",-118.21341705322266,33.972965240478516
9354569,2021,2021-10-27,1900,2021-05-31,1840,551664,1321,1,5,5,1935,0,0,0,,0,132T2,"BELLFLOWER BL","ASHWORTH ST",117.00,N,N,A,-,N,,,,,,,,,,Y,4,0,3,2,A,-,01,23152,A,N,C,C,A,A,H,-,A,D,0,,,,,Y,Y,A,07,0,0,3,0,0,0,0,0,0,"- ","- ",,,"LOS ANGELES",LAKEWOOD,-118.12538146972656,33.867919921875
9354861,2021,2022-03-11,1941,2021-10-21,1848,11576,,4,5,7,1941,0,0,0,,0,,"ARTESIA BL","ATLANTIC AV",0.00,,Y,A,-,N,,,,,,,,,,Y,4,0,1,2,A,-,03,22350,,N,C,C,A,A,H,-,C,A,0,,,,,Y,Y,A,,0,0,1,0,0,0,0,0,0,"- ","- ",,,"LOS ANGELES","LONG BEACH",-118.18624877929688,33.874378204345703
9355825,2021,2021-11-08,1900,2021-10-01,2218,538684,2608,5,5,6,1950,0,0,0,,0,264T1,"PALMDALE BL","20TH ST E",48.00,E,N,A,-,Y,LA,7,138,-,-,45.730,H,-,W,Y,4,0,4,3,A,-,01,23152,A,N,C,C,A,A,H,-,C,A,0,,,,,Y,Y,A,07,0,0,4,0,0,0,0,0,0,"- ","- ",34.579620361328125,-118.09381866455078,"LOS ANGELES",PALMDALE,-118.09378051757812,34.579811096191406
9356362,2021,2021-11-22,1941,2021-10-15,1015,11099,,5,5,7,1941,0,0,0,,0,,"LOS COYOTES DIAGONAL","PALO VERDE",44.00,E,N,A,-,N,,,,,,,,,,Y,4,0,1,2,A,-,01,23152,B,M,D,C,A,A,H,-,C,A,0,,,,,Y,Y,A,,0,0,1,0,0,0,0,0,0,"- ","- ",,,"LOS ANGELES","LONG BEACH",-118.10810852050781,33.820789337158203
9356525,2021,2021-11-17,1942,2021-03-13,0150,43725,0256,6,5,7,1942,0,0,0,B,0,2A39W3,"7TH ST","UNION AV",0.00,,Y,A,-,N,,,,,,,,,,Y,2,0,1,2,A,-,01,23152,A,N,C,C,A,A,H,-,C,B,0,,,Y,,Y,Y,A,01,1,0,0,0,0,0,0,0,0,"- ","- ",,,"LOS ANGELES","LOS ANGELES",-118.27117156982422,34.053928375244141
9356609,2021,2021-12-02,1900,2021-10-02,0312,643735,1337,6,5,5,1908,0,0,0,,0,133T1,"EUCALYPTUS AV","ALONDRA BL",75.00,N,N,A,-,N,,,,,,,,,,Y,4,0,1,2,A,-,01,23152,A,N,F,E,A,A,H,-,C,C,0,,,,,Y,Y,A,07,0,0,1,0,0,0,0,0,0,"- ","- ",,,"LOS ANGELES",BELLFLOWER,-118.12203979492188,33.889575958251953