CASE_ID,ACCIDENT_YEAR,PROC_DATE,JURIS,COLLISION_DATE,COLLISION_TIME,OFFICER_ID,REPORTING_DISTRICT,DAY_OF_WEEK,CHP_SHIFT,POPULATION,CNTY_CITY_LOC,SPECIAL_COND,BEAT_TYPE,CHP_BEAT_TYPE,CITY_DIVISION_LAPD,CHP_BEAT_CLASS,BEAT_NUMBER,PRIMARY_RD,SECONDARY_RD,DISTANCE,DIRECTION,INTERSECTION,WEATHER_1,WEATHER_2,STATE_HWY_IND,CALTRANS_COUNTY,CALTRANS_DISTRICT,STATE_ROUTE,ROUTE_SUFFIX,POSTMILE_PREFIX,POSTMILE,LOCATION_TYPE,RAMP_INTERSECTION,SIDE_OF_HWY,TOW_AWAY,COLLISION_SEVERITY,NUMBER_KILLED,NUMBER_INJURED,PARTY_COUNT,PRIMARY_COLL_FACTOR,PCF_CODE_OF_VIOL,PCF_VIOL_CATEGORY,PCF_VIOLATION,PCF_VIOL_SUBSECTION,HIT_AND_RUN,TYPE_OF_COLLISION,MVIW,PED_ACTION,ROAD_SURFACE,ROAD_COND_1,ROAD_COND_2,LIGHTING,CONTROL_DEVICE,CHP_ROAD_TYPE,PEDESTRIAN_ACCIDENT,BICYCLE_ACCIDENT,MOTORCYCLE_ACCIDENT,TRUCK_ACCIDENT,NOT_PRIVATE_PROPERTY,ALCOHOL_INVOLVED,STWD_VEHTYPE_AT_FAULT,CHP_VEHTYPE_AT_FAULT,COUNT_SEVERE_INJ,COUNT_VISIBLE_INJ,COUNT_COMPLAINT_PAIN,COUNT_PED_KILLED,COUNT_PED_INJURED,COUNT_BICYCLIST_KILLED,COUNT_BICYCLIST_INJURED,COUNT_MC_KILLED,COUNT_MC_INJURED,PRIMARY_RAMP,SECONDARY_RAMP,LATITUDE,LONGITUDE,COUNTY,CITY,POINT_X,POINT_Y
9356972,2021,2021-11-09,1942,2021-08-01,0432,43942,1134,7,5,7,1942,0,0,0,K,0,11A89-,"EAGLE ROCK BL","AVE 34",20.00,S,-,A,-,N,,,,,,,,,,Y,3,0,1,4,A,-,01,23152,A,N,A,E,A,A,H,-,C,D,0,,,,,Y,Y,A,08,0,1,0,0,0,0,0,0,0,"- ","- ",,,"LOS ANGELES","LOS ANGELES",-118.23639678955078,34.113967895507812
9357143,2021,2022-04-18,1953,2021-08-28,0949,2799,1953,6,5,6,1953,0,0,0,,0,003,"SAN MARINO AV","COLORADO BL",0.00,,Y,A,-,N,,,,,,,,,,N,3,0,1,2,A,-,09,21802,A,N,-,G,A,A,H,-,A,D,0,,Y,,,Y,Y,A,01,0,1,0,0,0,0,1,0,0,"- ","- ",,,"LOS ANGELES",PASADENA,-118.10833740234375,34.146034240722656
9360717,2021,2021-12-23,1942,2021-11-04,1915,33504,1083,4,5,7,1942,0,0,0,J,0,26T52,"VANALDEN AV","SANTA RITA ST",50.00,S,N,A,-,N,,,,,,,,,,Y,4,0,1,2,A,-,01,23152,A,N,H,C,A,A,H,-,C,D,0,,,,,Y,Y,A,07,0,0,1,0,0,0,0,0,0,"- ","- ",,,"LOS ANGELES","LOS ANGELES",-118.55001068115234,34.166908264160156
9362239,2021,2021-11-30,1941,2021-09-20,2258,11667,,1,5,7,1941,0,0,0,,0,,"SOUTH ST","LOCUST AV",131.00,S,N,A,-,N,,,,,,,,,,Y,3,0,2,3,A,-,08,22107,,N,D,D,A,A,H,-,C,D,0,,,,,Y,Y,A,,0,2,0,0,0,0,0,0,0,"- ","- ",,,"LOS ANGELES","LONG BEACH",-118.18988037109375,33.860061645507812
9362337,2021,2021-12-01,1928,2021-10-30,2357,50421,501,6,5,5,1928,0,0,0,,0,502,"120TH ST","HAWTHORNE BL",111.00,E,N,A,-,N,,,,,,,,,,Y,3,0,4,2,A,-,01,23152,A,N,C,C,A,A,H,-,C,A,0,,,,,Y,Y,A,01,0,1,3,0,0,0,0,0,0,"- ","- ",33.923648834228516,-118.35267639160156,"LOS ANGELES",HAWTHORNE,-118.35230255126953,33.923671722412109
9362433,2021,2022-01-04,1967,2021-11-09,0347,165,,2,5,2,1967,0,0,0,,0,NORTH,SPRING,"CHERRY AV",0.00,,Y,A,-,N,,,,,,,,,,Y,3,0,2,3,A,-,01,23152,F,N,D,C,A,A,H,-,C,A,0,,,,,Y,Y,A,07,0,1,1,0,0,0,0,0,0,"- ","- ",,,"LOS ANGELES","SIGNAL HILL",-118.1676025390625,33.811668395996094
9362632,2021,2021-11-30,1922,2021-03-18,0226,686,1,4,5,6,1922,0,0,0,,0,,"ROWLAND AV","ROWLAND AV 3229",0.00,,Y,A,-,N,,,,,,,,,,N,3,0,1,2,D,-,00,,,F,G,B,A,A,H,-,C,D,0,,Y,,,Y,Y,-,"- ",0,1,0,0,0,0,1,0,0,"- ","- ",34.080318450927734,-118.05506896972656,"LOS ANGELES","EL MONTE",-117.92591094970703,34.079120635986328
9363568,2021,2021-12-16,1900,2021-09-10,2305,641950,0987,5,5,4,1979,0,0,0,,0,93T3,"SANTA MONICA BL","DOHENY DR",50.00,E,N,A,-,N,,,,,,,,,,Y,3,0,1,2,A,-,01,23152,A,N,B,C,A,A,H,-,C,D,0,,,,,Y,Y,A,01,0,1,0,0,0,0,0,0,0,"- ","- ",,,"LOS ANGELES","WEST HOLLYWOOD",-118.38961791992188,34.081222534179688
9366900,2021,2022-01-07,1942,2021-12-04,0530,42818,1023,6,5,7,1942,0,0,0,J,0,26TL16,"HART ST","WILBUR AV",180.00,E,N,A,-,N,,,,,,,,,,Y,3,0,1,1,A,-,01,23152,A,N,E,I,A,-,H,-,B,A,0,,,,,Y,Y,A,01,0,1,0,0,0,0,0,0,0,"- ","- ",,,"LOS ANGELES","LOS ANGELES",-118.54437255859375,34.197463989257812
9367623,2021,2021-12-23,1941,2021-11-06,2316,11263,,6,5,7,1941,0,0,0,,0,,"BARBANELL ST","VUELTA GRANDE AV",42.00,E,N,A,-,N,,,,,,,,,,Y,2,0,1,3,A,-,01,23152,A,N,A,E,A,A,H,-,C,D,0,,,,,Y,Y,A,,1,0,0,0,0,0,0,0,0,"- ","- ",,,"LOS ANGELES","LONG BEACH",-118.11022186279297,33.805271148681641
9367964,2021,2021-12-08,1942,2021-10-09,1405,38118,1469,6,5,7,1942,0,0,0,N,0,27M142,"LA TIJERA BL","CERTINELA AV",390.00,S,N,A,-,N,,,,,,,,,,N,4,0,2,2,A,-,03,22350,,F,C,C,A,A,H,-,A,D,0,,,,,Y,Y,-,99,0,0,2,0,0,0,0,0,0,"- ","- ",,,"LOS ANGELES","LOS ANGELES",-118.37272644042969,33.976516723632812
9369880,2021,2021-12-24,1942,2021-11-14,1605,34882,0745,7,5,7,1942,0,0,0,G,0,27M119,"OLYMPIC BL","LA BREA AV",90.00,E,N,A,-,N,,,,,,,,,,N,3,0,1,2,A,-,03,22350,,F,G,B,F,A,H,-,A,D,0,Y,,,,Y,Y,-,99,0,1,0,0,1,0,0,0,0,"- ","- ",,,"LOS ANGELES","LOS ANGELES",-118.34561157226562,34.057258605957031
9370017,2021,2021-12-24,1942,2021-11-20,0850,41800,1827,6,5,7,1942,0,0,0,R,0,18A35,"92ND ST","HICKORY ST",0.00,,Y,A,-,N,,,,,,,,,,Y,4,0,1,3,A,-,09,21802,A,N,D,C,A,A,H,-,A,D,0,,,,,Y,Y,A,01,0,0,1,0,0,0,0,0,0,"- ","- ",,,"LOS ANGELES","LOS ANGELES",-118.23516082763672,33.953273773193359
9370662,2021,2021-12-29,1953,2021-11-20,1820,8869,1953,6,5,6,1953,0,0,0,,0,002,"RAYMOND AV","PAINTER ST",0.00,,Y,A,-,N,,,,,,,,,,N,4,0,1,2,A,-,12,22450,,N,D,C,A,A,H,-,C,A,0,,,,,Y,Y,A,01,0,0,1,0,0,0,0,0,0,"- ","- ",,,"LOS ANGELES",PASADENA,-118.1490478515625,34.159679412841797
9372682,2021,2021-12-21,1942,2021-11-13,0245,44356,0153,6,5,7,1942,0,0,0,A,0,1A61,"S SPRING ST","5TH ST",15.00,S,N,A,-,N,,,,,,,,,,Y,4,0,1,2,A,-,01,23152,A,N,C,E,A,A,H,-,C,A,0,,,,,Y,Y,A,01,0,0,1,0,0,0,0,0,0,"- ","- ",,,"LOS ANGELES","LOS ANGELES",-118.24966430664062,34.047359466552734
9372869,2021,2021-12-22,1942,2021-11-15,2300,40388,1049,1,5,7,1942,0,0,0,J,0,26T53,"VICTORY BL","BALBOA BL",600.00,E,N,A,-,N,,,,,,,,,,Y,4,0,1,2,A,-,01,23152,A,M,B,C,A,A,H,-,C,A,0,,,,,Y,Y,A,07,0,0,1,0,0,0,0,0,0,"- ","- ",,,"LOS ANGELES","LOS ANGELES",-118.49912261962891,34.186618804931641
9373030,2021,2021-12-10,1942,2021-10-05,2150,33757,1492,2,5,7,1942,0,0,0,N,0,27TL31,"VISTA DEL MAR BL","IMPERIAL HWY",2000.00,N,N,A,-,N,,,,,,,,,,Y,3,0,1,2,A,-,01,23152,A,N,G,B,F,A,H,-,C,D,0,Y,,,,Y,Y,A,01,0,1,0,0,1,0,0,0,0,"- ","- ",,,"LOS ANGELES","LOS ANGELES",-118.43753051757812,33.935939788818359
9373699,2021,2021-12-20,1941,2021-11-18,1908,11126,,4,5,7,1941,0,0,0,,0,,"ATLANTIC AV","55TH ST",100.00,S,N,A,-,N,,,,,,,,,,N,4,0,1,2,A,-,03,22350,,N,C,C,A,A,H,-,A,D,0,,,,,Y,Y,A,,0,0,1,0,0,0,0,0,0,"- ","- ",,,"LOS ANGELES","LONG BEACH",-118.18501281738281,33.855964660644531
9374263,2021,2021-12-22,1900,2021-11-15,1050,533418,2314,1,5,5,1919,0,0,0,,0,230T,"SOUTH ST","PIRES AV",0.00,,Y,A,-,N,,,,,,,,,,Y,2,0,2,2,A,-,09,21801,A,N,D,C,A,A,-,-,A,A,0,,,,,Y,Y,A,07,1,0,1,0,0,0,0,0,0,"- ","- ",33.858619689941406,-118.04982757568359,"LOS ANGELES",CERRITOS,-118.04983520507812,33.858612060546875
9374757,2021,2021-12-08,1900,2021-10-27,1405,487556,1811,3,5,2,1904,0,0,0,,0,184A,"CABRILLO DR","COUNTRY CLUB DR",0.00,,Y,A,-,N,,,,,,,,,,N,2,0,1,1,A,-,08,22107,,F,H,A,A,A,H,-,A,D,0,,,,,Y,Y,M,96,1,0,0,0,0,0,0,0,0,"- ","- ",,,"LOS ANGELES",AVALON,-118.33106231689453,33.339790344238281
9375310,2021,2021-12-23,1942,2021-11-22,1810,38357,1347,1,5,7,1942,0,0,0,M,0,24T32,"ALAMEDA ST","25TH ST",800.00,S,N,A,D,N,,,,,,,,,,,4,0,1,3,A,-,01,23152,A,N,C,C,A,A,-,-,C,D,0,,,,,Y,Y,A,01,0,0,1,0,0,0,0,0,0,"- ","- ",,,"LOS ANGELES","LOS ANGELES",-118.23955535888672,34.013877868652344
9375994,2021,2021-12-23,1900,2021-10-29,2230,515235,1418,5,5,1,1932,0,0,0,,0,141T1E,"GALE AV","AZUSA AV",0.00,,Y,A,-,N,,,,,,,,,,N,4,0,1,2,A,-,12,21453,A,F,D,C,A,A,H,-,C,A,0,,,,,Y,Y,A,07,0,0,1,0,0,0,0,0,0,"- ","- ",34.000171661376953,-117.93071746826172,"LOS ANGELES",INDUSTRY,-117.93086242675781,34.000171661376953
9376668,2021,2021-12-28,1900,2021-11-24,1800,642100,1333,3,5,5,1908,0,0,0,,0,133T2,"WOODRUFF AV",ALONDRA,200.00,N,N,A,-,N,,,,,,,,,,N,4,0,1,2,D,-,00,,,N,-,G,A,A,H,-,C,D,0,,Y,,,Y,Y,-,"- ",0,0,1,0,0,0,1,0,0,"- ","- ",,,"LOS ANGELES",BELLFLOWER,-118.11739349365234,33.889907836914062
9376671,2021,2021-12-28,1900,2021-11-13,0315,629510,1331,6,5,5,1908,0,0,0,,0,133T1,"FOSTER RD","BELLFLOWER BL",0.00,,Y,A,-,N,,,,,,,,,,Y,4,0,1,2,A,-,12,21453,A,N,D,C,A,A,H,-,C,A,0,,,,,Y,Y,A,01,0,0,1,0,0,0,0,0,0,"- ","- ",,,"LOS ANGELES",BELLFLOWER,-118.12535858154297,33.909751892089844
9376696,2021,2021-12-31,1900,2021-11-27,1455,629461,1134,6,5,6,1992,0,0,0,,0,112T2,"6TH ST EAST","AVE K-4",321.00,N,N,A,-,N,,,,,,,,,,Y,3,0,1,1,A,-,01,23152,A,N,E,I,A,A,H,-,A,D,0,,,,,Y,Y,A,01,0,1,0,0,0,0,0,0,0,"- ","- ",,,"LOS ANGELES",LANCASTER,-118.12016296386719,34.675888061523438
9376726,2021,2022-01-06,1942,2021-12-05,2340,34561,1974,7,5,7,1942,0,0,0,,0,26T36W,"RAYEN ST","TOBIAS AV",115.00,W,N,B,-,N,,,,,,,,,,Y,3,0,1,4,A,-,01,23152,A,N,B,E,A,A,H,-,C,D,0,,,,,Y,Y,A,01,0,1,0,0,0,0,0,0,0,"- ","- ",,,"LOS ANGELES","LOS ANGELES",-118.45205688476562,34.231777191162109
9380715,2021,2022-01-26,1913,2021-12-05,2235,4259,62,7,5,4,1913,0,0,0,,0,004,"BASELINE RD","FORBES AV",155.00,E,N,A,-,N,,,,,,,,,,Y,3,0,1,2,A,-,01,23152,A,N,B,C,A,A,H,-,C,D,0,,,,,Y,Y,A,01,0,1,0,0,0,0,0,0,0,"- ","- ",,,"LOS ANGELES",CLAREMONT,-117.71534729003906,34.121585845947266
9382496,2021,2022-01-11,1906,2021-12-06,2253,2823,,1,5,5,1906,0,0,0,,0,001,"AMAR RD","FRAZIER ST",1056.00,S,N,A,-,N,,,,,,,,,,N,4,0,1,2,A,-,03,22350,,F,C,C,A,A,H,-,C,D,0,,,,,Y,Y,A,01,0,0,1,0,0,0,0,0,0,"- ","- ",,,"LOS ANGELES","BALDWIN PARK",-117.99053955078125,34.063022613525391
9382894,2021,2022-01-25,1956,2021-12-10,2158,1332,70,5,5,5,1956,0,0,0,,0,00P,"N HARBOR DR","N PACIFIC AV",30.00,W,N,A,-,N,,,,,,,,,,Y,4,0,1,1,A,-,01,23152,A,N,E,I,A,A,H,-,C,D,0,,,,,Y,Y,A,01,0,0,1,0,0,0,0,0,0,"- ","- ",,,"LOS ANGELES","REDONDO BEACH",-118.39212799072266,33.843719482421875
9383608,2021,2022-01-21,1941,2021-12-17,2232,11015,,5,5,7,1941,0,0,0,,0,,"REDONDO AV","7TH ST",0.00,,Y,A,-,N,,,,,,,,,,Y,4,0,2,3,A,-,01,23152,B,N,C,C,A,A,H,-,C,A,0,,,,,Y,Y,A,,0,0,2,0,0,0,0,0,0,"- ","- ",,,"LOS ANGELES","LONG BEACH",-118.15242004394531,33.775344848632812
9383831,2021,2022-02-07,1941,2021-12-28,0132,11367,,2,5,7,1941,0,0,0,,0,,"E 1ST ST","CERRITOS AV",0.00,,Y,A,-,N,,,,,,,,,,N,3,0,2,2,-,-,"- ",,,N,H,J,A,A,H,-,C,D,0,,,Y,,Y,Y,-,"- ",0,2,0,0,0,0,0,0,2,"- ","- ",,,"LOS ANGELES","LONG BEACH",-118.17896270751953,33.767017364501953
9384154,2021,2022-01-11,1942,2021-12-10,1810,40099,1204,5,5,7,1942,0,0,0,L,0,25MX82,"VERNON AV","VERMONT AV",0.00,,Y,A,-,N,,,,,,,,,,Y,3,0,1,2,A,-,09,21801,A,F,D,C,A,A,H,-,C,A,0,,,,,Y,Y,-,99,0,1,0,0,0,0,0,0,0,"- ","- ",,,"LOS ANGELES","LOS ANGELES",-118.29157257080078,34.003681182861328
9385242,2021,2022-01-13,1942,2021-12-14,1510,40542,0984,2,5,7,1942,0,0,0,I,0,,"VAN NUYS BL","VALLEY VISTA BL",30.00,N,N,B,C,N,,,,,,,,,,Y,3,0,2,2,A,-,01,23152,A,N,C,C,A,B,H,-,A,A,0,,,,,Y,Y,A,07,0,1,1,0,0,0,0,0,0,"- ","- ",,,"LOS ANGELES","LOS ANGELES",-118.44968414306641,34.146987915039062
9386698,2021,2022-01-13,1941,2021-12-22,2009,11227,,3,5,7,1941,0,0,0,,0,,"EAST 4TH ST","E 4TH ST 1031",0.00,,Y,A,-,N,,,,,,,,,,N,3,0,1,2,-,-,"- ",,,N,G,B,D,A,H,-,C,D,0,Y,,,,Y,Y,-,"- ",0,1,0,0,1,0,0,0,0,"- ","- ",,,"LOS ANGELES","LONG BEACH",-118.19236755371094,33.771724700927734
9387312,2021,2022-01-05,1942,2021-11-15,1842,41126,RD062,1,5,7,1942,0,0,0,,0,27Q15W,"CAHUENGA BL E","PILGRIMAGE BRIDGE",180.00,N,N,A,-,N,,,,,,,,,,N,4,0,1,2,A,-,01,23152,A,N,C,C,A,A,H,-,C,A,0,,,,,Y,Y,A,01,0,0,1,0,0,0,0,0,0,"- ","- ",,,"LOS ANGELES","LOS ANGELES",-118.33599090576172,34.115100860595703
9387484,2021,2022-01-04,1942,2021-11-25,1650,34426,1102,4,5,7,1942,0,0,0,K,0,24TL51,"LOS FELIZ BL","PERLITA AV",0.00,,Y,A,-,N,,,,,,,,,,Y,3,0,2,2,A,-,01,23152,A,N,A,C,A,A,H,-,A,D,0,,,,,Y,Y,A,07,0,1,1,0,0,0,0,0,0,"- ","- ",,,"LOS ANGELES","LOS ANGELES",-118.26483917236328,34.125415802001953
9387486,2021,2022-01-04,1942,2021-11-22,2335,36587,1145,1,5,7,1942,0,0,0,K,0,11A71,"SUNFLOWER AV","ROSEBUD AV",50.00,E,N,A,-,N,,,,,,,,,,Y,3,0,1,4,A,-,01,23152,A,N,B,E,A,A,H,-,C,A,0,,,Y,,Y,Y,A,01,0,1,0,0,0,0,0,0,0,"- ","- ",,,"LOS ANGELES","LOS ANGELES",-118.25048828125,34.098777770996094
9387899,2021,2022-01-10,1942,2021-12-22,1850,41158,1505,3,5,7,1942,0,0,0,O,0,26T53,"SATICOY ST","TUJUNGA AV",0.00,,Y,A,-,N,,,,,,,,,,N,4,0,1,2,A,-,10,21950,A,F,G,B,B,-,H,-,C,A,0,Y,,,,Y,Y,-,99,0,0,1,0,1,0,0,0,0,"- ","- ",,,"LOS ANGELES","LOS ANGELES",-118.37903594970703,34.208469390869141
9388265,2021,2022-01-14,1942,2021-12-27,1840,42251,,1,5,7,1942,0,0,0,,0,26Q44,"VANOWEN ST","CALHOUN AV",18.00,E,-,B,-,N,,,,,,,,,,Y,2,0,1,2,A,-,11,21954,A,F,G,B,D,B,H,-,C,A,0,Y,,,,Y,Y,N,60,1,0,0,0,1,0,0,0,0,"- ","- ",,,"LOS ANGELES","LOS ANGELES",-118.44210815429688,34.193939208984375
9389145,2021,2022-01-24,1941,2021-12-27,2100,5611,,1,5,7,1941,0,0,0,,0,,"OCEAN BL",ELM,0.00,,Y,A,-,N,,,,,,,,,,N,4,0,1,2,A,-,10,21950,A,F,B,B,B,A,H,-,C,A,0,Y,,,,Y,Y,A,,0,0,1,0,1,0,0,0,0,"- ","- ",,,"LOS ANGELES","LONG BEACH",-118.18763732910156,33.766731262207031
9390551,2021,2022-01-24,1942,2021-10-24,0600,33169,2053,7,5,7,1942,0,0,0,,0,27M15,"WESTERN AV","11TH ST",0.00,,Y,A,B,N,,,,,,,,,,N,3,0,1,2,A,-,04,21703,,F,C,C,A,A,H,-,A,D,0,,,,,Y,Y,-,99,0,1,0,0,0,0,0,0,0,"- ","- ",,,"LOS ANGELES","LOS ANGELES",-118.30905914306641,34.050807952880859
9390554,2021,2022-01-21,1942,2021-10-17,1615,38374,,7,5,7,1942,0,0,0,,0,,"OLYMPIC BL","HOOVER ST",0.00,,Y,A,-,N,,,,,,,,,,Y,3,0,2,2,A,-,09,21801,A,F,D,C,A,A,H,-,A,A,0,,,,,Y,Y,A,01,0,2,0,0,0,0,0,0,0,"- ","- ",,,"LOS ANGELES","LOS ANGELES",-118.28421783447266,34.052398681640625
9391320,2021,2022-01-20,1900,2021-12-19,2103,618405,2111,7,5,5,1943,0,0,0,,0,212T3,"LONG BEACH BL","STATE ST",15.00,S,N,A,-,N,,,,,,,,,,Y,3,0,3,3,A,-,05,21651,A,N,A,C,A,A,H,-,C,A,0,,,,,Y,Y,A,01,0,3,0,0,0,0,0,0,0,"- ","- ",,,"LOS ANGELES",LYNWOOD,-118.21459197998047,33.940128326416016
9392469,2021,2022-01-27,1976,2021-12-19,0026,547,1976,7,5,5,1976,0,0,0,,0,001,"E WHITTIER BL","NORWALK BL",93.00,,N,A,-,N,,,,,,,,,,Y,3,0,1,2,A,-,01,23152,A,F,A,C,A,A,H,-,C,A,0,,,,,Y,Y,-,"- ",0,1,0,0,0,0,0,0,0,"- ","- ",,,"LOS ANGELES",WHITTIER,-118.06402587890625,33.989913940429688
9392503,2021,2022-02-04,1934,2021-10-24,0335,798,IRWPD,7,5,1,1934,0,0,0,,0,001,"ARROW HWY","LIVE OAK AV",0.00,,Y,A,-,N,,,,,,,,,,Y,2,0,2,6,A,-,01,23152,A,N,F,E,A,A,H,-,C,A,0,,,,,Y,Y,A,01,2,0,0,0,0,0,0,0,0,"- ","- ",34.106849670410156,-117.9605712890625,"LOS ANGELES",IRWINDALE,-117.99111175537109,34.113185882568359
9395405,2021,2022-01-27,1942,2021-10-30,1545,38118,2079,6,5,7,1942,0,0,0,,0,27M142,"VERMONT AV","VENICE BL",192.00,N,N,A,-,N,,,,,,,,,,N,3,0,1,3,A,-,10,21952,,F,H,B,F,A,H,-,A,D,0,Y,Y,,,Y,Y,L,04,0,1,0,0,1,0,0,0,0,"- ","- ",,,"LOS ANGELES","LOS ANGELES",-118.29161071777344,34.044784545898438
9395910,2021,2022-02-02,1942,2021-12-30,2300,41952,0217,4,5,7,1942,0,0,0,B,0,2A46,GLENDALE,"SANTA YNEZ",0.00,,Y,A,-,N,,,,,,,,,,Y,3,0,1,2,A,-,09,21804,,F,D,-,A,B,H,-,C,A,0,,,,,Y,Y,A,01,0,1,0,0,0,0,0,0,0,"- ","- ",,,"LOS ANGELES","LOS ANGELES",-118.26171112060547,34.074378967285156
9395919,2021,2022-02-03,1942,2021-12-23,1855,34332,1309,4,5,7,1942,0,0,0,M,0,24T33,"PORTER ST","SANTA FE AV",17.00,W,N,C,E,N,,,,,,,,,,Y,4,0,1,2,A,-,08,22107,,F,B,C,A,B,H,-,C,A,0,,,,,Y,Y,-,99,0,0,1,0,0,0,0,0,0,"- ","- ",,,"LOS ANGELES","LOS ANGELES",-118.22998809814453,34.026641845703125
9396170,2021,2022-02-02,1942,2021-12-24,2150,40193,0237,5,5,7,1942,0,0,0,B,0,2A75,"W 2ND ST","BEAUDRY AV",0.00,,Y,A,-,N,,,,,,,,,,Y,4,0,3,2,A,-,01,23152,A,N,D,C,A,A,H,-,C,A,0,,,,,Y,Y,A,01,0,0,3,0,0,0,0,0,0,"- ","- ",,,"LOS ANGELES","LOS ANGELES",-118.25531005859375,34.057945251464844
9396172,2021,2022-02-02,1942,2021-12-18,2000,39759,0233,6,5,7,1942,0,0,0,B,0,24T32,"BENTON WY","COUNCIL ST",0.00,,Y,A,-,N,,,,,,,,,,N,4,0,2,3,A,-,09,21801,A,F,B,C,A,A,H,-,B,A,0,,,Y,,Y,Y,-,99,0,0,2,0,0,0,0,0,0,"- ","- ",,,"LOS ANGELES","LOS ANGELES",-118.27674102783203,34.071327209472656
9402549,2021,2022-02-28,1942,2021-12-26,2345,44126,1313,7,5,7,1942,0,0,0,M,0,13A13,"SAN PEDRO","16TH ST",0.00,,Y,A,-,N,,,,,,,,,,N,4,0,2,2,A,-,12,21453,A,F,D,C,A,A,H,-,C,A,0,,,,,Y,Y,A,01,0,0,2,0,0,0,0,0,0,"- ","- ",,,"LOS ANGELES","LOS ANGELES",-118.25595092773438,34.029872894287109
9404187,2021,2022-02-09,1972,2021-12-26,2325,22176,,7,5,6,1972,0,0,0,,0,,"TORRANCE BL","CRENSHAW BL",0.00,,Y,A,-,N,,,,,,,,,,Y,4,0,4,3,A,-,07,21658,A,N,H,C,A,A,H,-,C,A,0,,,,,Y,Y,A,,0,0,4,0,0,0,0,0,0,"- ","- ",,,"LOS ANGELES",TORRANCE,-118.32871246337891,33.836338043212891
9406126,2021,2022-02-17,1901,2021-12-04,0254,171,2,6,5,5,1901,0,0,0,,0,001,"MISSION RD","6TH ST",0.00,,Y,A,-,N,,,,,,,,,,N,4,0,1,2,A,-,01,23152,A,N,D,C,A,A,H,-,C,A,0,,,,,Y,Y,A,01,0,0,1,0,0,0,0,0,0,"- ","- ",34.086860656738281,-118.12959289550781,"LOS ANGELES",ALHAMBRA,-118.12955474853516,34.086868286132812
9406134,2021,2022-02-17,1944,2021-12-18,0100,373,M24,6,5,4,1944,0,0,0,,0,001,"6TH ST","HERRIN ST",190.00,W,N,A,-,N,,,,,,,,,,N,4,0,1,3,A,-,01,23152,A,N,A,E,A,A,H,-,C,A,0,,,,,Y,Y,A,01,0,0,1,0,0,0,0,0,0,"- ","- ",33.882820129394531,-118.38517761230469,"LOS ANGELES","MANHATTAN BEACH",-118.38580322265625,33.882793426513672
9412115,2021,2022-02-22,1942,2021-10-29,0830,31071,0646,5,5,7,1942,0,0,0,F,0,6A63,"CAHUENGA BL","SELMA AV",87.00,N,N,A,-,N,,,,,,,,,,Y,4,0,1,2,A,-,01,23152,A,N,C,C,A,A,-,-,A,A,0,,,,,Y,Y,A,01,0,0,1,0,0,0,0,0,0,"- ","- ",,,"LOS ANGELES","LOS ANGELES",-118.32952880859375,34.100009918212891
9419848,2021,2022-06-17,1942,2021-10-29,2350,44009,1444,5,5,7,1942,0,0,0,N,0,14A45W,"LINCOLN BL","JEFFERSON WY",0.00,,Y,A,-,Y,LA,7,1,-,-,31.580,H,-,S,Y,4,0,1,1,A,-,01,23152,A,N,E,I,A,A,B,-,C,D,0,,,,,Y,Y,A,07,0,0,1,0,0,0,0,0,0,"- ","- ",,,"LOS ANGELES","LOS ANGELES",-118.44573211669922,33.988147735595703
9421655,2021,2022-03-24,1900,2021-12-30,1536,645319,1331,4,5,5,1908,0,0,0,,0,133A,"FOSTER RD","CHARLEMAGNE AV",0.00,,Y,C,-,N,,,,,,,,,,Y,3,0,1,3,A,-,01,23152,A,N,D,C,A,B,H,-,B,A,0,,,,,Y,Y,A,07,0,1,0,0,0,0,0,0,0,"- ","- ",,,"LOS ANGELES",BELLFLOWER,-118.1297607421875,33.909751892089844
9423825,2021,2022-06-23,1942,2021-12-06,2200,42664,0809,1,5,7,1942,0,0,0,H,0,27T33,"COLDWATER CANYON DR","LANIA LN",84.00,S,N,B,-,N,,,,,,,,,,Y,4,0,1,2,A,-,01,23153,A,N,B,E,A,A,H,-,C,D,0,,,,,Y,Y,A,01,0,0,1,0,0,0,0,0,0,"- ","- ",,,"LOS ANGELES","LOS ANGELES",-118.40547943115234,34.10491943359375
9425908,2021,2022-03-25,1942,2021-11-29,2120,Y2938,0755,1,5,7,1942,0,0,0,G,0,7A73,"SAN VICENTE BL","REDONDO BL",30.00,W,N,A,-,N,,,,,,,,,,Y,4,0,3,2,A,-,01,23152,A,N,C,C,A,A,H,-,C,A,0,,,,,Y,Y,A,01,0,0,3,0,0,0,0,0,0,"- ","- ",,,"LOS ANGELES","LOS ANGELES",-118.34795379638672,34.05145263671875
9461097,2021,2022-06-30,1942,2021-12-19,0215,43425,2041,7,5,7,1942,0,0,0,,0,20A39,"OLYMPIC BL","NORTON AV",0.00,,Y,A,-,N,,,,,,,,,,Y,3,0,2,2,A,-,01,23152,A,N,D,C,A,A,H,-,C,A,0,,,,,Y,Y,A,07,0,1,1,0,0,0,0,0,0,"- ","- ",,,"LOS ANGELES","LOS ANGELES",-118.32070159912109,34.053840637207031
9504148,2021,2023-06-21,1905,2021-10-27,1852,2019,614,3,5,4,1905,0,0,0,,0,003,"W SIERRA MADRE AV","VERNON AV",165.00,W,N,A,-,N,,,,,,,,,,N,1,1,0,7,A,-,01,23152,A,N,B,E,A,A,H,-,C,D,0,,,Y,,Y,Y,C,02,0,0,0,0,0,0,0,1,0,"- ","- ",34.140449523925781,-117.91757202148438,"LOS ANGELES",AZUSA,-117.91859436035156,34.142677307128906